drug,speed_factor,peak_factor,speed,peak,n_weeks,gc,r0,failure_week,crossing_week,outcome
ciprofloxacin,0.7,0.7,0.126,0.644,8,0.35,0.045,8.0,7.252,within horizon
ciprofloxacin,0.7,0.7,0.126,0.644,8,0.5,0.02,8.0,7.422,within horizon
ciprofloxacin,0.7,0.7,0.126,0.644,8,0.65,0.045,8.0,7.252,within horizon
ciprofloxacin,0.7,0.7,0.126,0.644,12,0.35,0.045,10.0,9.052,within horizon
ciprofloxacin,0.7,0.7,0.126,0.644,12,0.5,0.02,10.0,9.222,within horizon
ciprofloxacin,0.7,0.7,0.126,0.644,12,0.65,0.045,10.0,9.052,within horizon
ciprofloxacin,0.7,0.7,0.126,0.644,26,0.35,0.045,16.0,15.352,within horizon
ciprofloxacin,0.7,0.7,0.126,0.644,26,0.5,0.02,16.0,15.522,within horizon
ciprofloxacin,0.7,0.7,0.126,0.644,26,0.65,0.045,16.0,15.352,within horizon
ciprofloxacin,0.7,0.7,0.126,0.644,52,0.35,0.045,28.0,27.052,within horizon
ciprofloxacin,0.7,0.7,0.126,0.644,52,0.5,0.02,28.0,27.222,within horizon
ciprofloxacin,0.7,0.7,0.126,0.644,52,0.65,0.045,28.0,27.052,within horizon
ciprofloxacin,0.7,0.8,0.126,0.736,8,0.35,0.045,6.0,5.684,within horizon
ciprofloxacin,0.7,0.8,0.126,0.736,8,0.5,0.02,6.0,5.854,within horizon
ciprofloxacin,0.7,0.8,0.126,0.736,8,0.65,0.045,6.0,5.684,within horizon
ciprofloxacin,0.7,0.8,0.126,0.736,12,0.35,0.045,8.0,7.484,within horizon
ciprofloxacin,0.7,0.8,0.126,0.736,12,0.5,0.02,8.0,7.654,within horizon
ciprofloxacin,0.7,0.8,0.126,0.736,12,0.65,0.045,8.0,7.484,within horizon
ciprofloxacin,0.7,0.8,0.126,0.736,26,0.35,0.045,14.0,13.784,within horizon
ciprofloxacin,0.7,0.8,0.126,0.736,26,0.5,0.02,14.0,13.954,within horizon
ciprofloxacin,0.7,0.8,0.126,0.736,26,0.65,0.045,14.0,13.784,within horizon
ciprofloxacin,0.7,0.8,0.126,0.736,52,0.35,0.045,26.0,25.484,within horizon
ciprofloxacin,0.7,0.8,0.126,0.736,52,0.5,0.02,26.0,25.654,within horizon
ciprofloxacin,0.7,0.8,0.126,0.736,52,0.65,0.045,26.0,25.484,within horizon
ciprofloxacin,0.7,0.9,0.126,0.828,8,0.35,0.045,5.0,4.639,within horizon
ciprofloxacin,0.7,0.9,0.126,0.828,8,0.5,0.02,5.0,4.809,within horizon
ciprofloxacin,0.7,0.9,0.126,0.828,8,0.65,0.045,5.0,4.639,within horizon
ciprofloxacin,0.7,0.9,0.126,0.828,12,0.35,0.045,7.0,6.439,within horizon
ciprofloxacin,0.7,0.9,0.126,0.828,12,0.5,0.02,7.0,6.609,within horizon
ciprofloxacin,0.7,0.9,0.126,0.828,12,0.65,0.045,7.0,6.439,within horizon
ciprofloxacin,0.7,0.9,0.126,0.828,26,0.35,0.045,13.0,12.739,within horizon
ciprofloxacin,0.7,0.9,0.126,0.828,26,0.5,0.02,13.0,12.909,within horizon
ciprofloxacin,0.7,0.9,0.126,0.828,26,0.65,0.045,13.0,12.739,within horizon
ciprofloxacin,0.7,0.9,0.126,0.828,52,0.35,0.045,25.0,24.439,within horizon
ciprofloxacin,0.7,0.9,0.126,0.828,52,0.5,0.02,25.0,24.609,within horizon
ciprofloxacin,0.7,0.9,0.126,0.828,52,0.65,0.045,25.0,24.439,within horizon
ciprofloxacin,0.7,1.0,0.126,0.92,8,0.35,0.045,4.0,3.854,within horizon
ciprofloxacin,0.7,1.0,0.126,0.92,8,0.5,0.02,5.0,4.024,within horizon
ciprofloxacin,0.7,1.0,0.126,0.92,8,0.65,0.045,4.0,3.854,within horizon
ciprofloxacin,0.7,1.0,0.126,0.92,12,0.35,0.045,6.0,5.654,within horizon
ciprofloxacin,0.7,1.0,0.126,0.92,12,0.5,0.02,6.0,5.824,within horizon
ciprofloxacin,0.7,1.0,0.126,0.92,12,0.65,0.045,6.0,5.654,within horizon
ciprofloxacin,0.7,1.0,0.126,0.92,26,0.35,0.045,12.0,11.954,within horizon
ciprofloxacin,0.7,1.0,0.126,0.92,26,0.5,0.02,13.0,12.124,within horizon
ciprofloxacin,0.7,1.0,0.126,0.92,26,0.65,0.045,12.0,11.954,within horizon
ciprofloxacin,0.7,1.0,0.126,0.92,52,0.35,0.045,24.0,23.654,within horizon
ciprofloxacin,0.7,1.0,0.126,0.92,52,0.5,0.02,24.0,23.824,within horizon
ciprofloxacin,0.7,1.0,0.126,0.92,52,0.65,0.045,24.0,23.654,within horizon
ciprofloxacin,0.7,1.1,0.126,1.0,8,0.35,0.045,4.0,3.301,within horizon
ciprofloxacin,0.7,1.1,0.126,1.0,8,0.5,0.02,4.0,3.47,within horizon
ciprofloxacin,0.7,1.1,0.126,1.0,8,0.65,0.045,4.0,3.301,within horizon
ciprofloxacin,0.7,1.1,0.126,1.0,12,0.35,0.045,6.0,5.101,within horizon
ciprofloxacin,0.7,1.1,0.126,1.0,12,0.5,0.02,6.0,5.27,within horizon
ciprofloxacin,0.7,1.1,0.126,1.0,12,0.65,0.045,6.0,5.101,within horizon
ciprofloxacin,0.7,1.1,0.126,1.0,26,0.35,0.045,12.0,11.401,within horizon
ciprofloxacin,0.7,1.1,0.126,1.0,26,0.5,0.02,12.0,11.57,within horizon
ciprofloxacin,0.7,1.1,0.126,1.0,26,0.65,0.045,12.0,11.401,within horizon
ciprofloxacin,0.7,1.1,0.126,1.0,52,0.35,0.045,24.0,23.101,within horizon
ciprofloxacin,0.7,1.1,0.126,1.0,52,0.5,0.02,24.0,23.27,within horizon
ciprofloxacin,0.7,1.1,0.126,1.0,52,0.65,0.045,24.0,23.101,within horizon
ciprofloxacin,0.7,1.2,0.126,1.0,8,0.35,0.045,4.0,3.301,within horizon
ciprofloxacin,0.7,1.2,0.126,1.0,8,0.5,0.02,4.0,3.47,within horizon
ciprofloxacin,0.7,1.2,0.126,1.0,8,0.65,0.045,4.0,3.301,within horizon
ciprofloxacin,0.7,1.2,0.126,1.0,12,0.35,0.045,6.0,5.101,within horizon
ciprofloxacin,0.7,1.2,0.126,1.0,12,0.5,0.02,6.0,5.27,within horizon
ciprofloxacin,0.7,1.2,0.126,1.0,12,0.65,0.045,6.0,5.101,within horizon
ciprofloxacin,0.7,1.2,0.126,1.0,26,0.35,0.045,12.0,11.401,within horizon
ciprofloxacin,0.7,1.2,0.126,1.0,26,0.5,0.02,12.0,11.57,within horizon
ciprofloxacin,0.7,1.2,0.126,1.0,26,0.65,0.045,12.0,11.401,within horizon
ciprofloxacin,0.7,1.2,0.126,1.0,52,0.35,0.045,24.0,23.101,within horizon
ciprofloxacin,0.7,1.2,0.126,1.0,52,0.5,0.02,24.0,23.27,within horizon
ciprofloxacin,0.7,1.2,0.126,1.0,52,0.65,0.045,24.0,23.101,within horizon
ciprofloxacin,0.7,1.3,0.126,1.0,8,0.35,0.045,4.0,3.301,within horizon
ciprofloxacin,0.7,1.3,0.126,1.0,8,0.5,0.02,4.0,3.47,within horizon
ciprofloxacin,0.7,1.3,0.126,1.0,8,0.65,0.045,4.0,3.301,within horizon
ciprofloxacin,0.7,1.3,0.126,1.0,12,0.35,0.045,6.0,5.101,within horizon
ciprofloxacin,0.7,1.3,0.126,1.0,12,0.5,0.02,6.0,5.27,within horizon
ciprofloxacin,0.7,1.3,0.126,1.0,12,0.65,0.045,6.0,5.101,within horizon
ciprofloxacin,0.7,1.3,0.126,1.0,26,0.35,0.045,12.0,11.401,within horizon
ciprofloxacin,0.7,1.3,0.126,1.0,26,0.5,0.02,12.0,11.57,within horizon
ciprofloxacin,0.7,1.3,0.126,1.0,26,0.65,0.045,12.0,11.401,within horizon
ciprofloxacin,0.7,1.3,0.126,1.0,52,0.35,0.045,24.0,23.101,within horizon
ciprofloxacin,0.7,1.3,0.126,1.0,52,0.5,0.02,24.0,23.27,within horizon
ciprofloxacin,0.7,1.3,0.126,1.0,52,0.65,0.045,24.0,23.101,within horizon
ciprofloxacin,0.8,0.7,0.144,0.644,8,0.35,0.045,7.0,6.796,within horizon
ciprofloxacin,0.8,0.7,0.144,0.644,8,0.5,0.02,7.0,6.944,within horizon
ciprofloxacin,0.8,0.7,0.144,0.644,8,0.65,0.045,7.0,6.796,within horizon
ciprofloxacin,0.8,0.7,0.144,0.644,12,0.35,0.045,9.0,8.596,within horizon
ciprofloxacin,0.8,0.7,0.144,0.644,12,0.5,0.02,9.0,8.744,within horizon
ciprofloxacin,0.8,0.7,0.144,0.644,12,0.65,0.045,9.0,8.596,within horizon
ciprofloxacin,0.8,0.7,0.144,0.644,26,0.35,0.045,15.0,14.896,within horizon
ciprofloxacin,0.8,0.7,0.144,0.644,26,0.5,0.02,16.0,15.044,within horizon
ciprofloxacin,0.8,0.7,0.144,0.644,26,0.65,0.045,15.0,14.896,within horizon
ciprofloxacin,0.8,0.7,0.144,0.644,52,0.35,0.045,27.0,26.596,within horizon
ciprofloxacin,0.8,0.7,0.144,0.644,52,0.5,0.02,27.0,26.744,within horizon
ciprofloxacin,0.8,0.7,0.144,0.644,52,0.65,0.045,27.0,26.596,within horizon
ciprofloxacin,0.8,0.8,0.144,0.736,8,0.35,0.045,6.0,5.424,within horizon
ciprofloxacin,0.8,0.8,0.144,0.736,8,0.5,0.02,6.0,5.572,within horizon
ciprofloxacin,0.8,0.8,0.144,0.736,8,0.65,0.045,6.0,5.424,within horizon
ciprofloxacin,0.8,0.8,0.144,0.736,12,0.35,0.045,8.0,7.224,within horizon
ciprofloxacin,0.8,0.8,0.144,0.736,12,0.5,0.02,8.0,7.372,within horizon
ciprofloxacin,0.8,0.8,0.144,0.736,12,0.65,0.045,8.0,7.224,within horizon
ciprofloxacin,0.8,0.8,0.144,0.736,26,0.35,0.045,14.0,13.524,within horizon
ciprofloxacin,0.8,0.8,0.144,0.736,26,0.5,0.02,14.0,13.672,within horizon
ciprofloxacin,0.8,0.8,0.144,0.736,26,0.65,0.045,14.0,13.524,within horizon
ciprofloxacin,0.8,0.8,0.144,0.736,52,0.35,0.045,26.0,25.224,within horizon
ciprofloxacin,0.8,0.8,0.144,0.736,52,0.5,0.02,26.0,25.372,within horizon
ciprofloxacin,0.8,0.8,0.144,0.736,52,0.65,0.045,26.0,25.224,within horizon
ciprofloxacin,0.8,0.9,0.144,0.828,8,0.35,0.045,5.0,4.509,within horizon
ciprofloxacin,0.8,0.9,0.144,0.828,8,0.5,0.02,5.0,4.658,within horizon
ciprofloxacin,0.8,0.9,0.144,0.828,8,0.65,0.045,5.0,4.509,within horizon
ciprofloxacin,0.8,0.9,0.144,0.828,12,0.35,0.045,7.0,6.309,within horizon
ciprofloxacin,0.8,0.9,0.144,0.828,12,0.5,0.02,7.0,6.458,within horizon
ciprofloxacin,0.8,0.9,0.144,0.828,12,0.65,0.045,7.0,6.309,within horizon
ciprofloxacin,0.8,0.9,0.144,0.828,26,0.35,0.045,13.0,12.609,within horizon
ciprofloxacin,0.8,0.9,0.144,0.828,26,0.5,0.02,13.0,12.758,within horizon
ciprofloxacin,0.8,0.9,0.144,0.828,26,0.65,0.045,13.0,12.609,within horizon
ciprofloxacin,0.8,0.9,0.144,0.828,52,0.35,0.045,25.0,24.309,within horizon
ciprofloxacin,0.8,0.9,0.144,0.828,52,0.5,0.02,25.0,24.458,within horizon
ciprofloxacin,0.8,0.9,0.144,0.828,52,0.65,0.045,25.0,24.309,within horizon
ciprofloxacin,0.8,1.0,0.144,0.92,8,0.35,0.045,4.0,3.822,within horizon
ciprofloxacin,0.8,1.0,0.144,0.92,8,0.5,0.02,4.0,3.971,within horizon
ciprofloxacin,0.8,1.0,0.144,0.92,8,0.65,0.045,4.0,3.822,within horizon
ciprofloxacin,0.8,1.0,0.144,0.92,12,0.35,0.045,6.0,5.622,within horizon
ciprofloxacin,0.8,1.0,0.144,0.92,12,0.5,0.02,6.0,5.771,within horizon
ciprofloxacin,0.8,1.0,0.144,0.92,12,0.65,0.045,6.0,5.622,within horizon
ciprofloxacin,0.8,1.0,0.144,0.92,26,0.35,0.045,12.0,11.922,within horizon
ciprofloxacin,0.8,1.0,0.144,0.92,26,0.5,0.02,13.0,12.071,within horizon
ciprofloxacin,0.8,1.0,0.144,0.92,26,0.65,0.045,12.0,11.922,within horizon
ciprofloxacin,0.8,1.0,0.144,0.92,52,0.35,0.045,24.0,23.622,within horizon
ciprofloxacin,0.8,1.0,0.144,0.92,52,0.5,0.02,24.0,23.771,within horizon
ciprofloxacin,0.8,1.0,0.144,0.92,52,0.65,0.045,24.0,23.622,within horizon
ciprofloxacin,0.8,1.1,0.144,1.0,8,0.35,0.045,4.0,3.338,within horizon
ciprofloxacin,0.8,1.1,0.144,1.0,8,0.5,0.02,4.0,3.487,within horizon
ciprofloxacin,0.8,1.1,0.144,1.0,8,0.65,0.045,4.0,3.338,within horizon
ciprofloxacin,0.8,1.1,0.144,1.0,12,0.35,0.045,6.0,5.138,within horizon
ciprofloxacin,0.8,1.1,0.144,1.0,12,0.5,0.02,6.0,5.287,within horizon
ciprofloxacin,0.8,1.1,0.144,1.0,12,0.65,0.045,6.0,5.138,within horizon
ciprofloxacin,0.8,1.1,0.144,1.0,26,0.35,0.045,12.0,11.438,within horizon
ciprofloxacin,0.8,1.1,0.144,1.0,26,0.5,0.02,12.0,11.587,within horizon
ciprofloxacin,0.8,1.1,0.144,1.0,26,0.65,0.045,12.0,11.438,within horizon
ciprofloxacin,0.8,1.1,0.144,1.0,52,0.35,0.045,24.0,23.138,within horizon
ciprofloxacin,0.8,1.1,0.144,1.0,52,0.5,0.02,24.0,23.287,within horizon
ciprofloxacin,0.8,1.1,0.144,1.0,52,0.65,0.045,24.0,23.138,within horizon
ciprofloxacin,0.8,1.2,0.144,1.0,8,0.35,0.045,4.0,3.338,within horizon
ciprofloxacin,0.8,1.2,0.144,1.0,8,0.5,0.02,4.0,3.487,within horizon
ciprofloxacin,0.8,1.2,0.144,1.0,8,0.65,0.045,4.0,3.338,within horizon
ciprofloxacin,0.8,1.2,0.144,1.0,12,0.35,0.045,6.0,5.138,within horizon
ciprofloxacin,0.8,1.2,0.144,1.0,12,0.5,0.02,6.0,5.287,within horizon
ciprofloxacin,0.8,1.2,0.144,1.0,12,0.65,0.045,6.0,5.138,within horizon
ciprofloxacin,0.8,1.2,0.144,1.0,26,0.35,0.045,12.0,11.438,within horizon
ciprofloxacin,0.8,1.2,0.144,1.0,26,0.5,0.02,12.0,11.587,within horizon
ciprofloxacin,0.8,1.2,0.144,1.0,26,0.65,0.045,12.0,11.438,within horizon
ciprofloxacin,0.8,1.2,0.144,1.0,52,0.35,0.045,24.0,23.138,within horizon
ciprofloxacin,0.8,1.2,0.144,1.0,52,0.5,0.02,24.0,23.287,within horizon
ciprofloxacin,0.8,1.2,0.144,1.0,52,0.65,0.045,24.0,23.138,within horizon
ciprofloxacin,0.8,1.3,0.144,1.0,8,0.35,0.045,4.0,3.338,within horizon
ciprofloxacin,0.8,1.3,0.144,1.0,8,0.5,0.02,4.0,3.487,within horizon
ciprofloxacin,0.8,1.3,0.144,1.0,8,0.65,0.045,4.0,3.338,within horizon
ciprofloxacin,0.8,1.3,0.144,1.0,12,0.35,0.045,6.0,5.138,within horizon
ciprofloxacin,0.8,1.3,0.144,1.0,12,0.5,0.02,6.0,5.287,within horizon
ciprofloxacin,0.8,1.3,0.144,1.0,12,0.65,0.045,6.0,5.138,within horizon
ciprofloxacin,0.8,1.3,0.144,1.0,26,0.35,0.045,12.0,11.438,within horizon
ciprofloxacin,0.8,1.3,0.144,1.0,26,0.5,0.02,12.0,11.587,within horizon
ciprofloxacin,0.8,1.3,0.144,1.0,26,0.65,0.045,12.0,11.438,within horizon
ciprofloxacin,0.8,1.3,0.144,1.0,52,0.35,0.045,24.0,23.138,within horizon
ciprofloxacin,0.8,1.3,0.144,1.0,52,0.5,0.02,24.0,23.287,within horizon
ciprofloxacin,0.8,1.3,0.144,1.0,52,0.65,0.045,24.0,23.138,within horizon
ciprofloxacin,0.9,0.7,0.162,0.644,8,0.35,0.045,7.0,6.441,within horizon
ciprofloxacin,0.9,0.7,0.162,0.644,8,0.5,0.02,7.0,6.573,within horizon
ciprofloxacin,0.9,0.7,0.162,0.644,8,0.65,0.045,7.0,6.441,within horizon
ciprofloxacin,0.9,0.7,0.162,0.644,12,0.35,0.045,9.0,8.241,within horizon
ciprofloxacin,0.9,0.7,0.162,0.644,12,0.5,0.02,9.0,8.373,within horizon
ciprofloxacin,0.9,0.7,0.162,0.644,12,0.65,0.045,9.0,8.241,within horizon
ciprofloxacin,0.9,0.7,0.162,0.644,26,0.35,0.045,15.0,14.541,within horizon
ciprofloxacin,0.9,0.7,0.162,0.644,26,0.5,0.02,15.0,14.673,within horizon
ciprofloxacin,0.9,0.7,0.162,0.644,26,0.65,0.045,15.0,14.541,within horizon
ciprofloxacin,0.9,0.7,0.162,0.644,52,0.35,0.045,27.0,26.241,within horizon
ciprofloxacin,0.9,0.7,0.162,0.644,52,0.5,0.02,27.0,26.373,within horizon
ciprofloxacin,0.9,0.7,0.162,0.644,52,0.65,0.045,27.0,26.241,within horizon
ciprofloxacin,0.9,0.8,0.162,0.736,8,0.35,0.045,6.0,5.221,within horizon
ciprofloxacin,0.9,0.8,0.162,0.736,8,0.5,0.02,6.0,5.353,within horizon
ciprofloxacin,0.9,0.8,0.162,0.736,8,0.65,0.045,6.0,5.221,within horizon
ciprofloxacin,0.9,0.8,0.162,0.736,12,0.35,0.045,8.0,7.021,within horizon
ciprofloxacin,0.9,0.8,0.162,0.736,12,0.5,0.02,8.0,7.153,within horizon
ciprofloxacin,0.9,0.8,0.162,0.736,12,0.65,0.045,8.0,7.021,within horizon
ciprofloxacin,0.9,0.8,0.162,0.736,26,0.35,0.045,14.0,13.321,within horizon
ciprofloxacin,0.9,0.8,0.162,0.736,26,0.5,0.02,14.0,13.453,within horizon
ciprofloxacin,0.9,0.8,0.162,0.736,26,0.65,0.045,14.0,13.321,within horizon
ciprofloxacin,0.9,0.8,0.162,0.736,52,0.35,0.045,26.0,25.021,within horizon
ciprofloxacin,0.9,0.8,0.162,0.736,52,0.5,0.02,26.0,25.153,within horizon
ciprofloxacin,0.9,0.8,0.162,0.736,52,0.65,0.045,26.0,25.021,within horizon
ciprofloxacin,0.9,0.9,0.162,0.828,8,0.35,0.045,5.0,4.408,within horizon
ciprofloxacin,0.9,0.9,0.162,0.828,8,0.5,0.02,5.0,4.54,within horizon
ciprofloxacin,0.9,0.9,0.162,0.828,8,0.65,0.045,5.0,4.408,within horizon
ciprofloxacin,0.9,0.9,0.162,0.828,12,0.35,0.045,7.0,6.208,within horizon
ciprofloxacin,0.9,0.9,0.162,0.828,12,0.5,0.02,7.0,6.34,within horizon
ciprofloxacin,0.9,0.9,0.162,0.828,12,0.65,0.045,7.0,6.208,within horizon
ciprofloxacin,0.9,0.9,0.162,0.828,26,0.35,0.045,13.0,12.508,within horizon
ciprofloxacin,0.9,0.9,0.162,0.828,26,0.5,0.02,13.0,12.64,within horizon
ciprofloxacin,0.9,0.9,0.162,0.828,26,0.65,0.045,13.0,12.508,within horizon
ciprofloxacin,0.9,0.9,0.162,0.828,52,0.35,0.045,25.0,24.208,within horizon
ciprofloxacin,0.9,0.9,0.162,0.828,52,0.5,0.02,25.0,24.34,within horizon
ciprofloxacin,0.9,0.9,0.162,0.828,52,0.65,0.045,25.0,24.208,within horizon
ciprofloxacin,0.9,1.0,0.162,0.92,8,0.35,0.045,4.0,3.798,within horizon
ciprofloxacin,0.9,1.0,0.162,0.92,8,0.5,0.02,4.0,3.93,within horizon
ciprofloxacin,0.9,1.0,0.162,0.92,8,0.65,0.045,4.0,3.798,within horizon
ciprofloxacin,0.9,1.0,0.162,0.92,12,0.35,0.045,6.0,5.598,within horizon
ciprofloxacin,0.9,1.0,0.162,0.92,12,0.5,0.02,6.0,5.73,within horizon
ciprofloxacin,0.9,1.0,0.162,0.92,12,0.65,0.045,6.0,5.598,within horizon
ciprofloxacin,0.9,1.0,0.162,0.92,26,0.35,0.045,12.0,11.898,within horizon
ciprofloxacin,0.9,1.0,0.162,0.92,26,0.5,0.02,13.0,12.03,within horizon
ciprofloxacin,0.9,1.0,0.162,0.92,26,0.65,0.045,12.0,11.898,within horizon
ciprofloxacin,0.9,1.0,0.162,0.92,52,0.35,0.045,24.0,23.598,within horizon
ciprofloxacin,0.9,1.0,0.162,0.92,52,0.5,0.02,24.0,23.73,within horizon
ciprofloxacin,0.9,1.0,0.162,0.92,52,0.65,0.045,24.0,23.598,within horizon
ciprofloxacin,0.9,1.1,0.162,1.0,8,0.35,0.045,4.0,3.367,within horizon
ciprofloxacin,0.9,1.1,0.162,1.0,8,0.5,0.02,4.0,3.499,within horizon
ciprofloxacin,0.9,1.1,0.162,1.0,8,0.65,0.045,4.0,3.367,within horizon
ciprofloxacin,0.9,1.1,0.162,1.0,12,0.35,0.045,6.0,5.167,within horizon
ciprofloxacin,0.9,1.1,0.162,1.0,12,0.5,0.02,6.0,5.299,within horizon
ciprofloxacin,0.9,1.1,0.162,1.0,12,0.65,0.045,6.0,5.167,within horizon
ciprofloxacin,0.9,1.1,0.162,1.0,26,0.35,0.045,12.0,11.467,within horizon
ciprofloxacin,0.9,1.1,0.162,1.0,26,0.5,0.02,12.0,11.599,within horizon
ciprofloxacin,0.9,1.1,0.162,1.0,26,0.65,0.045,12.0,11.467,within horizon
ciprofloxacin,0.9,1.1,0.162,1.0,52,0.35,0.045,24.0,23.167,within horizon
ciprofloxacin,0.9,1.1,0.162,1.0,52,0.5,0.02,24.0,23.299,within horizon
ciprofloxacin,0.9,1.1,0.162,1.0,52,0.65,0.045,24.0,23.167,within horizon
ciprofloxacin,0.9,1.2,0.162,1.0,8,0.35,0.045,4.0,3.367,within horizon
ciprofloxacin,0.9,1.2,0.162,1.0,8,0.5,0.02,4.0,3.499,within horizon
ciprofloxacin,0.9,1.2,0.162,1.0,8,0.65,0.045,4.0,3.367,within horizon
ciprofloxacin,0.9,1.2,0.162,1.0,12,0.35,0.045,6.0,5.167,within horizon
ciprofloxacin,0.9,1.2,0.162,1.0,12,0.5,0.02,6.0,5.299,within horizon
ciprofloxacin,0.9,1.2,0.162,1.0,12,0.65,0.045,6.0,5.167,within horizon
ciprofloxacin,0.9,1.2,0.162,1.0,26,0.35,0.045,12.0,11.467,within horizon
ciprofloxacin,0.9,1.2,0.162,1.0,26,0.5,0.02,12.0,11.599,within horizon
ciprofloxacin,0.9,1.2,0.162,1.0,26,0.65,0.045,12.0,11.467,within horizon
ciprofloxacin,0.9,1.2,0.162,1.0,52,0.35,0.045,24.0,23.167,within horizon
ciprofloxacin,0.9,1.2,0.162,1.0,52,0.5,0.02,24.0,23.299,within horizon
ciprofloxacin,0.9,1.2,0.162,1.0,52,0.65,0.045,24.0,23.167,within horizon
ciprofloxacin,0.9,1.3,0.162,1.0,8,0.35,0.045,4.0,3.367,within horizon
ciprofloxacin,0.9,1.3,0.162,1.0,8,0.5,0.02,4.0,3.499,within horizon
ciprofloxacin,0.9,1.3,0.162,1.0,8,0.65,0.045,4.0,3.367,within horizon
ciprofloxacin,0.9,1.3,0.162,1.0,12,0.35,0.045,6.0,5.167,within horizon
ciprofloxacin,0.9,1.3,0.162,1.0,12,0.5,0.02,6.0,5.299,within horizon
ciprofloxacin,0.9,1.3,0.162,1.0,12,0.65,0.045,6.0,5.167,within horizon
ciprofloxacin,0.9,1.3,0.162,1.0,26,0.35,0.045,12.0,11.467,within horizon
ciprofloxacin,0.9,1.3,0.162,1.0,26,0.5,0.02,12.0,11.599,within horizon
ciprofloxacin,0.9,1.3,0.162,1.0,26,0.65,0.045,12.0,11.467,within horizon
ciprofloxacin,0.9,1.3,0.162,1.0,52,0.35,0.045,24.0,23.167,within horizon
ciprofloxacin,0.9,1.3,0.162,1.0,52,0.5,0.02,24.0,23.299,within horizon
ciprofloxacin,0.9,1.3,0.162,1.0,52,0.65,0.045,24.0,23.167,within horizon
ciprofloxacin,1.0,0.7,0.18,0.644,8,0.35,0.045,7.0,6.157,within horizon
ciprofloxacin,1.0,0.7,0.18,0.644,8,0.5,0.02,7.0,6.275,within horizon
ciprofloxacin,1.0,0.7,0.18,0.644,8,0.65,0.045,7.0,6.157,within horizon
ciprofloxacin,1.0,0.7,0.18,0.644,12,0.35,0.045,8.0,7.957,within horizon
ciprofloxacin,1.0,0.7,0.18,0.644,12,0.5,0.02,9.0,8.075,within horizon
ciprofloxacin,1.0,0.7,0.18,0.644,12,0.65,0.045,8.0,7.957,within horizon
ciprofloxacin,1.0,0.7,0.18,0.644,26,0.35,0.045,15.0,14.257,within horizon
ciprofloxacin,1.0,0.7,0.18,0.644,26,0.5,0.02,15.0,14.375,within horizon
ciprofloxacin,1.0,0.7,0.18,0.644,26,0.65,0.045,15.0,14.257,within horizon
ciprofloxacin,1.0,0.7,0.18,0.644,52,0.35,0.045,26.0,25.957,within horizon
ciprofloxacin,1.0,0.7,0.18,0.644,52,0.5,0.02,27.0,26.075,within horizon
ciprofloxacin,1.0,0.7,0.18,0.644,52,0.65,0.045,26.0,25.957,within horizon
ciprofloxacin,1.0,0.8,0.18,0.736,8,0.35,0.045,6.0,5.059,within horizon
ciprofloxacin,1.0,0.8,0.18,0.736,8,0.5,0.02,6.0,5.178,within horizon
ciprofloxacin,1.0,0.8,0.18,0.736,8,0.65,0.045,6.0,5.059,within horizon
ciprofloxacin,1.0,0.8,0.18,0.736,12,0.35,0.045,7.0,6.859,within horizon
ciprofloxacin,1.0,0.8,0.18,0.736,12,0.5,0.02,7.0,6.978,within horizon
ciprofloxacin,1.0,0.8,0.18,0.736,12,0.65,0.045,7.0,6.859,within horizon
ciprofloxacin,1.0,0.8,0.18,0.736,26,0.35,0.045,14.0,13.159,within horizon
ciprofloxacin,1.0,0.8,0.18,0.736,26,0.5,0.02,14.0,13.278,within horizon
ciprofloxacin,1.0,0.8,0.18,0.736,26,0.65,0.045,14.0,13.159,within horizon
ciprofloxacin,1.0,0.8,0.18,0.736,52,0.35,0.045,25.0,24.859,within horizon
ciprofloxacin,1.0,0.8,0.18,0.736,52,0.5,0.02,25.0,24.978,within horizon
ciprofloxacin,1.0,0.8,0.18,0.736,52,0.65,0.045,25.0,24.859,within horizon
ciprofloxacin,1.0,0.9,0.18,0.828,8,0.35,0.045,5.0,4.327,within horizon
ciprofloxacin,1.0,0.9,0.18,0.828,8,0.5,0.02,5.0,4.446,within horizon
ciprofloxacin,1.0,0.9,0.18,0.828,8,0.65,0.045,5.0,4.327,within horizon
ciprofloxacin,1.0,0.9,0.18,0.828,12,0.35,0.045,7.0,6.127,within horizon
ciprofloxacin,1.0,0.9,0.18,0.828,12,0.5,0.02,7.0,6.246,within horizon
ciprofloxacin,1.0,0.9,0.18,0.828,12,0.65,0.045,7.0,6.127,within horizon
ciprofloxacin,1.0,0.9,0.18,0.828,26,0.35,0.045,13.0,12.427,within horizon
ciprofloxacin,1.0,0.9,0.18,0.828,26,0.5,0.02,13.0,12.546,within horizon
ciprofloxacin,1.0,0.9,0.18,0.828,26,0.65,0.045,13.0,12.427,within horizon
ciprofloxacin,1.0,0.9,0.18,0.828,52,0.35,0.045,25.0,24.127,within horizon
ciprofloxacin,1.0,0.9,0.18,0.828,52,0.5,0.02,25.0,24.246,within horizon
ciprofloxacin,1.0,0.9,0.18,0.828,52,0.65,0.045,25.0,24.127,within horizon
ciprofloxacin,1.0,1.0,0.18,0.92,8,0.35,0.045,4.0,3.778,within horizon
ciprofloxacin,1.0,1.0,0.18,0.92,8,0.5,0.02,4.0,3.897,within horizon
ciprofloxacin,1.0,1.0,0.18,0.92,8,0.65,0.045,4.0,3.778,within horizon
ciprofloxacin,1.0,1.0,0.18,0.92,12,0.35,0.045,6.0,5.578,within horizon
ciprofloxacin,1.0,1.0,0.18,0.92,12,0.5,0.02,6.0,5.697,within horizon
ciprofloxacin,1.0,1.0,0.18,0.92,12,0.65,0.045,6.0,5.578,within horizon
ciprofloxacin,1.0,1.0,0.18,0.92,26,0.35,0.045,12.0,11.878,within horizon
ciprofloxacin,1.0,1.0,0.18,0.92,26,0.5,0.02,12.0,11.997,within horizon
ciprofloxacin,1.0,1.0,0.18,0.92,26,0.65,0.045,12.0,11.878,within horizon
ciprofloxacin,1.0,1.0,0.18,0.92,52,0.35,0.045,24.0,23.578,within horizon
ciprofloxacin,1.0,1.0,0.18,0.92,52,0.5,0.02,24.0,23.697,within horizon
ciprofloxacin,1.0,1.0,0.18,0.92,52,0.65,0.045,24.0,23.578,within horizon
ciprofloxacin,1.0,1.1,0.18,1.0,8,0.35,0.045,4.0,3.39,within horizon
ciprofloxacin,1.0,1.1,0.18,1.0,8,0.5,0.02,4.0,3.509,within horizon
ciprofloxacin,1.0,1.1,0.18,1.0,8,0.65,0.045,4.0,3.39,within horizon
ciprofloxacin,1.0,1.1,0.18,1.0,12,0.35,0.045,6.0,5.19,within horizon
ciprofloxacin,1.0,1.1,0.18,1.0,12,0.5,0.02,6.0,5.309,within horizon
ciprofloxacin,1.0,1.1,0.18,1.0,12,0.65,0.045,6.0,5.19,within horizon
ciprofloxacin,1.0,1.1,0.18,1.0,26,0.35,0.045,12.0,11.49,within horizon
ciprofloxacin,1.0,1.1,0.18,1.0,26,0.5,0.02,12.0,11.609,within horizon
ciprofloxacin,1.0,1.1,0.18,1.0,26,0.65,0.045,12.0,11.49,within horizon
ciprofloxacin,1.0,1.1,0.18,1.0,52,0.35,0.045,24.0,23.19,within horizon
ciprofloxacin,1.0,1.1,0.18,1.0,52,0.5,0.02,24.0,23.309,within horizon
ciprofloxacin,1.0,1.1,0.18,1.0,52,0.65,0.045,24.0,23.19,within horizon
ciprofloxacin,1.0,1.2,0.18,1.0,8,0.35,0.045,4.0,3.39,within horizon
ciprofloxacin,1.0,1.2,0.18,1.0,8,0.5,0.02,4.0,3.509,within horizon
ciprofloxacin,1.0,1.2,0.18,1.0,8,0.65,0.045,4.0,3.39,within horizon
ciprofloxacin,1.0,1.2,0.18,1.0,12,0.35,0.045,6.0,5.19,within horizon
ciprofloxacin,1.0,1.2,0.18,1.0,12,0.5,0.02,6.0,5.309,within horizon
ciprofloxacin,1.0,1.2,0.18,1.0,12,0.65,0.045,6.0,5.19,within horizon
ciprofloxacin,1.0,1.2,0.18,1.0,26,0.35,0.045,12.0,11.49,within horizon
ciprofloxacin,1.0,1.2,0.18,1.0,26,0.5,0.02,12.0,11.609,within horizon
ciprofloxacin,1.0,1.2,0.18,1.0,26,0.65,0.045,12.0,11.49,within horizon
ciprofloxacin,1.0,1.2,0.18,1.0,52,0.35,0.045,24.0,23.19,within horizon
ciprofloxacin,1.0,1.2,0.18,1.0,52,0.5,0.02,24.0,23.309,within horizon
ciprofloxacin,1.0,1.2,0.18,1.0,52,0.65,0.045,24.0,23.19,within horizon
ciprofloxacin,1.0,1.3,0.18,1.0,8,0.35,0.045,4.0,3.39,within horizon
ciprofloxacin,1.0,1.3,0.18,1.0,8,0.5,0.02,4.0,3.509,within horizon
ciprofloxacin,1.0,1.3,0.18,1.0,8,0.65,0.045,4.0,3.39,within horizon
ciprofloxacin,1.0,1.3,0.18,1.0,12,0.35,0.045,6.0,5.19,within horizon
ciprofloxacin,1.0,1.3,0.18,1.0,12,0.5,0.02,6.0,5.309,within horizon
ciprofloxacin,1.0,1.3,0.18,1.0,12,0.65,0.045,6.0,5.19,within horizon
ciprofloxacin,1.0,1.3,0.18,1.0,26,0.35,0.045,12.0,11.49,within horizon
ciprofloxacin,1.0,1.3,0.18,1.0,26,0.5,0.02,12.0,11.609,within horizon
ciprofloxacin,1.0,1.3,0.18,1.0,26,0.65,0.045,12.0,11.49,within horizon
ciprofloxacin,1.0,1.3,0.18,1.0,52,0.35,0.045,24.0,23.19,within horizon
ciprofloxacin,1.0,1.3,0.18,1.0,52,0.5,0.02,24.0,23.309,within horizon
ciprofloxacin,1.0,1.3,0.18,1.0,52,0.65,0.045,24.0,23.19,within horizon
ciprofloxacin,1.1,0.7,0.198,0.644,8,0.35,0.045,6.0,5.924,within horizon
ciprofloxacin,1.1,0.7,0.198,0.644,8,0.5,0.02,7.0,6.032,within horizon
ciprofloxacin,1.1,0.7,0.198,0.644,8,0.65,0.045,6.0,5.924,within horizon
ciprofloxacin,1.1,0.7,0.198,0.644,12,0.35,0.045,8.0,7.724,within horizon
ciprofloxacin,1.1,0.7,0.198,0.644,12,0.5,0.02,8.0,7.832,within horizon
ciprofloxacin,1.1,0.7,0.198,0.644,12,0.65,0.045,8.0,7.724,within horizon
ciprofloxacin,1.1,0.7,0.198,0.644,26,0.35,0.045,15.0,14.024,within horizon
ciprofloxacin,1.1,0.7,0.198,0.644,26,0.5,0.02,15.0,14.132,within horizon
ciprofloxacin,1.1,0.7,0.198,0.644,26,0.65,0.045,15.0,14.024,within horizon
ciprofloxacin,1.1,0.7,0.198,0.644,52,0.35,0.045,26.0,25.724,within horizon
ciprofloxacin,1.1,0.7,0.198,0.644,52,0.5,0.02,26.0,25.832,within horizon
ciprofloxacin,1.1,0.7,0.198,0.644,52,0.65,0.045,26.0,25.724,within horizon
ciprofloxacin,1.1,0.8,0.198,0.736,8,0.35,0.045,5.0,4.926,within horizon
ciprofloxacin,1.1,0.8,0.198,0.736,8,0.5,0.02,6.0,5.034,within horizon
ciprofloxacin,1.1,0.8,0.198,0.736,8,0.65,0.045,5.0,4.926,within horizon
ciprofloxacin,1.1,0.8,0.198,0.736,12,0.35,0.045,7.0,6.726,within horizon
ciprofloxacin,1.1,0.8,0.198,0.736,12,0.5,0.02,7.0,6.834,within horizon
ciprofloxacin,1.1,0.8,0.198,0.736,12,0.65,0.045,7.0,6.726,within horizon
ciprofloxacin,1.1,0.8,0.198,0.736,26,0.35,0.045,14.0,13.026,within horizon
ciprofloxacin,1.1,0.8,0.198,0.736,26,0.5,0.02,14.0,13.134,within horizon
ciprofloxacin,1.1,0.8,0.198,0.736,26,0.65,0.045,14.0,13.026,within horizon
ciprofloxacin,1.1,0.8,0.198,0.736,52,0.35,0.045,25.0,24.726,within horizon
ciprofloxacin,1.1,0.8,0.198,0.736,52,0.5,0.02,25.0,24.834,within horizon
ciprofloxacin,1.1,0.8,0.198,0.736,52,0.65,0.045,25.0,24.726,within horizon
ciprofloxacin,1.1,0.9,0.198,0.828,8,0.35,0.045,5.0,4.261,within horizon
ciprofloxacin,1.1,0.9,0.198,0.828,8,0.5,0.02,5.0,4.369,within horizon
ciprofloxacin,1.1,0.9,0.198,0.828,8,0.65,0.045,5.0,4.261,within horizon
ciprofloxacin,1.1,0.9,0.198,0.828,12,0.35,0.045,7.0,6.061,within horizon
ciprofloxacin,1.1,0.9,0.198,0.828,12,0.5,0.02,7.0,6.169,within horizon
ciprofloxacin,1.1,0.9,0.198,0.828,12,0.65,0.045,7.0,6.061,within horizon
ciprofloxacin,1.1,0.9,0.198,0.828,26,0.35,0.045,13.0,12.361,within horizon
ciprofloxacin,1.1,0.9,0.198,0.828,26,0.5,0.02,13.0,12.469,within horizon
ciprofloxacin,1.1,0.9,0.198,0.828,26,0.65,0.045,13.0,12.361,within horizon
ciprofloxacin,1.1,0.9,0.198,0.828,52,0.35,0.045,25.0,24.061,within horizon
ciprofloxacin,1.1,0.9,0.198,0.828,52,0.5,0.02,25.0,24.169,within horizon
ciprofloxacin,1.1,0.9,0.198,0.828,52,0.65,0.045,25.0,24.061,within horizon
ciprofloxacin,1.1,1.0,0.198,0.92,8,0.35,0.045,4.0,3.762,within horizon
ciprofloxacin,1.1,1.0,0.198,0.92,8,0.5,0.02,4.0,3.87,within horizon
ciprofloxacin,1.1,1.0,0.198,0.92,8,0.65,0.045,4.0,3.762,within horizon
ciprofloxacin,1.1,1.0,0.198,0.92,12,0.35,0.045,6.0,5.562,within horizon
ciprofloxacin,1.1,1.0,0.198,0.92,12,0.5,0.02,6.0,5.67,within horizon
ciprofloxacin,1.1,1.0,0.198,0.92,12,0.65,0.045,6.0,5.562,within horizon
ciprofloxacin,1.1,1.0,0.198,0.92,26,0.35,0.045,12.0,11.862,within horizon
ciprofloxacin,1.1,1.0,0.198,0.92,26,0.5,0.02,12.0,11.97,within horizon
ciprofloxacin,1.1,1.0,0.198,0.92,26,0.65,0.045,12.0,11.862,within horizon
ciprofloxacin,1.1,1.0,0.198,0.92,52,0.35,0.045,24.0,23.562,within horizon
ciprofloxacin,1.1,1.0,0.198,0.92,52,0.5,0.02,24.0,23.67,within horizon
ciprofloxacin,1.1,1.0,0.198,0.92,52,0.65,0.045,24.0,23.562,within horizon
ciprofloxacin,1.1,1.1,0.198,1.0,8,0.35,0.045,4.0,3.409,within horizon
ciprofloxacin,1.1,1.1,0.198,1.0,8,0.5,0.02,4.0,3.518,within horizon
ciprofloxacin,1.1,1.1,0.198,1.0,8,0.65,0.045,4.0,3.409,within horizon
ciprofloxacin,1.1,1.1,0.198,1.0,12,0.35,0.045,6.0,5.209,within horizon
ciprofloxacin,1.1,1.1,0.198,1.0,12,0.5,0.02,6.0,5.318,within horizon
ciprofloxacin,1.1,1.1,0.198,1.0,12,0.65,0.045,6.0,5.209,within horizon
ciprofloxacin,1.1,1.1,0.198,1.0,26,0.35,0.045,12.0,11.509,within horizon
ciprofloxacin,1.1,1.1,0.198,1.0,26,0.5,0.02,12.0,11.618,within horizon
ciprofloxacin,1.1,1.1,0.198,1.0,26,0.65,0.045,12.0,11.509,within horizon
ciprofloxacin,1.1,1.1,0.198,1.0,52,0.35,0.045,24.0,23.209,within horizon
ciprofloxacin,1.1,1.1,0.198,1.0,52,0.5,0.02,24.0,23.318,within horizon
ciprofloxacin,1.1,1.1,0.198,1.0,52,0.65,0.045,24.0,23.209,within horizon
ciprofloxacin,1.1,1.2,0.198,1.0,8,0.35,0.045,4.0,3.409,within horizon
ciprofloxacin,1.1,1.2,0.198,1.0,8,0.5,0.02,4.0,3.518,within horizon
ciprofloxacin,1.1,1.2,0.198,1.0,8,0.65,0.045,4.0,3.409,within horizon
ciprofloxacin,1.1,1.2,0.198,1.0,12,0.35,0.045,6.0,5.209,within horizon
ciprofloxacin,1.1,1.2,0.198,1.0,12,0.5,0.02,6.0,5.318,within horizon
ciprofloxacin,1.1,1.2,0.198,1.0,12,0.65,0.045,6.0,5.209,within horizon
ciprofloxacin,1.1,1.2,0.198,1.0,26,0.35,0.045,12.0,11.509,within horizon
ciprofloxacin,1.1,1.2,0.198,1.0,26,0.5,0.02,12.0,11.618,within horizon
ciprofloxacin,1.1,1.2,0.198,1.0,26,0.65,0.045,12.0,11.509,within horizon
ciprofloxacin,1.1,1.2,0.198,1.0,52,0.35,0.045,24.0,23.209,within horizon
ciprofloxacin,1.1,1.2,0.198,1.0,52,0.5,0.02,24.0,23.318,within horizon
ciprofloxacin,1.1,1.2,0.198,1.0,52,0.65,0.045,24.0,23.209,within horizon
ciprofloxacin,1.1,1.3,0.198,1.0,8,0.35,0.045,4.0,3.409,within horizon
ciprofloxacin,1.1,1.3,0.198,1.0,8,0.5,0.02,4.0,3.518,within horizon
ciprofloxacin,1.1,1.3,0.198,1.0,8,0.65,0.045,4.0,3.409,within horizon
ciprofloxacin,1.1,1.3,0.198,1.0,12,0.35,0.045,6.0,5.209,within horizon
ciprofloxacin,1.1,1.3,0.198,1.0,12,0.5,0.02,6.0,5.318,within horizon
ciprofloxacin,1.1,1.3,0.198,1.0,12,0.65,0.045,6.0,5.209,within horizon
ciprofloxacin,1.1,1.3,0.198,1.0,26,0.35,0.045,12.0,11.509,within horizon
ciprofloxacin,1.1,1.3,0.198,1.0,26,0.5,0.02,12.0,11.618,within horizon
ciprofloxacin,1.1,1.3,0.198,1.0,26,0.65,0.045,12.0,11.509,within horizon
ciprofloxacin,1.1,1.3,0.198,1.0,52,0.35,0.045,24.0,23.209,within horizon
ciprofloxacin,1.1,1.3,0.198,1.0,52,0.5,0.02,24.0,23.318,within horizon
ciprofloxacin,1.1,1.3,0.198,1.0,52,0.65,0.045,24.0,23.209,within horizon
ciprofloxacin,1.2,0.7,0.216,0.644,8,0.35,0.045,6.0,5.731,within horizon
ciprofloxacin,1.2,0.7,0.216,0.644,8,0.5,0.02,6.0,5.83,within horizon
ciprofloxacin,1.2,0.7,0.216,0.644,8,0.65,0.045,6.0,5.731,within horizon
ciprofloxacin,1.2,0.7,0.216,0.644,12,0.35,0.045,8.0,7.531,within horizon
ciprofloxacin,1.2,0.7,0.216,0.644,12,0.5,0.02,8.0,7.63,within horizon
ciprofloxacin,1.2,0.7,0.216,0.644,12,0.65,0.045,8.0,7.531,within horizon
ciprofloxacin,1.2,0.7,0.216,0.644,26,0.35,0.045,14.0,13.831,within horizon
ciprofloxacin,1.2,0.7,0.216,0.644,26,0.5,0.02,14.0,13.93,within horizon
ciprofloxacin,1.2,0.7,0.216,0.644,26,0.65,0.045,14.0,13.831,within horizon
ciprofloxacin,1.2,0.7,0.216,0.644,52,0.35,0.045,26.0,25.531,within horizon
ciprofloxacin,1.2,0.7,0.216,0.644,52,0.5,0.02,26.0,25.63,within horizon
ciprofloxacin,1.2,0.7,0.216,0.644,52,0.65,0.045,26.0,25.531,within horizon
ciprofloxacin,1.2,0.8,0.216,0.736,8,0.35,0.045,5.0,4.816,within horizon
ciprofloxacin,1.2,0.8,0.216,0.736,8,0.5,0.02,5.0,4.915,within horizon
ciprofloxacin,1.2,0.8,0.216,0.736,8,0.65,0.045,5.0,4.816,within horizon
ciprofloxacin,1.2,0.8,0.216,0.736,12,0.35,0.045,7.0,6.616,within horizon
ciprofloxacin,1.2,0.8,0.216,0.736,12,0.5,0.02,7.0,6.715,within horizon
ciprofloxacin,1.2,0.8,0.216,0.736,12,0.65,0.045,7.0,6.616,within horizon
ciprofloxacin,1.2,0.8,0.216,0.736,26,0.35,0.045,13.0,12.916,within horizon
ciprofloxacin,1.2,0.8,0.216,0.736,26,0.5,0.02,14.0,13.015,within horizon
ciprofloxacin,1.2,0.8,0.216,0.736,26,0.65,0.045,13.0,12.916,within horizon
ciprofloxacin,1.2,0.8,0.216,0.736,52,0.35,0.045,25.0,24.616,within horizon
ciprofloxacin,1.2,0.8,0.216,0.736,52,0.5,0.02,25.0,24.715,within horizon
ciprofloxacin,1.2,0.8,0.216,0.736,52,0.65,0.045,25.0,24.616,within horizon
ciprofloxacin,1.2,0.9,0.216,0.828,8,0.35,0.045,5.0,4.206,within horizon
ciprofloxacin,1.2,0.9,0.216,0.828,8,0.5,0.02,5.0,4.305,within horizon
ciprofloxacin,1.2,0.9,0.216,0.828,8,0.65,0.045,5.0,4.206,within horizon
ciprofloxacin,1.2,0.9,0.216,0.828,12,0.35,0.045,7.0,6.006,within horizon
ciprofloxacin,1.2,0.9,0.216,0.828,12,0.5,0.02,7.0,6.105,within horizon
ciprofloxacin,1.2,0.9,0.216,0.828,12,0.65,0.045,7.0,6.006,within horizon
ciprofloxacin,1.2,0.9,0.216,0.828,26,0.35,0.045,13.0,12.306,within horizon
ciprofloxacin,1.2,0.9,0.216,0.828,26,0.5,0.02,13.0,12.405,within horizon
ciprofloxacin,1.2,0.9,0.216,0.828,26,0.65,0.045,13.0,12.306,within horizon
ciprofloxacin,1.2,0.9,0.216,0.828,52,0.35,0.045,25.0,24.006,within horizon
ciprofloxacin,1.2,0.9,0.216,0.828,52,0.5,0.02,25.0,24.105,within horizon
ciprofloxacin,1.2,0.9,0.216,0.828,52,0.65,0.045,25.0,24.006,within horizon
ciprofloxacin,1.2,1.0,0.216,0.92,8,0.35,0.045,4.0,3.748,within horizon
ciprofloxacin,1.2,1.0,0.216,0.92,8,0.5,0.02,4.0,3.847,within horizon
ciprofloxacin,1.2,1.0,0.216,0.92,8,0.65,0.045,4.0,3.748,within horizon
ciprofloxacin,1.2,1.0,0.216,0.92,12,0.35,0.045,6.0,5.548,within horizon
ciprofloxacin,1.2,1.0,0.216,0.92,12,0.5,0.02,6.0,5.647,within horizon
ciprofloxacin,1.2,1.0,0.216,0.92,12,0.65,0.045,6.0,5.548,within horizon
ciprofloxacin,1.2,1.0,0.216,0.92,26,0.35,0.045,12.0,11.848,within horizon
ciprofloxacin,1.2,1.0,0.216,0.92,26,0.5,0.02,12.0,11.947,within horizon
ciprofloxacin,1.2,1.0,0.216,0.92,26,0.65,0.045,12.0,11.848,within horizon
ciprofloxacin,1.2,1.0,0.216,0.92,52,0.35,0.045,24.0,23.548,within horizon
ciprofloxacin,1.2,1.0,0.216,0.92,52,0.5,0.02,24.0,23.647,within horizon
ciprofloxacin,1.2,1.0,0.216,0.92,52,0.65,0.045,24.0,23.548,within horizon
ciprofloxacin,1.2,1.1,0.216,1.0,8,0.35,0.045,4.0,3.425,within horizon
ciprofloxacin,1.2,1.1,0.216,1.0,8,0.5,0.02,4.0,3.524,within horizon
ciprofloxacin,1.2,1.1,0.216,1.0,8,0.65,0.045,4.0,3.425,within horizon
ciprofloxacin,1.2,1.1,0.216,1.0,12,0.35,0.045,6.0,5.225,within horizon
ciprofloxacin,1.2,1.1,0.216,1.0,12,0.5,0.02,6.0,5.324,within horizon
ciprofloxacin,1.2,1.1,0.216,1.0,12,0.65,0.045,6.0,5.225,within horizon
ciprofloxacin,1.2,1.1,0.216,1.0,26,0.35,0.045,12.0,11.525,within horizon
ciprofloxacin,1.2,1.1,0.216,1.0,26,0.5,0.02,12.0,11.624,within horizon
ciprofloxacin,1.2,1.1,0.216,1.0,26,0.65,0.045,12.0,11.525,within horizon
ciprofloxacin,1.2,1.1,0.216,1.0,52,0.35,0.045,24.0,23.225,within horizon
ciprofloxacin,1.2,1.1,0.216,1.0,52,0.5,0.02,24.0,23.324,within horizon
ciprofloxacin,1.2,1.1,0.216,1.0,52,0.65,0.045,24.0,23.225,within horizon
ciprofloxacin,1.2,1.2,0.216,1.0,8,0.35,0.045,4.0,3.425,within horizon
ciprofloxacin,1.2,1.2,0.216,1.0,8,0.5,0.02,4.0,3.524,within horizon
ciprofloxacin,1.2,1.2,0.216,1.0,8,0.65,0.045,4.0,3.425,within horizon
ciprofloxacin,1.2,1.2,0.216,1.0,12,0.35,0.045,6.0,5.225,within horizon
ciprofloxacin,1.2,1.2,0.216,1.0,12,0.5,0.02,6.0,5.324,within horizon
ciprofloxacin,1.2,1.2,0.216,1.0,12,0.65,0.045,6.0,5.225,within horizon
ciprofloxacin,1.2,1.2,0.216,1.0,26,0.35,0.045,12.0,11.525,within horizon
ciprofloxacin,1.2,1.2,0.216,1.0,26,0.5,0.02,12.0,11.624,within horizon
ciprofloxacin,1.2,1.2,0.216,1.0,26,0.65,0.045,12.0,11.525,within horizon
ciprofloxacin,1.2,1.2,0.216,1.0,52,0.35,0.045,24.0,23.225,within horizon
ciprofloxacin,1.2,1.2,0.216,1.0,52,0.5,0.02,24.0,23.324,within horizon
ciprofloxacin,1.2,1.2,0.216,1.0,52,0.65,0.045,24.0,23.225,within horizon
ciprofloxacin,1.2,1.3,0.216,1.0,8,0.35,0.045,4.0,3.425,within horizon
ciprofloxacin,1.2,1.3,0.216,1.0,8,0.5,0.02,4.0,3.524,within horizon
ciprofloxacin,1.2,1.3,0.216,1.0,8,0.65,0.045,4.0,3.425,within horizon
ciprofloxacin,1.2,1.3,0.216,1.0,12,0.35,0.045,6.0,5.225,within horizon
ciprofloxacin,1.2,1.3,0.216,1.0,12,0.5,0.02,6.0,5.324,within horizon
ciprofloxacin,1.2,1.3,0.216,1.0,12,0.65,0.045,6.0,5.225,within horizon
ciprofloxacin,1.2,1.3,0.216,1.0,26,0.35,0.045,12.0,11.525,within horizon
ciprofloxacin,1.2,1.3,0.216,1.0,26,0.5,0.02,12.0,11.624,within horizon
ciprofloxacin,1.2,1.3,0.216,1.0,26,0.65,0.045,12.0,11.525,within horizon
ciprofloxacin,1.2,1.3,0.216,1.0,52,0.35,0.045,24.0,23.225,within horizon
ciprofloxacin,1.2,1.3,0.216,1.0,52,0.5,0.02,24.0,23.324,within horizon
ciprofloxacin,1.2,1.3,0.216,1.0,52,0.65,0.045,24.0,23.225,within horizon
ciprofloxacin,1.3,0.7,0.234,0.644,8,0.35,0.045,6.0,5.567,within horizon
ciprofloxacin,1.3,0.7,0.234,0.644,8,0.5,0.02,6.0,5.658,within horizon
ciprofloxacin,1.3,0.7,0.234,0.644,8,0.65,0.045,6.0,5.567,within horizon
ciprofloxacin,1.3,0.7,0.234,0.644,12,0.35,0.045,8.0,7.367,within horizon
ciprofloxacin,1.3,0.7,0.234,0.644,12,0.5,0.02,8.0,7.458,within horizon
ciprofloxacin,1.3,0.7,0.234,0.644,12,0.65,0.045,8.0,7.367,within horizon
ciprofloxacin,1.3,0.7,0.234,0.644,26,0.35,0.045,14.0,13.667,within horizon
ciprofloxacin,1.3,0.7,0.234,0.644,26,0.5,0.02,14.0,13.758,within horizon
ciprofloxacin,1.3,0.7,0.234,0.644,26,0.65,0.045,14.0,13.667,within horizon
ciprofloxacin,1.3,0.7,0.234,0.644,52,0.35,0.045,26.0,25.367,within horizon
ciprofloxacin,1.3,0.7,0.234,0.644,52,0.5,0.02,26.0,25.458,within horizon
ciprofloxacin,1.3,0.7,0.234,0.644,52,0.65,0.045,26.0,25.367,within horizon
ciprofloxacin,1.3,0.8,0.234,0.736,8,0.35,0.045,5.0,4.722,within horizon
ciprofloxacin,1.3,0.8,0.234,0.736,8,0.5,0.02,5.0,4.814,within horizon
ciprofloxacin,1.3,0.8,0.234,0.736,8,0.65,0.045,5.0,4.722,within horizon
ciprofloxacin,1.3,0.8,0.234,0.736,12,0.35,0.045,7.0,6.522,within horizon
ciprofloxacin,1.3,0.8,0.234,0.736,12,0.5,0.02,7.0,6.614,within horizon
ciprofloxacin,1.3,0.8,0.234,0.736,12,0.65,0.045,7.0,6.522,within horizon
ciprofloxacin,1.3,0.8,0.234,0.736,26,0.35,0.045,13.0,12.822,within horizon
ciprofloxacin,1.3,0.8,0.234,0.736,26,0.5,0.02,13.0,12.914,within horizon
ciprofloxacin,1.3,0.8,0.234,0.736,26,0.65,0.045,13.0,12.822,within horizon
ciprofloxacin,1.3,0.8,0.234,0.736,52,0.35,0.045,25.0,24.522,within horizon
ciprofloxacin,1.3,0.8,0.234,0.736,52,0.5,0.02,25.0,24.614,within horizon
ciprofloxacin,1.3,0.8,0.234,0.736,52,0.65,0.045,25.0,24.522,within horizon
ciprofloxacin,1.3,0.9,0.234,0.828,8,0.35,0.045,5.0,4.159,within horizon
ciprofloxacin,1.3,0.9,0.234,0.828,8,0.5,0.02,5.0,4.251,within horizon
ciprofloxacin,1.3,0.9,0.234,0.828,8,0.65,0.045,5.0,4.159,within horizon
ciprofloxacin,1.3,0.9,0.234,0.828,12,0.35,0.045,6.0,5.959,within horizon
ciprofloxacin,1.3,0.9,0.234,0.828,12,0.5,0.02,7.0,6.051,within horizon
ciprofloxacin,1.3,0.9,0.234,0.828,12,0.65,0.045,6.0,5.959,within horizon
ciprofloxacin,1.3,0.9,0.234,0.828,26,0.35,0.045,13.0,12.259,within horizon
ciprofloxacin,1.3,0.9,0.234,0.828,26,0.5,0.02,13.0,12.351,within horizon
ciprofloxacin,1.3,0.9,0.234,0.828,26,0.65,0.045,13.0,12.259,within horizon
ciprofloxacin,1.3,0.9,0.234,0.828,52,0.35,0.045,24.0,23.959,within horizon
ciprofloxacin,1.3,0.9,0.234,0.828,52,0.5,0.02,25.0,24.051,within horizon
ciprofloxacin,1.3,0.9,0.234,0.828,52,0.65,0.045,24.0,23.959,within horizon
ciprofloxacin,1.3,1.0,0.234,0.92,8,0.35,0.045,4.0,3.737,within horizon
ciprofloxacin,1.3,1.0,0.234,0.92,8,0.5,0.02,4.0,3.828,within horizon
ciprofloxacin,1.3,1.0,0.234,0.92,8,0.65,0.045,4.0,3.737,within horizon
ciprofloxacin,1.3,1.0,0.234,0.92,12,0.35,0.045,6.0,5.537,within horizon
ciprofloxacin,1.3,1.0,0.234,0.92,12,0.5,0.02,6.0,5.628,within horizon
ciprofloxacin,1.3,1.0,0.234,0.92,12,0.65,0.045,6.0,5.537,within horizon
ciprofloxacin,1.3,1.0,0.234,0.92,26,0.35,0.045,12.0,11.837,within horizon
ciprofloxacin,1.3,1.0,0.234,0.92,26,0.5,0.02,12.0,11.928,within horizon
ciprofloxacin,1.3,1.0,0.234,0.92,26,0.65,0.045,12.0,11.837,within horizon
ciprofloxacin,1.3,1.0,0.234,0.92,52,0.35,0.045,24.0,23.537,within horizon
ciprofloxacin,1.3,1.0,0.234,0.92,52,0.5,0.02,24.0,23.628,within horizon
ciprofloxacin,1.3,1.0,0.234,0.92,52,0.65,0.045,24.0,23.537,within horizon
ciprofloxacin,1.3,1.1,0.234,1.0,8,0.35,0.045,4.0,3.439,within horizon
ciprofloxacin,1.3,1.1,0.234,1.0,8,0.5,0.02,4.0,3.53,within horizon
ciprofloxacin,1.3,1.1,0.234,1.0,8,0.65,0.045,4.0,3.439,within horizon
ciprofloxacin,1.3,1.1,0.234,1.0,12,0.35,0.045,6.0,5.239,within horizon
ciprofloxacin,1.3,1.1,0.234,1.0,12,0.5,0.02,6.0,5.33,within horizon
ciprofloxacin,1.3,1.1,0.234,1.0,12,0.65,0.045,6.0,5.239,within horizon
ciprofloxacin,1.3,1.1,0.234,1.0,26,0.35,0.045,12.0,11.539,within horizon
ciprofloxacin,1.3,1.1,0.234,1.0,26,0.5,0.02,12.0,11.63,within horizon
ciprofloxacin,1.3,1.1,0.234,1.0,26,0.65,0.045,12.0,11.539,within horizon
ciprofloxacin,1.3,1.1,0.234,1.0,52,0.35,0.045,24.0,23.239,within horizon
ciprofloxacin,1.3,1.1,0.234,1.0,52,0.5,0.02,24.0,23.33,within horizon
ciprofloxacin,1.3,1.1,0.234,1.0,52,0.65,0.045,24.0,23.239,within horizon
ciprofloxacin,1.3,1.2,0.234,1.0,8,0.35,0.045,4.0,3.439,within horizon
ciprofloxacin,1.3,1.2,0.234,1.0,8,0.5,0.02,4.0,3.53,within horizon
ciprofloxacin,1.3,1.2,0.234,1.0,8,0.65,0.045,4.0,3.439,within horizon
ciprofloxacin,1.3,1.2,0.234,1.0,12,0.35,0.045,6.0,5.239,within horizon
ciprofloxacin,1.3,1.2,0.234,1.0,12,0.5,0.02,6.0,5.33,within horizon
ciprofloxacin,1.3,1.2,0.234,1.0,12,0.65,0.045,6.0,5.239,within horizon
ciprofloxacin,1.3,1.2,0.234,1.0,26,0.35,0.045,12.0,11.539,within horizon
ciprofloxacin,1.3,1.2,0.234,1.0,26,0.5,0.02,12.0,11.63,within horizon
ciprofloxacin,1.3,1.2,0.234,1.0,26,0.65,0.045,12.0,11.539,within horizon
ciprofloxacin,1.3,1.2,0.234,1.0,52,0.35,0.045,24.0,23.239,within horizon
ciprofloxacin,1.3,1.2,0.234,1.0,52,0.5,0.02,24.0,23.33,within horizon
ciprofloxacin,1.3,1.2,0.234,1.0,52,0.65,0.045,24.0,23.239,within horizon
ciprofloxacin,1.3,1.3,0.234,1.0,8,0.35,0.045,4.0,3.439,within horizon
ciprofloxacin,1.3,1.3,0.234,1.0,8,0.5,0.02,4.0,3.53,within horizon
ciprofloxacin,1.3,1.3,0.234,1.0,8,0.65,0.045,4.0,3.439,within horizon
ciprofloxacin,1.3,1.3,0.234,1.0,12,0.35,0.045,6.0,5.239,within horizon
ciprofloxacin,1.3,1.3,0.234,1.0,12,0.5,0.02,6.0,5.33,within horizon
ciprofloxacin,1.3,1.3,0.234,1.0,12,0.65,0.045,6.0,5.239,within horizon
ciprofloxacin,1.3,1.3,0.234,1.0,26,0.35,0.045,12.0,11.539,within horizon
ciprofloxacin,1.3,1.3,0.234,1.0,26,0.5,0.02,12.0,11.63,within horizon
ciprofloxacin,1.3,1.3,0.234,1.0,26,0.65,0.045,12.0,11.539,within horizon
ciprofloxacin,1.3,1.3,0.234,1.0,52,0.35,0.045,24.0,23.239,within horizon
ciprofloxacin,1.3,1.3,0.234,1.0,52,0.5,0.02,24.0,23.33,within horizon
ciprofloxacin,1.3,1.3,0.234,1.0,52,0.65,0.045,24.0,23.239,within horizon
ampicillin,0.7,0.7,0.154,0.665,8,0.35,0.045,7.0,6.235,within horizon
ampicillin,0.7,0.7,0.154,0.665,8,0.5,0.02,7.0,6.374,within horizon
ampicillin,0.7,0.7,0.154,0.665,8,0.65,0.045,7.0,6.235,within horizon
ampicillin,0.7,0.7,0.154,0.665,12,0.35,0.045,9.0,8.035,within horizon
ampicillin,0.7,0.7,0.154,0.665,12,0.5,0.02,9.0,8.174,within horizon
ampicillin,0.7,0.7,0.154,0.665,12,0.65,0.045,9.0,8.035,within horizon
ampicillin,0.7,0.7,0.154,0.665,26,0.35,0.045,15.0,14.335,within horizon
ampicillin,0.7,0.7,0.154,0.665,26,0.5,0.02,15.0,14.474,within horizon
ampicillin,0.7,0.7,0.154,0.665,26,0.65,0.045,15.0,14.335,within horizon
ampicillin,0.7,0.7,0.154,0.665,52,0.35,0.045,27.0,26.035,within horizon
ampicillin,0.7,0.7,0.154,0.665,52,0.5,0.02,27.0,26.174,within horizon
ampicillin,0.7,0.7,0.154,0.665,52,0.65,0.045,27.0,26.035,within horizon
ampicillin,0.7,0.8,0.154,0.76,8,0.35,0.045,6.0,5.054,within horizon
ampicillin,0.7,0.8,0.154,0.76,8,0.5,0.02,6.0,5.192,within horizon
ampicillin,0.7,0.8,0.154,0.76,8,0.65,0.045,6.0,5.054,within horizon
ampicillin,0.7,0.8,0.154,0.76,12,0.35,0.045,7.0,6.854,within horizon
ampicillin,0.7,0.8,0.154,0.76,12,0.5,0.02,7.0,6.992,within horizon
ampicillin,0.7,0.8,0.154,0.76,12,0.65,0.045,7.0,6.854,within horizon
ampicillin,0.7,0.8,0.154,0.76,26,0.35,0.045,14.0,13.154,within horizon
ampicillin,0.7,0.8,0.154,0.76,26,0.5,0.02,14.0,13.292,within horizon
ampicillin,0.7,0.8,0.154,0.76,26,0.65,0.045,14.0,13.154,within horizon
ampicillin,0.7,0.8,0.154,0.76,52,0.35,0.045,25.0,24.854,within horizon
ampicillin,0.7,0.8,0.154,0.76,52,0.5,0.02,25.0,24.992,within horizon
ampicillin,0.7,0.8,0.154,0.76,52,0.65,0.045,25.0,24.854,within horizon
ampicillin,0.7,0.9,0.154,0.855,8,0.35,0.045,5.0,4.245,within horizon
ampicillin,0.7,0.9,0.154,0.855,8,0.5,0.02,5.0,4.384,within horizon
ampicillin,0.7,0.9,0.154,0.855,8,0.65,0.045,5.0,4.245,within horizon
ampicillin,0.7,0.9,0.154,0.855,12,0.35,0.045,7.0,6.045,within horizon
ampicillin,0.7,0.9,0.154,0.855,12,0.5,0.02,7.0,6.184,within horizon
ampicillin,0.7,0.9,0.154,0.855,12,0.65,0.045,7.0,6.045,within horizon
ampicillin,0.7,0.9,0.154,0.855,26,0.35,0.045,13.0,12.345,within horizon
ampicillin,0.7,0.9,0.154,0.855,26,0.5,0.02,13.0,12.484,within horizon
ampicillin,0.7,0.9,0.154,0.855,26,0.65,0.045,13.0,12.345,within horizon
ampicillin,0.7,0.9,0.154,0.855,52,0.35,0.045,25.0,24.045,within horizon
ampicillin,0.7,0.9,0.154,0.855,52,0.5,0.02,25.0,24.184,within horizon
ampicillin,0.7,0.9,0.154,0.855,52,0.65,0.045,25.0,24.045,within horizon
ampicillin,0.7,1.0,0.154,0.95,8,0.35,0.045,4.0,3.629,within horizon
ampicillin,0.7,1.0,0.154,0.95,8,0.5,0.02,4.0,3.768,within horizon
ampicillin,0.7,1.0,0.154,0.95,8,0.65,0.045,4.0,3.629,within horizon
ampicillin,0.7,1.0,0.154,0.95,12,0.35,0.045,6.0,5.429,within horizon
ampicillin,0.7,1.0,0.154,0.95,12,0.5,0.02,6.0,5.568,within horizon
ampicillin,0.7,1.0,0.154,0.95,12,0.65,0.045,6.0,5.429,within horizon
ampicillin,0.7,1.0,0.154,0.95,26,0.35,0.045,12.0,11.729,within horizon
ampicillin,0.7,1.0,0.154,0.95,26,0.5,0.02,12.0,11.868,within horizon
ampicillin,0.7,1.0,0.154,0.95,26,0.65,0.045,12.0,11.729,within horizon
ampicillin,0.7,1.0,0.154,0.95,52,0.35,0.045,24.0,23.429,within horizon
ampicillin,0.7,1.0,0.154,0.95,52,0.5,0.02,24.0,23.568,within horizon
ampicillin,0.7,1.0,0.154,0.95,52,0.65,0.045,24.0,23.429,within horizon
ampicillin,0.7,1.1,0.154,1.0,8,0.35,0.045,4.0,3.355,within horizon
ampicillin,0.7,1.1,0.154,1.0,8,0.5,0.02,4.0,3.494,within horizon
ampicillin,0.7,1.1,0.154,1.0,8,0.65,0.045,4.0,3.355,within horizon
ampicillin,0.7,1.1,0.154,1.0,12,0.35,0.045,6.0,5.155,within horizon
ampicillin,0.7,1.1,0.154,1.0,12,0.5,0.02,6.0,5.294,within horizon
ampicillin,0.7,1.1,0.154,1.0,12,0.65,0.045,6.0,5.155,within horizon
ampicillin,0.7,1.1,0.154,1.0,26,0.35,0.045,12.0,11.455,within horizon
ampicillin,0.7,1.1,0.154,1.0,26,0.5,0.02,12.0,11.594,within horizon
ampicillin,0.7,1.1,0.154,1.0,26,0.65,0.045,12.0,11.455,within horizon
ampicillin,0.7,1.1,0.154,1.0,52,0.35,0.045,24.0,23.155,within horizon
ampicillin,0.7,1.1,0.154,1.0,52,0.5,0.02,24.0,23.294,within horizon
ampicillin,0.7,1.1,0.154,1.0,52,0.65,0.045,24.0,23.155,within horizon
ampicillin,0.7,1.2,0.154,1.0,8,0.35,0.045,4.0,3.355,within horizon
ampicillin,0.7,1.2,0.154,1.0,8,0.5,0.02,4.0,3.494,within horizon
ampicillin,0.7,1.2,0.154,1.0,8,0.65,0.045,4.0,3.355,within horizon
ampicillin,0.7,1.2,0.154,1.0,12,0.35,0.045,6.0,5.155,within horizon
ampicillin,0.7,1.2,0.154,1.0,12,0.5,0.02,6.0,5.294,within horizon
ampicillin,0.7,1.2,0.154,1.0,12,0.65,0.045,6.0,5.155,within horizon
ampicillin,0.7,1.2,0.154,1.0,26,0.35,0.045,12.0,11.455,within horizon
ampicillin,0.7,1.2,0.154,1.0,26,0.5,0.02,12.0,11.594,within horizon
ampicillin,0.7,1.2,0.154,1.0,26,0.65,0.045,12.0,11.455,within horizon
ampicillin,0.7,1.2,0.154,1.0,52,0.35,0.045,24.0,23.155,within horizon
ampicillin,0.7,1.2,0.154,1.0,52,0.5,0.02,24.0,23.294,within horizon
ampicillin,0.7,1.2,0.154,1.0,52,0.65,0.045,24.0,23.155,within horizon
ampicillin,0.7,1.3,0.154,1.0,8,0.35,0.045,4.0,3.355,within horizon
ampicillin,0.7,1.3,0.154,1.0,8,0.5,0.02,4.0,3.494,within horizon
ampicillin,0.7,1.3,0.154,1.0,8,0.65,0.045,4.0,3.355,within horizon
ampicillin,0.7,1.3,0.154,1.0,12,0.35,0.045,6.0,5.155,within horizon
ampicillin,0.7,1.3,0.154,1.0,12,0.5,0.02,6.0,5.294,within horizon
ampicillin,0.7,1.3,0.154,1.0,12,0.65,0.045,6.0,5.155,within horizon
ampicillin,0.7,1.3,0.154,1.0,26,0.35,0.045,12.0,11.455,within horizon
ampicillin,0.7,1.3,0.154,1.0,26,0.5,0.02,12.0,11.594,within horizon
ampicillin,0.7,1.3,0.154,1.0,26,0.65,0.045,12.0,11.455,within horizon
ampicillin,0.7,1.3,0.154,1.0,52,0.35,0.045,24.0,23.155,within horizon
ampicillin,0.7,1.3,0.154,1.0,52,0.5,0.02,24.0,23.294,within horizon
ampicillin,0.7,1.3,0.154,1.0,52,0.65,0.045,24.0,23.155,within horizon
ampicillin,0.8,0.7,0.176,0.665,8,0.35,0.045,6.0,5.905,within horizon
ampicillin,0.8,0.7,0.176,0.665,8,0.5,0.02,7.0,6.027,within horizon
ampicillin,0.8,0.7,0.176,0.665,8,0.65,0.045,6.0,5.905,within horizon
ampicillin,0.8,0.7,0.176,0.665,12,0.35,0.045,8.0,7.705,within horizon
ampicillin,0.8,0.7,0.176,0.665,12,0.5,0.02,8.0,7.827,within horizon
ampicillin,0.8,0.7,0.176,0.665,12,0.65,0.045,8.0,7.705,within horizon
ampicillin,0.8,0.7,0.176,0.665,26,0.35,0.045,15.0,14.005,within horizon
ampicillin,0.8,0.7,0.176,0.665,26,0.5,0.02,15.0,14.127,within horizon
ampicillin,0.8,0.7,0.176,0.665,26,0.65,0.045,15.0,14.005,within horizon
ampicillin,0.8,0.7,0.176,0.665,52,0.35,0.045,26.0,25.705,within horizon
ampicillin,0.8,0.7,0.176,0.665,52,0.5,0.02,26.0,25.827,within horizon
ampicillin,0.8,0.7,0.176,0.665,52,0.65,0.045,26.0,25.705,within horizon
ampicillin,0.8,0.8,0.176,0.76,8,0.35,0.045,5.0,4.872,within horizon
ampicillin,0.8,0.8,0.176,0.76,8,0.5,0.02,5.0,4.993,within horizon
ampicillin,0.8,0.8,0.176,0.76,8,0.65,0.045,5.0,4.872,within horizon
ampicillin,0.8,0.8,0.176,0.76,12,0.35,0.045,7.0,6.672,within horizon
ampicillin,0.8,0.8,0.176,0.76,12,0.5,0.02,7.0,6.793,within horizon
ampicillin,0.8,0.8,0.176,0.76,12,0.65,0.045,7.0,6.672,within horizon
ampicillin,0.8,0.8,0.176,0.76,26,0.35,0.045,13.0,12.972,within horizon
ampicillin,0.8,0.8,0.176,0.76,26,0.5,0.02,14.0,13.093,within horizon
ampicillin,0.8,0.8,0.176,0.76,26,0.65,0.045,13.0,12.972,within horizon
ampicillin,0.8,0.8,0.176,0.76,52,0.35,0.045,25.0,24.672,within horizon
ampicillin,0.8,0.8,0.176,0.76,52,0.5,0.02,25.0,24.793,within horizon
ampicillin,0.8,0.8,0.176,0.76,52,0.65,0.045,25.0,24.672,within horizon
ampicillin,0.8,0.9,0.176,0.855,8,0.35,0.045,5.0,4.164,within horizon
ampicillin,0.8,0.9,0.176,0.855,8,0.5,0.02,5.0,4.286,within horizon
ampicillin,0.8,0.9,0.176,0.855,8,0.65,0.045,5.0,4.164,within horizon
ampicillin,0.8,0.9,0.176,0.855,12,0.35,0.045,6.0,5.964,within horizon
ampicillin,0.8,0.9,0.176,0.855,12,0.5,0.02,7.0,6.086,within horizon
ampicillin,0.8,0.9,0.176,0.855,12,0.65,0.045,6.0,5.964,within horizon
ampicillin,0.8,0.9,0.176,0.855,26,0.35,0.045,13.0,12.264,within horizon
ampicillin,0.8,0.9,0.176,0.855,26,0.5,0.02,13.0,12.386,within horizon
ampicillin,0.8,0.9,0.176,0.855,26,0.65,0.045,13.0,12.264,within horizon
ampicillin,0.8,0.9,0.176,0.855,52,0.35,0.045,24.0,23.964,within horizon
ampicillin,0.8,0.9,0.176,0.855,52,0.5,0.02,25.0,24.086,within horizon
ampicillin,0.8,0.9,0.176,0.855,52,0.65,0.045,24.0,23.964,within horizon
ampicillin,0.8,1.0,0.176,0.95,8,0.35,0.045,4.0,3.625,within horizon
ampicillin,0.8,1.0,0.176,0.95,8,0.5,0.02,4.0,3.747,within horizon
ampicillin,0.8,1.0,0.176,0.95,8,0.65,0.045,4.0,3.625,within horizon
ampicillin,0.8,1.0,0.176,0.95,12,0.35,0.045,6.0,5.425,within horizon
ampicillin,0.8,1.0,0.176,0.95,12,0.5,0.02,6.0,5.547,within horizon
ampicillin,0.8,1.0,0.176,0.95,12,0.65,0.045,6.0,5.425,within horizon
ampicillin,0.8,1.0,0.176,0.95,26,0.35,0.045,12.0,11.725,within horizon
ampicillin,0.8,1.0,0.176,0.95,26,0.5,0.02,12.0,11.847,within horizon
ampicillin,0.8,1.0,0.176,0.95,26,0.65,0.045,12.0,11.725,within horizon
ampicillin,0.8,1.0,0.176,0.95,52,0.35,0.045,24.0,23.425,within horizon
ampicillin,0.8,1.0,0.176,0.95,52,0.5,0.02,24.0,23.547,within horizon
ampicillin,0.8,1.0,0.176,0.95,52,0.65,0.045,24.0,23.425,within horizon
ampicillin,0.8,1.1,0.176,1.0,8,0.35,0.045,4.0,3.386,within horizon
ampicillin,0.8,1.1,0.176,1.0,8,0.5,0.02,4.0,3.507,within horizon
ampicillin,0.8,1.1,0.176,1.0,8,0.65,0.045,4.0,3.386,within horizon
ampicillin,0.8,1.1,0.176,1.0,12,0.35,0.045,6.0,5.186,within horizon
ampicillin,0.8,1.1,0.176,1.0,12,0.5,0.02,6.0,5.307,within horizon
ampicillin,0.8,1.1,0.176,1.0,12,0.65,0.045,6.0,5.186,within horizon
ampicillin,0.8,1.1,0.176,1.0,26,0.35,0.045,12.0,11.486,within horizon
ampicillin,0.8,1.1,0.176,1.0,26,0.5,0.02,12.0,11.607,within horizon
ampicillin,0.8,1.1,0.176,1.0,26,0.65,0.045,12.0,11.486,within horizon
ampicillin,0.8,1.1,0.176,1.0,52,0.35,0.045,24.0,23.186,within horizon
ampicillin,0.8,1.1,0.176,1.0,52,0.5,0.02,24.0,23.307,within horizon
ampicillin,0.8,1.1,0.176,1.0,52,0.65,0.045,24.0,23.186,within horizon
ampicillin,0.8,1.2,0.176,1.0,8,0.35,0.045,4.0,3.386,within horizon
ampicillin,0.8,1.2,0.176,1.0,8,0.5,0.02,4.0,3.507,within horizon
ampicillin,0.8,1.2,0.176,1.0,8,0.65,0.045,4.0,3.386,within horizon
ampicillin,0.8,1.2,0.176,1.0,12,0.35,0.045,6.0,5.186,within horizon
ampicillin,0.8,1.2,0.176,1.0,12,0.5,0.02,6.0,5.307,within horizon
ampicillin,0.8,1.2,0.176,1.0,12,0.65,0.045,6.0,5.186,within horizon
ampicillin,0.8,1.2,0.176,1.0,26,0.35,0.045,12.0,11.486,within horizon
ampicillin,0.8,1.2,0.176,1.0,26,0.5,0.02,12.0,11.607,within horizon
ampicillin,0.8,1.2,0.176,1.0,26,0.65,0.045,12.0,11.486,within horizon
ampicillin,0.8,1.2,0.176,1.0,52,0.35,0.045,24.0,23.186,within horizon
ampicillin,0.8,1.2,0.176,1.0,52,0.5,0.02,24.0,23.307,within horizon
ampicillin,0.8,1.2,0.176,1.0,52,0.65,0.045,24.0,23.186,within horizon
ampicillin,0.8,1.3,0.176,1.0,8,0.35,0.045,4.0,3.386,within horizon
ampicillin,0.8,1.3,0.176,1.0,8,0.5,0.02,4.0,3.507,within horizon
ampicillin,0.8,1.3,0.176,1.0,8,0.65,0.045,4.0,3.386,within horizon
ampicillin,0.8,1.3,0.176,1.0,12,0.35,0.045,6.0,5.186,within horizon
ampicillin,0.8,1.3,0.176,1.0,12,0.5,0.02,6.0,5.307,within horizon
ampicillin,0.8,1.3,0.176,1.0,12,0.65,0.045,6.0,5.186,within horizon
ampicillin,0.8,1.3,0.176,1.0,26,0.35,0.045,12.0,11.486,within horizon
ampicillin,0.8,1.3,0.176,1.0,26,0.5,0.02,12.0,11.607,within horizon
ampicillin,0.8,1.3,0.176,1.0,26,0.65,0.045,12.0,11.486,within horizon
ampicillin,0.8,1.3,0.176,1.0,52,0.35,0.045,24.0,23.186,within horizon
ampicillin,0.8,1.3,0.176,1.0,52,0.5,0.02,24.0,23.307,within horizon
ampicillin,0.8,1.3,0.176,1.0,52,0.65,0.045,24.0,23.186,within horizon
ampicillin,0.9,0.7,0.198,0.665,8,0.35,0.045,6.0,5.649,within horizon
ampicillin,0.9,0.7,0.198,0.665,8,0.5,0.02,6.0,5.757,within horizon
ampicillin,0.9,0.7,0.198,0.665,8,0.65,0.045,6.0,5.649,within horizon
ampicillin,0.9,0.7,0.198,0.665,12,0.35,0.045,8.0,7.449,within horizon
ampicillin,0.9,0.7,0.198,0.665,12,0.5,0.02,8.0,7.557,within horizon
ampicillin,0.9,0.7,0.198,0.665,12,0.65,0.045,8.0,7.449,within horizon
ampicillin,0.9,0.7,0.198,0.665,26,0.35,0.045,14.0,13.749,within horizon
ampicillin,0.9,0.7,0.198,0.665,26,0.5,0.02,14.0,13.857,within horizon
ampicillin,0.9,0.7,0.198,0.665,26,0.65,0.045,14.0,13.749,within horizon
ampicillin,0.9,0.7,0.198,0.665,52,0.35,0.045,26.0,25.449,within horizon
ampicillin,0.9,0.7,0.198,0.665,52,0.5,0.02,26.0,25.557,within horizon
ampicillin,0.9,0.7,0.198,0.665,52,0.65,0.045,26.0,25.449,within horizon
ampicillin,0.9,0.8,0.198,0.76,8,0.35,0.045,5.0,4.731,within horizon
ampicillin,0.9,0.8,0.198,0.76,8,0.5,0.02,5.0,4.839,within horizon
ampicillin,0.9,0.8,0.198,0.76,8,0.65,0.045,5.0,4.731,within horizon
ampicillin,0.9,0.8,0.198,0.76,12,0.35,0.045,7.0,6.531,within horizon
ampicillin,0.9,0.8,0.198,0.76,12,0.5,0.02,7.0,6.639,within horizon
ampicillin,0.9,0.8,0.198,0.76,12,0.65,0.045,7.0,6.531,within horizon
ampicillin,0.9,0.8,0.198,0.76,26,0.35,0.045,13.0,12.831,within horizon
ampicillin,0.9,0.8,0.198,0.76,26,0.5,0.02,13.0,12.939,within horizon
ampicillin,0.9,0.8,0.198,0.76,26,0.65,0.045,13.0,12.831,within horizon
ampicillin,0.9,0.8,0.198,0.76,52,0.35,0.045,25.0,24.531,within horizon
ampicillin,0.9,0.8,0.198,0.76,52,0.5,0.02,25.0,24.639,within horizon
ampicillin,0.9,0.8,0.198,0.76,52,0.65,0.045,25.0,24.531,within horizon
ampicillin,0.9,0.9,0.198,0.855,8,0.35,0.045,5.0,4.101,within horizon
ampicillin,0.9,0.9,0.198,0.855,8,0.5,0.02,5.0,4.209,within horizon
ampicillin,0.9,0.9,0.198,0.855,8,0.65,0.045,5.0,4.101,within horizon
ampicillin,0.9,0.9,0.198,0.855,12,0.35,0.045,6.0,5.901,within horizon
ampicillin,0.9,0.9,0.198,0.855,12,0.5,0.02,7.0,6.009,within horizon
ampicillin,0.9,0.9,0.198,0.855,12,0.65,0.045,6.0,5.901,within horizon
ampicillin,0.9,0.9,0.198,0.855,26,0.35,0.045,13.0,12.201,within horizon
ampicillin,0.9,0.9,0.198,0.855,26,0.5,0.02,13.0,12.309,within horizon
ampicillin,0.9,0.9,0.198,0.855,26,0.65,0.045,13.0,12.201,within horizon
ampicillin,0.9,0.9,0.198,0.855,52,0.35,0.045,24.0,23.901,within horizon
ampicillin,0.9,0.9,0.198,0.855,52,0.5,0.02,25.0,24.009,within horizon
ampicillin,0.9,0.9,0.198,0.855,52,0.65,0.045,24.0,23.901,within horizon
ampicillin,0.9,1.0,0.198,0.95,8,0.35,0.045,4.0,3.622,within horizon
ampicillin,0.9,1.0,0.198,0.95,8,0.5,0.02,4.0,3.73,within horizon
ampicillin,0.9,1.0,0.198,0.95,8,0.65,0.045,4.0,3.622,within horizon
ampicillin,0.9,1.0,0.198,0.95,12,0.35,0.045,6.0,5.422,within horizon
ampicillin,0.9,1.0,0.198,0.95,12,0.5,0.02,6.0,5.53,within horizon
ampicillin,0.9,1.0,0.198,0.95,12,0.65,0.045,6.0,5.422,within horizon
ampicillin,0.9,1.0,0.198,0.95,26,0.35,0.045,12.0,11.722,within horizon
ampicillin,0.9,1.0,0.198,0.95,26,0.5,0.02,12.0,11.83,within horizon
ampicillin,0.9,1.0,0.198,0.95,26,0.65,0.045,12.0,11.722,within horizon
ampicillin,0.9,1.0,0.198,0.95,52,0.35,0.045,24.0,23.422,within horizon
ampicillin,0.9,1.0,0.198,0.95,52,0.5,0.02,24.0,23.53,within horizon
ampicillin,0.9,1.0,0.198,0.95,52,0.65,0.045,24.0,23.422,within horizon
ampicillin,0.9,1.1,0.198,1.0,8,0.35,0.045,4.0,3.409,within horizon
ampicillin,0.9,1.1,0.198,1.0,8,0.5,0.02,4.0,3.518,within horizon
ampicillin,0.9,1.1,0.198,1.0,8,0.65,0.045,4.0,3.409,within horizon
ampicillin,0.9,1.1,0.198,1.0,12,0.35,0.045,6.0,5.209,within horizon
ampicillin,0.9,1.1,0.198,1.0,12,0.5,0.02,6.0,5.318,within horizon
ampicillin,0.9,1.1,0.198,1.0,12,0.65,0.045,6.0,5.209,within horizon
ampicillin,0.9,1.1,0.198,1.0,26,0.35,0.045,12.0,11.509,within horizon
ampicillin,0.9,1.1,0.198,1.0,26,0.5,0.02,12.0,11.618,within horizon
ampicillin,0.9,1.1,0.198,1.0,26,0.65,0.045,12.0,11.509,within horizon
ampicillin,0.9,1.1,0.198,1.0,52,0.35,0.045,24.0,23.209,within horizon
ampicillin,0.9,1.1,0.198,1.0,52,0.5,0.02,24.0,23.318,within horizon
ampicillin,0.9,1.1,0.198,1.0,52,0.65,0.045,24.0,23.209,within horizon
ampicillin,0.9,1.2,0.198,1.0,8,0.35,0.045,4.0,3.409,within horizon
ampicillin,0.9,1.2,0.198,1.0,8,0.5,0.02,4.0,3.518,within horizon
ampicillin,0.9,1.2,0.198,1.0,8,0.65,0.045,4.0,3.409,within horizon
ampicillin,0.9,1.2,0.198,1.0,12,0.35,0.045,6.0,5.209,within horizon
ampicillin,0.9,1.2,0.198,1.0,12,0.5,0.02,6.0,5.318,within horizon
ampicillin,0.9,1.2,0.198,1.0,12,0.65,0.045,6.0,5.209,within horizon
ampicillin,0.9,1.2,0.198,1.0,26,0.35,0.045,12.0,11.509,within horizon
ampicillin,0.9,1.2,0.198,1.0,26,0.5,0.02,12.0,11.618,within horizon
ampicillin,0.9,1.2,0.198,1.0,26,0.65,0.045,12.0,11.509,within horizon
ampicillin,0.9,1.2,0.198,1.0,52,0.35,0.045,24.0,23.209,within horizon
ampicillin,0.9,1.2,0.198,1.0,52,0.5,0.02,24.0,23.318,within horizon
ampicillin,0.9,1.2,0.198,1.0,52,0.65,0.045,24.0,23.209,within horizon
ampicillin,0.9,1.3,0.198,1.0,8,0.35,0.045,4.0,3.409,within horizon
ampicillin,0.9,1.3,0.198,1.0,8,0.5,0.02,4.0,3.518,within horizon
ampicillin,0.9,1.3,0.198,1.0,8,0.65,0.045,4.0,3.409,within horizon
ampicillin,0.9,1.3,0.198,1.0,12,0.35,0.045,6.0,5.209,within horizon
ampicillin,0.9,1.3,0.198,1.0,12,0.5,0.02,6.0,5.318,within horizon
ampicillin,0.9,1.3,0.198,1.0,12,0.65,0.045,6.0,5.209,within horizon
ampicillin,0.9,1.3,0.198,1.0,26,0.35,0.045,12.0,11.509,within horizon
ampicillin,0.9,1.3,0.198,1.0,26,0.5,0.02,12.0,11.618,within horizon
ampicillin,0.9,1.3,0.198,1.0,26,0.65,0.045,12.0,11.509,within horizon
ampicillin,0.9,1.3,0.198,1.0,52,0.35,0.045,24.0,23.209,within horizon
ampicillin,0.9,1.3,0.198,1.0,52,0.5,0.02,24.0,23.318,within horizon
ampicillin,0.9,1.3,0.198,1.0,52,0.65,0.045,24.0,23.209,within horizon
ampicillin,1.0,0.7,0.22,0.665,8,0.35,0.045,6.0,5.444,within horizon
ampicillin,1.0,0.7,0.22,0.665,8,0.5,0.02,6.0,5.542,within horizon
ampicillin,1.0,0.7,0.22,0.665,8,0.65,0.045,6.0,5.444,within horizon
ampicillin,1.0,0.7,0.22,0.665,12,0.35,0.045,8.0,7.244,within horizon
ampicillin,1.0,0.7,0.22,0.665,12,0.5,0.02,8.0,7.342,within horizon
ampicillin,1.0,0.7,0.22,0.665,12,0.65,0.045,8.0,7.244,within horizon
ampicillin,1.0,0.7,0.22,0.665,26,0.35,0.045,14.0,13.544,within horizon
ampicillin,1.0,0.7,0.22,0.665,26,0.5,0.02,14.0,13.642,within horizon
ampicillin,1.0,0.7,0.22,0.665,26,0.65,0.045,14.0,13.544,within horizon
ampicillin,1.0,0.7,0.22,0.665,52,0.35,0.045,26.0,25.244,within horizon
ampicillin,1.0,0.7,0.22,0.665,52,0.5,0.02,26.0,25.342,within horizon
ampicillin,1.0,0.7,0.22,0.665,52,0.65,0.045,26.0,25.244,within horizon
ampicillin,1.0,0.8,0.22,0.76,8,0.35,0.045,5.0,4.617,within horizon
ampicillin,1.0,0.8,0.22,0.76,8,0.5,0.02,5.0,4.715,within horizon
ampicillin,1.0,0.8,0.22,0.76,8,0.65,0.045,5.0,4.617,within horizon
ampicillin,1.0,0.8,0.22,0.76,12,0.35,0.045,7.0,6.417,within horizon
ampicillin,1.0,0.8,0.22,0.76,12,0.5,0.02,7.0,6.515,within horizon
ampicillin,1.0,0.8,0.22,0.76,12,0.65,0.045,7.0,6.417,within horizon
ampicillin,1.0,0.8,0.22,0.76,26,0.35,0.045,13.0,12.717,within horizon
ampicillin,1.0,0.8,0.22,0.76,26,0.5,0.02,13.0,12.815,within horizon
ampicillin,1.0,0.8,0.22,0.76,26,0.65,0.045,13.0,12.717,within horizon
ampicillin,1.0,0.8,0.22,0.76,52,0.35,0.045,25.0,24.417,within horizon
ampicillin,1.0,0.8,0.22,0.76,52,0.5,0.02,25.0,24.515,within horizon
ampicillin,1.0,0.8,0.22,0.76,52,0.65,0.045,25.0,24.417,within horizon
ampicillin,1.0,0.9,0.22,0.855,8,0.35,0.045,5.0,4.051,within horizon
ampicillin,1.0,0.9,0.22,0.855,8,0.5,0.02,5.0,4.148,within horizon
ampicillin,1.0,0.9,0.22,0.855,8,0.65,0.045,5.0,4.051,within horizon
ampicillin,1.0,0.9,0.22,0.855,12,0.35,0.045,6.0,5.851,within horizon
ampicillin,1.0,0.9,0.22,0.855,12,0.5,0.02,6.0,5.948,within horizon
ampicillin,1.0,0.9,0.22,0.855,12,0.65,0.045,6.0,5.851,within horizon
ampicillin,1.0,0.9,0.22,0.855,26,0.35,0.045,13.0,12.151,within horizon
ampicillin,1.0,0.9,0.22,0.855,26,0.5,0.02,13.0,12.248,within horizon
ampicillin,1.0,0.9,0.22,0.855,26,0.65,0.045,13.0,12.151,within horizon
ampicillin,1.0,0.9,0.22,0.855,52,0.35,0.045,24.0,23.851,within horizon
ampicillin,1.0,0.9,0.22,0.855,52,0.5,0.02,24.0,23.948,within horizon
ampicillin,1.0,0.9,0.22,0.855,52,0.65,0.045,24.0,23.851,within horizon
ampicillin,1.0,1.0,0.22,0.95,8,0.35,0.045,4.0,3.62,within horizon
ampicillin,1.0,1.0,0.22,0.95,8,0.5,0.02,4.0,3.717,within horizon
ampicillin,1.0,1.0,0.22,0.95,8,0.65,0.045,4.0,3.62,within horizon
ampicillin,1.0,1.0,0.22,0.95,12,0.35,0.045,6.0,5.42,within horizon
ampicillin,1.0,1.0,0.22,0.95,12,0.5,0.02,6.0,5.517,within horizon
ampicillin,1.0,1.0,0.22,0.95,12,0.65,0.045,6.0,5.42,within horizon
ampicillin,1.0,1.0,0.22,0.95,26,0.35,0.045,12.0,11.72,within horizon
ampicillin,1.0,1.0,0.22,0.95,26,0.5,0.02,12.0,11.817,within horizon
ampicillin,1.0,1.0,0.22,0.95,26,0.65,0.045,12.0,11.72,within horizon
ampicillin,1.0,1.0,0.22,0.95,52,0.35,0.045,24.0,23.42,within horizon
ampicillin,1.0,1.0,0.22,0.95,52,0.5,0.02,24.0,23.517,within horizon
ampicillin,1.0,1.0,0.22,0.95,52,0.65,0.045,24.0,23.42,within horizon
ampicillin,1.0,1.1,0.22,1.0,8,0.35,0.045,4.0,3.429,within horizon
ampicillin,1.0,1.1,0.22,1.0,8,0.5,0.02,4.0,3.526,within horizon
ampicillin,1.0,1.1,0.22,1.0,8,0.65,0.045,4.0,3.429,within horizon
ampicillin,1.0,1.1,0.22,1.0,12,0.35,0.045,6.0,5.229,within horizon
ampicillin,1.0,1.1,0.22,1.0,12,0.5,0.02,6.0,5.326,within horizon
ampicillin,1.0,1.1,0.22,1.0,12,0.65,0.045,6.0,5.229,within horizon
ampicillin,1.0,1.1,0.22,1.0,26,0.35,0.045,12.0,11.529,within horizon
ampicillin,1.0,1.1,0.22,1.0,26,0.5,0.02,12.0,11.626,within horizon
ampicillin,1.0,1.1,0.22,1.0,26,0.65,0.045,12.0,11.529,within horizon
ampicillin,1.0,1.1,0.22,1.0,52,0.35,0.045,24.0,23.229,within horizon
ampicillin,1.0,1.1,0.22,1.0,52,0.5,0.02,24.0,23.326,within horizon
ampicillin,1.0,1.1,0.22,1.0,52,0.65,0.045,24.0,23.229,within horizon
ampicillin,1.0,1.2,0.22,1.0,8,0.35,0.045,4.0,3.429,within horizon
ampicillin,1.0,1.2,0.22,1.0,8,0.5,0.02,4.0,3.526,within horizon
ampicillin,1.0,1.2,0.22,1.0,8,0.65,0.045,4.0,3.429,within horizon
ampicillin,1.0,1.2,0.22,1.0,12,0.35,0.045,6.0,5.229,within horizon
ampicillin,1.0,1.2,0.22,1.0,12,0.5,0.02,6.0,5.326,within horizon
ampicillin,1.0,1.2,0.22,1.0,12,0.65,0.045,6.0,5.229,within horizon
ampicillin,1.0,1.2,0.22,1.0,26,0.35,0.045,12.0,11.529,within horizon
ampicillin,1.0,1.2,0.22,1.0,26,0.5,0.02,12.0,11.626,within horizon
ampicillin,1.0,1.2,0.22,1.0,26,0.65,0.045,12.0,11.529,within horizon
ampicillin,1.0,1.2,0.22,1.0,52,0.35,0.045,24.0,23.229,within horizon
ampicillin,1.0,1.2,0.22,1.0,52,0.5,0.02,24.0,23.326,within horizon
ampicillin,1.0,1.2,0.22,1.0,52,0.65,0.045,24.0,23.229,within horizon
ampicillin,1.0,1.3,0.22,1.0,8,0.35,0.045,4.0,3.429,within horizon
ampicillin,1.0,1.3,0.22,1.0,8,0.5,0.02,4.0,3.526,within horizon
ampicillin,1.0,1.3,0.22,1.0,8,0.65,0.045,4.0,3.429,within horizon
ampicillin,1.0,1.3,0.22,1.0,12,0.35,0.045,6.0,5.229,within horizon
ampicillin,1.0,1.3,0.22,1.0,12,0.5,0.02,6.0,5.326,within horizon
ampicillin,1.0,1.3,0.22,1.0,12,0.65,0.045,6.0,5.229,within horizon
ampicillin,1.0,1.3,0.22,1.0,26,0.35,0.045,12.0,11.529,within horizon
ampicillin,1.0,1.3,0.22,1.0,26,0.5,0.02,12.0,11.626,within horizon
ampicillin,1.0,1.3,0.22,1.0,26,0.65,0.045,12.0,11.529,within horizon
ampicillin,1.0,1.3,0.22,1.0,52,0.35,0.045,24.0,23.229,within horizon
ampicillin,1.0,1.3,0.22,1.0,52,0.5,0.02,24.0,23.326,within horizon
ampicillin,1.0,1.3,0.22,1.0,52,0.65,0.045,24.0,23.229,within horizon
ampicillin,1.1,0.7,0.242,0.665,8,0.35,0.045,6.0,5.277,within horizon
ampicillin,1.1,0.7,0.242,0.665,8,0.5,0.02,6.0,5.365,within horizon
ampicillin,1.1,0.7,0.242,0.665,8,0.65,0.045,6.0,5.277,within horizon
ampicillin,1.1,0.7,0.242,0.665,12,0.35,0.045,8.0,7.077,within horizon
ampicillin,1.1,0.7,0.242,0.665,12,0.5,0.02,8.0,7.165,within horizon
ampicillin,1.1,0.7,0.242,0.665,12,0.65,0.045,8.0,7.077,within horizon
ampicillin,1.1,0.7,0.242,0.665,26,0.35,0.045,14.0,13.377,within horizon
ampicillin,1.1,0.7,0.242,0.665,26,0.5,0.02,14.0,13.465,within horizon
ampicillin,1.1,0.7,0.242,0.665,26,0.65,0.045,14.0,13.377,within horizon
ampicillin,1.1,0.7,0.242,0.665,52,0.35,0.045,26.0,25.077,within horizon
ampicillin,1.1,0.7,0.242,0.665,52,0.5,0.02,26.0,25.165,within horizon
ampicillin,1.1,0.7,0.242,0.665,52,0.65,0.045,26.0,25.077,within horizon
ampicillin,1.1,0.8,0.242,0.76,8,0.35,0.045,5.0,4.525,within horizon
ampicillin,1.1,0.8,0.242,0.76,8,0.5,0.02,5.0,4.613,within horizon
ampicillin,1.1,0.8,0.242,0.76,8,0.65,0.045,5.0,4.525,within horizon
ampicillin,1.1,0.8,0.242,0.76,12,0.35,0.045,7.0,6.325,within horizon
ampicillin,1.1,0.8,0.242,0.76,12,0.5,0.02,7.0,6.413,within horizon
ampicillin,1.1,0.8,0.242,0.76,12,0.65,0.045,7.0,6.325,within horizon
ampicillin,1.1,0.8,0.242,0.76,26,0.35,0.045,13.0,12.625,within horizon
ampicillin,1.1,0.8,0.242,0.76,26,0.5,0.02,13.0,12.713,within horizon
ampicillin,1.1,0.8,0.242,0.76,26,0.65,0.045,13.0,12.625,within horizon
ampicillin,1.1,0.8,0.242,0.76,52,0.35,0.045,25.0,24.325,within horizon
ampicillin,1.1,0.8,0.242,0.76,52,0.5,0.02,25.0,24.413,within horizon
ampicillin,1.1,0.8,0.242,0.76,52,0.65,0.045,25.0,24.325,within horizon
ampicillin,1.1,0.9,0.242,0.855,8,0.35,0.045,5.0,4.01,within horizon
ampicillin,1.1,0.9,0.242,0.855,8,0.5,0.02,5.0,4.099,within horizon
ampicillin,1.1,0.9,0.242,0.855,8,0.65,0.045,5.0,4.01,within horizon
ampicillin,1.1,0.9,0.242,0.855,12,0.35,0.045,6.0,5.81,within horizon
ampicillin,1.1,0.9,0.242,0.855,12,0.5,0.02,6.0,5.899,within horizon
ampicillin,1.1,0.9,0.242,0.855,12,0.65,0.045,6.0,5.81,within horizon
ampicillin,1.1,0.9,0.242,0.855,26,0.35,0.045,13.0,12.11,within horizon
ampicillin,1.1,0.9,0.242,0.855,26,0.5,0.02,13.0,12.199,within horizon
ampicillin,1.1,0.9,0.242,0.855,26,0.65,0.045,13.0,12.11,within horizon
ampicillin,1.1,0.9,0.242,0.855,52,0.35,0.045,24.0,23.81,within horizon
ampicillin,1.1,0.9,0.242,0.855,52,0.5,0.02,24.0,23.899,within horizon
ampicillin,1.1,0.9,0.242,0.855,52,0.65,0.045,24.0,23.81,within horizon
ampicillin,1.1,1.0,0.242,0.95,8,0.35,0.045,4.0,3.618,within horizon
ampicillin,1.1,1.0,0.242,0.95,8,0.5,0.02,4.0,3.707,within horizon
ampicillin,1.1,1.0,0.242,0.95,8,0.65,0.045,4.0,3.618,within horizon
ampicillin,1.1,1.0,0.242,0.95,12,0.35,0.045,6.0,5.418,within horizon
ampicillin,1.1,1.0,0.242,0.95,12,0.5,0.02,6.0,5.507,within horizon
ampicillin,1.1,1.0,0.242,0.95,12,0.65,0.045,6.0,5.418,within horizon
ampicillin,1.1,1.0,0.242,0.95,26,0.35,0.045,12.0,11.718,within horizon
ampicillin,1.1,1.0,0.242,0.95,26,0.5,0.02,12.0,11.807,within horizon
ampicillin,1.1,1.0,0.242,0.95,26,0.65,0.045,12.0,11.718,within horizon
ampicillin,1.1,1.0,0.242,0.95,52,0.35,0.045,24.0,23.418,within horizon
ampicillin,1.1,1.0,0.242,0.95,52,0.5,0.02,24.0,23.507,within horizon
ampicillin,1.1,1.0,0.242,0.95,52,0.65,0.045,24.0,23.418,within horizon
ampicillin,1.1,1.1,0.242,1.0,8,0.35,0.045,4.0,3.444,within horizon
ampicillin,1.1,1.1,0.242,1.0,8,0.5,0.02,4.0,3.533,within horizon
ampicillin,1.1,1.1,0.242,1.0,8,0.65,0.045,4.0,3.444,within horizon
ampicillin,1.1,1.1,0.242,1.0,12,0.35,0.045,6.0,5.244,within horizon
ampicillin,1.1,1.1,0.242,1.0,12,0.5,0.02,6.0,5.333,within horizon
ampicillin,1.1,1.1,0.242,1.0,12,0.65,0.045,6.0,5.244,within horizon
ampicillin,1.1,1.1,0.242,1.0,26,0.35,0.045,12.0,11.544,within horizon
ampicillin,1.1,1.1,0.242,1.0,26,0.5,0.02,12.0,11.633,within horizon
ampicillin,1.1,1.1,0.242,1.0,26,0.65,0.045,12.0,11.544,within horizon
ampicillin,1.1,1.1,0.242,1.0,52,0.35,0.045,24.0,23.244,within horizon
ampicillin,1.1,1.1,0.242,1.0,52,0.5,0.02,24.0,23.333,within horizon
ampicillin,1.1,1.1,0.242,1.0,52,0.65,0.045,24.0,23.244,within horizon
ampicillin,1.1,1.2,0.242,1.0,8,0.35,0.045,4.0,3.444,within horizon
ampicillin,1.1,1.2,0.242,1.0,8,0.5,0.02,4.0,3.533,within horizon
ampicillin,1.1,1.2,0.242,1.0,8,0.65,0.045,4.0,3.444,within horizon
ampicillin,1.1,1.2,0.242,1.0,12,0.35,0.045,6.0,5.244,within horizon
ampicillin,1.1,1.2,0.242,1.0,12,0.5,0.02,6.0,5.333,within horizon
ampicillin,1.1,1.2,0.242,1.0,12,0.65,0.045,6.0,5.244,within horizon
ampicillin,1.1,1.2,0.242,1.0,26,0.35,0.045,12.0,11.544,within horizon
ampicillin,1.1,1.2,0.242,1.0,26,0.5,0.02,12.0,11.633,within horizon
ampicillin,1.1,1.2,0.242,1.0,26,0.65,0.045,12.0,11.544,within horizon
ampicillin,1.1,1.2,0.242,1.0,52,0.35,0.045,24.0,23.244,within horizon
ampicillin,1.1,1.2,0.242,1.0,52,0.5,0.02,24.0,23.333,within horizon
ampicillin,1.1,1.2,0.242,1.0,52,0.65,0.045,24.0,23.244,within horizon
ampicillin,1.1,1.3,0.242,1.0,8,0.35,0.045,4.0,3.444,within horizon
ampicillin,1.1,1.3,0.242,1.0,8,0.5,0.02,4.0,3.533,within horizon
ampicillin,1.1,1.3,0.242,1.0,8,0.65,0.045,4.0,3.444,within horizon
ampicillin,1.1,1.3,0.242,1.0,12,0.35,0.045,6.0,5.244,within horizon
ampicillin,1.1,1.3,0.242,1.0,12,0.5,0.02,6.0,5.333,within horizon
ampicillin,1.1,1.3,0.242,1.0,12,0.65,0.045,6.0,5.244,within horizon
ampicillin,1.1,1.3,0.242,1.0,26,0.35,0.045,12.0,11.544,within horizon
ampicillin,1.1,1.3,0.242,1.0,26,0.5,0.02,12.0,11.633,within horizon
ampicillin,1.1,1.3,0.242,1.0,26,0.65,0.045,12.0,11.544,within horizon
ampicillin,1.1,1.3,0.242,1.0,52,0.35,0.045,24.0,23.244,within horizon
ampicillin,1.1,1.3,0.242,1.0,52,0.5,0.02,24.0,23.333,within horizon
ampicillin,1.1,1.3,0.242,1.0,52,0.65,0.045,24.0,23.244,within horizon
ampicillin,1.2,0.7,0.264,0.665,8,0.35,0.045,6.0,5.137,within horizon
ampicillin,1.2,0.7,0.264,0.665,8,0.5,0.02,6.0,5.218,within horizon
ampicillin,1.2,0.7,0.264,0.665,8,0.65,0.045,6.0,5.137,within horizon
ampicillin,1.2,0.7,0.264,0.665,12,0.35,0.045,7.0,6.937,within horizon
ampicillin,1.2,0.7,0.264,0.665,12,0.5,0.02,8.0,7.018,within horizon
ampicillin,1.2,0.7,0.264,0.665,12,0.65,0.045,7.0,6.937,within horizon
ampicillin,1.2,0.7,0.264,0.665,26,0.35,0.045,14.0,13.237,within horizon
ampicillin,1.2,0.7,0.264,0.665,26,0.5,0.02,14.0,13.318,within horizon
ampicillin,1.2,0.7,0.264,0.665,26,0.65,0.045,14.0,13.237,within horizon
ampicillin,1.2,0.7,0.264,0.665,52,0.35,0.045,25.0,24.937,within horizon
ampicillin,1.2,0.7,0.264,0.665,52,0.5,0.02,26.0,25.018,within horizon
ampicillin,1.2,0.7,0.264,0.665,52,0.65,0.045,25.0,24.937,within horizon
ampicillin,1.2,0.8,0.264,0.76,8,0.35,0.045,5.0,4.448,within horizon
ampicillin,1.2,0.8,0.264,0.76,8,0.5,0.02,5.0,4.529,within horizon
ampicillin,1.2,0.8,0.264,0.76,8,0.65,0.045,5.0,4.448,within horizon
ampicillin,1.2,0.8,0.264,0.76,12,0.35,0.045,7.0,6.248,within horizon
ampicillin,1.2,0.8,0.264,0.76,12,0.5,0.02,7.0,6.329,within horizon
ampicillin,1.2,0.8,0.264,0.76,12,0.65,0.045,7.0,6.248,within horizon
ampicillin,1.2,0.8,0.264,0.76,26,0.35,0.045,13.0,12.548,within horizon
ampicillin,1.2,0.8,0.264,0.76,26,0.5,0.02,13.0,12.629,within horizon
ampicillin,1.2,0.8,0.264,0.76,26,0.65,0.045,13.0,12.548,within horizon
ampicillin,1.2,0.8,0.264,0.76,52,0.35,0.045,25.0,24.248,within horizon
ampicillin,1.2,0.8,0.264,0.76,52,0.5,0.02,25.0,24.329,within horizon
ampicillin,1.2,0.8,0.264,0.76,52,0.65,0.045,25.0,24.248,within horizon
ampicillin,1.2,0.9,0.264,0.855,8,0.35,0.045,4.0,3.976,within horizon
ampicillin,1.2,0.9,0.264,0.855,8,0.5,0.02,5.0,4.057,within horizon
ampicillin,1.2,0.9,0.264,0.855,8,0.65,0.045,4.0,3.976,within horizon
ampicillin,1.2,0.9,0.264,0.855,12,0.35,0.045,6.0,5.776,within horizon
ampicillin,1.2,0.9,0.264,0.855,12,0.5,0.02,6.0,5.857,within horizon
ampicillin,1.2,0.9,0.264,0.855,12,0.65,0.045,6.0,5.776,within horizon
ampicillin,1.2,0.9,0.264,0.855,26,0.35,0.045,13.0,12.076,within horizon
ampicillin,1.2,0.9,0.264,0.855,26,0.5,0.02,13.0,12.157,within horizon
ampicillin,1.2,0.9,0.264,0.855,26,0.65,0.045,13.0,12.076,within horizon
ampicillin,1.2,0.9,0.264,0.855,52,0.35,0.045,24.0,23.776,within horizon
ampicillin,1.2,0.9,0.264,0.855,52,0.5,0.02,24.0,23.857,within horizon
ampicillin,1.2,0.9,0.264,0.855,52,0.65,0.045,24.0,23.776,within horizon
ampicillin,1.2,1.0,0.264,0.95,8,0.35,0.045,4.0,3.617,within horizon
ampicillin,1.2,1.0,0.264,0.95,8,0.5,0.02,4.0,3.698,within horizon
ampicillin,1.2,1.0,0.264,0.95,8,0.65,0.045,4.0,3.617,within horizon
ampicillin,1.2,1.0,0.264,0.95,12,0.35,0.045,6.0,5.417,within horizon
ampicillin,1.2,1.0,0.264,0.95,12,0.5,0.02,6.0,5.498,within horizon
ampicillin,1.2,1.0,0.264,0.95,12,0.65,0.045,6.0,5.417,within horizon
ampicillin,1.2,1.0,0.264,0.95,26,0.35,0.045,12.0,11.717,within horizon
ampicillin,1.2,1.0,0.264,0.95,26,0.5,0.02,12.0,11.798,within horizon
ampicillin,1.2,1.0,0.264,0.95,26,0.65,0.045,12.0,11.717,within horizon
ampicillin,1.2,1.0,0.264,0.95,52,0.35,0.045,24.0,23.417,within horizon
ampicillin,1.2,1.0,0.264,0.95,52,0.5,0.02,24.0,23.498,within horizon
ampicillin,1.2,1.0,0.264,0.95,52,0.65,0.045,24.0,23.417,within horizon
ampicillin,1.2,1.1,0.264,1.0,8,0.35,0.045,4.0,3.457,within horizon
ampicillin,1.2,1.1,0.264,1.0,8,0.5,0.02,4.0,3.538,within horizon
ampicillin,1.2,1.1,0.264,1.0,8,0.65,0.045,4.0,3.457,within horizon
ampicillin,1.2,1.1,0.264,1.0,12,0.35,0.045,6.0,5.257,within horizon
ampicillin,1.2,1.1,0.264,1.0,12,0.5,0.02,6.0,5.338,within horizon
ampicillin,1.2,1.1,0.264,1.0,12,0.65,0.045,6.0,5.257,within horizon
ampicillin,1.2,1.1,0.264,1.0,26,0.35,0.045,12.0,11.557,within horizon
ampicillin,1.2,1.1,0.264,1.0,26,0.5,0.02,12.0,11.638,within horizon
ampicillin,1.2,1.1,0.264,1.0,26,0.65,0.045,12.0,11.557,within horizon
ampicillin,1.2,1.1,0.264,1.0,52,0.35,0.045,24.0,23.257,within horizon
ampicillin,1.2,1.1,0.264,1.0,52,0.5,0.02,24.0,23.338,within horizon
ampicillin,1.2,1.1,0.264,1.0,52,0.65,0.045,24.0,23.257,within horizon
ampicillin,1.2,1.2,0.264,1.0,8,0.35,0.045,4.0,3.457,within horizon
ampicillin,1.2,1.2,0.264,1.0,8,0.5,0.02,4.0,3.538,within horizon
ampicillin,1.2,1.2,0.264,1.0,8,0.65,0.045,4.0,3.457,within horizon
ampicillin,1.2,1.2,0.264,1.0,12,0.35,0.045,6.0,5.257,within horizon
ampicillin,1.2,1.2,0.264,1.0,12,0.5,0.02,6.0,5.338,within horizon
ampicillin,1.2,1.2,0.264,1.0,12,0.65,0.045,6.0,5.257,within horizon
ampicillin,1.2,1.2,0.264,1.0,26,0.35,0.045,12.0,11.557,within horizon
ampicillin,1.2,1.2,0.264,1.0,26,0.5,0.02,12.0,11.638,within horizon
ampicillin,1.2,1.2,0.264,1.0,26,0.65,0.045,12.0,11.557,within horizon
ampicillin,1.2,1.2,0.264,1.0,52,0.35,0.045,24.0,23.257,within horizon
ampicillin,1.2,1.2,0.264,1.0,52,0.5,0.02,24.0,23.338,within horizon
ampicillin,1.2,1.2,0.264,1.0,52,0.65,0.045,24.0,23.257,within horizon
ampicillin,1.2,1.3,0.264,1.0,8,0.35,0.045,4.0,3.457,within horizon
ampicillin,1.2,1.3,0.264,1.0,8,0.5,0.02,4.0,3.538,within horizon
ampicillin,1.2,1.3,0.264,1.0,8,0.65,0.045,4.0,3.457,within horizon
ampicillin,1.2,1.3,0.264,1.0,12,0.35,0.045,6.0,5.257,within horizon
ampicillin,1.2,1.3,0.264,1.0,12,0.5,0.02,6.0,5.338,within horizon
ampicillin,1.2,1.3,0.264,1.0,12,0.65,0.045,6.0,5.257,within horizon
ampicillin,1.2,1.3,0.264,1.0,26,0.35,0.045,12.0,11.557,within horizon
ampicillin,1.2,1.3,0.264,1.0,26,0.5,0.02,12.0,11.638,within horizon
ampicillin,1.2,1.3,0.264,1.0,26,0.65,0.045,12.0,11.557,within horizon
ampicillin,1.2,1.3,0.264,1.0,52,0.35,0.045,24.0,23.257,within horizon
ampicillin,1.2,1.3,0.264,1.0,52,0.5,0.02,24.0,23.338,within horizon
ampicillin,1.2,1.3,0.264,1.0,52,0.65,0.045,24.0,23.257,within horizon
ampicillin,1.3,0.7,0.286,0.665,8,0.35,0.045,6.0,5.019,within horizon
ampicillin,1.3,0.7,0.286,0.665,8,0.5,0.02,6.0,5.093,within horizon
ampicillin,1.3,0.7,0.286,0.665,8,0.65,0.045,6.0,5.019,within horizon
ampicillin,1.3,0.7,0.286,0.665,12,0.35,0.045,7.0,6.819,within horizon
ampicillin,1.3,0.7,0.286,0.665,12,0.5,0.02,7.0,6.893,within horizon
ampicillin,1.3,0.7,0.286,0.665,12,0.65,0.045,7.0,6.819,within horizon
ampicillin,1.3,0.7,0.286,0.665,26,0.35,0.045,14.0,13.119,within horizon
ampicillin,1.3,0.7,0.286,0.665,26,0.5,0.02,14.0,13.193,within horizon
ampicillin,1.3,0.7,0.286,0.665,26,0.65,0.045,14.0,13.119,within horizon
ampicillin,1.3,0.7,0.286,0.665,52,0.35,0.045,25.0,24.819,within horizon
ampicillin,1.3,0.7,0.286,0.665,52,0.5,0.02,25.0,24.893,within horizon
ampicillin,1.3,0.7,0.286,0.665,52,0.65,0.045,25.0,24.819,within horizon
ampicillin,1.3,0.8,0.286,0.76,8,0.35,0.045,5.0,4.383,within horizon
ampicillin,1.3,0.8,0.286,0.76,8,0.5,0.02,5.0,4.457,within horizon
ampicillin,1.3,0.8,0.286,0.76,8,0.65,0.045,5.0,4.383,within horizon
ampicillin,1.3,0.8,0.286,0.76,12,0.35,0.045,7.0,6.183,within horizon
ampicillin,1.3,0.8,0.286,0.76,12,0.5,0.02,7.0,6.257,within horizon
ampicillin,1.3,0.8,0.286,0.76,12,0.65,0.045,7.0,6.183,within horizon
ampicillin,1.3,0.8,0.286,0.76,26,0.35,0.045,13.0,12.483,within horizon
ampicillin,1.3,0.8,0.286,0.76,26,0.5,0.02,13.0,12.557,within horizon
ampicillin,1.3,0.8,0.286,0.76,26,0.65,0.045,13.0,12.483,within horizon
ampicillin,1.3,0.8,0.286,0.76,52,0.35,0.045,25.0,24.183,within horizon
ampicillin,1.3,0.8,0.286,0.76,52,0.5,0.02,25.0,24.257,within horizon
ampicillin,1.3,0.8,0.286,0.76,52,0.65,0.045,25.0,24.183,within horizon
ampicillin,1.3,0.9,0.286,0.855,8,0.35,0.045,4.0,3.947,within horizon
ampicillin,1.3,0.9,0.286,0.855,8,0.5,0.02,5.0,4.022,within horizon
ampicillin,1.3,0.9,0.286,0.855,8,0.65,0.045,4.0,3.947,within horizon
ampicillin,1.3,0.9,0.286,0.855,12,0.35,0.045,6.0,5.747,within horizon
ampicillin,1.3,0.9,0.286,0.855,12,0.5,0.02,6.0,5.822,within horizon
ampicillin,1.3,0.9,0.286,0.855,12,0.65,0.045,6.0,5.747,within horizon
ampicillin,1.3,0.9,0.286,0.855,26,0.35,0.045,13.0,12.047,within horizon
ampicillin,1.3,0.9,0.286,0.855,26,0.5,0.02,13.0,12.122,within horizon
ampicillin,1.3,0.9,0.286,0.855,26,0.65,0.045,13.0,12.047,within horizon
ampicillin,1.3,0.9,0.286,0.855,52,0.35,0.045,24.0,23.747,within horizon
ampicillin,1.3,0.9,0.286,0.855,52,0.5,0.02,24.0,23.822,within horizon
ampicillin,1.3,0.9,0.286,0.855,52,0.65,0.045,24.0,23.747,within horizon
ampicillin,1.3,1.0,0.286,0.95,8,0.35,0.045,4.0,3.615,within horizon
ampicillin,1.3,1.0,0.286,0.95,8,0.5,0.02,4.0,3.69,within horizon
ampicillin,1.3,1.0,0.286,0.95,8,0.65,0.045,4.0,3.615,within horizon
ampicillin,1.3,1.0,0.286,0.95,12,0.35,0.045,6.0,5.415,within horizon
ampicillin,1.3,1.0,0.286,0.95,12,0.5,0.02,6.0,5.49,within horizon
ampicillin,1.3,1.0,0.286,0.95,12,0.65,0.045,6.0,5.415,within horizon
ampicillin,1.3,1.0,0.286,0.95,26,0.35,0.045,12.0,11.715,within horizon
ampicillin,1.3,1.0,0.286,0.95,26,0.5,0.02,12.0,11.79,within horizon
ampicillin,1.3,1.0,0.286,0.95,26,0.65,0.045,12.0,11.715,within horizon
ampicillin,1.3,1.0,0.286,0.95,52,0.35,0.045,24.0,23.415,within horizon
ampicillin,1.3,1.0,0.286,0.95,52,0.5,0.02,24.0,23.49,within horizon
ampicillin,1.3,1.0,0.286,0.95,52,0.65,0.045,24.0,23.415,within horizon
ampicillin,1.3,1.1,0.286,1.0,8,0.35,0.045,4.0,3.468,within horizon
ampicillin,1.3,1.1,0.286,1.0,8,0.5,0.02,4.0,3.543,within horizon
ampicillin,1.3,1.1,0.286,1.0,8,0.65,0.045,4.0,3.468,within horizon
ampicillin,1.3,1.1,0.286,1.0,12,0.35,0.045,6.0,5.268,within horizon
ampicillin,1.3,1.1,0.286,1.0,12,0.5,0.02,6.0,5.343,within horizon
ampicillin,1.3,1.1,0.286,1.0,12,0.65,0.045,6.0,5.268,within horizon
ampicillin,1.3,1.1,0.286,1.0,26,0.35,0.045,12.0,11.568,within horizon
ampicillin,1.3,1.1,0.286,1.0,26,0.5,0.02,12.0,11.643,within horizon
ampicillin,1.3,1.1,0.286,1.0,26,0.65,0.045,12.0,11.568,within horizon
ampicillin,1.3,1.1,0.286,1.0,52,0.35,0.045,24.0,23.268,within horizon
ampicillin,1.3,1.1,0.286,1.0,52,0.5,0.02,24.0,23.343,within horizon
ampicillin,1.3,1.1,0.286,1.0,52,0.65,0.045,24.0,23.268,within horizon
ampicillin,1.3,1.2,0.286,1.0,8,0.35,0.045,4.0,3.468,within horizon
ampicillin,1.3,1.2,0.286,1.0,8,0.5,0.02,4.0,3.543,within horizon
ampicillin,1.3,1.2,0.286,1.0,8,0.65,0.045,4.0,3.468,within horizon
ampicillin,1.3,1.2,0.286,1.0,12,0.35,0.045,6.0,5.268,within horizon
ampicillin,1.3,1.2,0.286,1.0,12,0.5,0.02,6.0,5.343,within horizon
ampicillin,1.3,1.2,0.286,1.0,12,0.65,0.045,6.0,5.268,within horizon
ampicillin,1.3,1.2,0.286,1.0,26,0.35,0.045,12.0,11.568,within horizon
ampicillin,1.3,1.2,0.286,1.0,26,0.5,0.02,12.0,11.643,within horizon
ampicillin,1.3,1.2,0.286,1.0,26,0.65,0.045,12.0,11.568,within horizon
ampicillin,1.3,1.2,0.286,1.0,52,0.35,0.045,24.0,23.268,within horizon
ampicillin,1.3,1.2,0.286,1.0,52,0.5,0.02,24.0,23.343,within horizon
ampicillin,1.3,1.2,0.286,1.0,52,0.65,0.045,24.0,23.268,within horizon
ampicillin,1.3,1.3,0.286,1.0,8,0.35,0.045,4.0,3.468,within horizon
ampicillin,1.3,1.3,0.286,1.0,8,0.5,0.02,4.0,3.543,within horizon
ampicillin,1.3,1.3,0.286,1.0,8,0.65,0.045,4.0,3.468,within horizon
ampicillin,1.3,1.3,0.286,1.0,12,0.35,0.045,6.0,5.268,within horizon
ampicillin,1.3,1.3,0.286,1.0,12,0.5,0.02,6.0,5.343,within horizon
ampicillin,1.3,1.3,0.286,1.0,12,0.65,0.045,6.0,5.268,within horizon
ampicillin,1.3,1.3,0.286,1.0,26,0.35,0.045,12.0,11.568,within horizon
ampicillin,1.3,1.3,0.286,1.0,26,0.5,0.02,12.0,11.643,within horizon
ampicillin,1.3,1.3,0.286,1.0,26,0.65,0.045,12.0,11.568,within horizon
ampicillin,1.3,1.3,0.286,1.0,52,0.35,0.045,24.0,23.268,within horizon
ampicillin,1.3,1.3,0.286,1.0,52,0.5,0.02,24.0,23.343,within horizon
ampicillin,1.3,1.3,0.286,1.0,52,0.65,0.045,24.0,23.268,within horizon
tetracycline,0.7,0.7,0.14,0.63,8,0.35,0.045,8.0,7.179,within horizon
tetracycline,0.7,0.7,0.14,0.63,8,0.5,0.02,8.0,7.332,within horizon
tetracycline,0.7,0.7,0.14,0.63,8,0.65,0.045,8.0,7.179,within horizon
tetracycline,0.7,0.7,0.14,0.63,12,0.35,0.045,9.0,8.979,within horizon
tetracycline,0.7,0.7,0.14,0.63,12,0.5,0.02,10.0,9.132,within horizon
tetracycline,0.7,0.7,0.14,0.63,12,0.65,0.045,9.0,8.979,within horizon
tetracycline,0.7,0.7,0.14,0.63,26,0.35,0.045,16.0,15.279,within horizon
tetracycline,0.7,0.7,0.14,0.63,26,0.5,0.02,16.0,15.432,within horizon
tetracycline,0.7,0.7,0.14,0.63,26,0.65,0.045,16.0,15.279,within horizon
tetracycline,0.7,0.7,0.14,0.63,52,0.35,0.045,27.0,26.979,within horizon
tetracycline,0.7,0.7,0.14,0.63,52,0.5,0.02,28.0,27.132,within horizon
tetracycline,0.7,0.7,0.14,0.63,52,0.65,0.045,27.0,26.979,within horizon
tetracycline,0.7,0.8,0.14,0.72,8,0.35,0.045,6.0,5.676,within horizon
tetracycline,0.7,0.8,0.14,0.72,8,0.5,0.02,6.0,5.829,within horizon
tetracycline,0.7,0.8,0.14,0.72,8,0.65,0.045,6.0,5.676,within horizon
tetracycline,0.7,0.8,0.14,0.72,12,0.35,0.045,8.0,7.476,within horizon
tetracycline,0.7,0.8,0.14,0.72,12,0.5,0.02,8.0,7.629,within horizon
tetracycline,0.7,0.8,0.14,0.72,12,0.65,0.045,8.0,7.476,within horizon
tetracycline,0.7,0.8,0.14,0.72,26,0.35,0.045,14.0,13.776,within horizon
tetracycline,0.7,0.8,0.14,0.72,26,0.5,0.02,14.0,13.929,within horizon
tetracycline,0.7,0.8,0.14,0.72,26,0.65,0.045,14.0,13.776,within horizon
tetracycline,0.7,0.8,0.14,0.72,52,0.35,0.045,26.0,25.476,within horizon
tetracycline,0.7,0.8,0.14,0.72,52,0.5,0.02,26.0,25.629,within horizon
tetracycline,0.7,0.8,0.14,0.72,52,0.65,0.045,26.0,25.476,within horizon
tetracycline,0.7,0.9,0.14,0.81,8,0.35,0.045,5.0,4.696,within horizon
tetracycline,0.7,0.9,0.14,0.81,8,0.5,0.02,5.0,4.849,within horizon
tetracycline,0.7,0.9,0.14,0.81,8,0.65,0.045,5.0,4.696,within horizon
tetracycline,0.7,0.9,0.14,0.81,12,0.35,0.045,7.0,6.496,within horizon
tetracycline,0.7,0.9,0.14,0.81,12,0.5,0.02,7.0,6.649,within horizon
tetracycline,0.7,0.9,0.14,0.81,12,0.65,0.045,7.0,6.496,within horizon
tetracycline,0.7,0.9,0.14,0.81,26,0.35,0.045,13.0,12.796,within horizon
tetracycline,0.7,0.9,0.14,0.81,26,0.5,0.02,13.0,12.949,within horizon
tetracycline,0.7,0.9,0.14,0.81,26,0.65,0.045,13.0,12.796,within horizon
tetracycline,0.7,0.9,0.14,0.81,52,0.35,0.045,25.0,24.496,within horizon
tetracycline,0.7,0.9,0.14,0.81,52,0.5,0.02,25.0,24.649,within horizon
tetracycline,0.7,0.9,0.14,0.81,52,0.65,0.045,25.0,24.496,within horizon
tetracycline,0.7,1.0,0.14,0.9,8,0.35,0.045,4.0,3.968,within horizon
tetracycline,0.7,1.0,0.14,0.9,8,0.5,0.02,5.0,4.121,within horizon
tetracycline,0.7,1.0,0.14,0.9,8,0.65,0.045,4.0,3.968,within horizon
tetracycline,0.7,1.0,0.14,0.9,12,0.35,0.045,6.0,5.768,within horizon
tetracycline,0.7,1.0,0.14,0.9,12,0.5,0.02,6.0,5.921,within horizon
tetracycline,0.7,1.0,0.14,0.9,12,0.65,0.045,6.0,5.768,within horizon
tetracycline,0.7,1.0,0.14,0.9,26,0.35,0.045,13.0,12.068,within horizon
tetracycline,0.7,1.0,0.14,0.9,26,0.5,0.02,13.0,12.221,within horizon
tetracycline,0.7,1.0,0.14,0.9,26,0.65,0.045,13.0,12.068,within horizon
tetracycline,0.7,1.0,0.14,0.9,52,0.35,0.045,24.0,23.768,within horizon
tetracycline,0.7,1.0,0.14,0.9,52,0.5,0.02,24.0,23.921,within horizon
tetracycline,0.7,1.0,0.14,0.9,52,0.65,0.045,24.0,23.768,within horizon
tetracycline,0.7,1.1,0.14,0.99,8,0.35,0.045,4.0,3.388,within horizon
tetracycline,0.7,1.1,0.14,0.99,8,0.5,0.02,4.0,3.541,within horizon
tetracycline,0.7,1.1,0.14,0.99,8,0.65,0.045,4.0,3.388,within horizon
tetracycline,0.7,1.1,0.14,0.99,12,0.35,0.045,6.0,5.188,within horizon
tetracycline,0.7,1.1,0.14,0.99,12,0.5,0.02,6.0,5.341,within horizon
tetracycline,0.7,1.1,0.14,0.99,12,0.65,0.045,6.0,5.188,within horizon
tetracycline,0.7,1.1,0.14,0.99,26,0.35,0.045,12.0,11.488,within horizon
tetracycline,0.7,1.1,0.14,0.99,26,0.5,0.02,12.0,11.641,within horizon
tetracycline,0.7,1.1,0.14,0.99,26,0.65,0.045,12.0,11.488,within horizon
tetracycline,0.7,1.1,0.14,0.99,52,0.35,0.045,24.0,23.188,within horizon
tetracycline,0.7,1.1,0.14,0.99,52,0.5,0.02,24.0,23.341,within horizon
tetracycline,0.7,1.1,0.14,0.99,52,0.65,0.045,24.0,23.188,within horizon
tetracycline,0.7,1.2,0.14,1.0,8,0.35,0.045,4.0,3.331,within horizon
tetracycline,0.7,1.2,0.14,1.0,8,0.5,0.02,4.0,3.483,within horizon
tetracycline,0.7,1.2,0.14,1.0,8,0.65,0.045,4.0,3.331,within horizon
tetracycline,0.7,1.2,0.14,1.0,12,0.35,0.045,6.0,5.131,within horizon
tetracycline,0.7,1.2,0.14,1.0,12,0.5,0.02,6.0,5.283,within horizon
tetracycline,0.7,1.2,0.14,1.0,12,0.65,0.045,6.0,5.131,within horizon
tetracycline,0.7,1.2,0.14,1.0,26,0.35,0.045,12.0,11.431,within horizon
tetracycline,0.7,1.2,0.14,1.0,26,0.5,0.02,12.0,11.583,within horizon
tetracycline,0.7,1.2,0.14,1.0,26,0.65,0.045,12.0,11.431,within horizon
tetracycline,0.7,1.2,0.14,1.0,52,0.35,0.045,24.0,23.131,within horizon
tetracycline,0.7,1.2,0.14,1.0,52,0.5,0.02,24.0,23.283,within horizon
tetracycline,0.7,1.2,0.14,1.0,52,0.65,0.045,24.0,23.131,within horizon
tetracycline,0.7,1.3,0.14,1.0,8,0.35,0.045,4.0,3.331,within horizon
tetracycline,0.7,1.3,0.14,1.0,8,0.5,0.02,4.0,3.483,within horizon
tetracycline,0.7,1.3,0.14,1.0,8,0.65,0.045,4.0,3.331,within horizon
tetracycline,0.7,1.3,0.14,1.0,12,0.35,0.045,6.0,5.131,within horizon
tetracycline,0.7,1.3,0.14,1.0,12,0.5,0.02,6.0,5.283,within horizon
tetracycline,0.7,1.3,0.14,1.0,12,0.65,0.045,6.0,5.131,within horizon
tetracycline,0.7,1.3,0.14,1.0,26,0.35,0.045,12.0,11.431,within horizon
tetracycline,0.7,1.3,0.14,1.0,26,0.5,0.02,12.0,11.583,within horizon
tetracycline,0.7,1.3,0.14,1.0,26,0.65,0.045,12.0,11.431,within horizon
tetracycline,0.7,1.3,0.14,1.0,52,0.35,0.045,24.0,23.131,within horizon
tetracycline,0.7,1.3,0.14,1.0,52,0.5,0.02,24.0,23.283,within horizon
tetracycline,0.7,1.3,0.14,1.0,52,0.65,0.045,24.0,23.131,within horizon
tetracycline,0.8,0.7,0.16,0.63,8,0.35,0.045,7.0,6.732,within horizon
tetracycline,0.8,0.7,0.16,0.63,8,0.5,0.02,7.0,6.866,within horizon
tetracycline,0.8,0.7,0.16,0.63,8,0.65,0.045,7.0,6.732,within horizon
tetracycline,0.8,0.7,0.16,0.63,12,0.35,0.045,9.0,8.532,within horizon
tetracycline,0.8,0.7,0.16,0.63,12,0.5,0.02,9.0,8.666,within horizon
tetracycline,0.8,0.7,0.16,0.63,12,0.65,0.045,9.0,8.532,within horizon
tetracycline,0.8,0.7,0.16,0.63,26,0.35,0.045,15.0,14.832,within horizon
tetracycline,0.8,0.7,0.16,0.63,26,0.5,0.02,15.0,14.966,within horizon
tetracycline,0.8,0.7,0.16,0.63,26,0.65,0.045,15.0,14.832,within horizon
tetracycline,0.8,0.7,0.16,0.63,52,0.35,0.045,27.0,26.532,within horizon
tetracycline,0.8,0.7,0.16,0.63,52,0.5,0.02,27.0,26.666,within horizon
tetracycline,0.8,0.7,0.16,0.63,52,0.65,0.045,27.0,26.532,within horizon
tetracycline,0.8,0.8,0.16,0.72,8,0.35,0.045,6.0,5.417,within horizon
tetracycline,0.8,0.8,0.16,0.72,8,0.5,0.02,6.0,5.55,within horizon
tetracycline,0.8,0.8,0.16,0.72,8,0.65,0.045,6.0,5.417,within horizon
tetracycline,0.8,0.8,0.16,0.72,12,0.35,0.045,8.0,7.217,within horizon
tetracycline,0.8,0.8,0.16,0.72,12,0.5,0.02,8.0,7.35,within horizon
tetracycline,0.8,0.8,0.16,0.72,12,0.65,0.045,8.0,7.217,within horizon
tetracycline,0.8,0.8,0.16,0.72,26,0.35,0.045,14.0,13.517,within horizon
tetracycline,0.8,0.8,0.16,0.72,26,0.5,0.02,14.0,13.65,within horizon
tetracycline,0.8,0.8,0.16,0.72,26,0.65,0.045,14.0,13.517,within horizon
tetracycline,0.8,0.8,0.16,0.72,52,0.35,0.045,26.0,25.217,within horizon
tetracycline,0.8,0.8,0.16,0.72,52,0.5,0.02,26.0,25.35,within horizon
tetracycline,0.8,0.8,0.16,0.72,52,0.65,0.045,26.0,25.217,within horizon
tetracycline,0.8,0.9,0.16,0.81,8,0.35,0.045,5.0,4.559,within horizon
tetracycline,0.8,0.9,0.16,0.81,8,0.5,0.02,5.0,4.693,within horizon
tetracycline,0.8,0.9,0.16,0.81,8,0.65,0.045,5.0,4.559,within horizon
tetracycline,0.8,0.9,0.16,0.81,12,0.35,0.045,7.0,6.359,within horizon
tetracycline,0.8,0.9,0.16,0.81,12,0.5,0.02,7.0,6.493,within horizon
tetracycline,0.8,0.9,0.16,0.81,12,0.65,0.045,7.0,6.359,within horizon
tetracycline,0.8,0.9,0.16,0.81,26,0.35,0.045,13.0,12.659,within horizon
tetracycline,0.8,0.9,0.16,0.81,26,0.5,0.02,13.0,12.793,within horizon
tetracycline,0.8,0.9,0.16,0.81,26,0.65,0.045,13.0,12.659,within horizon
tetracycline,0.8,0.9,0.16,0.81,52,0.35,0.045,25.0,24.359,within horizon
tetracycline,0.8,0.9,0.16,0.81,52,0.5,0.02,25.0,24.493,within horizon
tetracycline,0.8,0.9,0.16,0.81,52,0.65,0.045,25.0,24.359,within horizon
tetracycline,0.8,1.0,0.16,0.9,8,0.35,0.045,4.0,3.922,within horizon
tetracycline,0.8,1.0,0.16,0.9,8,0.5,0.02,5.0,4.056,within horizon
tetracycline,0.8,1.0,0.16,0.9,8,0.65,0.045,4.0,3.922,within horizon
tetracycline,0.8,1.0,0.16,0.9,12,0.35,0.045,6.0,5.722,within horizon
tetracycline,0.8,1.0,0.16,0.9,12,0.5,0.02,6.0,5.856,within horizon
tetracycline,0.8,1.0,0.16,0.9,12,0.65,0.045,6.0,5.722,within horizon
tetracycline,0.8,1.0,0.16,0.9,26,0.35,0.045,13.0,12.022,within horizon
tetracycline,0.8,1.0,0.16,0.9,26,0.5,0.02,13.0,12.156,within horizon
tetracycline,0.8,1.0,0.16,0.9,26,0.65,0.045,13.0,12.022,within horizon
tetracycline,0.8,1.0,0.16,0.9,52,0.35,0.045,24.0,23.722,within horizon
tetracycline,0.8,1.0,0.16,0.9,52,0.5,0.02,24.0,23.856,within horizon
tetracycline,0.8,1.0,0.16,0.9,52,0.65,0.045,24.0,23.722,within horizon
tetracycline,0.8,1.1,0.16,0.99,8,0.35,0.045,4.0,3.415,within horizon
tetracycline,0.8,1.1,0.16,0.99,8,0.5,0.02,4.0,3.548,within horizon
tetracycline,0.8,1.1,0.16,0.99,8,0.65,0.045,4.0,3.415,within horizon
tetracycline,0.8,1.1,0.16,0.99,12,0.35,0.045,6.0,5.215,within horizon
tetracycline,0.8,1.1,0.16,0.99,12,0.5,0.02,6.0,5.348,within horizon
tetracycline,0.8,1.1,0.16,0.99,12,0.65,0.045,6.0,5.215,within horizon
tetracycline,0.8,1.1,0.16,0.99,26,0.35,0.045,12.0,11.515,within horizon
tetracycline,0.8,1.1,0.16,0.99,26,0.5,0.02,12.0,11.648,within horizon
tetracycline,0.8,1.1,0.16,0.99,26,0.65,0.045,12.0,11.515,within horizon
tetracycline,0.8,1.1,0.16,0.99,52,0.35,0.045,24.0,23.215,within horizon
tetracycline,0.8,1.1,0.16,0.99,52,0.5,0.02,24.0,23.348,within horizon
tetracycline,0.8,1.1,0.16,0.99,52,0.65,0.045,24.0,23.215,within horizon
tetracycline,0.8,1.2,0.16,1.0,8,0.35,0.045,4.0,3.364,within horizon
tetracycline,0.8,1.2,0.16,1.0,8,0.5,0.02,4.0,3.498,within horizon
tetracycline,0.8,1.2,0.16,1.0,8,0.65,0.045,4.0,3.364,within horizon
tetracycline,0.8,1.2,0.16,1.0,12,0.35,0.045,6.0,5.164,within horizon
tetracycline,0.8,1.2,0.16,1.0,12,0.5,0.02,6.0,5.298,within horizon
tetracycline,0.8,1.2,0.16,1.0,12,0.65,0.045,6.0,5.164,within horizon
tetracycline,0.8,1.2,0.16,1.0,26,0.35,0.045,12.0,11.464,within horizon
tetracycline,0.8,1.2,0.16,1.0,26,0.5,0.02,12.0,11.598,within horizon
tetracycline,0.8,1.2,0.16,1.0,26,0.65,0.045,12.0,11.464,within horizon
tetracycline,0.8,1.2,0.16,1.0,52,0.35,0.045,24.0,23.164,within horizon
tetracycline,0.8,1.2,0.16,1.0,52,0.5,0.02,24.0,23.298,within horizon
tetracycline,0.8,1.2,0.16,1.0,52,0.65,0.045,24.0,23.164,within horizon
tetracycline,0.8,1.3,0.16,1.0,8,0.35,0.045,4.0,3.364,within horizon
tetracycline,0.8,1.3,0.16,1.0,8,0.5,0.02,4.0,3.498,within horizon
tetracycline,0.8,1.3,0.16,1.0,8,0.65,0.045,4.0,3.364,within horizon
tetracycline,0.8,1.3,0.16,1.0,12,0.35,0.045,6.0,5.164,within horizon
tetracycline,0.8,1.3,0.16,1.0,12,0.5,0.02,6.0,5.298,within horizon
tetracycline,0.8,1.3,0.16,1.0,12,0.65,0.045,6.0,5.164,within horizon
tetracycline,0.8,1.3,0.16,1.0,26,0.35,0.045,12.0,11.464,within horizon
tetracycline,0.8,1.3,0.16,1.0,26,0.5,0.02,12.0,11.598,within horizon
tetracycline,0.8,1.3,0.16,1.0,26,0.65,0.045,12.0,11.464,within horizon
tetracycline,0.8,1.3,0.16,1.0,52,0.35,0.045,24.0,23.164,within horizon
tetracycline,0.8,1.3,0.16,1.0,52,0.5,0.02,24.0,23.298,within horizon
tetracycline,0.8,1.3,0.16,1.0,52,0.65,0.045,24.0,23.164,within horizon
tetracycline,0.9,0.7,0.18,0.63,8,0.35,0.045,7.0,6.384,within horizon
tetracycline,0.9,0.7,0.18,0.63,8,0.5,0.02,7.0,6.503,within horizon
tetracycline,0.9,0.7,0.18,0.63,8,0.65,0.045,7.0,6.384,within horizon
tetracycline,0.9,0.7,0.18,0.63,12,0.35,0.045,9.0,8.184,within horizon
tetracycline,0.9,0.7,0.18,0.63,12,0.5,0.02,9.0,8.303,within horizon
tetracycline,0.9,0.7,0.18,0.63,12,0.65,0.045,9.0,8.184,within horizon
tetracycline,0.9,0.7,0.18,0.63,26,0.35,0.045,15.0,14.484,within horizon
tetracycline,0.9,0.7,0.18,0.63,26,0.5,0.02,15.0,14.603,within horizon
tetracycline,0.9,0.7,0.18,0.63,26,0.65,0.045,15.0,14.484,within horizon
tetracycline,0.9,0.7,0.18,0.63,52,0.35,0.045,27.0,26.184,within horizon
tetracycline,0.9,0.7,0.18,0.63,52,0.5,0.02,27.0,26.303,within horizon
tetracycline,0.9,0.7,0.18,0.63,52,0.65,0.045,27.0,26.184,within horizon
tetracycline,0.9,0.8,0.18,0.72,8,0.35,0.045,6.0,5.215,within horizon
tetracycline,0.9,0.8,0.18,0.72,8,0.5,0.02,6.0,5.334,within horizon
tetracycline,0.9,0.8,0.18,0.72,8,0.65,0.045,6.0,5.215,within horizon
tetracycline,0.9,0.8,0.18,0.72,12,0.35,0.045,8.0,7.015,within horizon
tetracycline,0.9,0.8,0.18,0.72,12,0.5,0.02,8.0,7.134,within horizon
tetracycline,0.9,0.8,0.18,0.72,12,0.65,0.045,8.0,7.015,within horizon
tetracycline,0.9,0.8,0.18,0.72,26,0.35,0.045,14.0,13.315,within horizon
tetracycline,0.9,0.8,0.18,0.72,26,0.5,0.02,14.0,13.434,within horizon
tetracycline,0.9,0.8,0.18,0.72,26,0.65,0.045,14.0,13.315,within horizon
tetracycline,0.9,0.8,0.18,0.72,52,0.35,0.045,26.0,25.015,within horizon
tetracycline,0.9,0.8,0.18,0.72,52,0.5,0.02,26.0,25.134,within horizon
tetracycline,0.9,0.8,0.18,0.72,52,0.65,0.045,26.0,25.015,within horizon
tetracycline,0.9,0.9,0.18,0.81,8,0.35,0.045,5.0,4.453,within horizon
tetracycline,0.9,0.9,0.18,0.81,8,0.5,0.02,5.0,4.572,within horizon
tetracycline,0.9,0.9,0.18,0.81,8,0.65,0.045,5.0,4.453,within horizon
tetracycline,0.9,0.9,0.18,0.81,12,0.35,0.045,7.0,6.253,within horizon
tetracycline,0.9,0.9,0.18,0.81,12,0.5,0.02,7.0,6.372,within horizon
tetracycline,0.9,0.9,0.18,0.81,12,0.65,0.045,7.0,6.253,within horizon
tetracycline,0.9,0.9,0.18,0.81,26,0.35,0.045,13.0,12.553,within horizon
tetracycline,0.9,0.9,0.18,0.81,26,0.5,0.02,13.0,12.672,within horizon
tetracycline,0.9,0.9,0.18,0.81,26,0.65,0.045,13.0,12.553,within horizon
tetracycline,0.9,0.9,0.18,0.81,52,0.35,0.045,25.0,24.253,within horizon
tetracycline,0.9,0.9,0.18,0.81,52,0.5,0.02,25.0,24.372,within horizon
tetracycline,0.9,0.9,0.18,0.81,52,0.65,0.045,25.0,24.253,within horizon
tetracycline,0.9,1.0,0.18,0.9,8,0.35,0.045,4.0,3.886,within horizon
tetracycline,0.9,1.0,0.18,0.9,8,0.5,0.02,5.0,4.005,within horizon
tetracycline,0.9,1.0,0.18,0.9,8,0.65,0.045,4.0,3.886,within horizon
tetracycline,0.9,1.0,0.18,0.9,12,0.35,0.045,6.0,5.686,within horizon
tetracycline,0.9,1.0,0.18,0.9,12,0.5,0.02,6.0,5.805,within horizon
tetracycline,0.9,1.0,0.18,0.9,12,0.65,0.045,6.0,5.686,within horizon
tetracycline,0.9,1.0,0.18,0.9,26,0.35,0.045,12.0,11.986,within horizon
tetracycline,0.9,1.0,0.18,0.9,26,0.5,0.02,13.0,12.105,within horizon
tetracycline,0.9,1.0,0.18,0.9,26,0.65,0.045,12.0,11.986,within horizon
tetracycline,0.9,1.0,0.18,0.9,52,0.35,0.045,24.0,23.686,within horizon
tetracycline,0.9,1.0,0.18,0.9,52,0.5,0.02,24.0,23.805,within horizon
tetracycline,0.9,1.0,0.18,0.9,52,0.65,0.045,24.0,23.686,within horizon
tetracycline,0.9,1.1,0.18,0.99,8,0.35,0.045,4.0,3.435,within horizon
tetracycline,0.9,1.1,0.18,0.99,8,0.5,0.02,4.0,3.554,within horizon
tetracycline,0.9,1.1,0.18,0.99,8,0.65,0.045,4.0,3.435,within horizon
tetracycline,0.9,1.1,0.18,0.99,12,0.35,0.045,6.0,5.235,within horizon
tetracycline,0.9,1.1,0.18,0.99,12,0.5,0.02,6.0,5.354,within horizon
tetracycline,0.9,1.1,0.18,0.99,12,0.65,0.045,6.0,5.235,within horizon
tetracycline,0.9,1.1,0.18,0.99,26,0.35,0.045,12.0,11.535,within horizon
tetracycline,0.9,1.1,0.18,0.99,26,0.5,0.02,12.0,11.654,within horizon
tetracycline,0.9,1.1,0.18,0.99,26,0.65,0.045,12.0,11.535,within horizon
tetracycline,0.9,1.1,0.18,0.99,52,0.35,0.045,24.0,23.235,within horizon
tetracycline,0.9,1.1,0.18,0.99,52,0.5,0.02,24.0,23.354,within horizon
tetracycline,0.9,1.1,0.18,0.99,52,0.65,0.045,24.0,23.235,within horizon
tetracycline,0.9,1.2,0.18,1.0,8,0.35,0.045,4.0,3.39,within horizon
tetracycline,0.9,1.2,0.18,1.0,8,0.5,0.02,4.0,3.509,within horizon
tetracycline,0.9,1.2,0.18,1.0,8,0.65,0.045,4.0,3.39,within horizon
tetracycline,0.9,1.2,0.18,1.0,12,0.35,0.045,6.0,5.19,within horizon
tetracycline,0.9,1.2,0.18,1.0,12,0.5,0.02,6.0,5.309,within horizon
tetracycline,0.9,1.2,0.18,1.0,12,0.65,0.045,6.0,5.19,within horizon
tetracycline,0.9,1.2,0.18,1.0,26,0.35,0.045,12.0,11.49,within horizon
tetracycline,0.9,1.2,0.18,1.0,26,0.5,0.02,12.0,11.609,within horizon
tetracycline,0.9,1.2,0.18,1.0,26,0.65,0.045,12.0,11.49,within horizon
tetracycline,0.9,1.2,0.18,1.0,52,0.35,0.045,24.0,23.19,within horizon
tetracycline,0.9,1.2,0.18,1.0,52,0.5,0.02,24.0,23.309,within horizon
tetracycline,0.9,1.2,0.18,1.0,52,0.65,0.045,24.0,23.19,within horizon
tetracycline,0.9,1.3,0.18,1.0,8,0.35,0.045,4.0,3.39,within horizon
tetracycline,0.9,1.3,0.18,1.0,8,0.5,0.02,4.0,3.509,within horizon
tetracycline,0.9,1.3,0.18,1.0,8,0.65,0.045,4.0,3.39,within horizon
tetracycline,0.9,1.3,0.18,1.0,12,0.35,0.045,6.0,5.19,within horizon
tetracycline,0.9,1.3,0.18,1.0,12,0.5,0.02,6.0,5.309,within horizon
tetracycline,0.9,1.3,0.18,1.0,12,0.65,0.045,6.0,5.19,within horizon
tetracycline,0.9,1.3,0.18,1.0,26,0.35,0.045,12.0,11.49,within horizon
tetracycline,0.9,1.3,0.18,1.0,26,0.5,0.02,12.0,11.609,within horizon
tetracycline,0.9,1.3,0.18,1.0,26,0.65,0.045,12.0,11.49,within horizon
tetracycline,0.9,1.3,0.18,1.0,52,0.35,0.045,24.0,23.19,within horizon
tetracycline,0.9,1.3,0.18,1.0,52,0.5,0.02,24.0,23.309,within horizon
tetracycline,0.9,1.3,0.18,1.0,52,0.65,0.045,24.0,23.19,within horizon
tetracycline,1.0,0.7,0.2,0.63,8,0.35,0.045,7.0,6.106,within horizon
tetracycline,1.0,0.7,0.2,0.63,8,0.5,0.02,7.0,6.213,within horizon
tetracycline,1.0,0.7,0.2,0.63,8,0.65,0.045,7.0,6.106,within horizon
tetracycline,1.0,0.7,0.2,0.63,12,0.35,0.045,8.0,7.906,within horizon
tetracycline,1.0,0.7,0.2,0.63,12,0.5,0.02,9.0,8.013,within horizon
tetracycline,1.0,0.7,0.2,0.63,12,0.65,0.045,8.0,7.906,within horizon
tetracycline,1.0,0.7,0.2,0.63,26,0.35,0.045,15.0,14.206,within horizon
tetracycline,1.0,0.7,0.2,0.63,26,0.5,0.02,15.0,14.313,within horizon
tetracycline,1.0,0.7,0.2,0.63,26,0.65,0.045,15.0,14.206,within horizon
tetracycline,1.0,0.7,0.2,0.63,52,0.35,0.045,26.0,25.906,within horizon
tetracycline,1.0,0.7,0.2,0.63,52,0.5,0.02,27.0,26.013,within horizon
tetracycline,1.0,0.7,0.2,0.63,52,0.65,0.045,26.0,25.906,within horizon
tetracycline,1.0,0.8,0.2,0.72,8,0.35,0.045,6.0,5.053,within horizon
tetracycline,1.0,0.8,0.2,0.72,8,0.5,0.02,6.0,5.16,within horizon
tetracycline,1.0,0.8,0.2,0.72,8,0.65,0.045,6.0,5.053,within horizon
tetracycline,1.0,0.8,0.2,0.72,12,0.35,0.045,7.0,6.853,within horizon
tetracycline,1.0,0.8,0.2,0.72,12,0.5,0.02,7.0,6.96,within horizon
tetracycline,1.0,0.8,0.2,0.72,12,0.65,0.045,7.0,6.853,within horizon
tetracycline,1.0,0.8,0.2,0.72,26,0.35,0.045,14.0,13.153,within horizon
tetracycline,1.0,0.8,0.2,0.72,26,0.5,0.02,14.0,13.26,within horizon
tetracycline,1.0,0.8,0.2,0.72,26,0.65,0.045,14.0,13.153,within horizon
tetracycline,1.0,0.8,0.2,0.72,52,0.35,0.045,25.0,24.853,within horizon
tetracycline,1.0,0.8,0.2,0.72,52,0.5,0.02,25.0,24.96,within horizon
tetracycline,1.0,0.8,0.2,0.72,52,0.65,0.045,25.0,24.853,within horizon
tetracycline,1.0,0.9,0.2,0.81,8,0.35,0.045,5.0,4.367,within horizon
tetracycline,1.0,0.9,0.2,0.81,8,0.5,0.02,5.0,4.474,within horizon
tetracycline,1.0,0.9,0.2,0.81,8,0.65,0.045,5.0,4.367,within horizon
tetracycline,1.0,0.9,0.2,0.81,12,0.35,0.045,7.0,6.167,within horizon
tetracycline,1.0,0.9,0.2,0.81,12,0.5,0.02,7.0,6.274,within horizon
tetracycline,1.0,0.9,0.2,0.81,12,0.65,0.045,7.0,6.167,within horizon
tetracycline,1.0,0.9,0.2,0.81,26,0.35,0.045,13.0,12.467,within horizon
tetracycline,1.0,0.9,0.2,0.81,26,0.5,0.02,13.0,12.574,within horizon
tetracycline,1.0,0.9,0.2,0.81,26,0.65,0.045,13.0,12.467,within horizon
tetracycline,1.0,0.9,0.2,0.81,52,0.35,0.045,25.0,24.167,within horizon
tetracycline,1.0,0.9,0.2,0.81,52,0.5,0.02,25.0,24.274,within horizon
tetracycline,1.0,0.9,0.2,0.81,52,0.65,0.045,25.0,24.167,within horizon
tetracycline,1.0,1.0,0.2,0.9,8,0.35,0.045,4.0,3.858,within horizon
tetracycline,1.0,1.0,0.2,0.9,8,0.5,0.02,4.0,3.965,within horizon
tetracycline,1.0,1.0,0.2,0.9,8,0.65,0.045,4.0,3.858,within horizon
tetracycline,1.0,1.0,0.2,0.9,12,0.35,0.045,6.0,5.658,within horizon
tetracycline,1.0,1.0,0.2,0.9,12,0.5,0.02,6.0,5.765,within horizon
tetracycline,1.0,1.0,0.2,0.9,12,0.65,0.045,6.0,5.658,within horizon
tetracycline,1.0,1.0,0.2,0.9,26,0.35,0.045,12.0,11.958,within horizon
tetracycline,1.0,1.0,0.2,0.9,26,0.5,0.02,13.0,12.065,within horizon
tetracycline,1.0,1.0,0.2,0.9,26,0.65,0.045,12.0,11.958,within horizon
tetracycline,1.0,1.0,0.2,0.9,52,0.35,0.045,24.0,23.658,within horizon
tetracycline,1.0,1.0,0.2,0.9,52,0.5,0.02,24.0,23.765,within horizon
tetracycline,1.0,1.0,0.2,0.9,52,0.65,0.045,24.0,23.658,within horizon
tetracycline,1.0,1.1,0.2,0.99,8,0.35,0.045,4.0,3.452,within horizon
tetracycline,1.0,1.1,0.2,0.99,8,0.5,0.02,4.0,3.559,within horizon
tetracycline,1.0,1.1,0.2,0.99,8,0.65,0.045,4.0,3.452,within horizon
tetracycline,1.0,1.1,0.2,0.99,12,0.35,0.045,6.0,5.252,within horizon
tetracycline,1.0,1.1,0.2,0.99,12,0.5,0.02,6.0,5.359,within horizon
tetracycline,1.0,1.1,0.2,0.99,12,0.65,0.045,6.0,5.252,within horizon
tetracycline,1.0,1.1,0.2,0.99,26,0.35,0.045,12.0,11.552,within horizon
tetracycline,1.0,1.1,0.2,0.99,26,0.5,0.02,12.0,11.659,within horizon
tetracycline,1.0,1.1,0.2,0.99,26,0.65,0.045,12.0,11.552,within horizon
tetracycline,1.0,1.1,0.2,0.99,52,0.35,0.045,24.0,23.252,within horizon
tetracycline,1.0,1.1,0.2,0.99,52,0.5,0.02,24.0,23.359,within horizon
tetracycline,1.0,1.1,0.2,0.99,52,0.65,0.045,24.0,23.252,within horizon
tetracycline,1.0,1.2,0.2,1.0,8,0.35,0.045,4.0,3.411,within horizon
tetracycline,1.0,1.2,0.2,1.0,8,0.5,0.02,4.0,3.518,within horizon
tetracycline,1.0,1.2,0.2,1.0,8,0.65,0.045,4.0,3.411,within horizon
tetracycline,1.0,1.2,0.2,1.0,12,0.35,0.045,6.0,5.211,within horizon
tetracycline,1.0,1.2,0.2,1.0,12,0.5,0.02,6.0,5.318,within horizon
tetracycline,1.0,1.2,0.2,1.0,12,0.65,0.045,6.0,5.211,within horizon
tetracycline,1.0,1.2,0.2,1.0,26,0.35,0.045,12.0,11.511,within horizon
tetracycline,1.0,1.2,0.2,1.0,26,0.5,0.02,12.0,11.618,within horizon
tetracycline,1.0,1.2,0.2,1.0,26,0.65,0.045,12.0,11.511,within horizon
tetracycline,1.0,1.2,0.2,1.0,52,0.35,0.045,24.0,23.211,within horizon
tetracycline,1.0,1.2,0.2,1.0,52,0.5,0.02,24.0,23.318,within horizon
tetracycline,1.0,1.2,0.2,1.0,52,0.65,0.045,24.0,23.211,within horizon
tetracycline,1.0,1.3,0.2,1.0,8,0.35,0.045,4.0,3.411,within horizon
tetracycline,1.0,1.3,0.2,1.0,8,0.5,0.02,4.0,3.518,within horizon
tetracycline,1.0,1.3,0.2,1.0,8,0.65,0.045,4.0,3.411,within horizon
tetracycline,1.0,1.3,0.2,1.0,12,0.35,0.045,6.0,5.211,within horizon
tetracycline,1.0,1.3,0.2,1.0,12,0.5,0.02,6.0,5.318,within horizon
tetracycline,1.0,1.3,0.2,1.0,12,0.65,0.045,6.0,5.211,within horizon
tetracycline,1.0,1.3,0.2,1.0,26,0.35,0.045,12.0,11.511,within horizon
tetracycline,1.0,1.3,0.2,1.0,26,0.5,0.02,12.0,11.618,within horizon
tetracycline,1.0,1.3,0.2,1.0,26,0.65,0.045,12.0,11.511,within horizon
tetracycline,1.0,1.3,0.2,1.0,52,0.35,0.045,24.0,23.211,within horizon
tetracycline,1.0,1.3,0.2,1.0,52,0.5,0.02,24.0,23.318,within horizon
tetracycline,1.0,1.3,0.2,1.0,52,0.65,0.045,24.0,23.211,within horizon
tetracycline,1.1,0.7,0.22,0.63,8,0.35,0.045,6.0,5.878,within horizon
tetracycline,1.1,0.7,0.22,0.63,8,0.5,0.02,6.0,5.975,within horizon
tetracycline,1.1,0.7,0.22,0.63,8,0.65,0.045,6.0,5.878,within horizon
tetracycline,1.1,0.7,0.22,0.63,12,0.35,0.045,8.0,7.678,within horizon
tetracycline,1.1,0.7,0.22,0.63,12,0.5,0.02,8.0,7.775,within horizon
tetracycline,1.1,0.7,0.22,0.63,12,0.65,0.045,8.0,7.678,within horizon
tetracycline,1.1,0.7,0.22,0.63,26,0.35,0.045,14.0,13.978,within horizon
tetracycline,1.1,0.7,0.22,0.63,26,0.5,0.02,15.0,14.075,within horizon
tetracycline,1.1,0.7,0.22,0.63,26,0.65,0.045,14.0,13.978,within horizon
tetracycline,1.1,0.7,0.22,0.63,52,0.35,0.045,26.0,25.678,within horizon
tetracycline,1.1,0.7,0.22,0.63,52,0.5,0.02,26.0,25.775,within horizon
tetracycline,1.1,0.7,0.22,0.63,52,0.65,0.045,26.0,25.678,within horizon
tetracycline,1.1,0.8,0.22,0.72,8,0.35,0.045,5.0,4.921,within horizon
tetracycline,1.1,0.8,0.22,0.72,8,0.5,0.02,6.0,5.018,within horizon
tetracycline,1.1,0.8,0.22,0.72,8,0.65,0.045,5.0,4.921,within horizon
tetracycline,1.1,0.8,0.22,0.72,12,0.35,0.045,7.0,6.721,within horizon
tetracycline,1.1,0.8,0.22,0.72,12,0.5,0.02,7.0,6.818,within horizon
tetracycline,1.1,0.8,0.22,0.72,12,0.65,0.045,7.0,6.721,within horizon
tetracycline,1.1,0.8,0.22,0.72,26,0.35,0.045,14.0,13.021,within horizon
tetracycline,1.1,0.8,0.22,0.72,26,0.5,0.02,14.0,13.118,within horizon
tetracycline,1.1,0.8,0.22,0.72,26,0.65,0.045,14.0,13.021,within horizon
tetracycline,1.1,0.8,0.22,0.72,52,0.35,0.045,25.0,24.721,within horizon
tetracycline,1.1,0.8,0.22,0.72,52,0.5,0.02,25.0,24.818,within horizon
tetracycline,1.1,0.8,0.22,0.72,52,0.65,0.045,25.0,24.721,within horizon
tetracycline,1.1,0.9,0.22,0.81,8,0.35,0.045,5.0,4.298,within horizon
tetracycline,1.1,0.9,0.22,0.81,8,0.5,0.02,5.0,4.395,within horizon
tetracycline,1.1,0.9,0.22,0.81,8,0.65,0.045,5.0,4.298,within horizon
tetracycline,1.1,0.9,0.22,0.81,12,0.35,0.045,7.0,6.098,within horizon
tetracycline,1.1,0.9,0.22,0.81,12,0.5,0.02,7.0,6.195,within horizon
tetracycline,1.1,0.9,0.22,0.81,12,0.65,0.045,7.0,6.098,within horizon
tetracycline,1.1,0.9,0.22,0.81,26,0.35,0.045,13.0,12.398,within horizon
tetracycline,1.1,0.9,0.22,0.81,26,0.5,0.02,13.0,12.495,within horizon
tetracycline,1.1,0.9,0.22,0.81,26,0.65,0.045,13.0,12.398,within horizon
tetracycline,1.1,0.9,0.22,0.81,52,0.35,0.045,25.0,24.098,within horizon
tetracycline,1.1,0.9,0.22,0.81,52,0.5,0.02,25.0,24.195,within horizon
tetracycline,1.1,0.9,0.22,0.81,52,0.65,0.045,25.0,24.098,within horizon
tetracycline,1.1,1.0,0.22,0.9,8,0.35,0.045,4.0,3.834,within horizon
tetracycline,1.1,1.0,0.22,0.9,8,0.5,0.02,4.0,3.931,within horizon
tetracycline,1.1,1.0,0.22,0.9,8,0.65,0.045,4.0,3.834,within horizon
tetracycline,1.1,1.0,0.22,0.9,12,0.35,0.045,6.0,5.634,within horizon
tetracycline,1.1,1.0,0.22,0.9,12,0.5,0.02,6.0,5.731,within horizon
tetracycline,1.1,1.0,0.22,0.9,12,0.65,0.045,6.0,5.634,within horizon
tetracycline,1.1,1.0,0.22,0.9,26,0.35,0.045,12.0,11.934,within horizon
tetracycline,1.1,1.0,0.22,0.9,26,0.5,0.02,13.0,12.031,within horizon
tetracycline,1.1,1.0,0.22,0.9,26,0.65,0.045,12.0,11.934,within horizon
tetracycline,1.1,1.0,0.22,0.9,52,0.35,0.045,24.0,23.634,within horizon
tetracycline,1.1,1.0,0.22,0.9,52,0.5,0.02,24.0,23.731,within horizon
tetracycline,1.1,1.0,0.22,0.9,52,0.65,0.045,24.0,23.634,within horizon
tetracycline,1.1,1.1,0.22,0.99,8,0.35,0.045,4.0,3.465,within horizon
tetracycline,1.1,1.1,0.22,0.99,8,0.5,0.02,4.0,3.563,within horizon
tetracycline,1.1,1.1,0.22,0.99,8,0.65,0.045,4.0,3.465,within horizon
tetracycline,1.1,1.1,0.22,0.99,12,0.35,0.045,6.0,5.265,within horizon
tetracycline,1.1,1.1,0.22,0.99,12,0.5,0.02,6.0,5.363,within horizon
tetracycline,1.1,1.1,0.22,0.99,12,0.65,0.045,6.0,5.265,within horizon
tetracycline,1.1,1.1,0.22,0.99,26,0.35,0.045,12.0,11.565,within horizon
tetracycline,1.1,1.1,0.22,0.99,26,0.5,0.02,12.0,11.663,within horizon
tetracycline,1.1,1.1,0.22,0.99,26,0.65,0.045,12.0,11.565,within horizon
tetracycline,1.1,1.1,0.22,0.99,52,0.35,0.045,24.0,23.265,within horizon
tetracycline,1.1,1.1,0.22,0.99,52,0.5,0.02,24.0,23.363,within horizon
tetracycline,1.1,1.1,0.22,0.99,52,0.65,0.045,24.0,23.265,within horizon
tetracycline,1.1,1.2,0.22,1.0,8,0.35,0.045,4.0,3.429,within horizon
tetracycline,1.1,1.2,0.22,1.0,8,0.5,0.02,4.0,3.526,within horizon
tetracycline,1.1,1.2,0.22,1.0,8,0.65,0.045,4.0,3.429,within horizon
tetracycline,1.1,1.2,0.22,1.0,12,0.35,0.045,6.0,5.229,within horizon
tetracycline,1.1,1.2,0.22,1.0,12,0.5,0.02,6.0,5.326,within horizon
tetracycline,1.1,1.2,0.22,1.0,12,0.65,0.045,6.0,5.229,within horizon
tetracycline,1.1,1.2,0.22,1.0,26,0.35,0.045,12.0,11.529,within horizon
tetracycline,1.1,1.2,0.22,1.0,26,0.5,0.02,12.0,11.626,within horizon
tetracycline,1.1,1.2,0.22,1.0,26,0.65,0.045,12.0,11.529,within horizon
tetracycline,1.1,1.2,0.22,1.0,52,0.35,0.045,24.0,23.229,within horizon
tetracycline,1.1,1.2,0.22,1.0,52,0.5,0.02,24.0,23.326,within horizon
tetracycline,1.1,1.2,0.22,1.0,52,0.65,0.045,24.0,23.229,within horizon
tetracycline,1.1,1.3,0.22,1.0,8,0.35,0.045,4.0,3.429,within horizon
tetracycline,1.1,1.3,0.22,1.0,8,0.5,0.02,4.0,3.526,within horizon
tetracycline,1.1,1.3,0.22,1.0,8,0.65,0.045,4.0,3.429,within horizon
tetracycline,1.1,1.3,0.22,1.0,12,0.35,0.045,6.0,5.229,within horizon
tetracycline,1.1,1.3,0.22,1.0,12,0.5,0.02,6.0,5.326,within horizon
tetracycline,1.1,1.3,0.22,1.0,12,0.65,0.045,6.0,5.229,within horizon
tetracycline,1.1,1.3,0.22,1.0,26,0.35,0.045,12.0,11.529,within horizon
tetracycline,1.1,1.3,0.22,1.0,26,0.5,0.02,12.0,11.626,within horizon
tetracycline,1.1,1.3,0.22,1.0,26,0.65,0.045,12.0,11.529,within horizon
tetracycline,1.1,1.3,0.22,1.0,52,0.35,0.045,24.0,23.229,within horizon
tetracycline,1.1,1.3,0.22,1.0,52,0.5,0.02,24.0,23.326,within horizon
tetracycline,1.1,1.3,0.22,1.0,52,0.65,0.045,24.0,23.229,within horizon
tetracycline,1.2,0.7,0.24,0.63,8,0.35,0.045,6.0,5.688,within horizon
tetracycline,1.2,0.7,0.24,0.63,8,0.5,0.02,6.0,5.777,within horizon
tetracycline,1.2,0.7,0.24,0.63,8,0.65,0.045,6.0,5.688,within horizon
tetracycline,1.2,0.7,0.24,0.63,12,0.35,0.045,8.0,7.488,within horizon
tetracycline,1.2,0.7,0.24,0.63,12,0.5,0.02,8.0,7.577,within horizon
tetracycline,1.2,0.7,0.24,0.63,12,0.65,0.045,8.0,7.488,within horizon
tetracycline,1.2,0.7,0.24,0.63,26,0.35,0.045,14.0,13.788,within horizon
tetracycline,1.2,0.7,0.24,0.63,26,0.5,0.02,14.0,13.877,within horizon
tetracycline,1.2,0.7,0.24,0.63,26,0.65,0.045,14.0,13.788,within horizon
tetracycline,1.2,0.7,0.24,0.63,52,0.35,0.045,26.0,25.488,within horizon
tetracycline,1.2,0.7,0.24,0.63,52,0.5,0.02,26.0,25.577,within horizon
tetracycline,1.2,0.7,0.24,0.63,52,0.65,0.045,26.0,25.488,within horizon
tetracycline,1.2,0.8,0.24,0.72,8,0.35,0.045,5.0,4.811,within horizon
tetracycline,1.2,0.8,0.24,0.72,8,0.5,0.02,5.0,4.9,within horizon
tetracycline,1.2,0.8,0.24,0.72,8,0.65,0.045,5.0,4.811,within horizon
tetracycline,1.2,0.8,0.24,0.72,12,0.35,0.045,7.0,6.611,within horizon
tetracycline,1.2,0.8,0.24,0.72,12,0.5,0.02,7.0,6.7,within horizon
tetracycline,1.2,0.8,0.24,0.72,12,0.65,0.045,7.0,6.611,within horizon
tetracycline,1.2,0.8,0.24,0.72,26,0.35,0.045,13.0,12.911,within horizon
tetracycline,1.2,0.8,0.24,0.72,26,0.5,0.02,13.0,13.0,within horizon
tetracycline,1.2,0.8,0.24,0.72,26,0.65,0.045,13.0,12.911,within horizon
tetracycline,1.2,0.8,0.24,0.72,52,0.35,0.045,25.0,24.611,within horizon
tetracycline,1.2,0.8,0.24,0.72,52,0.5,0.02,25.0,24.7,within horizon
tetracycline,1.2,0.8,0.24,0.72,52,0.65,0.045,25.0,24.611,within horizon
tetracycline,1.2,0.9,0.24,0.81,8,0.35,0.045,5.0,4.24,within horizon
tetracycline,1.2,0.9,0.24,0.81,8,0.5,0.02,5.0,4.329,within horizon
tetracycline,1.2,0.9,0.24,0.81,8,0.65,0.045,5.0,4.24,within horizon
tetracycline,1.2,0.9,0.24,0.81,12,0.35,0.045,7.0,6.04,within horizon
tetracycline,1.2,0.9,0.24,0.81,12,0.5,0.02,7.0,6.129,within horizon
tetracycline,1.2,0.9,0.24,0.81,12,0.65,0.045,7.0,6.04,within horizon
tetracycline,1.2,0.9,0.24,0.81,26,0.35,0.045,13.0,12.34,within horizon
tetracycline,1.2,0.9,0.24,0.81,26,0.5,0.02,13.0,12.429,within horizon
tetracycline,1.2,0.9,0.24,0.81,26,0.65,0.045,13.0,12.34,within horizon
tetracycline,1.2,0.9,0.24,0.81,52,0.35,0.045,25.0,24.04,within horizon
tetracycline,1.2,0.9,0.24,0.81,52,0.5,0.02,25.0,24.129,within horizon
tetracycline,1.2,0.9,0.24,0.81,52,0.65,0.045,25.0,24.04,within horizon
tetracycline,1.2,1.0,0.24,0.9,8,0.35,0.045,4.0,3.815,within horizon
tetracycline,1.2,1.0,0.24,0.9,8,0.5,0.02,4.0,3.904,within horizon
tetracycline,1.2,1.0,0.24,0.9,8,0.65,0.045,4.0,3.815,within horizon
tetracycline,1.2,1.0,0.24,0.9,12,0.35,0.045,6.0,5.615,within horizon
tetracycline,1.2,1.0,0.24,0.9,12,0.5,0.02,6.0,5.704,within horizon
tetracycline,1.2,1.0,0.24,0.9,12,0.65,0.045,6.0,5.615,within horizon
tetracycline,1.2,1.0,0.24,0.9,26,0.35,0.045,12.0,11.915,within horizon
tetracycline,1.2,1.0,0.24,0.9,26,0.5,0.02,13.0,12.004,within horizon
tetracycline,1.2,1.0,0.24,0.9,26,0.65,0.045,12.0,11.915,within horizon
tetracycline,1.2,1.0,0.24,0.9,52,0.35,0.045,24.0,23.615,within horizon
tetracycline,1.2,1.0,0.24,0.9,52,0.5,0.02,24.0,23.704,within horizon
tetracycline,1.2,1.0,0.24,0.9,52,0.65,0.045,24.0,23.615,within horizon
tetracycline,1.2,1.1,0.24,0.99,8,0.35,0.045,4.0,3.476,within horizon
tetracycline,1.2,1.1,0.24,0.99,8,0.5,0.02,4.0,3.566,within horizon
tetracycline,1.2,1.1,0.24,0.99,8,0.65,0.045,4.0,3.476,within horizon
tetracycline,1.2,1.1,0.24,0.99,12,0.35,0.045,6.0,5.276,within horizon
tetracycline,1.2,1.1,0.24,0.99,12,0.5,0.02,6.0,5.366,within horizon
tetracycline,1.2,1.1,0.24,0.99,12,0.65,0.045,6.0,5.276,within horizon
tetracycline,1.2,1.1,0.24,0.99,26,0.35,0.045,12.0,11.576,within horizon
tetracycline,1.2,1.1,0.24,0.99,26,0.5,0.02,12.0,11.666,within horizon
tetracycline,1.2,1.1,0.24,0.99,26,0.65,0.045,12.0,11.576,within horizon
tetracycline,1.2,1.1,0.24,0.99,52,0.35,0.045,24.0,23.276,within horizon
tetracycline,1.2,1.1,0.24,0.99,52,0.5,0.02,24.0,23.366,within horizon
tetracycline,1.2,1.1,0.24,0.99,52,0.65,0.045,24.0,23.276,within horizon
tetracycline,1.2,1.2,0.24,1.0,8,0.35,0.045,4.0,3.443,within horizon
tetracycline,1.2,1.2,0.24,1.0,8,0.5,0.02,4.0,3.532,within horizon
tetracycline,1.2,1.2,0.24,1.0,8,0.65,0.045,4.0,3.443,within horizon
tetracycline,1.2,1.2,0.24,1.0,12,0.35,0.045,6.0,5.243,within horizon
tetracycline,1.2,1.2,0.24,1.0,12,0.5,0.02,6.0,5.332,within horizon
tetracycline,1.2,1.2,0.24,1.0,12,0.65,0.045,6.0,5.243,within horizon
tetracycline,1.2,1.2,0.24,1.0,26,0.35,0.045,12.0,11.543,within horizon
tetracycline,1.2,1.2,0.24,1.0,26,0.5,0.02,12.0,11.632,within horizon
tetracycline,1.2,1.2,0.24,1.0,26,0.65,0.045,12.0,11.543,within horizon
tetracycline,1.2,1.2,0.24,1.0,52,0.35,0.045,24.0,23.243,within horizon
tetracycline,1.2,1.2,0.24,1.0,52,0.5,0.02,24.0,23.332,within horizon
tetracycline,1.2,1.2,0.24,1.0,52,0.65,0.045,24.0,23.243,within horizon
tetracycline,1.2,1.3,0.24,1.0,8,0.35,0.045,4.0,3.443,within horizon
tetracycline,1.2,1.3,0.24,1.0,8,0.5,0.02,4.0,3.532,within horizon
tetracycline,1.2,1.3,0.24,1.0,8,0.65,0.045,4.0,3.443,within horizon
tetracycline,1.2,1.3,0.24,1.0,12,0.35,0.045,6.0,5.243,within horizon
tetracycline,1.2,1.3,0.24,1.0,12,0.5,0.02,6.0,5.332,within horizon
tetracycline,1.2,1.3,0.24,1.0,12,0.65,0.045,6.0,5.243,within horizon
tetracycline,1.2,1.3,0.24,1.0,26,0.35,0.045,12.0,11.543,within horizon
tetracycline,1.2,1.3,0.24,1.0,26,0.5,0.02,12.0,11.632,within horizon
tetracycline,1.2,1.3,0.24,1.0,26,0.65,0.045,12.0,11.543,within horizon
tetracycline,1.2,1.3,0.24,1.0,52,0.35,0.045,24.0,23.243,within horizon
tetracycline,1.2,1.3,0.24,1.0,52,0.5,0.02,24.0,23.332,within horizon
tetracycline,1.2,1.3,0.24,1.0,52,0.65,0.045,24.0,23.243,within horizon
tetracycline,1.3,0.7,0.26,0.63,8,0.35,0.045,6.0,5.527,within horizon
tetracycline,1.3,0.7,0.26,0.63,8,0.5,0.02,6.0,5.61,within horizon
tetracycline,1.3,0.7,0.26,0.63,8,0.65,0.045,6.0,5.527,within horizon
tetracycline,1.3,0.7,0.26,0.63,12,0.35,0.045,8.0,7.327,within horizon
tetracycline,1.3,0.7,0.26,0.63,12,0.5,0.02,8.0,7.41,within horizon
tetracycline,1.3,0.7,0.26,0.63,12,0.65,0.045,8.0,7.327,within horizon
tetracycline,1.3,0.7,0.26,0.63,26,0.35,0.045,14.0,13.627,within horizon
tetracycline,1.3,0.7,0.26,0.63,26,0.5,0.02,14.0,13.71,within horizon
tetracycline,1.3,0.7,0.26,0.63,26,0.65,0.045,14.0,13.627,within horizon
tetracycline,1.3,0.7,0.26,0.63,52,0.35,0.045,26.0,25.327,within horizon
tetracycline,1.3,0.7,0.26,0.63,52,0.5,0.02,26.0,25.41,within horizon
tetracycline,1.3,0.7,0.26,0.63,52,0.65,0.045,26.0,25.327,within horizon
tetracycline,1.3,0.8,0.26,0.72,8,0.35,0.045,5.0,4.718,within horizon
tetracycline,1.3,0.8,0.26,0.72,8,0.5,0.02,5.0,4.8,within horizon
tetracycline,1.3,0.8,0.26,0.72,8,0.65,0.045,5.0,4.718,within horizon
tetracycline,1.3,0.8,0.26,0.72,12,0.35,0.045,7.0,6.518,within horizon
tetracycline,1.3,0.8,0.26,0.72,12,0.5,0.02,7.0,6.6,within horizon
tetracycline,1.3,0.8,0.26,0.72,12,0.65,0.045,7.0,6.518,within horizon
tetracycline,1.3,0.8,0.26,0.72,26,0.35,0.045,13.0,12.818,within horizon
tetracycline,1.3,0.8,0.26,0.72,26,0.5,0.02,13.0,12.9,within horizon
tetracycline,1.3,0.8,0.26,0.72,26,0.65,0.045,13.0,12.818,within horizon
tetracycline,1.3,0.8,0.26,0.72,52,0.35,0.045,25.0,24.518,within horizon
tetracycline,1.3,0.8,0.26,0.72,52,0.5,0.02,25.0,24.6,within horizon
tetracycline,1.3,0.8,0.26,0.72,52,0.65,0.045,25.0,24.518,within horizon
tetracycline,1.3,0.9,0.26,0.81,8,0.35,0.045,5.0,4.19,within horizon
tetracycline,1.3,0.9,0.26,0.81,8,0.5,0.02,5.0,4.273,within horizon
tetracycline,1.3,0.9,0.26,0.81,8,0.65,0.045,5.0,4.19,within horizon
tetracycline,1.3,0.9,0.26,0.81,12,0.35,0.045,6.0,5.99,within horizon
tetracycline,1.3,0.9,0.26,0.81,12,0.5,0.02,7.0,6.073,within horizon
tetracycline,1.3,0.9,0.26,0.81,12,0.65,0.045,6.0,5.99,within horizon
tetracycline,1.3,0.9,0.26,0.81,26,0.35,0.045,13.0,12.29,within horizon
tetracycline,1.3,0.9,0.26,0.81,26,0.5,0.02,13.0,12.373,within horizon
tetracycline,1.3,0.9,0.26,0.81,26,0.65,0.045,13.0,12.29,within horizon
tetracycline,1.3,0.9,0.26,0.81,52,0.35,0.045,24.0,23.99,within horizon
tetracycline,1.3,0.9,0.26,0.81,52,0.5,0.02,25.0,24.073,within horizon
tetracycline,1.3,0.9,0.26,0.81,52,0.65,0.045,24.0,23.99,within horizon
tetracycline,1.3,1.0,0.26,0.9,8,0.35,0.045,4.0,3.798,within horizon
tetracycline,1.3,1.0,0.26,0.9,8,0.5,0.02,4.0,3.88,within horizon
tetracycline,1.3,1.0,0.26,0.9,8,0.65,0.045,4.0,3.798,within horizon
tetracycline,1.3,1.0,0.26,0.9,12,0.35,0.045,6.0,5.598,within horizon
tetracycline,1.3,1.0,0.26,0.9,12,0.5,0.02,6.0,5.68,within horizon
tetracycline,1.3,1.0,0.26,0.9,12,0.65,0.045,6.0,5.598,within horizon
tetracycline,1.3,1.0,0.26,0.9,26,0.35,0.045,12.0,11.898,within horizon
tetracycline,1.3,1.0,0.26,0.9,26,0.5,0.02,12.0,11.98,within horizon
tetracycline,1.3,1.0,0.26,0.9,26,0.65,0.045,12.0,11.898,within horizon
tetracycline,1.3,1.0,0.26,0.9,52,0.35,0.045,24.0,23.598,within horizon
tetracycline,1.3,1.0,0.26,0.9,52,0.5,0.02,24.0,23.68,within horizon
tetracycline,1.3,1.0,0.26,0.9,52,0.65,0.045,24.0,23.598,within horizon
tetracycline,1.3,1.1,0.26,0.99,8,0.35,0.045,4.0,3.486,within horizon
tetracycline,1.3,1.1,0.26,0.99,8,0.5,0.02,4.0,3.568,within horizon
tetracycline,1.3,1.1,0.26,0.99,8,0.65,0.045,4.0,3.486,within horizon
tetracycline,1.3,1.1,0.26,0.99,12,0.35,0.045,6.0,5.286,within horizon
tetracycline,1.3,1.1,0.26,0.99,12,0.5,0.02,6.0,5.368,within horizon
tetracycline,1.3,1.1,0.26,0.99,12,0.65,0.045,6.0,5.286,within horizon
tetracycline,1.3,1.1,0.26,0.99,26,0.35,0.045,12.0,11.586,within horizon
tetracycline,1.3,1.1,0.26,0.99,26,0.5,0.02,12.0,11.668,within horizon
tetracycline,1.3,1.1,0.26,0.99,26,0.65,0.045,12.0,11.586,within horizon
tetracycline,1.3,1.1,0.26,0.99,52,0.35,0.045,24.0,23.286,within horizon
tetracycline,1.3,1.1,0.26,0.99,52,0.5,0.02,24.0,23.368,within horizon
tetracycline,1.3,1.1,0.26,0.99,52,0.65,0.045,24.0,23.286,within horizon
tetracycline,1.3,1.2,0.26,1.0,8,0.35,0.045,4.0,3.455,within horizon
tetracycline,1.3,1.2,0.26,1.0,8,0.5,0.02,4.0,3.537,within horizon
tetracycline,1.3,1.2,0.26,1.0,8,0.65,0.045,4.0,3.455,within horizon
tetracycline,1.3,1.2,0.26,1.0,12,0.35,0.045,6.0,5.255,within horizon
tetracycline,1.3,1.2,0.26,1.0,12,0.5,0.02,6.0,5.337,within horizon
tetracycline,1.3,1.2,0.26,1.0,12,0.65,0.045,6.0,5.255,within horizon
tetracycline,1.3,1.2,0.26,1.0,26,0.35,0.045,12.0,11.555,within horizon
tetracycline,1.3,1.2,0.26,1.0,26,0.5,0.02,12.0,11.637,within horizon
tetracycline,1.3,1.2,0.26,1.0,26,0.65,0.045,12.0,11.555,within horizon
tetracycline,1.3,1.2,0.26,1.0,52,0.35,0.045,24.0,23.255,within horizon
tetracycline,1.3,1.2,0.26,1.0,52,0.5,0.02,24.0,23.337,within horizon
tetracycline,1.3,1.2,0.26,1.0,52,0.65,0.045,24.0,23.255,within horizon
tetracycline,1.3,1.3,0.26,1.0,8,0.35,0.045,4.0,3.455,within horizon
tetracycline,1.3,1.3,0.26,1.0,8,0.5,0.02,4.0,3.537,within horizon
tetracycline,1.3,1.3,0.26,1.0,8,0.65,0.045,4.0,3.455,within horizon
tetracycline,1.3,1.3,0.26,1.0,12,0.35,0.045,6.0,5.255,within horizon
tetracycline,1.3,1.3,0.26,1.0,12,0.5,0.02,6.0,5.337,within horizon
tetracycline,1.3,1.3,0.26,1.0,12,0.65,0.045,6.0,5.255,within horizon
tetracycline,1.3,1.3,0.26,1.0,26,0.35,0.045,12.0,11.555,within horizon
tetracycline,1.3,1.3,0.26,1.0,26,0.5,0.02,12.0,11.637,within horizon
tetracycline,1.3,1.3,0.26,1.0,26,0.65,0.045,12.0,11.555,within horizon
tetracycline,1.3,1.3,0.26,1.0,52,0.35,0.045,24.0,23.255,within horizon
tetracycline,1.3,1.3,0.26,1.0,52,0.5,0.02,24.0,23.337,within horizon
tetracycline,1.3,1.3,0.26,1.0,52,0.65,0.045,24.0,23.255,within horizon
chloramphenicol,0.7,0.7,0.105,0.616,8,0.35,0.045,,8.807,after horizon
chloramphenicol,0.7,0.7,0.105,0.616,8,0.5,0.02,,9.01,after horizon
chloramphenicol,0.7,0.7,0.105,0.616,8,0.65,0.045,,8.807,after horizon
chloramphenicol,0.7,0.7,0.105,0.616,12,0.35,0.045,11.0,10.607,within horizon
chloramphenicol,0.7,0.7,0.105,0.616,12,0.5,0.02,11.0,10.81,within horizon
chloramphenicol,0.7,0.7,0.105,0.616,12,0.65,0.045,11.0,10.607,within horizon
chloramphenicol,0.7,0.7,0.105,0.616,26,0.35,0.045,17.0,16.907,within horizon
chloramphenicol,0.7,0.7,0.105,0.616,26,0.5,0.02,18.0,17.11,within horizon
chloramphenicol,0.7,0.7,0.105,0.616,26,0.65,0.045,17.0,16.907,within horizon
chloramphenicol,0.7,0.7,0.105,0.616,52,0.35,0.045,29.0,28.607,within horizon
chloramphenicol,0.7,0.7,0.105,0.616,52,0.5,0.02,29.0,28.81,within horizon
chloramphenicol,0.7,0.7,0.105,0.616,52,0.65,0.045,29.0,28.607,within horizon
chloramphenicol,0.7,0.8,0.105,0.704,8,0.35,0.045,7.0,6.656,within horizon
chloramphenicol,0.7,0.8,0.105,0.704,8,0.5,0.02,7.0,6.86,within horizon
chloramphenicol,0.7,0.8,0.105,0.704,8,0.65,0.045,7.0,6.656,within horizon
chloramphenicol,0.7,0.8,0.105,0.704,12,0.35,0.045,9.0,8.456,within horizon
chloramphenicol,0.7,0.8,0.105,0.704,12,0.5,0.02,9.0,8.66,within horizon
chloramphenicol,0.7,0.8,0.105,0.704,12,0.65,0.045,9.0,8.456,within horizon
chloramphenicol,0.7,0.8,0.105,0.704,26,0.35,0.045,15.0,14.756,within horizon
chloramphenicol,0.7,0.8,0.105,0.704,26,0.5,0.02,15.0,14.96,within horizon
chloramphenicol,0.7,0.8,0.105,0.704,26,0.65,0.045,15.0,14.756,within horizon
chloramphenicol,0.7,0.8,0.105,0.704,52,0.35,0.045,27.0,26.456,within horizon
chloramphenicol,0.7,0.8,0.105,0.704,52,0.5,0.02,27.0,26.66,within horizon
chloramphenicol,0.7,0.8,0.105,0.704,52,0.65,0.045,27.0,26.456,within horizon
chloramphenicol,0.7,0.9,0.105,0.792,8,0.35,0.045,6.0,5.29,within horizon
chloramphenicol,0.7,0.9,0.105,0.792,8,0.5,0.02,6.0,5.493,within horizon
chloramphenicol,0.7,0.9,0.105,0.792,8,0.65,0.045,6.0,5.29,within horizon
chloramphenicol,0.7,0.9,0.105,0.792,12,0.35,0.045,8.0,7.09,within horizon
chloramphenicol,0.7,0.9,0.105,0.792,12,0.5,0.02,8.0,7.293,within horizon
chloramphenicol,0.7,0.9,0.105,0.792,12,0.65,0.045,8.0,7.09,within horizon
chloramphenicol,0.7,0.9,0.105,0.792,26,0.35,0.045,14.0,13.39,within horizon
chloramphenicol,0.7,0.9,0.105,0.792,26,0.5,0.02,14.0,13.593,within horizon
chloramphenicol,0.7,0.9,0.105,0.792,26,0.65,0.045,14.0,13.39,within horizon
chloramphenicol,0.7,0.9,0.105,0.792,52,0.35,0.045,26.0,25.09,within horizon
chloramphenicol,0.7,0.9,0.105,0.792,52,0.5,0.02,26.0,25.293,within horizon
chloramphenicol,0.7,0.9,0.105,0.792,52,0.65,0.045,26.0,25.09,within horizon
chloramphenicol,0.7,1.0,0.105,0.88,8,0.35,0.045,5.0,4.286,within horizon
chloramphenicol,0.7,1.0,0.105,0.88,8,0.5,0.02,5.0,4.49,within horizon
chloramphenicol,0.7,1.0,0.105,0.88,8,0.65,0.045,5.0,4.286,within horizon
chloramphenicol,0.7,1.0,0.105,0.88,12,0.35,0.045,7.0,6.086,within horizon
chloramphenicol,0.7,1.0,0.105,0.88,12,0.5,0.02,7.0,6.29,within horizon
chloramphenicol,0.7,1.0,0.105,0.88,12,0.65,0.045,7.0,6.086,within horizon
chloramphenicol,0.7,1.0,0.105,0.88,26,0.35,0.045,13.0,12.386,within horizon
chloramphenicol,0.7,1.0,0.105,0.88,26,0.5,0.02,13.0,12.59,within horizon
chloramphenicol,0.7,1.0,0.105,0.88,26,0.65,0.045,13.0,12.386,within horizon
chloramphenicol,0.7,1.0,0.105,0.88,52,0.35,0.045,25.0,24.086,within horizon
chloramphenicol,0.7,1.0,0.105,0.88,52,0.5,0.02,25.0,24.29,within horizon
chloramphenicol,0.7,1.0,0.105,0.88,52,0.65,0.045,25.0,24.086,within horizon
chloramphenicol,0.7,1.1,0.105,0.968,8,0.35,0.045,4.0,3.493,within horizon
chloramphenicol,0.7,1.1,0.105,0.968,8,0.5,0.02,4.0,3.696,within horizon
chloramphenicol,0.7,1.1,0.105,0.968,8,0.65,0.045,4.0,3.493,within horizon
chloramphenicol,0.7,1.1,0.105,0.968,12,0.35,0.045,6.0,5.293,within horizon
chloramphenicol,0.7,1.1,0.105,0.968,12,0.5,0.02,6.0,5.496,within horizon
chloramphenicol,0.7,1.1,0.105,0.968,12,0.65,0.045,6.0,5.293,within horizon
chloramphenicol,0.7,1.1,0.105,0.968,26,0.35,0.045,12.0,11.593,within horizon
chloramphenicol,0.7,1.1,0.105,0.968,26,0.5,0.02,12.0,11.796,within horizon
chloramphenicol,0.7,1.1,0.105,0.968,26,0.65,0.045,12.0,11.593,within horizon
chloramphenicol,0.7,1.1,0.105,0.968,52,0.35,0.045,24.0,23.293,within horizon
chloramphenicol,0.7,1.1,0.105,0.968,52,0.5,0.02,24.0,23.496,within horizon
chloramphenicol,0.7,1.1,0.105,0.968,52,0.65,0.045,24.0,23.293,within horizon
chloramphenicol,0.7,1.2,0.105,1.0,8,0.35,0.045,4.0,3.241,within horizon
chloramphenicol,0.7,1.2,0.105,1.0,8,0.5,0.02,4.0,3.444,within horizon
chloramphenicol,0.7,1.2,0.105,1.0,8,0.65,0.045,4.0,3.241,within horizon
chloramphenicol,0.7,1.2,0.105,1.0,12,0.35,0.045,6.0,5.041,within horizon
chloramphenicol,0.7,1.2,0.105,1.0,12,0.5,0.02,6.0,5.244,within horizon
chloramphenicol,0.7,1.2,0.105,1.0,12,0.65,0.045,6.0,5.041,within horizon
chloramphenicol,0.7,1.2,0.105,1.0,26,0.35,0.045,12.0,11.341,within horizon
chloramphenicol,0.7,1.2,0.105,1.0,26,0.5,0.02,12.0,11.544,within horizon
chloramphenicol,0.7,1.2,0.105,1.0,26,0.65,0.045,12.0,11.341,within horizon
chloramphenicol,0.7,1.2,0.105,1.0,52,0.35,0.045,24.0,23.041,within horizon
chloramphenicol,0.7,1.2,0.105,1.0,52,0.5,0.02,24.0,23.244,within horizon
chloramphenicol,0.7,1.2,0.105,1.0,52,0.65,0.045,24.0,23.041,within horizon
chloramphenicol,0.7,1.3,0.105,1.0,8,0.35,0.045,4.0,3.241,within horizon
chloramphenicol,0.7,1.3,0.105,1.0,8,0.5,0.02,4.0,3.444,within horizon
chloramphenicol,0.7,1.3,0.105,1.0,8,0.65,0.045,4.0,3.241,within horizon
chloramphenicol,0.7,1.3,0.105,1.0,12,0.35,0.045,6.0,5.041,within horizon
chloramphenicol,0.7,1.3,0.105,1.0,12,0.5,0.02,6.0,5.244,within horizon
chloramphenicol,0.7,1.3,0.105,1.0,12,0.65,0.045,6.0,5.041,within horizon
chloramphenicol,0.7,1.3,0.105,1.0,26,0.35,0.045,12.0,11.341,within horizon
chloramphenicol,0.7,1.3,0.105,1.0,26,0.5,0.02,12.0,11.544,within horizon
chloramphenicol,0.7,1.3,0.105,1.0,26,0.65,0.045,12.0,11.341,within horizon
chloramphenicol,0.7,1.3,0.105,1.0,52,0.35,0.045,24.0,23.041,within horizon
chloramphenicol,0.7,1.3,0.105,1.0,52,0.5,0.02,24.0,23.244,within horizon
chloramphenicol,0.7,1.3,0.105,1.0,52,0.65,0.045,24.0,23.041,within horizon
chloramphenicol,0.8,0.7,0.12,0.616,8,0.35,0.045,,8.156,after horizon
chloramphenicol,0.8,0.7,0.12,0.616,8,0.5,0.02,,8.334,after horizon
chloramphenicol,0.8,0.7,0.12,0.616,8,0.65,0.045,,8.156,after horizon
chloramphenicol,0.8,0.7,0.12,0.616,12,0.35,0.045,10.0,9.956,within horizon
chloramphenicol,0.8,0.7,0.12,0.616,12,0.5,0.02,11.0,10.134,within horizon
chloramphenicol,0.8,0.7,0.12,0.616,12,0.65,0.045,10.0,9.956,within horizon
chloramphenicol,0.8,0.7,0.12,0.616,26,0.35,0.045,17.0,16.256,within horizon
chloramphenicol,0.8,0.7,0.12,0.616,26,0.5,0.02,17.0,16.434,within horizon
chloramphenicol,0.8,0.7,0.12,0.616,26,0.65,0.045,17.0,16.256,within horizon
chloramphenicol,0.8,0.7,0.12,0.616,52,0.35,0.045,28.0,27.956,within horizon
chloramphenicol,0.8,0.7,0.12,0.616,52,0.5,0.02,29.0,28.134,within horizon
chloramphenicol,0.8,0.7,0.12,0.616,52,0.65,0.045,28.0,27.956,within horizon
chloramphenicol,0.8,0.8,0.12,0.704,8,0.35,0.045,7.0,6.274,within horizon
chloramphenicol,0.8,0.8,0.12,0.704,8,0.5,0.02,7.0,6.452,within horizon
chloramphenicol,0.8,0.8,0.12,0.704,8,0.65,0.045,7.0,6.274,within horizon
chloramphenicol,0.8,0.8,0.12,0.704,12,0.35,0.045,9.0,8.074,within horizon
chloramphenicol,0.8,0.8,0.12,0.704,12,0.5,0.02,9.0,8.252,within horizon
chloramphenicol,0.8,0.8,0.12,0.704,12,0.65,0.045,9.0,8.074,within horizon
chloramphenicol,0.8,0.8,0.12,0.704,26,0.35,0.045,15.0,14.374,within horizon
chloramphenicol,0.8,0.8,0.12,0.704,26,0.5,0.02,15.0,14.552,within horizon
chloramphenicol,0.8,0.8,0.12,0.704,26,0.65,0.045,15.0,14.374,within horizon
chloramphenicol,0.8,0.8,0.12,0.704,52,0.35,0.045,27.0,26.074,within horizon
chloramphenicol,0.8,0.8,0.12,0.704,52,0.5,0.02,27.0,26.252,within horizon
chloramphenicol,0.8,0.8,0.12,0.704,52,0.65,0.045,27.0,26.074,within horizon
chloramphenicol,0.8,0.9,0.12,0.792,8,0.35,0.045,6.0,5.078,within horizon
chloramphenicol,0.8,0.9,0.12,0.792,8,0.5,0.02,6.0,5.257,within horizon
chloramphenicol,0.8,0.9,0.12,0.792,8,0.65,0.045,6.0,5.078,within horizon
chloramphenicol,0.8,0.9,0.12,0.792,12,0.35,0.045,7.0,6.878,within horizon
chloramphenicol,0.8,0.9,0.12,0.792,12,0.5,0.02,8.0,7.057,within horizon
chloramphenicol,0.8,0.9,0.12,0.792,12,0.65,0.045,7.0,6.878,within horizon
chloramphenicol,0.8,0.9,0.12,0.792,26,0.35,0.045,14.0,13.178,within horizon
chloramphenicol,0.8,0.9,0.12,0.792,26,0.5,0.02,14.0,13.357,within horizon
chloramphenicol,0.8,0.9,0.12,0.792,26,0.65,0.045,14.0,13.178,within horizon
chloramphenicol,0.8,0.9,0.12,0.792,52,0.35,0.045,25.0,24.878,within horizon
chloramphenicol,0.8,0.9,0.12,0.792,52,0.5,0.02,26.0,25.057,within horizon
chloramphenicol,0.8,0.9,0.12,0.792,52,0.65,0.045,25.0,24.878,within horizon
chloramphenicol,0.8,1.0,0.12,0.88,8,0.35,0.045,5.0,4.2,within horizon
chloramphenicol,0.8,1.0,0.12,0.88,8,0.5,0.02,5.0,4.379,within horizon
chloramphenicol,0.8,1.0,0.12,0.88,8,0.65,0.045,5.0,4.2,within horizon
chloramphenicol,0.8,1.0,0.12,0.88,12,0.35,0.045,6.0,6.0,within horizon
chloramphenicol,0.8,1.0,0.12,0.88,12,0.5,0.02,7.0,6.179,within horizon
chloramphenicol,0.8,1.0,0.12,0.88,12,0.65,0.045,6.0,6.0,within horizon
chloramphenicol,0.8,1.0,0.12,0.88,26,0.35,0.045,13.0,12.3,within horizon
chloramphenicol,0.8,1.0,0.12,0.88,26,0.5,0.02,13.0,12.479,within horizon
chloramphenicol,0.8,1.0,0.12,0.88,26,0.65,0.045,13.0,12.3,within horizon
chloramphenicol,0.8,1.0,0.12,0.88,52,0.35,0.045,24.0,24.0,within horizon
chloramphenicol,0.8,1.0,0.12,0.88,52,0.5,0.02,25.0,24.179,within horizon
chloramphenicol,0.8,1.0,0.12,0.88,52,0.65,0.045,24.0,24.0,within horizon
chloramphenicol,0.8,1.1,0.12,0.968,8,0.35,0.045,4.0,3.506,within horizon
chloramphenicol,0.8,1.1,0.12,0.968,8,0.5,0.02,4.0,3.684,within horizon
chloramphenicol,0.8,1.1,0.12,0.968,8,0.65,0.045,4.0,3.506,within horizon
chloramphenicol,0.8,1.1,0.12,0.968,12,0.35,0.045,6.0,5.306,within horizon
chloramphenicol,0.8,1.1,0.12,0.968,12,0.5,0.02,6.0,5.484,within horizon
chloramphenicol,0.8,1.1,0.12,0.968,12,0.65,0.045,6.0,5.306,within horizon
chloramphenicol,0.8,1.1,0.12,0.968,26,0.35,0.045,12.0,11.606,within horizon
chloramphenicol,0.8,1.1,0.12,0.968,26,0.5,0.02,12.0,11.784,within horizon
chloramphenicol,0.8,1.1,0.12,0.968,26,0.65,0.045,12.0,11.606,within horizon
chloramphenicol,0.8,1.1,0.12,0.968,52,0.35,0.045,24.0,23.306,within horizon
chloramphenicol,0.8,1.1,0.12,0.968,52,0.5,0.02,24.0,23.484,within horizon
chloramphenicol,0.8,1.1,0.12,0.968,52,0.65,0.045,24.0,23.306,within horizon
chloramphenicol,0.8,1.2,0.12,1.0,8,0.35,0.045,4.0,3.286,within horizon
chloramphenicol,0.8,1.2,0.12,1.0,8,0.5,0.02,4.0,3.464,within horizon
chloramphenicol,0.8,1.2,0.12,1.0,8,0.65,0.045,4.0,3.286,within horizon
chloramphenicol,0.8,1.2,0.12,1.0,12,0.35,0.045,6.0,5.086,within horizon
chloramphenicol,0.8,1.2,0.12,1.0,12,0.5,0.02,6.0,5.264,within horizon
chloramphenicol,0.8,1.2,0.12,1.0,12,0.65,0.045,6.0,5.086,within horizon
chloramphenicol,0.8,1.2,0.12,1.0,26,0.35,0.045,12.0,11.386,within horizon
chloramphenicol,0.8,1.2,0.12,1.0,26,0.5,0.02,12.0,11.564,within horizon
chloramphenicol,0.8,1.2,0.12,1.0,26,0.65,0.045,12.0,11.386,within horizon
chloramphenicol,0.8,1.2,0.12,1.0,52,0.35,0.045,24.0,23.086,within horizon
chloramphenicol,0.8,1.2,0.12,1.0,52,0.5,0.02,24.0,23.264,within horizon
chloramphenicol,0.8,1.2,0.12,1.0,52,0.65,0.045,24.0,23.086,within horizon
chloramphenicol,0.8,1.3,0.12,1.0,8,0.35,0.045,4.0,3.286,within horizon
chloramphenicol,0.8,1.3,0.12,1.0,8,0.5,0.02,4.0,3.464,within horizon
chloramphenicol,0.8,1.3,0.12,1.0,8,0.65,0.045,4.0,3.286,within horizon
chloramphenicol,0.8,1.3,0.12,1.0,12,0.35,0.045,6.0,5.086,within horizon
chloramphenicol,0.8,1.3,0.12,1.0,12,0.5,0.02,6.0,5.264,within horizon
chloramphenicol,0.8,1.3,0.12,1.0,12,0.65,0.045,6.0,5.086,within horizon
chloramphenicol,0.8,1.3,0.12,1.0,26,0.35,0.045,12.0,11.386,within horizon
chloramphenicol,0.8,1.3,0.12,1.0,26,0.5,0.02,12.0,11.564,within horizon
chloramphenicol,0.8,1.3,0.12,1.0,26,0.65,0.045,12.0,11.386,within horizon
chloramphenicol,0.8,1.3,0.12,1.0,52,0.35,0.045,24.0,23.086,within horizon
chloramphenicol,0.8,1.3,0.12,1.0,52,0.5,0.02,24.0,23.264,within horizon
chloramphenicol,0.8,1.3,0.12,1.0,52,0.65,0.045,24.0,23.086,within horizon
chloramphenicol,0.9,0.7,0.135,0.616,8,0.35,0.045,8.0,7.65,within horizon
chloramphenicol,0.9,0.7,0.135,0.616,8,0.5,0.02,8.0,7.808,within horizon
chloramphenicol,0.9,0.7,0.135,0.616,8,0.65,0.045,8.0,7.65,within horizon
chloramphenicol,0.9,0.7,0.135,0.616,12,0.35,0.045,10.0,9.45,within horizon
chloramphenicol,0.9,0.7,0.135,0.616,12,0.5,0.02,10.0,9.608,within horizon
chloramphenicol,0.9,0.7,0.135,0.616,12,0.65,0.045,10.0,9.45,within horizon
chloramphenicol,0.9,0.7,0.135,0.616,26,0.35,0.045,16.0,15.75,within horizon
chloramphenicol,0.9,0.7,0.135,0.616,26,0.5,0.02,16.0,15.908,within horizon
chloramphenicol,0.9,0.7,0.135,0.616,26,0.65,0.045,16.0,15.75,within horizon
chloramphenicol,0.9,0.7,0.135,0.616,52,0.35,0.045,28.0,27.45,within horizon
chloramphenicol,0.9,0.7,0.135,0.616,52,0.5,0.02,28.0,27.608,within horizon
chloramphenicol,0.9,0.7,0.135,0.616,52,0.65,0.045,28.0,27.45,within horizon
chloramphenicol,0.9,0.8,0.135,0.704,8,0.35,0.045,6.0,5.977,within horizon
chloramphenicol,0.9,0.8,0.135,0.704,8,0.5,0.02,7.0,6.135,within horizon
chloramphenicol,0.9,0.8,0.135,0.704,8,0.65,0.045,6.0,5.977,within horizon
chloramphenicol,0.9,0.8,0.135,0.704,12,0.35,0.045,8.0,7.777,within horizon
chloramphenicol,0.9,0.8,0.135,0.704,12,0.5,0.02,8.0,7.935,within horizon
chloramphenicol,0.9,0.8,0.135,0.704,12,0.65,0.045,8.0,7.777,within horizon
chloramphenicol,0.9,0.8,0.135,0.704,26,0.35,0.045,15.0,14.077,within horizon
chloramphenicol,0.9,0.8,0.135,0.704,26,0.5,0.02,15.0,14.235,within horizon
chloramphenicol,0.9,0.8,0.135,0.704,26,0.65,0.045,15.0,14.077,within horizon
chloramphenicol,0.9,0.8,0.135,0.704,52,0.35,0.045,26.0,25.777,within horizon
chloramphenicol,0.9,0.8,0.135,0.704,52,0.5,0.02,26.0,25.935,within horizon
chloramphenicol,0.9,0.8,0.135,0.704,52,0.65,0.045,26.0,25.777,within horizon
chloramphenicol,0.9,0.9,0.135,0.792,8,0.35,0.045,5.0,4.914,within horizon
chloramphenicol,0.9,0.9,0.135,0.792,8,0.5,0.02,6.0,5.073,within horizon
chloramphenicol,0.9,0.9,0.135,0.792,8,0.65,0.045,5.0,4.914,within horizon
chloramphenicol,0.9,0.9,0.135,0.792,12,0.35,0.045,7.0,6.714,within horizon
chloramphenicol,0.9,0.9,0.135,0.792,12,0.5,0.02,7.0,6.873,within horizon
chloramphenicol,0.9,0.9,0.135,0.792,12,0.65,0.045,7.0,6.714,within horizon
chloramphenicol,0.9,0.9,0.135,0.792,26,0.35,0.045,14.0,13.014,within horizon
chloramphenicol,0.9,0.9,0.135,0.792,26,0.5,0.02,14.0,13.173,within horizon
chloramphenicol,0.9,0.9,0.135,0.792,26,0.65,0.045,14.0,13.014,within horizon
chloramphenicol,0.9,0.9,0.135,0.792,52,0.35,0.045,25.0,24.714,within horizon
chloramphenicol,0.9,0.9,0.135,0.792,52,0.5,0.02,25.0,24.873,within horizon
chloramphenicol,0.9,0.9,0.135,0.792,52,0.65,0.045,25.0,24.714,within horizon
chloramphenicol,0.9,1.0,0.135,0.88,8,0.35,0.045,5.0,4.134,within horizon
chloramphenicol,0.9,1.0,0.135,0.88,8,0.5,0.02,5.0,4.292,within horizon
chloramphenicol,0.9,1.0,0.135,0.88,8,0.65,0.045,5.0,4.134,within horizon
chloramphenicol,0.9,1.0,0.135,0.88,12,0.35,0.045,6.0,5.934,within horizon
chloramphenicol,0.9,1.0,0.135,0.88,12,0.5,0.02,7.0,6.092,within horizon
chloramphenicol,0.9,1.0,0.135,0.88,12,0.65,0.045,6.0,5.934,within horizon
chloramphenicol,0.9,1.0,0.135,0.88,26,0.35,0.045,13.0,12.234,within horizon
chloramphenicol,0.9,1.0,0.135,0.88,26,0.5,0.02,13.0,12.392,within horizon
chloramphenicol,0.9,1.0,0.135,0.88,26,0.65,0.045,13.0,12.234,within horizon
chloramphenicol,0.9,1.0,0.135,0.88,52,0.35,0.045,24.0,23.934,within horizon
chloramphenicol,0.9,1.0,0.135,0.88,52,0.5,0.02,25.0,24.092,within horizon
chloramphenicol,0.9,1.0,0.135,0.88,52,0.65,0.045,24.0,23.934,within horizon
chloramphenicol,0.9,1.1,0.135,0.968,8,0.35,0.045,4.0,3.517,within horizon
chloramphenicol,0.9,1.1,0.135,0.968,8,0.5,0.02,4.0,3.675,within horizon
chloramphenicol,0.9,1.1,0.135,0.968,8,0.65,0.045,4.0,3.517,within horizon
chloramphenicol,0.9,1.1,0.135,0.968,12,0.35,0.045,6.0,5.317,within horizon
chloramphenicol,0.9,1.1,0.135,0.968,12,0.5,0.02,6.0,5.475,within horizon
chloramphenicol,0.9,1.1,0.135,0.968,12,0.65,0.045,6.0,5.317,within horizon
chloramphenicol,0.9,1.1,0.135,0.968,26,0.35,0.045,12.0,11.617,within horizon
chloramphenicol,0.9,1.1,0.135,0.968,26,0.5,0.02,12.0,11.775,within horizon
chloramphenicol,0.9,1.1,0.135,0.968,26,0.65,0.045,12.0,11.617,within horizon
chloramphenicol,0.9,1.1,0.135,0.968,52,0.35,0.045,24.0,23.317,within horizon
chloramphenicol,0.9,1.1,0.135,0.968,52,0.5,0.02,24.0,23.475,within horizon
chloramphenicol,0.9,1.1,0.135,0.968,52,0.65,0.045,24.0,23.317,within horizon
chloramphenicol,0.9,1.2,0.135,1.0,8,0.35,0.045,4.0,3.321,within horizon
chloramphenicol,0.9,1.2,0.135,1.0,8,0.5,0.02,4.0,3.479,within horizon
chloramphenicol,0.9,1.2,0.135,1.0,8,0.65,0.045,4.0,3.321,within horizon
chloramphenicol,0.9,1.2,0.135,1.0,12,0.35,0.045,6.0,5.121,within horizon
chloramphenicol,0.9,1.2,0.135,1.0,12,0.5,0.02,6.0,5.279,within horizon
chloramphenicol,0.9,1.2,0.135,1.0,12,0.65,0.045,6.0,5.121,within horizon
chloramphenicol,0.9,1.2,0.135,1.0,26,0.35,0.045,12.0,11.421,within horizon
chloramphenicol,0.9,1.2,0.135,1.0,26,0.5,0.02,12.0,11.579,within horizon
chloramphenicol,0.9,1.2,0.135,1.0,26,0.65,0.045,12.0,11.421,within horizon
chloramphenicol,0.9,1.2,0.135,1.0,52,0.35,0.045,24.0,23.121,within horizon
chloramphenicol,0.9,1.2,0.135,1.0,52,0.5,0.02,24.0,23.279,within horizon
chloramphenicol,0.9,1.2,0.135,1.0,52,0.65,0.045,24.0,23.121,within horizon
chloramphenicol,0.9,1.3,0.135,1.0,8,0.35,0.045,4.0,3.321,within horizon
chloramphenicol,0.9,1.3,0.135,1.0,8,0.5,0.02,4.0,3.479,within horizon
chloramphenicol,0.9,1.3,0.135,1.0,8,0.65,0.045,4.0,3.321,within horizon
chloramphenicol,0.9,1.3,0.135,1.0,12,0.35,0.045,6.0,5.121,within horizon
chloramphenicol,0.9,1.3,0.135,1.0,12,0.5,0.02,6.0,5.279,within horizon
chloramphenicol,0.9,1.3,0.135,1.0,12,0.65,0.045,6.0,5.121,within horizon
chloramphenicol,0.9,1.3,0.135,1.0,26,0.35,0.045,12.0,11.421,within horizon
chloramphenicol,0.9,1.3,0.135,1.0,26,0.5,0.02,12.0,11.579,within horizon
chloramphenicol,0.9,1.3,0.135,1.0,26,0.65,0.045,12.0,11.421,within horizon
chloramphenicol,0.9,1.3,0.135,1.0,52,0.35,0.045,24.0,23.121,within horizon
chloramphenicol,0.9,1.3,0.135,1.0,52,0.5,0.02,24.0,23.279,within horizon
chloramphenicol,0.9,1.3,0.135,1.0,52,0.65,0.045,24.0,23.121,within horizon
chloramphenicol,1.0,0.7,0.15,0.616,8,0.35,0.045,8.0,7.245,within horizon
chloramphenicol,1.0,0.7,0.15,0.616,8,0.5,0.02,8.0,7.387,within horizon
chloramphenicol,1.0,0.7,0.15,0.616,8,0.65,0.045,8.0,7.245,within horizon
chloramphenicol,1.0,0.7,0.15,0.616,12,0.35,0.045,10.0,9.045,within horizon
chloramphenicol,1.0,0.7,0.15,0.616,12,0.5,0.02,10.0,9.187,within horizon
chloramphenicol,1.0,0.7,0.15,0.616,12,0.65,0.045,10.0,9.045,within horizon
chloramphenicol,1.0,0.7,0.15,0.616,26,0.35,0.045,16.0,15.345,within horizon
chloramphenicol,1.0,0.7,0.15,0.616,26,0.5,0.02,16.0,15.487,within horizon
chloramphenicol,1.0,0.7,0.15,0.616,26,0.65,0.045,16.0,15.345,within horizon
chloramphenicol,1.0,0.7,0.15,0.616,52,0.35,0.045,28.0,27.045,within horizon
chloramphenicol,1.0,0.7,0.15,0.616,52,0.5,0.02,28.0,27.187,within horizon
chloramphenicol,1.0,0.7,0.15,0.616,52,0.65,0.045,28.0,27.045,within horizon
chloramphenicol,1.0,0.8,0.15,0.704,8,0.35,0.045,6.0,5.739,within horizon
chloramphenicol,1.0,0.8,0.15,0.704,8,0.5,0.02,6.0,5.882,within horizon
chloramphenicol,1.0,0.8,0.15,0.704,8,0.65,0.045,6.0,5.739,within horizon
chloramphenicol,1.0,0.8,0.15,0.704,12,0.35,0.045,8.0,7.539,within horizon
chloramphenicol,1.0,0.8,0.15,0.704,12,0.5,0.02,8.0,7.682,within horizon
chloramphenicol,1.0,0.8,0.15,0.704,12,0.65,0.045,8.0,7.539,within horizon
chloramphenicol,1.0,0.8,0.15,0.704,26,0.35,0.045,14.0,13.839,within horizon
chloramphenicol,1.0,0.8,0.15,0.704,26,0.5,0.02,14.0,13.982,within horizon
chloramphenicol,1.0,0.8,0.15,0.704,26,0.65,0.045,14.0,13.839,within horizon
chloramphenicol,1.0,0.8,0.15,0.704,52,0.35,0.045,26.0,25.539,within horizon
chloramphenicol,1.0,0.8,0.15,0.704,52,0.5,0.02,26.0,25.682,within horizon
chloramphenicol,1.0,0.8,0.15,0.704,52,0.65,0.045,26.0,25.539,within horizon
chloramphenicol,1.0,0.9,0.15,0.792,8,0.35,0.045,5.0,4.783,within horizon
chloramphenicol,1.0,0.9,0.15,0.792,8,0.5,0.02,5.0,4.925,within horizon
chloramphenicol,1.0,0.9,0.15,0.792,8,0.65,0.045,5.0,4.783,within horizon
chloramphenicol,1.0,0.9,0.15,0.792,12,0.35,0.045,7.0,6.583,within horizon
chloramphenicol,1.0,0.9,0.15,0.792,12,0.5,0.02,7.0,6.725,within horizon
chloramphenicol,1.0,0.9,0.15,0.792,12,0.65,0.045,7.0,6.583,within horizon
chloramphenicol,1.0,0.9,0.15,0.792,26,0.35,0.045,13.0,12.883,within horizon
chloramphenicol,1.0,0.9,0.15,0.792,26,0.5,0.02,14.0,13.025,within horizon
chloramphenicol,1.0,0.9,0.15,0.792,26,0.65,0.045,13.0,12.883,within horizon
chloramphenicol,1.0,0.9,0.15,0.792,52,0.35,0.045,25.0,24.583,within horizon
chloramphenicol,1.0,0.9,0.15,0.792,52,0.5,0.02,25.0,24.725,within horizon
chloramphenicol,1.0,0.9,0.15,0.792,52,0.65,0.045,25.0,24.583,within horizon
chloramphenicol,1.0,1.0,0.15,0.88,8,0.35,0.045,5.0,4.08,within horizon
chloramphenicol,1.0,1.0,0.15,0.88,8,0.5,0.02,5.0,4.223,within horizon
chloramphenicol,1.0,1.0,0.15,0.88,8,0.65,0.045,5.0,4.08,within horizon
chloramphenicol,1.0,1.0,0.15,0.88,12,0.35,0.045,6.0,5.88,within horizon
chloramphenicol,1.0,1.0,0.15,0.88,12,0.5,0.02,7.0,6.023,within horizon
chloramphenicol,1.0,1.0,0.15,0.88,12,0.65,0.045,6.0,5.88,within horizon
chloramphenicol,1.0,1.0,0.15,0.88,26,0.35,0.045,13.0,12.18,within horizon
chloramphenicol,1.0,1.0,0.15,0.88,26,0.5,0.02,13.0,12.323,within horizon
chloramphenicol,1.0,1.0,0.15,0.88,26,0.65,0.045,13.0,12.18,within horizon
chloramphenicol,1.0,1.0,0.15,0.88,52,0.35,0.045,24.0,23.88,within horizon
chloramphenicol,1.0,1.0,0.15,0.88,52,0.5,0.02,25.0,24.023,within horizon
chloramphenicol,1.0,1.0,0.15,0.88,52,0.65,0.045,24.0,23.88,within horizon
chloramphenicol,1.0,1.1,0.15,0.968,8,0.35,0.045,4.0,3.525,within horizon
chloramphenicol,1.0,1.1,0.15,0.968,8,0.5,0.02,4.0,3.668,within horizon
chloramphenicol,1.0,1.1,0.15,0.968,8,0.65,0.045,4.0,3.525,within horizon
chloramphenicol,1.0,1.1,0.15,0.968,12,0.35,0.045,6.0,5.325,within horizon
chloramphenicol,1.0,1.1,0.15,0.968,12,0.5,0.02,6.0,5.468,within horizon
chloramphenicol,1.0,1.1,0.15,0.968,12,0.65,0.045,6.0,5.325,within horizon
chloramphenicol,1.0,1.1,0.15,0.968,26,0.35,0.045,12.0,11.625,within horizon
chloramphenicol,1.0,1.1,0.15,0.968,26,0.5,0.02,12.0,11.768,within horizon
chloramphenicol,1.0,1.1,0.15,0.968,26,0.65,0.045,12.0,11.625,within horizon
chloramphenicol,1.0,1.1,0.15,0.968,52,0.35,0.045,24.0,23.325,within horizon
chloramphenicol,1.0,1.1,0.15,0.968,52,0.5,0.02,24.0,23.468,within horizon
chloramphenicol,1.0,1.1,0.15,0.968,52,0.65,0.045,24.0,23.325,within horizon
chloramphenicol,1.0,1.2,0.15,1.0,8,0.35,0.045,4.0,3.349,within horizon
chloramphenicol,1.0,1.2,0.15,1.0,8,0.5,0.02,4.0,3.491,within horizon
chloramphenicol,1.0,1.2,0.15,1.0,8,0.65,0.045,4.0,3.349,within horizon
chloramphenicol,1.0,1.2,0.15,1.0,12,0.35,0.045,6.0,5.149,within horizon
chloramphenicol,1.0,1.2,0.15,1.0,12,0.5,0.02,6.0,5.291,within horizon
chloramphenicol,1.0,1.2,0.15,1.0,12,0.65,0.045,6.0,5.149,within horizon
chloramphenicol,1.0,1.2,0.15,1.0,26,0.35,0.045,12.0,11.449,within horizon
chloramphenicol,1.0,1.2,0.15,1.0,26,0.5,0.02,12.0,11.591,within horizon
chloramphenicol,1.0,1.2,0.15,1.0,26,0.65,0.045,12.0,11.449,within horizon
chloramphenicol,1.0,1.2,0.15,1.0,52,0.35,0.045,24.0,23.149,within horizon
chloramphenicol,1.0,1.2,0.15,1.0,52,0.5,0.02,24.0,23.291,within horizon
chloramphenicol,1.0,1.2,0.15,1.0,52,0.65,0.045,24.0,23.149,within horizon
chloramphenicol,1.0,1.3,0.15,1.0,8,0.35,0.045,4.0,3.349,within horizon
chloramphenicol,1.0,1.3,0.15,1.0,8,0.5,0.02,4.0,3.491,within horizon
chloramphenicol,1.0,1.3,0.15,1.0,8,0.65,0.045,4.0,3.349,within horizon
chloramphenicol,1.0,1.3,0.15,1.0,12,0.35,0.045,6.0,5.149,within horizon
chloramphenicol,1.0,1.3,0.15,1.0,12,0.5,0.02,6.0,5.291,within horizon
chloramphenicol,1.0,1.3,0.15,1.0,12,0.65,0.045,6.0,5.149,within horizon
chloramphenicol,1.0,1.3,0.15,1.0,26,0.35,0.045,12.0,11.449,within horizon
chloramphenicol,1.0,1.3,0.15,1.0,26,0.5,0.02,12.0,11.591,within horizon
chloramphenicol,1.0,1.3,0.15,1.0,26,0.65,0.045,12.0,11.449,within horizon
chloramphenicol,1.0,1.3,0.15,1.0,52,0.35,0.045,24.0,23.149,within horizon
chloramphenicol,1.0,1.3,0.15,1.0,52,0.5,0.02,24.0,23.291,within horizon
chloramphenicol,1.0,1.3,0.15,1.0,52,0.65,0.045,24.0,23.149,within horizon
chloramphenicol,1.1,0.7,0.165,0.616,8,0.35,0.045,7.0,6.913,within horizon
chloramphenicol,1.1,0.7,0.165,0.616,8,0.5,0.02,8.0,7.043,within horizon
chloramphenicol,1.1,0.7,0.165,0.616,8,0.65,0.045,7.0,6.913,within horizon
chloramphenicol,1.1,0.7,0.165,0.616,12,0.35,0.045,9.0,8.713,within horizon
chloramphenicol,1.1,0.7,0.165,0.616,12,0.5,0.02,9.0,8.843,within horizon
chloramphenicol,1.1,0.7,0.165,0.616,12,0.65,0.045,9.0,8.713,within horizon
chloramphenicol,1.1,0.7,0.165,0.616,26,0.35,0.045,16.0,15.013,within horizon
chloramphenicol,1.1,0.7,0.165,0.616,26,0.5,0.02,16.0,15.143,within horizon
chloramphenicol,1.1,0.7,0.165,0.616,26,0.65,0.045,16.0,15.013,within horizon
chloramphenicol,1.1,0.7,0.165,0.616,52,0.35,0.045,27.0,26.713,within horizon
chloramphenicol,1.1,0.7,0.165,0.616,52,0.5,0.02,27.0,26.843,within horizon
chloramphenicol,1.1,0.7,0.165,0.616,52,0.65,0.045,27.0,26.713,within horizon
chloramphenicol,1.1,0.8,0.165,0.704,8,0.35,0.045,6.0,5.545,within horizon
chloramphenicol,1.1,0.8,0.165,0.704,8,0.5,0.02,6.0,5.674,within horizon
chloramphenicol,1.1,0.8,0.165,0.704,8,0.65,0.045,6.0,5.545,within horizon
chloramphenicol,1.1,0.8,0.165,0.704,12,0.35,0.045,8.0,7.345,within horizon
chloramphenicol,1.1,0.8,0.165,0.704,12,0.5,0.02,8.0,7.474,within horizon
chloramphenicol,1.1,0.8,0.165,0.704,12,0.65,0.045,8.0,7.345,within horizon
chloramphenicol,1.1,0.8,0.165,0.704,26,0.35,0.045,14.0,13.645,within horizon
chloramphenicol,1.1,0.8,0.165,0.704,26,0.5,0.02,14.0,13.774,within horizon
chloramphenicol,1.1,0.8,0.165,0.704,26,0.65,0.045,14.0,13.645,within horizon
chloramphenicol,1.1,0.8,0.165,0.704,52,0.35,0.045,26.0,25.345,within horizon
chloramphenicol,1.1,0.8,0.165,0.704,52,0.5,0.02,26.0,25.474,within horizon
chloramphenicol,1.1,0.8,0.165,0.704,52,0.65,0.045,26.0,25.345,within horizon
chloramphenicol,1.1,0.9,0.165,0.792,8,0.35,0.045,5.0,4.675,within horizon
chloramphenicol,1.1,0.9,0.165,0.792,8,0.5,0.02,5.0,4.805,within horizon
chloramphenicol,1.1,0.9,0.165,0.792,8,0.65,0.045,5.0,4.675,within horizon
chloramphenicol,1.1,0.9,0.165,0.792,12,0.35,0.045,7.0,6.475,within horizon
chloramphenicol,1.1,0.9,0.165,0.792,12,0.5,0.02,7.0,6.605,within horizon
chloramphenicol,1.1,0.9,0.165,0.792,12,0.65,0.045,7.0,6.475,within horizon
chloramphenicol,1.1,0.9,0.165,0.792,26,0.35,0.045,13.0,12.775,within horizon
chloramphenicol,1.1,0.9,0.165,0.792,26,0.5,0.02,13.0,12.905,within horizon
chloramphenicol,1.1,0.9,0.165,0.792,26,0.65,0.045,13.0,12.775,within horizon
chloramphenicol,1.1,0.9,0.165,0.792,52,0.35,0.045,25.0,24.475,within horizon
chloramphenicol,1.1,0.9,0.165,0.792,52,0.5,0.02,25.0,24.605,within horizon
chloramphenicol,1.1,0.9,0.165,0.792,52,0.65,0.045,25.0,24.475,within horizon
chloramphenicol,1.1,1.0,0.165,0.88,8,0.35,0.045,5.0,4.037,within horizon
chloramphenicol,1.1,1.0,0.165,0.88,8,0.5,0.02,5.0,4.166,within horizon
chloramphenicol,1.1,1.0,0.165,0.88,8,0.65,0.045,5.0,4.037,within horizon
chloramphenicol,1.1,1.0,0.165,0.88,12,0.35,0.045,6.0,5.837,within horizon
chloramphenicol,1.1,1.0,0.165,0.88,12,0.5,0.02,6.0,5.966,within horizon
chloramphenicol,1.1,1.0,0.165,0.88,12,0.65,0.045,6.0,5.837,within horizon
chloramphenicol,1.1,1.0,0.165,0.88,26,0.35,0.045,13.0,12.137,within horizon
chloramphenicol,1.1,1.0,0.165,0.88,26,0.5,0.02,13.0,12.266,within horizon
chloramphenicol,1.1,1.0,0.165,0.88,26,0.65,0.045,13.0,12.137,within horizon
chloramphenicol,1.1,1.0,0.165,0.88,52,0.35,0.045,24.0,23.837,within horizon
chloramphenicol,1.1,1.0,0.165,0.88,52,0.5,0.02,24.0,23.966,within horizon
chloramphenicol,1.1,1.0,0.165,0.88,52,0.65,0.045,24.0,23.837,within horizon
chloramphenicol,1.1,1.1,0.165,0.968,8,0.35,0.045,4.0,3.532,within horizon
chloramphenicol,1.1,1.1,0.165,0.968,8,0.5,0.02,4.0,3.661,within horizon
chloramphenicol,1.1,1.1,0.165,0.968,8,0.65,0.045,4.0,3.532,within horizon
chloramphenicol,1.1,1.1,0.165,0.968,12,0.35,0.045,6.0,5.332,within horizon
chloramphenicol,1.1,1.1,0.165,0.968,12,0.5,0.02,6.0,5.461,within horizon
chloramphenicol,1.1,1.1,0.165,0.968,12,0.65,0.045,6.0,5.332,within horizon
chloramphenicol,1.1,1.1,0.165,0.968,26,0.35,0.045,12.0,11.632,within horizon
chloramphenicol,1.1,1.1,0.165,0.968,26,0.5,0.02,12.0,11.761,within horizon
chloramphenicol,1.1,1.1,0.165,0.968,26,0.65,0.045,12.0,11.632,within horizon
chloramphenicol,1.1,1.1,0.165,0.968,52,0.35,0.045,24.0,23.332,within horizon
chloramphenicol,1.1,1.1,0.165,0.968,52,0.5,0.02,24.0,23.461,within horizon
chloramphenicol,1.1,1.1,0.165,0.968,52,0.65,0.045,24.0,23.332,within horizon
chloramphenicol,1.1,1.2,0.165,1.0,8,0.35,0.045,4.0,3.371,within horizon
chloramphenicol,1.1,1.2,0.165,1.0,8,0.5,0.02,4.0,3.501,within horizon
chloramphenicol,1.1,1.2,0.165,1.0,8,0.65,0.045,4.0,3.371,within horizon
chloramphenicol,1.1,1.2,0.165,1.0,12,0.35,0.045,6.0,5.171,within horizon
chloramphenicol,1.1,1.2,0.165,1.0,12,0.5,0.02,6.0,5.301,within horizon
chloramphenicol,1.1,1.2,0.165,1.0,12,0.65,0.045,6.0,5.171,within horizon
chloramphenicol,1.1,1.2,0.165,1.0,26,0.35,0.045,12.0,11.471,within horizon
chloramphenicol,1.1,1.2,0.165,1.0,26,0.5,0.02,12.0,11.601,within horizon
chloramphenicol,1.1,1.2,0.165,1.0,26,0.65,0.045,12.0,11.471,within horizon
chloramphenicol,1.1,1.2,0.165,1.0,52,0.35,0.045,24.0,23.171,within horizon
chloramphenicol,1.1,1.2,0.165,1.0,52,0.5,0.02,24.0,23.301,within horizon
chloramphenicol,1.1,1.2,0.165,1.0,52,0.65,0.045,24.0,23.171,within horizon
chloramphenicol,1.1,1.3,0.165,1.0,8,0.35,0.045,4.0,3.371,within horizon
chloramphenicol,1.1,1.3,0.165,1.0,8,0.5,0.02,4.0,3.501,within horizon
chloramphenicol,1.1,1.3,0.165,1.0,8,0.65,0.045,4.0,3.371,within horizon
chloramphenicol,1.1,1.3,0.165,1.0,12,0.35,0.045,6.0,5.171,within horizon
chloramphenicol,1.1,1.3,0.165,1.0,12,0.5,0.02,6.0,5.301,within horizon
chloramphenicol,1.1,1.3,0.165,1.0,12,0.65,0.045,6.0,5.171,within horizon
chloramphenicol,1.1,1.3,0.165,1.0,26,0.35,0.045,12.0,11.471,within horizon
chloramphenicol,1.1,1.3,0.165,1.0,26,0.5,0.02,12.0,11.601,within horizon
chloramphenicol,1.1,1.3,0.165,1.0,26,0.65,0.045,12.0,11.471,within horizon
chloramphenicol,1.1,1.3,0.165,1.0,52,0.35,0.045,24.0,23.171,within horizon
chloramphenicol,1.1,1.3,0.165,1.0,52,0.5,0.02,24.0,23.301,within horizon
chloramphenicol,1.1,1.3,0.165,1.0,52,0.65,0.045,24.0,23.171,within horizon
chloramphenicol,1.2,0.7,0.18,0.616,8,0.35,0.045,7.0,6.637,within horizon
chloramphenicol,1.2,0.7,0.18,0.616,8,0.5,0.02,7.0,6.756,within horizon
chloramphenicol,1.2,0.7,0.18,0.616,8,0.65,0.045,7.0,6.637,within horizon
chloramphenicol,1.2,0.7,0.18,0.616,12,0.35,0.045,9.0,8.437,within horizon
chloramphenicol,1.2,0.7,0.18,0.616,12,0.5,0.02,9.0,8.556,within horizon
chloramphenicol,1.2,0.7,0.18,0.616,12,0.65,0.045,9.0,8.437,within horizon
chloramphenicol,1.2,0.7,0.18,0.616,26,0.35,0.045,15.0,14.737,within horizon
chloramphenicol,1.2,0.7,0.18,0.616,26,0.5,0.02,15.0,14.856,within horizon
chloramphenicol,1.2,0.7,0.18,0.616,26,0.65,0.045,15.0,14.737,within horizon
chloramphenicol,1.2,0.7,0.18,0.616,52,0.35,0.045,27.0,26.437,within horizon
chloramphenicol,1.2,0.7,0.18,0.616,52,0.5,0.02,27.0,26.556,within horizon
chloramphenicol,1.2,0.7,0.18,0.616,52,0.65,0.045,27.0,26.437,within horizon
chloramphenicol,1.2,0.8,0.18,0.704,8,0.35,0.045,6.0,5.383,within horizon
chloramphenicol,1.2,0.8,0.18,0.704,8,0.5,0.02,6.0,5.501,within horizon
chloramphenicol,1.2,0.8,0.18,0.704,8,0.65,0.045,6.0,5.383,within horizon
chloramphenicol,1.2,0.8,0.18,0.704,12,0.35,0.045,8.0,7.183,within horizon
chloramphenicol,1.2,0.8,0.18,0.704,12,0.5,0.02,8.0,7.301,within horizon
chloramphenicol,1.2,0.8,0.18,0.704,12,0.65,0.045,8.0,7.183,within horizon
chloramphenicol,1.2,0.8,0.18,0.704,26,0.35,0.045,14.0,13.483,within horizon
chloramphenicol,1.2,0.8,0.18,0.704,26,0.5,0.02,14.0,13.601,within horizon
chloramphenicol,1.2,0.8,0.18,0.704,26,0.65,0.045,14.0,13.483,within horizon
chloramphenicol,1.2,0.8,0.18,0.704,52,0.35,0.045,26.0,25.183,within horizon
chloramphenicol,1.2,0.8,0.18,0.704,52,0.5,0.02,26.0,25.301,within horizon
chloramphenicol,1.2,0.8,0.18,0.704,52,0.65,0.045,26.0,25.183,within horizon
chloramphenicol,1.2,0.9,0.18,0.792,8,0.35,0.045,5.0,4.586,within horizon
chloramphenicol,1.2,0.9,0.18,0.792,8,0.5,0.02,5.0,4.705,within horizon
chloramphenicol,1.2,0.9,0.18,0.792,8,0.65,0.045,5.0,4.586,within horizon
chloramphenicol,1.2,0.9,0.18,0.792,12,0.35,0.045,7.0,6.386,within horizon
chloramphenicol,1.2,0.9,0.18,0.792,12,0.5,0.02,7.0,6.505,within horizon
chloramphenicol,1.2,0.9,0.18,0.792,12,0.65,0.045,7.0,6.386,within horizon
chloramphenicol,1.2,0.9,0.18,0.792,26,0.35,0.045,13.0,12.686,within horizon
chloramphenicol,1.2,0.9,0.18,0.792,26,0.5,0.02,13.0,12.805,within horizon
chloramphenicol,1.2,0.9,0.18,0.792,26,0.65,0.045,13.0,12.686,within horizon
chloramphenicol,1.2,0.9,0.18,0.792,52,0.35,0.045,25.0,24.386,within horizon
chloramphenicol,1.2,0.9,0.18,0.792,52,0.5,0.02,25.0,24.505,within horizon
chloramphenicol,1.2,0.9,0.18,0.792,52,0.65,0.045,25.0,24.386,within horizon
chloramphenicol,1.2,1.0,0.18,0.88,8,0.35,0.045,4.0,4.0,within horizon
chloramphenicol,1.2,1.0,0.18,0.88,8,0.5,0.02,5.0,4.119,within horizon
chloramphenicol,1.2,1.0,0.18,0.88,8,0.65,0.045,4.0,4.0,within horizon
chloramphenicol,1.2,1.0,0.18,0.88,12,0.35,0.045,6.0,5.8,within horizon
chloramphenicol,1.2,1.0,0.18,0.88,12,0.5,0.02,6.0,5.919,within horizon
chloramphenicol,1.2,1.0,0.18,0.88,12,0.65,0.045,6.0,5.8,within horizon
chloramphenicol,1.2,1.0,0.18,0.88,26,0.35,0.045,13.0,12.1,within horizon
chloramphenicol,1.2,1.0,0.18,0.88,26,0.5,0.02,13.0,12.219,within horizon
chloramphenicol,1.2,1.0,0.18,0.88,26,0.65,0.045,13.0,12.1,within horizon
chloramphenicol,1.2,1.0,0.18,0.88,52,0.35,0.045,24.0,23.8,within horizon
chloramphenicol,1.2,1.0,0.18,0.88,52,0.5,0.02,24.0,23.919,within horizon
chloramphenicol,1.2,1.0,0.18,0.88,52,0.65,0.045,24.0,23.8,within horizon
chloramphenicol,1.2,1.1,0.18,0.968,8,0.35,0.045,4.0,3.537,within horizon
chloramphenicol,1.2,1.1,0.18,0.968,8,0.5,0.02,4.0,3.656,within horizon
chloramphenicol,1.2,1.1,0.18,0.968,8,0.65,0.045,4.0,3.537,within horizon
chloramphenicol,1.2,1.1,0.18,0.968,12,0.35,0.045,6.0,5.337,within horizon
chloramphenicol,1.2,1.1,0.18,0.968,12,0.5,0.02,6.0,5.456,within horizon
chloramphenicol,1.2,1.1,0.18,0.968,12,0.65,0.045,6.0,5.337,within horizon
chloramphenicol,1.2,1.1,0.18,0.968,26,0.35,0.045,12.0,11.637,within horizon
chloramphenicol,1.2,1.1,0.18,0.968,26,0.5,0.02,12.0,11.756,within horizon
chloramphenicol,1.2,1.1,0.18,0.968,26,0.65,0.045,12.0,11.637,within horizon
chloramphenicol,1.2,1.1,0.18,0.968,52,0.35,0.045,24.0,23.337,within horizon
chloramphenicol,1.2,1.1,0.18,0.968,52,0.5,0.02,24.0,23.456,within horizon
chloramphenicol,1.2,1.1,0.18,0.968,52,0.65,0.045,24.0,23.337,within horizon
chloramphenicol,1.2,1.2,0.18,1.0,8,0.35,0.045,4.0,3.39,within horizon
chloramphenicol,1.2,1.2,0.18,1.0,8,0.5,0.02,4.0,3.509,within horizon
chloramphenicol,1.2,1.2,0.18,1.0,8,0.65,0.045,4.0,3.39,within horizon
chloramphenicol,1.2,1.2,0.18,1.0,12,0.35,0.045,6.0,5.19,within horizon
chloramphenicol,1.2,1.2,0.18,1.0,12,0.5,0.02,6.0,5.309,within horizon
chloramphenicol,1.2,1.2,0.18,1.0,12,0.65,0.045,6.0,5.19,within horizon
chloramphenicol,1.2,1.2,0.18,1.0,26,0.35,0.045,12.0,11.49,within horizon
chloramphenicol,1.2,1.2,0.18,1.0,26,0.5,0.02,12.0,11.609,within horizon
chloramphenicol,1.2,1.2,0.18,1.0,26,0.65,0.045,12.0,11.49,within horizon
chloramphenicol,1.2,1.2,0.18,1.0,52,0.35,0.045,24.0,23.19,within horizon
chloramphenicol,1.2,1.2,0.18,1.0,52,0.5,0.02,24.0,23.309,within horizon
chloramphenicol,1.2,1.2,0.18,1.0,52,0.65,0.045,24.0,23.19,within horizon
chloramphenicol,1.2,1.3,0.18,1.0,8,0.35,0.045,4.0,3.39,within horizon
chloramphenicol,1.2,1.3,0.18,1.0,8,0.5,0.02,4.0,3.509,within horizon
chloramphenicol,1.2,1.3,0.18,1.0,8,0.65,0.045,4.0,3.39,within horizon
chloramphenicol,1.2,1.3,0.18,1.0,12,0.35,0.045,6.0,5.19,within horizon
chloramphenicol,1.2,1.3,0.18,1.0,12,0.5,0.02,6.0,5.309,within horizon
chloramphenicol,1.2,1.3,0.18,1.0,12,0.65,0.045,6.0,5.19,within horizon
chloramphenicol,1.2,1.3,0.18,1.0,26,0.35,0.045,12.0,11.49,within horizon
chloramphenicol,1.2,1.3,0.18,1.0,26,0.5,0.02,12.0,11.609,within horizon
chloramphenicol,1.2,1.3,0.18,1.0,26,0.65,0.045,12.0,11.49,within horizon
chloramphenicol,1.2,1.3,0.18,1.0,52,0.35,0.045,24.0,23.19,within horizon
chloramphenicol,1.2,1.3,0.18,1.0,52,0.5,0.02,24.0,23.309,within horizon
chloramphenicol,1.2,1.3,0.18,1.0,52,0.65,0.045,24.0,23.19,within horizon
chloramphenicol,1.3,0.7,0.195,0.616,8,0.35,0.045,7.0,6.404,within horizon
chloramphenicol,1.3,0.7,0.195,0.616,8,0.5,0.02,7.0,6.513,within horizon
chloramphenicol,1.3,0.7,0.195,0.616,8,0.65,0.045,7.0,6.404,within horizon
chloramphenicol,1.3,0.7,0.195,0.616,12,0.35,0.045,9.0,8.204,within horizon
chloramphenicol,1.3,0.7,0.195,0.616,12,0.5,0.02,9.0,8.313,within horizon
chloramphenicol,1.3,0.7,0.195,0.616,12,0.65,0.045,9.0,8.204,within horizon
chloramphenicol,1.3,0.7,0.195,0.616,26,0.35,0.045,15.0,14.504,within horizon
chloramphenicol,1.3,0.7,0.195,0.616,26,0.5,0.02,15.0,14.613,within horizon
chloramphenicol,1.3,0.7,0.195,0.616,26,0.65,0.045,15.0,14.504,within horizon
chloramphenicol,1.3,0.7,0.195,0.616,52,0.35,0.045,27.0,26.204,within horizon
chloramphenicol,1.3,0.7,0.195,0.616,52,0.5,0.02,27.0,26.313,within horizon
chloramphenicol,1.3,0.7,0.195,0.616,52,0.65,0.045,27.0,26.204,within horizon
chloramphenicol,1.3,0.8,0.195,0.704,8,0.35,0.045,6.0,5.245,within horizon
chloramphenicol,1.3,0.8,0.195,0.704,8,0.5,0.02,6.0,5.355,within horizon
chloramphenicol,1.3,0.8,0.195,0.704,8,0.65,0.045,6.0,5.245,within horizon
chloramphenicol,1.3,0.8,0.195,0.704,12,0.35,0.045,8.0,7.045,within horizon
chloramphenicol,1.3,0.8,0.195,0.704,12,0.5,0.02,8.0,7.155,within horizon
chloramphenicol,1.3,0.8,0.195,0.704,12,0.65,0.045,8.0,7.045,within horizon
chloramphenicol,1.3,0.8,0.195,0.704,26,0.35,0.045,14.0,13.345,within horizon
chloramphenicol,1.3,0.8,0.195,0.704,26,0.5,0.02,14.0,13.455,within horizon
chloramphenicol,1.3,0.8,0.195,0.704,26,0.65,0.045,14.0,13.345,within horizon
chloramphenicol,1.3,0.8,0.195,0.704,52,0.35,0.045,26.0,25.045,within horizon
chloramphenicol,1.3,0.8,0.195,0.704,52,0.5,0.02,26.0,25.155,within horizon
chloramphenicol,1.3,0.8,0.195,0.704,52,0.65,0.045,26.0,25.045,within horizon
chloramphenicol,1.3,0.9,0.195,0.792,8,0.35,0.045,5.0,4.51,within horizon
chloramphenicol,1.3,0.9,0.195,0.792,8,0.5,0.02,5.0,4.62,within horizon
chloramphenicol,1.3,0.9,0.195,0.792,8,0.65,0.045,5.0,4.51,within horizon
chloramphenicol,1.3,0.9,0.195,0.792,12,0.35,0.045,7.0,6.31,within horizon
chloramphenicol,1.3,0.9,0.195,0.792,12,0.5,0.02,7.0,6.42,within horizon
chloramphenicol,1.3,0.9,0.195,0.792,12,0.65,0.045,7.0,6.31,within horizon
chloramphenicol,1.3,0.9,0.195,0.792,26,0.35,0.045,13.0,12.61,within horizon
chloramphenicol,1.3,0.9,0.195,0.792,26,0.5,0.02,13.0,12.72,within horizon
chloramphenicol,1.3,0.9,0.195,0.792,26,0.65,0.045,13.0,12.61,within horizon
chloramphenicol,1.3,0.9,0.195,0.792,52,0.35,0.045,25.0,24.31,within horizon
chloramphenicol,1.3,0.9,0.195,0.792,52,0.5,0.02,25.0,24.42,within horizon
chloramphenicol,1.3,0.9,0.195,0.792,52,0.65,0.045,25.0,24.31,within horizon
chloramphenicol,1.3,1.0,0.195,0.88,8,0.35,0.045,4.0,3.969,within horizon
chloramphenicol,1.3,1.0,0.195,0.88,8,0.5,0.02,5.0,4.079,within horizon
chloramphenicol,1.3,1.0,0.195,0.88,8,0.65,0.045,4.0,3.969,within horizon
chloramphenicol,1.3,1.0,0.195,0.88,12,0.35,0.045,6.0,5.769,within horizon
chloramphenicol,1.3,1.0,0.195,0.88,12,0.5,0.02,6.0,5.879,within horizon
chloramphenicol,1.3,1.0,0.195,0.88,12,0.65,0.045,6.0,5.769,within horizon
chloramphenicol,1.3,1.0,0.195,0.88,26,0.35,0.045,13.0,12.069,within horizon
chloramphenicol,1.3,1.0,0.195,0.88,26,0.5,0.02,13.0,12.179,within horizon
chloramphenicol,1.3,1.0,0.195,0.88,26,0.65,0.045,13.0,12.069,within horizon
chloramphenicol,1.3,1.0,0.195,0.88,52,0.35,0.045,24.0,23.769,within horizon
chloramphenicol,1.3,1.0,0.195,0.88,52,0.5,0.02,24.0,23.879,within horizon
chloramphenicol,1.3,1.0,0.195,0.88,52,0.65,0.045,24.0,23.769,within horizon
chloramphenicol,1.3,1.1,0.195,0.968,8,0.35,0.045,4.0,3.542,within horizon
chloramphenicol,1.3,1.1,0.195,0.968,8,0.5,0.02,4.0,3.652,within horizon
chloramphenicol,1.3,1.1,0.195,0.968,8,0.65,0.045,4.0,3.542,within horizon
chloramphenicol,1.3,1.1,0.195,0.968,12,0.35,0.045,6.0,5.342,within horizon
chloramphenicol,1.3,1.1,0.195,0.968,12,0.5,0.02,6.0,5.452,within horizon
chloramphenicol,1.3,1.1,0.195,0.968,12,0.65,0.045,6.0,5.342,within horizon
chloramphenicol,1.3,1.1,0.195,0.968,26,0.35,0.045,12.0,11.642,within horizon
chloramphenicol,1.3,1.1,0.195,0.968,26,0.5,0.02,12.0,11.752,within horizon
chloramphenicol,1.3,1.1,0.195,0.968,26,0.65,0.045,12.0,11.642,within horizon
chloramphenicol,1.3,1.1,0.195,0.968,52,0.35,0.045,24.0,23.342,within horizon
chloramphenicol,1.3,1.1,0.195,0.968,52,0.5,0.02,24.0,23.452,within horizon
chloramphenicol,1.3,1.1,0.195,0.968,52,0.65,0.045,24.0,23.342,within horizon
chloramphenicol,1.3,1.2,0.195,1.0,8,0.35,0.045,4.0,3.407,within horizon
chloramphenicol,1.3,1.2,0.195,1.0,8,0.5,0.02,4.0,3.516,within horizon
chloramphenicol,1.3,1.2,0.195,1.0,8,0.65,0.045,4.0,3.407,within horizon
chloramphenicol,1.3,1.2,0.195,1.0,12,0.35,0.045,6.0,5.207,within horizon
chloramphenicol,1.3,1.2,0.195,1.0,12,0.5,0.02,6.0,5.316,within horizon
chloramphenicol,1.3,1.2,0.195,1.0,12,0.65,0.045,6.0,5.207,within horizon
chloramphenicol,1.3,1.2,0.195,1.0,26,0.35,0.045,12.0,11.507,within horizon
chloramphenicol,1.3,1.2,0.195,1.0,26,0.5,0.02,12.0,11.616,within horizon
chloramphenicol,1.3,1.2,0.195,1.0,26,0.65,0.045,12.0,11.507,within horizon
chloramphenicol,1.3,1.2,0.195,1.0,52,0.35,0.045,24.0,23.207,within horizon
chloramphenicol,1.3,1.2,0.195,1.0,52,0.5,0.02,24.0,23.316,within horizon
chloramphenicol,1.3,1.2,0.195,1.0,52,0.65,0.045,24.0,23.207,within horizon
chloramphenicol,1.3,1.3,0.195,1.0,8,0.35,0.045,4.0,3.407,within horizon
chloramphenicol,1.3,1.3,0.195,1.0,8,0.5,0.02,4.0,3.516,within horizon
chloramphenicol,1.3,1.3,0.195,1.0,8,0.65,0.045,4.0,3.407,within horizon
chloramphenicol,1.3,1.3,0.195,1.0,12,0.35,0.045,6.0,5.207,within horizon
chloramphenicol,1.3,1.3,0.195,1.0,12,0.5,0.02,6.0,5.316,within horizon
chloramphenicol,1.3,1.3,0.195,1.0,12,0.65,0.045,6.0,5.207,within horizon
chloramphenicol,1.3,1.3,0.195,1.0,26,0.35,0.045,12.0,11.507,within horizon
chloramphenicol,1.3,1.3,0.195,1.0,26,0.5,0.02,12.0,11.616,within horizon
chloramphenicol,1.3,1.3,0.195,1.0,26,0.65,0.045,12.0,11.507,within horizon
chloramphenicol,1.3,1.3,0.195,1.0,52,0.35,0.045,24.0,23.207,within horizon
chloramphenicol,1.3,1.3,0.195,1.0,52,0.5,0.02,24.0,23.316,within horizon
chloramphenicol,1.3,1.3,0.195,1.0,52,0.65,0.045,24.0,23.207,within horizon
gentamicin,0.7,0.7,0.084,0.525,8,0.35,0.045,,17.416,after horizon
gentamicin,0.7,0.7,0.084,0.525,8,0.5,0.02,,17.671,after horizon
gentamicin,0.7,0.7,0.084,0.525,8,0.65,0.045,,17.416,after horizon
gentamicin,0.7,0.7,0.084,0.525,12,0.35,0.045,,19.216,after horizon
gentamicin,0.7,0.7,0.084,0.525,12,0.5,0.02,,19.471,after horizon
gentamicin,0.7,0.7,0.084,0.525,12,0.65,0.045,,19.216,after horizon
gentamicin,0.7,0.7,0.084,0.525,26,0.35,0.045,26.0,25.516,within horizon
gentamicin,0.7,0.7,0.084,0.525,26,0.5,0.02,26.0,25.771,within horizon
gentamicin,0.7,0.7,0.084,0.525,26,0.65,0.045,26.0,25.516,within horizon
gentamicin,0.7,0.7,0.084,0.525,52,0.35,0.045,38.0,37.216,within horizon
gentamicin,0.7,0.7,0.084,0.525,52,0.5,0.02,38.0,37.471,within horizon
gentamicin,0.7,0.7,0.084,0.525,52,0.65,0.045,38.0,37.216,within horizon
gentamicin,0.7,0.8,0.084,0.6,8,0.35,0.045,,10.815,after horizon
gentamicin,0.7,0.8,0.084,0.6,8,0.5,0.02,,11.07,after horizon
gentamicin,0.7,0.8,0.084,0.6,8,0.65,0.045,,10.815,after horizon
gentamicin,0.7,0.8,0.084,0.6,12,0.35,0.045,,12.615,after horizon
gentamicin,0.7,0.8,0.084,0.6,12,0.5,0.02,,12.87,after horizon
gentamicin,0.7,0.8,0.084,0.6,12,0.65,0.045,,12.615,after horizon
gentamicin,0.7,0.8,0.084,0.6,26,0.35,0.045,19.0,18.915,within horizon
gentamicin,0.7,0.8,0.084,0.6,26,0.5,0.02,20.0,19.17,within horizon
gentamicin,0.7,0.8,0.084,0.6,26,0.65,0.045,19.0,18.915,within horizon
gentamicin,0.7,0.8,0.084,0.6,52,0.35,0.045,31.0,30.615,within horizon
gentamicin,0.7,0.8,0.084,0.6,52,0.5,0.02,31.0,30.87,within horizon
gentamicin,0.7,0.8,0.084,0.6,52,0.65,0.045,31.0,30.615,within horizon
gentamicin,0.7,0.9,0.084,0.675,8,0.35,0.045,,8.15,after horizon
gentamicin,0.7,0.9,0.084,0.675,8,0.5,0.02,,8.405,after horizon
gentamicin,0.7,0.9,0.084,0.675,8,0.65,0.045,,8.15,after horizon
gentamicin,0.7,0.9,0.084,0.675,12,0.35,0.045,10.0,9.95,within horizon
gentamicin,0.7,0.9,0.084,0.675,12,0.5,0.02,11.0,10.205,within horizon
gentamicin,0.7,0.9,0.084,0.675,12,0.65,0.045,10.0,9.95,within horizon
gentamicin,0.7,0.9,0.084,0.675,26,0.35,0.045,17.0,16.25,within horizon
gentamicin,0.7,0.9,0.084,0.675,26,0.5,0.02,17.0,16.505,within horizon
gentamicin,0.7,0.9,0.084,0.675,26,0.65,0.045,17.0,16.25,within horizon
gentamicin,0.7,0.9,0.084,0.675,52,0.35,0.045,28.0,27.95,within horizon
gentamicin,0.7,0.9,0.084,0.675,52,0.5,0.02,29.0,28.205,within horizon
gentamicin,0.7,0.9,0.084,0.675,52,0.65,0.045,28.0,27.95,within horizon
gentamicin,0.7,1.0,0.084,0.75,8,0.35,0.045,7.0,6.452,within horizon
gentamicin,0.7,1.0,0.084,0.75,8,0.5,0.02,7.0,6.706,within horizon
gentamicin,0.7,1.0,0.084,0.75,8,0.65,0.045,7.0,6.452,within horizon
gentamicin,0.7,1.0,0.084,0.75,12,0.35,0.045,9.0,8.252,within horizon
gentamicin,0.7,1.0,0.084,0.75,12,0.5,0.02,9.0,8.506,within horizon
gentamicin,0.7,1.0,0.084,0.75,12,0.65,0.045,9.0,8.252,within horizon
gentamicin,0.7,1.0,0.084,0.75,26,0.35,0.045,15.0,14.552,within horizon
gentamicin,0.7,1.0,0.084,0.75,26,0.5,0.02,15.0,14.806,within horizon
gentamicin,0.7,1.0,0.084,0.75,26,0.65,0.045,15.0,14.552,within horizon
gentamicin,0.7,1.0,0.084,0.75,52,0.35,0.045,27.0,26.252,within horizon
gentamicin,0.7,1.0,0.084,0.75,52,0.5,0.02,27.0,26.506,within horizon
gentamicin,0.7,1.0,0.084,0.75,52,0.65,0.045,27.0,26.252,within horizon
gentamicin,0.7,1.1,0.084,0.825,8,0.35,0.045,6.0,5.202,within horizon
gentamicin,0.7,1.1,0.084,0.825,8,0.5,0.02,6.0,5.457,within horizon
gentamicin,0.7,1.1,0.084,0.825,8,0.65,0.045,6.0,5.202,within horizon
gentamicin,0.7,1.1,0.084,0.825,12,0.35,0.045,8.0,7.002,within horizon
gentamicin,0.7,1.1,0.084,0.825,12,0.5,0.02,8.0,7.257,within horizon
gentamicin,0.7,1.1,0.084,0.825,12,0.65,0.045,8.0,7.002,within horizon
gentamicin,0.7,1.1,0.084,0.825,26,0.35,0.045,14.0,13.302,within horizon
gentamicin,0.7,1.1,0.084,0.825,26,0.5,0.02,14.0,13.557,within horizon
gentamicin,0.7,1.1,0.084,0.825,26,0.65,0.045,14.0,13.302,within horizon
gentamicin,0.7,1.1,0.084,0.825,52,0.35,0.045,26.0,25.002,within horizon
gentamicin,0.7,1.1,0.084,0.825,52,0.5,0.02,26.0,25.257,within horizon
gentamicin,0.7,1.1,0.084,0.825,52,0.65,0.045,26.0,25.002,within horizon
gentamicin,0.7,1.2,0.084,0.9,8,0.35,0.045,5.0,4.213,within horizon
gentamicin,0.7,1.2,0.084,0.9,8,0.5,0.02,5.0,4.468,within horizon
gentamicin,0.7,1.2,0.084,0.9,8,0.65,0.045,5.0,4.213,within horizon
gentamicin,0.7,1.2,0.084,0.9,12,0.35,0.045,7.0,6.013,within horizon
gentamicin,0.7,1.2,0.084,0.9,12,0.5,0.02,7.0,6.268,within horizon
gentamicin,0.7,1.2,0.084,0.9,12,0.65,0.045,7.0,6.013,within horizon
gentamicin,0.7,1.2,0.084,0.9,26,0.35,0.045,13.0,12.313,within horizon
gentamicin,0.7,1.2,0.084,0.9,26,0.5,0.02,13.0,12.568,within horizon
gentamicin,0.7,1.2,0.084,0.9,26,0.65,0.045,13.0,12.313,within horizon
gentamicin,0.7,1.2,0.084,0.9,52,0.35,0.045,25.0,24.013,within horizon
gentamicin,0.7,1.2,0.084,0.9,52,0.5,0.02,25.0,24.268,within horizon
gentamicin,0.7,1.2,0.084,0.9,52,0.65,0.045,25.0,24.013,within horizon
gentamicin,0.7,1.3,0.084,0.975,8,0.35,0.045,4.0,3.395,within horizon
gentamicin,0.7,1.3,0.084,0.975,8,0.5,0.02,4.0,3.65,within horizon
gentamicin,0.7,1.3,0.084,0.975,8,0.65,0.045,4.0,3.395,within horizon
gentamicin,0.7,1.3,0.084,0.975,12,0.35,0.045,6.0,5.195,within horizon
gentamicin,0.7,1.3,0.084,0.975,12,0.5,0.02,6.0,5.45,within horizon
gentamicin,0.7,1.3,0.084,0.975,12,0.65,0.045,6.0,5.195,within horizon
gentamicin,0.7,1.3,0.084,0.975,26,0.35,0.045,12.0,11.495,within horizon
gentamicin,0.7,1.3,0.084,0.975,26,0.5,0.02,12.0,11.75,within horizon
gentamicin,0.7,1.3,0.084,0.975,26,0.65,0.045,12.0,11.495,within horizon
gentamicin,0.7,1.3,0.084,0.975,52,0.35,0.045,24.0,23.195,within horizon
gentamicin,0.7,1.3,0.084,0.975,52,0.5,0.02,24.0,23.45,within horizon
gentamicin,0.7,1.3,0.084,0.975,52,0.65,0.045,24.0,23.195,within horizon
gentamicin,0.8,0.7,0.096,0.525,8,0.35,0.045,,15.689,after horizon
gentamicin,0.8,0.7,0.096,0.525,8,0.5,0.02,,15.912,after horizon
gentamicin,0.8,0.7,0.096,0.525,8,0.65,0.045,,15.689,after horizon
gentamicin,0.8,0.7,0.096,0.525,12,0.35,0.045,,17.489,after horizon
gentamicin,0.8,0.7,0.096,0.525,12,0.5,0.02,,17.712,after horizon
gentamicin,0.8,0.7,0.096,0.525,12,0.65,0.045,,17.489,after horizon
gentamicin,0.8,0.7,0.096,0.525,26,0.35,0.045,24.0,23.789,within horizon
gentamicin,0.8,0.7,0.096,0.525,26,0.5,0.02,25.0,24.012,within horizon
gentamicin,0.8,0.7,0.096,0.525,26,0.65,0.045,24.0,23.789,within horizon
gentamicin,0.8,0.7,0.096,0.525,52,0.35,0.045,36.0,35.489,within horizon
gentamicin,0.8,0.7,0.096,0.525,52,0.5,0.02,36.0,35.712,within horizon
gentamicin,0.8,0.7,0.096,0.525,52,0.65,0.045,36.0,35.489,within horizon
gentamicin,0.8,0.8,0.096,0.6,8,0.35,0.045,,9.913,after horizon
gentamicin,0.8,0.8,0.096,0.6,8,0.5,0.02,,10.136,after horizon
gentamicin,0.8,0.8,0.096,0.6,8,0.65,0.045,,9.913,after horizon
gentamicin,0.8,0.8,0.096,0.6,12,0.35,0.045,12.0,11.713,within horizon
gentamicin,0.8,0.8,0.096,0.6,12,0.5,0.02,12.0,11.936,within horizon
gentamicin,0.8,0.8,0.096,0.6,12,0.65,0.045,12.0,11.713,within horizon
gentamicin,0.8,0.8,0.096,0.6,26,0.35,0.045,19.0,18.013,within horizon
gentamicin,0.8,0.8,0.096,0.6,26,0.5,0.02,19.0,18.236,within horizon
gentamicin,0.8,0.8,0.096,0.6,26,0.65,0.045,19.0,18.013,within horizon
gentamicin,0.8,0.8,0.096,0.6,52,0.35,0.045,30.0,29.713,within horizon
gentamicin,0.8,0.8,0.096,0.6,52,0.5,0.02,30.0,29.936,within horizon
gentamicin,0.8,0.8,0.096,0.6,52,0.65,0.045,30.0,29.713,within horizon
gentamicin,0.8,0.9,0.096,0.675,8,0.35,0.045,8.0,7.581,within horizon
gentamicin,0.8,0.9,0.096,0.675,8,0.5,0.02,8.0,7.804,within horizon
gentamicin,0.8,0.9,0.096,0.675,8,0.65,0.045,8.0,7.581,within horizon
gentamicin,0.8,0.9,0.096,0.675,12,0.35,0.045,10.0,9.381,within horizon
gentamicin,0.8,0.9,0.096,0.675,12,0.5,0.02,10.0,9.604,within horizon
gentamicin,0.8,0.9,0.096,0.675,12,0.65,0.045,10.0,9.381,within horizon
gentamicin,0.8,0.9,0.096,0.675,26,0.35,0.045,16.0,15.681,within horizon
gentamicin,0.8,0.9,0.096,0.675,26,0.5,0.02,16.0,15.904,within horizon
gentamicin,0.8,0.9,0.096,0.675,26,0.65,0.045,16.0,15.681,within horizon
gentamicin,0.8,0.9,0.096,0.675,52,0.35,0.045,28.0,27.381,within horizon
gentamicin,0.8,0.9,0.096,0.675,52,0.5,0.02,28.0,27.604,within horizon
gentamicin,0.8,0.9,0.096,0.675,52,0.65,0.045,28.0,27.381,within horizon
gentamicin,0.8,1.0,0.096,0.75,8,0.35,0.045,7.0,6.095,within horizon
gentamicin,0.8,1.0,0.096,0.75,8,0.5,0.02,7.0,6.318,within horizon
gentamicin,0.8,1.0,0.096,0.75,8,0.65,0.045,7.0,6.095,within horizon
gentamicin,0.8,1.0,0.096,0.75,12,0.35,0.045,8.0,7.895,within horizon
gentamicin,0.8,1.0,0.096,0.75,12,0.5,0.02,9.0,8.118,within horizon
gentamicin,0.8,1.0,0.096,0.75,12,0.65,0.045,8.0,7.895,within horizon
gentamicin,0.8,1.0,0.096,0.75,26,0.35,0.045,15.0,14.195,within horizon
gentamicin,0.8,1.0,0.096,0.75,26,0.5,0.02,15.0,14.418,within horizon
gentamicin,0.8,1.0,0.096,0.75,26,0.65,0.045,15.0,14.195,within horizon
gentamicin,0.8,1.0,0.096,0.75,52,0.35,0.045,26.0,25.895,within horizon
gentamicin,0.8,1.0,0.096,0.75,52,0.5,0.02,27.0,26.118,within horizon
gentamicin,0.8,1.0,0.096,0.75,52,0.65,0.045,26.0,25.895,within horizon
gentamicin,0.8,1.1,0.096,0.825,8,0.35,0.045,6.0,5.002,within horizon
gentamicin,0.8,1.1,0.096,0.825,8,0.5,0.02,6.0,5.225,within horizon
gentamicin,0.8,1.1,0.096,0.825,8,0.65,0.045,6.0,5.002,within horizon
gentamicin,0.8,1.1,0.096,0.825,12,0.35,0.045,7.0,6.802,within horizon
gentamicin,0.8,1.1,0.096,0.825,12,0.5,0.02,8.0,7.025,within horizon
gentamicin,0.8,1.1,0.096,0.825,12,0.65,0.045,7.0,6.802,within horizon
gentamicin,0.8,1.1,0.096,0.825,26,0.35,0.045,14.0,13.102,within horizon
gentamicin,0.8,1.1,0.096,0.825,26,0.5,0.02,14.0,13.325,within horizon
gentamicin,0.8,1.1,0.096,0.825,26,0.65,0.045,14.0,13.102,within horizon
gentamicin,0.8,1.1,0.096,0.825,52,0.35,0.045,25.0,24.802,within horizon
gentamicin,0.8,1.1,0.096,0.825,52,0.5,0.02,26.0,25.025,within horizon
gentamicin,0.8,1.1,0.096,0.825,52,0.65,0.045,25.0,24.802,within horizon
gentamicin,0.8,1.2,0.096,0.9,8,0.35,0.045,5.0,4.137,within horizon
gentamicin,0.8,1.2,0.096,0.9,8,0.5,0.02,5.0,4.36,within horizon
gentamicin,0.8,1.2,0.096,0.9,8,0.65,0.045,5.0,4.137,within horizon
gentamicin,0.8,1.2,0.096,0.9,12,0.35,0.045,6.0,5.937,within horizon
gentamicin,0.8,1.2,0.096,0.9,12,0.5,0.02,7.0,6.16,within horizon
gentamicin,0.8,1.2,0.096,0.9,12,0.65,0.045,6.0,5.937,within horizon
gentamicin,0.8,1.2,0.096,0.9,26,0.35,0.045,13.0,12.237,within horizon
gentamicin,0.8,1.2,0.096,0.9,26,0.5,0.02,13.0,12.46,within horizon
gentamicin,0.8,1.2,0.096,0.9,26,0.65,0.045,13.0,12.237,within horizon
gentamicin,0.8,1.2,0.096,0.9,52,0.35,0.045,24.0,23.937,within horizon
gentamicin,0.8,1.2,0.096,0.9,52,0.5,0.02,25.0,24.16,within horizon
gentamicin,0.8,1.2,0.096,0.9,52,0.65,0.045,24.0,23.937,within horizon
gentamicin,0.8,1.3,0.096,0.975,8,0.35,0.045,4.0,3.421,within horizon
gentamicin,0.8,1.3,0.096,0.975,8,0.5,0.02,4.0,3.644,within horizon
gentamicin,0.8,1.3,0.096,0.975,8,0.65,0.045,4.0,3.421,within horizon
gentamicin,0.8,1.3,0.096,0.975,12,0.35,0.045,6.0,5.221,within horizon
gentamicin,0.8,1.3,0.096,0.975,12,0.5,0.02,6.0,5.444,within horizon
gentamicin,0.8,1.3,0.096,0.975,12,0.65,0.045,6.0,5.221,within horizon
gentamicin,0.8,1.3,0.096,0.975,26,0.35,0.045,12.0,11.521,within horizon
gentamicin,0.8,1.3,0.096,0.975,26,0.5,0.02,12.0,11.744,within horizon
gentamicin,0.8,1.3,0.096,0.975,26,0.65,0.045,12.0,11.521,within horizon
gentamicin,0.8,1.3,0.096,0.975,52,0.35,0.045,24.0,23.221,within horizon
gentamicin,0.8,1.3,0.096,0.975,52,0.5,0.02,24.0,23.444,within horizon
gentamicin,0.8,1.3,0.096,0.975,52,0.65,0.045,24.0,23.221,within horizon
gentamicin,0.9,0.7,0.108,0.525,8,0.35,0.045,,14.346,after horizon
gentamicin,0.9,0.7,0.108,0.525,8,0.5,0.02,,14.544,after horizon
gentamicin,0.9,0.7,0.108,0.525,8,0.65,0.045,,14.346,after horizon
gentamicin,0.9,0.7,0.108,0.525,12,0.35,0.045,,16.146,after horizon
gentamicin,0.9,0.7,0.108,0.525,12,0.5,0.02,,16.344,after horizon
gentamicin,0.9,0.7,0.108,0.525,12,0.65,0.045,,16.146,after horizon
gentamicin,0.9,0.7,0.108,0.525,26,0.35,0.045,23.0,22.446,within horizon
gentamicin,0.9,0.7,0.108,0.525,26,0.5,0.02,23.0,22.644,within horizon
gentamicin,0.9,0.7,0.108,0.525,26,0.65,0.045,23.0,22.446,within horizon
gentamicin,0.9,0.7,0.108,0.525,52,0.35,0.045,35.0,34.146,within horizon
gentamicin,0.9,0.7,0.108,0.525,52,0.5,0.02,35.0,34.344,within horizon
gentamicin,0.9,0.7,0.108,0.525,52,0.65,0.045,35.0,34.146,within horizon
gentamicin,0.9,0.8,0.108,0.6,8,0.35,0.045,,9.212,after horizon
gentamicin,0.9,0.8,0.108,0.6,8,0.5,0.02,,9.41,after horizon
gentamicin,0.9,0.8,0.108,0.6,8,0.65,0.045,,9.212,after horizon
gentamicin,0.9,0.8,0.108,0.6,12,0.35,0.045,12.0,11.012,within horizon
gentamicin,0.9,0.8,0.108,0.6,12,0.5,0.02,12.0,11.21,within horizon
gentamicin,0.9,0.8,0.108,0.6,12,0.65,0.045,12.0,11.012,within horizon
gentamicin,0.9,0.8,0.108,0.6,26,0.35,0.045,18.0,17.312,within horizon
gentamicin,0.9,0.8,0.108,0.6,26,0.5,0.02,18.0,17.51,within horizon
gentamicin,0.9,0.8,0.108,0.6,26,0.65,0.045,18.0,17.312,within horizon
gentamicin,0.9,0.8,0.108,0.6,52,0.35,0.045,30.0,29.012,within horizon
gentamicin,0.9,0.8,0.108,0.6,52,0.5,0.02,30.0,29.21,within horizon
gentamicin,0.9,0.8,0.108,0.6,52,0.65,0.045,30.0,29.012,within horizon
gentamicin,0.9,0.9,0.108,0.675,8,0.35,0.045,8.0,7.139,within horizon
gentamicin,0.9,0.9,0.108,0.675,8,0.5,0.02,8.0,7.337,within horizon
gentamicin,0.9,0.9,0.108,0.675,8,0.65,0.045,8.0,7.139,within horizon
gentamicin,0.9,0.9,0.108,0.675,12,0.35,0.045,9.0,8.939,within horizon
gentamicin,0.9,0.9,0.108,0.675,12,0.5,0.02,10.0,9.137,within horizon
gentamicin,0.9,0.9,0.108,0.675,12,0.65,0.045,9.0,8.939,within horizon
gentamicin,0.9,0.9,0.108,0.675,26,0.35,0.045,16.0,15.239,within horizon
gentamicin,0.9,0.9,0.108,0.675,26,0.5,0.02,16.0,15.437,within horizon
gentamicin,0.9,0.9,0.108,0.675,26,0.65,0.045,16.0,15.239,within horizon
gentamicin,0.9,0.9,0.108,0.675,52,0.35,0.045,27.0,26.939,within horizon
gentamicin,0.9,0.9,0.108,0.675,52,0.5,0.02,28.0,27.137,within horizon
gentamicin,0.9,0.9,0.108,0.675,52,0.65,0.045,27.0,26.939,within horizon
gentamicin,0.9,1.0,0.108,0.75,8,0.35,0.045,6.0,5.818,within horizon
gentamicin,0.9,1.0,0.108,0.75,8,0.5,0.02,7.0,6.016,within horizon
gentamicin,0.9,1.0,0.108,0.75,8,0.65,0.045,6.0,5.818,within horizon
gentamicin,0.9,1.0,0.108,0.75,12,0.35,0.045,8.0,7.618,within horizon
gentamicin,0.9,1.0,0.108,0.75,12,0.5,0.02,8.0,7.816,within horizon
gentamicin,0.9,1.0,0.108,0.75,12,0.65,0.045,8.0,7.618,within horizon
gentamicin,0.9,1.0,0.108,0.75,26,0.35,0.045,14.0,13.918,within horizon
gentamicin,0.9,1.0,0.108,0.75,26,0.5,0.02,15.0,14.116,within horizon
gentamicin,0.9,1.0,0.108,0.75,26,0.65,0.045,14.0,13.918,within horizon
gentamicin,0.9,1.0,0.108,0.75,52,0.35,0.045,26.0,25.618,within horizon
gentamicin,0.9,1.0,0.108,0.75,52,0.5,0.02,26.0,25.816,within horizon
gentamicin,0.9,1.0,0.108,0.75,52,0.65,0.045,26.0,25.618,within horizon
gentamicin,0.9,1.1,0.108,0.825,8,0.35,0.045,5.0,4.846,within horizon
gentamicin,0.9,1.1,0.108,0.825,8,0.5,0.02,6.0,5.044,within horizon
gentamicin,0.9,1.1,0.108,0.825,8,0.65,0.045,5.0,4.846,within horizon
gentamicin,0.9,1.1,0.108,0.825,12,0.35,0.045,7.0,6.646,within horizon
gentamicin,0.9,1.1,0.108,0.825,12,0.5,0.02,7.0,6.844,within horizon
gentamicin,0.9,1.1,0.108,0.825,12,0.65,0.045,7.0,6.646,within horizon
gentamicin,0.9,1.1,0.108,0.825,26,0.35,0.045,13.0,12.946,within horizon
gentamicin,0.9,1.1,0.108,0.825,26,0.5,0.02,14.0,13.144,within horizon
gentamicin,0.9,1.1,0.108,0.825,26,0.65,0.045,13.0,12.946,within horizon
gentamicin,0.9,1.1,0.108,0.825,52,0.35,0.045,25.0,24.646,within horizon
gentamicin,0.9,1.1,0.108,0.825,52,0.5,0.02,25.0,24.844,within horizon
gentamicin,0.9,1.1,0.108,0.825,52,0.65,0.045,25.0,24.646,within horizon
gentamicin,0.9,1.2,0.108,0.9,8,0.35,0.045,5.0,4.077,within horizon
gentamicin,0.9,1.2,0.108,0.9,8,0.5,0.02,5.0,4.275,within horizon
gentamicin,0.9,1.2,0.108,0.9,8,0.65,0.045,5.0,4.077,within horizon
gentamicin,0.9,1.2,0.108,0.9,12,0.35,0.045,6.0,5.877,within horizon
gentamicin,0.9,1.2,0.108,0.9,12,0.5,0.02,7.0,6.075,within horizon
gentamicin,0.9,1.2,0.108,0.9,12,0.65,0.045,6.0,5.877,within horizon
gentamicin,0.9,1.2,0.108,0.9,26,0.35,0.045,13.0,12.177,within horizon
gentamicin,0.9,1.2,0.108,0.9,26,0.5,0.02,13.0,12.375,within horizon
gentamicin,0.9,1.2,0.108,0.9,26,0.65,0.045,13.0,12.177,within horizon
gentamicin,0.9,1.2,0.108,0.9,52,0.35,0.045,24.0,23.877,within horizon
gentamicin,0.9,1.2,0.108,0.9,52,0.5,0.02,25.0,24.075,within horizon
gentamicin,0.9,1.2,0.108,0.9,52,0.65,0.045,24.0,23.877,within horizon
gentamicin,0.9,1.3,0.108,0.975,8,0.35,0.045,4.0,3.441,within horizon
gentamicin,0.9,1.3,0.108,0.975,8,0.5,0.02,4.0,3.639,within horizon
gentamicin,0.9,1.3,0.108,0.975,8,0.65,0.045,4.0,3.441,within horizon
gentamicin,0.9,1.3,0.108,0.975,12,0.35,0.045,6.0,5.241,within horizon
gentamicin,0.9,1.3,0.108,0.975,12,0.5,0.02,6.0,5.439,within horizon
gentamicin,0.9,1.3,0.108,0.975,12,0.65,0.045,6.0,5.241,within horizon
gentamicin,0.9,1.3,0.108,0.975,26,0.35,0.045,12.0,11.541,within horizon
gentamicin,0.9,1.3,0.108,0.975,26,0.5,0.02,12.0,11.739,within horizon
gentamicin,0.9,1.3,0.108,0.975,26,0.65,0.045,12.0,11.541,within horizon
gentamicin,0.9,1.3,0.108,0.975,52,0.35,0.045,24.0,23.241,within horizon
gentamicin,0.9,1.3,0.108,0.975,52,0.5,0.02,24.0,23.439,within horizon
gentamicin,0.9,1.3,0.108,0.975,52,0.65,0.045,24.0,23.241,within horizon
gentamicin,1.0,0.7,0.12,0.525,8,0.35,0.045,,13.271,after horizon
gentamicin,1.0,0.7,0.12,0.525,8,0.5,0.02,,13.45,after horizon
gentamicin,1.0,0.7,0.12,0.525,8,0.65,0.045,,13.271,after horizon
gentamicin,1.0,0.7,0.12,0.525,12,0.35,0.045,,15.071,after horizon
gentamicin,1.0,0.7,0.12,0.525,12,0.5,0.02,,15.25,after horizon
gentamicin,1.0,0.7,0.12,0.525,12,0.65,0.045,,15.071,after horizon
gentamicin,1.0,0.7,0.12,0.525,26,0.35,0.045,22.0,21.371,within horizon
gentamicin,1.0,0.7,0.12,0.525,26,0.5,0.02,22.0,21.55,within horizon
gentamicin,1.0,0.7,0.12,0.525,26,0.65,0.045,22.0,21.371,within horizon
gentamicin,1.0,0.7,0.12,0.525,52,0.35,0.045,34.0,33.071,within horizon
gentamicin,1.0,0.7,0.12,0.525,52,0.5,0.02,34.0,33.25,within horizon
gentamicin,1.0,0.7,0.12,0.525,52,0.65,0.045,34.0,33.071,within horizon
gentamicin,1.0,0.8,0.12,0.6,8,0.35,0.045,,8.65,after horizon
gentamicin,1.0,0.8,0.12,0.6,8,0.5,0.02,,8.829,after horizon
gentamicin,1.0,0.8,0.12,0.6,8,0.65,0.045,,8.65,after horizon
gentamicin,1.0,0.8,0.12,0.6,12,0.35,0.045,11.0,10.45,within horizon
gentamicin,1.0,0.8,0.12,0.6,12,0.5,0.02,11.0,10.629,within horizon
gentamicin,1.0,0.8,0.12,0.6,12,0.65,0.045,11.0,10.45,within horizon
gentamicin,1.0,0.8,0.12,0.6,26,0.35,0.045,17.0,16.75,within horizon
gentamicin,1.0,0.8,0.12,0.6,26,0.5,0.02,17.0,16.929,within horizon
gentamicin,1.0,0.8,0.12,0.6,26,0.65,0.045,17.0,16.75,within horizon
gentamicin,1.0,0.8,0.12,0.6,52,0.35,0.045,29.0,28.45,within horizon
gentamicin,1.0,0.8,0.12,0.6,52,0.5,0.02,29.0,28.629,within horizon
gentamicin,1.0,0.8,0.12,0.6,52,0.65,0.045,29.0,28.45,within horizon
gentamicin,1.0,0.9,0.12,0.675,8,0.35,0.045,7.0,6.785,within horizon
gentamicin,1.0,0.9,0.12,0.675,8,0.5,0.02,7.0,6.963,within horizon
gentamicin,1.0,0.9,0.12,0.675,8,0.65,0.045,7.0,6.785,within horizon
gentamicin,1.0,0.9,0.12,0.675,12,0.35,0.045,9.0,8.585,within horizon
gentamicin,1.0,0.9,0.12,0.675,12,0.5,0.02,9.0,8.763,within horizon
gentamicin,1.0,0.9,0.12,0.675,12,0.65,0.045,9.0,8.585,within horizon
gentamicin,1.0,0.9,0.12,0.675,26,0.35,0.045,15.0,14.885,within horizon
gentamicin,1.0,0.9,0.12,0.675,26,0.5,0.02,16.0,15.063,within horizon
gentamicin,1.0,0.9,0.12,0.675,26,0.65,0.045,15.0,14.885,within horizon
gentamicin,1.0,0.9,0.12,0.675,52,0.35,0.045,27.0,26.585,within horizon
gentamicin,1.0,0.9,0.12,0.675,52,0.5,0.02,27.0,26.763,within horizon
gentamicin,1.0,0.9,0.12,0.675,52,0.65,0.045,27.0,26.585,within horizon
gentamicin,1.0,1.0,0.12,0.75,8,0.35,0.045,6.0,5.596,within horizon
gentamicin,1.0,1.0,0.12,0.75,8,0.5,0.02,6.0,5.774,within horizon
gentamicin,1.0,1.0,0.12,0.75,8,0.65,0.045,6.0,5.596,within horizon
gentamicin,1.0,1.0,0.12,0.75,12,0.35,0.045,8.0,7.396,within horizon
gentamicin,1.0,1.0,0.12,0.75,12,0.5,0.02,8.0,7.574,within horizon
gentamicin,1.0,1.0,0.12,0.75,12,0.65,0.045,8.0,7.396,within horizon
gentamicin,1.0,1.0,0.12,0.75,26,0.35,0.045,14.0,13.696,within horizon
gentamicin,1.0,1.0,0.12,0.75,26,0.5,0.02,14.0,13.874,within horizon
gentamicin,1.0,1.0,0.12,0.75,26,0.65,0.045,14.0,13.696,within horizon
gentamicin,1.0,1.0,0.12,0.75,52,0.35,0.045,26.0,25.396,within horizon
gentamicin,1.0,1.0,0.12,0.75,52,0.5,0.02,26.0,25.574,within horizon
gentamicin,1.0,1.0,0.12,0.75,52,0.65,0.045,26.0,25.396,within horizon
gentamicin,1.0,1.1,0.12,0.825,8,0.35,0.045,5.0,4.722,within horizon
gentamicin,1.0,1.1,0.12,0.825,8,0.5,0.02,5.0,4.9,within horizon
gentamicin,1.0,1.1,0.12,0.825,8,0.65,0.045,5.0,4.722,within horizon
gentamicin,1.0,1.1,0.12,0.825,12,0.35,0.045,7.0,6.522,within horizon
gentamicin,1.0,1.1,0.12,0.825,12,0.5,0.02,7.0,6.7,within horizon
gentamicin,1.0,1.1,0.12,0.825,12,0.65,0.045,7.0,6.522,within horizon
gentamicin,1.0,1.1,0.12,0.825,26,0.35,0.045,13.0,12.822,within horizon
gentamicin,1.0,1.1,0.12,0.825,26,0.5,0.02,13.0,13.0,within horizon
gentamicin,1.0,1.1,0.12,0.825,26,0.65,0.045,13.0,12.822,within horizon
gentamicin,1.0,1.1,0.12,0.825,52,0.35,0.045,25.0,24.522,within horizon
gentamicin,1.0,1.1,0.12,0.825,52,0.5,0.02,25.0,24.7,within horizon
gentamicin,1.0,1.1,0.12,0.825,52,0.65,0.045,25.0,24.522,within horizon
gentamicin,1.0,1.2,0.12,0.9,8,0.35,0.045,5.0,4.029,within horizon
gentamicin,1.0,1.2,0.12,0.9,8,0.5,0.02,5.0,4.208,within horizon
gentamicin,1.0,1.2,0.12,0.9,8,0.65,0.045,5.0,4.029,within horizon
gentamicin,1.0,1.2,0.12,0.9,12,0.35,0.045,6.0,5.829,within horizon
gentamicin,1.0,1.2,0.12,0.9,12,0.5,0.02,7.0,6.008,within horizon
gentamicin,1.0,1.2,0.12,0.9,12,0.65,0.045,6.0,5.829,within horizon
gentamicin,1.0,1.2,0.12,0.9,26,0.35,0.045,13.0,12.129,within horizon
gentamicin,1.0,1.2,0.12,0.9,26,0.5,0.02,13.0,12.308,within horizon
gentamicin,1.0,1.2,0.12,0.9,26,0.65,0.045,13.0,12.129,within horizon
gentamicin,1.0,1.2,0.12,0.9,52,0.35,0.045,24.0,23.829,within horizon
gentamicin,1.0,1.2,0.12,0.9,52,0.5,0.02,25.0,24.008,within horizon
gentamicin,1.0,1.2,0.12,0.9,52,0.65,0.045,24.0,23.829,within horizon
gentamicin,1.0,1.3,0.12,0.975,8,0.35,0.045,4.0,3.457,within horizon
gentamicin,1.0,1.3,0.12,0.975,8,0.5,0.02,4.0,3.635,within horizon
gentamicin,1.0,1.3,0.12,0.975,8,0.65,0.045,4.0,3.457,within horizon
gentamicin,1.0,1.3,0.12,0.975,12,0.35,0.045,6.0,5.257,within horizon
gentamicin,1.0,1.3,0.12,0.975,12,0.5,0.02,6.0,5.435,within horizon
gentamicin,1.0,1.3,0.12,0.975,12,0.65,0.045,6.0,5.257,within horizon
gentamicin,1.0,1.3,0.12,0.975,26,0.35,0.045,12.0,11.557,within horizon
gentamicin,1.0,1.3,0.12,0.975,26,0.5,0.02,12.0,11.735,within horizon
gentamicin,1.0,1.3,0.12,0.975,26,0.65,0.045,12.0,11.557,within horizon
gentamicin,1.0,1.3,0.12,0.975,52,0.35,0.045,24.0,23.257,within horizon
gentamicin,1.0,1.3,0.12,0.975,52,0.5,0.02,24.0,23.435,within horizon
gentamicin,1.0,1.3,0.12,0.975,52,0.65,0.045,24.0,23.257,within horizon
gentamicin,1.1,0.7,0.132,0.525,8,0.35,0.045,,12.392,after horizon
gentamicin,1.1,0.7,0.132,0.525,8,0.5,0.02,,12.554,after horizon
gentamicin,1.1,0.7,0.132,0.525,8,0.65,0.045,,12.392,after horizon
gentamicin,1.1,0.7,0.132,0.525,12,0.35,0.045,,14.192,after horizon
gentamicin,1.1,0.7,0.132,0.525,12,0.5,0.02,,14.354,after horizon
gentamicin,1.1,0.7,0.132,0.525,12,0.65,0.045,,14.192,after horizon
gentamicin,1.1,0.7,0.132,0.525,26,0.35,0.045,21.0,20.492,within horizon
gentamicin,1.1,0.7,0.132,0.525,26,0.5,0.02,21.0,20.654,within horizon
gentamicin,1.1,0.7,0.132,0.525,26,0.65,0.045,21.0,20.492,within horizon
gentamicin,1.1,0.7,0.132,0.525,52,0.35,0.045,33.0,32.192,within horizon
gentamicin,1.1,0.7,0.132,0.525,52,0.5,0.02,33.0,32.354,within horizon
gentamicin,1.1,0.7,0.132,0.525,52,0.65,0.045,33.0,32.192,within horizon
gentamicin,1.1,0.8,0.132,0.6,8,0.35,0.045,,8.191,after horizon
gentamicin,1.1,0.8,0.132,0.6,8,0.5,0.02,,8.353,after horizon
gentamicin,1.1,0.8,0.132,0.6,8,0.65,0.045,,8.191,after horizon
gentamicin,1.1,0.8,0.132,0.6,12,0.35,0.045,10.0,9.991,within horizon
gentamicin,1.1,0.8,0.132,0.6,12,0.5,0.02,11.0,10.153,within horizon
gentamicin,1.1,0.8,0.132,0.6,12,0.65,0.045,10.0,9.991,within horizon
gentamicin,1.1,0.8,0.132,0.6,26,0.35,0.045,17.0,16.291,within horizon
gentamicin,1.1,0.8,0.132,0.6,26,0.5,0.02,17.0,16.453,within horizon
gentamicin,1.1,0.8,0.132,0.6,26,0.65,0.045,17.0,16.291,within horizon
gentamicin,1.1,0.8,0.132,0.6,52,0.35,0.045,28.0,27.991,within horizon
gentamicin,1.1,0.8,0.132,0.6,52,0.5,0.02,29.0,28.153,within horizon
gentamicin,1.1,0.8,0.132,0.6,52,0.65,0.045,28.0,27.991,within horizon
gentamicin,1.1,0.9,0.132,0.675,8,0.35,0.045,7.0,6.495,within horizon
gentamicin,1.1,0.9,0.132,0.675,8,0.5,0.02,7.0,6.658,within horizon
gentamicin,1.1,0.9,0.132,0.675,8,0.65,0.045,7.0,6.495,within horizon
gentamicin,1.1,0.9,0.132,0.675,12,0.35,0.045,9.0,8.295,within horizon
gentamicin,1.1,0.9,0.132,0.675,12,0.5,0.02,9.0,8.458,within horizon
gentamicin,1.1,0.9,0.132,0.675,12,0.65,0.045,9.0,8.295,within horizon
gentamicin,1.1,0.9,0.132,0.675,26,0.35,0.045,15.0,14.595,within horizon
gentamicin,1.1,0.9,0.132,0.675,26,0.5,0.02,15.0,14.758,within horizon
gentamicin,1.1,0.9,0.132,0.675,26,0.65,0.045,15.0,14.595,within horizon
gentamicin,1.1,0.9,0.132,0.675,52,0.35,0.045,27.0,26.295,within horizon
gentamicin,1.1,0.9,0.132,0.675,52,0.5,0.02,27.0,26.458,within horizon
gentamicin,1.1,0.9,0.132,0.675,52,0.65,0.045,27.0,26.295,within horizon
gentamicin,1.1,1.0,0.132,0.75,8,0.35,0.045,6.0,5.415,within horizon
gentamicin,1.1,1.0,0.132,0.75,8,0.5,0.02,6.0,5.577,within horizon
gentamicin,1.1,1.0,0.132,0.75,8,0.65,0.045,6.0,5.415,within horizon
gentamicin,1.1,1.0,0.132,0.75,12,0.35,0.045,8.0,7.215,within horizon
gentamicin,1.1,1.0,0.132,0.75,12,0.5,0.02,8.0,7.377,within horizon
gentamicin,1.1,1.0,0.132,0.75,12,0.65,0.045,8.0,7.215,within horizon
gentamicin,1.1,1.0,0.132,0.75,26,0.35,0.045,14.0,13.515,within horizon
gentamicin,1.1,1.0,0.132,0.75,26,0.5,0.02,14.0,13.677,within horizon
gentamicin,1.1,1.0,0.132,0.75,26,0.65,0.045,14.0,13.515,within horizon
gentamicin,1.1,1.0,0.132,0.75,52,0.35,0.045,26.0,25.215,within horizon
gentamicin,1.1,1.0,0.132,0.75,52,0.5,0.02,26.0,25.377,within horizon
gentamicin,1.1,1.0,0.132,0.75,52,0.65,0.045,26.0,25.215,within horizon
gentamicin,1.1,1.1,0.132,0.825,8,0.35,0.045,5.0,4.62,within horizon
gentamicin,1.1,1.1,0.132,0.825,8,0.5,0.02,5.0,4.782,within horizon
gentamicin,1.1,1.1,0.132,0.825,8,0.65,0.045,5.0,4.62,within horizon
gentamicin,1.1,1.1,0.132,0.825,12,0.35,0.045,7.0,6.42,within horizon
gentamicin,1.1,1.1,0.132,0.825,12,0.5,0.02,7.0,6.582,within horizon
gentamicin,1.1,1.1,0.132,0.825,12,0.65,0.045,7.0,6.42,within horizon
gentamicin,1.1,1.1,0.132,0.825,26,0.35,0.045,13.0,12.72,within horizon
gentamicin,1.1,1.1,0.132,0.825,26,0.5,0.02,13.0,12.882,within horizon
gentamicin,1.1,1.1,0.132,0.825,26,0.65,0.045,13.0,12.72,within horizon
gentamicin,1.1,1.1,0.132,0.825,52,0.35,0.045,25.0,24.42,within horizon
gentamicin,1.1,1.1,0.132,0.825,52,0.5,0.02,25.0,24.582,within horizon
gentamicin,1.1,1.1,0.132,0.825,52,0.65,0.045,25.0,24.42,within horizon
gentamicin,1.1,1.2,0.132,0.9,8,0.35,0.045,4.0,3.99,within horizon
gentamicin,1.1,1.2,0.132,0.9,8,0.5,0.02,5.0,4.152,within horizon
gentamicin,1.1,1.2,0.132,0.9,8,0.65,0.045,4.0,3.99,within horizon
gentamicin,1.1,1.2,0.132,0.9,12,0.35,0.045,6.0,5.79,within horizon
gentamicin,1.1,1.2,0.132,0.9,12,0.5,0.02,6.0,5.952,within horizon
gentamicin,1.1,1.2,0.132,0.9,12,0.65,0.045,6.0,5.79,within horizon
gentamicin,1.1,1.2,0.132,0.9,26,0.35,0.045,13.0,12.09,within horizon
gentamicin,1.1,1.2,0.132,0.9,26,0.5,0.02,13.0,12.252,within horizon
gentamicin,1.1,1.2,0.132,0.9,26,0.65,0.045,13.0,12.09,within horizon
gentamicin,1.1,1.2,0.132,0.9,52,0.35,0.045,24.0,23.79,within horizon
gentamicin,1.1,1.2,0.132,0.9,52,0.5,0.02,24.0,23.952,within horizon
gentamicin,1.1,1.2,0.132,0.9,52,0.65,0.045,24.0,23.79,within horizon
gentamicin,1.1,1.3,0.132,0.975,8,0.35,0.045,4.0,3.47,within horizon
gentamicin,1.1,1.3,0.132,0.975,8,0.5,0.02,4.0,3.632,within horizon
gentamicin,1.1,1.3,0.132,0.975,8,0.65,0.045,4.0,3.47,within horizon
gentamicin,1.1,1.3,0.132,0.975,12,0.35,0.045,6.0,5.27,within horizon
gentamicin,1.1,1.3,0.132,0.975,12,0.5,0.02,6.0,5.432,within horizon
gentamicin,1.1,1.3,0.132,0.975,12,0.65,0.045,6.0,5.27,within horizon
gentamicin,1.1,1.3,0.132,0.975,26,0.35,0.045,12.0,11.57,within horizon
gentamicin,1.1,1.3,0.132,0.975,26,0.5,0.02,12.0,11.732,within horizon
gentamicin,1.1,1.3,0.132,0.975,26,0.65,0.045,12.0,11.57,within horizon
gentamicin,1.1,1.3,0.132,0.975,52,0.35,0.045,24.0,23.27,within horizon
gentamicin,1.1,1.3,0.132,0.975,52,0.5,0.02,24.0,23.432,within horizon
gentamicin,1.1,1.3,0.132,0.975,52,0.65,0.045,24.0,23.27,within horizon
gentamicin,1.2,0.7,0.144,0.525,8,0.35,0.045,,11.66,after horizon
gentamicin,1.2,0.7,0.144,0.525,8,0.5,0.02,,11.808,after horizon
gentamicin,1.2,0.7,0.144,0.525,8,0.65,0.045,,11.66,after horizon
gentamicin,1.2,0.7,0.144,0.525,12,0.35,0.045,,13.46,after horizon
gentamicin,1.2,0.7,0.144,0.525,12,0.5,0.02,,13.608,after horizon
gentamicin,1.2,0.7,0.144,0.525,12,0.65,0.045,,13.46,after horizon
gentamicin,1.2,0.7,0.144,0.525,26,0.35,0.045,20.0,19.76,within horizon
gentamicin,1.2,0.7,0.144,0.525,26,0.5,0.02,20.0,19.908,within horizon
gentamicin,1.2,0.7,0.144,0.525,26,0.65,0.045,20.0,19.76,within horizon
gentamicin,1.2,0.7,0.144,0.525,52,0.35,0.045,32.0,31.46,within horizon
gentamicin,1.2,0.7,0.144,0.525,52,0.5,0.02,32.0,31.608,within horizon
gentamicin,1.2,0.7,0.144,0.525,52,0.65,0.045,32.0,31.46,within horizon
gentamicin,1.2,0.8,0.144,0.6,8,0.35,0.045,8.0,7.809,within horizon
gentamicin,1.2,0.8,0.144,0.6,8,0.5,0.02,8.0,7.957,within horizon
gentamicin,1.2,0.8,0.144,0.6,8,0.65,0.045,8.0,7.809,within horizon
gentamicin,1.2,0.8,0.144,0.6,12,0.35,0.045,10.0,9.609,within horizon
gentamicin,1.2,0.8,0.144,0.6,12,0.5,0.02,10.0,9.757,within horizon
gentamicin,1.2,0.8,0.144,0.6,12,0.65,0.045,10.0,9.609,within horizon
gentamicin,1.2,0.8,0.144,0.6,26,0.35,0.045,16.0,15.909,within horizon
gentamicin,1.2,0.8,0.144,0.6,26,0.5,0.02,17.0,16.057,within horizon
gentamicin,1.2,0.8,0.144,0.6,26,0.65,0.045,16.0,15.909,within horizon
gentamicin,1.2,0.8,0.144,0.6,52,0.35,0.045,28.0,27.609,within horizon
gentamicin,1.2,0.8,0.144,0.6,52,0.5,0.02,28.0,27.757,within horizon
gentamicin,1.2,0.8,0.144,0.6,52,0.65,0.045,28.0,27.609,within horizon
gentamicin,1.2,0.9,0.144,0.675,8,0.35,0.045,7.0,6.254,within horizon
gentamicin,1.2,0.9,0.144,0.675,8,0.5,0.02,7.0,6.403,within horizon
gentamicin,1.2,0.9,0.144,0.675,8,0.65,0.045,7.0,6.254,within horizon
gentamicin,1.2,0.9,0.144,0.675,12,0.35,0.045,9.0,8.054,within horizon
gentamicin,1.2,0.9,0.144,0.675,12,0.5,0.02,9.0,8.203,within horizon
gentamicin,1.2,0.9,0.144,0.675,12,0.65,0.045,9.0,8.054,within horizon
gentamicin,1.2,0.9,0.144,0.675,26,0.35,0.045,15.0,14.354,within horizon
gentamicin,1.2,0.9,0.144,0.675,26,0.5,0.02,15.0,14.503,within horizon
gentamicin,1.2,0.9,0.144,0.675,26,0.65,0.045,15.0,14.354,within horizon
gentamicin,1.2,0.9,0.144,0.675,52,0.35,0.045,27.0,26.054,within horizon
gentamicin,1.2,0.9,0.144,0.675,52,0.5,0.02,27.0,26.203,within horizon
gentamicin,1.2,0.9,0.144,0.675,52,0.65,0.045,27.0,26.054,within horizon
gentamicin,1.2,1.0,0.144,0.75,8,0.35,0.045,6.0,5.263,within horizon
gentamicin,1.2,1.0,0.144,0.75,8,0.5,0.02,6.0,5.412,within horizon
gentamicin,1.2,1.0,0.144,0.75,8,0.65,0.045,6.0,5.263,within horizon
gentamicin,1.2,1.0,0.144,0.75,12,0.35,0.045,8.0,7.063,within horizon
gentamicin,1.2,1.0,0.144,0.75,12,0.5,0.02,8.0,7.212,within horizon
gentamicin,1.2,1.0,0.144,0.75,12,0.65,0.045,8.0,7.063,within horizon
gentamicin,1.2,1.0,0.144,0.75,26,0.35,0.045,14.0,13.363,within horizon
gentamicin,1.2,1.0,0.144,0.75,26,0.5,0.02,14.0,13.512,within horizon
gentamicin,1.2,1.0,0.144,0.75,26,0.65,0.045,14.0,13.363,within horizon
gentamicin,1.2,1.0,0.144,0.75,52,0.35,0.045,26.0,25.063,within horizon
gentamicin,1.2,1.0,0.144,0.75,52,0.5,0.02,26.0,25.212,within horizon
gentamicin,1.2,1.0,0.144,0.75,52,0.65,0.045,26.0,25.063,within horizon
gentamicin,1.2,1.1,0.144,0.825,8,0.35,0.045,5.0,4.535,within horizon
gentamicin,1.2,1.1,0.144,0.825,8,0.5,0.02,5.0,4.683,within horizon
gentamicin,1.2,1.1,0.144,0.825,8,0.65,0.045,5.0,4.535,within horizon
gentamicin,1.2,1.1,0.144,0.825,12,0.35,0.045,7.0,6.335,within horizon
gentamicin,1.2,1.1,0.144,0.825,12,0.5,0.02,7.0,6.483,within horizon
gentamicin,1.2,1.1,0.144,0.825,12,0.65,0.045,7.0,6.335,within horizon
gentamicin,1.2,1.1,0.144,0.825,26,0.35,0.045,13.0,12.635,within horizon
gentamicin,1.2,1.1,0.144,0.825,26,0.5,0.02,13.0,12.783,within horizon
gentamicin,1.2,1.1,0.144,0.825,26,0.65,0.045,13.0,12.635,within horizon
gentamicin,1.2,1.1,0.144,0.825,52,0.35,0.045,25.0,24.335,within horizon
gentamicin,1.2,1.1,0.144,0.825,52,0.5,0.02,25.0,24.483,within horizon
gentamicin,1.2,1.1,0.144,0.825,52,0.65,0.045,25.0,24.335,within horizon
gentamicin,1.2,1.2,0.144,0.9,8,0.35,0.045,4.0,3.958,within horizon
gentamicin,1.2,1.2,0.144,0.9,8,0.5,0.02,5.0,4.106,within horizon
gentamicin,1.2,1.2,0.144,0.9,8,0.65,0.045,4.0,3.958,within horizon
gentamicin,1.2,1.2,0.144,0.9,12,0.35,0.045,6.0,5.758,within horizon
gentamicin,1.2,1.2,0.144,0.9,12,0.5,0.02,6.0,5.906,within horizon
gentamicin,1.2,1.2,0.144,0.9,12,0.65,0.045,6.0,5.758,within horizon
gentamicin,1.2,1.2,0.144,0.9,26,0.35,0.045,13.0,12.058,within horizon
gentamicin,1.2,1.2,0.144,0.9,26,0.5,0.02,13.0,12.206,within horizon
gentamicin,1.2,1.2,0.144,0.9,26,0.65,0.045,13.0,12.058,within horizon
gentamicin,1.2,1.2,0.144,0.9,52,0.35,0.045,24.0,23.758,within horizon
gentamicin,1.2,1.2,0.144,0.9,52,0.5,0.02,24.0,23.906,within horizon
gentamicin,1.2,1.2,0.144,0.9,52,0.65,0.045,24.0,23.758,within horizon
gentamicin,1.2,1.3,0.144,0.975,8,0.35,0.045,4.0,3.481,within horizon
gentamicin,1.2,1.3,0.144,0.975,8,0.5,0.02,4.0,3.629,within horizon
gentamicin,1.2,1.3,0.144,0.975,8,0.65,0.045,4.0,3.481,within horizon
gentamicin,1.2,1.3,0.144,0.975,12,0.35,0.045,6.0,5.281,within horizon
gentamicin,1.2,1.3,0.144,0.975,12,0.5,0.02,6.0,5.429,within horizon
gentamicin,1.2,1.3,0.144,0.975,12,0.65,0.045,6.0,5.281,within horizon
gentamicin,1.2,1.3,0.144,0.975,26,0.35,0.045,12.0,11.581,within horizon
gentamicin,1.2,1.3,0.144,0.975,26,0.5,0.02,12.0,11.729,within horizon
gentamicin,1.2,1.3,0.144,0.975,26,0.65,0.045,12.0,11.581,within horizon
gentamicin,1.2,1.3,0.144,0.975,52,0.35,0.045,24.0,23.281,within horizon
gentamicin,1.2,1.3,0.144,0.975,52,0.5,0.02,24.0,23.429,within horizon
gentamicin,1.2,1.3,0.144,0.975,52,0.65,0.045,24.0,23.281,within horizon
gentamicin,1.3,0.7,0.156,0.525,8,0.35,0.045,,11.04,after horizon
gentamicin,1.3,0.7,0.156,0.525,8,0.5,0.02,,11.177,after horizon
gentamicin,1.3,0.7,0.156,0.525,8,0.65,0.045,,11.04,after horizon
gentamicin,1.3,0.7,0.156,0.525,12,0.35,0.045,,12.84,after horizon
gentamicin,1.3,0.7,0.156,0.525,12,0.5,0.02,,12.977,after horizon
gentamicin,1.3,0.7,0.156,0.525,12,0.65,0.045,,12.84,after horizon
gentamicin,1.3,0.7,0.156,0.525,26,0.35,0.045,20.0,19.14,within horizon
gentamicin,1.3,0.7,0.156,0.525,26,0.5,0.02,20.0,19.277,within horizon
gentamicin,1.3,0.7,0.156,0.525,26,0.65,0.045,20.0,19.14,within horizon
gentamicin,1.3,0.7,0.156,0.525,52,0.35,0.045,31.0,30.84,within horizon
gentamicin,1.3,0.7,0.156,0.525,52,0.5,0.02,31.0,30.977,within horizon
gentamicin,1.3,0.7,0.156,0.525,52,0.65,0.045,31.0,30.84,within horizon
gentamicin,1.3,0.8,0.156,0.6,8,0.35,0.045,8.0,7.485,within horizon
gentamicin,1.3,0.8,0.156,0.6,8,0.5,0.02,8.0,7.622,within horizon
gentamicin,1.3,0.8,0.156,0.6,8,0.65,0.045,8.0,7.485,within horizon
gentamicin,1.3,0.8,0.156,0.6,12,0.35,0.045,10.0,9.285,within horizon
gentamicin,1.3,0.8,0.156,0.6,12,0.5,0.02,10.0,9.422,within horizon
gentamicin,1.3,0.8,0.156,0.6,12,0.65,0.045,10.0,9.285,within horizon
gentamicin,1.3,0.8,0.156,0.6,26,0.35,0.045,16.0,15.585,within horizon
gentamicin,1.3,0.8,0.156,0.6,26,0.5,0.02,16.0,15.722,within horizon
gentamicin,1.3,0.8,0.156,0.6,26,0.65,0.045,16.0,15.585,within horizon
gentamicin,1.3,0.8,0.156,0.6,52,0.35,0.045,28.0,27.285,within horizon
gentamicin,1.3,0.8,0.156,0.6,52,0.5,0.02,28.0,27.422,within horizon
gentamicin,1.3,0.8,0.156,0.6,52,0.65,0.045,28.0,27.285,within horizon
gentamicin,1.3,0.9,0.156,0.675,8,0.35,0.045,7.0,6.05,within horizon
gentamicin,1.3,0.9,0.156,0.675,8,0.5,0.02,7.0,6.187,within horizon
gentamicin,1.3,0.9,0.156,0.675,8,0.65,0.045,7.0,6.05,within horizon
gentamicin,1.3,0.9,0.156,0.675,12,0.35,0.045,8.0,7.85,within horizon
gentamicin,1.3,0.9,0.156,0.675,12,0.5,0.02,8.0,7.987,within horizon
gentamicin,1.3,0.9,0.156,0.675,12,0.65,0.045,8.0,7.85,within horizon
gentamicin,1.3,0.9,0.156,0.675,26,0.35,0.045,15.0,14.15,within horizon
gentamicin,1.3,0.9,0.156,0.675,26,0.5,0.02,15.0,14.287,within horizon
gentamicin,1.3,0.9,0.156,0.675,26,0.65,0.045,15.0,14.15,within horizon
gentamicin,1.3,0.9,0.156,0.675,52,0.35,0.045,26.0,25.85,within horizon
gentamicin,1.3,0.9,0.156,0.675,52,0.5,0.02,26.0,25.987,within horizon
gentamicin,1.3,0.9,0.156,0.675,52,0.65,0.045,26.0,25.85,within horizon
gentamicin,1.3,1.0,0.156,0.75,8,0.35,0.045,6.0,5.135,within horizon
gentamicin,1.3,1.0,0.156,0.75,8,0.5,0.02,6.0,5.273,within horizon
gentamicin,1.3,1.0,0.156,0.75,8,0.65,0.045,6.0,5.135,within horizon
gentamicin,1.3,1.0,0.156,0.75,12,0.35,0.045,7.0,6.935,within horizon
gentamicin,1.3,1.0,0.156,0.75,12,0.5,0.02,8.0,7.073,within horizon
gentamicin,1.3,1.0,0.156,0.75,12,0.65,0.045,7.0,6.935,within horizon
gentamicin,1.3,1.0,0.156,0.75,26,0.35,0.045,14.0,13.235,within horizon
gentamicin,1.3,1.0,0.156,0.75,26,0.5,0.02,14.0,13.373,within horizon
gentamicin,1.3,1.0,0.156,0.75,26,0.65,0.045,14.0,13.235,within horizon
gentamicin,1.3,1.0,0.156,0.75,52,0.35,0.045,25.0,24.935,within horizon
gentamicin,1.3,1.0,0.156,0.75,52,0.5,0.02,26.0,25.073,within horizon
gentamicin,1.3,1.0,0.156,0.75,52,0.65,0.045,25.0,24.935,within horizon
gentamicin,1.3,1.1,0.156,0.825,8,0.35,0.045,5.0,4.463,within horizon
gentamicin,1.3,1.1,0.156,0.825,8,0.5,0.02,5.0,4.6,within horizon
gentamicin,1.3,1.1,0.156,0.825,8,0.65,0.045,5.0,4.463,within horizon
gentamicin,1.3,1.1,0.156,0.825,12,0.35,0.045,7.0,6.263,within horizon
gentamicin,1.3,1.1,0.156,0.825,12,0.5,0.02,7.0,6.4,within horizon
gentamicin,1.3,1.1,0.156,0.825,12,0.65,0.045,7.0,6.263,within horizon
gentamicin,1.3,1.1,0.156,0.825,26,0.35,0.045,13.0,12.563,within horizon
gentamicin,1.3,1.1,0.156,0.825,26,0.5,0.02,13.0,12.7,within horizon
gentamicin,1.3,1.1,0.156,0.825,26,0.65,0.045,13.0,12.563,within horizon
gentamicin,1.3,1.1,0.156,0.825,52,0.35,0.045,25.0,24.263,within horizon
gentamicin,1.3,1.1,0.156,0.825,52,0.5,0.02,25.0,24.4,within horizon
gentamicin,1.3,1.1,0.156,0.825,52,0.65,0.045,25.0,24.263,within horizon
gentamicin,1.3,1.2,0.156,0.9,8,0.35,0.045,4.0,3.93,within horizon
gentamicin,1.3,1.2,0.156,0.9,8,0.5,0.02,5.0,4.067,within horizon
gentamicin,1.3,1.2,0.156,0.9,8,0.65,0.045,4.0,3.93,within horizon
gentamicin,1.3,1.2,0.156,0.9,12,0.35,0.045,6.0,5.73,within horizon
gentamicin,1.3,1.2,0.156,0.9,12,0.5,0.02,6.0,5.867,within horizon
gentamicin,1.3,1.2,0.156,0.9,12,0.65,0.045,6.0,5.73,within horizon
gentamicin,1.3,1.2,0.156,0.9,26,0.35,0.045,13.0,12.03,within horizon
gentamicin,1.3,1.2,0.156,0.9,26,0.5,0.02,13.0,12.167,within horizon
gentamicin,1.3,1.2,0.156,0.9,26,0.65,0.045,13.0,12.03,within horizon
gentamicin,1.3,1.2,0.156,0.9,52,0.35,0.045,24.0,23.73,within horizon
gentamicin,1.3,1.2,0.156,0.9,52,0.5,0.02,24.0,23.867,within horizon
gentamicin,1.3,1.2,0.156,0.9,52,0.65,0.045,24.0,23.73,within horizon
gentamicin,1.3,1.3,0.156,0.975,8,0.35,0.045,4.0,3.49,within horizon
gentamicin,1.3,1.3,0.156,0.975,8,0.5,0.02,4.0,3.627,within horizon
gentamicin,1.3,1.3,0.156,0.975,8,0.65,0.045,4.0,3.49,within horizon
gentamicin,1.3,1.3,0.156,0.975,12,0.35,0.045,6.0,5.29,within horizon
gentamicin,1.3,1.3,0.156,0.975,12,0.5,0.02,6.0,5.427,within horizon
gentamicin,1.3,1.3,0.156,0.975,12,0.65,0.045,6.0,5.29,within horizon
gentamicin,1.3,1.3,0.156,0.975,26,0.35,0.045,12.0,11.59,within horizon
gentamicin,1.3,1.3,0.156,0.975,26,0.5,0.02,12.0,11.727,within horizon
gentamicin,1.3,1.3,0.156,0.975,26,0.65,0.045,12.0,11.59,within horizon
gentamicin,1.3,1.3,0.156,0.975,52,0.35,0.045,24.0,23.29,within horizon
gentamicin,1.3,1.3,0.156,0.975,52,0.5,0.02,24.0,23.427,within horizon
gentamicin,1.3,1.3,0.156,0.975,52,0.65,0.045,24.0,23.29,within horizon
cefotaxime,0.7,0.7,0.112,0.595,8,0.35,0.045,,9.194,after horizon
cefotaxime,0.7,0.7,0.112,0.595,8,0.5,0.02,,9.385,after horizon
cefotaxime,0.7,0.7,0.112,0.595,8,0.65,0.045,,9.194,after horizon
cefotaxime,0.7,0.7,0.112,0.595,12,0.35,0.045,11.0,10.994,within horizon
cefotaxime,0.7,0.7,0.112,0.595,12,0.5,0.02,12.0,11.185,within horizon
cefotaxime,0.7,0.7,0.112,0.595,12,0.65,0.045,11.0,10.994,within horizon
cefotaxime,0.7,0.7,0.112,0.595,26,0.35,0.045,18.0,17.294,within horizon
cefotaxime,0.7,0.7,0.112,0.595,26,0.5,0.02,18.0,17.485,within horizon
cefotaxime,0.7,0.7,0.112,0.595,26,0.65,0.045,18.0,17.294,within horizon
cefotaxime,0.7,0.7,0.112,0.595,52,0.35,0.045,29.0,28.994,within horizon
cefotaxime,0.7,0.7,0.112,0.595,52,0.5,0.02,30.0,29.185,within horizon
cefotaxime,0.7,0.7,0.112,0.595,52,0.65,0.045,29.0,28.994,within horizon
cefotaxime,0.7,0.8,0.112,0.68,8,0.35,0.045,7.0,6.912,within horizon
cefotaxime,0.7,0.8,0.112,0.68,8,0.5,0.02,8.0,7.103,within horizon
cefotaxime,0.7,0.8,0.112,0.68,8,0.65,0.045,7.0,6.912,within horizon
cefotaxime,0.7,0.8,0.112,0.68,12,0.35,0.045,9.0,8.712,within horizon
cefotaxime,0.7,0.8,0.112,0.68,12,0.5,0.02,9.0,8.903,within horizon
cefotaxime,0.7,0.8,0.112,0.68,12,0.65,0.045,9.0,8.712,within horizon
cefotaxime,0.7,0.8,0.112,0.68,26,0.35,0.045,16.0,15.012,within horizon
cefotaxime,0.7,0.8,0.112,0.68,26,0.5,0.02,16.0,15.203,within horizon
cefotaxime,0.7,0.8,0.112,0.68,26,0.65,0.045,16.0,15.012,within horizon
cefotaxime,0.7,0.8,0.112,0.68,52,0.35,0.045,27.0,26.712,within horizon
cefotaxime,0.7,0.8,0.112,0.68,52,0.5,0.02,27.0,26.903,within horizon
cefotaxime,0.7,0.8,0.112,0.68,52,0.65,0.045,27.0,26.712,within horizon
cefotaxime,0.7,0.9,0.112,0.765,8,0.35,0.045,6.0,5.531,within horizon
cefotaxime,0.7,0.9,0.112,0.765,8,0.5,0.02,6.0,5.722,within horizon
cefotaxime,0.7,0.9,0.112,0.765,8,0.65,0.045,6.0,5.531,within horizon
cefotaxime,0.7,0.9,0.112,0.765,12,0.35,0.045,8.0,7.331,within horizon
cefotaxime,0.7,0.9,0.112,0.765,12,0.5,0.02,8.0,7.522,within horizon
cefotaxime,0.7,0.9,0.112,0.765,12,0.65,0.045,8.0,7.331,within horizon
cefotaxime,0.7,0.9,0.112,0.765,26,0.35,0.045,14.0,13.631,within horizon
cefotaxime,0.7,0.9,0.112,0.765,26,0.5,0.02,14.0,13.822,within horizon
cefotaxime,0.7,0.9,0.112,0.765,26,0.65,0.045,14.0,13.631,within horizon
cefotaxime,0.7,0.9,0.112,0.765,52,0.35,0.045,26.0,25.331,within horizon
cefotaxime,0.7,0.9,0.112,0.765,52,0.5,0.02,26.0,25.522,within horizon
cefotaxime,0.7,0.9,0.112,0.765,52,0.65,0.045,26.0,25.331,within horizon
cefotaxime,0.7,1.0,0.112,0.85,8,0.35,0.045,5.0,4.537,within horizon
cefotaxime,0.7,1.0,0.112,0.85,8,0.5,0.02,5.0,4.728,within horizon
cefotaxime,0.7,1.0,0.112,0.85,8,0.65,0.045,5.0,4.537,within horizon
cefotaxime,0.7,1.0,0.112,0.85,12,0.35,0.045,7.0,6.337,within horizon
cefotaxime,0.7,1.0,0.112,0.85,12,0.5,0.02,7.0,6.528,within horizon
cefotaxime,0.7,1.0,0.112,0.85,12,0.65,0.045,7.0,6.337,within horizon
cefotaxime,0.7,1.0,0.112,0.85,26,0.35,0.045,13.0,12.637,within horizon
cefotaxime,0.7,1.0,0.112,0.85,26,0.5,0.02,13.0,12.828,within horizon
cefotaxime,0.7,1.0,0.112,0.85,26,0.65,0.045,13.0,12.637,within horizon
cefotaxime,0.7,1.0,0.112,0.85,52,0.35,0.045,25.0,24.337,within horizon
cefotaxime,0.7,1.0,0.112,0.85,52,0.5,0.02,25.0,24.528,within horizon
cefotaxime,0.7,1.0,0.112,0.85,52,0.65,0.045,25.0,24.337,within horizon
cefotaxime,0.7,1.1,0.112,0.935,8,0.35,0.045,4.0,3.761,within horizon
cefotaxime,0.7,1.1,0.112,0.935,8,0.5,0.02,4.0,3.952,within horizon
cefotaxime,0.7,1.1,0.112,0.935,8,0.65,0.045,4.0,3.761,within horizon
cefotaxime,0.7,1.1,0.112,0.935,12,0.35,0.045,6.0,5.561,within horizon
cefotaxime,0.7,1.1,0.112,0.935,12,0.5,0.02,6.0,5.752,within horizon
cefotaxime,0.7,1.1,0.112,0.935,12,0.65,0.045,6.0,5.561,within horizon
cefotaxime,0.7,1.1,0.112,0.935,26,0.35,0.045,12.0,11.861,within horizon
cefotaxime,0.7,1.1,0.112,0.935,26,0.5,0.02,13.0,12.052,within horizon
cefotaxime,0.7,1.1,0.112,0.935,26,0.65,0.045,12.0,11.861,within horizon
cefotaxime,0.7,1.1,0.112,0.935,52,0.35,0.045,24.0,23.561,within horizon
cefotaxime,0.7,1.1,0.112,0.935,52,0.5,0.02,24.0,23.752,within horizon
cefotaxime,0.7,1.1,0.112,0.935,52,0.65,0.045,24.0,23.561,within horizon
cefotaxime,0.7,1.2,0.112,1.0,8,0.35,0.045,4.0,3.263,within horizon
cefotaxime,0.7,1.2,0.112,1.0,8,0.5,0.02,4.0,3.454,within horizon
cefotaxime,0.7,1.2,0.112,1.0,8,0.65,0.045,4.0,3.263,within horizon
cefotaxime,0.7,1.2,0.112,1.0,12,0.35,0.045,6.0,5.063,within horizon
cefotaxime,0.7,1.2,0.112,1.0,12,0.5,0.02,6.0,5.254,within horizon
cefotaxime,0.7,1.2,0.112,1.0,12,0.65,0.045,6.0,5.063,within horizon
cefotaxime,0.7,1.2,0.112,1.0,26,0.35,0.045,12.0,11.363,within horizon
cefotaxime,0.7,1.2,0.112,1.0,26,0.5,0.02,12.0,11.554,within horizon
cefotaxime,0.7,1.2,0.112,1.0,26,0.65,0.045,12.0,11.363,within horizon
cefotaxime,0.7,1.2,0.112,1.0,52,0.35,0.045,24.0,23.063,within horizon
cefotaxime,0.7,1.2,0.112,1.0,52,0.5,0.02,24.0,23.254,within horizon
cefotaxime,0.7,1.2,0.112,1.0,52,0.65,0.045,24.0,23.063,within horizon
cefotaxime,0.7,1.3,0.112,1.0,8,0.35,0.045,4.0,3.263,within horizon
cefotaxime,0.7,1.3,0.112,1.0,8,0.5,0.02,4.0,3.454,within horizon
cefotaxime,0.7,1.3,0.112,1.0,8,0.65,0.045,4.0,3.263,within horizon
cefotaxime,0.7,1.3,0.112,1.0,12,0.35,0.045,6.0,5.063,within horizon
cefotaxime,0.7,1.3,0.112,1.0,12,0.5,0.02,6.0,5.254,within horizon
cefotaxime,0.7,1.3,0.112,1.0,12,0.65,0.045,6.0,5.063,within horizon
cefotaxime,0.7,1.3,0.112,1.0,26,0.35,0.045,12.0,11.363,within horizon
cefotaxime,0.7,1.3,0.112,1.0,26,0.5,0.02,12.0,11.554,within horizon
cefotaxime,0.7,1.3,0.112,1.0,26,0.65,0.045,12.0,11.363,within horizon
cefotaxime,0.7,1.3,0.112,1.0,52,0.35,0.045,24.0,23.063,within horizon
cefotaxime,0.7,1.3,0.112,1.0,52,0.5,0.02,24.0,23.254,within horizon
cefotaxime,0.7,1.3,0.112,1.0,52,0.65,0.045,24.0,23.063,within horizon
cefotaxime,0.8,0.7,0.128,0.595,8,0.35,0.045,,8.495,after horizon
cefotaxime,0.8,0.7,0.128,0.595,8,0.5,0.02,,8.662,after horizon
cefotaxime,0.8,0.7,0.128,0.595,8,0.65,0.045,,8.495,after horizon
cefotaxime,0.8,0.7,0.128,0.595,12,0.35,0.045,11.0,10.295,within horizon
cefotaxime,0.8,0.7,0.128,0.595,12,0.5,0.02,11.0,10.462,within horizon
cefotaxime,0.8,0.7,0.128,0.595,12,0.65,0.045,11.0,10.295,within horizon
cefotaxime,0.8,0.7,0.128,0.595,26,0.35,0.045,17.0,16.595,within horizon
cefotaxime,0.8,0.7,0.128,0.595,26,0.5,0.02,17.0,16.762,within horizon
cefotaxime,0.8,0.7,0.128,0.595,26,0.65,0.045,17.0,16.595,within horizon
cefotaxime,0.8,0.7,0.128,0.595,52,0.35,0.045,29.0,28.295,within horizon
cefotaxime,0.8,0.7,0.128,0.595,52,0.5,0.02,29.0,28.462,within horizon
cefotaxime,0.8,0.7,0.128,0.595,52,0.65,0.045,29.0,28.295,within horizon
cefotaxime,0.8,0.8,0.128,0.68,8,0.35,0.045,7.0,6.498,within horizon
cefotaxime,0.8,0.8,0.128,0.68,8,0.5,0.02,7.0,6.665,within horizon
cefotaxime,0.8,0.8,0.128,0.68,8,0.65,0.045,7.0,6.498,within horizon
cefotaxime,0.8,0.8,0.128,0.68,12,0.35,0.045,9.0,8.298,within horizon
cefotaxime,0.8,0.8,0.128,0.68,12,0.5,0.02,9.0,8.465,within horizon
cefotaxime,0.8,0.8,0.128,0.68,12,0.65,0.045,9.0,8.298,within horizon
cefotaxime,0.8,0.8,0.128,0.68,26,0.35,0.045,15.0,14.598,within horizon
cefotaxime,0.8,0.8,0.128,0.68,26,0.5,0.02,15.0,14.765,within horizon
cefotaxime,0.8,0.8,0.128,0.68,26,0.65,0.045,15.0,14.598,within horizon
cefotaxime,0.8,0.8,0.128,0.68,52,0.35,0.045,27.0,26.298,within horizon
cefotaxime,0.8,0.8,0.128,0.68,52,0.5,0.02,27.0,26.465,within horizon
cefotaxime,0.8,0.8,0.128,0.68,52,0.65,0.045,27.0,26.298,within horizon
cefotaxime,0.8,0.9,0.128,0.765,8,0.35,0.045,6.0,5.289,within horizon
cefotaxime,0.8,0.9,0.128,0.765,8,0.5,0.02,6.0,5.456,within horizon
cefotaxime,0.8,0.9,0.128,0.765,8,0.65,0.045,6.0,5.289,within horizon
cefotaxime,0.8,0.9,0.128,0.765,12,0.35,0.045,8.0,7.089,within horizon
cefotaxime,0.8,0.9,0.128,0.765,12,0.5,0.02,8.0,7.256,within horizon
cefotaxime,0.8,0.9,0.128,0.765,12,0.65,0.045,8.0,7.089,within horizon
cefotaxime,0.8,0.9,0.128,0.765,26,0.35,0.045,14.0,13.389,within horizon
cefotaxime,0.8,0.9,0.128,0.765,26,0.5,0.02,14.0,13.556,within horizon
cefotaxime,0.8,0.9,0.128,0.765,26,0.65,0.045,14.0,13.389,within horizon
cefotaxime,0.8,0.9,0.128,0.765,52,0.35,0.045,26.0,25.089,within horizon
cefotaxime,0.8,0.9,0.128,0.765,52,0.5,0.02,26.0,25.256,within horizon
cefotaxime,0.8,0.9,0.128,0.765,52,0.65,0.045,26.0,25.089,within horizon
cefotaxime,0.8,1.0,0.128,0.85,8,0.35,0.045,5.0,4.42,within horizon
cefotaxime,0.8,1.0,0.128,0.85,8,0.5,0.02,5.0,4.587,within horizon
cefotaxime,0.8,1.0,0.128,0.85,8,0.65,0.045,5.0,4.42,within horizon
cefotaxime,0.8,1.0,0.128,0.85,12,0.35,0.045,7.0,6.22,within horizon
cefotaxime,0.8,1.0,0.128,0.85,12,0.5,0.02,7.0,6.387,within horizon
cefotaxime,0.8,1.0,0.128,0.85,12,0.65,0.045,7.0,6.22,within horizon
cefotaxime,0.8,1.0,0.128,0.85,26,0.35,0.045,13.0,12.52,within horizon
cefotaxime,0.8,1.0,0.128,0.85,26,0.5,0.02,13.0,12.687,within horizon
cefotaxime,0.8,1.0,0.128,0.85,26,0.65,0.045,13.0,12.52,within horizon
cefotaxime,0.8,1.0,0.128,0.85,52,0.35,0.045,25.0,24.22,within horizon
cefotaxime,0.8,1.0,0.128,0.85,52,0.5,0.02,25.0,24.387,within horizon
cefotaxime,0.8,1.0,0.128,0.85,52,0.65,0.045,25.0,24.22,within horizon
cefotaxime,0.8,1.1,0.128,0.935,8,0.35,0.045,4.0,3.74,within horizon
cefotaxime,0.8,1.1,0.128,0.935,8,0.5,0.02,4.0,3.908,within horizon
cefotaxime,0.8,1.1,0.128,0.935,8,0.65,0.045,4.0,3.74,within horizon
cefotaxime,0.8,1.1,0.128,0.935,12,0.35,0.045,6.0,5.54,within horizon
cefotaxime,0.8,1.1,0.128,0.935,12,0.5,0.02,6.0,5.708,within horizon
cefotaxime,0.8,1.1,0.128,0.935,12,0.65,0.045,6.0,5.54,within horizon
cefotaxime,0.8,1.1,0.128,0.935,26,0.35,0.045,12.0,11.84,within horizon
cefotaxime,0.8,1.1,0.128,0.935,26,0.5,0.02,13.0,12.008,within horizon
cefotaxime,0.8,1.1,0.128,0.935,26,0.65,0.045,12.0,11.84,within horizon
cefotaxime,0.8,1.1,0.128,0.935,52,0.35,0.045,24.0,23.54,within horizon
cefotaxime,0.8,1.1,0.128,0.935,52,0.5,0.02,24.0,23.708,within horizon
cefotaxime,0.8,1.1,0.128,0.935,52,0.65,0.045,24.0,23.54,within horizon
cefotaxime,0.8,1.2,0.128,1.0,8,0.35,0.045,4.0,3.305,within horizon
cefotaxime,0.8,1.2,0.128,1.0,8,0.5,0.02,4.0,3.472,within horizon
cefotaxime,0.8,1.2,0.128,1.0,8,0.65,0.045,4.0,3.305,within horizon
cefotaxime,0.8,1.2,0.128,1.0,12,0.35,0.045,6.0,5.105,within horizon
cefotaxime,0.8,1.2,0.128,1.0,12,0.5,0.02,6.0,5.272,within horizon
cefotaxime,0.8,1.2,0.128,1.0,12,0.65,0.045,6.0,5.105,within horizon
cefotaxime,0.8,1.2,0.128,1.0,26,0.35,0.045,12.0,11.405,within horizon
cefotaxime,0.8,1.2,0.128,1.0,26,0.5,0.02,12.0,11.572,within horizon
cefotaxime,0.8,1.2,0.128,1.0,26,0.65,0.045,12.0,11.405,within horizon
cefotaxime,0.8,1.2,0.128,1.0,52,0.35,0.045,24.0,23.105,within horizon
cefotaxime,0.8,1.2,0.128,1.0,52,0.5,0.02,24.0,23.272,within horizon
cefotaxime,0.8,1.2,0.128,1.0,52,0.65,0.045,24.0,23.105,within horizon
cefotaxime,0.8,1.3,0.128,1.0,8,0.35,0.045,4.0,3.305,within horizon
cefotaxime,0.8,1.3,0.128,1.0,8,0.5,0.02,4.0,3.472,within horizon
cefotaxime,0.8,1.3,0.128,1.0,8,0.65,0.045,4.0,3.305,within horizon
cefotaxime,0.8,1.3,0.128,1.0,12,0.35,0.045,6.0,5.105,within horizon
cefotaxime,0.8,1.3,0.128,1.0,12,0.5,0.02,6.0,5.272,within horizon
cefotaxime,0.8,1.3,0.128,1.0,12,0.65,0.045,6.0,5.105,within horizon
cefotaxime,0.8,1.3,0.128,1.0,26,0.35,0.045,12.0,11.405,within horizon
cefotaxime,0.8,1.3,0.128,1.0,26,0.5,0.02,12.0,11.572,within horizon
cefotaxime,0.8,1.3,0.128,1.0,26,0.65,0.045,12.0,11.405,within horizon
cefotaxime,0.8,1.3,0.128,1.0,52,0.35,0.045,24.0,23.105,within horizon
cefotaxime,0.8,1.3,0.128,1.0,52,0.5,0.02,24.0,23.272,within horizon
cefotaxime,0.8,1.3,0.128,1.0,52,0.65,0.045,24.0,23.105,within horizon
cefotaxime,0.9,0.7,0.144,0.595,8,0.35,0.045,8.0,7.951,within horizon
cefotaxime,0.9,0.7,0.144,0.595,8,0.5,0.02,,8.1,after horizon
cefotaxime,0.9,0.7,0.144,0.595,8,0.65,0.045,8.0,7.951,within horizon
cefotaxime,0.9,0.7,0.144,0.595,12,0.35,0.045,10.0,9.751,within horizon
cefotaxime,0.9,0.7,0.144,0.595,12,0.5,0.02,10.0,9.9,within horizon
cefotaxime,0.9,0.7,0.144,0.595,12,0.65,0.045,10.0,9.751,within horizon
cefotaxime,0.9,0.7,0.144,0.595,26,0.35,0.045,17.0,16.051,within horizon
cefotaxime,0.9,0.7,0.144,0.595,26,0.5,0.02,17.0,16.2,within horizon
cefotaxime,0.9,0.7,0.144,0.595,26,0.65,0.045,17.0,16.051,within horizon
cefotaxime,0.9,0.7,0.144,0.595,52,0.35,0.045,28.0,27.751,within horizon
cefotaxime,0.9,0.7,0.144,0.595,52,0.5,0.02,28.0,27.9,within horizon
cefotaxime,0.9,0.7,0.144,0.595,52,0.65,0.045,28.0,27.751,within horizon
cefotaxime,0.9,0.8,0.144,0.68,8,0.35,0.045,7.0,6.176,within horizon
cefotaxime,0.9,0.8,0.144,0.68,8,0.5,0.02,7.0,6.325,within horizon
cefotaxime,0.9,0.8,0.144,0.68,8,0.65,0.045,7.0,6.176,within horizon
cefotaxime,0.9,0.8,0.144,0.68,12,0.35,0.045,8.0,7.976,within horizon
cefotaxime,0.9,0.8,0.144,0.68,12,0.5,0.02,9.0,8.125,within horizon
cefotaxime,0.9,0.8,0.144,0.68,12,0.65,0.045,8.0,7.976,within horizon
cefotaxime,0.9,0.8,0.144,0.68,26,0.35,0.045,15.0,14.276,within horizon
cefotaxime,0.9,0.8,0.144,0.68,26,0.5,0.02,15.0,14.425,within horizon
cefotaxime,0.9,0.8,0.144,0.68,26,0.65,0.045,15.0,14.276,within horizon
cefotaxime,0.9,0.8,0.144,0.68,52,0.35,0.045,26.0,25.976,within horizon
cefotaxime,0.9,0.8,0.144,0.68,52,0.5,0.02,27.0,26.125,within horizon
cefotaxime,0.9,0.8,0.144,0.68,52,0.65,0.045,26.0,25.976,within horizon
cefotaxime,0.9,0.9,0.144,0.765,8,0.35,0.045,6.0,5.102,within horizon
cefotaxime,0.9,0.9,0.144,0.765,8,0.5,0.02,6.0,5.25,within horizon
cefotaxime,0.9,0.9,0.144,0.765,8,0.65,0.045,6.0,5.102,within horizon
cefotaxime,0.9,0.9,0.144,0.765,12,0.35,0.045,7.0,6.902,within horizon
cefotaxime,0.9,0.9,0.144,0.765,12,0.5,0.02,8.0,7.05,within horizon
cefotaxime,0.9,0.9,0.144,0.765,12,0.65,0.045,7.0,6.902,within horizon
cefotaxime,0.9,0.9,0.144,0.765,26,0.35,0.045,14.0,13.202,within horizon
cefotaxime,0.9,0.9,0.144,0.765,26,0.5,0.02,14.0,13.35,within horizon
cefotaxime,0.9,0.9,0.144,0.765,26,0.65,0.045,14.0,13.202,within horizon
cefotaxime,0.9,0.9,0.144,0.765,52,0.35,0.045,25.0,24.902,within horizon
cefotaxime,0.9,0.9,0.144,0.765,52,0.5,0.02,26.0,25.05,within horizon
cefotaxime,0.9,0.9,0.144,0.765,52,0.65,0.045,25.0,24.902,within horizon
cefotaxime,0.9,1.0,0.144,0.85,8,0.35,0.045,5.0,4.329,within horizon
cefotaxime,0.9,1.0,0.144,0.85,8,0.5,0.02,5.0,4.477,within horizon
cefotaxime,0.9,1.0,0.144,0.85,8,0.65,0.045,5.0,4.329,within horizon
cefotaxime,0.9,1.0,0.144,0.85,12,0.35,0.045,7.0,6.129,within horizon
cefotaxime,0.9,1.0,0.144,0.85,12,0.5,0.02,7.0,6.277,within horizon
cefotaxime,0.9,1.0,0.144,0.85,12,0.65,0.045,7.0,6.129,within horizon
cefotaxime,0.9,1.0,0.144,0.85,26,0.35,0.045,13.0,12.429,within horizon
cefotaxime,0.9,1.0,0.144,0.85,26,0.5,0.02,13.0,12.577,within horizon
cefotaxime,0.9,1.0,0.144,0.85,26,0.65,0.045,13.0,12.429,within horizon
cefotaxime,0.9,1.0,0.144,0.85,52,0.35,0.045,25.0,24.129,within horizon
cefotaxime,0.9,1.0,0.144,0.85,52,0.5,0.02,25.0,24.277,within horizon
cefotaxime,0.9,1.0,0.144,0.85,52,0.65,0.045,25.0,24.129,within horizon
cefotaxime,0.9,1.1,0.144,0.935,8,0.35,0.045,4.0,3.725,within horizon
cefotaxime,0.9,1.1,0.144,0.935,8,0.5,0.02,4.0,3.873,within horizon
cefotaxime,0.9,1.1,0.144,0.935,8,0.65,0.045,4.0,3.725,within horizon
cefotaxime,0.9,1.1,0.144,0.935,12,0.35,0.045,6.0,5.525,within horizon
cefotaxime,0.9,1.1,0.144,0.935,12,0.5,0.02,6.0,5.673,within horizon
cefotaxime,0.9,1.1,0.144,0.935,12,0.65,0.045,6.0,5.525,within horizon
cefotaxime,0.9,1.1,0.144,0.935,26,0.35,0.045,12.0,11.825,within horizon
cefotaxime,0.9,1.1,0.144,0.935,26,0.5,0.02,12.0,11.973,within horizon
cefotaxime,0.9,1.1,0.144,0.935,26,0.65,0.045,12.0,11.825,within horizon
cefotaxime,0.9,1.1,0.144,0.935,52,0.35,0.045,24.0,23.525,within horizon
cefotaxime,0.9,1.1,0.144,0.935,52,0.5,0.02,24.0,23.673,within horizon
cefotaxime,0.9,1.1,0.144,0.935,52,0.65,0.045,24.0,23.525,within horizon
cefotaxime,0.9,1.2,0.144,1.0,8,0.35,0.045,4.0,3.338,within horizon
cefotaxime,0.9,1.2,0.144,1.0,8,0.5,0.02,4.0,3.487,within horizon
cefotaxime,0.9,1.2,0.144,1.0,8,0.65,0.045,4.0,3.338,within horizon
cefotaxime,0.9,1.2,0.144,1.0,12,0.35,0.045,6.0,5.138,within horizon
cefotaxime,0.9,1.2,0.144,1.0,12,0.5,0.02,6.0,5.287,within horizon
cefotaxime,0.9,1.2,0.144,1.0,12,0.65,0.045,6.0,5.138,within horizon
cefotaxime,0.9,1.2,0.144,1.0,26,0.35,0.045,12.0,11.438,within horizon
cefotaxime,0.9,1.2,0.144,1.0,26,0.5,0.02,12.0,11.587,within horizon
cefotaxime,0.9,1.2,0.144,1.0,26,0.65,0.045,12.0,11.438,within horizon
cefotaxime,0.9,1.2,0.144,1.0,52,0.35,0.045,24.0,23.138,within horizon
cefotaxime,0.9,1.2,0.144,1.0,52,0.5,0.02,24.0,23.287,within horizon
cefotaxime,0.9,1.2,0.144,1.0,52,0.65,0.045,24.0,23.138,within horizon
cefotaxime,0.9,1.3,0.144,1.0,8,0.35,0.045,4.0,3.338,within horizon
cefotaxime,0.9,1.3,0.144,1.0,8,0.5,0.02,4.0,3.487,within horizon
cefotaxime,0.9,1.3,0.144,1.0,8,0.65,0.045,4.0,3.338,within horizon
cefotaxime,0.9,1.3,0.144,1.0,12,0.35,0.045,6.0,5.138,within horizon
cefotaxime,0.9,1.3,0.144,1.0,12,0.5,0.02,6.0,5.287,within horizon
cefotaxime,0.9,1.3,0.144,1.0,12,0.65,0.045,6.0,5.138,within horizon
cefotaxime,0.9,1.3,0.144,1.0,26,0.35,0.045,12.0,11.438,within horizon
cefotaxime,0.9,1.3,0.144,1.0,26,0.5,0.02,12.0,11.587,within horizon
cefotaxime,0.9,1.3,0.144,1.0,26,0.65,0.045,12.0,11.438,within horizon
cefotaxime,0.9,1.3,0.144,1.0,52,0.35,0.045,24.0,23.138,within horizon
cefotaxime,0.9,1.3,0.144,1.0,52,0.5,0.02,24.0,23.287,within horizon
cefotaxime,0.9,1.3,0.144,1.0,52,0.65,0.045,24.0,23.138,within horizon
cefotaxime,1.0,0.7,0.16,0.595,8,0.35,0.045,8.0,7.516,within horizon
cefotaxime,1.0,0.7,0.16,0.595,8,0.5,0.02,8.0,7.65,within horizon
cefotaxime,1.0,0.7,0.16,0.595,8,0.65,0.045,8.0,7.516,within horizon
cefotaxime,1.0,0.7,0.16,0.595,12,0.35,0.045,10.0,9.316,within horizon
cefotaxime,1.0,0.7,0.16,0.595,12,0.5,0.02,10.0,9.45,within horizon
cefotaxime,1.0,0.7,0.16,0.595,12,0.65,0.045,10.0,9.316,within horizon
cefotaxime,1.0,0.7,0.16,0.595,26,0.35,0.045,16.0,15.616,within horizon
cefotaxime,1.0,0.7,0.16,0.595,26,0.5,0.02,16.0,15.75,within horizon
cefotaxime,1.0,0.7,0.16,0.595,26,0.65,0.045,16.0,15.616,within horizon
cefotaxime,1.0,0.7,0.16,0.595,52,0.35,0.045,28.0,27.316,within horizon
cefotaxime,1.0,0.7,0.16,0.595,52,0.5,0.02,28.0,27.45,within horizon
cefotaxime,1.0,0.7,0.16,0.595,52,0.65,0.045,28.0,27.316,within horizon
cefotaxime,1.0,0.8,0.16,0.68,8,0.35,0.045,6.0,5.918,within horizon
cefotaxime,1.0,0.8,0.16,0.68,8,0.5,0.02,7.0,6.052,within horizon
cefotaxime,1.0,0.8,0.16,0.68,8,0.65,0.045,6.0,5.918,within horizon
cefotaxime,1.0,0.8,0.16,0.68,12,0.35,0.045,8.0,7.718,within horizon
cefotaxime,1.0,0.8,0.16,0.68,12,0.5,0.02,8.0,7.852,within horizon
cefotaxime,1.0,0.8,0.16,0.68,12,0.65,0.045,8.0,7.718,within horizon
cefotaxime,1.0,0.8,0.16,0.68,26,0.35,0.045,15.0,14.018,within horizon
cefotaxime,1.0,0.8,0.16,0.68,26,0.5,0.02,15.0,14.152,within horizon
cefotaxime,1.0,0.8,0.16,0.68,26,0.65,0.045,15.0,14.018,within horizon
cefotaxime,1.0,0.8,0.16,0.68,52,0.35,0.045,26.0,25.718,within horizon
cefotaxime,1.0,0.8,0.16,0.68,52,0.5,0.02,26.0,25.852,within horizon
cefotaxime,1.0,0.8,0.16,0.68,52,0.65,0.045,26.0,25.718,within horizon
cefotaxime,1.0,0.9,0.16,0.765,8,0.35,0.045,5.0,4.951,within horizon
cefotaxime,1.0,0.9,0.16,0.765,8,0.5,0.02,6.0,5.085,within horizon
cefotaxime,1.0,0.9,0.16,0.765,8,0.65,0.045,5.0,4.951,within horizon
cefotaxime,1.0,0.9,0.16,0.765,12,0.35,0.045,7.0,6.751,within horizon
cefotaxime,1.0,0.9,0.16,0.765,12,0.5,0.02,7.0,6.885,within horizon
cefotaxime,1.0,0.9,0.16,0.765,12,0.65,0.045,7.0,6.751,within horizon
cefotaxime,1.0,0.9,0.16,0.765,26,0.35,0.045,14.0,13.051,within horizon
cefotaxime,1.0,0.9,0.16,0.765,26,0.5,0.02,14.0,13.185,within horizon
cefotaxime,1.0,0.9,0.16,0.765,26,0.65,0.045,14.0,13.051,within horizon
cefotaxime,1.0,0.9,0.16,0.765,52,0.35,0.045,25.0,24.751,within horizon
cefotaxime,1.0,0.9,0.16,0.765,52,0.5,0.02,25.0,24.885,within horizon
cefotaxime,1.0,0.9,0.16,0.765,52,0.65,0.045,25.0,24.751,within horizon
cefotaxime,1.0,1.0,0.16,0.85,8,0.35,0.045,5.0,4.256,within horizon
cefotaxime,1.0,1.0,0.16,0.85,8,0.5,0.02,5.0,4.39,within horizon
cefotaxime,1.0,1.0,0.16,0.85,8,0.65,0.045,5.0,4.256,within horizon
cefotaxime,1.0,1.0,0.16,0.85,12,0.35,0.045,7.0,6.056,within horizon
cefotaxime,1.0,1.0,0.16,0.85,12,0.5,0.02,7.0,6.19,within horizon
cefotaxime,1.0,1.0,0.16,0.85,12,0.65,0.045,7.0,6.056,within horizon
cefotaxime,1.0,1.0,0.16,0.85,26,0.35,0.045,13.0,12.356,within horizon
cefotaxime,1.0,1.0,0.16,0.85,26,0.5,0.02,13.0,12.49,within horizon
cefotaxime,1.0,1.0,0.16,0.85,26,0.65,0.045,13.0,12.356,within horizon
cefotaxime,1.0,1.0,0.16,0.85,52,0.35,0.045,25.0,24.056,within horizon
cefotaxime,1.0,1.0,0.16,0.85,52,0.5,0.02,25.0,24.19,within horizon
cefotaxime,1.0,1.0,0.16,0.85,52,0.65,0.045,25.0,24.056,within horizon
cefotaxime,1.0,1.1,0.16,0.935,8,0.35,0.045,4.0,3.712,within horizon
cefotaxime,1.0,1.1,0.16,0.935,8,0.5,0.02,4.0,3.846,within horizon
cefotaxime,1.0,1.1,0.16,0.935,8,0.65,0.045,4.0,3.712,within horizon
cefotaxime,1.0,1.1,0.16,0.935,12,0.35,0.045,6.0,5.512,within horizon
cefotaxime,1.0,1.1,0.16,0.935,12,0.5,0.02,6.0,5.646,within horizon
cefotaxime,1.0,1.1,0.16,0.935,12,0.65,0.045,6.0,5.512,within horizon
cefotaxime,1.0,1.1,0.16,0.935,26,0.35,0.045,12.0,11.812,within horizon
cefotaxime,1.0,1.1,0.16,0.935,26,0.5,0.02,12.0,11.946,within horizon
cefotaxime,1.0,1.1,0.16,0.935,26,0.65,0.045,12.0,11.812,within horizon
cefotaxime,1.0,1.1,0.16,0.935,52,0.35,0.045,24.0,23.512,within horizon
cefotaxime,1.0,1.1,0.16,0.935,52,0.5,0.02,24.0,23.646,within horizon
cefotaxime,1.0,1.1,0.16,0.935,52,0.65,0.045,24.0,23.512,within horizon
cefotaxime,1.0,1.2,0.16,1.0,8,0.35,0.045,4.0,3.364,within horizon
cefotaxime,1.0,1.2,0.16,1.0,8,0.5,0.02,4.0,3.498,within horizon
cefotaxime,1.0,1.2,0.16,1.0,8,0.65,0.045,4.0,3.364,within horizon
cefotaxime,1.0,1.2,0.16,1.0,12,0.35,0.045,6.0,5.164,within horizon
cefotaxime,1.0,1.2,0.16,1.0,12,0.5,0.02,6.0,5.298,within horizon
cefotaxime,1.0,1.2,0.16,1.0,12,0.65,0.045,6.0,5.164,within horizon
cefotaxime,1.0,1.2,0.16,1.0,26,0.35,0.045,12.0,11.464,within horizon
cefotaxime,1.0,1.2,0.16,1.0,26,0.5,0.02,12.0,11.598,within horizon
cefotaxime,1.0,1.2,0.16,1.0,26,0.65,0.045,12.0,11.464,within horizon
cefotaxime,1.0,1.2,0.16,1.0,52,0.35,0.045,24.0,23.164,within horizon
cefotaxime,1.0,1.2,0.16,1.0,52,0.5,0.02,24.0,23.298,within horizon
cefotaxime,1.0,1.2,0.16,1.0,52,0.65,0.045,24.0,23.164,within horizon
cefotaxime,1.0,1.3,0.16,1.0,8,0.35,0.045,4.0,3.364,within horizon
cefotaxime,1.0,1.3,0.16,1.0,8,0.5,0.02,4.0,3.498,within horizon
cefotaxime,1.0,1.3,0.16,1.0,8,0.65,0.045,4.0,3.364,within horizon
cefotaxime,1.0,1.3,0.16,1.0,12,0.35,0.045,6.0,5.164,within horizon
cefotaxime,1.0,1.3,0.16,1.0,12,0.5,0.02,6.0,5.298,within horizon
cefotaxime,1.0,1.3,0.16,1.0,12,0.65,0.045,6.0,5.164,within horizon
cefotaxime,1.0,1.3,0.16,1.0,26,0.35,0.045,12.0,11.464,within horizon
cefotaxime,1.0,1.3,0.16,1.0,26,0.5,0.02,12.0,11.598,within horizon
cefotaxime,1.0,1.3,0.16,1.0,26,0.65,0.045,12.0,11.464,within horizon
cefotaxime,1.0,1.3,0.16,1.0,52,0.35,0.045,24.0,23.164,within horizon
cefotaxime,1.0,1.3,0.16,1.0,52,0.5,0.02,24.0,23.298,within horizon
cefotaxime,1.0,1.3,0.16,1.0,52,0.65,0.045,24.0,23.164,within horizon
cefotaxime,1.1,0.7,0.176,0.595,8,0.35,0.045,8.0,7.16,within horizon
cefotaxime,1.1,0.7,0.176,0.595,8,0.5,0.02,8.0,7.282,within horizon
cefotaxime,1.1,0.7,0.176,0.595,8,0.65,0.045,8.0,7.16,within horizon
cefotaxime,1.1,0.7,0.176,0.595,12,0.35,0.045,9.0,8.96,within horizon
cefotaxime,1.1,0.7,0.176,0.595,12,0.5,0.02,10.0,9.082,within horizon
cefotaxime,1.1,0.7,0.176,0.595,12,0.65,0.045,9.0,8.96,within horizon
cefotaxime,1.1,0.7,0.176,0.595,26,0.35,0.045,16.0,15.26,within horizon
cefotaxime,1.1,0.7,0.176,0.595,26,0.5,0.02,16.0,15.382,within horizon
cefotaxime,1.1,0.7,0.176,0.595,26,0.65,0.045,16.0,15.26,within horizon
cefotaxime,1.1,0.7,0.176,0.595,52,0.35,0.045,27.0,26.96,within horizon
cefotaxime,1.1,0.7,0.176,0.595,52,0.5,0.02,28.0,27.082,within horizon
cefotaxime,1.1,0.7,0.176,0.595,52,0.65,0.045,27.0,26.96,within horizon
cefotaxime,1.1,0.8,0.176,0.68,8,0.35,0.045,6.0,5.708,within horizon
cefotaxime,1.1,0.8,0.176,0.68,8,0.5,0.02,6.0,5.829,within horizon
cefotaxime,1.1,0.8,0.176,0.68,8,0.65,0.045,6.0,5.708,within horizon
cefotaxime,1.1,0.8,0.176,0.68,12,0.35,0.045,8.0,7.508,within horizon
cefotaxime,1.1,0.8,0.176,0.68,12,0.5,0.02,8.0,7.629,within horizon
cefotaxime,1.1,0.8,0.176,0.68,12,0.65,0.045,8.0,7.508,within horizon
cefotaxime,1.1,0.8,0.176,0.68,26,0.35,0.045,14.0,13.808,within horizon
cefotaxime,1.1,0.8,0.176,0.68,26,0.5,0.02,14.0,13.929,within horizon
cefotaxime,1.1,0.8,0.176,0.68,26,0.65,0.045,14.0,13.808,within horizon
cefotaxime,1.1,0.8,0.176,0.68,52,0.35,0.045,26.0,25.508,within horizon
cefotaxime,1.1,0.8,0.176,0.68,52,0.5,0.02,26.0,25.629,within horizon
cefotaxime,1.1,0.8,0.176,0.68,52,0.65,0.045,26.0,25.508,within horizon
cefotaxime,1.1,0.9,0.176,0.765,8,0.35,0.045,5.0,4.829,within horizon
cefotaxime,1.1,0.9,0.176,0.765,8,0.5,0.02,5.0,4.95,within horizon
cefotaxime,1.1,0.9,0.176,0.765,8,0.65,0.045,5.0,4.829,within horizon
cefotaxime,1.1,0.9,0.176,0.765,12,0.35,0.045,7.0,6.629,within horizon
cefotaxime,1.1,0.9,0.176,0.765,12,0.5,0.02,7.0,6.75,within horizon
cefotaxime,1.1,0.9,0.176,0.765,12,0.65,0.045,7.0,6.629,within horizon
cefotaxime,1.1,0.9,0.176,0.765,26,0.35,0.045,13.0,12.929,within horizon
cefotaxime,1.1,0.9,0.176,0.765,26,0.5,0.02,14.0,13.05,within horizon
cefotaxime,1.1,0.9,0.176,0.765,26,0.65,0.045,13.0,12.929,within horizon
cefotaxime,1.1,0.9,0.176,0.765,52,0.35,0.045,25.0,24.629,within horizon
cefotaxime,1.1,0.9,0.176,0.765,52,0.5,0.02,25.0,24.75,within horizon
cefotaxime,1.1,0.9,0.176,0.765,52,0.65,0.045,25.0,24.629,within horizon
cefotaxime,1.1,1.0,0.176,0.85,8,0.35,0.045,5.0,4.196,within horizon
cefotaxime,1.1,1.0,0.176,0.85,8,0.5,0.02,5.0,4.318,within horizon
cefotaxime,1.1,1.0,0.176,0.85,8,0.65,0.045,5.0,4.196,within horizon
cefotaxime,1.1,1.0,0.176,0.85,12,0.35,0.045,6.0,5.996,within horizon
cefotaxime,1.1,1.0,0.176,0.85,12,0.5,0.02,7.0,6.118,within horizon
cefotaxime,1.1,1.0,0.176,0.85,12,0.65,0.045,6.0,5.996,within horizon
cefotaxime,1.1,1.0,0.176,0.85,26,0.35,0.045,13.0,12.296,within horizon
cefotaxime,1.1,1.0,0.176,0.85,26,0.5,0.02,13.0,12.418,within horizon
cefotaxime,1.1,1.0,0.176,0.85,26,0.65,0.045,13.0,12.296,within horizon
cefotaxime,1.1,1.0,0.176,0.85,52,0.35,0.045,24.0,23.996,within horizon
cefotaxime,1.1,1.0,0.176,0.85,52,0.5,0.02,25.0,24.118,within horizon
cefotaxime,1.1,1.0,0.176,0.85,52,0.65,0.045,24.0,23.996,within horizon
cefotaxime,1.1,1.1,0.176,0.935,8,0.35,0.045,4.0,3.702,within horizon
cefotaxime,1.1,1.1,0.176,0.935,8,0.5,0.02,4.0,3.824,within horizon
cefotaxime,1.1,1.1,0.176,0.935,8,0.65,0.045,4.0,3.702,within horizon
cefotaxime,1.1,1.1,0.176,0.935,12,0.35,0.045,6.0,5.502,within horizon
cefotaxime,1.1,1.1,0.176,0.935,12,0.5,0.02,6.0,5.624,within horizon
cefotaxime,1.1,1.1,0.176,0.935,12,0.65,0.045,6.0,5.502,within horizon
cefotaxime,1.1,1.1,0.176,0.935,26,0.35,0.045,12.0,11.802,within horizon
cefotaxime,1.1,1.1,0.176,0.935,26,0.5,0.02,12.0,11.924,within horizon
cefotaxime,1.1,1.1,0.176,0.935,26,0.65,0.045,12.0,11.802,within horizon
cefotaxime,1.1,1.1,0.176,0.935,52,0.35,0.045,24.0,23.502,within horizon
cefotaxime,1.1,1.1,0.176,0.935,52,0.5,0.02,24.0,23.624,within horizon
cefotaxime,1.1,1.1,0.176,0.935,52,0.65,0.045,24.0,23.502,within horizon
cefotaxime,1.1,1.2,0.176,1.0,8,0.35,0.045,4.0,3.386,within horizon
cefotaxime,1.1,1.2,0.176,1.0,8,0.5,0.02,4.0,3.507,within horizon
cefotaxime,1.1,1.2,0.176,1.0,8,0.65,0.045,4.0,3.386,within horizon
cefotaxime,1.1,1.2,0.176,1.0,12,0.35,0.045,6.0,5.186,within horizon
cefotaxime,1.1,1.2,0.176,1.0,12,0.5,0.02,6.0,5.307,within horizon
cefotaxime,1.1,1.2,0.176,1.0,12,0.65,0.045,6.0,5.186,within horizon
cefotaxime,1.1,1.2,0.176,1.0,26,0.35,0.045,12.0,11.486,within horizon
cefotaxime,1.1,1.2,0.176,1.0,26,0.5,0.02,12.0,11.607,within horizon
cefotaxime,1.1,1.2,0.176,1.0,26,0.65,0.045,12.0,11.486,within horizon
cefotaxime,1.1,1.2,0.176,1.0,52,0.35,0.045,24.0,23.186,within horizon
cefotaxime,1.1,1.2,0.176,1.0,52,0.5,0.02,24.0,23.307,within horizon
cefotaxime,1.1,1.2,0.176,1.0,52,0.65,0.045,24.0,23.186,within horizon
cefotaxime,1.1,1.3,0.176,1.0,8,0.35,0.045,4.0,3.386,within horizon
cefotaxime,1.1,1.3,0.176,1.0,8,0.5,0.02,4.0,3.507,within horizon
cefotaxime,1.1,1.3,0.176,1.0,8,0.65,0.045,4.0,3.386,within horizon
cefotaxime,1.1,1.3,0.176,1.0,12,0.35,0.045,6.0,5.186,within horizon
cefotaxime,1.1,1.3,0.176,1.0,12,0.5,0.02,6.0,5.307,within horizon
cefotaxime,1.1,1.3,0.176,1.0,12,0.65,0.045,6.0,5.186,within horizon
cefotaxime,1.1,1.3,0.176,1.0,26,0.35,0.045,12.0,11.486,within horizon
cefotaxime,1.1,1.3,0.176,1.0,26,0.5,0.02,12.0,11.607,within horizon
cefotaxime,1.1,1.3,0.176,1.0,26,0.65,0.045,12.0,11.486,within horizon
cefotaxime,1.1,1.3,0.176,1.0,52,0.35,0.045,24.0,23.186,within horizon
cefotaxime,1.1,1.3,0.176,1.0,52,0.5,0.02,24.0,23.307,within horizon
cefotaxime,1.1,1.3,0.176,1.0,52,0.65,0.045,24.0,23.186,within horizon
cefotaxime,1.2,0.7,0.192,0.595,8,0.35,0.045,7.0,6.863,within horizon
cefotaxime,1.2,0.7,0.192,0.595,8,0.5,0.02,7.0,6.975,within horizon
cefotaxime,1.2,0.7,0.192,0.595,8,0.65,0.045,7.0,6.863,within horizon
cefotaxime,1.2,0.7,0.192,0.595,12,0.35,0.045,9.0,8.663,within horizon
cefotaxime,1.2,0.7,0.192,0.595,12,0.5,0.02,9.0,8.775,within horizon
cefotaxime,1.2,0.7,0.192,0.595,12,0.65,0.045,9.0,8.663,within horizon
cefotaxime,1.2,0.7,0.192,0.595,26,0.35,0.045,15.0,14.963,within horizon
cefotaxime,1.2,0.7,0.192,0.595,26,0.5,0.02,16.0,15.075,within horizon
cefotaxime,1.2,0.7,0.192,0.595,26,0.65,0.045,15.0,14.963,within horizon
cefotaxime,1.2,0.7,0.192,0.595,52,0.35,0.045,27.0,26.663,within horizon
cefotaxime,1.2,0.7,0.192,0.595,52,0.5,0.02,27.0,26.775,within horizon
cefotaxime,1.2,0.7,0.192,0.595,52,0.65,0.045,27.0,26.663,within horizon
cefotaxime,1.2,0.8,0.192,0.68,8,0.35,0.045,6.0,5.532,within horizon
cefotaxime,1.2,0.8,0.192,0.68,8,0.5,0.02,6.0,5.643,within horizon
cefotaxime,1.2,0.8,0.192,0.68,8,0.65,0.045,6.0,5.532,within horizon
cefotaxime,1.2,0.8,0.192,0.68,12,0.35,0.045,8.0,7.332,within horizon
cefotaxime,1.2,0.8,0.192,0.68,12,0.5,0.02,8.0,7.443,within horizon
cefotaxime,1.2,0.8,0.192,0.68,12,0.65,0.045,8.0,7.332,within horizon
cefotaxime,1.2,0.8,0.192,0.68,26,0.35,0.045,14.0,13.632,within horizon
cefotaxime,1.2,0.8,0.192,0.68,26,0.5,0.02,14.0,13.743,within horizon
cefotaxime,1.2,0.8,0.192,0.68,26,0.65,0.045,14.0,13.632,within horizon
cefotaxime,1.2,0.8,0.192,0.68,52,0.35,0.045,26.0,25.332,within horizon
cefotaxime,1.2,0.8,0.192,0.68,52,0.5,0.02,26.0,25.443,within horizon
cefotaxime,1.2,0.8,0.192,0.68,52,0.65,0.045,26.0,25.332,within horizon
cefotaxime,1.2,0.9,0.192,0.765,8,0.35,0.045,5.0,4.726,within horizon
cefotaxime,1.2,0.9,0.192,0.765,8,0.5,0.02,5.0,4.838,within horizon
cefotaxime,1.2,0.9,0.192,0.765,8,0.65,0.045,5.0,4.726,within horizon
cefotaxime,1.2,0.9,0.192,0.765,12,0.35,0.045,7.0,6.526,within horizon
cefotaxime,1.2,0.9,0.192,0.765,12,0.5,0.02,7.0,6.638,within horizon
cefotaxime,1.2,0.9,0.192,0.765,12,0.65,0.045,7.0,6.526,within horizon
cefotaxime,1.2,0.9,0.192,0.765,26,0.35,0.045,13.0,12.826,within horizon
cefotaxime,1.2,0.9,0.192,0.765,26,0.5,0.02,13.0,12.938,within horizon
cefotaxime,1.2,0.9,0.192,0.765,26,0.65,0.045,13.0,12.826,within horizon
cefotaxime,1.2,0.9,0.192,0.765,52,0.35,0.045,25.0,24.526,within horizon
cefotaxime,1.2,0.9,0.192,0.765,52,0.5,0.02,25.0,24.638,within horizon
cefotaxime,1.2,0.9,0.192,0.765,52,0.65,0.045,25.0,24.526,within horizon
cefotaxime,1.2,1.0,0.192,0.85,8,0.35,0.045,5.0,4.147,within horizon
cefotaxime,1.2,1.0,0.192,0.85,8,0.5,0.02,5.0,4.258,within horizon
cefotaxime,1.2,1.0,0.192,0.85,8,0.65,0.045,5.0,4.147,within horizon
cefotaxime,1.2,1.0,0.192,0.85,12,0.35,0.045,6.0,5.947,within horizon
cefotaxime,1.2,1.0,0.192,0.85,12,0.5,0.02,7.0,6.058,within horizon
cefotaxime,1.2,1.0,0.192,0.85,12,0.65,0.045,6.0,5.947,within horizon
cefotaxime,1.2,1.0,0.192,0.85,26,0.35,0.045,13.0,12.247,within horizon
cefotaxime,1.2,1.0,0.192,0.85,26,0.5,0.02,13.0,12.358,within horizon
cefotaxime,1.2,1.0,0.192,0.85,26,0.65,0.045,13.0,12.247,within horizon
cefotaxime,1.2,1.0,0.192,0.85,52,0.35,0.045,24.0,23.947,within horizon
cefotaxime,1.2,1.0,0.192,0.85,52,0.5,0.02,25.0,24.058,within horizon
cefotaxime,1.2,1.0,0.192,0.85,52,0.65,0.045,24.0,23.947,within horizon
cefotaxime,1.2,1.1,0.192,0.935,8,0.35,0.045,4.0,3.694,within horizon
cefotaxime,1.2,1.1,0.192,0.935,8,0.5,0.02,4.0,3.805,within horizon
cefotaxime,1.2,1.1,0.192,0.935,8,0.65,0.045,4.0,3.694,within horizon
cefotaxime,1.2,1.1,0.192,0.935,12,0.35,0.045,6.0,5.494,within horizon
cefotaxime,1.2,1.1,0.192,0.935,12,0.5,0.02,6.0,5.605,within horizon
cefotaxime,1.2,1.1,0.192,0.935,12,0.65,0.045,6.0,5.494,within horizon
cefotaxime,1.2,1.1,0.192,0.935,26,0.35,0.045,12.0,11.794,within horizon
cefotaxime,1.2,1.1,0.192,0.935,26,0.5,0.02,12.0,11.905,within horizon
cefotaxime,1.2,1.1,0.192,0.935,26,0.65,0.045,12.0,11.794,within horizon
cefotaxime,1.2,1.1,0.192,0.935,52,0.35,0.045,24.0,23.494,within horizon
cefotaxime,1.2,1.1,0.192,0.935,52,0.5,0.02,24.0,23.605,within horizon
cefotaxime,1.2,1.1,0.192,0.935,52,0.65,0.045,24.0,23.494,within horizon
cefotaxime,1.2,1.2,0.192,1.0,8,0.35,0.045,4.0,3.404,within horizon
cefotaxime,1.2,1.2,0.192,1.0,8,0.5,0.02,4.0,3.515,within horizon
cefotaxime,1.2,1.2,0.192,1.0,8,0.65,0.045,4.0,3.404,within horizon
cefotaxime,1.2,1.2,0.192,1.0,12,0.35,0.045,6.0,5.204,within horizon
cefotaxime,1.2,1.2,0.192,1.0,12,0.5,0.02,6.0,5.315,within horizon
cefotaxime,1.2,1.2,0.192,1.0,12,0.65,0.045,6.0,5.204,within horizon
cefotaxime,1.2,1.2,0.192,1.0,26,0.35,0.045,12.0,11.504,within horizon
cefotaxime,1.2,1.2,0.192,1.0,26,0.5,0.02,12.0,11.615,within horizon
cefotaxime,1.2,1.2,0.192,1.0,26,0.65,0.045,12.0,11.504,within horizon
cefotaxime,1.2,1.2,0.192,1.0,52,0.35,0.045,24.0,23.204,within horizon
cefotaxime,1.2,1.2,0.192,1.0,52,0.5,0.02,24.0,23.315,within horizon
cefotaxime,1.2,1.2,0.192,1.0,52,0.65,0.045,24.0,23.204,within horizon
cefotaxime,1.2,1.3,0.192,1.0,8,0.35,0.045,4.0,3.404,within horizon
cefotaxime,1.2,1.3,0.192,1.0,8,0.5,0.02,4.0,3.515,within horizon
cefotaxime,1.2,1.3,0.192,1.0,8,0.65,0.045,4.0,3.404,within horizon
cefotaxime,1.2,1.3,0.192,1.0,12,0.35,0.045,6.0,5.204,within horizon
cefotaxime,1.2,1.3,0.192,1.0,12,0.5,0.02,6.0,5.315,within horizon
cefotaxime,1.2,1.3,0.192,1.0,12,0.65,0.045,6.0,5.204,within horizon
cefotaxime,1.2,1.3,0.192,1.0,26,0.35,0.045,12.0,11.504,within horizon
cefotaxime,1.2,1.3,0.192,1.0,26,0.5,0.02,12.0,11.615,within horizon
cefotaxime,1.2,1.3,0.192,1.0,26,0.65,0.045,12.0,11.504,within horizon
cefotaxime,1.2,1.3,0.192,1.0,52,0.35,0.045,24.0,23.204,within horizon
cefotaxime,1.2,1.3,0.192,1.0,52,0.5,0.02,24.0,23.315,within horizon
cefotaxime,1.2,1.3,0.192,1.0,52,0.65,0.045,24.0,23.204,within horizon
cefotaxime,1.3,0.7,0.208,0.595,8,0.35,0.045,7.0,6.612,within horizon
cefotaxime,1.3,0.7,0.208,0.595,8,0.5,0.02,7.0,6.715,within horizon
cefotaxime,1.3,0.7,0.208,0.595,8,0.65,0.045,7.0,6.612,within horizon
cefotaxime,1.3,0.7,0.208,0.595,12,0.35,0.045,9.0,8.412,within horizon
cefotaxime,1.3,0.7,0.208,0.595,12,0.5,0.02,9.0,8.515,within horizon
cefotaxime,1.3,0.7,0.208,0.595,12,0.65,0.045,9.0,8.412,within horizon
cefotaxime,1.3,0.7,0.208,0.595,26,0.35,0.045,15.0,14.712,within horizon
cefotaxime,1.3,0.7,0.208,0.595,26,0.5,0.02,15.0,14.815,within horizon
cefotaxime,1.3,0.7,0.208,0.595,26,0.65,0.045,15.0,14.712,within horizon
cefotaxime,1.3,0.7,0.208,0.595,52,0.35,0.045,27.0,26.412,within horizon
cefotaxime,1.3,0.7,0.208,0.595,52,0.5,0.02,27.0,26.515,within horizon
cefotaxime,1.3,0.7,0.208,0.595,52,0.65,0.045,27.0,26.412,within horizon
cefotaxime,1.3,0.8,0.208,0.68,8,0.35,0.045,6.0,5.383,within horizon
cefotaxime,1.3,0.8,0.208,0.68,8,0.5,0.02,6.0,5.486,within horizon
cefotaxime,1.3,0.8,0.208,0.68,8,0.65,0.045,6.0,5.383,within horizon
cefotaxime,1.3,0.8,0.208,0.68,12,0.35,0.045,8.0,7.183,within horizon
cefotaxime,1.3,0.8,0.208,0.68,12,0.5,0.02,8.0,7.286,within horizon
cefotaxime,1.3,0.8,0.208,0.68,12,0.65,0.045,8.0,7.183,within horizon
cefotaxime,1.3,0.8,0.208,0.68,26,0.35,0.045,14.0,13.483,within horizon
cefotaxime,1.3,0.8,0.208,0.68,26,0.5,0.02,14.0,13.586,within horizon
cefotaxime,1.3,0.8,0.208,0.68,26,0.65,0.045,14.0,13.483,within horizon
cefotaxime,1.3,0.8,0.208,0.68,52,0.35,0.045,26.0,25.183,within horizon
cefotaxime,1.3,0.8,0.208,0.68,52,0.5,0.02,26.0,25.286,within horizon
cefotaxime,1.3,0.8,0.208,0.68,52,0.65,0.045,26.0,25.183,within horizon
cefotaxime,1.3,0.9,0.208,0.765,8,0.35,0.045,5.0,4.64,within horizon
cefotaxime,1.3,0.9,0.208,0.765,8,0.5,0.02,5.0,4.742,within horizon
cefotaxime,1.3,0.9,0.208,0.765,8,0.65,0.045,5.0,4.64,within horizon
cefotaxime,1.3,0.9,0.208,0.765,12,0.35,0.045,7.0,6.44,within horizon
cefotaxime,1.3,0.9,0.208,0.765,12,0.5,0.02,7.0,6.542,within horizon
cefotaxime,1.3,0.9,0.208,0.765,12,0.65,0.045,7.0,6.44,within horizon
cefotaxime,1.3,0.9,0.208,0.765,26,0.35,0.045,13.0,12.74,within horizon
cefotaxime,1.3,0.9,0.208,0.765,26,0.5,0.02,13.0,12.842,within horizon
cefotaxime,1.3,0.9,0.208,0.765,26,0.65,0.045,13.0,12.74,within horizon
cefotaxime,1.3,0.9,0.208,0.765,52,0.35,0.045,25.0,24.44,within horizon
cefotaxime,1.3,0.9,0.208,0.765,52,0.5,0.02,25.0,24.542,within horizon
cefotaxime,1.3,0.9,0.208,0.765,52,0.65,0.045,25.0,24.44,within horizon
cefotaxime,1.3,1.0,0.208,0.85,8,0.35,0.045,5.0,4.105,within horizon
cefotaxime,1.3,1.0,0.208,0.85,8,0.5,0.02,5.0,4.207,within horizon
cefotaxime,1.3,1.0,0.208,0.85,8,0.65,0.045,5.0,4.105,within horizon
cefotaxime,1.3,1.0,0.208,0.85,12,0.35,0.045,6.0,5.905,within horizon
cefotaxime,1.3,1.0,0.208,0.85,12,0.5,0.02,7.0,6.007,within horizon
cefotaxime,1.3,1.0,0.208,0.85,12,0.65,0.045,6.0,5.905,within horizon
cefotaxime,1.3,1.0,0.208,0.85,26,0.35,0.045,13.0,12.205,within horizon
cefotaxime,1.3,1.0,0.208,0.85,26,0.5,0.02,13.0,12.307,within horizon
cefotaxime,1.3,1.0,0.208,0.85,26,0.65,0.045,13.0,12.205,within horizon
cefotaxime,1.3,1.0,0.208,0.85,52,0.35,0.045,24.0,23.905,within horizon
cefotaxime,1.3,1.0,0.208,0.85,52,0.5,0.02,25.0,24.007,within horizon
cefotaxime,1.3,1.0,0.208,0.85,52,0.65,0.045,24.0,23.905,within horizon
cefotaxime,1.3,1.1,0.208,0.935,8,0.35,0.045,4.0,3.686,within horizon
cefotaxime,1.3,1.1,0.208,0.935,8,0.5,0.02,4.0,3.789,within horizon
cefotaxime,1.3,1.1,0.208,0.935,8,0.65,0.045,4.0,3.686,within horizon
cefotaxime,1.3,1.1,0.208,0.935,12,0.35,0.045,6.0,5.486,within horizon
cefotaxime,1.3,1.1,0.208,0.935,12,0.5,0.02,6.0,5.589,within horizon
cefotaxime,1.3,1.1,0.208,0.935,12,0.65,0.045,6.0,5.486,within horizon
cefotaxime,1.3,1.1,0.208,0.935,26,0.35,0.045,12.0,11.786,within horizon
cefotaxime,1.3,1.1,0.208,0.935,26,0.5,0.02,12.0,11.889,within horizon
cefotaxime,1.3,1.1,0.208,0.935,26,0.65,0.045,12.0,11.786,within horizon
cefotaxime,1.3,1.1,0.208,0.935,52,0.35,0.045,24.0,23.486,within horizon
cefotaxime,1.3,1.1,0.208,0.935,52,0.5,0.02,24.0,23.589,within horizon
cefotaxime,1.3,1.1,0.208,0.935,52,0.65,0.045,24.0,23.486,within horizon
cefotaxime,1.3,1.2,0.208,1.0,8,0.35,0.045,4.0,3.419,within horizon
cefotaxime,1.3,1.2,0.208,1.0,8,0.5,0.02,4.0,3.521,within horizon
cefotaxime,1.3,1.2,0.208,1.0,8,0.65,0.045,4.0,3.419,within horizon
cefotaxime,1.3,1.2,0.208,1.0,12,0.35,0.045,6.0,5.219,within horizon
cefotaxime,1.3,1.2,0.208,1.0,12,0.5,0.02,6.0,5.321,within horizon
cefotaxime,1.3,1.2,0.208,1.0,12,0.65,0.045,6.0,5.219,within horizon
cefotaxime,1.3,1.2,0.208,1.0,26,0.35,0.045,12.0,11.519,within horizon
cefotaxime,1.3,1.2,0.208,1.0,26,0.5,0.02,12.0,11.621,within horizon
cefotaxime,1.3,1.2,0.208,1.0,26,0.65,0.045,12.0,11.519,within horizon
cefotaxime,1.3,1.2,0.208,1.0,52,0.35,0.045,24.0,23.219,within horizon
cefotaxime,1.3,1.2,0.208,1.0,52,0.5,0.02,24.0,23.321,within horizon
cefotaxime,1.3,1.2,0.208,1.0,52,0.65,0.045,24.0,23.219,within horizon
cefotaxime,1.3,1.3,0.208,1.0,8,0.35,0.045,4.0,3.419,within horizon
cefotaxime,1.3,1.3,0.208,1.0,8,0.5,0.02,4.0,3.521,within horizon
cefotaxime,1.3,1.3,0.208,1.0,8,0.65,0.045,4.0,3.419,within horizon
cefotaxime,1.3,1.3,0.208,1.0,12,0.35,0.045,6.0,5.219,within horizon
cefotaxime,1.3,1.3,0.208,1.0,12,0.5,0.02,6.0,5.321,within horizon
cefotaxime,1.3,1.3,0.208,1.0,12,0.65,0.045,6.0,5.219,within horizon
cefotaxime,1.3,1.3,0.208,1.0,26,0.35,0.045,12.0,11.519,within horizon
cefotaxime,1.3,1.3,0.208,1.0,26,0.5,0.02,12.0,11.621,within horizon
cefotaxime,1.3,1.3,0.208,1.0,26,0.65,0.045,12.0,11.519,within horizon
cefotaxime,1.3,1.3,0.208,1.0,52,0.35,0.045,24.0,23.219,within horizon
cefotaxime,1.3,1.3,0.208,1.0,52,0.5,0.02,24.0,23.321,within horizon
cefotaxime,1.3,1.3,0.208,1.0,52,0.65,0.045,24.0,23.219,within horizon
imipenem,0.7,0.7,0.056,0.455,8,0.35,0.045,,,never
imipenem,0.7,0.7,0.056,0.455,8,0.5,0.02,,,never
imipenem,0.7,0.7,0.056,0.455,8,0.65,0.045,,,never
imipenem,0.7,0.7,0.056,0.455,12,0.35,0.045,,,never
imipenem,0.7,0.7,0.056,0.455,12,0.5,0.02,,,never
imipenem,0.7,0.7,0.056,0.455,12,0.65,0.045,,,never
imipenem,0.7,0.7,0.056,0.455,26,0.35,0.045,,,never
imipenem,0.7,0.7,0.056,0.455,26,0.5,0.02,,,never
imipenem,0.7,0.7,0.056,0.455,26,0.65,0.045,,,never
imipenem,0.7,0.7,0.056,0.455,52,0.35,0.045,,,never
imipenem,0.7,0.7,0.056,0.455,52,0.5,0.02,,,never
imipenem,0.7,0.7,0.056,0.455,52,0.65,0.045,,,never
imipenem,0.7,0.8,0.056,0.52,8,0.35,0.045,,25.918,after horizon
imipenem,0.7,0.8,0.056,0.52,8,0.5,0.02,,26.3,after horizon
imipenem,0.7,0.8,0.056,0.52,8,0.65,0.045,,25.918,after horizon
imipenem,0.7,0.8,0.056,0.52,12,0.35,0.045,,27.718,after horizon
imipenem,0.7,0.8,0.056,0.52,12,0.5,0.02,,28.1,after horizon
imipenem,0.7,0.8,0.056,0.52,12,0.65,0.045,,27.718,after horizon
imipenem,0.7,0.8,0.056,0.52,26,0.35,0.045,,34.018,after horizon
imipenem,0.7,0.8,0.056,0.52,26,0.5,0.02,,34.4,after horizon
imipenem,0.7,0.8,0.056,0.52,26,0.65,0.045,,34.018,after horizon
imipenem,0.7,0.8,0.056,0.52,52,0.35,0.045,46.0,45.718,within horizon
imipenem,0.7,0.8,0.056,0.52,52,0.5,0.02,47.0,46.1,within horizon
imipenem,0.7,0.8,0.056,0.52,52,0.65,0.045,46.0,45.718,within horizon
imipenem,0.7,0.9,0.056,0.585,8,0.35,0.045,,15.583,after horizon
imipenem,0.7,0.9,0.056,0.585,8,0.5,0.02,,15.965,after horizon
imipenem,0.7,0.9,0.056,0.585,8,0.65,0.045,,15.583,after horizon
imipenem,0.7,0.9,0.056,0.585,12,0.35,0.045,,17.383,after horizon
imipenem,0.7,0.9,0.056,0.585,12,0.5,0.02,,17.765,after horizon
imipenem,0.7,0.9,0.056,0.585,12,0.65,0.045,,17.383,after horizon
imipenem,0.7,0.9,0.056,0.585,26,0.35,0.045,24.0,23.683,within horizon
imipenem,0.7,0.9,0.056,0.585,26,0.5,0.02,25.0,24.065,within horizon
imipenem,0.7,0.9,0.056,0.585,26,0.65,0.045,24.0,23.683,within horizon
imipenem,0.7,0.9,0.056,0.585,52,0.35,0.045,36.0,35.383,within horizon
imipenem,0.7,0.9,0.056,0.585,52,0.5,0.02,36.0,35.765,within horizon
imipenem,0.7,0.9,0.056,0.585,52,0.65,0.045,36.0,35.383,within horizon
imipenem,0.7,1.0,0.056,0.65,8,0.35,0.045,,11.526,after horizon
imipenem,0.7,1.0,0.056,0.65,8,0.5,0.02,,11.908,after horizon
imipenem,0.7,1.0,0.056,0.65,8,0.65,0.045,,11.526,after horizon
imipenem,0.7,1.0,0.056,0.65,12,0.35,0.045,,13.326,after horizon
imipenem,0.7,1.0,0.056,0.65,12,0.5,0.02,,13.708,after horizon
imipenem,0.7,1.0,0.056,0.65,12,0.65,0.045,,13.326,after horizon
imipenem,0.7,1.0,0.056,0.65,26,0.35,0.045,20.0,19.626,within horizon
imipenem,0.7,1.0,0.056,0.65,26,0.5,0.02,21.0,20.008,within horizon
imipenem,0.7,1.0,0.056,0.65,26,0.65,0.045,20.0,19.626,within horizon
imipenem,0.7,1.0,0.056,0.65,52,0.35,0.045,32.0,31.326,within horizon
imipenem,0.7,1.0,0.056,0.65,52,0.5,0.02,32.0,31.708,within horizon
imipenem,0.7,1.0,0.056,0.65,52,0.65,0.045,32.0,31.326,within horizon
imipenem,0.7,1.1,0.056,0.715,8,0.35,0.045,,8.955,after horizon
imipenem,0.7,1.1,0.056,0.715,8,0.5,0.02,,9.337,after horizon
imipenem,0.7,1.1,0.056,0.715,8,0.65,0.045,,8.955,after horizon
imipenem,0.7,1.1,0.056,0.715,12,0.35,0.045,11.0,10.755,within horizon
imipenem,0.7,1.1,0.056,0.715,12,0.5,0.02,12.0,11.137,within horizon
imipenem,0.7,1.1,0.056,0.715,12,0.65,0.045,11.0,10.755,within horizon
imipenem,0.7,1.1,0.056,0.715,26,0.35,0.045,18.0,17.055,within horizon
imipenem,0.7,1.1,0.056,0.715,26,0.5,0.02,18.0,17.437,within horizon
imipenem,0.7,1.1,0.056,0.715,26,0.65,0.045,18.0,17.055,within horizon
imipenem,0.7,1.1,0.056,0.715,52,0.35,0.045,29.0,28.755,within horizon
imipenem,0.7,1.1,0.056,0.715,52,0.5,0.02,30.0,29.137,within horizon
imipenem,0.7,1.1,0.056,0.715,52,0.65,0.045,29.0,28.755,within horizon
imipenem,0.7,1.2,0.056,0.78,8,0.35,0.045,8.0,7.068,within horizon
imipenem,0.7,1.2,0.056,0.78,8,0.5,0.02,8.0,7.45,within horizon
imipenem,0.7,1.2,0.056,0.78,8,0.65,0.045,8.0,7.068,within horizon
imipenem,0.7,1.2,0.056,0.78,12,0.35,0.045,9.0,8.868,within horizon
imipenem,0.7,1.2,0.056,0.78,12,0.5,0.02,10.0,9.25,within horizon
imipenem,0.7,1.2,0.056,0.78,12,0.65,0.045,9.0,8.868,within horizon
imipenem,0.7,1.2,0.056,0.78,26,0.35,0.045,16.0,15.168,within horizon
imipenem,0.7,1.2,0.056,0.78,26,0.5,0.02,16.0,15.55,within horizon
imipenem,0.7,1.2,0.056,0.78,26,0.65,0.045,16.0,15.168,within horizon
imipenem,0.7,1.2,0.056,0.78,52,0.35,0.045,27.0,26.868,within horizon
imipenem,0.7,1.2,0.056,0.78,52,0.5,0.02,28.0,27.25,within horizon
imipenem,0.7,1.2,0.056,0.78,52,0.65,0.045,27.0,26.868,within horizon
imipenem,0.7,1.3,0.056,0.845,8,0.35,0.045,6.0,5.577,within horizon
imipenem,0.7,1.3,0.056,0.845,8,0.5,0.02,6.0,5.959,within horizon
imipenem,0.7,1.3,0.056,0.845,8,0.65,0.045,6.0,5.577,within horizon
imipenem,0.7,1.3,0.056,0.845,12,0.35,0.045,8.0,7.377,within horizon
imipenem,0.7,1.3,0.056,0.845,12,0.5,0.02,8.0,7.759,within horizon
imipenem,0.7,1.3,0.056,0.845,12,0.65,0.045,8.0,7.377,within horizon
imipenem,0.7,1.3,0.056,0.845,26,0.35,0.045,14.0,13.677,within horizon
imipenem,0.7,1.3,0.056,0.845,26,0.5,0.02,15.0,14.059,within horizon
imipenem,0.7,1.3,0.056,0.845,26,0.65,0.045,14.0,13.677,within horizon
imipenem,0.7,1.3,0.056,0.845,52,0.35,0.045,26.0,25.377,within horizon
imipenem,0.7,1.3,0.056,0.845,52,0.5,0.02,26.0,25.759,within horizon
imipenem,0.7,1.3,0.056,0.845,52,0.65,0.045,26.0,25.377,within horizon
imipenem,0.8,0.7,0.064,0.455,8,0.35,0.045,,,never
imipenem,0.8,0.7,0.064,0.455,8,0.5,0.02,,,never
imipenem,0.8,0.7,0.064,0.455,8,0.65,0.045,,,never
imipenem,0.8,0.7,0.064,0.455,12,0.35,0.045,,,never
imipenem,0.8,0.7,0.064,0.455,12,0.5,0.02,,,never
imipenem,0.8,0.7,0.064,0.455,12,0.65,0.045,,,never
imipenem,0.8,0.7,0.064,0.455,26,0.35,0.045,,,never
imipenem,0.8,0.7,0.064,0.455,26,0.5,0.02,,,never
imipenem,0.8,0.7,0.064,0.455,26,0.65,0.045,,,never
imipenem,0.8,0.7,0.064,0.455,52,0.35,0.045,,,never
imipenem,0.8,0.7,0.064,0.455,52,0.5,0.02,,,never
imipenem,0.8,0.7,0.064,0.455,52,0.65,0.045,,,never
imipenem,0.8,0.8,0.064,0.52,8,0.35,0.045,,23.129,after horizon
imipenem,0.8,0.8,0.064,0.52,8,0.5,0.02,,23.463,after horizon
imipenem,0.8,0.8,0.064,0.52,8,0.65,0.045,,23.129,after horizon
imipenem,0.8,0.8,0.064,0.52,12,0.35,0.045,,24.929,after horizon
imipenem,0.8,0.8,0.064,0.52,12,0.5,0.02,,25.263,after horizon
imipenem,0.8,0.8,0.064,0.52,12,0.65,0.045,,24.929,after horizon
imipenem,0.8,0.8,0.064,0.52,26,0.35,0.045,,31.229,after horizon
imipenem,0.8,0.8,0.064,0.52,26,0.5,0.02,,31.563,after horizon
imipenem,0.8,0.8,0.064,0.52,26,0.65,0.045,,31.229,after horizon
imipenem,0.8,0.8,0.064,0.52,52,0.35,0.045,43.0,42.929,within horizon
imipenem,0.8,0.8,0.064,0.52,52,0.5,0.02,44.0,43.263,within horizon
imipenem,0.8,0.8,0.064,0.52,52,0.65,0.045,43.0,42.929,within horizon
imipenem,0.8,0.9,0.064,0.585,8,0.35,0.045,,14.085,after horizon
imipenem,0.8,0.9,0.064,0.585,8,0.5,0.02,,14.42,after horizon
imipenem,0.8,0.9,0.064,0.585,8,0.65,0.045,,14.085,after horizon
imipenem,0.8,0.9,0.064,0.585,12,0.35,0.045,,15.885,after horizon
imipenem,0.8,0.9,0.064,0.585,12,0.5,0.02,,16.22,after horizon
imipenem,0.8,0.9,0.064,0.585,12,0.65,0.045,,15.885,after horizon
imipenem,0.8,0.9,0.064,0.585,26,0.35,0.045,23.0,22.185,within horizon
imipenem,0.8,0.9,0.064,0.585,26,0.5,0.02,23.0,22.52,within horizon
imipenem,0.8,0.9,0.064,0.585,26,0.65,0.045,23.0,22.185,within horizon
imipenem,0.8,0.9,0.064,0.585,52,0.35,0.045,34.0,33.885,within horizon
imipenem,0.8,0.9,0.064,0.585,52,0.5,0.02,35.0,34.22,within horizon
imipenem,0.8,0.9,0.064,0.585,52,0.65,0.045,34.0,33.885,within horizon
imipenem,0.8,1.0,0.064,0.65,8,0.35,0.045,,10.535,after horizon
imipenem,0.8,1.0,0.064,0.65,8,0.5,0.02,,10.87,after horizon
imipenem,0.8,1.0,0.064,0.65,8,0.65,0.045,,10.535,after horizon
imipenem,0.8,1.0,0.064,0.65,12,0.35,0.045,,12.335,after horizon
imipenem,0.8,1.0,0.064,0.65,12,0.5,0.02,,12.67,after horizon
imipenem,0.8,1.0,0.064,0.65,12,0.65,0.045,,12.335,after horizon
imipenem,0.8,1.0,0.064,0.65,26,0.35,0.045,19.0,18.635,within horizon
imipenem,0.8,1.0,0.064,0.65,26,0.5,0.02,19.0,18.97,within horizon
imipenem,0.8,1.0,0.064,0.65,26,0.65,0.045,19.0,18.635,within horizon
imipenem,0.8,1.0,0.064,0.65,52,0.35,0.045,31.0,30.335,within horizon
imipenem,0.8,1.0,0.064,0.65,52,0.5,0.02,31.0,30.67,within horizon
imipenem,0.8,1.0,0.064,0.65,52,0.65,0.045,31.0,30.335,within horizon
imipenem,0.8,1.1,0.064,0.715,8,0.35,0.045,,8.285,after horizon
imipenem,0.8,1.1,0.064,0.715,8,0.5,0.02,,8.62,after horizon
imipenem,0.8,1.1,0.064,0.715,8,0.65,0.045,,8.285,after horizon
imipenem,0.8,1.1,0.064,0.715,12,0.35,0.045,11.0,10.085,within horizon
imipenem,0.8,1.1,0.064,0.715,12,0.5,0.02,11.0,10.42,within horizon
imipenem,0.8,1.1,0.064,0.715,12,0.65,0.045,11.0,10.085,within horizon
imipenem,0.8,1.1,0.064,0.715,26,0.35,0.045,17.0,16.385,within horizon
imipenem,0.8,1.1,0.064,0.715,26,0.5,0.02,17.0,16.72,within horizon
imipenem,0.8,1.1,0.064,0.715,26,0.65,0.045,17.0,16.385,within horizon
imipenem,0.8,1.1,0.064,0.715,52,0.35,0.045,29.0,28.085,within horizon
imipenem,0.8,1.1,0.064,0.715,52,0.5,0.02,29.0,28.42,within horizon
imipenem,0.8,1.1,0.064,0.715,52,0.65,0.045,29.0,28.085,within horizon
imipenem,0.8,1.2,0.064,0.78,8,0.35,0.045,7.0,6.634,within horizon
imipenem,0.8,1.2,0.064,0.78,8,0.5,0.02,7.0,6.969,within horizon
imipenem,0.8,1.2,0.064,0.78,8,0.65,0.045,7.0,6.634,within horizon
imipenem,0.8,1.2,0.064,0.78,12,0.35,0.045,9.0,8.434,within horizon
imipenem,0.8,1.2,0.064,0.78,12,0.5,0.02,9.0,8.769,within horizon
imipenem,0.8,1.2,0.064,0.78,12,0.65,0.045,9.0,8.434,within horizon
imipenem,0.8,1.2,0.064,0.78,26,0.35,0.045,15.0,14.734,within horizon
imipenem,0.8,1.2,0.064,0.78,26,0.5,0.02,16.0,15.069,within horizon
imipenem,0.8,1.2,0.064,0.78,26,0.65,0.045,15.0,14.734,within horizon
imipenem,0.8,1.2,0.064,0.78,52,0.35,0.045,27.0,26.434,within horizon
imipenem,0.8,1.2,0.064,0.78,52,0.5,0.02,27.0,26.769,within horizon
imipenem,0.8,1.2,0.064,0.78,52,0.65,0.045,27.0,26.434,within horizon
imipenem,0.8,1.3,0.064,0.845,8,0.35,0.045,6.0,5.33,within horizon
imipenem,0.8,1.3,0.064,0.845,8,0.5,0.02,6.0,5.664,within horizon
imipenem,0.8,1.3,0.064,0.845,8,0.65,0.045,6.0,5.33,within horizon
imipenem,0.8,1.3,0.064,0.845,12,0.35,0.045,8.0,7.13,within horizon
imipenem,0.8,1.3,0.064,0.845,12,0.5,0.02,8.0,7.464,within horizon
imipenem,0.8,1.3,0.064,0.845,12,0.65,0.045,8.0,7.13,within horizon
imipenem,0.8,1.3,0.064,0.845,26,0.35,0.045,14.0,13.43,within horizon
imipenem,0.8,1.3,0.064,0.845,26,0.5,0.02,14.0,13.764,within horizon
imipenem,0.8,1.3,0.064,0.845,26,0.65,0.045,14.0,13.43,within horizon
imipenem,0.8,1.3,0.064,0.845,52,0.35,0.045,26.0,25.13,within horizon
imipenem,0.8,1.3,0.064,0.845,52,0.5,0.02,26.0,25.464,within horizon
imipenem,0.8,1.3,0.064,0.845,52,0.65,0.045,26.0,25.13,within horizon
imipenem,0.9,0.7,0.072,0.455,8,0.35,0.045,,,never
imipenem,0.9,0.7,0.072,0.455,8,0.5,0.02,,,never
imipenem,0.9,0.7,0.072,0.455,8,0.65,0.045,,,never
imipenem,0.9,0.7,0.072,0.455,12,0.35,0.045,,,never
imipenem,0.9,0.7,0.072,0.455,12,0.5,0.02,,,never
imipenem,0.9,0.7,0.072,0.455,12,0.65,0.045,,,never
imipenem,0.9,0.7,0.072,0.455,26,0.35,0.045,,,never
imipenem,0.9,0.7,0.072,0.455,26,0.5,0.02,,,never
imipenem,0.9,0.7,0.072,0.455,26,0.65,0.045,,,never
imipenem,0.9,0.7,0.072,0.455,52,0.35,0.045,,,never
imipenem,0.9,0.7,0.072,0.455,52,0.5,0.02,,,never
imipenem,0.9,0.7,0.072,0.455,52,0.65,0.045,,,never
imipenem,0.9,0.8,0.072,0.52,8,0.35,0.045,,20.959,after horizon
imipenem,0.9,0.8,0.072,0.52,8,0.5,0.02,,21.256,after horizon
imipenem,0.9,0.8,0.072,0.52,8,0.65,0.045,,20.959,after horizon
imipenem,0.9,0.8,0.072,0.52,12,0.35,0.045,,22.759,after horizon
imipenem,0.9,0.8,0.072,0.52,12,0.5,0.02,,23.056,after horizon
imipenem,0.9,0.8,0.072,0.52,12,0.65,0.045,,22.759,after horizon
imipenem,0.9,0.8,0.072,0.52,26,0.35,0.045,,29.059,after horizon
imipenem,0.9,0.8,0.072,0.52,26,0.5,0.02,,29.356,after horizon
imipenem,0.9,0.8,0.072,0.52,26,0.65,0.045,,29.059,after horizon
imipenem,0.9,0.8,0.072,0.52,52,0.35,0.045,41.0,40.759,within horizon
imipenem,0.9,0.8,0.072,0.52,52,0.5,0.02,42.0,41.056,within horizon
imipenem,0.9,0.8,0.072,0.52,52,0.65,0.045,41.0,40.759,within horizon
imipenem,0.9,0.9,0.072,0.585,8,0.35,0.045,,12.92,after horizon
imipenem,0.9,0.9,0.072,0.585,8,0.5,0.02,,13.217,after horizon
imipenem,0.9,0.9,0.072,0.585,8,0.65,0.045,,12.92,after horizon
imipenem,0.9,0.9,0.072,0.585,12,0.35,0.045,,14.72,after horizon
imipenem,0.9,0.9,0.072,0.585,12,0.5,0.02,,15.017,after horizon
imipenem,0.9,0.9,0.072,0.585,12,0.65,0.045,,14.72,after horizon
imipenem,0.9,0.9,0.072,0.585,26,0.35,0.045,22.0,21.02,within horizon
imipenem,0.9,0.9,0.072,0.585,26,0.5,0.02,22.0,21.317,within horizon
imipenem,0.9,0.9,0.072,0.585,26,0.65,0.045,22.0,21.02,within horizon
imipenem,0.9,0.9,0.072,0.585,52,0.35,0.045,33.0,32.72,within horizon
imipenem,0.9,0.9,0.072,0.585,52,0.5,0.02,34.0,33.017,within horizon
imipenem,0.9,0.9,0.072,0.585,52,0.65,0.045,33.0,32.72,within horizon
imipenem,0.9,1.0,0.072,0.65,8,0.35,0.045,,9.765,after horizon
imipenem,0.9,1.0,0.072,0.65,8,0.5,0.02,,10.062,after horizon
imipenem,0.9,1.0,0.072,0.65,8,0.65,0.045,,9.765,after horizon
imipenem,0.9,1.0,0.072,0.65,12,0.35,0.045,12.0,11.565,within horizon
imipenem,0.9,1.0,0.072,0.65,12,0.5,0.02,12.0,11.862,within horizon
imipenem,0.9,1.0,0.072,0.65,12,0.65,0.045,12.0,11.565,within horizon
imipenem,0.9,1.0,0.072,0.65,26,0.35,0.045,18.0,17.865,within horizon
imipenem,0.9,1.0,0.072,0.65,26,0.5,0.02,19.0,18.162,within horizon
imipenem,0.9,1.0,0.072,0.65,26,0.65,0.045,18.0,17.865,within horizon
imipenem,0.9,1.0,0.072,0.65,52,0.35,0.045,30.0,29.565,within horizon
imipenem,0.9,1.0,0.072,0.65,52,0.5,0.02,30.0,29.862,within horizon
imipenem,0.9,1.0,0.072,0.65,52,0.65,0.045,30.0,29.565,within horizon
imipenem,0.9,1.1,0.072,0.715,8,0.35,0.045,8.0,7.765,within horizon
imipenem,0.9,1.1,0.072,0.715,8,0.5,0.02,,8.062,after horizon
imipenem,0.9,1.1,0.072,0.715,8,0.65,0.045,8.0,7.765,within horizon
imipenem,0.9,1.1,0.072,0.715,12,0.35,0.045,10.0,9.565,within horizon
imipenem,0.9,1.1,0.072,0.715,12,0.5,0.02,10.0,9.862,within horizon
imipenem,0.9,1.1,0.072,0.715,12,0.65,0.045,10.0,9.565,within horizon
imipenem,0.9,1.1,0.072,0.715,26,0.35,0.045,16.0,15.865,within horizon
imipenem,0.9,1.1,0.072,0.715,26,0.5,0.02,17.0,16.162,within horizon
imipenem,0.9,1.1,0.072,0.715,26,0.65,0.045,16.0,15.865,within horizon
imipenem,0.9,1.1,0.072,0.715,52,0.35,0.045,28.0,27.565,within horizon
imipenem,0.9,1.1,0.072,0.715,52,0.5,0.02,28.0,27.862,within horizon
imipenem,0.9,1.1,0.072,0.715,52,0.65,0.045,28.0,27.565,within horizon
imipenem,0.9,1.2,0.072,0.78,8,0.35,0.045,7.0,6.297,within horizon
imipenem,0.9,1.2,0.072,0.78,8,0.5,0.02,7.0,6.594,within horizon
imipenem,0.9,1.2,0.072,0.78,8,0.65,0.045,7.0,6.297,within horizon
imipenem,0.9,1.2,0.072,0.78,12,0.35,0.045,9.0,8.097,within horizon
imipenem,0.9,1.2,0.072,0.78,12,0.5,0.02,9.0,8.394,within horizon
imipenem,0.9,1.2,0.072,0.78,12,0.65,0.045,9.0,8.097,within horizon
imipenem,0.9,1.2,0.072,0.78,26,0.35,0.045,15.0,14.397,within horizon
imipenem,0.9,1.2,0.072,0.78,26,0.5,0.02,15.0,14.694,within horizon
imipenem,0.9,1.2,0.072,0.78,26,0.65,0.045,15.0,14.397,within horizon
imipenem,0.9,1.2,0.072,0.78,52,0.35,0.045,27.0,26.097,within horizon
imipenem,0.9,1.2,0.072,0.78,52,0.5,0.02,27.0,26.394,within horizon
imipenem,0.9,1.2,0.072,0.78,52,0.65,0.045,27.0,26.097,within horizon
imipenem,0.9,1.3,0.072,0.845,8,0.35,0.045,6.0,5.138,within horizon
imipenem,0.9,1.3,0.072,0.845,8,0.5,0.02,6.0,5.435,within horizon
imipenem,0.9,1.3,0.072,0.845,8,0.65,0.045,6.0,5.138,within horizon
imipenem,0.9,1.3,0.072,0.845,12,0.35,0.045,7.0,6.938,within horizon
imipenem,0.9,1.3,0.072,0.845,12,0.5,0.02,8.0,7.235,within horizon
imipenem,0.9,1.3,0.072,0.845,12,0.65,0.045,7.0,6.938,within horizon
imipenem,0.9,1.3,0.072,0.845,26,0.35,0.045,14.0,13.238,within horizon
imipenem,0.9,1.3,0.072,0.845,26,0.5,0.02,14.0,13.535,within horizon
imipenem,0.9,1.3,0.072,0.845,26,0.65,0.045,14.0,13.238,within horizon
imipenem,0.9,1.3,0.072,0.845,52,0.35,0.045,25.0,24.938,within horizon
imipenem,0.9,1.3,0.072,0.845,52,0.5,0.02,26.0,25.235,within horizon
imipenem,0.9,1.3,0.072,0.845,52,0.65,0.045,25.0,24.938,within horizon
imipenem,1.0,0.7,0.08,0.455,8,0.35,0.045,,,never
imipenem,1.0,0.7,0.08,0.455,8,0.5,0.02,,,never
imipenem,1.0,0.7,0.08,0.455,8,0.65,0.045,,,never
imipenem,1.0,0.7,0.08,0.455,12,0.35,0.045,,,never
imipenem,1.0,0.7,0.08,0.455,12,0.5,0.02,,,never
imipenem,1.0,0.7,0.08,0.455,12,0.65,0.045,,,never
imipenem,1.0,0.7,0.08,0.455,26,0.35,0.045,,,never
imipenem,1.0,0.7,0.08,0.455,26,0.5,0.02,,,never
imipenem,1.0,0.7,0.08,0.455,26,0.65,0.045,,,never
imipenem,1.0,0.7,0.08,0.455,52,0.35,0.045,,,never
imipenem,1.0,0.7,0.08,0.455,52,0.5,0.02,,,never
imipenem,1.0,0.7,0.08,0.455,52,0.65,0.045,,,never
imipenem,1.0,0.8,0.08,0.52,8,0.35,0.045,,19.223,after horizon
imipenem,1.0,0.8,0.08,0.52,8,0.5,0.02,,19.49,after horizon
imipenem,1.0,0.8,0.08,0.52,8,0.65,0.045,,19.223,after horizon
imipenem,1.0,0.8,0.08,0.52,12,0.35,0.045,,21.023,after horizon
imipenem,1.0,0.8,0.08,0.52,12,0.5,0.02,,21.29,after horizon
imipenem,1.0,0.8,0.08,0.52,12,0.65,0.045,,21.023,after horizon
imipenem,1.0,0.8,0.08,0.52,26,0.35,0.045,,27.323,after horizon
imipenem,1.0,0.8,0.08,0.52,26,0.5,0.02,,27.59,after horizon
imipenem,1.0,0.8,0.08,0.52,26,0.65,0.045,,27.323,after horizon
imipenem,1.0,0.8,0.08,0.52,52,0.35,0.045,40.0,39.023,within horizon
imipenem,1.0,0.8,0.08,0.52,52,0.5,0.02,40.0,39.29,within horizon
imipenem,1.0,0.8,0.08,0.52,52,0.65,0.045,40.0,39.023,within horizon
imipenem,1.0,0.9,0.08,0.585,8,0.35,0.045,,11.988,after horizon
imipenem,1.0,0.9,0.08,0.585,8,0.5,0.02,,12.256,after horizon
imipenem,1.0,0.9,0.08,0.585,8,0.65,0.045,,11.988,after horizon
imipenem,1.0,0.9,0.08,0.585,12,0.35,0.045,,13.788,after horizon
imipenem,1.0,0.9,0.08,0.585,12,0.5,0.02,,14.056,after horizon
imipenem,1.0,0.9,0.08,0.585,12,0.65,0.045,,13.788,after horizon
imipenem,1.0,0.9,0.08,0.585,26,0.35,0.045,21.0,20.088,within horizon
imipenem,1.0,0.9,0.08,0.585,26,0.5,0.02,21.0,20.356,within horizon
imipenem,1.0,0.9,0.08,0.585,26,0.65,0.045,21.0,20.088,within horizon
imipenem,1.0,0.9,0.08,0.585,52,0.35,0.045,32.0,31.788,within horizon
imipenem,1.0,0.9,0.08,0.585,52,0.5,0.02,33.0,32.056,within horizon
imipenem,1.0,0.9,0.08,0.585,52,0.65,0.045,32.0,31.788,within horizon
imipenem,1.0,1.0,0.08,0.65,8,0.35,0.045,,9.148,after horizon
imipenem,1.0,1.0,0.08,0.65,8,0.5,0.02,,9.416,after horizon
imipenem,1.0,1.0,0.08,0.65,8,0.65,0.045,,9.148,after horizon
imipenem,1.0,1.0,0.08,0.65,12,0.35,0.045,11.0,10.948,within horizon
imipenem,1.0,1.0,0.08,0.65,12,0.5,0.02,12.0,11.216,within horizon
imipenem,1.0,1.0,0.08,0.65,12,0.65,0.045,11.0,10.948,within horizon
imipenem,1.0,1.0,0.08,0.65,26,0.35,0.045,18.0,17.248,within horizon
imipenem,1.0,1.0,0.08,0.65,26,0.5,0.02,18.0,17.516,within horizon
imipenem,1.0,1.0,0.08,0.65,26,0.65,0.045,18.0,17.248,within horizon
imipenem,1.0,1.0,0.08,0.65,52,0.35,0.045,29.0,28.948,within horizon
imipenem,1.0,1.0,0.08,0.65,52,0.5,0.02,30.0,29.216,within horizon
imipenem,1.0,1.0,0.08,0.65,52,0.65,0.045,29.0,28.948,within horizon
imipenem,1.0,1.1,0.08,0.715,8,0.35,0.045,8.0,7.348,within horizon
imipenem,1.0,1.1,0.08,0.715,8,0.5,0.02,8.0,7.616,within horizon
imipenem,1.0,1.1,0.08,0.715,8,0.65,0.045,8.0,7.348,within horizon
imipenem,1.0,1.1,0.08,0.715,12,0.35,0.045,10.0,9.148,within horizon
imipenem,1.0,1.1,0.08,0.715,12,0.5,0.02,10.0,9.416,within horizon
imipenem,1.0,1.1,0.08,0.715,12,0.65,0.045,10.0,9.148,within horizon
imipenem,1.0,1.1,0.08,0.715,26,0.35,0.045,16.0,15.448,within horizon
imipenem,1.0,1.1,0.08,0.715,26,0.5,0.02,16.0,15.716,within horizon
imipenem,1.0,1.1,0.08,0.715,26,0.65,0.045,16.0,15.448,within horizon
imipenem,1.0,1.1,0.08,0.715,52,0.35,0.045,28.0,27.148,within horizon
imipenem,1.0,1.1,0.08,0.715,52,0.5,0.02,28.0,27.416,within horizon
imipenem,1.0,1.1,0.08,0.715,52,0.65,0.045,28.0,27.148,within horizon
imipenem,1.0,1.2,0.08,0.78,8,0.35,0.045,7.0,6.028,within horizon
imipenem,1.0,1.2,0.08,0.78,8,0.5,0.02,7.0,6.295,within horizon
imipenem,1.0,1.2,0.08,0.78,8,0.65,0.045,7.0,6.028,within horizon
imipenem,1.0,1.2,0.08,0.78,12,0.35,0.045,8.0,7.828,within horizon
imipenem,1.0,1.2,0.08,0.78,12,0.5,0.02,9.0,8.095,within horizon
imipenem,1.0,1.2,0.08,0.78,12,0.65,0.045,8.0,7.828,within horizon
imipenem,1.0,1.2,0.08,0.78,26,0.35,0.045,15.0,14.128,within horizon
imipenem,1.0,1.2,0.08,0.78,26,0.5,0.02,15.0,14.395,within horizon
imipenem,1.0,1.2,0.08,0.78,26,0.65,0.045,15.0,14.128,within horizon
imipenem,1.0,1.2,0.08,0.78,52,0.35,0.045,26.0,25.828,within horizon
imipenem,1.0,1.2,0.08,0.78,52,0.5,0.02,27.0,26.095,within horizon
imipenem,1.0,1.2,0.08,0.78,52,0.65,0.045,26.0,25.828,within horizon
imipenem,1.0,1.3,0.08,0.845,8,0.35,0.045,5.0,4.984,within horizon
imipenem,1.0,1.3,0.08,0.845,8,0.5,0.02,6.0,5.251,within horizon
imipenem,1.0,1.3,0.08,0.845,8,0.65,0.045,5.0,4.984,within horizon
imipenem,1.0,1.3,0.08,0.845,12,0.35,0.045,7.0,6.784,within horizon
imipenem,1.0,1.3,0.08,0.845,12,0.5,0.02,8.0,7.051,within horizon
imipenem,1.0,1.3,0.08,0.845,12,0.65,0.045,7.0,6.784,within horizon
imipenem,1.0,1.3,0.08,0.845,26,0.35,0.045,14.0,13.084,within horizon
imipenem,1.0,1.3,0.08,0.845,26,0.5,0.02,14.0,13.351,within horizon
imipenem,1.0,1.3,0.08,0.845,26,0.65,0.045,14.0,13.084,within horizon
imipenem,1.0,1.3,0.08,0.845,52,0.35,0.045,25.0,24.784,within horizon
imipenem,1.0,1.3,0.08,0.845,52,0.5,0.02,26.0,25.051,within horizon
imipenem,1.0,1.3,0.08,0.845,52,0.65,0.045,25.0,24.784,within horizon
imipenem,1.1,0.7,0.088,0.455,8,0.35,0.045,,,never
imipenem,1.1,0.7,0.088,0.455,8,0.5,0.02,,,never
imipenem,1.1,0.7,0.088,0.455,8,0.65,0.045,,,never
imipenem,1.1,0.7,0.088,0.455,12,0.35,0.045,,,never
imipenem,1.1,0.7,0.088,0.455,12,0.5,0.02,,,never
imipenem,1.1,0.7,0.088,0.455,12,0.65,0.045,,,never
imipenem,1.1,0.7,0.088,0.455,26,0.35,0.045,,,never
imipenem,1.1,0.7,0.088,0.455,26,0.5,0.02,,,never
imipenem,1.1,0.7,0.088,0.455,26,0.65,0.045,,,never
imipenem,1.1,0.7,0.088,0.455,52,0.35,0.045,,,never
imipenem,1.1,0.7,0.088,0.455,52,0.5,0.02,,,never
imipenem,1.1,0.7,0.088,0.455,52,0.65,0.045,,,never
imipenem,1.1,0.8,0.088,0.52,8,0.35,0.045,,17.803,after horizon
imipenem,1.1,0.8,0.088,0.52,8,0.5,0.02,,18.046,after horizon
imipenem,1.1,0.8,0.088,0.52,8,0.65,0.045,,17.803,after horizon
imipenem,1.1,0.8,0.088,0.52,12,0.35,0.045,,19.603,after horizon
imipenem,1.1,0.8,0.088,0.52,12,0.5,0.02,,19.846,after horizon
imipenem,1.1,0.8,0.088,0.52,12,0.65,0.045,,19.603,after horizon
imipenem,1.1,0.8,0.088,0.52,26,0.35,0.045,26.0,25.903,within horizon
imipenem,1.1,0.8,0.088,0.52,26,0.5,0.02,,26.146,after horizon
imipenem,1.1,0.8,0.088,0.52,26,0.65,0.045,26.0,25.903,within horizon
imipenem,1.1,0.8,0.088,0.52,52,0.35,0.045,38.0,37.603,within horizon
imipenem,1.1,0.8,0.088,0.52,52,0.5,0.02,38.0,37.846,within horizon
imipenem,1.1,0.8,0.088,0.52,52,0.65,0.045,38.0,37.603,within horizon
imipenem,1.1,0.9,0.088,0.585,8,0.35,0.045,,11.226,after horizon
imipenem,1.1,0.9,0.088,0.585,8,0.5,0.02,,11.469,after horizon
imipenem,1.1,0.9,0.088,0.585,8,0.65,0.045,,11.226,after horizon
imipenem,1.1,0.9,0.088,0.585,12,0.35,0.045,,13.026,after horizon
imipenem,1.1,0.9,0.088,0.585,12,0.5,0.02,,13.269,after horizon
imipenem,1.1,0.9,0.088,0.585,12,0.65,0.045,,13.026,after horizon
imipenem,1.1,0.9,0.088,0.585,26,0.35,0.045,20.0,19.326,within horizon
imipenem,1.1,0.9,0.088,0.585,26,0.5,0.02,20.0,19.569,within horizon
imipenem,1.1,0.9,0.088,0.585,26,0.65,0.045,20.0,19.326,within horizon
imipenem,1.1,0.9,0.088,0.585,52,0.35,0.045,32.0,31.026,within horizon
imipenem,1.1,0.9,0.088,0.585,52,0.5,0.02,32.0,31.269,within horizon
imipenem,1.1,0.9,0.088,0.585,52,0.65,0.045,32.0,31.026,within horizon
imipenem,1.1,1.0,0.088,0.65,8,0.35,0.045,,8.644,after horizon
imipenem,1.1,1.0,0.088,0.65,8,0.5,0.02,,8.887,after horizon
imipenem,1.1,1.0,0.088,0.65,8,0.65,0.045,,8.644,after horizon
imipenem,1.1,1.0,0.088,0.65,12,0.35,0.045,11.0,10.444,within horizon
imipenem,1.1,1.0,0.088,0.65,12,0.5,0.02,11.0,10.687,within horizon
imipenem,1.1,1.0,0.088,0.65,12,0.65,0.045,11.0,10.444,within horizon
imipenem,1.1,1.0,0.088,0.65,26,0.35,0.045,17.0,16.744,within horizon
imipenem,1.1,1.0,0.088,0.65,26,0.5,0.02,17.0,16.987,within horizon
imipenem,1.1,1.0,0.088,0.65,26,0.65,0.045,17.0,16.744,within horizon
imipenem,1.1,1.0,0.088,0.65,52,0.35,0.045,29.0,28.444,within horizon
imipenem,1.1,1.0,0.088,0.65,52,0.5,0.02,29.0,28.687,within horizon
imipenem,1.1,1.0,0.088,0.65,52,0.65,0.045,29.0,28.444,within horizon
imipenem,1.1,1.1,0.088,0.715,8,0.35,0.045,8.0,7.008,within horizon
imipenem,1.1,1.1,0.088,0.715,8,0.5,0.02,8.0,7.251,within horizon
imipenem,1.1,1.1,0.088,0.715,8,0.65,0.045,8.0,7.008,within horizon
imipenem,1.1,1.1,0.088,0.715,12,0.35,0.045,9.0,8.808,within horizon
imipenem,1.1,1.1,0.088,0.715,12,0.5,0.02,10.0,9.051,within horizon
imipenem,1.1,1.1,0.088,0.715,12,0.65,0.045,9.0,8.808,within horizon
imipenem,1.1,1.1,0.088,0.715,26,0.35,0.045,16.0,15.108,within horizon
imipenem,1.1,1.1,0.088,0.715,26,0.5,0.02,16.0,15.351,within horizon
imipenem,1.1,1.1,0.088,0.715,26,0.65,0.045,16.0,15.108,within horizon
imipenem,1.1,1.1,0.088,0.715,52,0.35,0.045,27.0,26.808,within horizon
imipenem,1.1,1.1,0.088,0.715,52,0.5,0.02,28.0,27.051,within horizon
imipenem,1.1,1.1,0.088,0.715,52,0.65,0.045,27.0,26.808,within horizon
imipenem,1.1,1.2,0.088,0.78,8,0.35,0.045,6.0,5.807,within horizon
imipenem,1.1,1.2,0.088,0.78,8,0.5,0.02,7.0,6.05,within horizon
imipenem,1.1,1.2,0.088,0.78,8,0.65,0.045,6.0,5.807,within horizon
imipenem,1.1,1.2,0.088,0.78,12,0.35,0.045,8.0,7.607,within horizon
imipenem,1.1,1.2,0.088,0.78,12,0.5,0.02,8.0,7.85,within horizon
imipenem,1.1,1.2,0.088,0.78,12,0.65,0.045,8.0,7.607,within horizon
imipenem,1.1,1.2,0.088,0.78,26,0.35,0.045,14.0,13.907,within horizon
imipenem,1.1,1.2,0.088,0.78,26,0.5,0.02,15.0,14.15,within horizon
imipenem,1.1,1.2,0.088,0.78,26,0.65,0.045,14.0,13.907,within horizon
imipenem,1.1,1.2,0.088,0.78,52,0.35,0.045,26.0,25.607,within horizon
imipenem,1.1,1.2,0.088,0.78,52,0.5,0.02,26.0,25.85,within horizon
imipenem,1.1,1.2,0.088,0.78,52,0.65,0.045,26.0,25.607,within horizon
imipenem,1.1,1.3,0.088,0.845,8,0.35,0.045,5.0,4.858,within horizon
imipenem,1.1,1.3,0.088,0.845,8,0.5,0.02,6.0,5.101,within horizon
imipenem,1.1,1.3,0.088,0.845,8,0.65,0.045,5.0,4.858,within horizon
imipenem,1.1,1.3,0.088,0.845,12,0.35,0.045,7.0,6.658,within horizon
imipenem,1.1,1.3,0.088,0.845,12,0.5,0.02,7.0,6.901,within horizon
imipenem,1.1,1.3,0.088,0.845,12,0.65,0.045,7.0,6.658,within horizon
imipenem,1.1,1.3,0.088,0.845,26,0.35,0.045,13.0,12.958,within horizon
imipenem,1.1,1.3,0.088,0.845,26,0.5,0.02,14.0,13.201,within horizon
imipenem,1.1,1.3,0.088,0.845,26,0.65,0.045,13.0,12.958,within horizon
imipenem,1.1,1.3,0.088,0.845,52,0.35,0.045,25.0,24.658,within horizon
imipenem,1.1,1.3,0.088,0.845,52,0.5,0.02,25.0,24.901,within horizon
imipenem,1.1,1.3,0.088,0.845,52,0.65,0.045,25.0,24.658,within horizon
imipenem,1.2,0.7,0.096,0.455,8,0.35,0.045,,,never
imipenem,1.2,0.7,0.096,0.455,8,0.5,0.02,,,never
imipenem,1.2,0.7,0.096,0.455,8,0.65,0.045,,,never
imipenem,1.2,0.7,0.096,0.455,12,0.35,0.045,,,never
imipenem,1.2,0.7,0.096,0.455,12,0.5,0.02,,,never
imipenem,1.2,0.7,0.096,0.455,12,0.65,0.045,,,never
imipenem,1.2,0.7,0.096,0.455,26,0.35,0.045,,,never
imipenem,1.2,0.7,0.096,0.455,26,0.5,0.02,,,never
imipenem,1.2,0.7,0.096,0.455,26,0.65,0.045,,,never
imipenem,1.2,0.7,0.096,0.455,52,0.35,0.045,,,never
imipenem,1.2,0.7,0.096,0.455,52,0.5,0.02,,,never
imipenem,1.2,0.7,0.096,0.455,52,0.65,0.045,,,never
imipenem,1.2,0.8,0.096,0.52,8,0.35,0.045,,16.619,after horizon
imipenem,1.2,0.8,0.096,0.52,8,0.5,0.02,,16.842,after horizon
imipenem,1.2,0.8,0.096,0.52,8,0.65,0.045,,16.619,after horizon
imipenem,1.2,0.8,0.096,0.52,12,0.35,0.045,,18.419,after horizon
imipenem,1.2,0.8,0.096,0.52,12,0.5,0.02,,18.642,after horizon
imipenem,1.2,0.8,0.096,0.52,12,0.65,0.045,,18.419,after horizon
imipenem,1.2,0.8,0.096,0.52,26,0.35,0.045,25.0,24.719,within horizon
imipenem,1.2,0.8,0.096,0.52,26,0.5,0.02,25.0,24.942,within horizon
imipenem,1.2,0.8,0.096,0.52,26,0.65,0.045,25.0,24.719,within horizon
imipenem,1.2,0.8,0.096,0.52,52,0.35,0.045,37.0,36.419,within horizon
imipenem,1.2,0.8,0.096,0.52,52,0.5,0.02,37.0,36.642,within horizon
imipenem,1.2,0.8,0.096,0.52,52,0.65,0.045,37.0,36.419,within horizon
imipenem,1.2,0.9,0.096,0.585,8,0.35,0.045,,10.59,after horizon
imipenem,1.2,0.9,0.096,0.585,8,0.5,0.02,,10.813,after horizon
imipenem,1.2,0.9,0.096,0.585,8,0.65,0.045,,10.59,after horizon
imipenem,1.2,0.9,0.096,0.585,12,0.35,0.045,,12.39,after horizon
imipenem,1.2,0.9,0.096,0.585,12,0.5,0.02,,12.613,after horizon
imipenem,1.2,0.9,0.096,0.585,12,0.65,0.045,,12.39,after horizon
imipenem,1.2,0.9,0.096,0.585,26,0.35,0.045,19.0,18.69,within horizon
imipenem,1.2,0.9,0.096,0.585,26,0.5,0.02,19.0,18.913,within horizon
imipenem,1.2,0.9,0.096,0.585,26,0.65,0.045,19.0,18.69,within horizon
imipenem,1.2,0.9,0.096,0.585,52,0.35,0.045,31.0,30.39,within horizon
imipenem,1.2,0.9,0.096,0.585,52,0.5,0.02,31.0,30.613,within horizon
imipenem,1.2,0.9,0.096,0.585,52,0.65,0.045,31.0,30.39,within horizon
imipenem,1.2,1.0,0.096,0.65,8,0.35,0.045,,8.224,after horizon
imipenem,1.2,1.0,0.096,0.65,8,0.5,0.02,,8.446,after horizon
imipenem,1.2,1.0,0.096,0.65,8,0.65,0.045,,8.224,after horizon
imipenem,1.2,1.0,0.096,0.65,12,0.35,0.045,11.0,10.024,within horizon
imipenem,1.2,1.0,0.096,0.65,12,0.5,0.02,11.0,10.246,within horizon
imipenem,1.2,1.0,0.096,0.65,12,0.65,0.045,11.0,10.024,within horizon
imipenem,1.2,1.0,0.096,0.65,26,0.35,0.045,17.0,16.324,within horizon
imipenem,1.2,1.0,0.096,0.65,26,0.5,0.02,17.0,16.546,within horizon
imipenem,1.2,1.0,0.096,0.65,26,0.65,0.045,17.0,16.324,within horizon
imipenem,1.2,1.0,0.096,0.65,52,0.35,0.045,29.0,28.024,within horizon
imipenem,1.2,1.0,0.096,0.65,52,0.5,0.02,29.0,28.246,within horizon
imipenem,1.2,1.0,0.096,0.65,52,0.65,0.045,29.0,28.024,within horizon
imipenem,1.2,1.1,0.096,0.715,8,0.35,0.045,7.0,6.724,within horizon
imipenem,1.2,1.1,0.096,0.715,8,0.5,0.02,7.0,6.946,within horizon
imipenem,1.2,1.1,0.096,0.715,8,0.65,0.045,7.0,6.724,within horizon
imipenem,1.2,1.1,0.096,0.715,12,0.35,0.045,9.0,8.524,within horizon
imipenem,1.2,1.1,0.096,0.715,12,0.5,0.02,9.0,8.746,within horizon
imipenem,1.2,1.1,0.096,0.715,12,0.65,0.045,9.0,8.524,within horizon
imipenem,1.2,1.1,0.096,0.715,26,0.35,0.045,15.0,14.824,within horizon
imipenem,1.2,1.1,0.096,0.715,26,0.5,0.02,16.0,15.046,within horizon
imipenem,1.2,1.1,0.096,0.715,26,0.65,0.045,15.0,14.824,within horizon
imipenem,1.2,1.1,0.096,0.715,52,0.35,0.045,27.0,26.524,within horizon
imipenem,1.2,1.1,0.096,0.715,52,0.5,0.02,27.0,26.746,within horizon
imipenem,1.2,1.1,0.096,0.715,52,0.65,0.045,27.0,26.524,within horizon
imipenem,1.2,1.2,0.096,0.78,8,0.35,0.045,6.0,5.623,within horizon
imipenem,1.2,1.2,0.096,0.78,8,0.5,0.02,6.0,5.846,within horizon
imipenem,1.2,1.2,0.096,0.78,8,0.65,0.045,6.0,5.623,within horizon
imipenem,1.2,1.2,0.096,0.78,12,0.35,0.045,8.0,7.423,within horizon
imipenem,1.2,1.2,0.096,0.78,12,0.5,0.02,8.0,7.646,within horizon
imipenem,1.2,1.2,0.096,0.78,12,0.65,0.045,8.0,7.423,within horizon
imipenem,1.2,1.2,0.096,0.78,26,0.35,0.045,14.0,13.723,within horizon
imipenem,1.2,1.2,0.096,0.78,26,0.5,0.02,14.0,13.946,within horizon
imipenem,1.2,1.2,0.096,0.78,26,0.65,0.045,14.0,13.723,within horizon
imipenem,1.2,1.2,0.096,0.78,52,0.35,0.045,26.0,25.423,within horizon
imipenem,1.2,1.2,0.096,0.78,52,0.5,0.02,26.0,25.646,within horizon
imipenem,1.2,1.2,0.096,0.78,52,0.65,0.045,26.0,25.423,within horizon
imipenem,1.2,1.3,0.096,0.845,8,0.35,0.045,5.0,4.753,within horizon
imipenem,1.2,1.3,0.096,0.845,8,0.5,0.02,5.0,4.976,within horizon
imipenem,1.2,1.3,0.096,0.845,8,0.65,0.045,5.0,4.753,within horizon
imipenem,1.2,1.3,0.096,0.845,12,0.35,0.045,7.0,6.553,within horizon
imipenem,1.2,1.3,0.096,0.845,12,0.5,0.02,7.0,6.776,within horizon
imipenem,1.2,1.3,0.096,0.845,12,0.65,0.045,7.0,6.553,within horizon
imipenem,1.2,1.3,0.096,0.845,26,0.35,0.045,13.0,12.853,within horizon
imipenem,1.2,1.3,0.096,0.845,26,0.5,0.02,14.0,13.076,within horizon
imipenem,1.2,1.3,0.096,0.845,26,0.65,0.045,13.0,12.853,within horizon
imipenem,1.2,1.3,0.096,0.845,52,0.35,0.045,25.0,24.553,within horizon
imipenem,1.2,1.3,0.096,0.845,52,0.5,0.02,25.0,24.776,within horizon
imipenem,1.2,1.3,0.096,0.845,52,0.65,0.045,25.0,24.553,within horizon
imipenem,1.3,0.7,0.104,0.455,8,0.35,0.045,,,never
imipenem,1.3,0.7,0.104,0.455,8,0.5,0.02,,,never
imipenem,1.3,0.7,0.104,0.455,8,0.65,0.045,,,never
imipenem,1.3,0.7,0.104,0.455,12,0.35,0.045,,,never
imipenem,1.3,0.7,0.104,0.455,12,0.5,0.02,,,never
imipenem,1.3,0.7,0.104,0.455,12,0.65,0.045,,,never
imipenem,1.3,0.7,0.104,0.455,26,0.35,0.045,,,never
imipenem,1.3,0.7,0.104,0.455,26,0.5,0.02,,,never
imipenem,1.3,0.7,0.104,0.455,26,0.65,0.045,,,never
imipenem,1.3,0.7,0.104,0.455,52,0.35,0.045,,,never
imipenem,1.3,0.7,0.104,0.455,52,0.5,0.02,,,never
imipenem,1.3,0.7,0.104,0.455,52,0.65,0.045,,,never
imipenem,1.3,0.8,0.104,0.52,8,0.35,0.045,,15.618,after horizon
imipenem,1.3,0.8,0.104,0.52,8,0.5,0.02,,15.823,after horizon
imipenem,1.3,0.8,0.104,0.52,8,0.65,0.045,,15.618,after horizon
imipenem,1.3,0.8,0.104,0.52,12,0.35,0.045,,17.418,after horizon
imipenem,1.3,0.8,0.104,0.52,12,0.5,0.02,,17.623,after horizon
imipenem,1.3,0.8,0.104,0.52,12,0.65,0.045,,17.418,after horizon
imipenem,1.3,0.8,0.104,0.52,26,0.35,0.045,24.0,23.718,within horizon
imipenem,1.3,0.8,0.104,0.52,26,0.5,0.02,24.0,23.923,within horizon
imipenem,1.3,0.8,0.104,0.52,26,0.65,0.045,24.0,23.718,within horizon
imipenem,1.3,0.8,0.104,0.52,52,0.35,0.045,36.0,35.418,within horizon
imipenem,1.3,0.8,0.104,0.52,52,0.5,0.02,36.0,35.623,within horizon
imipenem,1.3,0.8,0.104,0.52,52,0.65,0.045,36.0,35.418,within horizon
imipenem,1.3,0.9,0.104,0.585,8,0.35,0.045,,10.052,after horizon
imipenem,1.3,0.9,0.104,0.585,8,0.5,0.02,,10.258,after horizon
imipenem,1.3,0.9,0.104,0.585,8,0.65,0.045,,10.052,after horizon
imipenem,1.3,0.9,0.104,0.585,12,0.35,0.045,12.0,11.852,within horizon
imipenem,1.3,0.9,0.104,0.585,12,0.5,0.02,,12.058,after horizon
imipenem,1.3,0.9,0.104,0.585,12,0.65,0.045,12.0,11.852,within horizon
imipenem,1.3,0.9,0.104,0.585,26,0.35,0.045,19.0,18.152,within horizon
imipenem,1.3,0.9,0.104,0.585,26,0.5,0.02,19.0,18.358,within horizon
imipenem,1.3,0.9,0.104,0.585,26,0.65,0.045,19.0,18.152,within horizon
imipenem,1.3,0.9,0.104,0.585,52,0.35,0.045,30.0,29.852,within horizon
imipenem,1.3,0.9,0.104,0.585,52,0.5,0.02,31.0,30.058,within horizon
imipenem,1.3,0.9,0.104,0.585,52,0.65,0.045,30.0,29.852,within horizon
imipenem,1.3,1.0,0.104,0.65,8,0.35,0.045,8.0,7.868,within horizon
imipenem,1.3,1.0,0.104,0.65,8,0.5,0.02,,8.074,after horizon
imipenem,1.3,1.0,0.104,0.65,8,0.65,0.045,8.0,7.868,within horizon
imipenem,1.3,1.0,0.104,0.65,12,0.35,0.045,10.0,9.668,within horizon
imipenem,1.3,1.0,0.104,0.65,12,0.5,0.02,10.0,9.874,within horizon
imipenem,1.3,1.0,0.104,0.65,12,0.65,0.045,10.0,9.668,within horizon
imipenem,1.3,1.0,0.104,0.65,26,0.35,0.045,16.0,15.968,within horizon
imipenem,1.3,1.0,0.104,0.65,26,0.5,0.02,17.0,16.174,within horizon
imipenem,1.3,1.0,0.104,0.65,26,0.65,0.045,16.0,15.968,within horizon
imipenem,1.3,1.0,0.104,0.65,52,0.35,0.045,28.0,27.668,within horizon
imipenem,1.3,1.0,0.104,0.65,52,0.5,0.02,28.0,27.874,within horizon
imipenem,1.3,1.0,0.104,0.65,52,0.65,0.045,28.0,27.668,within horizon
imipenem,1.3,1.1,0.104,0.715,8,0.35,0.045,7.0,6.483,within horizon
imipenem,1.3,1.1,0.104,0.715,8,0.5,0.02,7.0,6.689,within horizon
imipenem,1.3,1.1,0.104,0.715,8,0.65,0.045,7.0,6.483,within horizon
imipenem,1.3,1.1,0.104,0.715,12,0.35,0.045,9.0,8.283,within horizon
imipenem,1.3,1.1,0.104,0.715,12,0.5,0.02,9.0,8.489,within horizon
imipenem,1.3,1.1,0.104,0.715,12,0.65,0.045,9.0,8.283,within horizon
imipenem,1.3,1.1,0.104,0.715,26,0.35,0.045,15.0,14.583,within horizon
imipenem,1.3,1.1,0.104,0.715,26,0.5,0.02,15.0,14.789,within horizon
imipenem,1.3,1.1,0.104,0.715,26,0.65,0.045,15.0,14.583,within horizon
imipenem,1.3,1.1,0.104,0.715,52,0.35,0.045,27.0,26.283,within horizon
imipenem,1.3,1.1,0.104,0.715,52,0.5,0.02,27.0,26.489,within horizon
imipenem,1.3,1.1,0.104,0.715,52,0.65,0.045,27.0,26.283,within horizon
imipenem,1.3,1.2,0.104,0.78,8,0.35,0.045,6.0,5.467,within horizon
imipenem,1.3,1.2,0.104,0.78,8,0.5,0.02,6.0,5.673,within horizon
imipenem,1.3,1.2,0.104,0.78,8,0.65,0.045,6.0,5.467,within horizon
imipenem,1.3,1.2,0.104,0.78,12,0.35,0.045,8.0,7.267,within horizon
imipenem,1.3,1.2,0.104,0.78,12,0.5,0.02,8.0,7.473,within horizon
imipenem,1.3,1.2,0.104,0.78,12,0.65,0.045,8.0,7.267,within horizon
imipenem,1.3,1.2,0.104,0.78,26,0.35,0.045,14.0,13.567,within horizon
imipenem,1.3,1.2,0.104,0.78,26,0.5,0.02,14.0,13.773,within horizon
imipenem,1.3,1.2,0.104,0.78,26,0.65,0.045,14.0,13.567,within horizon
imipenem,1.3,1.2,0.104,0.78,52,0.35,0.045,26.0,25.267,within horizon
imipenem,1.3,1.2,0.104,0.78,52,0.5,0.02,26.0,25.473,within horizon
imipenem,1.3,1.2,0.104,0.78,52,0.65,0.045,26.0,25.267,within horizon
imipenem,1.3,1.3,0.104,0.845,8,0.35,0.045,5.0,4.664,within horizon
imipenem,1.3,1.3,0.104,0.845,8,0.5,0.02,5.0,4.87,within horizon
imipenem,1.3,1.3,0.104,0.845,8,0.65,0.045,5.0,4.664,within horizon
imipenem,1.3,1.3,0.104,0.845,12,0.35,0.045,7.0,6.464,within horizon
imipenem,1.3,1.3,0.104,0.845,12,0.5,0.02,7.0,6.67,within horizon
imipenem,1.3,1.3,0.104,0.845,12,0.65,0.045,7.0,6.464,within horizon
imipenem,1.3,1.3,0.104,0.845,26,0.35,0.045,13.0,12.764,within horizon
imipenem,1.3,1.3,0.104,0.845,26,0.5,0.02,13.0,12.97,within horizon
imipenem,1.3,1.3,0.104,0.845,26,0.65,0.045,13.0,12.764,within horizon
imipenem,1.3,1.3,0.104,0.845,52,0.35,0.045,25.0,24.464,within horizon
imipenem,1.3,1.3,0.104,0.845,52,0.5,0.02,25.0,24.67,within horizon
imipenem,1.3,1.3,0.104,0.845,52,0.65,0.045,25.0,24.464,within horizon
trimethoprim/sulfamethoxazole,0.7,0.7,0.133,0.616,8,0.35,0.045,8.0,7.71,within horizon
trimethoprim/sulfamethoxazole,0.7,0.7,0.133,0.616,8,0.5,0.02,8.0,7.871,within horizon
trimethoprim/sulfamethoxazole,0.7,0.7,0.133,0.616,8,0.65,0.045,8.0,7.71,within horizon
trimethoprim/sulfamethoxazole,0.7,0.7,0.133,0.616,12,0.35,0.045,10.0,9.51,within horizon
trimethoprim/sulfamethoxazole,0.7,0.7,0.133,0.616,12,0.5,0.02,10.0,9.671,within horizon
trimethoprim/sulfamethoxazole,0.7,0.7,0.133,0.616,12,0.65,0.045,10.0,9.51,within horizon
trimethoprim/sulfamethoxazole,0.7,0.7,0.133,0.616,26,0.35,0.045,16.0,15.81,within horizon
trimethoprim/sulfamethoxazole,0.7,0.7,0.133,0.616,26,0.5,0.02,16.0,15.971,within horizon
trimethoprim/sulfamethoxazole,0.7,0.7,0.133,0.616,26,0.65,0.045,16.0,15.81,within horizon
trimethoprim/sulfamethoxazole,0.7,0.7,0.133,0.616,52,0.35,0.045,28.0,27.51,within horizon
trimethoprim/sulfamethoxazole,0.7,0.7,0.133,0.616,52,0.5,0.02,28.0,27.671,within horizon
trimethoprim/sulfamethoxazole,0.7,0.7,0.133,0.616,52,0.65,0.045,28.0,27.51,within horizon
trimethoprim/sulfamethoxazole,0.7,0.8,0.133,0.704,8,0.35,0.045,7.0,6.013,within horizon
trimethoprim/sulfamethoxazole,0.7,0.8,0.133,0.704,8,0.5,0.02,7.0,6.173,within horizon
trimethoprim/sulfamethoxazole,0.7,0.8,0.133,0.704,8,0.65,0.045,7.0,6.013,within horizon
trimethoprim/sulfamethoxazole,0.7,0.8,0.133,0.704,12,0.35,0.045,8.0,7.813,within horizon
trimethoprim/sulfamethoxazole,0.7,0.8,0.133,0.704,12,0.5,0.02,8.0,7.973,within horizon
trimethoprim/sulfamethoxazole,0.7,0.8,0.133,0.704,12,0.65,0.045,8.0,7.813,within horizon
trimethoprim/sulfamethoxazole,0.7,0.8,0.133,0.704,26,0.35,0.045,15.0,14.113,within horizon
trimethoprim/sulfamethoxazole,0.7,0.8,0.133,0.704,26,0.5,0.02,15.0,14.273,within horizon
trimethoprim/sulfamethoxazole,0.7,0.8,0.133,0.704,26,0.65,0.045,15.0,14.113,within horizon
trimethoprim/sulfamethoxazole,0.7,0.8,0.133,0.704,52,0.35,0.045,26.0,25.813,within horizon
trimethoprim/sulfamethoxazole,0.7,0.8,0.133,0.704,52,0.5,0.02,26.0,25.973,within horizon
trimethoprim/sulfamethoxazole,0.7,0.8,0.133,0.704,52,0.65,0.045,26.0,25.813,within horizon
trimethoprim/sulfamethoxazole,0.7,0.9,0.133,0.792,8,0.35,0.045,5.0,4.934,within horizon
trimethoprim/sulfamethoxazole,0.7,0.9,0.133,0.792,8,0.5,0.02,6.0,5.095,within horizon
trimethoprim/sulfamethoxazole,0.7,0.9,0.133,0.792,8,0.65,0.045,5.0,4.934,within horizon
trimethoprim/sulfamethoxazole,0.7,0.9,0.133,0.792,12,0.35,0.045,7.0,6.734,within horizon
trimethoprim/sulfamethoxazole,0.7,0.9,0.133,0.792,12,0.5,0.02,7.0,6.895,within horizon
trimethoprim/sulfamethoxazole,0.7,0.9,0.133,0.792,12,0.65,0.045,7.0,6.734,within horizon
trimethoprim/sulfamethoxazole,0.7,0.9,0.133,0.792,26,0.35,0.045,14.0,13.034,within horizon
trimethoprim/sulfamethoxazole,0.7,0.9,0.133,0.792,26,0.5,0.02,14.0,13.195,within horizon
trimethoprim/sulfamethoxazole,0.7,0.9,0.133,0.792,26,0.65,0.045,14.0,13.034,within horizon
trimethoprim/sulfamethoxazole,0.7,0.9,0.133,0.792,52,0.35,0.045,25.0,24.734,within horizon
trimethoprim/sulfamethoxazole,0.7,0.9,0.133,0.792,52,0.5,0.02,25.0,24.895,within horizon
trimethoprim/sulfamethoxazole,0.7,0.9,0.133,0.792,52,0.65,0.045,25.0,24.734,within horizon
trimethoprim/sulfamethoxazole,0.7,1.0,0.133,0.88,8,0.35,0.045,5.0,4.142,within horizon
trimethoprim/sulfamethoxazole,0.7,1.0,0.133,0.88,8,0.5,0.02,5.0,4.303,within horizon
trimethoprim/sulfamethoxazole,0.7,1.0,0.133,0.88,8,0.65,0.045,5.0,4.142,within horizon
trimethoprim/sulfamethoxazole,0.7,1.0,0.133,0.88,12,0.35,0.045,6.0,5.942,within horizon
trimethoprim/sulfamethoxazole,0.7,1.0,0.133,0.88,12,0.5,0.02,7.0,6.103,within horizon
trimethoprim/sulfamethoxazole,0.7,1.0,0.133,0.88,12,0.65,0.045,6.0,5.942,within horizon
trimethoprim/sulfamethoxazole,0.7,1.0,0.133,0.88,26,0.35,0.045,13.0,12.242,within horizon
trimethoprim/sulfamethoxazole,0.7,1.0,0.133,0.88,26,0.5,0.02,13.0,12.403,within horizon
trimethoprim/sulfamethoxazole,0.7,1.0,0.133,0.88,26,0.65,0.045,13.0,12.242,within horizon
trimethoprim/sulfamethoxazole,0.7,1.0,0.133,0.88,52,0.35,0.045,24.0,23.942,within horizon
trimethoprim/sulfamethoxazole,0.7,1.0,0.133,0.88,52,0.5,0.02,25.0,24.103,within horizon
trimethoprim/sulfamethoxazole,0.7,1.0,0.133,0.88,52,0.65,0.045,24.0,23.942,within horizon
trimethoprim/sulfamethoxazole,0.7,1.1,0.133,0.968,8,0.35,0.045,4.0,3.515,within horizon
trimethoprim/sulfamethoxazole,0.7,1.1,0.133,0.968,8,0.5,0.02,4.0,3.676,within horizon
trimethoprim/sulfamethoxazole,0.7,1.1,0.133,0.968,8,0.65,0.045,4.0,3.515,within horizon
trimethoprim/sulfamethoxazole,0.7,1.1,0.133,0.968,12,0.35,0.045,6.0,5.315,within horizon
trimethoprim/sulfamethoxazole,0.7,1.1,0.133,0.968,12,0.5,0.02,6.0,5.476,within horizon
trimethoprim/sulfamethoxazole,0.7,1.1,0.133,0.968,12,0.65,0.045,6.0,5.315,within horizon
trimethoprim/sulfamethoxazole,0.7,1.1,0.133,0.968,26,0.35,0.045,12.0,11.615,within horizon
trimethoprim/sulfamethoxazole,0.7,1.1,0.133,0.968,26,0.5,0.02,12.0,11.776,within horizon
trimethoprim/sulfamethoxazole,0.7,1.1,0.133,0.968,26,0.65,0.045,12.0,11.615,within horizon
trimethoprim/sulfamethoxazole,0.7,1.1,0.133,0.968,52,0.35,0.045,24.0,23.315,within horizon
trimethoprim/sulfamethoxazole,0.7,1.1,0.133,0.968,52,0.5,0.02,24.0,23.476,within horizon
trimethoprim/sulfamethoxazole,0.7,1.1,0.133,0.968,52,0.65,0.045,24.0,23.315,within horizon
trimethoprim/sulfamethoxazole,0.7,1.2,0.133,1.0,8,0.35,0.045,4.0,3.316,within horizon
trimethoprim/sulfamethoxazole,0.7,1.2,0.133,1.0,8,0.5,0.02,4.0,3.477,within horizon
trimethoprim/sulfamethoxazole,0.7,1.2,0.133,1.0,8,0.65,0.045,4.0,3.316,within horizon
trimethoprim/sulfamethoxazole,0.7,1.2,0.133,1.0,12,0.35,0.045,6.0,5.116,within horizon
trimethoprim/sulfamethoxazole,0.7,1.2,0.133,1.0,12,0.5,0.02,6.0,5.277,within horizon
trimethoprim/sulfamethoxazole,0.7,1.2,0.133,1.0,12,0.65,0.045,6.0,5.116,within horizon
trimethoprim/sulfamethoxazole,0.7,1.2,0.133,1.0,26,0.35,0.045,12.0,11.416,within horizon
trimethoprim/sulfamethoxazole,0.7,1.2,0.133,1.0,26,0.5,0.02,12.0,11.577,within horizon
trimethoprim/sulfamethoxazole,0.7,1.2,0.133,1.0,26,0.65,0.045,12.0,11.416,within horizon
trimethoprim/sulfamethoxazole,0.7,1.2,0.133,1.0,52,0.35,0.045,24.0,23.116,within horizon
trimethoprim/sulfamethoxazole,0.7,1.2,0.133,1.0,52,0.5,0.02,24.0,23.277,within horizon
trimethoprim/sulfamethoxazole,0.7,1.2,0.133,1.0,52,0.65,0.045,24.0,23.116,within horizon
trimethoprim/sulfamethoxazole,0.7,1.3,0.133,1.0,8,0.35,0.045,4.0,3.316,within horizon
trimethoprim/sulfamethoxazole,0.7,1.3,0.133,1.0,8,0.5,0.02,4.0,3.477,within horizon
trimethoprim/sulfamethoxazole,0.7,1.3,0.133,1.0,8,0.65,0.045,4.0,3.316,within horizon
trimethoprim/sulfamethoxazole,0.7,1.3,0.133,1.0,12,0.35,0.045,6.0,5.116,within horizon
trimethoprim/sulfamethoxazole,0.7,1.3,0.133,1.0,12,0.5,0.02,6.0,5.277,within horizon
trimethoprim/sulfamethoxazole,0.7,1.3,0.133,1.0,12,0.65,0.045,6.0,5.116,within horizon
trimethoprim/sulfamethoxazole,0.7,1.3,0.133,1.0,26,0.35,0.045,12.0,11.416,within horizon
trimethoprim/sulfamethoxazole,0.7,1.3,0.133,1.0,26,0.5,0.02,12.0,11.577,within horizon
trimethoprim/sulfamethoxazole,0.7,1.3,0.133,1.0,26,0.65,0.045,12.0,11.416,within horizon
trimethoprim/sulfamethoxazole,0.7,1.3,0.133,1.0,52,0.35,0.045,24.0,23.116,within horizon
trimethoprim/sulfamethoxazole,0.7,1.3,0.133,1.0,52,0.5,0.02,24.0,23.277,within horizon
trimethoprim/sulfamethoxazole,0.7,1.3,0.133,1.0,52,0.65,0.045,24.0,23.116,within horizon
trimethoprim/sulfamethoxazole,0.8,0.7,0.152,0.616,8,0.35,0.045,8.0,7.197,within horizon
trimethoprim/sulfamethoxazole,0.8,0.7,0.152,0.616,8,0.5,0.02,8.0,7.337,within horizon
trimethoprim/sulfamethoxazole,0.8,0.7,0.152,0.616,8,0.65,0.045,8.0,7.197,within horizon
trimethoprim/sulfamethoxazole,0.8,0.7,0.152,0.616,12,0.35,0.045,9.0,8.997,within horizon
trimethoprim/sulfamethoxazole,0.8,0.7,0.152,0.616,12,0.5,0.02,10.0,9.137,within horizon
trimethoprim/sulfamethoxazole,0.8,0.7,0.152,0.616,12,0.65,0.045,9.0,8.997,within horizon
trimethoprim/sulfamethoxazole,0.8,0.7,0.152,0.616,26,0.35,0.045,16.0,15.297,within horizon
trimethoprim/sulfamethoxazole,0.8,0.7,0.152,0.616,26,0.5,0.02,16.0,15.437,within horizon
trimethoprim/sulfamethoxazole,0.8,0.7,0.152,0.616,26,0.65,0.045,16.0,15.297,within horizon
trimethoprim/sulfamethoxazole,0.8,0.7,0.152,0.616,52,0.35,0.045,27.0,26.997,within horizon
trimethoprim/sulfamethoxazole,0.8,0.7,0.152,0.616,52,0.5,0.02,28.0,27.137,within horizon
trimethoprim/sulfamethoxazole,0.8,0.7,0.152,0.616,52,0.65,0.045,27.0,26.997,within horizon
trimethoprim/sulfamethoxazole,0.8,0.8,0.152,0.704,8,0.35,0.045,6.0,5.711,within horizon
trimethoprim/sulfamethoxazole,0.8,0.8,0.152,0.704,8,0.5,0.02,6.0,5.852,within horizon
trimethoprim/sulfamethoxazole,0.8,0.8,0.152,0.704,8,0.65,0.045,6.0,5.711,within horizon
trimethoprim/sulfamethoxazole,0.8,0.8,0.152,0.704,12,0.35,0.045,8.0,7.511,within horizon
trimethoprim/sulfamethoxazole,0.8,0.8,0.152,0.704,12,0.5,0.02,8.0,7.652,within horizon
trimethoprim/sulfamethoxazole,0.8,0.8,0.152,0.704,12,0.65,0.045,8.0,7.511,within horizon
trimethoprim/sulfamethoxazole,0.8,0.8,0.152,0.704,26,0.35,0.045,14.0,13.811,within horizon
trimethoprim/sulfamethoxazole,0.8,0.8,0.152,0.704,26,0.5,0.02,14.0,13.952,within horizon
trimethoprim/sulfamethoxazole,0.8,0.8,0.152,0.704,26,0.65,0.045,14.0,13.811,within horizon
trimethoprim/sulfamethoxazole,0.8,0.8,0.152,0.704,52,0.35,0.045,26.0,25.511,within horizon
trimethoprim/sulfamethoxazole,0.8,0.8,0.152,0.704,52,0.5,0.02,26.0,25.652,within horizon
trimethoprim/sulfamethoxazole,0.8,0.8,0.152,0.704,52,0.65,0.045,26.0,25.511,within horizon
trimethoprim/sulfamethoxazole,0.8,0.9,0.152,0.792,8,0.35,0.045,5.0,4.767,within horizon
trimethoprim/sulfamethoxazole,0.8,0.9,0.152,0.792,8,0.5,0.02,5.0,4.908,within horizon
trimethoprim/sulfamethoxazole,0.8,0.9,0.152,0.792,8,0.65,0.045,5.0,4.767,within horizon
trimethoprim/sulfamethoxazole,0.8,0.9,0.152,0.792,12,0.35,0.045,7.0,6.567,within horizon
trimethoprim/sulfamethoxazole,0.8,0.9,0.152,0.792,12,0.5,0.02,7.0,6.708,within horizon
trimethoprim/sulfamethoxazole,0.8,0.9,0.152,0.792,12,0.65,0.045,7.0,6.567,within horizon
trimethoprim/sulfamethoxazole,0.8,0.9,0.152,0.792,26,0.35,0.045,13.0,12.867,within horizon
trimethoprim/sulfamethoxazole,0.8,0.9,0.152,0.792,26,0.5,0.02,14.0,13.008,within horizon
trimethoprim/sulfamethoxazole,0.8,0.9,0.152,0.792,26,0.65,0.045,13.0,12.867,within horizon
trimethoprim/sulfamethoxazole,0.8,0.9,0.152,0.792,52,0.35,0.045,25.0,24.567,within horizon
trimethoprim/sulfamethoxazole,0.8,0.9,0.152,0.792,52,0.5,0.02,25.0,24.708,within horizon
trimethoprim/sulfamethoxazole,0.8,0.9,0.152,0.792,52,0.65,0.045,25.0,24.567,within horizon
trimethoprim/sulfamethoxazole,0.8,1.0,0.152,0.88,8,0.35,0.045,5.0,4.074,within horizon
trimethoprim/sulfamethoxazole,0.8,1.0,0.152,0.88,8,0.5,0.02,5.0,4.215,within horizon
trimethoprim/sulfamethoxazole,0.8,1.0,0.152,0.88,8,0.65,0.045,5.0,4.074,within horizon
trimethoprim/sulfamethoxazole,0.8,1.0,0.152,0.88,12,0.35,0.045,6.0,5.874,within horizon
trimethoprim/sulfamethoxazole,0.8,1.0,0.152,0.88,12,0.5,0.02,7.0,6.015,within horizon
trimethoprim/sulfamethoxazole,0.8,1.0,0.152,0.88,12,0.65,0.045,6.0,5.874,within horizon
trimethoprim/sulfamethoxazole,0.8,1.0,0.152,0.88,26,0.35,0.045,13.0,12.174,within horizon
trimethoprim/sulfamethoxazole,0.8,1.0,0.152,0.88,26,0.5,0.02,13.0,12.315,within horizon
trimethoprim/sulfamethoxazole,0.8,1.0,0.152,0.88,26,0.65,0.045,13.0,12.174,within horizon
trimethoprim/sulfamethoxazole,0.8,1.0,0.152,0.88,52,0.35,0.045,24.0,23.874,within horizon
trimethoprim/sulfamethoxazole,0.8,1.0,0.152,0.88,52,0.5,0.02,25.0,24.015,within horizon
trimethoprim/sulfamethoxazole,0.8,1.0,0.152,0.88,52,0.65,0.045,24.0,23.874,within horizon
trimethoprim/sulfamethoxazole,0.8,1.1,0.152,0.968,8,0.35,0.045,4.0,3.526,within horizon
trimethoprim/sulfamethoxazole,0.8,1.1,0.152,0.968,8,0.5,0.02,4.0,3.667,within horizon
trimethoprim/sulfamethoxazole,0.8,1.1,0.152,0.968,8,0.65,0.045,4.0,3.526,within horizon
trimethoprim/sulfamethoxazole,0.8,1.1,0.152,0.968,12,0.35,0.045,6.0,5.326,within horizon
trimethoprim/sulfamethoxazole,0.8,1.1,0.152,0.968,12,0.5,0.02,6.0,5.467,within horizon
trimethoprim/sulfamethoxazole,0.8,1.1,0.152,0.968,12,0.65,0.045,6.0,5.326,within horizon
trimethoprim/sulfamethoxazole,0.8,1.1,0.152,0.968,26,0.35,0.045,12.0,11.626,within horizon
trimethoprim/sulfamethoxazole,0.8,1.1,0.152,0.968,26,0.5,0.02,12.0,11.767,within horizon
trimethoprim/sulfamethoxazole,0.8,1.1,0.152,0.968,26,0.65,0.045,12.0,11.626,within horizon
trimethoprim/sulfamethoxazole,0.8,1.1,0.152,0.968,52,0.35,0.045,24.0,23.326,within horizon
trimethoprim/sulfamethoxazole,0.8,1.1,0.152,0.968,52,0.5,0.02,24.0,23.467,within horizon
trimethoprim/sulfamethoxazole,0.8,1.1,0.152,0.968,52,0.65,0.045,24.0,23.326,within horizon
trimethoprim/sulfamethoxazole,0.8,1.2,0.152,1.0,8,0.35,0.045,4.0,3.352,within horizon
trimethoprim/sulfamethoxazole,0.8,1.2,0.152,1.0,8,0.5,0.02,4.0,3.493,within horizon
trimethoprim/sulfamethoxazole,0.8,1.2,0.152,1.0,8,0.65,0.045,4.0,3.352,within horizon
trimethoprim/sulfamethoxazole,0.8,1.2,0.152,1.0,12,0.35,0.045,6.0,5.152,within horizon
trimethoprim/sulfamethoxazole,0.8,1.2,0.152,1.0,12,0.5,0.02,6.0,5.293,within horizon
trimethoprim/sulfamethoxazole,0.8,1.2,0.152,1.0,12,0.65,0.045,6.0,5.152,within horizon
trimethoprim/sulfamethoxazole,0.8,1.2,0.152,1.0,26,0.35,0.045,12.0,11.452,within horizon
trimethoprim/sulfamethoxazole,0.8,1.2,0.152,1.0,26,0.5,0.02,12.0,11.593,within horizon
trimethoprim/sulfamethoxazole,0.8,1.2,0.152,1.0,26,0.65,0.045,12.0,11.452,within horizon
trimethoprim/sulfamethoxazole,0.8,1.2,0.152,1.0,52,0.35,0.045,24.0,23.152,within horizon
trimethoprim/sulfamethoxazole,0.8,1.2,0.152,1.0,52,0.5,0.02,24.0,23.293,within horizon
trimethoprim/sulfamethoxazole,0.8,1.2,0.152,1.0,52,0.65,0.045,24.0,23.152,within horizon
trimethoprim/sulfamethoxazole,0.8,1.3,0.152,1.0,8,0.35,0.045,4.0,3.352,within horizon
trimethoprim/sulfamethoxazole,0.8,1.3,0.152,1.0,8,0.5,0.02,4.0,3.493,within horizon
trimethoprim/sulfamethoxazole,0.8,1.3,0.152,1.0,8,0.65,0.045,4.0,3.352,within horizon
trimethoprim/sulfamethoxazole,0.8,1.3,0.152,1.0,12,0.35,0.045,6.0,5.152,within horizon
trimethoprim/sulfamethoxazole,0.8,1.3,0.152,1.0,12,0.5,0.02,6.0,5.293,within horizon
trimethoprim/sulfamethoxazole,0.8,1.3,0.152,1.0,12,0.65,0.045,6.0,5.152,within horizon
trimethoprim/sulfamethoxazole,0.8,1.3,0.152,1.0,26,0.35,0.045,12.0,11.452,within horizon
trimethoprim/sulfamethoxazole,0.8,1.3,0.152,1.0,26,0.5,0.02,12.0,11.593,within horizon
trimethoprim/sulfamethoxazole,0.8,1.3,0.152,1.0,26,0.65,0.045,12.0,11.452,within horizon
trimethoprim/sulfamethoxazole,0.8,1.3,0.152,1.0,52,0.35,0.045,24.0,23.152,within horizon
trimethoprim/sulfamethoxazole,0.8,1.3,0.152,1.0,52,0.5,0.02,24.0,23.293,within horizon
trimethoprim/sulfamethoxazole,0.8,1.3,0.152,1.0,52,0.65,0.045,24.0,23.152,within horizon
trimethoprim/sulfamethoxazole,0.9,0.7,0.171,0.616,8,0.35,0.045,7.0,6.797,within horizon
trimethoprim/sulfamethoxazole,0.9,0.7,0.171,0.616,8,0.5,0.02,7.0,6.922,within horizon
trimethoprim/sulfamethoxazole,0.9,0.7,0.171,0.616,8,0.65,0.045,7.0,6.797,within horizon
trimethoprim/sulfamethoxazole,0.9,0.7,0.171,0.616,12,0.35,0.045,9.0,8.597,within horizon
trimethoprim/sulfamethoxazole,0.9,0.7,0.171,0.616,12,0.5,0.02,9.0,8.722,within horizon
trimethoprim/sulfamethoxazole,0.9,0.7,0.171,0.616,12,0.65,0.045,9.0,8.597,within horizon
trimethoprim/sulfamethoxazole,0.9,0.7,0.171,0.616,26,0.35,0.045,15.0,14.897,within horizon
trimethoprim/sulfamethoxazole,0.9,0.7,0.171,0.616,26,0.5,0.02,16.0,15.022,within horizon
trimethoprim/sulfamethoxazole,0.9,0.7,0.171,0.616,26,0.65,0.045,15.0,14.897,within horizon
trimethoprim/sulfamethoxazole,0.9,0.7,0.171,0.616,52,0.35,0.045,27.0,26.597,within horizon
trimethoprim/sulfamethoxazole,0.9,0.7,0.171,0.616,52,0.5,0.02,27.0,26.722,within horizon
trimethoprim/sulfamethoxazole,0.9,0.7,0.171,0.616,52,0.65,0.045,27.0,26.597,within horizon
trimethoprim/sulfamethoxazole,0.9,0.8,0.171,0.704,8,0.35,0.045,6.0,5.476,within horizon
trimethoprim/sulfamethoxazole,0.9,0.8,0.171,0.704,8,0.5,0.02,6.0,5.602,within horizon
trimethoprim/sulfamethoxazole,0.9,0.8,0.171,0.704,8,0.65,0.045,6.0,5.476,within horizon
trimethoprim/sulfamethoxazole,0.9,0.8,0.171,0.704,12,0.35,0.045,8.0,7.276,within horizon
trimethoprim/sulfamethoxazole,0.9,0.8,0.171,0.704,12,0.5,0.02,8.0,7.402,within horizon
trimethoprim/sulfamethoxazole,0.9,0.8,0.171,0.704,12,0.65,0.045,8.0,7.276,within horizon
trimethoprim/sulfamethoxazole,0.9,0.8,0.171,0.704,26,0.35,0.045,14.0,13.576,within horizon
trimethoprim/sulfamethoxazole,0.9,0.8,0.171,0.704,26,0.5,0.02,14.0,13.702,within horizon
trimethoprim/sulfamethoxazole,0.9,0.8,0.171,0.704,26,0.65,0.045,14.0,13.576,within horizon
trimethoprim/sulfamethoxazole,0.9,0.8,0.171,0.704,52,0.35,0.045,26.0,25.276,within horizon
trimethoprim/sulfamethoxazole,0.9,0.8,0.171,0.704,52,0.5,0.02,26.0,25.402,within horizon
trimethoprim/sulfamethoxazole,0.9,0.8,0.171,0.704,52,0.65,0.045,26.0,25.276,within horizon
trimethoprim/sulfamethoxazole,0.9,0.9,0.171,0.792,8,0.35,0.045,5.0,4.638,within horizon
trimethoprim/sulfamethoxazole,0.9,0.9,0.171,0.792,8,0.5,0.02,5.0,4.763,within horizon
trimethoprim/sulfamethoxazole,0.9,0.9,0.171,0.792,8,0.65,0.045,5.0,4.638,within horizon
trimethoprim/sulfamethoxazole,0.9,0.9,0.171,0.792,12,0.35,0.045,7.0,6.438,within horizon
trimethoprim/sulfamethoxazole,0.9,0.9,0.171,0.792,12,0.5,0.02,7.0,6.563,within horizon
trimethoprim/sulfamethoxazole,0.9,0.9,0.171,0.792,12,0.65,0.045,7.0,6.438,within horizon
trimethoprim/sulfamethoxazole,0.9,0.9,0.171,0.792,26,0.35,0.045,13.0,12.738,within horizon
trimethoprim/sulfamethoxazole,0.9,0.9,0.171,0.792,26,0.5,0.02,13.0,12.863,within horizon
trimethoprim/sulfamethoxazole,0.9,0.9,0.171,0.792,26,0.65,0.045,13.0,12.738,within horizon
trimethoprim/sulfamethoxazole,0.9,0.9,0.171,0.792,52,0.35,0.045,25.0,24.438,within horizon
trimethoprim/sulfamethoxazole,0.9,0.9,0.171,0.792,52,0.5,0.02,25.0,24.563,within horizon
trimethoprim/sulfamethoxazole,0.9,0.9,0.171,0.792,52,0.65,0.045,25.0,24.438,within horizon
trimethoprim/sulfamethoxazole,0.9,1.0,0.171,0.88,8,0.35,0.045,5.0,4.021,within horizon
trimethoprim/sulfamethoxazole,0.9,1.0,0.171,0.88,8,0.5,0.02,5.0,4.146,within horizon
trimethoprim/sulfamethoxazole,0.9,1.0,0.171,0.88,8,0.65,0.045,5.0,4.021,within horizon
trimethoprim/sulfamethoxazole,0.9,1.0,0.171,0.88,12,0.35,0.045,6.0,5.821,within horizon
trimethoprim/sulfamethoxazole,0.9,1.0,0.171,0.88,12,0.5,0.02,6.0,5.946,within horizon
trimethoprim/sulfamethoxazole,0.9,1.0,0.171,0.88,12,0.65,0.045,6.0,5.821,within horizon
trimethoprim/sulfamethoxazole,0.9,1.0,0.171,0.88,26,0.35,0.045,13.0,12.121,within horizon
trimethoprim/sulfamethoxazole,0.9,1.0,0.171,0.88,26,0.5,0.02,13.0,12.246,within horizon
trimethoprim/sulfamethoxazole,0.9,1.0,0.171,0.88,26,0.65,0.045,13.0,12.121,within horizon
trimethoprim/sulfamethoxazole,0.9,1.0,0.171,0.88,52,0.35,0.045,24.0,23.821,within horizon
trimethoprim/sulfamethoxazole,0.9,1.0,0.171,0.88,52,0.5,0.02,24.0,23.946,within horizon
trimethoprim/sulfamethoxazole,0.9,1.0,0.171,0.88,52,0.65,0.045,24.0,23.821,within horizon
trimethoprim/sulfamethoxazole,0.9,1.1,0.171,0.968,8,0.35,0.045,4.0,3.534,within horizon
trimethoprim/sulfamethoxazole,0.9,1.1,0.171,0.968,8,0.5,0.02,4.0,3.659,within horizon
trimethoprim/sulfamethoxazole,0.9,1.1,0.171,0.968,8,0.65,0.045,4.0,3.534,within horizon
trimethoprim/sulfamethoxazole,0.9,1.1,0.171,0.968,12,0.35,0.045,6.0,5.334,within horizon
trimethoprim/sulfamethoxazole,0.9,1.1,0.171,0.968,12,0.5,0.02,6.0,5.459,within horizon
trimethoprim/sulfamethoxazole,0.9,1.1,0.171,0.968,12,0.65,0.045,6.0,5.334,within horizon
trimethoprim/sulfamethoxazole,0.9,1.1,0.171,0.968,26,0.35,0.045,12.0,11.634,within horizon
trimethoprim/sulfamethoxazole,0.9,1.1,0.171,0.968,26,0.5,0.02,12.0,11.759,within horizon
trimethoprim/sulfamethoxazole,0.9,1.1,0.171,0.968,26,0.65,0.045,12.0,11.634,within horizon
trimethoprim/sulfamethoxazole,0.9,1.1,0.171,0.968,52,0.35,0.045,24.0,23.334,within horizon
trimethoprim/sulfamethoxazole,0.9,1.1,0.171,0.968,52,0.5,0.02,24.0,23.459,within horizon
trimethoprim/sulfamethoxazole,0.9,1.1,0.171,0.968,52,0.65,0.045,24.0,23.334,within horizon
trimethoprim/sulfamethoxazole,0.9,1.2,0.171,1.0,8,0.35,0.045,4.0,3.379,within horizon
trimethoprim/sulfamethoxazole,0.9,1.2,0.171,1.0,8,0.5,0.02,4.0,3.505,within horizon
trimethoprim/sulfamethoxazole,0.9,1.2,0.171,1.0,8,0.65,0.045,4.0,3.379,within horizon
trimethoprim/sulfamethoxazole,0.9,1.2,0.171,1.0,12,0.35,0.045,6.0,5.179,within horizon
trimethoprim/sulfamethoxazole,0.9,1.2,0.171,1.0,12,0.5,0.02,6.0,5.305,within horizon
trimethoprim/sulfamethoxazole,0.9,1.2,0.171,1.0,12,0.65,0.045,6.0,5.179,within horizon
trimethoprim/sulfamethoxazole,0.9,1.2,0.171,1.0,26,0.35,0.045,12.0,11.479,within horizon
trimethoprim/sulfamethoxazole,0.9,1.2,0.171,1.0,26,0.5,0.02,12.0,11.605,within horizon
trimethoprim/sulfamethoxazole,0.9,1.2,0.171,1.0,26,0.65,0.045,12.0,11.479,within horizon
trimethoprim/sulfamethoxazole,0.9,1.2,0.171,1.0,52,0.35,0.045,24.0,23.179,within horizon
trimethoprim/sulfamethoxazole,0.9,1.2,0.171,1.0,52,0.5,0.02,24.0,23.305,within horizon
trimethoprim/sulfamethoxazole,0.9,1.2,0.171,1.0,52,0.65,0.045,24.0,23.179,within horizon
trimethoprim/sulfamethoxazole,0.9,1.3,0.171,1.0,8,0.35,0.045,4.0,3.379,within horizon
trimethoprim/sulfamethoxazole,0.9,1.3,0.171,1.0,8,0.5,0.02,4.0,3.505,within horizon
trimethoprim/sulfamethoxazole,0.9,1.3,0.171,1.0,8,0.65,0.045,4.0,3.379,within horizon
trimethoprim/sulfamethoxazole,0.9,1.3,0.171,1.0,12,0.35,0.045,6.0,5.179,within horizon
trimethoprim/sulfamethoxazole,0.9,1.3,0.171,1.0,12,0.5,0.02,6.0,5.305,within horizon
trimethoprim/sulfamethoxazole,0.9,1.3,0.171,1.0,12,0.65,0.045,6.0,5.179,within horizon
trimethoprim/sulfamethoxazole,0.9,1.3,0.171,1.0,26,0.35,0.045,12.0,11.479,within horizon
trimethoprim/sulfamethoxazole,0.9,1.3,0.171,1.0,26,0.5,0.02,12.0,11.605,within horizon
trimethoprim/sulfamethoxazole,0.9,1.3,0.171,1.0,26,0.65,0.045,12.0,11.479,within horizon
trimethoprim/sulfamethoxazole,0.9,1.3,0.171,1.0,52,0.35,0.045,24.0,23.179,within horizon
trimethoprim/sulfamethoxazole,0.9,1.3,0.171,1.0,52,0.5,0.02,24.0,23.305,within horizon
trimethoprim/sulfamethoxazole,0.9,1.3,0.171,1.0,52,0.65,0.045,24.0,23.179,within horizon
trimethoprim/sulfamethoxazole,1.0,0.7,0.19,0.616,8,0.35,0.045,7.0,6.477,within horizon
trimethoprim/sulfamethoxazole,1.0,0.7,0.19,0.616,8,0.5,0.02,7.0,6.59,within horizon
trimethoprim/sulfamethoxazole,1.0,0.7,0.19,0.616,8,0.65,0.045,7.0,6.477,within horizon
trimethoprim/sulfamethoxazole,1.0,0.7,0.19,0.616,12,0.35,0.045,9.0,8.277,within horizon
trimethoprim/sulfamethoxazole,1.0,0.7,0.19,0.616,12,0.5,0.02,9.0,8.39,within horizon
trimethoprim/sulfamethoxazole,1.0,0.7,0.19,0.616,12,0.65,0.045,9.0,8.277,within horizon
trimethoprim/sulfamethoxazole,1.0,0.7,0.19,0.616,26,0.35,0.045,15.0,14.577,within horizon
trimethoprim/sulfamethoxazole,1.0,0.7,0.19,0.616,26,0.5,0.02,15.0,14.69,within horizon
trimethoprim/sulfamethoxazole,1.0,0.7,0.19,0.616,26,0.65,0.045,15.0,14.577,within horizon
trimethoprim/sulfamethoxazole,1.0,0.7,0.19,0.616,52,0.35,0.045,27.0,26.277,within horizon
trimethoprim/sulfamethoxazole,1.0,0.7,0.19,0.616,52,0.5,0.02,27.0,26.39,within horizon
trimethoprim/sulfamethoxazole,1.0,0.7,0.19,0.616,52,0.65,0.045,27.0,26.277,within horizon
trimethoprim/sulfamethoxazole,1.0,0.8,0.19,0.704,8,0.35,0.045,6.0,5.289,within horizon
trimethoprim/sulfamethoxazole,1.0,0.8,0.19,0.704,8,0.5,0.02,6.0,5.401,within horizon
trimethoprim/sulfamethoxazole,1.0,0.8,0.19,0.704,8,0.65,0.045,6.0,5.289,within horizon
trimethoprim/sulfamethoxazole,1.0,0.8,0.19,0.704,12,0.35,0.045,8.0,7.089,within horizon
trimethoprim/sulfamethoxazole,1.0,0.8,0.19,0.704,12,0.5,0.02,8.0,7.201,within horizon
trimethoprim/sulfamethoxazole,1.0,0.8,0.19,0.704,12,0.65,0.045,8.0,7.089,within horizon
trimethoprim/sulfamethoxazole,1.0,0.8,0.19,0.704,26,0.35,0.045,14.0,13.389,within horizon
trimethoprim/sulfamethoxazole,1.0,0.8,0.19,0.704,26,0.5,0.02,14.0,13.501,within horizon
trimethoprim/sulfamethoxazole,1.0,0.8,0.19,0.704,26,0.65,0.045,14.0,13.389,within horizon
trimethoprim/sulfamethoxazole,1.0,0.8,0.19,0.704,52,0.35,0.045,26.0,25.089,within horizon
trimethoprim/sulfamethoxazole,1.0,0.8,0.19,0.704,52,0.5,0.02,26.0,25.201,within horizon
trimethoprim/sulfamethoxazole,1.0,0.8,0.19,0.704,52,0.65,0.045,26.0,25.089,within horizon
trimethoprim/sulfamethoxazole,1.0,0.9,0.19,0.792,8,0.35,0.045,5.0,4.534,within horizon
trimethoprim/sulfamethoxazole,1.0,0.9,0.19,0.792,8,0.5,0.02,5.0,4.646,within horizon
trimethoprim/sulfamethoxazole,1.0,0.9,0.19,0.792,8,0.65,0.045,5.0,4.534,within horizon
trimethoprim/sulfamethoxazole,1.0,0.9,0.19,0.792,12,0.35,0.045,7.0,6.334,within horizon
trimethoprim/sulfamethoxazole,1.0,0.9,0.19,0.792,12,0.5,0.02,7.0,6.446,within horizon
trimethoprim/sulfamethoxazole,1.0,0.9,0.19,0.792,12,0.65,0.045,7.0,6.334,within horizon
trimethoprim/sulfamethoxazole,1.0,0.9,0.19,0.792,26,0.35,0.045,13.0,12.634,within horizon
trimethoprim/sulfamethoxazole,1.0,0.9,0.19,0.792,26,0.5,0.02,13.0,12.746,within horizon
trimethoprim/sulfamethoxazole,1.0,0.9,0.19,0.792,26,0.65,0.045,13.0,12.634,within horizon
trimethoprim/sulfamethoxazole,1.0,0.9,0.19,0.792,52,0.35,0.045,25.0,24.334,within horizon
trimethoprim/sulfamethoxazole,1.0,0.9,0.19,0.792,52,0.5,0.02,25.0,24.446,within horizon
trimethoprim/sulfamethoxazole,1.0,0.9,0.19,0.792,52,0.65,0.045,25.0,24.334,within horizon
trimethoprim/sulfamethoxazole,1.0,1.0,0.19,0.88,8,0.35,0.045,4.0,3.979,within horizon
trimethoprim/sulfamethoxazole,1.0,1.0,0.19,0.88,8,0.5,0.02,5.0,4.092,within horizon
trimethoprim/sulfamethoxazole,1.0,1.0,0.19,0.88,8,0.65,0.045,4.0,3.979,within horizon
trimethoprim/sulfamethoxazole,1.0,1.0,0.19,0.88,12,0.35,0.045,6.0,5.779,within horizon
trimethoprim/sulfamethoxazole,1.0,1.0,0.19,0.88,12,0.5,0.02,6.0,5.892,within horizon
trimethoprim/sulfamethoxazole,1.0,1.0,0.19,0.88,12,0.65,0.045,6.0,5.779,within horizon
trimethoprim/sulfamethoxazole,1.0,1.0,0.19,0.88,26,0.35,0.045,13.0,12.079,within horizon
trimethoprim/sulfamethoxazole,1.0,1.0,0.19,0.88,26,0.5,0.02,13.0,12.192,within horizon
trimethoprim/sulfamethoxazole,1.0,1.0,0.19,0.88,26,0.65,0.045,13.0,12.079,within horizon
trimethoprim/sulfamethoxazole,1.0,1.0,0.19,0.88,52,0.35,0.045,24.0,23.779,within horizon
trimethoprim/sulfamethoxazole,1.0,1.0,0.19,0.88,52,0.5,0.02,24.0,23.892,within horizon
trimethoprim/sulfamethoxazole,1.0,1.0,0.19,0.88,52,0.65,0.045,24.0,23.779,within horizon
trimethoprim/sulfamethoxazole,1.0,1.1,0.19,0.968,8,0.35,0.045,4.0,3.541,within horizon
trimethoprim/sulfamethoxazole,1.0,1.1,0.19,0.968,8,0.5,0.02,4.0,3.653,within horizon
trimethoprim/sulfamethoxazole,1.0,1.1,0.19,0.968,8,0.65,0.045,4.0,3.541,within horizon
trimethoprim/sulfamethoxazole,1.0,1.1,0.19,0.968,12,0.35,0.045,6.0,5.341,within horizon
trimethoprim/sulfamethoxazole,1.0,1.1,0.19,0.968,12,0.5,0.02,6.0,5.453,within horizon
trimethoprim/sulfamethoxazole,1.0,1.1,0.19,0.968,12,0.65,0.045,6.0,5.341,within horizon
trimethoprim/sulfamethoxazole,1.0,1.1,0.19,0.968,26,0.35,0.045,12.0,11.641,within horizon
trimethoprim/sulfamethoxazole,1.0,1.1,0.19,0.968,26,0.5,0.02,12.0,11.753,within horizon
trimethoprim/sulfamethoxazole,1.0,1.1,0.19,0.968,26,0.65,0.045,12.0,11.641,within horizon
trimethoprim/sulfamethoxazole,1.0,1.1,0.19,0.968,52,0.35,0.045,24.0,23.341,within horizon
trimethoprim/sulfamethoxazole,1.0,1.1,0.19,0.968,52,0.5,0.02,24.0,23.453,within horizon
trimethoprim/sulfamethoxazole,1.0,1.1,0.19,0.968,52,0.65,0.045,24.0,23.341,within horizon
trimethoprim/sulfamethoxazole,1.0,1.2,0.19,1.0,8,0.35,0.045,4.0,3.401,within horizon
trimethoprim/sulfamethoxazole,1.0,1.2,0.19,1.0,8,0.5,0.02,4.0,3.514,within horizon
trimethoprim/sulfamethoxazole,1.0,1.2,0.19,1.0,8,0.65,0.045,4.0,3.401,within horizon
trimethoprim/sulfamethoxazole,1.0,1.2,0.19,1.0,12,0.35,0.045,6.0,5.201,within horizon
trimethoprim/sulfamethoxazole,1.0,1.2,0.19,1.0,12,0.5,0.02,6.0,5.314,within horizon
trimethoprim/sulfamethoxazole,1.0,1.2,0.19,1.0,12,0.65,0.045,6.0,5.201,within horizon
trimethoprim/sulfamethoxazole,1.0,1.2,0.19,1.0,26,0.35,0.045,12.0,11.501,within horizon
trimethoprim/sulfamethoxazole,1.0,1.2,0.19,1.0,26,0.5,0.02,12.0,11.614,within horizon
trimethoprim/sulfamethoxazole,1.0,1.2,0.19,1.0,26,0.65,0.045,12.0,11.501,within horizon
trimethoprim/sulfamethoxazole,1.0,1.2,0.19,1.0,52,0.35,0.045,24.0,23.201,within horizon
trimethoprim/sulfamethoxazole,1.0,1.2,0.19,1.0,52,0.5,0.02,24.0,23.314,within horizon
trimethoprim/sulfamethoxazole,1.0,1.2,0.19,1.0,52,0.65,0.045,24.0,23.201,within horizon
trimethoprim/sulfamethoxazole,1.0,1.3,0.19,1.0,8,0.35,0.045,4.0,3.401,within horizon
trimethoprim/sulfamethoxazole,1.0,1.3,0.19,1.0,8,0.5,0.02,4.0,3.514,within horizon
trimethoprim/sulfamethoxazole,1.0,1.3,0.19,1.0,8,0.65,0.045,4.0,3.401,within horizon
trimethoprim/sulfamethoxazole,1.0,1.3,0.19,1.0,12,0.35,0.045,6.0,5.201,within horizon
trimethoprim/sulfamethoxazole,1.0,1.3,0.19,1.0,12,0.5,0.02,6.0,5.314,within horizon
trimethoprim/sulfamethoxazole,1.0,1.3,0.19,1.0,12,0.65,0.045,6.0,5.201,within horizon
trimethoprim/sulfamethoxazole,1.0,1.3,0.19,1.0,26,0.35,0.045,12.0,11.501,within horizon
trimethoprim/sulfamethoxazole,1.0,1.3,0.19,1.0,26,0.5,0.02,12.0,11.614,within horizon
trimethoprim/sulfamethoxazole,1.0,1.3,0.19,1.0,26,0.65,0.045,12.0,11.501,within horizon
trimethoprim/sulfamethoxazole,1.0,1.3,0.19,1.0,52,0.35,0.045,24.0,23.201,within horizon
trimethoprim/sulfamethoxazole,1.0,1.3,0.19,1.0,52,0.5,0.02,24.0,23.314,within horizon
trimethoprim/sulfamethoxazole,1.0,1.3,0.19,1.0,52,0.65,0.045,24.0,23.201,within horizon
trimethoprim/sulfamethoxazole,1.1,0.7,0.209,0.616,8,0.35,0.045,7.0,6.216,within horizon
trimethoprim/sulfamethoxazole,1.1,0.7,0.209,0.616,8,0.5,0.02,7.0,6.318,within horizon
trimethoprim/sulfamethoxazole,1.1,0.7,0.209,0.616,8,0.65,0.045,7.0,6.216,within horizon
trimethoprim/sulfamethoxazole,1.1,0.7,0.209,0.616,12,0.35,0.045,9.0,8.016,within horizon
trimethoprim/sulfamethoxazole,1.1,0.7,0.209,0.616,12,0.5,0.02,9.0,8.118,within horizon
trimethoprim/sulfamethoxazole,1.1,0.7,0.209,0.616,12,0.65,0.045,9.0,8.016,within horizon
trimethoprim/sulfamethoxazole,1.1,0.7,0.209,0.616,26,0.35,0.045,15.0,14.316,within horizon
trimethoprim/sulfamethoxazole,1.1,0.7,0.209,0.616,26,0.5,0.02,15.0,14.418,within horizon
trimethoprim/sulfamethoxazole,1.1,0.7,0.209,0.616,26,0.65,0.045,15.0,14.316,within horizon
trimethoprim/sulfamethoxazole,1.1,0.7,0.209,0.616,52,0.35,0.045,27.0,26.016,within horizon
trimethoprim/sulfamethoxazole,1.1,0.7,0.209,0.616,52,0.5,0.02,27.0,26.118,within horizon
trimethoprim/sulfamethoxazole,1.1,0.7,0.209,0.616,52,0.65,0.045,27.0,26.016,within horizon
trimethoprim/sulfamethoxazole,1.1,0.8,0.209,0.704,8,0.35,0.045,6.0,5.135,within horizon
trimethoprim/sulfamethoxazole,1.1,0.8,0.209,0.704,8,0.5,0.02,6.0,5.238,within horizon
trimethoprim/sulfamethoxazole,1.1,0.8,0.209,0.704,8,0.65,0.045,6.0,5.135,within horizon
trimethoprim/sulfamethoxazole,1.1,0.8,0.209,0.704,12,0.35,0.045,7.0,6.935,within horizon
trimethoprim/sulfamethoxazole,1.1,0.8,0.209,0.704,12,0.5,0.02,8.0,7.038,within horizon
trimethoprim/sulfamethoxazole,1.1,0.8,0.209,0.704,12,0.65,0.045,7.0,6.935,within horizon
trimethoprim/sulfamethoxazole,1.1,0.8,0.209,0.704,26,0.35,0.045,14.0,13.235,within horizon
trimethoprim/sulfamethoxazole,1.1,0.8,0.209,0.704,26,0.5,0.02,14.0,13.338,within horizon
trimethoprim/sulfamethoxazole,1.1,0.8,0.209,0.704,26,0.65,0.045,14.0,13.235,within horizon
trimethoprim/sulfamethoxazole,1.1,0.8,0.209,0.704,52,0.35,0.045,25.0,24.935,within horizon
trimethoprim/sulfamethoxazole,1.1,0.8,0.209,0.704,52,0.5,0.02,26.0,25.038,within horizon
trimethoprim/sulfamethoxazole,1.1,0.8,0.209,0.704,52,0.65,0.045,25.0,24.935,within horizon
trimethoprim/sulfamethoxazole,1.1,0.9,0.209,0.792,8,0.35,0.045,5.0,4.449,within horizon
trimethoprim/sulfamethoxazole,1.1,0.9,0.209,0.792,8,0.5,0.02,5.0,4.551,within horizon
trimethoprim/sulfamethoxazole,1.1,0.9,0.209,0.792,8,0.65,0.045,5.0,4.449,within horizon
trimethoprim/sulfamethoxazole,1.1,0.9,0.209,0.792,12,0.35,0.045,7.0,6.249,within horizon
trimethoprim/sulfamethoxazole,1.1,0.9,0.209,0.792,12,0.5,0.02,7.0,6.351,within horizon
trimethoprim/sulfamethoxazole,1.1,0.9,0.209,0.792,12,0.65,0.045,7.0,6.249,within horizon
trimethoprim/sulfamethoxazole,1.1,0.9,0.209,0.792,26,0.35,0.045,13.0,12.549,within horizon
trimethoprim/sulfamethoxazole,1.1,0.9,0.209,0.792,26,0.5,0.02,13.0,12.651,within horizon
trimethoprim/sulfamethoxazole,1.1,0.9,0.209,0.792,26,0.65,0.045,13.0,12.549,within horizon
trimethoprim/sulfamethoxazole,1.1,0.9,0.209,0.792,52,0.35,0.045,25.0,24.249,within horizon
trimethoprim/sulfamethoxazole,1.1,0.9,0.209,0.792,52,0.5,0.02,25.0,24.351,within horizon
trimethoprim/sulfamethoxazole,1.1,0.9,0.209,0.792,52,0.65,0.045,25.0,24.249,within horizon
trimethoprim/sulfamethoxazole,1.1,1.0,0.209,0.88,8,0.35,0.045,4.0,3.945,within horizon
trimethoprim/sulfamethoxazole,1.1,1.0,0.209,0.88,8,0.5,0.02,5.0,4.047,within horizon
trimethoprim/sulfamethoxazole,1.1,1.0,0.209,0.88,8,0.65,0.045,4.0,3.945,within horizon
trimethoprim/sulfamethoxazole,1.1,1.0,0.209,0.88,12,0.35,0.045,6.0,5.745,within horizon
trimethoprim/sulfamethoxazole,1.1,1.0,0.209,0.88,12,0.5,0.02,6.0,5.847,within horizon
trimethoprim/sulfamethoxazole,1.1,1.0,0.209,0.88,12,0.65,0.045,6.0,5.745,within horizon
trimethoprim/sulfamethoxazole,1.1,1.0,0.209,0.88,26,0.35,0.045,13.0,12.045,within horizon
trimethoprim/sulfamethoxazole,1.1,1.0,0.209,0.88,26,0.5,0.02,13.0,12.147,within horizon
trimethoprim/sulfamethoxazole,1.1,1.0,0.209,0.88,26,0.65,0.045,13.0,12.045,within horizon
trimethoprim/sulfamethoxazole,1.1,1.0,0.209,0.88,52,0.35,0.045,24.0,23.745,within horizon
trimethoprim/sulfamethoxazole,1.1,1.0,0.209,0.88,52,0.5,0.02,24.0,23.847,within horizon
trimethoprim/sulfamethoxazole,1.1,1.0,0.209,0.88,52,0.65,0.045,24.0,23.745,within horizon
trimethoprim/sulfamethoxazole,1.1,1.1,0.209,0.968,8,0.35,0.045,4.0,3.546,within horizon
trimethoprim/sulfamethoxazole,1.1,1.1,0.209,0.968,8,0.5,0.02,4.0,3.648,within horizon
trimethoprim/sulfamethoxazole,1.1,1.1,0.209,0.968,8,0.65,0.045,4.0,3.546,within horizon
trimethoprim/sulfamethoxazole,1.1,1.1,0.209,0.968,12,0.35,0.045,6.0,5.346,within horizon
trimethoprim/sulfamethoxazole,1.1,1.1,0.209,0.968,12,0.5,0.02,6.0,5.448,within horizon
trimethoprim/sulfamethoxazole,1.1,1.1,0.209,0.968,12,0.65,0.045,6.0,5.346,within horizon
trimethoprim/sulfamethoxazole,1.1,1.1,0.209,0.968,26,0.35,0.045,12.0,11.646,within horizon
trimethoprim/sulfamethoxazole,1.1,1.1,0.209,0.968,26,0.5,0.02,12.0,11.748,within horizon
trimethoprim/sulfamethoxazole,1.1,1.1,0.209,0.968,26,0.65,0.045,12.0,11.646,within horizon
trimethoprim/sulfamethoxazole,1.1,1.1,0.209,0.968,52,0.35,0.045,24.0,23.346,within horizon
trimethoprim/sulfamethoxazole,1.1,1.1,0.209,0.968,52,0.5,0.02,24.0,23.448,within horizon
trimethoprim/sulfamethoxazole,1.1,1.1,0.209,0.968,52,0.65,0.045,24.0,23.346,within horizon
trimethoprim/sulfamethoxazole,1.1,1.2,0.209,1.0,8,0.35,0.045,4.0,3.42,within horizon
trimethoprim/sulfamethoxazole,1.1,1.2,0.209,1.0,8,0.5,0.02,4.0,3.522,within horizon
trimethoprim/sulfamethoxazole,1.1,1.2,0.209,1.0,8,0.65,0.045,4.0,3.42,within horizon
trimethoprim/sulfamethoxazole,1.1,1.2,0.209,1.0,12,0.35,0.045,6.0,5.22,within horizon
trimethoprim/sulfamethoxazole,1.1,1.2,0.209,1.0,12,0.5,0.02,6.0,5.322,within horizon
trimethoprim/sulfamethoxazole,1.1,1.2,0.209,1.0,12,0.65,0.045,6.0,5.22,within horizon
trimethoprim/sulfamethoxazole,1.1,1.2,0.209,1.0,26,0.35,0.045,12.0,11.52,within horizon
trimethoprim/sulfamethoxazole,1.1,1.2,0.209,1.0,26,0.5,0.02,12.0,11.622,within horizon
trimethoprim/sulfamethoxazole,1.1,1.2,0.209,1.0,26,0.65,0.045,12.0,11.52,within horizon
trimethoprim/sulfamethoxazole,1.1,1.2,0.209,1.0,52,0.35,0.045,24.0,23.22,within horizon
trimethoprim/sulfamethoxazole,1.1,1.2,0.209,1.0,52,0.5,0.02,24.0,23.322,within horizon
trimethoprim/sulfamethoxazole,1.1,1.2,0.209,1.0,52,0.65,0.045,24.0,23.22,within horizon
trimethoprim/sulfamethoxazole,1.1,1.3,0.209,1.0,8,0.35,0.045,4.0,3.42,within horizon
trimethoprim/sulfamethoxazole,1.1,1.3,0.209,1.0,8,0.5,0.02,4.0,3.522,within horizon
trimethoprim/sulfamethoxazole,1.1,1.3,0.209,1.0,8,0.65,0.045,4.0,3.42,within horizon
trimethoprim/sulfamethoxazole,1.1,1.3,0.209,1.0,12,0.35,0.045,6.0,5.22,within horizon
trimethoprim/sulfamethoxazole,1.1,1.3,0.209,1.0,12,0.5,0.02,6.0,5.322,within horizon
trimethoprim/sulfamethoxazole,1.1,1.3,0.209,1.0,12,0.65,0.045,6.0,5.22,within horizon
trimethoprim/sulfamethoxazole,1.1,1.3,0.209,1.0,26,0.35,0.045,12.0,11.52,within horizon
trimethoprim/sulfamethoxazole,1.1,1.3,0.209,1.0,26,0.5,0.02,12.0,11.622,within horizon
trimethoprim/sulfamethoxazole,1.1,1.3,0.209,1.0,26,0.65,0.045,12.0,11.52,within horizon
trimethoprim/sulfamethoxazole,1.1,1.3,0.209,1.0,52,0.35,0.045,24.0,23.22,within horizon
trimethoprim/sulfamethoxazole,1.1,1.3,0.209,1.0,52,0.5,0.02,24.0,23.322,within horizon
trimethoprim/sulfamethoxazole,1.1,1.3,0.209,1.0,52,0.65,0.045,24.0,23.22,within horizon
trimethoprim/sulfamethoxazole,1.2,0.7,0.228,0.616,8,0.35,0.045,6.0,5.998,within horizon
trimethoprim/sulfamethoxazole,1.2,0.7,0.228,0.616,8,0.5,0.02,7.0,6.092,within horizon
trimethoprim/sulfamethoxazole,1.2,0.7,0.228,0.616,8,0.65,0.045,6.0,5.998,within horizon
trimethoprim/sulfamethoxazole,1.2,0.7,0.228,0.616,12,0.35,0.045,8.0,7.798,within horizon
trimethoprim/sulfamethoxazole,1.2,0.7,0.228,0.616,12,0.5,0.02,8.0,7.892,within horizon
trimethoprim/sulfamethoxazole,1.2,0.7,0.228,0.616,12,0.65,0.045,8.0,7.798,within horizon
trimethoprim/sulfamethoxazole,1.2,0.7,0.228,0.616,26,0.35,0.045,15.0,14.098,within horizon
trimethoprim/sulfamethoxazole,1.2,0.7,0.228,0.616,26,0.5,0.02,15.0,14.192,within horizon
trimethoprim/sulfamethoxazole,1.2,0.7,0.228,0.616,26,0.65,0.045,15.0,14.098,within horizon
trimethoprim/sulfamethoxazole,1.2,0.7,0.228,0.616,52,0.35,0.045,26.0,25.798,within horizon
trimethoprim/sulfamethoxazole,1.2,0.7,0.228,0.616,52,0.5,0.02,26.0,25.892,within horizon
trimethoprim/sulfamethoxazole,1.2,0.7,0.228,0.616,52,0.65,0.045,26.0,25.798,within horizon
trimethoprim/sulfamethoxazole,1.2,0.8,0.228,0.704,8,0.35,0.045,6.0,5.007,within horizon
trimethoprim/sulfamethoxazole,1.2,0.8,0.228,0.704,8,0.5,0.02,6.0,5.101,within horizon
trimethoprim/sulfamethoxazole,1.2,0.8,0.228,0.704,8,0.65,0.045,6.0,5.007,within horizon
trimethoprim/sulfamethoxazole,1.2,0.8,0.228,0.704,12,0.35,0.045,7.0,6.807,within horizon
trimethoprim/sulfamethoxazole,1.2,0.8,0.228,0.704,12,0.5,0.02,7.0,6.901,within horizon
trimethoprim/sulfamethoxazole,1.2,0.8,0.228,0.704,12,0.65,0.045,7.0,6.807,within horizon
trimethoprim/sulfamethoxazole,1.2,0.8,0.228,0.704,26,0.35,0.045,14.0,13.107,within horizon
trimethoprim/sulfamethoxazole,1.2,0.8,0.228,0.704,26,0.5,0.02,14.0,13.201,within horizon
trimethoprim/sulfamethoxazole,1.2,0.8,0.228,0.704,26,0.65,0.045,14.0,13.107,within horizon
trimethoprim/sulfamethoxazole,1.2,0.8,0.228,0.704,52,0.35,0.045,25.0,24.807,within horizon
trimethoprim/sulfamethoxazole,1.2,0.8,0.228,0.704,52,0.5,0.02,25.0,24.901,within horizon
trimethoprim/sulfamethoxazole,1.2,0.8,0.228,0.704,52,0.65,0.045,25.0,24.807,within horizon
trimethoprim/sulfamethoxazole,1.2,0.9,0.228,0.792,8,0.35,0.045,5.0,4.378,within horizon
trimethoprim/sulfamethoxazole,1.2,0.9,0.228,0.792,8,0.5,0.02,5.0,4.472,within horizon
trimethoprim/sulfamethoxazole,1.2,0.9,0.228,0.792,8,0.65,0.045,5.0,4.378,within horizon
trimethoprim/sulfamethoxazole,1.2,0.9,0.228,0.792,12,0.35,0.045,7.0,6.178,within horizon
trimethoprim/sulfamethoxazole,1.2,0.9,0.228,0.792,12,0.5,0.02,7.0,6.272,within horizon
trimethoprim/sulfamethoxazole,1.2,0.9,0.228,0.792,12,0.65,0.045,7.0,6.178,within horizon
trimethoprim/sulfamethoxazole,1.2,0.9,0.228,0.792,26,0.35,0.045,13.0,12.478,within horizon
trimethoprim/sulfamethoxazole,1.2,0.9,0.228,0.792,26,0.5,0.02,13.0,12.572,within horizon
trimethoprim/sulfamethoxazole,1.2,0.9,0.228,0.792,26,0.65,0.045,13.0,12.478,within horizon
trimethoprim/sulfamethoxazole,1.2,0.9,0.228,0.792,52,0.35,0.045,25.0,24.178,within horizon
trimethoprim/sulfamethoxazole,1.2,0.9,0.228,0.792,52,0.5,0.02,25.0,24.272,within horizon
trimethoprim/sulfamethoxazole,1.2,0.9,0.228,0.792,52,0.65,0.045,25.0,24.178,within horizon
trimethoprim/sulfamethoxazole,1.2,1.0,0.228,0.88,8,0.35,0.045,4.0,3.916,within horizon
trimethoprim/sulfamethoxazole,1.2,1.0,0.228,0.88,8,0.5,0.02,5.0,4.01,within horizon
trimethoprim/sulfamethoxazole,1.2,1.0,0.228,0.88,8,0.65,0.045,4.0,3.916,within horizon
trimethoprim/sulfamethoxazole,1.2,1.0,0.228,0.88,12,0.35,0.045,6.0,5.716,within horizon
trimethoprim/sulfamethoxazole,1.2,1.0,0.228,0.88,12,0.5,0.02,6.0,5.81,within horizon
trimethoprim/sulfamethoxazole,1.2,1.0,0.228,0.88,12,0.65,0.045,6.0,5.716,within horizon
trimethoprim/sulfamethoxazole,1.2,1.0,0.228,0.88,26,0.35,0.045,13.0,12.016,within horizon
trimethoprim/sulfamethoxazole,1.2,1.0,0.228,0.88,26,0.5,0.02,13.0,12.11,within horizon
trimethoprim/sulfamethoxazole,1.2,1.0,0.228,0.88,26,0.65,0.045,13.0,12.016,within horizon
trimethoprim/sulfamethoxazole,1.2,1.0,0.228,0.88,52,0.35,0.045,24.0,23.716,within horizon
trimethoprim/sulfamethoxazole,1.2,1.0,0.228,0.88,52,0.5,0.02,24.0,23.81,within horizon
trimethoprim/sulfamethoxazole,1.2,1.0,0.228,0.88,52,0.65,0.045,24.0,23.716,within horizon
trimethoprim/sulfamethoxazole,1.2,1.1,0.228,0.968,8,0.35,0.045,4.0,3.551,within horizon
trimethoprim/sulfamethoxazole,1.2,1.1,0.228,0.968,8,0.5,0.02,4.0,3.644,within horizon
trimethoprim/sulfamethoxazole,1.2,1.1,0.228,0.968,8,0.65,0.045,4.0,3.551,within horizon
trimethoprim/sulfamethoxazole,1.2,1.1,0.228,0.968,12,0.35,0.045,6.0,5.351,within horizon
trimethoprim/sulfamethoxazole,1.2,1.1,0.228,0.968,12,0.5,0.02,6.0,5.444,within horizon
trimethoprim/sulfamethoxazole,1.2,1.1,0.228,0.968,12,0.65,0.045,6.0,5.351,within horizon
trimethoprim/sulfamethoxazole,1.2,1.1,0.228,0.968,26,0.35,0.045,12.0,11.651,within horizon
trimethoprim/sulfamethoxazole,1.2,1.1,0.228,0.968,26,0.5,0.02,12.0,11.744,within horizon
trimethoprim/sulfamethoxazole,1.2,1.1,0.228,0.968,26,0.65,0.045,12.0,11.651,within horizon
trimethoprim/sulfamethoxazole,1.2,1.1,0.228,0.968,52,0.35,0.045,24.0,23.351,within horizon
trimethoprim/sulfamethoxazole,1.2,1.1,0.228,0.968,52,0.5,0.02,24.0,23.444,within horizon
trimethoprim/sulfamethoxazole,1.2,1.1,0.228,0.968,52,0.65,0.045,24.0,23.351,within horizon
trimethoprim/sulfamethoxazole,1.2,1.2,0.228,1.0,8,0.35,0.045,4.0,3.435,within horizon
trimethoprim/sulfamethoxazole,1.2,1.2,0.228,1.0,8,0.5,0.02,4.0,3.528,within horizon
trimethoprim/sulfamethoxazole,1.2,1.2,0.228,1.0,8,0.65,0.045,4.0,3.435,within horizon
trimethoprim/sulfamethoxazole,1.2,1.2,0.228,1.0,12,0.35,0.045,6.0,5.235,within horizon
trimethoprim/sulfamethoxazole,1.2,1.2,0.228,1.0,12,0.5,0.02,6.0,5.328,within horizon
trimethoprim/sulfamethoxazole,1.2,1.2,0.228,1.0,12,0.65,0.045,6.0,5.235,within horizon
trimethoprim/sulfamethoxazole,1.2,1.2,0.228,1.0,26,0.35,0.045,12.0,11.535,within horizon
trimethoprim/sulfamethoxazole,1.2,1.2,0.228,1.0,26,0.5,0.02,12.0,11.628,within horizon
trimethoprim/sulfamethoxazole,1.2,1.2,0.228,1.0,26,0.65,0.045,12.0,11.535,within horizon
trimethoprim/sulfamethoxazole,1.2,1.2,0.228,1.0,52,0.35,0.045,24.0,23.235,within horizon
trimethoprim/sulfamethoxazole,1.2,1.2,0.228,1.0,52,0.5,0.02,24.0,23.328,within horizon
trimethoprim/sulfamethoxazole,1.2,1.2,0.228,1.0,52,0.65,0.045,24.0,23.235,within horizon
trimethoprim/sulfamethoxazole,1.2,1.3,0.228,1.0,8,0.35,0.045,4.0,3.435,within horizon
trimethoprim/sulfamethoxazole,1.2,1.3,0.228,1.0,8,0.5,0.02,4.0,3.528,within horizon
trimethoprim/sulfamethoxazole,1.2,1.3,0.228,1.0,8,0.65,0.045,4.0,3.435,within horizon
trimethoprim/sulfamethoxazole,1.2,1.3,0.228,1.0,12,0.35,0.045,6.0,5.235,within horizon
trimethoprim/sulfamethoxazole,1.2,1.3,0.228,1.0,12,0.5,0.02,6.0,5.328,within horizon
trimethoprim/sulfamethoxazole,1.2,1.3,0.228,1.0,12,0.65,0.045,6.0,5.235,within horizon
trimethoprim/sulfamethoxazole,1.2,1.3,0.228,1.0,26,0.35,0.045,12.0,11.535,within horizon
trimethoprim/sulfamethoxazole,1.2,1.3,0.228,1.0,26,0.5,0.02,12.0,11.628,within horizon
trimethoprim/sulfamethoxazole,1.2,1.3,0.228,1.0,26,0.65,0.045,12.0,11.535,within horizon
trimethoprim/sulfamethoxazole,1.2,1.3,0.228,1.0,52,0.35,0.045,24.0,23.235,within horizon
trimethoprim/sulfamethoxazole,1.2,1.3,0.228,1.0,52,0.5,0.02,24.0,23.328,within horizon
trimethoprim/sulfamethoxazole,1.2,1.3,0.228,1.0,52,0.65,0.045,24.0,23.235,within horizon
trimethoprim/sulfamethoxazole,1.3,0.7,0.247,0.616,8,0.35,0.045,6.0,5.813,within horizon
trimethoprim/sulfamethoxazole,1.3,0.7,0.247,0.616,8,0.5,0.02,6.0,5.9,within horizon
trimethoprim/sulfamethoxazole,1.3,0.7,0.247,0.616,8,0.65,0.045,6.0,5.813,within horizon
trimethoprim/sulfamethoxazole,1.3,0.7,0.247,0.616,12,0.35,0.045,8.0,7.613,within horizon
trimethoprim/sulfamethoxazole,1.3,0.7,0.247,0.616,12,0.5,0.02,8.0,7.7,within horizon
trimethoprim/sulfamethoxazole,1.3,0.7,0.247,0.616,12,0.65,0.045,8.0,7.613,within horizon
trimethoprim/sulfamethoxazole,1.3,0.7,0.247,0.616,26,0.35,0.045,14.0,13.913,within horizon
trimethoprim/sulfamethoxazole,1.3,0.7,0.247,0.616,26,0.5,0.02,14.0,14.0,within horizon
trimethoprim/sulfamethoxazole,1.3,0.7,0.247,0.616,26,0.65,0.045,14.0,13.913,within horizon
trimethoprim/sulfamethoxazole,1.3,0.7,0.247,0.616,52,0.35,0.045,26.0,25.613,within horizon
trimethoprim/sulfamethoxazole,1.3,0.7,0.247,0.616,52,0.5,0.02,26.0,25.7,within horizon
trimethoprim/sulfamethoxazole,1.3,0.7,0.247,0.616,52,0.65,0.045,26.0,25.613,within horizon
trimethoprim/sulfamethoxazole,1.3,0.8,0.247,0.704,8,0.35,0.045,5.0,4.899,within horizon
trimethoprim/sulfamethoxazole,1.3,0.8,0.247,0.704,8,0.5,0.02,5.0,4.986,within horizon
trimethoprim/sulfamethoxazole,1.3,0.8,0.247,0.704,8,0.65,0.045,5.0,4.899,within horizon
trimethoprim/sulfamethoxazole,1.3,0.8,0.247,0.704,12,0.35,0.045,7.0,6.699,within horizon
trimethoprim/sulfamethoxazole,1.3,0.8,0.247,0.704,12,0.5,0.02,7.0,6.786,within horizon
trimethoprim/sulfamethoxazole,1.3,0.8,0.247,0.704,12,0.65,0.045,7.0,6.699,within horizon
trimethoprim/sulfamethoxazole,1.3,0.8,0.247,0.704,26,0.35,0.045,13.0,12.999,within horizon
trimethoprim/sulfamethoxazole,1.3,0.8,0.247,0.704,26,0.5,0.02,14.0,13.086,within horizon
trimethoprim/sulfamethoxazole,1.3,0.8,0.247,0.704,26,0.65,0.045,13.0,12.999,within horizon
trimethoprim/sulfamethoxazole,1.3,0.8,0.247,0.704,52,0.35,0.045,25.0,24.699,within horizon
trimethoprim/sulfamethoxazole,1.3,0.8,0.247,0.704,52,0.5,0.02,25.0,24.786,within horizon
trimethoprim/sulfamethoxazole,1.3,0.8,0.247,0.704,52,0.65,0.045,25.0,24.699,within horizon
trimethoprim/sulfamethoxazole,1.3,0.9,0.247,0.792,8,0.35,0.045,5.0,4.318,within horizon
trimethoprim/sulfamethoxazole,1.3,0.9,0.247,0.792,8,0.5,0.02,5.0,4.405,within horizon
trimethoprim/sulfamethoxazole,1.3,0.9,0.247,0.792,8,0.65,0.045,5.0,4.318,within horizon
trimethoprim/sulfamethoxazole,1.3,0.9,0.247,0.792,12,0.35,0.045,7.0,6.118,within horizon
trimethoprim/sulfamethoxazole,1.3,0.9,0.247,0.792,12,0.5,0.02,7.0,6.205,within horizon
trimethoprim/sulfamethoxazole,1.3,0.9,0.247,0.792,12,0.65,0.045,7.0,6.118,within horizon
trimethoprim/sulfamethoxazole,1.3,0.9,0.247,0.792,26,0.35,0.045,13.0,12.418,within horizon
trimethoprim/sulfamethoxazole,1.3,0.9,0.247,0.792,26,0.5,0.02,13.0,12.505,within horizon
trimethoprim/sulfamethoxazole,1.3,0.9,0.247,0.792,26,0.65,0.045,13.0,12.418,within horizon
trimethoprim/sulfamethoxazole,1.3,0.9,0.247,0.792,52,0.35,0.045,25.0,24.118,within horizon
trimethoprim/sulfamethoxazole,1.3,0.9,0.247,0.792,52,0.5,0.02,25.0,24.205,within horizon
trimethoprim/sulfamethoxazole,1.3,0.9,0.247,0.792,52,0.65,0.045,25.0,24.118,within horizon
trimethoprim/sulfamethoxazole,1.3,1.0,0.247,0.88,8,0.35,0.045,4.0,3.892,within horizon
trimethoprim/sulfamethoxazole,1.3,1.0,0.247,0.88,8,0.5,0.02,4.0,3.978,within horizon
trimethoprim/sulfamethoxazole,1.3,1.0,0.247,0.88,8,0.65,0.045,4.0,3.892,within horizon
trimethoprim/sulfamethoxazole,1.3,1.0,0.247,0.88,12,0.35,0.045,6.0,5.692,within horizon
trimethoprim/sulfamethoxazole,1.3,1.0,0.247,0.88,12,0.5,0.02,6.0,5.778,within horizon
trimethoprim/sulfamethoxazole,1.3,1.0,0.247,0.88,12,0.65,0.045,6.0,5.692,within horizon
trimethoprim/sulfamethoxazole,1.3,1.0,0.247,0.88,26,0.35,0.045,12.0,11.992,within horizon
trimethoprim/sulfamethoxazole,1.3,1.0,0.247,0.88,26,0.5,0.02,13.0,12.078,within horizon
trimethoprim/sulfamethoxazole,1.3,1.0,0.247,0.88,26,0.65,0.045,12.0,11.992,within horizon
trimethoprim/sulfamethoxazole,1.3,1.0,0.247,0.88,52,0.35,0.045,24.0,23.692,within horizon
trimethoprim/sulfamethoxazole,1.3,1.0,0.247,0.88,52,0.5,0.02,24.0,23.778,within horizon
trimethoprim/sulfamethoxazole,1.3,1.0,0.247,0.88,52,0.65,0.045,24.0,23.692,within horizon
trimethoprim/sulfamethoxazole,1.3,1.1,0.247,0.968,8,0.35,0.045,4.0,3.554,within horizon
trimethoprim/sulfamethoxazole,1.3,1.1,0.247,0.968,8,0.5,0.02,4.0,3.641,within horizon
trimethoprim/sulfamethoxazole,1.3,1.1,0.247,0.968,8,0.65,0.045,4.0,3.554,within horizon
trimethoprim/sulfamethoxazole,1.3,1.1,0.247,0.968,12,0.35,0.045,6.0,5.354,within horizon
trimethoprim/sulfamethoxazole,1.3,1.1,0.247,0.968,12,0.5,0.02,6.0,5.441,within horizon
trimethoprim/sulfamethoxazole,1.3,1.1,0.247,0.968,12,0.65,0.045,6.0,5.354,within horizon
trimethoprim/sulfamethoxazole,1.3,1.1,0.247,0.968,26,0.35,0.045,12.0,11.654,within horizon
trimethoprim/sulfamethoxazole,1.3,1.1,0.247,0.968,26,0.5,0.02,12.0,11.741,within horizon
trimethoprim/sulfamethoxazole,1.3,1.1,0.247,0.968,26,0.65,0.045,12.0,11.654,within horizon
trimethoprim/sulfamethoxazole,1.3,1.1,0.247,0.968,52,0.35,0.045,24.0,23.354,within horizon
trimethoprim/sulfamethoxazole,1.3,1.1,0.247,0.968,52,0.5,0.02,24.0,23.441,within horizon
trimethoprim/sulfamethoxazole,1.3,1.1,0.247,0.968,52,0.65,0.045,24.0,23.354,within horizon
trimethoprim/sulfamethoxazole,1.3,1.2,0.247,1.0,8,0.35,0.045,4.0,3.447,within horizon
trimethoprim/sulfamethoxazole,1.3,1.2,0.247,1.0,8,0.5,0.02,4.0,3.534,within horizon
trimethoprim/sulfamethoxazole,1.3,1.2,0.247,1.0,8,0.65,0.045,4.0,3.447,within horizon
trimethoprim/sulfamethoxazole,1.3,1.2,0.247,1.0,12,0.35,0.045,6.0,5.247,within horizon
trimethoprim/sulfamethoxazole,1.3,1.2,0.247,1.0,12,0.5,0.02,6.0,5.334,within horizon
trimethoprim/sulfamethoxazole,1.3,1.2,0.247,1.0,12,0.65,0.045,6.0,5.247,within horizon
trimethoprim/sulfamethoxazole,1.3,1.2,0.247,1.0,26,0.35,0.045,12.0,11.547,within horizon
trimethoprim/sulfamethoxazole,1.3,1.2,0.247,1.0,26,0.5,0.02,12.0,11.634,within horizon
trimethoprim/sulfamethoxazole,1.3,1.2,0.247,1.0,26,0.65,0.045,12.0,11.547,within horizon
trimethoprim/sulfamethoxazole,1.3,1.2,0.247,1.0,52,0.35,0.045,24.0,23.247,within horizon
trimethoprim/sulfamethoxazole,1.3,1.2,0.247,1.0,52,0.5,0.02,24.0,23.334,within horizon
trimethoprim/sulfamethoxazole,1.3,1.2,0.247,1.0,52,0.65,0.045,24.0,23.247,within horizon
trimethoprim/sulfamethoxazole,1.3,1.3,0.247,1.0,8,0.35,0.045,4.0,3.447,within horizon
trimethoprim/sulfamethoxazole,1.3,1.3,0.247,1.0,8,0.5,0.02,4.0,3.534,within horizon
trimethoprim/sulfamethoxazole,1.3,1.3,0.247,1.0,8,0.65,0.045,4.0,3.447,within horizon
trimethoprim/sulfamethoxazole,1.3,1.3,0.247,1.0,12,0.35,0.045,6.0,5.247,within horizon
trimethoprim/sulfamethoxazole,1.3,1.3,0.247,1.0,12,0.5,0.02,6.0,5.334,within horizon
trimethoprim/sulfamethoxazole,1.3,1.3,0.247,1.0,12,0.65,0.045,6.0,5.247,within horizon
trimethoprim/sulfamethoxazole,1.3,1.3,0.247,1.0,26,0.35,0.045,12.0,11.547,within horizon
trimethoprim/sulfamethoxazole,1.3,1.3,0.247,1.0,26,0.5,0.02,12.0,11.634,within horizon
trimethoprim/sulfamethoxazole,1.3,1.3,0.247,1.0,26,0.65,0.045,12.0,11.547,within horizon
trimethoprim/sulfamethoxazole,1.3,1.3,0.247,1.0,52,0.35,0.045,24.0,23.247,within horizon
trimethoprim/sulfamethoxazole,1.3,1.3,0.247,1.0,52,0.5,0.02,24.0,23.334,within horizon
trimethoprim/sulfamethoxazole,1.3,1.3,0.247,1.0,52,0.65,0.045,24.0,23.247,within horizon
vancomycin,0.7,0.7,0.042,0.385,8,0.35,0.045,,,never
vancomycin,0.7,0.7,0.042,0.385,8,0.5,0.02,,,never
vancomycin,0.7,0.7,0.042,0.385,8,0.65,0.045,,,never
vancomycin,0.7,0.7,0.042,0.385,12,0.35,0.045,,,never
vancomycin,0.7,0.7,0.042,0.385,12,0.5,0.02,,,never
vancomycin,0.7,0.7,0.042,0.385,12,0.65,0.045,,,never
vancomycin,0.7,0.7,0.042,0.385,26,0.35,0.045,,,never
vancomycin,0.7,0.7,0.042,0.385,26,0.5,0.02,,,never
vancomycin,0.7,0.7,0.042,0.385,26,0.65,0.045,,,never
vancomycin,0.7,0.7,0.042,0.385,52,0.35,0.045,,,never
vancomycin,0.7,0.7,0.042,0.385,52,0.5,0.02,,,never
vancomycin,0.7,0.7,0.042,0.385,52,0.65,0.045,,,never
vancomycin,0.7,0.8,0.042,0.44,8,0.35,0.045,,,never
vancomycin,0.7,0.8,0.042,0.44,8,0.5,0.02,,,never
vancomycin,0.7,0.8,0.042,0.44,8,0.65,0.045,,,never
vancomycin,0.7,0.8,0.042,0.44,12,0.35,0.045,,,never
vancomycin,0.7,0.8,0.042,0.44,12,0.5,0.02,,,never
vancomycin,0.7,0.8,0.042,0.44,12,0.65,0.045,,,never
vancomycin,0.7,0.8,0.042,0.44,26,0.35,0.045,,,never
vancomycin,0.7,0.8,0.042,0.44,26,0.5,0.02,,,never
vancomycin,0.7,0.8,0.042,0.44,26,0.65,0.045,,,never
vancomycin,0.7,0.8,0.042,0.44,52,0.35,0.045,,,never
vancomycin,0.7,0.8,0.042,0.44,52,0.5,0.02,,,never
vancomycin,0.7,0.8,0.042,0.44,52,0.65,0.045,,,never
vancomycin,0.7,0.9,0.042,0.495,8,0.35,0.045,,,never
vancomycin,0.7,0.9,0.042,0.495,8,0.5,0.02,,,never
vancomycin,0.7,0.9,0.042,0.495,8,0.65,0.045,,,never
vancomycin,0.7,0.9,0.042,0.495,12,0.35,0.045,,,never
vancomycin,0.7,0.9,0.042,0.495,12,0.5,0.02,,,never
vancomycin,0.7,0.9,0.042,0.495,12,0.65,0.045,,,never
vancomycin,0.7,0.9,0.042,0.495,26,0.35,0.045,,,never
vancomycin,0.7,0.9,0.042,0.495,26,0.5,0.02,,,never
vancomycin,0.7,0.9,0.042,0.495,26,0.65,0.045,,,never
vancomycin,0.7,0.9,0.042,0.495,52,0.35,0.045,,,never
vancomycin,0.7,0.9,0.042,0.495,52,0.5,0.02,,,never
vancomycin,0.7,0.9,0.042,0.495,52,0.65,0.045,,,never
vancomycin,0.7,1.0,0.042,0.55,8,0.35,0.045,,24.631,after horizon
vancomycin,0.7,1.0,0.042,0.55,8,0.5,0.02,,25.141,after horizon
vancomycin,0.7,1.0,0.042,0.55,8,0.65,0.045,,24.631,after horizon
vancomycin,0.7,1.0,0.042,0.55,12,0.35,0.045,,26.431,after horizon
vancomycin,0.7,1.0,0.042,0.55,12,0.5,0.02,,26.941,after horizon
vancomycin,0.7,1.0,0.042,0.55,12,0.65,0.045,,26.431,after horizon
vancomycin,0.7,1.0,0.042,0.55,26,0.35,0.045,,32.731,after horizon
vancomycin,0.7,1.0,0.042,0.55,26,0.5,0.02,,33.241,after horizon
vancomycin,0.7,1.0,0.042,0.55,26,0.65,0.045,,32.731,after horizon
vancomycin,0.7,1.0,0.042,0.55,52,0.35,0.045,45.0,44.431,within horizon
vancomycin,0.7,1.0,0.042,0.55,52,0.5,0.02,45.0,44.941,within horizon
vancomycin,0.7,1.0,0.042,0.55,52,0.65,0.045,45.0,44.431,within horizon
vancomycin,0.7,1.1,0.042,0.605,8,0.35,0.045,,17.565,after horizon
vancomycin,0.7,1.1,0.042,0.605,8,0.5,0.02,,18.075,after horizon
vancomycin,0.7,1.1,0.042,0.605,8,0.65,0.045,,17.565,after horizon
vancomycin,0.7,1.1,0.042,0.605,12,0.35,0.045,,19.365,after horizon
vancomycin,0.7,1.1,0.042,0.605,12,0.5,0.02,,19.875,after horizon
vancomycin,0.7,1.1,0.042,0.605,12,0.65,0.045,,19.365,after horizon
vancomycin,0.7,1.1,0.042,0.605,26,0.35,0.045,26.0,25.665,within horizon
vancomycin,0.7,1.1,0.042,0.605,26,0.5,0.02,,26.175,after horizon
vancomycin,0.7,1.1,0.042,0.605,26,0.65,0.045,26.0,25.665,within horizon
vancomycin,0.7,1.1,0.042,0.605,52,0.35,0.045,38.0,37.365,within horizon
vancomycin,0.7,1.1,0.042,0.605,52,0.5,0.02,38.0,37.875,within horizon
vancomycin,0.7,1.1,0.042,0.605,52,0.65,0.045,38.0,37.365,within horizon
vancomycin,0.7,1.2,0.042,0.66,8,0.35,0.045,,13.554,after horizon
vancomycin,0.7,1.2,0.042,0.66,8,0.5,0.02,,14.063,after horizon
vancomycin,0.7,1.2,0.042,0.66,8,0.65,0.045,,13.554,after horizon
vancomycin,0.7,1.2,0.042,0.66,12,0.35,0.045,,15.354,after horizon
vancomycin,0.7,1.2,0.042,0.66,12,0.5,0.02,,15.863,after horizon
vancomycin,0.7,1.2,0.042,0.66,12,0.65,0.045,,15.354,after horizon
vancomycin,0.7,1.2,0.042,0.66,26,0.35,0.045,22.0,21.654,within horizon
vancomycin,0.7,1.2,0.042,0.66,26,0.5,0.02,23.0,22.163,within horizon
vancomycin,0.7,1.2,0.042,0.66,26,0.65,0.045,22.0,21.654,within horizon
vancomycin,0.7,1.2,0.042,0.66,52,0.35,0.045,34.0,33.354,within horizon
vancomycin,0.7,1.2,0.042,0.66,52,0.5,0.02,34.0,33.863,within horizon
vancomycin,0.7,1.2,0.042,0.66,52,0.65,0.045,34.0,33.354,within horizon
vancomycin,0.7,1.3,0.042,0.715,8,0.35,0.045,,10.74,after horizon
vancomycin,0.7,1.3,0.042,0.715,8,0.5,0.02,,11.249,after horizon
vancomycin,0.7,1.3,0.042,0.715,8,0.65,0.045,,10.74,after horizon
vancomycin,0.7,1.3,0.042,0.715,12,0.35,0.045,,12.54,after horizon
vancomycin,0.7,1.3,0.042,0.715,12,0.5,0.02,,13.049,after horizon
vancomycin,0.7,1.3,0.042,0.715,12,0.65,0.045,,12.54,after horizon
vancomycin,0.7,1.3,0.042,0.715,26,0.35,0.045,19.0,18.84,within horizon
vancomycin,0.7,1.3,0.042,0.715,26,0.5,0.02,20.0,19.349,within horizon
vancomycin,0.7,1.3,0.042,0.715,26,0.65,0.045,19.0,18.84,within horizon
vancomycin,0.7,1.3,0.042,0.715,52,0.35,0.045,31.0,30.54,within horizon
vancomycin,0.7,1.3,0.042,0.715,52,0.5,0.02,32.0,31.049,within horizon
vancomycin,0.7,1.3,0.042,0.715,52,0.65,0.045,31.0,30.54,within horizon
vancomycin,0.8,0.7,0.048,0.385,8,0.35,0.045,,,never
vancomycin,0.8,0.7,0.048,0.385,8,0.5,0.02,,,never
vancomycin,0.8,0.7,0.048,0.385,8,0.65,0.045,,,never
vancomycin,0.8,0.7,0.048,0.385,12,0.35,0.045,,,never
vancomycin,0.8,0.7,0.048,0.385,12,0.5,0.02,,,never
vancomycin,0.8,0.7,0.048,0.385,12,0.65,0.045,,,never
vancomycin,0.8,0.7,0.048,0.385,26,0.35,0.045,,,never
vancomycin,0.8,0.7,0.048,0.385,26,0.5,0.02,,,never
vancomycin,0.8,0.7,0.048,0.385,26,0.65,0.045,,,never
vancomycin,0.8,0.7,0.048,0.385,52,0.35,0.045,,,never
vancomycin,0.8,0.7,0.048,0.385,52,0.5,0.02,,,never
vancomycin,0.8,0.7,0.048,0.385,52,0.65,0.045,,,never
vancomycin,0.8,0.8,0.048,0.44,8,0.35,0.045,,,never
vancomycin,0.8,0.8,0.048,0.44,8,0.5,0.02,,,never
vancomycin,0.8,0.8,0.048,0.44,8,0.65,0.045,,,never
vancomycin,0.8,0.8,0.048,0.44,12,0.35,0.045,,,never
vancomycin,0.8,0.8,0.048,0.44,12,0.5,0.02,,,never
vancomycin,0.8,0.8,0.048,0.44,12,0.65,0.045,,,never
vancomycin,0.8,0.8,0.048,0.44,26,0.35,0.045,,,never
vancomycin,0.8,0.8,0.048,0.44,26,0.5,0.02,,,never
vancomycin,0.8,0.8,0.048,0.44,26,0.65,0.045,,,never
vancomycin,0.8,0.8,0.048,0.44,52,0.35,0.045,,,never
vancomycin,0.8,0.8,0.048,0.44,52,0.5,0.02,,,never
vancomycin,0.8,0.8,0.048,0.44,52,0.65,0.045,,,never
vancomycin,0.8,0.9,0.048,0.495,8,0.35,0.045,,,never
vancomycin,0.8,0.9,0.048,0.495,8,0.5,0.02,,,never
vancomycin,0.8,0.9,0.048,0.495,8,0.65,0.045,,,never
vancomycin,0.8,0.9,0.048,0.495,12,0.35,0.045,,,never
vancomycin,0.8,0.9,0.048,0.495,12,0.5,0.02,,,never
vancomycin,0.8,0.9,0.048,0.495,12,0.65,0.045,,,never
vancomycin,0.8,0.9,0.048,0.495,26,0.35,0.045,,,never
vancomycin,0.8,0.9,0.048,0.495,26,0.5,0.02,,,never
vancomycin,0.8,0.9,0.048,0.495,26,0.65,0.045,,,never
vancomycin,0.8,0.9,0.048,0.495,52,0.35,0.045,,,never
vancomycin,0.8,0.9,0.048,0.495,52,0.5,0.02,,,never
vancomycin,0.8,0.9,0.048,0.495,52,0.65,0.045,,,never
vancomycin,0.8,1.0,0.048,0.55,8,0.35,0.045,,22.002,after horizon
vancomycin,0.8,1.0,0.048,0.55,8,0.5,0.02,,22.448,after horizon
vancomycin,0.8,1.0,0.048,0.55,8,0.65,0.045,,22.002,after horizon
vancomycin,0.8,1.0,0.048,0.55,12,0.35,0.045,,23.802,after horizon
vancomycin,0.8,1.0,0.048,0.55,12,0.5,0.02,,24.248,after horizon
vancomycin,0.8,1.0,0.048,0.55,12,0.65,0.045,,23.802,after horizon
vancomycin,0.8,1.0,0.048,0.55,26,0.35,0.045,,30.102,after horizon
vancomycin,0.8,1.0,0.048,0.55,26,0.5,0.02,,30.548,after horizon
vancomycin,0.8,1.0,0.048,0.55,26,0.65,0.045,,30.102,after horizon
vancomycin,0.8,1.0,0.048,0.55,52,0.35,0.045,42.0,41.802,within horizon
vancomycin,0.8,1.0,0.048,0.55,52,0.5,0.02,43.0,42.248,within horizon
vancomycin,0.8,1.0,0.048,0.55,52,0.65,0.045,42.0,41.802,within horizon
vancomycin,0.8,1.1,0.048,0.605,8,0.35,0.045,,15.819,after horizon
vancomycin,0.8,1.1,0.048,0.605,8,0.5,0.02,,16.265,after horizon
vancomycin,0.8,1.1,0.048,0.605,8,0.65,0.045,,15.819,after horizon
vancomycin,0.8,1.1,0.048,0.605,12,0.35,0.045,,17.619,after horizon
vancomycin,0.8,1.1,0.048,0.605,12,0.5,0.02,,18.065,after horizon
vancomycin,0.8,1.1,0.048,0.605,12,0.65,0.045,,17.619,after horizon
vancomycin,0.8,1.1,0.048,0.605,26,0.35,0.045,24.0,23.919,within horizon
vancomycin,0.8,1.1,0.048,0.605,26,0.5,0.02,25.0,24.365,within horizon
vancomycin,0.8,1.1,0.048,0.605,26,0.65,0.045,24.0,23.919,within horizon
vancomycin,0.8,1.1,0.048,0.605,52,0.35,0.045,36.0,35.619,within horizon
vancomycin,0.8,1.1,0.048,0.605,52,0.5,0.02,37.0,36.065,within horizon
vancomycin,0.8,1.1,0.048,0.605,52,0.65,0.045,36.0,35.619,within horizon
vancomycin,0.8,1.2,0.048,0.66,8,0.35,0.045,,12.309,after horizon
vancomycin,0.8,1.2,0.048,0.66,8,0.5,0.02,,12.755,after horizon
vancomycin,0.8,1.2,0.048,0.66,8,0.65,0.045,,12.309,after horizon
vancomycin,0.8,1.2,0.048,0.66,12,0.35,0.045,,14.109,after horizon
vancomycin,0.8,1.2,0.048,0.66,12,0.5,0.02,,14.555,after horizon
vancomycin,0.8,1.2,0.048,0.66,12,0.65,0.045,,14.109,after horizon
vancomycin,0.8,1.2,0.048,0.66,26,0.35,0.045,21.0,20.409,within horizon
vancomycin,0.8,1.2,0.048,0.66,26,0.5,0.02,21.0,20.855,within horizon
vancomycin,0.8,1.2,0.048,0.66,26,0.65,0.045,21.0,20.409,within horizon
vancomycin,0.8,1.2,0.048,0.66,52,0.35,0.045,33.0,32.109,within horizon
vancomycin,0.8,1.2,0.048,0.66,52,0.5,0.02,33.0,32.555,within horizon
vancomycin,0.8,1.2,0.048,0.66,52,0.65,0.045,33.0,32.109,within horizon
vancomycin,0.8,1.3,0.048,0.715,8,0.35,0.045,,9.847,after horizon
vancomycin,0.8,1.3,0.048,0.715,8,0.5,0.02,,10.293,after horizon
vancomycin,0.8,1.3,0.048,0.715,8,0.65,0.045,,9.847,after horizon
vancomycin,0.8,1.3,0.048,0.715,12,0.35,0.045,12.0,11.647,within horizon
vancomycin,0.8,1.3,0.048,0.715,12,0.5,0.02,,12.093,after horizon
vancomycin,0.8,1.3,0.048,0.715,12,0.65,0.045,12.0,11.647,within horizon
vancomycin,0.8,1.3,0.048,0.715,26,0.35,0.045,18.0,17.947,within horizon
vancomycin,0.8,1.3,0.048,0.715,26,0.5,0.02,19.0,18.393,within horizon
vancomycin,0.8,1.3,0.048,0.715,26,0.65,0.045,18.0,17.947,within horizon
vancomycin,0.8,1.3,0.048,0.715,52,0.35,0.045,30.0,29.647,within horizon
vancomycin,0.8,1.3,0.048,0.715,52,0.5,0.02,31.0,30.093,within horizon
vancomycin,0.8,1.3,0.048,0.715,52,0.65,0.045,30.0,29.647,within horizon
vancomycin,0.9,0.7,0.054,0.385,8,0.35,0.045,,,never
vancomycin,0.9,0.7,0.054,0.385,8,0.5,0.02,,,never
vancomycin,0.9,0.7,0.054,0.385,8,0.65,0.045,,,never
vancomycin,0.9,0.7,0.054,0.385,12,0.35,0.045,,,never
vancomycin,0.9,0.7,0.054,0.385,12,0.5,0.02,,,never
vancomycin,0.9,0.7,0.054,0.385,12,0.65,0.045,,,never
vancomycin,0.9,0.7,0.054,0.385,26,0.35,0.045,,,never
vancomycin,0.9,0.7,0.054,0.385,26,0.5,0.02,,,never
vancomycin,0.9,0.7,0.054,0.385,26,0.65,0.045,,,never
vancomycin,0.9,0.7,0.054,0.385,52,0.35,0.045,,,never
vancomycin,0.9,0.7,0.054,0.385,52,0.5,0.02,,,never
vancomycin,0.9,0.7,0.054,0.385,52,0.65,0.045,,,never
vancomycin,0.9,0.8,0.054,0.44,8,0.35,0.045,,,never
vancomycin,0.9,0.8,0.054,0.44,8,0.5,0.02,,,never
vancomycin,0.9,0.8,0.054,0.44,8,0.65,0.045,,,never
vancomycin,0.9,0.8,0.054,0.44,12,0.35,0.045,,,never
vancomycin,0.9,0.8,0.054,0.44,12,0.5,0.02,,,never
vancomycin,0.9,0.8,0.054,0.44,12,0.65,0.045,,,never
vancomycin,0.9,0.8,0.054,0.44,26,0.35,0.045,,,never
vancomycin,0.9,0.8,0.054,0.44,26,0.5,0.02,,,never
vancomycin,0.9,0.8,0.054,0.44,26,0.65,0.045,,,never
vancomycin,0.9,0.8,0.054,0.44,52,0.35,0.045,,,never
vancomycin,0.9,0.8,0.054,0.44,52,0.5,0.02,,,never
vancomycin,0.9,0.8,0.054,0.44,52,0.65,0.045,,,never
vancomycin,0.9,0.9,0.054,0.495,8,0.35,0.045,,,never
vancomycin,0.9,0.9,0.054,0.495,8,0.5,0.02,,,never
vancomycin,0.9,0.9,0.054,0.495,8,0.65,0.045,,,never
vancomycin,0.9,0.9,0.054,0.495,12,0.35,0.045,,,never
vancomycin,0.9,0.9,0.054,0.495,12,0.5,0.02,,,never
vancomycin,0.9,0.9,0.054,0.495,12,0.65,0.045,,,never
vancomycin,0.9,0.9,0.054,0.495,26,0.35,0.045,,,never
vancomycin,0.9,0.9,0.054,0.495,26,0.5,0.02,,,never
vancomycin,0.9,0.9,0.054,0.495,26,0.65,0.045,,,never
vancomycin,0.9,0.9,0.054,0.495,52,0.35,0.045,,,never
vancomycin,0.9,0.9,0.054,0.495,52,0.5,0.02,,,never
vancomycin,0.9,0.9,0.054,0.495,52,0.65,0.045,,,never
vancomycin,0.9,1.0,0.054,0.55,8,0.35,0.045,,19.958,after horizon
vancomycin,0.9,1.0,0.054,0.55,8,0.5,0.02,,20.354,after horizon
vancomycin,0.9,1.0,0.054,0.55,8,0.65,0.045,,19.958,after horizon
vancomycin,0.9,1.0,0.054,0.55,12,0.35,0.045,,21.758,after horizon
vancomycin,0.9,1.0,0.054,0.55,12,0.5,0.02,,22.154,after horizon
vancomycin,0.9,1.0,0.054,0.55,12,0.65,0.045,,21.758,after horizon
vancomycin,0.9,1.0,0.054,0.55,26,0.35,0.045,,28.058,after horizon
vancomycin,0.9,1.0,0.054,0.55,26,0.5,0.02,,28.454,after horizon
vancomycin,0.9,1.0,0.054,0.55,26,0.65,0.045,,28.058,after horizon
vancomycin,0.9,1.0,0.054,0.55,52,0.35,0.045,40.0,39.758,within horizon
vancomycin,0.9,1.0,0.054,0.55,52,0.5,0.02,41.0,40.154,within horizon
vancomycin,0.9,1.0,0.054,0.55,52,0.65,0.045,40.0,39.758,within horizon
vancomycin,0.9,1.1,0.054,0.605,8,0.35,0.045,,14.462,after horizon
vancomycin,0.9,1.1,0.054,0.605,8,0.5,0.02,,14.858,after horizon
vancomycin,0.9,1.1,0.054,0.605,8,0.65,0.045,,14.462,after horizon
vancomycin,0.9,1.1,0.054,0.605,12,0.35,0.045,,16.262,after horizon
vancomycin,0.9,1.1,0.054,0.605,12,0.5,0.02,,16.658,after horizon
vancomycin,0.9,1.1,0.054,0.605,12,0.65,0.045,,16.262,after horizon
vancomycin,0.9,1.1,0.054,0.605,26,0.35,0.045,23.0,22.562,within horizon
vancomycin,0.9,1.1,0.054,0.605,26,0.5,0.02,23.0,22.958,within horizon
vancomycin,0.9,1.1,0.054,0.605,26,0.65,0.045,23.0,22.562,within horizon
vancomycin,0.9,1.1,0.054,0.605,52,0.35,0.045,35.0,34.262,within horizon
vancomycin,0.9,1.1,0.054,0.605,52,0.5,0.02,35.0,34.658,within horizon
vancomycin,0.9,1.1,0.054,0.605,52,0.65,0.045,35.0,34.262,within horizon
vancomycin,0.9,1.2,0.054,0.66,8,0.35,0.045,,11.342,after horizon
vancomycin,0.9,1.2,0.054,0.66,8,0.5,0.02,,11.738,after horizon
vancomycin,0.9,1.2,0.054,0.66,8,0.65,0.045,,11.342,after horizon
vancomycin,0.9,1.2,0.054,0.66,12,0.35,0.045,,13.142,after horizon
vancomycin,0.9,1.2,0.054,0.66,12,0.5,0.02,,13.538,after horizon
vancomycin,0.9,1.2,0.054,0.66,12,0.65,0.045,,13.142,after horizon
vancomycin,0.9,1.2,0.054,0.66,26,0.35,0.045,20.0,19.442,within horizon
vancomycin,0.9,1.2,0.054,0.66,26,0.5,0.02,20.0,19.838,within horizon
vancomycin,0.9,1.2,0.054,0.66,26,0.65,0.045,20.0,19.442,within horizon
vancomycin,0.9,1.2,0.054,0.66,52,0.35,0.045,32.0,31.142,within horizon
vancomycin,0.9,1.2,0.054,0.66,52,0.5,0.02,32.0,31.538,within horizon
vancomycin,0.9,1.2,0.054,0.66,52,0.65,0.045,32.0,31.142,within horizon
vancomycin,0.9,1.3,0.054,0.715,8,0.35,0.045,,9.153,after horizon
vancomycin,0.9,1.3,0.054,0.715,8,0.5,0.02,,9.549,after horizon
vancomycin,0.9,1.3,0.054,0.715,8,0.65,0.045,,9.153,after horizon
vancomycin,0.9,1.3,0.054,0.715,12,0.35,0.045,11.0,10.953,within horizon
vancomycin,0.9,1.3,0.054,0.715,12,0.5,0.02,12.0,11.349,within horizon
vancomycin,0.9,1.3,0.054,0.715,12,0.65,0.045,11.0,10.953,within horizon
vancomycin,0.9,1.3,0.054,0.715,26,0.35,0.045,18.0,17.253,within horizon
vancomycin,0.9,1.3,0.054,0.715,26,0.5,0.02,18.0,17.649,within horizon
vancomycin,0.9,1.3,0.054,0.715,26,0.65,0.045,18.0,17.253,within horizon
vancomycin,0.9,1.3,0.054,0.715,52,0.35,0.045,29.0,28.953,within horizon
vancomycin,0.9,1.3,0.054,0.715,52,0.5,0.02,30.0,29.349,within horizon
vancomycin,0.9,1.3,0.054,0.715,52,0.65,0.045,29.0,28.953,within horizon
vancomycin,1.0,0.7,0.06,0.385,8,0.35,0.045,,,never
vancomycin,1.0,0.7,0.06,0.385,8,0.5,0.02,,,never
vancomycin,1.0,0.7,0.06,0.385,8,0.65,0.045,,,never
vancomycin,1.0,0.7,0.06,0.385,12,0.35,0.045,,,never
vancomycin,1.0,0.7,0.06,0.385,12,0.5,0.02,,,never
vancomycin,1.0,0.7,0.06,0.385,12,0.65,0.045,,,never
vancomycin,1.0,0.7,0.06,0.385,26,0.35,0.045,,,never
vancomycin,1.0,0.7,0.06,0.385,26,0.5,0.02,,,never
vancomycin,1.0,0.7,0.06,0.385,26,0.65,0.045,,,never
vancomycin,1.0,0.7,0.06,0.385,52,0.35,0.045,,,never
vancomycin,1.0,0.7,0.06,0.385,52,0.5,0.02,,,never
vancomycin,1.0,0.7,0.06,0.385,52,0.65,0.045,,,never
vancomycin,1.0,0.8,0.06,0.44,8,0.35,0.045,,,never
vancomycin,1.0,0.8,0.06,0.44,8,0.5,0.02,,,never
vancomycin,1.0,0.8,0.06,0.44,8,0.65,0.045,,,never
vancomycin,1.0,0.8,0.06,0.44,12,0.35,0.045,,,never
vancomycin,1.0,0.8,0.06,0.44,12,0.5,0.02,,,never
vancomycin,1.0,0.8,0.06,0.44,12,0.65,0.045,,,never
vancomycin,1.0,0.8,0.06,0.44,26,0.35,0.045,,,never
vancomycin,1.0,0.8,0.06,0.44,26,0.5,0.02,,,never
vancomycin,1.0,0.8,0.06,0.44,26,0.65,0.045,,,never
vancomycin,1.0,0.8,0.06,0.44,52,0.35,0.045,,,never
vancomycin,1.0,0.8,0.06,0.44,52,0.5,0.02,,,never
vancomycin,1.0,0.8,0.06,0.44,52,0.65,0.045,,,never
vancomycin,1.0,0.9,0.06,0.495,8,0.35,0.045,,,never
vancomycin,1.0,0.9,0.06,0.495,8,0.5,0.02,,,never
vancomycin,1.0,0.9,0.06,0.495,8,0.65,0.045,,,never
vancomycin,1.0,0.9,0.06,0.495,12,0.35,0.045,,,never
vancomycin,1.0,0.9,0.06,0.495,12,0.5,0.02,,,never
vancomycin,1.0,0.9,0.06,0.495,12,0.65,0.045,,,never
vancomycin,1.0,0.9,0.06,0.495,26,0.35,0.045,,,never
vancomycin,1.0,0.9,0.06,0.495,26,0.5,0.02,,,never
vancomycin,1.0,0.9,0.06,0.495,26,0.65,0.045,,,never
vancomycin,1.0,0.9,0.06,0.495,52,0.35,0.045,,,never
vancomycin,1.0,0.9,0.06,0.495,52,0.5,0.02,,,never
vancomycin,1.0,0.9,0.06,0.495,52,0.65,0.045,,,never
vancomycin,1.0,1.0,0.06,0.55,8,0.35,0.045,,18.322,after horizon
vancomycin,1.0,1.0,0.06,0.55,8,0.5,0.02,,18.678,after horizon
vancomycin,1.0,1.0,0.06,0.55,8,0.65,0.045,,18.322,after horizon
vancomycin,1.0,1.0,0.06,0.55,12,0.35,0.045,,20.122,after horizon
vancomycin,1.0,1.0,0.06,0.55,12,0.5,0.02,,20.478,after horizon
vancomycin,1.0,1.0,0.06,0.55,12,0.65,0.045,,20.122,after horizon
vancomycin,1.0,1.0,0.06,0.55,26,0.35,0.045,,26.422,after horizon
vancomycin,1.0,1.0,0.06,0.55,26,0.5,0.02,,26.778,after horizon
vancomycin,1.0,1.0,0.06,0.55,26,0.65,0.045,,26.422,after horizon
vancomycin,1.0,1.0,0.06,0.55,52,0.35,0.045,39.0,38.122,within horizon
vancomycin,1.0,1.0,0.06,0.55,52,0.5,0.02,39.0,38.478,within horizon
vancomycin,1.0,1.0,0.06,0.55,52,0.65,0.045,39.0,38.122,within horizon
vancomycin,1.0,1.1,0.06,0.605,8,0.35,0.045,,13.376,after horizon
vancomycin,1.0,1.1,0.06,0.605,8,0.5,0.02,,13.732,after horizon
vancomycin,1.0,1.1,0.06,0.605,8,0.65,0.045,,13.376,after horizon
vancomycin,1.0,1.1,0.06,0.605,12,0.35,0.045,,15.176,after horizon
vancomycin,1.0,1.1,0.06,0.605,12,0.5,0.02,,15.532,after horizon
vancomycin,1.0,1.1,0.06,0.605,12,0.65,0.045,,15.176,after horizon
vancomycin,1.0,1.1,0.06,0.605,26,0.35,0.045,22.0,21.476,within horizon
vancomycin,1.0,1.1,0.06,0.605,26,0.5,0.02,22.0,21.832,within horizon
vancomycin,1.0,1.1,0.06,0.605,26,0.65,0.045,22.0,21.476,within horizon
vancomycin,1.0,1.1,0.06,0.605,52,0.35,0.045,34.0,33.176,within horizon
vancomycin,1.0,1.1,0.06,0.605,52,0.5,0.02,34.0,33.532,within horizon
vancomycin,1.0,1.1,0.06,0.605,52,0.65,0.045,34.0,33.176,within horizon
vancomycin,1.0,1.2,0.06,0.66,8,0.35,0.045,,10.567,after horizon
vancomycin,1.0,1.2,0.06,0.66,8,0.5,0.02,,10.924,after horizon
vancomycin,1.0,1.2,0.06,0.66,8,0.65,0.045,,10.567,after horizon
vancomycin,1.0,1.2,0.06,0.66,12,0.35,0.045,,12.367,after horizon
vancomycin,1.0,1.2,0.06,0.66,12,0.5,0.02,,12.724,after horizon
vancomycin,1.0,1.2,0.06,0.66,12,0.65,0.045,,12.367,after horizon
vancomycin,1.0,1.2,0.06,0.66,26,0.35,0.045,19.0,18.667,within horizon
vancomycin,1.0,1.2,0.06,0.66,26,0.5,0.02,20.0,19.024,within horizon
vancomycin,1.0,1.2,0.06,0.66,26,0.65,0.045,19.0,18.667,within horizon
vancomycin,1.0,1.2,0.06,0.66,52,0.35,0.045,31.0,30.367,within horizon
vancomycin,1.0,1.2,0.06,0.66,52,0.5,0.02,31.0,30.724,within horizon
vancomycin,1.0,1.2,0.06,0.66,52,0.65,0.045,31.0,30.367,within horizon
vancomycin,1.0,1.3,0.06,0.715,8,0.35,0.045,,8.598,after horizon
vancomycin,1.0,1.3,0.06,0.715,8,0.5,0.02,,8.954,after horizon
vancomycin,1.0,1.3,0.06,0.715,8,0.65,0.045,,8.598,after horizon
vancomycin,1.0,1.3,0.06,0.715,12,0.35,0.045,11.0,10.398,within horizon
vancomycin,1.0,1.3,0.06,0.715,12,0.5,0.02,11.0,10.754,within horizon
vancomycin,1.0,1.3,0.06,0.715,12,0.65,0.045,11.0,10.398,within horizon
vancomycin,1.0,1.3,0.06,0.715,26,0.35,0.045,17.0,16.698,within horizon
vancomycin,1.0,1.3,0.06,0.715,26,0.5,0.02,18.0,17.054,within horizon
vancomycin,1.0,1.3,0.06,0.715,26,0.65,0.045,17.0,16.698,within horizon
vancomycin,1.0,1.3,0.06,0.715,52,0.35,0.045,29.0,28.398,within horizon
vancomycin,1.0,1.3,0.06,0.715,52,0.5,0.02,29.0,28.754,within horizon
vancomycin,1.0,1.3,0.06,0.715,52,0.65,0.045,29.0,28.398,within horizon
vancomycin,1.1,0.7,0.066,0.385,8,0.35,0.045,,,never
vancomycin,1.1,0.7,0.066,0.385,8,0.5,0.02,,,never
vancomycin,1.1,0.7,0.066,0.385,8,0.65,0.045,,,never
vancomycin,1.1,0.7,0.066,0.385,12,0.35,0.045,,,never
vancomycin,1.1,0.7,0.066,0.385,12,0.5,0.02,,,never
vancomycin,1.1,0.7,0.066,0.385,12,0.65,0.045,,,never
vancomycin,1.1,0.7,0.066,0.385,26,0.35,0.045,,,never
vancomycin,1.1,0.7,0.066,0.385,26,0.5,0.02,,,never
vancomycin,1.1,0.7,0.066,0.385,26,0.65,0.045,,,never
vancomycin,1.1,0.7,0.066,0.385,52,0.35,0.045,,,never
vancomycin,1.1,0.7,0.066,0.385,52,0.5,0.02,,,never
vancomycin,1.1,0.7,0.066,0.385,52,0.65,0.045,,,never
vancomycin,1.1,0.8,0.066,0.44,8,0.35,0.045,,,never
vancomycin,1.1,0.8,0.066,0.44,8,0.5,0.02,,,never
vancomycin,1.1,0.8,0.066,0.44,8,0.65,0.045,,,never
vancomycin,1.1,0.8,0.066,0.44,12,0.35,0.045,,,never
vancomycin,1.1,0.8,0.066,0.44,12,0.5,0.02,,,never
vancomycin,1.1,0.8,0.066,0.44,12,0.65,0.045,,,never
vancomycin,1.1,0.8,0.066,0.44,26,0.35,0.045,,,never
vancomycin,1.1,0.8,0.066,0.44,26,0.5,0.02,,,never
vancomycin,1.1,0.8,0.066,0.44,26,0.65,0.045,,,never
vancomycin,1.1,0.8,0.066,0.44,52,0.35,0.045,,,never
vancomycin,1.1,0.8,0.066,0.44,52,0.5,0.02,,,never
vancomycin,1.1,0.8,0.066,0.44,52,0.65,0.045,,,never
vancomycin,1.1,0.9,0.066,0.495,8,0.35,0.045,,,never
vancomycin,1.1,0.9,0.066,0.495,8,0.5,0.02,,,never
vancomycin,1.1,0.9,0.066,0.495,8,0.65,0.045,,,never
vancomycin,1.1,0.9,0.066,0.495,12,0.35,0.045,,,never
vancomycin,1.1,0.9,0.066,0.495,12,0.5,0.02,,,never
vancomycin,1.1,0.9,0.066,0.495,12,0.65,0.045,,,never
vancomycin,1.1,0.9,0.066,0.495,26,0.35,0.045,,,never
vancomycin,1.1,0.9,0.066,0.495,26,0.5,0.02,,,never
vancomycin,1.1,0.9,0.066,0.495,26,0.65,0.045,,,never
vancomycin,1.1,0.9,0.066,0.495,52,0.35,0.045,,,never
vancomycin,1.1,0.9,0.066,0.495,52,0.5,0.02,,,never
vancomycin,1.1,0.9,0.066,0.495,52,0.65,0.045,,,never
vancomycin,1.1,1.0,0.066,0.55,8,0.35,0.045,,16.983,after horizon
vancomycin,1.1,1.0,0.066,0.55,8,0.5,0.02,,17.308,after horizon
vancomycin,1.1,1.0,0.066,0.55,8,0.65,0.045,,16.983,after horizon
vancomycin,1.1,1.0,0.066,0.55,12,0.35,0.045,,18.783,after horizon
vancomycin,1.1,1.0,0.066,0.55,12,0.5,0.02,,19.108,after horizon
vancomycin,1.1,1.0,0.066,0.55,12,0.65,0.045,,18.783,after horizon
vancomycin,1.1,1.0,0.066,0.55,26,0.35,0.045,26.0,25.083,within horizon
vancomycin,1.1,1.0,0.066,0.55,26,0.5,0.02,26.0,25.408,within horizon
vancomycin,1.1,1.0,0.066,0.55,26,0.65,0.045,26.0,25.083,within horizon
vancomycin,1.1,1.0,0.066,0.55,52,0.35,0.045,37.0,36.783,within horizon
vancomycin,1.1,1.0,0.066,0.55,52,0.5,0.02,38.0,37.108,within horizon
vancomycin,1.1,1.0,0.066,0.55,52,0.65,0.045,37.0,36.783,within horizon
vancomycin,1.1,1.1,0.066,0.605,8,0.35,0.045,,12.487,after horizon
vancomycin,1.1,1.1,0.066,0.605,8,0.5,0.02,,12.811,after horizon
vancomycin,1.1,1.1,0.066,0.605,8,0.65,0.045,,12.487,after horizon
vancomycin,1.1,1.1,0.066,0.605,12,0.35,0.045,,14.287,after horizon
vancomycin,1.1,1.1,0.066,0.605,12,0.5,0.02,,14.611,after horizon
vancomycin,1.1,1.1,0.066,0.605,12,0.65,0.045,,14.287,after horizon
vancomycin,1.1,1.1,0.066,0.605,26,0.35,0.045,21.0,20.587,within horizon
vancomycin,1.1,1.1,0.066,0.605,26,0.5,0.02,21.0,20.911,within horizon
vancomycin,1.1,1.1,0.066,0.605,26,0.65,0.045,21.0,20.587,within horizon
vancomycin,1.1,1.1,0.066,0.605,52,0.35,0.045,33.0,32.287,within horizon
vancomycin,1.1,1.1,0.066,0.605,52,0.5,0.02,33.0,32.611,within horizon
vancomycin,1.1,1.1,0.066,0.605,52,0.65,0.045,33.0,32.287,within horizon
vancomycin,1.1,1.2,0.066,0.66,8,0.35,0.045,,9.934,after horizon
vancomycin,1.1,1.2,0.066,0.66,8,0.5,0.02,,10.258,after horizon
vancomycin,1.1,1.2,0.066,0.66,8,0.65,0.045,,9.934,after horizon
vancomycin,1.1,1.2,0.066,0.66,12,0.35,0.045,12.0,11.734,within horizon
vancomycin,1.1,1.2,0.066,0.66,12,0.5,0.02,,12.058,after horizon
vancomycin,1.1,1.2,0.066,0.66,12,0.65,0.045,12.0,11.734,within horizon
vancomycin,1.1,1.2,0.066,0.66,26,0.35,0.045,19.0,18.034,within horizon
vancomycin,1.1,1.2,0.066,0.66,26,0.5,0.02,19.0,18.358,within horizon
vancomycin,1.1,1.2,0.066,0.66,26,0.65,0.045,19.0,18.034,within horizon
vancomycin,1.1,1.2,0.066,0.66,52,0.35,0.045,30.0,29.734,within horizon
vancomycin,1.1,1.2,0.066,0.66,52,0.5,0.02,31.0,30.058,within horizon
vancomycin,1.1,1.2,0.066,0.66,52,0.65,0.045,30.0,29.734,within horizon
vancomycin,1.1,1.3,0.066,0.715,8,0.35,0.045,,8.143,after horizon
vancomycin,1.1,1.3,0.066,0.715,8,0.5,0.02,,8.468,after horizon
vancomycin,1.1,1.3,0.066,0.715,8,0.65,0.045,,8.143,after horizon
vancomycin,1.1,1.3,0.066,0.715,12,0.35,0.045,10.0,9.943,within horizon
vancomycin,1.1,1.3,0.066,0.715,12,0.5,0.02,11.0,10.268,within horizon
vancomycin,1.1,1.3,0.066,0.715,12,0.65,0.045,10.0,9.943,within horizon
vancomycin,1.1,1.3,0.066,0.715,26,0.35,0.045,17.0,16.243,within horizon
vancomycin,1.1,1.3,0.066,0.715,26,0.5,0.02,17.0,16.568,within horizon
vancomycin,1.1,1.3,0.066,0.715,26,0.65,0.045,17.0,16.243,within horizon
vancomycin,1.1,1.3,0.066,0.715,52,0.35,0.045,28.0,27.943,within horizon
vancomycin,1.1,1.3,0.066,0.715,52,0.5,0.02,29.0,28.268,within horizon
vancomycin,1.1,1.3,0.066,0.715,52,0.65,0.045,28.0,27.943,within horizon
vancomycin,1.2,0.7,0.072,0.385,8,0.35,0.045,,,never
vancomycin,1.2,0.7,0.072,0.385,8,0.5,0.02,,,never
vancomycin,1.2,0.7,0.072,0.385,8,0.65,0.045,,,never
vancomycin,1.2,0.7,0.072,0.385,12,0.35,0.045,,,never
vancomycin,1.2,0.7,0.072,0.385,12,0.5,0.02,,,never
vancomycin,1.2,0.7,0.072,0.385,12,0.65,0.045,,,never
vancomycin,1.2,0.7,0.072,0.385,26,0.35,0.045,,,never
vancomycin,1.2,0.7,0.072,0.385,26,0.5,0.02,,,never
vancomycin,1.2,0.7,0.072,0.385,26,0.65,0.045,,,never
vancomycin,1.2,0.7,0.072,0.385,52,0.35,0.045,,,never
vancomycin,1.2,0.7,0.072,0.385,52,0.5,0.02,,,never
vancomycin,1.2,0.7,0.072,0.385,52,0.65,0.045,,,never
vancomycin,1.2,0.8,0.072,0.44,8,0.35,0.045,,,never
vancomycin,1.2,0.8,0.072,0.44,8,0.5,0.02,,,never
vancomycin,1.2,0.8,0.072,0.44,8,0.65,0.045,,,never
vancomycin,1.2,0.8,0.072,0.44,12,0.35,0.045,,,never
vancomycin,1.2,0.8,0.072,0.44,12,0.5,0.02,,,never
vancomycin,1.2,0.8,0.072,0.44,12,0.65,0.045,,,never
vancomycin,1.2,0.8,0.072,0.44,26,0.35,0.045,,,never
vancomycin,1.2,0.8,0.072,0.44,26,0.5,0.02,,,never
vancomycin,1.2,0.8,0.072,0.44,26,0.65,0.045,,,never
vancomycin,1.2,0.8,0.072,0.44,52,0.35,0.045,,,never
vancomycin,1.2,0.8,0.072,0.44,52,0.5,0.02,,,never
vancomycin,1.2,0.8,0.072,0.44,52,0.65,0.045,,,never
vancomycin,1.2,0.9,0.072,0.495,8,0.35,0.045,,,never
vancomycin,1.2,0.9,0.072,0.495,8,0.5,0.02,,,never
vancomycin,1.2,0.9,0.072,0.495,8,0.65,0.045,,,never
vancomycin,1.2,0.9,0.072,0.495,12,0.35,0.045,,,never
vancomycin,1.2,0.9,0.072,0.495,12,0.5,0.02,,,never
vancomycin,1.2,0.9,0.072,0.495,12,0.65,0.045,,,never
vancomycin,1.2,0.9,0.072,0.495,26,0.35,0.045,,,never
vancomycin,1.2,0.9,0.072,0.495,26,0.5,0.02,,,never
vancomycin,1.2,0.9,0.072,0.495,26,0.65,0.045,,,never
vancomycin,1.2,0.9,0.072,0.495,52,0.35,0.045,,,never
vancomycin,1.2,0.9,0.072,0.495,52,0.5,0.02,,,never
vancomycin,1.2,0.9,0.072,0.495,52,0.65,0.045,,,never
vancomycin,1.2,1.0,0.072,0.55,8,0.35,0.045,,15.868,after horizon
vancomycin,1.2,1.0,0.072,0.55,8,0.5,0.02,,16.165,after horizon
vancomycin,1.2,1.0,0.072,0.55,8,0.65,0.045,,15.868,after horizon
vancomycin,1.2,1.0,0.072,0.55,12,0.35,0.045,,17.668,after horizon
vancomycin,1.2,1.0,0.072,0.55,12,0.5,0.02,,17.965,after horizon
vancomycin,1.2,1.0,0.072,0.55,12,0.65,0.045,,17.668,after horizon
vancomycin,1.2,1.0,0.072,0.55,26,0.35,0.045,24.0,23.968,within horizon
vancomycin,1.2,1.0,0.072,0.55,26,0.5,0.02,25.0,24.265,within horizon
vancomycin,1.2,1.0,0.072,0.55,26,0.65,0.045,24.0,23.968,within horizon
vancomycin,1.2,1.0,0.072,0.55,52,0.35,0.045,36.0,35.668,within horizon
vancomycin,1.2,1.0,0.072,0.55,52,0.5,0.02,36.0,35.965,within horizon
vancomycin,1.2,1.0,0.072,0.55,52,0.65,0.045,36.0,35.668,within horizon
vancomycin,1.2,1.1,0.072,0.605,8,0.35,0.045,,11.746,after horizon
vancomycin,1.2,1.1,0.072,0.605,8,0.5,0.02,,12.043,after horizon
vancomycin,1.2,1.1,0.072,0.605,8,0.65,0.045,,11.746,after horizon
vancomycin,1.2,1.1,0.072,0.605,12,0.35,0.045,,13.546,after horizon
vancomycin,1.2,1.1,0.072,0.605,12,0.5,0.02,,13.843,after horizon
vancomycin,1.2,1.1,0.072,0.605,12,0.65,0.045,,13.546,after horizon
vancomycin,1.2,1.1,0.072,0.605,26,0.35,0.045,20.0,19.846,within horizon
vancomycin,1.2,1.1,0.072,0.605,26,0.5,0.02,21.0,20.143,within horizon
vancomycin,1.2,1.1,0.072,0.605,26,0.65,0.045,20.0,19.846,within horizon
vancomycin,1.2,1.1,0.072,0.605,52,0.35,0.045,32.0,31.546,within horizon
vancomycin,1.2,1.1,0.072,0.605,52,0.5,0.02,32.0,31.843,within horizon
vancomycin,1.2,1.1,0.072,0.605,52,0.65,0.045,32.0,31.546,within horizon
vancomycin,1.2,1.2,0.072,0.66,8,0.35,0.045,,9.406,after horizon
vancomycin,1.2,1.2,0.072,0.66,8,0.5,0.02,,9.703,after horizon
vancomycin,1.2,1.2,0.072,0.66,8,0.65,0.045,,9.406,after horizon
vancomycin,1.2,1.2,0.072,0.66,12,0.35,0.045,12.0,11.206,within horizon
vancomycin,1.2,1.2,0.072,0.66,12,0.5,0.02,12.0,11.503,within horizon
vancomycin,1.2,1.2,0.072,0.66,12,0.65,0.045,12.0,11.206,within horizon
vancomycin,1.2,1.2,0.072,0.66,26,0.35,0.045,18.0,17.506,within horizon
vancomycin,1.2,1.2,0.072,0.66,26,0.5,0.02,18.0,17.803,within horizon
vancomycin,1.2,1.2,0.072,0.66,26,0.65,0.045,18.0,17.506,within horizon
vancomycin,1.2,1.2,0.072,0.66,52,0.35,0.045,30.0,29.206,within horizon
vancomycin,1.2,1.2,0.072,0.66,52,0.5,0.02,30.0,29.503,within horizon
vancomycin,1.2,1.2,0.072,0.66,52,0.65,0.045,30.0,29.206,within horizon
vancomycin,1.2,1.3,0.072,0.715,8,0.35,0.045,8.0,7.765,within horizon
vancomycin,1.2,1.3,0.072,0.715,8,0.5,0.02,,8.062,after horizon
vancomycin,1.2,1.3,0.072,0.715,8,0.65,0.045,8.0,7.765,within horizon
vancomycin,1.2,1.3,0.072,0.715,12,0.35,0.045,10.0,9.565,within horizon
vancomycin,1.2,1.3,0.072,0.715,12,0.5,0.02,10.0,9.862,within horizon
vancomycin,1.2,1.3,0.072,0.715,12,0.65,0.045,10.0,9.565,within horizon
vancomycin,1.2,1.3,0.072,0.715,26,0.35,0.045,16.0,15.865,within horizon
vancomycin,1.2,1.3,0.072,0.715,26,0.5,0.02,17.0,16.162,within horizon
vancomycin,1.2,1.3,0.072,0.715,26,0.65,0.045,16.0,15.865,within horizon
vancomycin,1.2,1.3,0.072,0.715,52,0.35,0.045,28.0,27.565,within horizon
vancomycin,1.2,1.3,0.072,0.715,52,0.5,0.02,28.0,27.862,within horizon
vancomycin,1.2,1.3,0.072,0.715,52,0.65,0.045,28.0,27.565,within horizon
vancomycin,1.3,0.7,0.078,0.385,8,0.35,0.045,,,never
vancomycin,1.3,0.7,0.078,0.385,8,0.5,0.02,,,never
vancomycin,1.3,0.7,0.078,0.385,8,0.65,0.045,,,never
vancomycin,1.3,0.7,0.078,0.385,12,0.35,0.045,,,never
vancomycin,1.3,0.7,0.078,0.385,12,0.5,0.02,,,never
vancomycin,1.3,0.7,0.078,0.385,12,0.65,0.045,,,never
vancomycin,1.3,0.7,0.078,0.385,26,0.35,0.045,,,never
vancomycin,1.3,0.7,0.078,0.385,26,0.5,0.02,,,never
vancomycin,1.3,0.7,0.078,0.385,26,0.65,0.045,,,never
vancomycin,1.3,0.7,0.078,0.385,52,0.35,0.045,,,never
vancomycin,1.3,0.7,0.078,0.385,52,0.5,0.02,,,never
vancomycin,1.3,0.7,0.078,0.385,52,0.65,0.045,,,never
vancomycin,1.3,0.8,0.078,0.44,8,0.35,0.045,,,never
vancomycin,1.3,0.8,0.078,0.44,8,0.5,0.02,,,never
vancomycin,1.3,0.8,0.078,0.44,8,0.65,0.045,,,never
vancomycin,1.3,0.8,0.078,0.44,12,0.35,0.045,,,never
vancomycin,1.3,0.8,0.078,0.44,12,0.5,0.02,,,never
vancomycin,1.3,0.8,0.078,0.44,12,0.65,0.045,,,never
vancomycin,1.3,0.8,0.078,0.44,26,0.35,0.045,,,never
vancomycin,1.3,0.8,0.078,0.44,26,0.5,0.02,,,never
vancomycin,1.3,0.8,0.078,0.44,26,0.65,0.045,,,never
vancomycin,1.3,0.8,0.078,0.44,52,0.35,0.045,,,never
vancomycin,1.3,0.8,0.078,0.44,52,0.5,0.02,,,never
vancomycin,1.3,0.8,0.078,0.44,52,0.65,0.045,,,never
vancomycin,1.3,0.9,0.078,0.495,8,0.35,0.045,,,never
vancomycin,1.3,0.9,0.078,0.495,8,0.5,0.02,,,never
vancomycin,1.3,0.9,0.078,0.495,8,0.65,0.045,,,never
vancomycin,1.3,0.9,0.078,0.495,12,0.35,0.045,,,never
vancomycin,1.3,0.9,0.078,0.495,12,0.5,0.02,,,never
vancomycin,1.3,0.9,0.078,0.495,12,0.65,0.045,,,never
vancomycin,1.3,0.9,0.078,0.495,26,0.35,0.045,,,never
vancomycin,1.3,0.9,0.078,0.495,26,0.5,0.02,,,never
vancomycin,1.3,0.9,0.078,0.495,26,0.65,0.045,,,never
vancomycin,1.3,0.9,0.078,0.495,52,0.35,0.045,,,never
vancomycin,1.3,0.9,0.078,0.495,52,0.5,0.02,,,never
vancomycin,1.3,0.9,0.078,0.495,52,0.65,0.045,,,never
vancomycin,1.3,1.0,0.078,0.55,8,0.35,0.045,,14.924,after horizon
vancomycin,1.3,1.0,0.078,0.55,8,0.5,0.02,,15.199,after horizon
vancomycin,1.3,1.0,0.078,0.55,8,0.65,0.045,,14.924,after horizon
vancomycin,1.3,1.0,0.078,0.55,12,0.35,0.045,,16.724,after horizon
vancomycin,1.3,1.0,0.078,0.55,12,0.5,0.02,,16.999,after horizon
vancomycin,1.3,1.0,0.078,0.55,12,0.65,0.045,,16.724,after horizon
vancomycin,1.3,1.0,0.078,0.55,26,0.35,0.045,24.0,23.024,within horizon
vancomycin,1.3,1.0,0.078,0.55,26,0.5,0.02,24.0,23.299,within horizon
vancomycin,1.3,1.0,0.078,0.55,26,0.65,0.045,24.0,23.024,within horizon
vancomycin,1.3,1.0,0.078,0.55,52,0.35,0.045,35.0,34.724,within horizon
vancomycin,1.3,1.0,0.078,0.55,52,0.5,0.02,35.0,34.999,within horizon
vancomycin,1.3,1.0,0.078,0.55,52,0.65,0.045,35.0,34.724,within horizon
vancomycin,1.3,1.1,0.078,0.605,8,0.35,0.045,,11.12,after horizon
vancomycin,1.3,1.1,0.078,0.605,8,0.5,0.02,,11.394,after horizon
vancomycin,1.3,1.1,0.078,0.605,8,0.65,0.045,,11.12,after horizon
vancomycin,1.3,1.1,0.078,0.605,12,0.35,0.045,,12.92,after horizon
vancomycin,1.3,1.1,0.078,0.605,12,0.5,0.02,,13.194,after horizon
vancomycin,1.3,1.1,0.078,0.605,12,0.65,0.045,,12.92,after horizon
vancomycin,1.3,1.1,0.078,0.605,26,0.35,0.045,20.0,19.22,within horizon
vancomycin,1.3,1.1,0.078,0.605,26,0.5,0.02,20.0,19.494,within horizon
vancomycin,1.3,1.1,0.078,0.605,26,0.65,0.045,20.0,19.22,within horizon
vancomycin,1.3,1.1,0.078,0.605,52,0.35,0.045,31.0,30.92,within horizon
vancomycin,1.3,1.1,0.078,0.605,52,0.5,0.02,32.0,31.194,within horizon
vancomycin,1.3,1.1,0.078,0.605,52,0.65,0.045,31.0,30.92,within horizon
vancomycin,1.3,1.2,0.078,0.66,8,0.35,0.045,,8.96,after horizon
vancomycin,1.3,1.2,0.078,0.66,8,0.5,0.02,,9.234,after horizon
vancomycin,1.3,1.2,0.078,0.66,8,0.65,0.045,,8.96,after horizon
vancomycin,1.3,1.2,0.078,0.66,12,0.35,0.045,11.0,10.76,within horizon
vancomycin,1.3,1.2,0.078,0.66,12,0.5,0.02,12.0,11.034,within horizon
vancomycin,1.3,1.2,0.078,0.66,12,0.65,0.045,11.0,10.76,within horizon
vancomycin,1.3,1.2,0.078,0.66,26,0.35,0.045,18.0,17.06,within horizon
vancomycin,1.3,1.2,0.078,0.66,26,0.5,0.02,18.0,17.334,within horizon
vancomycin,1.3,1.2,0.078,0.66,26,0.65,0.045,18.0,17.06,within horizon
vancomycin,1.3,1.2,0.078,0.66,52,0.35,0.045,29.0,28.76,within horizon
vancomycin,1.3,1.2,0.078,0.66,52,0.5,0.02,30.0,29.034,within horizon
vancomycin,1.3,1.2,0.078,0.66,52,0.65,0.045,29.0,28.76,within horizon
vancomycin,1.3,1.3,0.078,0.715,8,0.35,0.045,8.0,7.444,within horizon
vancomycin,1.3,1.3,0.078,0.715,8,0.5,0.02,8.0,7.719,within horizon
vancomycin,1.3,1.3,0.078,0.715,8,0.65,0.045,8.0,7.444,within horizon
vancomycin,1.3,1.3,0.078,0.715,12,0.35,0.045,10.0,9.244,within horizon
vancomycin,1.3,1.3,0.078,0.715,12,0.5,0.02,10.0,9.519,within horizon
vancomycin,1.3,1.3,0.078,0.715,12,0.65,0.045,10.0,9.244,within horizon
vancomycin,1.3,1.3,0.078,0.715,26,0.35,0.045,16.0,15.544,within horizon
vancomycin,1.3,1.3,0.078,0.715,26,0.5,0.02,16.0,15.819,within horizon
vancomycin,1.3,1.3,0.078,0.715,26,0.65,0.045,16.0,15.544,within horizon
vancomycin,1.3,1.3,0.078,0.715,52,0.35,0.045,28.0,27.244,within horizon
vancomycin,1.3,1.3,0.078,0.715,52,0.5,0.02,28.0,27.519,within horizon
vancomycin,1.3,1.3,0.078,0.715,52,0.65,0.045,28.0,27.244,within horizon
colistin,0.7,0.7,0.035,0.35,8,0.35,0.045,,,never
colistin,0.7,0.7,0.035,0.35,8,0.5,0.02,,,never
colistin,0.7,0.7,0.035,0.35,8,0.65,0.045,,,never
colistin,0.7,0.7,0.035,0.35,12,0.35,0.045,,,never
colistin,0.7,0.7,0.035,0.35,12,0.5,0.02,,,never
colistin,0.7,0.7,0.035,0.35,12,0.65,0.045,,,never
colistin,0.7,0.7,0.035,0.35,26,0.35,0.045,,,never
colistin,0.7,0.7,0.035,0.35,26,0.5,0.02,,,never
colistin,0.7,0.7,0.035,0.35,26,0.65,0.045,,,never
colistin,0.7,0.7,0.035,0.35,52,0.35,0.045,,,never
colistin,0.7,0.7,0.035,0.35,52,0.5,0.02,,,never
colistin,0.7,0.7,0.035,0.35,52,0.65,0.045,,,never
colistin,0.7,0.8,0.035,0.4,8,0.35,0.045,,,never
colistin,0.7,0.8,0.035,0.4,8,0.5,0.02,,,never
colistin,0.7,0.8,0.035,0.4,8,0.65,0.045,,,never
colistin,0.7,0.8,0.035,0.4,12,0.35,0.045,,,never
colistin,0.7,0.8,0.035,0.4,12,0.5,0.02,,,never
colistin,0.7,0.8,0.035,0.4,12,0.65,0.045,,,never
colistin,0.7,0.8,0.035,0.4,26,0.35,0.045,,,never
colistin,0.7,0.8,0.035,0.4,26,0.5,0.02,,,never
colistin,0.7,0.8,0.035,0.4,26,0.65,0.045,,,never
colistin,0.7,0.8,0.035,0.4,52,0.35,0.045,,,never
colistin,0.7,0.8,0.035,0.4,52,0.5,0.02,,,never
colistin,0.7,0.8,0.035,0.4,52,0.65,0.045,,,never
colistin,0.7,0.9,0.035,0.45,8,0.35,0.045,,,never
colistin,0.7,0.9,0.035,0.45,8,0.5,0.02,,,never
colistin,0.7,0.9,0.035,0.45,8,0.65,0.045,,,never
colistin,0.7,0.9,0.035,0.45,12,0.35,0.045,,,never
colistin,0.7,0.9,0.035,0.45,12,0.5,0.02,,,never
colistin,0.7,0.9,0.035,0.45,12,0.65,0.045,,,never
colistin,0.7,0.9,0.035,0.45,26,0.35,0.045,,,never
colistin,0.7,0.9,0.035,0.45,26,0.5,0.02,,,never
colistin,0.7,0.9,0.035,0.45,26,0.65,0.045,,,never
colistin,0.7,0.9,0.035,0.45,52,0.35,0.045,,,never
colistin,0.7,0.9,0.035,0.45,52,0.5,0.02,,,never
colistin,0.7,0.9,0.035,0.45,52,0.65,0.045,,,never
colistin,0.7,1.0,0.035,0.5,8,0.35,0.045,,,never
colistin,0.7,1.0,0.035,0.5,8,0.5,0.02,,,never
colistin,0.7,1.0,0.035,0.5,8,0.65,0.045,,,never
colistin,0.7,1.0,0.035,0.5,12,0.35,0.045,,,never
colistin,0.7,1.0,0.035,0.5,12,0.5,0.02,,,never
colistin,0.7,1.0,0.035,0.5,12,0.65,0.045,,,never
colistin,0.7,1.0,0.035,0.5,26,0.35,0.045,,,never
colistin,0.7,1.0,0.035,0.5,26,0.5,0.02,,,never
colistin,0.7,1.0,0.035,0.5,26,0.65,0.045,,,never
colistin,0.7,1.0,0.035,0.5,52,0.35,0.045,,,never
colistin,0.7,1.0,0.035,0.5,52,0.5,0.02,,,never
colistin,0.7,1.0,0.035,0.5,52,0.65,0.045,,,never
colistin,0.7,1.1,0.035,0.55,8,0.35,0.045,,28.837,after horizon
colistin,0.7,1.1,0.035,0.55,8,0.5,0.02,,29.449,after horizon
colistin,0.7,1.1,0.035,0.55,8,0.65,0.045,,28.837,after horizon
colistin,0.7,1.1,0.035,0.55,12,0.35,0.045,,30.637,after horizon
colistin,0.7,1.1,0.035,0.55,12,0.5,0.02,,31.249,after horizon
colistin,0.7,1.1,0.035,0.55,12,0.65,0.045,,30.637,after horizon
colistin,0.7,1.1,0.035,0.55,26,0.35,0.045,,36.937,after horizon
colistin,0.7,1.1,0.035,0.55,26,0.5,0.02,,37.549,after horizon
colistin,0.7,1.1,0.035,0.55,26,0.65,0.045,,36.937,after horizon
colistin,0.7,1.1,0.035,0.55,52,0.35,0.045,49.0,48.637,within horizon
colistin,0.7,1.1,0.035,0.55,52,0.5,0.02,50.0,49.249,within horizon
colistin,0.7,1.1,0.035,0.55,52,0.65,0.045,49.0,48.637,within horizon
colistin,0.7,1.2,0.035,0.6,8,0.35,0.045,,20.916,after horizon
colistin,0.7,1.2,0.035,0.6,8,0.5,0.02,,21.527,after horizon
colistin,0.7,1.2,0.035,0.6,8,0.65,0.045,,20.916,after horizon
colistin,0.7,1.2,0.035,0.6,12,0.35,0.045,,22.716,after horizon
colistin,0.7,1.2,0.035,0.6,12,0.5,0.02,,23.327,after horizon
colistin,0.7,1.2,0.035,0.6,12,0.65,0.045,,22.716,after horizon
colistin,0.7,1.2,0.035,0.6,26,0.35,0.045,,29.016,after horizon
colistin,0.7,1.2,0.035,0.6,26,0.5,0.02,,29.627,after horizon
colistin,0.7,1.2,0.035,0.6,26,0.65,0.045,,29.016,after horizon
colistin,0.7,1.2,0.035,0.6,52,0.35,0.045,41.0,40.716,within horizon
colistin,0.7,1.2,0.035,0.6,52,0.5,0.02,42.0,41.327,within horizon
colistin,0.7,1.2,0.035,0.6,52,0.65,0.045,41.0,40.716,within horizon
colistin,0.7,1.3,0.035,0.65,8,0.35,0.045,,16.282,after horizon
colistin,0.7,1.3,0.035,0.65,8,0.5,0.02,,16.893,after horizon
colistin,0.7,1.3,0.035,0.65,8,0.65,0.045,,16.282,after horizon
colistin,0.7,1.3,0.035,0.65,12,0.35,0.045,,18.082,after horizon
colistin,0.7,1.3,0.035,0.65,12,0.5,0.02,,18.693,after horizon
colistin,0.7,1.3,0.035,0.65,12,0.65,0.045,,18.082,after horizon
colistin,0.7,1.3,0.035,0.65,26,0.35,0.045,25.0,24.382,within horizon
colistin,0.7,1.3,0.035,0.65,26,0.5,0.02,25.0,24.993,within horizon
colistin,0.7,1.3,0.035,0.65,26,0.65,0.045,25.0,24.382,within horizon
colistin,0.7,1.3,0.035,0.65,52,0.35,0.045,37.0,36.082,within horizon
colistin,0.7,1.3,0.035,0.65,52,0.5,0.02,37.0,36.693,within horizon
colistin,0.7,1.3,0.035,0.65,52,0.65,0.045,37.0,36.082,within horizon
colistin,0.8,0.7,0.04,0.35,8,0.35,0.045,,,never
colistin,0.8,0.7,0.04,0.35,8,0.5,0.02,,,never
colistin,0.8,0.7,0.04,0.35,8,0.65,0.045,,,never
colistin,0.8,0.7,0.04,0.35,12,0.35,0.045,,,never
colistin,0.8,0.7,0.04,0.35,12,0.5,0.02,,,never
colistin,0.8,0.7,0.04,0.35,12,0.65,0.045,,,never
colistin,0.8,0.7,0.04,0.35,26,0.35,0.045,,,never
colistin,0.8,0.7,0.04,0.35,26,0.5,0.02,,,never
colistin,0.8,0.7,0.04,0.35,26,0.65,0.045,,,never
colistin,0.8,0.7,0.04,0.35,52,0.35,0.045,,,never
colistin,0.8,0.7,0.04,0.35,52,0.5,0.02,,,never
colistin,0.8,0.7,0.04,0.35,52,0.65,0.045,,,never
colistin,0.8,0.8,0.04,0.4,8,0.35,0.045,,,never
colistin,0.8,0.8,0.04,0.4,8,0.5,0.02,,,never
colistin,0.8,0.8,0.04,0.4,8,0.65,0.045,,,never
colistin,0.8,0.8,0.04,0.4,12,0.35,0.045,,,never
colistin,0.8,0.8,0.04,0.4,12,0.5,0.02,,,never
colistin,0.8,0.8,0.04,0.4,12,0.65,0.045,,,never
colistin,0.8,0.8,0.04,0.4,26,0.35,0.045,,,never
colistin,0.8,0.8,0.04,0.4,26,0.5,0.02,,,never
colistin,0.8,0.8,0.04,0.4,26,0.65,0.045,,,never
colistin,0.8,0.8,0.04,0.4,52,0.35,0.045,,,never
colistin,0.8,0.8,0.04,0.4,52,0.5,0.02,,,never
colistin,0.8,0.8,0.04,0.4,52,0.65,0.045,,,never
colistin,0.8,0.9,0.04,0.45,8,0.35,0.045,,,never
colistin,0.8,0.9,0.04,0.45,8,0.5,0.02,,,never
colistin,0.8,0.9,0.04,0.45,8,0.65,0.045,,,never
colistin,0.8,0.9,0.04,0.45,12,0.35,0.045,,,never
colistin,0.8,0.9,0.04,0.45,12,0.5,0.02,,,never
colistin,0.8,0.9,0.04,0.45,12,0.65,0.045,,,never
colistin,0.8,0.9,0.04,0.45,26,0.35,0.045,,,never
colistin,0.8,0.9,0.04,0.45,26,0.5,0.02,,,never
colistin,0.8,0.9,0.04,0.45,26,0.65,0.045,,,never
colistin,0.8,0.9,0.04,0.45,52,0.35,0.045,,,never
colistin,0.8,0.9,0.04,0.45,52,0.5,0.02,,,never
colistin,0.8,0.9,0.04,0.45,52,0.65,0.045,,,never
colistin,0.8,1.0,0.04,0.5,8,0.35,0.045,,,never
colistin,0.8,1.0,0.04,0.5,8,0.5,0.02,,,never
colistin,0.8,1.0,0.04,0.5,8,0.65,0.045,,,never
colistin,0.8,1.0,0.04,0.5,12,0.35,0.045,,,never
colistin,0.8,1.0,0.04,0.5,12,0.5,0.02,,,never
colistin,0.8,1.0,0.04,0.5,12,0.65,0.045,,,never
colistin,0.8,1.0,0.04,0.5,26,0.35,0.045,,,never
colistin,0.8,1.0,0.04,0.5,26,0.5,0.02,,,never
colistin,0.8,1.0,0.04,0.5,26,0.65,0.045,,,never
colistin,0.8,1.0,0.04,0.5,52,0.35,0.045,,,never
colistin,0.8,1.0,0.04,0.5,52,0.5,0.02,,,never
colistin,0.8,1.0,0.04,0.5,52,0.65,0.045,,,never
colistin,0.8,1.1,0.04,0.55,8,0.35,0.045,,25.683,after horizon
colistin,0.8,1.1,0.04,0.55,8,0.5,0.02,,26.218,after horizon
colistin,0.8,1.1,0.04,0.55,8,0.65,0.045,,25.683,after horizon
colistin,0.8,1.1,0.04,0.55,12,0.35,0.045,,27.483,after horizon
colistin,0.8,1.1,0.04,0.55,12,0.5,0.02,,28.018,after horizon
colistin,0.8,1.1,0.04,0.55,12,0.65,0.045,,27.483,after horizon
colistin,0.8,1.1,0.04,0.55,26,0.35,0.045,,33.783,after horizon
colistin,0.8,1.1,0.04,0.55,26,0.5,0.02,,34.318,after horizon
colistin,0.8,1.1,0.04,0.55,26,0.65,0.045,,33.783,after horizon
colistin,0.8,1.1,0.04,0.55,52,0.35,0.045,46.0,45.483,within horizon
colistin,0.8,1.1,0.04,0.55,52,0.5,0.02,47.0,46.018,within horizon
colistin,0.8,1.1,0.04,0.55,52,0.65,0.045,46.0,45.483,within horizon
colistin,0.8,1.2,0.04,0.6,8,0.35,0.045,,18.751,after horizon
colistin,0.8,1.2,0.04,0.6,8,0.5,0.02,,19.286,after horizon
colistin,0.8,1.2,0.04,0.6,8,0.65,0.045,,18.751,after horizon
colistin,0.8,1.2,0.04,0.6,12,0.35,0.045,,20.551,after horizon
colistin,0.8,1.2,0.04,0.6,12,0.5,0.02,,21.086,after horizon
colistin,0.8,1.2,0.04,0.6,12,0.65,0.045,,20.551,after horizon
colistin,0.8,1.2,0.04,0.6,26,0.35,0.045,,26.851,after horizon
colistin,0.8,1.2,0.04,0.6,26,0.5,0.02,,27.386,after horizon
colistin,0.8,1.2,0.04,0.6,26,0.65,0.045,,26.851,after horizon
colistin,0.8,1.2,0.04,0.6,52,0.35,0.045,39.0,38.551,within horizon
colistin,0.8,1.2,0.04,0.6,52,0.5,0.02,40.0,39.086,within horizon
colistin,0.8,1.2,0.04,0.6,52,0.65,0.045,39.0,38.551,within horizon
colistin,0.8,1.3,0.04,0.65,8,0.35,0.045,,14.697,after horizon
colistin,0.8,1.3,0.04,0.65,8,0.5,0.02,,15.232,after horizon
colistin,0.8,1.3,0.04,0.65,8,0.65,0.045,,14.697,after horizon
colistin,0.8,1.3,0.04,0.65,12,0.35,0.045,,16.497,after horizon
colistin,0.8,1.3,0.04,0.65,12,0.5,0.02,,17.032,after horizon
colistin,0.8,1.3,0.04,0.65,12,0.65,0.045,,16.497,after horizon
colistin,0.8,1.3,0.04,0.65,26,0.35,0.045,23.0,22.797,within horizon
colistin,0.8,1.3,0.04,0.65,26,0.5,0.02,24.0,23.332,within horizon
colistin,0.8,1.3,0.04,0.65,26,0.65,0.045,23.0,22.797,within horizon
colistin,0.8,1.3,0.04,0.65,52,0.35,0.045,35.0,34.497,within horizon
colistin,0.8,1.3,0.04,0.65,52,0.5,0.02,36.0,35.032,within horizon
colistin,0.8,1.3,0.04,0.65,52,0.65,0.045,35.0,34.497,within horizon
colistin,0.9,0.7,0.045,0.35,8,0.35,0.045,,,never
colistin,0.9,0.7,0.045,0.35,8,0.5,0.02,,,never
colistin,0.9,0.7,0.045,0.35,8,0.65,0.045,,,never
colistin,0.9,0.7,0.045,0.35,12,0.35,0.045,,,never
colistin,0.9,0.7,0.045,0.35,12,0.5,0.02,,,never
colistin,0.9,0.7,0.045,0.35,12,0.65,0.045,,,never
colistin,0.9,0.7,0.045,0.35,26,0.35,0.045,,,never
colistin,0.9,0.7,0.045,0.35,26,0.5,0.02,,,never
colistin,0.9,0.7,0.045,0.35,26,0.65,0.045,,,never
colistin,0.9,0.7,0.045,0.35,52,0.35,0.045,,,never
colistin,0.9,0.7,0.045,0.35,52,0.5,0.02,,,never
colistin,0.9,0.7,0.045,0.35,52,0.65,0.045,,,never
colistin,0.9,0.8,0.045,0.4,8,0.35,0.045,,,never
colistin,0.9,0.8,0.045,0.4,8,0.5,0.02,,,never
colistin,0.9,0.8,0.045,0.4,8,0.65,0.045,,,never
colistin,0.9,0.8,0.045,0.4,12,0.35,0.045,,,never
colistin,0.9,0.8,0.045,0.4,12,0.5,0.02,,,never
colistin,0.9,0.8,0.045,0.4,12,0.65,0.045,,,never
colistin,0.9,0.8,0.045,0.4,26,0.35,0.045,,,never
colistin,0.9,0.8,0.045,0.4,26,0.5,0.02,,,never
colistin,0.9,0.8,0.045,0.4,26,0.65,0.045,,,never
colistin,0.9,0.8,0.045,0.4,52,0.35,0.045,,,never
colistin,0.9,0.8,0.045,0.4,52,0.5,0.02,,,never
colistin,0.9,0.8,0.045,0.4,52,0.65,0.045,,,never
colistin,0.9,0.9,0.045,0.45,8,0.35,0.045,,,never
colistin,0.9,0.9,0.045,0.45,8,0.5,0.02,,,never
colistin,0.9,0.9,0.045,0.45,8,0.65,0.045,,,never
colistin,0.9,0.9,0.045,0.45,12,0.35,0.045,,,never
colistin,0.9,0.9,0.045,0.45,12,0.5,0.02,,,never
colistin,0.9,0.9,0.045,0.45,12,0.65,0.045,,,never
colistin,0.9,0.9,0.045,0.45,26,0.35,0.045,,,never
colistin,0.9,0.9,0.045,0.45,26,0.5,0.02,,,never
colistin,0.9,0.9,0.045,0.45,26,0.65,0.045,,,never
colistin,0.9,0.9,0.045,0.45,52,0.35,0.045,,,never
colistin,0.9,0.9,0.045,0.45,52,0.5,0.02,,,never
colistin,0.9,0.9,0.045,0.45,52,0.65,0.045,,,never
colistin,0.9,1.0,0.045,0.5,8,0.35,0.045,,,never
colistin,0.9,1.0,0.045,0.5,8,0.5,0.02,,,never
colistin,0.9,1.0,0.045,0.5,8,0.65,0.045,,,never
colistin,0.9,1.0,0.045,0.5,12,0.35,0.045,,,never
colistin,0.9,1.0,0.045,0.5,12,0.5,0.02,,,never
colistin,0.9,1.0,0.045,0.5,12,0.65,0.045,,,never
colistin,0.9,1.0,0.045,0.5,26,0.35,0.045,,,never
colistin,0.9,1.0,0.045,0.5,26,0.5,0.02,,,never
colistin,0.9,1.0,0.045,0.5,26,0.65,0.045,,,never
colistin,0.9,1.0,0.045,0.5,52,0.35,0.045,,,never
colistin,0.9,1.0,0.045,0.5,52,0.5,0.02,,,never
colistin,0.9,1.0,0.045,0.5,52,0.65,0.045,,,never
colistin,0.9,1.1,0.045,0.55,8,0.35,0.045,,23.229,after horizon
colistin,0.9,1.1,0.045,0.55,8,0.5,0.02,,23.705,after horizon
colistin,0.9,1.1,0.045,0.55,8,0.65,0.045,,23.229,after horizon
colistin,0.9,1.1,0.045,0.55,12,0.35,0.045,,25.029,after horizon
colistin,0.9,1.1,0.045,0.55,12,0.5,0.02,,25.505,after horizon
colistin,0.9,1.1,0.045,0.55,12,0.65,0.045,,25.029,after horizon
colistin,0.9,1.1,0.045,0.55,26,0.35,0.045,,31.329,after horizon
colistin,0.9,1.1,0.045,0.55,26,0.5,0.02,,31.805,after horizon
colistin,0.9,1.1,0.045,0.55,26,0.65,0.045,,31.329,after horizon
colistin,0.9,1.1,0.045,0.55,52,0.35,0.045,44.0,43.029,within horizon
colistin,0.9,1.1,0.045,0.55,52,0.5,0.02,44.0,43.505,within horizon
colistin,0.9,1.1,0.045,0.55,52,0.65,0.045,44.0,43.029,within horizon
colistin,0.9,1.2,0.045,0.6,8,0.35,0.045,,17.068,after horizon
colistin,0.9,1.2,0.045,0.6,8,0.5,0.02,,17.543,after horizon
colistin,0.9,1.2,0.045,0.6,8,0.65,0.045,,17.068,after horizon
colistin,0.9,1.2,0.045,0.6,12,0.35,0.045,,18.868,after horizon
colistin,0.9,1.2,0.045,0.6,12,0.5,0.02,,19.343,after horizon
colistin,0.9,1.2,0.045,0.6,12,0.65,0.045,,18.868,after horizon
colistin,0.9,1.2,0.045,0.6,26,0.35,0.045,26.0,25.168,within horizon
colistin,0.9,1.2,0.045,0.6,26,0.5,0.02,26.0,25.643,within horizon
colistin,0.9,1.2,0.045,0.6,26,0.65,0.045,26.0,25.168,within horizon
colistin,0.9,1.2,0.045,0.6,52,0.35,0.045,37.0,36.868,within horizon
colistin,0.9,1.2,0.045,0.6,52,0.5,0.02,38.0,37.343,within horizon
colistin,0.9,1.2,0.045,0.6,52,0.65,0.045,37.0,36.868,within horizon
colistin,0.9,1.3,0.045,0.65,8,0.35,0.045,,13.464,after horizon
colistin,0.9,1.3,0.045,0.65,8,0.5,0.02,,13.939,after horizon
colistin,0.9,1.3,0.045,0.65,8,0.65,0.045,,13.464,after horizon
colistin,0.9,1.3,0.045,0.65,12,0.35,0.045,,15.264,after horizon
colistin,0.9,1.3,0.045,0.65,12,0.5,0.02,,15.739,after horizon
colistin,0.9,1.3,0.045,0.65,12,0.65,0.045,,15.264,after horizon
colistin,0.9,1.3,0.045,0.65,26,0.35,0.045,22.0,21.564,within horizon
colistin,0.9,1.3,0.045,0.65,26,0.5,0.02,23.0,22.039,within horizon
colistin,0.9,1.3,0.045,0.65,26,0.65,0.045,22.0,21.564,within horizon
colistin,0.9,1.3,0.045,0.65,52,0.35,0.045,34.0,33.264,within horizon
colistin,0.9,1.3,0.045,0.65,52,0.5,0.02,34.0,33.739,within horizon
colistin,0.9,1.3,0.045,0.65,52,0.65,0.045,34.0,33.264,within horizon
colistin,1.0,0.7,0.05,0.35,8,0.35,0.045,,,never
colistin,1.0,0.7,0.05,0.35,8,0.5,0.02,,,never
colistin,1.0,0.7,0.05,0.35,8,0.65,0.045,,,never
colistin,1.0,0.7,0.05,0.35,12,0.35,0.045,,,never
colistin,1.0,0.7,0.05,0.35,12,0.5,0.02,,,never
colistin,1.0,0.7,0.05,0.35,12,0.65,0.045,,,never
colistin,1.0,0.7,0.05,0.35,26,0.35,0.045,,,never
colistin,1.0,0.7,0.05,0.35,26,0.5,0.02,,,never
colistin,1.0,0.7,0.05,0.35,26,0.65,0.045,,,never
colistin,1.0,0.7,0.05,0.35,52,0.35,0.045,,,never
colistin,1.0,0.7,0.05,0.35,52,0.5,0.02,,,never
colistin,1.0,0.7,0.05,0.35,52,0.65,0.045,,,never
colistin,1.0,0.8,0.05,0.4,8,0.35,0.045,,,never
colistin,1.0,0.8,0.05,0.4,8,0.5,0.02,,,never
colistin,1.0,0.8,0.05,0.4,8,0.65,0.045,,,never
colistin,1.0,0.8,0.05,0.4,12,0.35,0.045,,,never
colistin,1.0,0.8,0.05,0.4,12,0.5,0.02,,,never
colistin,1.0,0.8,0.05,0.4,12,0.65,0.045,,,never
colistin,1.0,0.8,0.05,0.4,26,0.35,0.045,,,never
colistin,1.0,0.8,0.05,0.4,26,0.5,0.02,,,never
colistin,1.0,0.8,0.05,0.4,26,0.65,0.045,,,never
colistin,1.0,0.8,0.05,0.4,52,0.35,0.045,,,never
colistin,1.0,0.8,0.05,0.4,52,0.5,0.02,,,never
colistin,1.0,0.8,0.05,0.4,52,0.65,0.045,,,never
colistin,1.0,0.9,0.05,0.45,8,0.35,0.045,,,never
colistin,1.0,0.9,0.05,0.45,8,0.5,0.02,,,never
colistin,1.0,0.9,0.05,0.45,8,0.65,0.045,,,never
colistin,1.0,0.9,0.05,0.45,12,0.35,0.045,,,never
colistin,1.0,0.9,0.05,0.45,12,0.5,0.02,,,never
colistin,1.0,0.9,0.05,0.45,12,0.65,0.045,,,never
colistin,1.0,0.9,0.05,0.45,26,0.35,0.045,,,never
colistin,1.0,0.9,0.05,0.45,26,0.5,0.02,,,never
colistin,1.0,0.9,0.05,0.45,26,0.65,0.045,,,never
colistin,1.0,0.9,0.05,0.45,52,0.35,0.045,,,never
colistin,1.0,0.9,0.05,0.45,52,0.5,0.02,,,never
colistin,1.0,0.9,0.05,0.45,52,0.65,0.045,,,never
colistin,1.0,1.0,0.05,0.5,8,0.35,0.045,,,never
colistin,1.0,1.0,0.05,0.5,8,0.5,0.02,,,never
colistin,1.0,1.0,0.05,0.5,8,0.65,0.045,,,never
colistin,1.0,1.0,0.05,0.5,12,0.35,0.045,,,never
colistin,1.0,1.0,0.05,0.5,12,0.5,0.02,,,never
colistin,1.0,1.0,0.05,0.5,12,0.65,0.045,,,never
colistin,1.0,1.0,0.05,0.5,26,0.35,0.045,,,never
colistin,1.0,1.0,0.05,0.5,26,0.5,0.02,,,never
colistin,1.0,1.0,0.05,0.5,26,0.65,0.045,,,never
colistin,1.0,1.0,0.05,0.5,52,0.35,0.045,,,never
colistin,1.0,1.0,0.05,0.5,52,0.5,0.02,,,never
colistin,1.0,1.0,0.05,0.5,52,0.65,0.045,,,never
colistin,1.0,1.1,0.05,0.55,8,0.35,0.045,,21.266,after horizon
colistin,1.0,1.1,0.05,0.55,8,0.5,0.02,,21.694,after horizon
colistin,1.0,1.1,0.05,0.55,8,0.65,0.045,,21.266,after horizon
colistin,1.0,1.1,0.05,0.55,12,0.35,0.045,,23.066,after horizon
colistin,1.0,1.1,0.05,0.55,12,0.5,0.02,,23.494,after horizon
colistin,1.0,1.1,0.05,0.55,12,0.65,0.045,,23.066,after horizon
colistin,1.0,1.1,0.05,0.55,26,0.35,0.045,,29.366,after horizon
colistin,1.0,1.1,0.05,0.55,26,0.5,0.02,,29.794,after horizon
colistin,1.0,1.1,0.05,0.55,26,0.65,0.045,,29.366,after horizon
colistin,1.0,1.1,0.05,0.55,52,0.35,0.045,42.0,41.066,within horizon
colistin,1.0,1.1,0.05,0.55,52,0.5,0.02,42.0,41.494,within horizon
colistin,1.0,1.1,0.05,0.55,52,0.65,0.045,42.0,41.066,within horizon
colistin,1.0,1.2,0.05,0.6,8,0.35,0.045,,15.721,after horizon
colistin,1.0,1.2,0.05,0.6,8,0.5,0.02,,16.149,after horizon
colistin,1.0,1.2,0.05,0.6,8,0.65,0.045,,15.721,after horizon
colistin,1.0,1.2,0.05,0.6,12,0.35,0.045,,17.521,after horizon
colistin,1.0,1.2,0.05,0.6,12,0.5,0.02,,17.949,after horizon
colistin,1.0,1.2,0.05,0.6,12,0.65,0.045,,17.521,after horizon
colistin,1.0,1.2,0.05,0.6,26,0.35,0.045,24.0,23.821,within horizon
colistin,1.0,1.2,0.05,0.6,26,0.5,0.02,25.0,24.249,within horizon
colistin,1.0,1.2,0.05,0.6,26,0.65,0.045,24.0,23.821,within horizon
colistin,1.0,1.2,0.05,0.6,52,0.35,0.045,36.0,35.521,within horizon
colistin,1.0,1.2,0.05,0.6,52,0.5,0.02,36.0,35.949,within horizon
colistin,1.0,1.2,0.05,0.6,52,0.65,0.045,36.0,35.521,within horizon
colistin,1.0,1.3,0.05,0.65,8,0.35,0.045,,12.477,after horizon
colistin,1.0,1.3,0.05,0.65,8,0.5,0.02,,12.905,after horizon
colistin,1.0,1.3,0.05,0.65,8,0.65,0.045,,12.477,after horizon
colistin,1.0,1.3,0.05,0.65,12,0.35,0.045,,14.277,after horizon
colistin,1.0,1.3,0.05,0.65,12,0.5,0.02,,14.705,after horizon
colistin,1.0,1.3,0.05,0.65,12,0.65,0.045,,14.277,after horizon
colistin,1.0,1.3,0.05,0.65,26,0.35,0.045,21.0,20.577,within horizon
colistin,1.0,1.3,0.05,0.65,26,0.5,0.02,22.0,21.005,within horizon
colistin,1.0,1.3,0.05,0.65,26,0.65,0.045,21.0,20.577,within horizon
colistin,1.0,1.3,0.05,0.65,52,0.35,0.045,33.0,32.277,within horizon
colistin,1.0,1.3,0.05,0.65,52,0.5,0.02,33.0,32.705,within horizon
colistin,1.0,1.3,0.05,0.65,52,0.65,0.045,33.0,32.277,within horizon
colistin,1.1,0.7,0.055,0.35,8,0.35,0.045,,,never
colistin,1.1,0.7,0.055,0.35,8,0.5,0.02,,,never
colistin,1.1,0.7,0.055,0.35,8,0.65,0.045,,,never
colistin,1.1,0.7,0.055,0.35,12,0.35,0.045,,,never
colistin,1.1,0.7,0.055,0.35,12,0.5,0.02,,,never
colistin,1.1,0.7,0.055,0.35,12,0.65,0.045,,,never
colistin,1.1,0.7,0.055,0.35,26,0.35,0.045,,,never
colistin,1.1,0.7,0.055,0.35,26,0.5,0.02,,,never
colistin,1.1,0.7,0.055,0.35,26,0.65,0.045,,,never
colistin,1.1,0.7,0.055,0.35,52,0.35,0.045,,,never
colistin,1.1,0.7,0.055,0.35,52,0.5,0.02,,,never
colistin,1.1,0.7,0.055,0.35,52,0.65,0.045,,,never
colistin,1.1,0.8,0.055,0.4,8,0.35,0.045,,,never
colistin,1.1,0.8,0.055,0.4,8,0.5,0.02,,,never
colistin,1.1,0.8,0.055,0.4,8,0.65,0.045,,,never
colistin,1.1,0.8,0.055,0.4,12,0.35,0.045,,,never
colistin,1.1,0.8,0.055,0.4,12,0.5,0.02,,,never
colistin,1.1,0.8,0.055,0.4,12,0.65,0.045,,,never
colistin,1.1,0.8,0.055,0.4,26,0.35,0.045,,,never
colistin,1.1,0.8,0.055,0.4,26,0.5,0.02,,,never
colistin,1.1,0.8,0.055,0.4,26,0.65,0.045,,,never
colistin,1.1,0.8,0.055,0.4,52,0.35,0.045,,,never
colistin,1.1,0.8,0.055,0.4,52,0.5,0.02,,,never
colistin,1.1,0.8,0.055,0.4,52,0.65,0.045,,,never
colistin,1.1,0.9,0.055,0.45,8,0.35,0.045,,,never
colistin,1.1,0.9,0.055,0.45,8,0.5,0.02,,,never
colistin,1.1,0.9,0.055,0.45,8,0.65,0.045,,,never
colistin,1.1,0.9,0.055,0.45,12,0.35,0.045,,,never
colistin,1.1,0.9,0.055,0.45,12,0.5,0.02,,,never
colistin,1.1,0.9,0.055,0.45,12,0.65,0.045,,,never
colistin,1.1,0.9,0.055,0.45,26,0.35,0.045,,,never
colistin,1.1,0.9,0.055,0.45,26,0.5,0.02,,,never
colistin,1.1,0.9,0.055,0.45,26,0.65,0.045,,,never
colistin,1.1,0.9,0.055,0.45,52,0.35,0.045,,,never
colistin,1.1,0.9,0.055,0.45,52,0.5,0.02,,,never
colistin,1.1,0.9,0.055,0.45,52,0.65,0.045,,,never
colistin,1.1,1.0,0.055,0.5,8,0.35,0.045,,,never
colistin,1.1,1.0,0.055,0.5,8,0.5,0.02,,,never
colistin,1.1,1.0,0.055,0.5,8,0.65,0.045,,,never
colistin,1.1,1.0,0.055,0.5,12,0.35,0.045,,,never
colistin,1.1,1.0,0.055,0.5,12,0.5,0.02,,,never
colistin,1.1,1.0,0.055,0.5,12,0.65,0.045,,,never
colistin,1.1,1.0,0.055,0.5,26,0.35,0.045,,,never
colistin,1.1,1.0,0.055,0.5,26,0.5,0.02,,,never
colistin,1.1,1.0,0.055,0.5,26,0.65,0.045,,,never
colistin,1.1,1.0,0.055,0.5,52,0.35,0.045,,,never
colistin,1.1,1.0,0.055,0.5,52,0.5,0.02,,,never
colistin,1.1,1.0,0.055,0.5,52,0.65,0.045,,,never
colistin,1.1,1.1,0.055,0.55,8,0.35,0.045,,19.66,after horizon
colistin,1.1,1.1,0.055,0.55,8,0.5,0.02,,20.049,after horizon
colistin,1.1,1.1,0.055,0.55,8,0.65,0.045,,19.66,after horizon
colistin,1.1,1.1,0.055,0.55,12,0.35,0.045,,21.46,after horizon
colistin,1.1,1.1,0.055,0.55,12,0.5,0.02,,21.849,after horizon
colistin,1.1,1.1,0.055,0.55,12,0.65,0.045,,21.46,after horizon
colistin,1.1,1.1,0.055,0.55,26,0.35,0.045,,27.76,after horizon
colistin,1.1,1.1,0.055,0.55,26,0.5,0.02,,28.149,after horizon
colistin,1.1,1.1,0.055,0.55,26,0.65,0.045,,27.76,after horizon
colistin,1.1,1.1,0.055,0.55,52,0.35,0.045,40.0,39.46,within horizon
colistin,1.1,1.1,0.055,0.55,52,0.5,0.02,40.0,39.849,within horizon
colistin,1.1,1.1,0.055,0.55,52,0.65,0.045,40.0,39.46,within horizon
colistin,1.1,1.2,0.055,0.6,8,0.35,0.045,,14.619,after horizon
colistin,1.1,1.2,0.055,0.6,8,0.5,0.02,,15.008,after horizon
colistin,1.1,1.2,0.055,0.6,8,0.65,0.045,,14.619,after horizon
colistin,1.1,1.2,0.055,0.6,12,0.35,0.045,,16.419,after horizon
colistin,1.1,1.2,0.055,0.6,12,0.5,0.02,,16.808,after horizon
colistin,1.1,1.2,0.055,0.6,12,0.65,0.045,,16.419,after horizon
colistin,1.1,1.2,0.055,0.6,26,0.35,0.045,23.0,22.719,within horizon
colistin,1.1,1.2,0.055,0.6,26,0.5,0.02,24.0,23.108,within horizon
colistin,1.1,1.2,0.055,0.6,26,0.65,0.045,23.0,22.719,within horizon
colistin,1.1,1.2,0.055,0.6,52,0.35,0.045,35.0,34.419,within horizon
colistin,1.1,1.2,0.055,0.6,52,0.5,0.02,35.0,34.808,within horizon
colistin,1.1,1.2,0.055,0.6,52,0.65,0.045,35.0,34.419,within horizon
colistin,1.1,1.3,0.055,0.65,8,0.35,0.045,,11.67,after horizon
colistin,1.1,1.3,0.055,0.65,8,0.5,0.02,,12.059,after horizon
colistin,1.1,1.3,0.055,0.65,8,0.65,0.045,,11.67,after horizon
colistin,1.1,1.3,0.055,0.65,12,0.35,0.045,,13.47,after horizon
colistin,1.1,1.3,0.055,0.65,12,0.5,0.02,,13.859,after horizon
colistin,1.1,1.3,0.055,0.65,12,0.65,0.045,,13.47,after horizon
colistin,1.1,1.3,0.055,0.65,26,0.35,0.045,20.0,19.77,within horizon
colistin,1.1,1.3,0.055,0.65,26,0.5,0.02,21.0,20.159,within horizon
colistin,1.1,1.3,0.055,0.65,26,0.65,0.045,20.0,19.77,within horizon
colistin,1.1,1.3,0.055,0.65,52,0.35,0.045,32.0,31.47,within horizon
colistin,1.1,1.3,0.055,0.65,52,0.5,0.02,32.0,31.859,within horizon
colistin,1.1,1.3,0.055,0.65,52,0.65,0.045,32.0,31.47,within horizon
colistin,1.2,0.7,0.06,0.35,8,0.35,0.045,,,never
colistin,1.2,0.7,0.06,0.35,8,0.5,0.02,,,never
colistin,1.2,0.7,0.06,0.35,8,0.65,0.045,,,never
colistin,1.2,0.7,0.06,0.35,12,0.35,0.045,,,never
colistin,1.2,0.7,0.06,0.35,12,0.5,0.02,,,never
colistin,1.2,0.7,0.06,0.35,12,0.65,0.045,,,never
colistin,1.2,0.7,0.06,0.35,26,0.35,0.045,,,never
colistin,1.2,0.7,0.06,0.35,26,0.5,0.02,,,never
colistin,1.2,0.7,0.06,0.35,26,0.65,0.045,,,never
colistin,1.2,0.7,0.06,0.35,52,0.35,0.045,,,never
colistin,1.2,0.7,0.06,0.35,52,0.5,0.02,,,never
colistin,1.2,0.7,0.06,0.35,52,0.65,0.045,,,never
colistin,1.2,0.8,0.06,0.4,8,0.35,0.045,,,never
colistin,1.2,0.8,0.06,0.4,8,0.5,0.02,,,never
colistin,1.2,0.8,0.06,0.4,8,0.65,0.045,,,never
colistin,1.2,0.8,0.06,0.4,12,0.35,0.045,,,never
colistin,1.2,0.8,0.06,0.4,12,0.5,0.02,,,never
colistin,1.2,0.8,0.06,0.4,12,0.65,0.045,,,never
colistin,1.2,0.8,0.06,0.4,26,0.35,0.045,,,never
colistin,1.2,0.8,0.06,0.4,26,0.5,0.02,,,never
colistin,1.2,0.8,0.06,0.4,26,0.65,0.045,,,never
colistin,1.2,0.8,0.06,0.4,52,0.35,0.045,,,never
colistin,1.2,0.8,0.06,0.4,52,0.5,0.02,,,never
colistin,1.2,0.8,0.06,0.4,52,0.65,0.045,,,never
colistin,1.2,0.9,0.06,0.45,8,0.35,0.045,,,never
colistin,1.2,0.9,0.06,0.45,8,0.5,0.02,,,never
colistin,1.2,0.9,0.06,0.45,8,0.65,0.045,,,never
colistin,1.2,0.9,0.06,0.45,12,0.35,0.045,,,never
colistin,1.2,0.9,0.06,0.45,12,0.5,0.02,,,never
colistin,1.2,0.9,0.06,0.45,12,0.65,0.045,,,never
colistin,1.2,0.9,0.06,0.45,26,0.35,0.045,,,never
colistin,1.2,0.9,0.06,0.45,26,0.5,0.02,,,never
colistin,1.2,0.9,0.06,0.45,26,0.65,0.045,,,never
colistin,1.2,0.9,0.06,0.45,52,0.35,0.045,,,never
colistin,1.2,0.9,0.06,0.45,52,0.5,0.02,,,never
colistin,1.2,0.9,0.06,0.45,52,0.65,0.045,,,never
colistin,1.2,1.0,0.06,0.5,8,0.35,0.045,,,never
colistin,1.2,1.0,0.06,0.5,8,0.5,0.02,,,never
colistin,1.2,1.0,0.06,0.5,8,0.65,0.045,,,never
colistin,1.2,1.0,0.06,0.5,12,0.35,0.045,,,never
colistin,1.2,1.0,0.06,0.5,12,0.5,0.02,,,never
colistin,1.2,1.0,0.06,0.5,12,0.65,0.045,,,never
colistin,1.2,1.0,0.06,0.5,26,0.35,0.045,,,never
colistin,1.2,1.0,0.06,0.5,26,0.5,0.02,,,never
colistin,1.2,1.0,0.06,0.5,26,0.65,0.045,,,never
colistin,1.2,1.0,0.06,0.5,52,0.35,0.045,,,never
colistin,1.2,1.0,0.06,0.5,52,0.5,0.02,,,never
colistin,1.2,1.0,0.06,0.5,52,0.65,0.045,,,never
colistin,1.2,1.1,0.06,0.55,8,0.35,0.045,,18.322,after horizon
colistin,1.2,1.1,0.06,0.55,8,0.5,0.02,,18.678,after horizon
colistin,1.2,1.1,0.06,0.55,8,0.65,0.045,,18.322,after horizon
colistin,1.2,1.1,0.06,0.55,12,0.35,0.045,,20.122,after horizon
colistin,1.2,1.1,0.06,0.55,12,0.5,0.02,,20.478,after horizon
colistin,1.2,1.1,0.06,0.55,12,0.65,0.045,,20.122,after horizon
colistin,1.2,1.1,0.06,0.55,26,0.35,0.045,,26.422,after horizon
colistin,1.2,1.1,0.06,0.55,26,0.5,0.02,,26.778,after horizon
colistin,1.2,1.1,0.06,0.55,26,0.65,0.045,,26.422,after horizon
colistin,1.2,1.1,0.06,0.55,52,0.35,0.045,39.0,38.122,within horizon
colistin,1.2,1.1,0.06,0.55,52,0.5,0.02,39.0,38.478,within horizon
colistin,1.2,1.1,0.06,0.55,52,0.65,0.045,39.0,38.122,within horizon
colistin,1.2,1.2,0.06,0.6,8,0.35,0.045,,13.701,after horizon
colistin,1.2,1.2,0.06,0.6,8,0.5,0.02,,14.057,after horizon
colistin,1.2,1.2,0.06,0.6,8,0.65,0.045,,13.701,after horizon
colistin,1.2,1.2,0.06,0.6,12,0.35,0.045,,15.501,after horizon
colistin,1.2,1.2,0.06,0.6,12,0.5,0.02,,15.857,after horizon
colistin,1.2,1.2,0.06,0.6,12,0.65,0.045,,15.501,after horizon
colistin,1.2,1.2,0.06,0.6,26,0.35,0.045,22.0,21.801,within horizon
colistin,1.2,1.2,0.06,0.6,26,0.5,0.02,23.0,22.157,within horizon
colistin,1.2,1.2,0.06,0.6,26,0.65,0.045,22.0,21.801,within horizon
colistin,1.2,1.2,0.06,0.6,52,0.35,0.045,34.0,33.501,within horizon
colistin,1.2,1.2,0.06,0.6,52,0.5,0.02,34.0,33.857,within horizon
colistin,1.2,1.2,0.06,0.6,52,0.65,0.045,34.0,33.501,within horizon
colistin,1.2,1.3,0.06,0.65,8,0.35,0.045,,10.998,after horizon
colistin,1.2,1.3,0.06,0.65,8,0.5,0.02,,11.354,after horizon
colistin,1.2,1.3,0.06,0.65,8,0.65,0.045,,10.998,after horizon
colistin,1.2,1.3,0.06,0.65,12,0.35,0.045,,12.798,after horizon
colistin,1.2,1.3,0.06,0.65,12,0.5,0.02,,13.154,after horizon
colistin,1.2,1.3,0.06,0.65,12,0.65,0.045,,12.798,after horizon
colistin,1.2,1.3,0.06,0.65,26,0.35,0.045,20.0,19.098,within horizon
colistin,1.2,1.3,0.06,0.65,26,0.5,0.02,20.0,19.454,within horizon
colistin,1.2,1.3,0.06,0.65,26,0.65,0.045,20.0,19.098,within horizon
colistin,1.2,1.3,0.06,0.65,52,0.35,0.045,31.0,30.798,within horizon
colistin,1.2,1.3,0.06,0.65,52,0.5,0.02,32.0,31.154,within horizon
colistin,1.2,1.3,0.06,0.65,52,0.65,0.045,31.0,30.798,within horizon
colistin,1.3,0.7,0.065,0.35,8,0.35,0.045,,,never
colistin,1.3,0.7,0.065,0.35,8,0.5,0.02,,,never
colistin,1.3,0.7,0.065,0.35,8,0.65,0.045,,,never
colistin,1.3,0.7,0.065,0.35,12,0.35,0.045,,,never
colistin,1.3,0.7,0.065,0.35,12,0.5,0.02,,,never
colistin,1.3,0.7,0.065,0.35,12,0.65,0.045,,,never
colistin,1.3,0.7,0.065,0.35,26,0.35,0.045,,,never
colistin,1.3,0.7,0.065,0.35,26,0.5,0.02,,,never
colistin,1.3,0.7,0.065,0.35,26,0.65,0.045,,,never
colistin,1.3,0.7,0.065,0.35,52,0.35,0.045,,,never
colistin,1.3,0.7,0.065,0.35,52,0.5,0.02,,,never
colistin,1.3,0.7,0.065,0.35,52,0.65,0.045,,,never
colistin,1.3,0.8,0.065,0.4,8,0.35,0.045,,,never
colistin,1.3,0.8,0.065,0.4,8,0.5,0.02,,,never
colistin,1.3,0.8,0.065,0.4,8,0.65,0.045,,,never
colistin,1.3,0.8,0.065,0.4,12,0.35,0.045,,,never
colistin,1.3,0.8,0.065,0.4,12,0.5,0.02,,,never
colistin,1.3,0.8,0.065,0.4,12,0.65,0.045,,,never
colistin,1.3,0.8,0.065,0.4,26,0.35,0.045,,,never
colistin,1.3,0.8,0.065,0.4,26,0.5,0.02,,,never
colistin,1.3,0.8,0.065,0.4,26,0.65,0.045,,,never
colistin,1.3,0.8,0.065,0.4,52,0.35,0.045,,,never
colistin,1.3,0.8,0.065,0.4,52,0.5,0.02,,,never
colistin,1.3,0.8,0.065,0.4,52,0.65,0.045,,,never
colistin,1.3,0.9,0.065,0.45,8,0.35,0.045,,,never
colistin,1.3,0.9,0.065,0.45,8,0.5,0.02,,,never
colistin,1.3,0.9,0.065,0.45,8,0.65,0.045,,,never
colistin,1.3,0.9,0.065,0.45,12,0.35,0.045,,,never
colistin,1.3,0.9,0.065,0.45,12,0.5,0.02,,,never
colistin,1.3,0.9,0.065,0.45,12,0.65,0.045,,,never
colistin,1.3,0.9,0.065,0.45,26,0.35,0.045,,,never
colistin,1.3,0.9,0.065,0.45,26,0.5,0.02,,,never
colistin,1.3,0.9,0.065,0.45,26,0.65,0.045,,,never
colistin,1.3,0.9,0.065,0.45,52,0.35,0.045,,,never
colistin,1.3,0.9,0.065,0.45,52,0.5,0.02,,,never
colistin,1.3,0.9,0.065,0.45,52,0.65,0.045,,,never
colistin,1.3,1.0,0.065,0.5,8,0.35,0.045,,,never
colistin,1.3,1.0,0.065,0.5,8,0.5,0.02,,,never
colistin,1.3,1.0,0.065,0.5,8,0.65,0.045,,,never
colistin,1.3,1.0,0.065,0.5,12,0.35,0.045,,,never
colistin,1.3,1.0,0.065,0.5,12,0.5,0.02,,,never
colistin,1.3,1.0,0.065,0.5,12,0.65,0.045,,,never
colistin,1.3,1.0,0.065,0.5,26,0.35,0.045,,,never
colistin,1.3,1.0,0.065,0.5,26,0.5,0.02,,,never
colistin,1.3,1.0,0.065,0.5,26,0.65,0.045,,,never
colistin,1.3,1.0,0.065,0.5,52,0.35,0.045,,,never
colistin,1.3,1.0,0.065,0.5,52,0.5,0.02,,,never
colistin,1.3,1.0,0.065,0.5,52,0.65,0.045,,,never
colistin,1.3,1.1,0.065,0.55,8,0.35,0.045,,17.189,after horizon
colistin,1.3,1.1,0.065,0.55,8,0.5,0.02,,17.519,after horizon
colistin,1.3,1.1,0.065,0.55,8,0.65,0.045,,17.189,after horizon
colistin,1.3,1.1,0.065,0.55,12,0.35,0.045,,18.989,after horizon
colistin,1.3,1.1,0.065,0.55,12,0.5,0.02,,19.319,after horizon
colistin,1.3,1.1,0.065,0.55,12,0.65,0.045,,18.989,after horizon
colistin,1.3,1.1,0.065,0.55,26,0.35,0.045,26.0,25.289,within horizon
colistin,1.3,1.1,0.065,0.55,26,0.5,0.02,26.0,25.619,within horizon
colistin,1.3,1.1,0.065,0.55,26,0.65,0.045,26.0,25.289,within horizon
colistin,1.3,1.1,0.065,0.55,52,0.35,0.045,37.0,36.989,within horizon
colistin,1.3,1.1,0.065,0.55,52,0.5,0.02,38.0,37.319,within horizon
colistin,1.3,1.1,0.065,0.55,52,0.65,0.045,37.0,36.989,within horizon
colistin,1.3,1.2,0.065,0.6,8,0.35,0.045,,12.924,after horizon
colistin,1.3,1.2,0.065,0.6,8,0.5,0.02,,13.253,after horizon
colistin,1.3,1.2,0.065,0.6,8,0.65,0.045,,12.924,after horizon
colistin,1.3,1.2,0.065,0.6,12,0.35,0.045,,14.724,after horizon
colistin,1.3,1.2,0.065,0.6,12,0.5,0.02,,15.053,after horizon
colistin,1.3,1.2,0.065,0.6,12,0.65,0.045,,14.724,after horizon
colistin,1.3,1.2,0.065,0.6,26,0.35,0.045,22.0,21.024,within horizon
colistin,1.3,1.2,0.065,0.6,26,0.5,0.02,22.0,21.353,within horizon
colistin,1.3,1.2,0.065,0.6,26,0.65,0.045,22.0,21.024,within horizon
colistin,1.3,1.2,0.065,0.6,52,0.35,0.045,33.0,32.724,within horizon
colistin,1.3,1.2,0.065,0.6,52,0.5,0.02,34.0,33.053,within horizon
colistin,1.3,1.2,0.065,0.6,52,0.65,0.045,33.0,32.724,within horizon
colistin,1.3,1.3,0.065,0.65,8,0.35,0.045,,10.429,after horizon
colistin,1.3,1.3,0.065,0.65,8,0.5,0.02,,10.758,after horizon
colistin,1.3,1.3,0.065,0.65,8,0.65,0.045,,10.429,after horizon
colistin,1.3,1.3,0.065,0.65,12,0.35,0.045,,12.229,after horizon
colistin,1.3,1.3,0.065,0.65,12,0.5,0.02,,12.558,after horizon
colistin,1.3,1.3,0.065,0.65,12,0.65,0.045,,12.229,after horizon
colistin,1.3,1.3,0.065,0.65,26,0.35,0.045,19.0,18.529,within horizon
colistin,1.3,1.3,0.065,0.65,26,0.5,0.02,19.0,18.858,within horizon
colistin,1.3,1.3,0.065,0.65,26,0.65,0.045,19.0,18.529,within horizon
colistin,1.3,1.3,0.065,0.65,52,0.35,0.045,31.0,30.229,within horizon
colistin,1.3,1.3,0.065,0.65,52,0.5,0.02,31.0,30.558,within horizon
colistin,1.3,1.3,0.065,0.65,52,0.65,0.045,31.0,30.229,within horizon
streptomycin,0.7,0.7,0.119,0.574,8,0.35,0.045,,9.705,after horizon
streptomycin,0.7,0.7,0.119,0.574,8,0.5,0.02,,9.885,after horizon
streptomycin,0.7,0.7,0.119,0.574,8,0.65,0.045,,9.705,after horizon
streptomycin,0.7,0.7,0.119,0.574,12,0.35,0.045,12.0,11.505,within horizon
streptomycin,0.7,0.7,0.119,0.574,12,0.5,0.02,12.0,11.685,within horizon
streptomycin,0.7,0.7,0.119,0.574,12,0.65,0.045,12.0,11.505,within horizon
streptomycin,0.7,0.7,0.119,0.574,26,0.35,0.045,18.0,17.805,within horizon
streptomycin,0.7,0.7,0.119,0.574,26,0.5,0.02,18.0,17.985,within horizon
streptomycin,0.7,0.7,0.119,0.574,26,0.65,0.045,18.0,17.805,within horizon
streptomycin,0.7,0.7,0.119,0.574,52,0.35,0.045,30.0,29.505,within horizon
streptomycin,0.7,0.7,0.119,0.574,52,0.5,0.02,30.0,29.685,within horizon
streptomycin,0.7,0.7,0.119,0.574,52,0.65,0.045,30.0,29.505,within horizon
streptomycin,0.7,0.8,0.119,0.656,8,0.35,0.045,8.0,7.198,within horizon
streptomycin,0.7,0.8,0.119,0.656,8,0.5,0.02,8.0,7.378,within horizon
streptomycin,0.7,0.8,0.119,0.656,8,0.65,0.045,8.0,7.198,within horizon
streptomycin,0.7,0.8,0.119,0.656,12,0.35,0.045,9.0,8.998,within horizon
streptomycin,0.7,0.8,0.119,0.656,12,0.5,0.02,10.0,9.178,within horizon
streptomycin,0.7,0.8,0.119,0.656,12,0.65,0.045,9.0,8.998,within horizon
streptomycin,0.7,0.8,0.119,0.656,26,0.35,0.045,16.0,15.298,within horizon
streptomycin,0.7,0.8,0.119,0.656,26,0.5,0.02,16.0,15.478,within horizon
streptomycin,0.7,0.8,0.119,0.656,26,0.65,0.045,16.0,15.298,within horizon
streptomycin,0.7,0.8,0.119,0.656,52,0.35,0.045,27.0,26.998,within horizon
streptomycin,0.7,0.8,0.119,0.656,52,0.5,0.02,28.0,27.178,within horizon
streptomycin,0.7,0.8,0.119,0.656,52,0.65,0.045,27.0,26.998,within horizon
streptomycin,0.7,0.9,0.119,0.738,8,0.35,0.045,6.0,5.778,within horizon
streptomycin,0.7,0.9,0.119,0.738,8,0.5,0.02,6.0,5.958,within horizon
streptomycin,0.7,0.9,0.119,0.738,8,0.65,0.045,6.0,5.778,within horizon
streptomycin,0.7,0.9,0.119,0.738,12,0.35,0.045,8.0,7.578,within horizon
streptomycin,0.7,0.9,0.119,0.738,12,0.5,0.02,8.0,7.758,within horizon
streptomycin,0.7,0.9,0.119,0.738,12,0.65,0.045,8.0,7.578,within horizon
streptomycin,0.7,0.9,0.119,0.738,26,0.35,0.045,14.0,13.878,within horizon
streptomycin,0.7,0.9,0.119,0.738,26,0.5,0.02,15.0,14.058,within horizon
streptomycin,0.7,0.9,0.119,0.738,26,0.65,0.045,14.0,13.878,within horizon
streptomycin,0.7,0.9,0.119,0.738,52,0.35,0.045,26.0,25.578,within horizon
streptomycin,0.7,0.9,0.119,0.738,52,0.5,0.02,26.0,25.758,within horizon
streptomycin,0.7,0.9,0.119,0.738,52,0.65,0.045,26.0,25.578,within horizon
streptomycin,0.7,1.0,0.119,0.82,8,0.35,0.045,5.0,4.783,within horizon
streptomycin,0.7,1.0,0.119,0.82,8,0.5,0.02,5.0,4.963,within horizon
streptomycin,0.7,1.0,0.119,0.82,8,0.65,0.045,5.0,4.783,within horizon
streptomycin,0.7,1.0,0.119,0.82,12,0.35,0.045,7.0,6.583,within horizon
streptomycin,0.7,1.0,0.119,0.82,12,0.5,0.02,7.0,6.763,within horizon
streptomycin,0.7,1.0,0.119,0.82,12,0.65,0.045,7.0,6.583,within horizon
streptomycin,0.7,1.0,0.119,0.82,26,0.35,0.045,13.0,12.883,within horizon
streptomycin,0.7,1.0,0.119,0.82,26,0.5,0.02,14.0,13.063,within horizon
streptomycin,0.7,1.0,0.119,0.82,26,0.65,0.045,13.0,12.883,within horizon
streptomycin,0.7,1.0,0.119,0.82,52,0.35,0.045,25.0,24.583,within horizon
streptomycin,0.7,1.0,0.119,0.82,52,0.5,0.02,25.0,24.763,within horizon
streptomycin,0.7,1.0,0.119,0.82,52,0.65,0.045,25.0,24.583,within horizon
streptomycin,0.7,1.1,0.119,0.902,8,0.35,0.045,5.0,4.016,within horizon
streptomycin,0.7,1.1,0.119,0.902,8,0.5,0.02,5.0,4.196,within horizon
streptomycin,0.7,1.1,0.119,0.902,8,0.65,0.045,5.0,4.016,within horizon
streptomycin,0.7,1.1,0.119,0.902,12,0.35,0.045,6.0,5.816,within horizon
streptomycin,0.7,1.1,0.119,0.902,12,0.5,0.02,6.0,5.996,within horizon
streptomycin,0.7,1.1,0.119,0.902,12,0.65,0.045,6.0,5.816,within horizon
streptomycin,0.7,1.1,0.119,0.902,26,0.35,0.045,13.0,12.116,within horizon
streptomycin,0.7,1.1,0.119,0.902,26,0.5,0.02,13.0,12.296,within horizon
streptomycin,0.7,1.1,0.119,0.902,26,0.65,0.045,13.0,12.116,within horizon
streptomycin,0.7,1.1,0.119,0.902,52,0.35,0.045,24.0,23.816,within horizon
streptomycin,0.7,1.1,0.119,0.902,52,0.5,0.02,24.0,23.996,within horizon
streptomycin,0.7,1.1,0.119,0.902,52,0.65,0.045,24.0,23.816,within horizon
streptomycin,0.7,1.2,0.119,0.984,8,0.35,0.045,4.0,3.392,within horizon
streptomycin,0.7,1.2,0.119,0.984,8,0.5,0.02,4.0,3.572,within horizon
streptomycin,0.7,1.2,0.119,0.984,8,0.65,0.045,4.0,3.392,within horizon
streptomycin,0.7,1.2,0.119,0.984,12,0.35,0.045,6.0,5.192,within horizon
streptomycin,0.7,1.2,0.119,0.984,12,0.5,0.02,6.0,5.372,within horizon
streptomycin,0.7,1.2,0.119,0.984,12,0.65,0.045,6.0,5.192,within horizon
streptomycin,0.7,1.2,0.119,0.984,26,0.35,0.045,12.0,11.492,within horizon
streptomycin,0.7,1.2,0.119,0.984,26,0.5,0.02,12.0,11.672,within horizon
streptomycin,0.7,1.2,0.119,0.984,26,0.65,0.045,12.0,11.492,within horizon
streptomycin,0.7,1.2,0.119,0.984,52,0.35,0.045,24.0,23.192,within horizon
streptomycin,0.7,1.2,0.119,0.984,52,0.5,0.02,24.0,23.372,within horizon
streptomycin,0.7,1.2,0.119,0.984,52,0.65,0.045,24.0,23.192,within horizon
streptomycin,0.7,1.3,0.119,1.0,8,0.35,0.045,4.0,3.283,within horizon
streptomycin,0.7,1.3,0.119,1.0,8,0.5,0.02,4.0,3.463,within horizon
streptomycin,0.7,1.3,0.119,1.0,8,0.65,0.045,4.0,3.283,within horizon
streptomycin,0.7,1.3,0.119,1.0,12,0.35,0.045,6.0,5.083,within horizon
streptomycin,0.7,1.3,0.119,1.0,12,0.5,0.02,6.0,5.263,within horizon
streptomycin,0.7,1.3,0.119,1.0,12,0.65,0.045,6.0,5.083,within horizon
streptomycin,0.7,1.3,0.119,1.0,26,0.35,0.045,12.0,11.383,within horizon
streptomycin,0.7,1.3,0.119,1.0,26,0.5,0.02,12.0,11.563,within horizon
streptomycin,0.7,1.3,0.119,1.0,26,0.65,0.045,12.0,11.383,within horizon
streptomycin,0.7,1.3,0.119,1.0,52,0.35,0.045,24.0,23.083,within horizon
streptomycin,0.7,1.3,0.119,1.0,52,0.5,0.02,24.0,23.263,within horizon
streptomycin,0.7,1.3,0.119,1.0,52,0.65,0.045,24.0,23.083,within horizon
streptomycin,0.8,0.7,0.136,0.574,8,0.35,0.045,,8.942,after horizon
streptomycin,0.8,0.7,0.136,0.574,8,0.5,0.02,,9.099,after horizon
streptomycin,0.8,0.7,0.136,0.574,8,0.65,0.045,,8.942,after horizon
streptomycin,0.8,0.7,0.136,0.574,12,0.35,0.045,11.0,10.742,within horizon
streptomycin,0.8,0.7,0.136,0.574,12,0.5,0.02,11.0,10.899,within horizon
streptomycin,0.8,0.7,0.136,0.574,12,0.65,0.045,11.0,10.742,within horizon
streptomycin,0.8,0.7,0.136,0.574,26,0.35,0.045,18.0,17.042,within horizon
streptomycin,0.8,0.7,0.136,0.574,26,0.5,0.02,18.0,17.199,within horizon
streptomycin,0.8,0.7,0.136,0.574,26,0.65,0.045,18.0,17.042,within horizon
streptomycin,0.8,0.7,0.136,0.574,52,0.35,0.045,29.0,28.742,within horizon
streptomycin,0.8,0.7,0.136,0.574,52,0.5,0.02,29.0,28.899,within horizon
streptomycin,0.8,0.7,0.136,0.574,52,0.65,0.045,29.0,28.742,within horizon
streptomycin,0.8,0.8,0.136,0.656,8,0.35,0.045,7.0,6.748,within horizon
streptomycin,0.8,0.8,0.136,0.656,8,0.5,0.02,7.0,6.906,within horizon
streptomycin,0.8,0.8,0.136,0.656,8,0.65,0.045,7.0,6.748,within horizon
streptomycin,0.8,0.8,0.136,0.656,12,0.35,0.045,9.0,8.548,within horizon
streptomycin,0.8,0.8,0.136,0.656,12,0.5,0.02,9.0,8.706,within horizon
streptomycin,0.8,0.8,0.136,0.656,12,0.65,0.045,9.0,8.548,within horizon
streptomycin,0.8,0.8,0.136,0.656,26,0.35,0.045,15.0,14.848,within horizon
streptomycin,0.8,0.8,0.136,0.656,26,0.5,0.02,16.0,15.006,within horizon
streptomycin,0.8,0.8,0.136,0.656,26,0.65,0.045,15.0,14.848,within horizon
streptomycin,0.8,0.8,0.136,0.656,52,0.35,0.045,27.0,26.548,within horizon
streptomycin,0.8,0.8,0.136,0.656,52,0.5,0.02,27.0,26.706,within horizon
streptomycin,0.8,0.8,0.136,0.656,52,0.65,0.045,27.0,26.548,within horizon
streptomycin,0.8,0.9,0.136,0.738,8,0.35,0.045,6.0,5.506,within horizon
streptomycin,0.8,0.9,0.136,0.738,8,0.5,0.02,6.0,5.663,within horizon
streptomycin,0.8,0.9,0.136,0.738,8,0.65,0.045,6.0,5.506,within horizon
streptomycin,0.8,0.9,0.136,0.738,12,0.35,0.045,8.0,7.306,within horizon
streptomycin,0.8,0.9,0.136,0.738,12,0.5,0.02,8.0,7.463,within horizon
streptomycin,0.8,0.9,0.136,0.738,12,0.65,0.045,8.0,7.306,within horizon
streptomycin,0.8,0.9,0.136,0.738,26,0.35,0.045,14.0,13.606,within horizon
streptomycin,0.8,0.9,0.136,0.738,26,0.5,0.02,14.0,13.763,within horizon
streptomycin,0.8,0.9,0.136,0.738,26,0.65,0.045,14.0,13.606,within horizon
streptomycin,0.8,0.9,0.136,0.738,52,0.35,0.045,26.0,25.306,within horizon
streptomycin,0.8,0.9,0.136,0.738,52,0.5,0.02,26.0,25.463,within horizon
streptomycin,0.8,0.9,0.136,0.738,52,0.65,0.045,26.0,25.306,within horizon
streptomycin,0.8,1.0,0.136,0.82,8,0.35,0.045,5.0,4.635,within horizon
streptomycin,0.8,1.0,0.136,0.82,8,0.5,0.02,5.0,4.793,within horizon
streptomycin,0.8,1.0,0.136,0.82,8,0.65,0.045,5.0,4.635,within horizon
streptomycin,0.8,1.0,0.136,0.82,12,0.35,0.045,7.0,6.435,within horizon
streptomycin,0.8,1.0,0.136,0.82,12,0.5,0.02,7.0,6.593,within horizon
streptomycin,0.8,1.0,0.136,0.82,12,0.65,0.045,7.0,6.435,within horizon
streptomycin,0.8,1.0,0.136,0.82,26,0.35,0.045,13.0,12.735,within horizon
streptomycin,0.8,1.0,0.136,0.82,26,0.5,0.02,13.0,12.893,within horizon
streptomycin,0.8,1.0,0.136,0.82,26,0.65,0.045,13.0,12.735,within horizon
streptomycin,0.8,1.0,0.136,0.82,52,0.35,0.045,25.0,24.435,within horizon
streptomycin,0.8,1.0,0.136,0.82,52,0.5,0.02,25.0,24.593,within horizon
streptomycin,0.8,1.0,0.136,0.82,52,0.65,0.045,25.0,24.435,within horizon
streptomycin,0.8,1.1,0.136,0.902,8,0.35,0.045,4.0,3.964,within horizon
streptomycin,0.8,1.1,0.136,0.902,8,0.5,0.02,5.0,4.122,within horizon
streptomycin,0.8,1.1,0.136,0.902,8,0.65,0.045,4.0,3.964,within horizon
streptomycin,0.8,1.1,0.136,0.902,12,0.35,0.045,6.0,5.764,within horizon
streptomycin,0.8,1.1,0.136,0.902,12,0.5,0.02,6.0,5.922,within horizon
streptomycin,0.8,1.1,0.136,0.902,12,0.65,0.045,6.0,5.764,within horizon
streptomycin,0.8,1.1,0.136,0.902,26,0.35,0.045,13.0,12.064,within horizon
streptomycin,0.8,1.1,0.136,0.902,26,0.5,0.02,13.0,12.222,within horizon
streptomycin,0.8,1.1,0.136,0.902,26,0.65,0.045,13.0,12.064,within horizon
streptomycin,0.8,1.1,0.136,0.902,52,0.35,0.045,24.0,23.764,within horizon
streptomycin,0.8,1.1,0.136,0.902,52,0.5,0.02,24.0,23.922,within horizon
streptomycin,0.8,1.1,0.136,0.902,52,0.65,0.045,24.0,23.764,within horizon
streptomycin,0.8,1.2,0.136,0.984,8,0.35,0.045,4.0,3.418,within horizon
streptomycin,0.8,1.2,0.136,0.984,8,0.5,0.02,4.0,3.576,within horizon
streptomycin,0.8,1.2,0.136,0.984,8,0.65,0.045,4.0,3.418,within horizon
streptomycin,0.8,1.2,0.136,0.984,12,0.35,0.045,6.0,5.218,within horizon
streptomycin,0.8,1.2,0.136,0.984,12,0.5,0.02,6.0,5.376,within horizon
streptomycin,0.8,1.2,0.136,0.984,12,0.65,0.045,6.0,5.218,within horizon
streptomycin,0.8,1.2,0.136,0.984,26,0.35,0.045,12.0,11.518,within horizon
streptomycin,0.8,1.2,0.136,0.984,26,0.5,0.02,12.0,11.676,within horizon
streptomycin,0.8,1.2,0.136,0.984,26,0.65,0.045,12.0,11.518,within horizon
streptomycin,0.8,1.2,0.136,0.984,52,0.35,0.045,24.0,23.218,within horizon
streptomycin,0.8,1.2,0.136,0.984,52,0.5,0.02,24.0,23.376,within horizon
streptomycin,0.8,1.2,0.136,0.984,52,0.65,0.045,24.0,23.218,within horizon
streptomycin,0.8,1.3,0.136,1.0,8,0.35,0.045,4.0,3.323,within horizon
streptomycin,0.8,1.3,0.136,1.0,8,0.5,0.02,4.0,3.48,within horizon
streptomycin,0.8,1.3,0.136,1.0,8,0.65,0.045,4.0,3.323,within horizon
streptomycin,0.8,1.3,0.136,1.0,12,0.35,0.045,6.0,5.123,within horizon
streptomycin,0.8,1.3,0.136,1.0,12,0.5,0.02,6.0,5.28,within horizon
streptomycin,0.8,1.3,0.136,1.0,12,0.65,0.045,6.0,5.123,within horizon
streptomycin,0.8,1.3,0.136,1.0,26,0.35,0.045,12.0,11.423,within horizon
streptomycin,0.8,1.3,0.136,1.0,26,0.5,0.02,12.0,11.58,within horizon
streptomycin,0.8,1.3,0.136,1.0,26,0.65,0.045,12.0,11.423,within horizon
streptomycin,0.8,1.3,0.136,1.0,52,0.35,0.045,24.0,23.123,within horizon
streptomycin,0.8,1.3,0.136,1.0,52,0.5,0.02,24.0,23.28,within horizon
streptomycin,0.8,1.3,0.136,1.0,52,0.65,0.045,24.0,23.123,within horizon
streptomycin,0.9,0.7,0.153,0.574,8,0.35,0.045,,8.348,after horizon
streptomycin,0.9,0.7,0.153,0.574,8,0.5,0.02,,8.488,after horizon
streptomycin,0.9,0.7,0.153,0.574,8,0.65,0.045,,8.348,after horizon
streptomycin,0.9,0.7,0.153,0.574,12,0.35,0.045,11.0,10.148,within horizon
streptomycin,0.9,0.7,0.153,0.574,12,0.5,0.02,11.0,10.288,within horizon
streptomycin,0.9,0.7,0.153,0.574,12,0.65,0.045,11.0,10.148,within horizon
streptomycin,0.9,0.7,0.153,0.574,26,0.35,0.045,17.0,16.448,within horizon
streptomycin,0.9,0.7,0.153,0.574,26,0.5,0.02,17.0,16.588,within horizon
streptomycin,0.9,0.7,0.153,0.574,26,0.65,0.045,17.0,16.448,within horizon
streptomycin,0.9,0.7,0.153,0.574,52,0.35,0.045,29.0,28.148,within horizon
streptomycin,0.9,0.7,0.153,0.574,52,0.5,0.02,29.0,28.288,within horizon
streptomycin,0.9,0.7,0.153,0.574,52,0.65,0.045,29.0,28.148,within horizon
streptomycin,0.9,0.8,0.153,0.656,8,0.35,0.045,7.0,6.399,within horizon
streptomycin,0.9,0.8,0.153,0.656,8,0.5,0.02,7.0,6.538,within horizon
streptomycin,0.9,0.8,0.153,0.656,8,0.65,0.045,7.0,6.399,within horizon
streptomycin,0.9,0.8,0.153,0.656,12,0.35,0.045,9.0,8.199,within horizon
streptomycin,0.9,0.8,0.153,0.656,12,0.5,0.02,9.0,8.338,within horizon
streptomycin,0.9,0.8,0.153,0.656,12,0.65,0.045,9.0,8.199,within horizon
streptomycin,0.9,0.8,0.153,0.656,26,0.35,0.045,15.0,14.499,within horizon
streptomycin,0.9,0.8,0.153,0.656,26,0.5,0.02,15.0,14.638,within horizon
streptomycin,0.9,0.8,0.153,0.656,26,0.65,0.045,15.0,14.499,within horizon
streptomycin,0.9,0.8,0.153,0.656,52,0.35,0.045,27.0,26.199,within horizon
streptomycin,0.9,0.8,0.153,0.656,52,0.5,0.02,27.0,26.338,within horizon
streptomycin,0.9,0.8,0.153,0.656,52,0.65,0.045,27.0,26.199,within horizon
streptomycin,0.9,0.9,0.153,0.738,8,0.35,0.045,6.0,5.294,within horizon
streptomycin,0.9,0.9,0.153,0.738,8,0.5,0.02,6.0,5.434,within horizon
streptomycin,0.9,0.9,0.153,0.738,8,0.65,0.045,6.0,5.294,within horizon
streptomycin,0.9,0.9,0.153,0.738,12,0.35,0.045,8.0,7.094,within horizon
streptomycin,0.9,0.9,0.153,0.738,12,0.5,0.02,8.0,7.234,within horizon
streptomycin,0.9,0.9,0.153,0.738,12,0.65,0.045,8.0,7.094,within horizon
streptomycin,0.9,0.9,0.153,0.738,26,0.35,0.045,14.0,13.394,within horizon
streptomycin,0.9,0.9,0.153,0.738,26,0.5,0.02,14.0,13.534,within horizon
streptomycin,0.9,0.9,0.153,0.738,26,0.65,0.045,14.0,13.394,within horizon
streptomycin,0.9,0.9,0.153,0.738,52,0.35,0.045,26.0,25.094,within horizon
streptomycin,0.9,0.9,0.153,0.738,52,0.5,0.02,26.0,25.234,within horizon
streptomycin,0.9,0.9,0.153,0.738,52,0.65,0.045,26.0,25.094,within horizon
streptomycin,0.9,1.0,0.153,0.82,8,0.35,0.045,5.0,4.52,within horizon
streptomycin,0.9,1.0,0.153,0.82,8,0.5,0.02,5.0,4.66,within horizon
streptomycin,0.9,1.0,0.153,0.82,8,0.65,0.045,5.0,4.52,within horizon
streptomycin,0.9,1.0,0.153,0.82,12,0.35,0.045,7.0,6.32,within horizon
streptomycin,0.9,1.0,0.153,0.82,12,0.5,0.02,7.0,6.46,within horizon
streptomycin,0.9,1.0,0.153,0.82,12,0.65,0.045,7.0,6.32,within horizon
streptomycin,0.9,1.0,0.153,0.82,26,0.35,0.045,13.0,12.62,within horizon
streptomycin,0.9,1.0,0.153,0.82,26,0.5,0.02,13.0,12.76,within horizon
streptomycin,0.9,1.0,0.153,0.82,26,0.65,0.045,13.0,12.62,within horizon
streptomycin,0.9,1.0,0.153,0.82,52,0.35,0.045,25.0,24.32,within horizon
streptomycin,0.9,1.0,0.153,0.82,52,0.5,0.02,25.0,24.46,within horizon
streptomycin,0.9,1.0,0.153,0.82,52,0.65,0.045,25.0,24.32,within horizon
streptomycin,0.9,1.1,0.153,0.902,8,0.35,0.045,4.0,3.924,within horizon
streptomycin,0.9,1.1,0.153,0.902,8,0.5,0.02,5.0,4.064,within horizon
streptomycin,0.9,1.1,0.153,0.902,8,0.65,0.045,4.0,3.924,within horizon
streptomycin,0.9,1.1,0.153,0.902,12,0.35,0.045,6.0,5.724,within horizon
streptomycin,0.9,1.1,0.153,0.902,12,0.5,0.02,6.0,5.864,within horizon
streptomycin,0.9,1.1,0.153,0.902,12,0.65,0.045,6.0,5.724,within horizon
streptomycin,0.9,1.1,0.153,0.902,26,0.35,0.045,13.0,12.024,within horizon
streptomycin,0.9,1.1,0.153,0.902,26,0.5,0.02,13.0,12.164,within horizon
streptomycin,0.9,1.1,0.153,0.902,26,0.65,0.045,13.0,12.024,within horizon
streptomycin,0.9,1.1,0.153,0.902,52,0.35,0.045,24.0,23.724,within horizon
streptomycin,0.9,1.1,0.153,0.902,52,0.5,0.02,24.0,23.864,within horizon
streptomycin,0.9,1.1,0.153,0.902,52,0.65,0.045,24.0,23.724,within horizon
streptomycin,0.9,1.2,0.153,0.984,8,0.35,0.045,4.0,3.438,within horizon
streptomycin,0.9,1.2,0.153,0.984,8,0.5,0.02,4.0,3.578,within horizon
streptomycin,0.9,1.2,0.153,0.984,8,0.65,0.045,4.0,3.438,within horizon
streptomycin,0.9,1.2,0.153,0.984,12,0.35,0.045,6.0,5.238,within horizon
streptomycin,0.9,1.2,0.153,0.984,12,0.5,0.02,6.0,5.378,within horizon
streptomycin,0.9,1.2,0.153,0.984,12,0.65,0.045,6.0,5.238,within horizon
streptomycin,0.9,1.2,0.153,0.984,26,0.35,0.045,12.0,11.538,within horizon
streptomycin,0.9,1.2,0.153,0.984,26,0.5,0.02,12.0,11.678,within horizon
streptomycin,0.9,1.2,0.153,0.984,26,0.65,0.045,12.0,11.538,within horizon
streptomycin,0.9,1.2,0.153,0.984,52,0.35,0.045,24.0,23.238,within horizon
streptomycin,0.9,1.2,0.153,0.984,52,0.5,0.02,24.0,23.378,within horizon
streptomycin,0.9,1.2,0.153,0.984,52,0.65,0.045,24.0,23.238,within horizon
streptomycin,0.9,1.3,0.153,1.0,8,0.35,0.045,4.0,3.353,within horizon
streptomycin,0.9,1.3,0.153,1.0,8,0.5,0.02,4.0,3.493,within horizon
streptomycin,0.9,1.3,0.153,1.0,8,0.65,0.045,4.0,3.353,within horizon
streptomycin,0.9,1.3,0.153,1.0,12,0.35,0.045,6.0,5.153,within horizon
streptomycin,0.9,1.3,0.153,1.0,12,0.5,0.02,6.0,5.293,within horizon
streptomycin,0.9,1.3,0.153,1.0,12,0.65,0.045,6.0,5.153,within horizon
streptomycin,0.9,1.3,0.153,1.0,26,0.35,0.045,12.0,11.453,within horizon
streptomycin,0.9,1.3,0.153,1.0,26,0.5,0.02,12.0,11.593,within horizon
streptomycin,0.9,1.3,0.153,1.0,26,0.65,0.045,12.0,11.453,within horizon
streptomycin,0.9,1.3,0.153,1.0,52,0.35,0.045,24.0,23.153,within horizon
streptomycin,0.9,1.3,0.153,1.0,52,0.5,0.02,24.0,23.293,within horizon
streptomycin,0.9,1.3,0.153,1.0,52,0.65,0.045,24.0,23.153,within horizon
streptomycin,1.0,0.7,0.17,0.574,8,0.35,0.045,8.0,7.873,within horizon
streptomycin,1.0,0.7,0.17,0.574,8,0.5,0.02,8.0,7.999,within horizon
streptomycin,1.0,0.7,0.17,0.574,8,0.65,0.045,8.0,7.873,within horizon
streptomycin,1.0,0.7,0.17,0.574,12,0.35,0.045,10.0,9.673,within horizon
streptomycin,1.0,0.7,0.17,0.574,12,0.5,0.02,10.0,9.799,within horizon
streptomycin,1.0,0.7,0.17,0.574,12,0.65,0.045,10.0,9.673,within horizon
streptomycin,1.0,0.7,0.17,0.574,26,0.35,0.045,16.0,15.973,within horizon
streptomycin,1.0,0.7,0.17,0.574,26,0.5,0.02,17.0,16.099,within horizon
streptomycin,1.0,0.7,0.17,0.574,26,0.65,0.045,16.0,15.973,within horizon
streptomycin,1.0,0.7,0.17,0.574,52,0.35,0.045,28.0,27.673,within horizon
streptomycin,1.0,0.7,0.17,0.574,52,0.5,0.02,28.0,27.799,within horizon
streptomycin,1.0,0.7,0.17,0.574,52,0.65,0.045,28.0,27.673,within horizon
streptomycin,1.0,0.8,0.17,0.656,8,0.35,0.045,7.0,6.119,within horizon
streptomycin,1.0,0.8,0.17,0.656,8,0.5,0.02,7.0,6.245,within horizon
streptomycin,1.0,0.8,0.17,0.656,8,0.65,0.045,7.0,6.119,within horizon
streptomycin,1.0,0.8,0.17,0.656,12,0.35,0.045,8.0,7.919,within horizon
streptomycin,1.0,0.8,0.17,0.656,12,0.5,0.02,9.0,8.045,within horizon
streptomycin,1.0,0.8,0.17,0.656,12,0.65,0.045,8.0,7.919,within horizon
streptomycin,1.0,0.8,0.17,0.656,26,0.35,0.045,15.0,14.219,within horizon
streptomycin,1.0,0.8,0.17,0.656,26,0.5,0.02,15.0,14.345,within horizon
streptomycin,1.0,0.8,0.17,0.656,26,0.65,0.045,15.0,14.219,within horizon
streptomycin,1.0,0.8,0.17,0.656,52,0.35,0.045,26.0,25.919,within horizon
streptomycin,1.0,0.8,0.17,0.656,52,0.5,0.02,27.0,26.045,within horizon
streptomycin,1.0,0.8,0.17,0.656,52,0.65,0.045,26.0,25.919,within horizon
streptomycin,1.0,0.9,0.17,0.738,8,0.35,0.045,6.0,5.125,within horizon
streptomycin,1.0,0.9,0.17,0.738,8,0.5,0.02,6.0,5.251,within horizon
streptomycin,1.0,0.9,0.17,0.738,8,0.65,0.045,6.0,5.125,within horizon
streptomycin,1.0,0.9,0.17,0.738,12,0.35,0.045,7.0,6.925,within horizon
streptomycin,1.0,0.9,0.17,0.738,12,0.5,0.02,8.0,7.051,within horizon
streptomycin,1.0,0.9,0.17,0.738,12,0.65,0.045,7.0,6.925,within horizon
streptomycin,1.0,0.9,0.17,0.738,26,0.35,0.045,14.0,13.225,within horizon
streptomycin,1.0,0.9,0.17,0.738,26,0.5,0.02,14.0,13.351,within horizon
streptomycin,1.0,0.9,0.17,0.738,26,0.65,0.045,14.0,13.225,within horizon
streptomycin,1.0,0.9,0.17,0.738,52,0.35,0.045,25.0,24.925,within horizon
streptomycin,1.0,0.9,0.17,0.738,52,0.5,0.02,26.0,25.051,within horizon
streptomycin,1.0,0.9,0.17,0.738,52,0.65,0.045,25.0,24.925,within horizon
streptomycin,1.0,1.0,0.17,0.82,8,0.35,0.045,5.0,4.428,within horizon
streptomycin,1.0,1.0,0.17,0.82,8,0.5,0.02,5.0,4.554,within horizon
streptomycin,1.0,1.0,0.17,0.82,8,0.65,0.045,5.0,4.428,within horizon
streptomycin,1.0,1.0,0.17,0.82,12,0.35,0.045,7.0,6.228,within horizon
streptomycin,1.0,1.0,0.17,0.82,12,0.5,0.02,7.0,6.354,within horizon
streptomycin,1.0,1.0,0.17,0.82,12,0.65,0.045,7.0,6.228,within horizon
streptomycin,1.0,1.0,0.17,0.82,26,0.35,0.045,13.0,12.528,within horizon
streptomycin,1.0,1.0,0.17,0.82,26,0.5,0.02,13.0,12.654,within horizon
streptomycin,1.0,1.0,0.17,0.82,26,0.65,0.045,13.0,12.528,within horizon
streptomycin,1.0,1.0,0.17,0.82,52,0.35,0.045,25.0,24.228,within horizon
streptomycin,1.0,1.0,0.17,0.82,52,0.5,0.02,25.0,24.354,within horizon
streptomycin,1.0,1.0,0.17,0.82,52,0.65,0.045,25.0,24.228,within horizon
streptomycin,1.0,1.1,0.17,0.902,8,0.35,0.045,4.0,3.891,within horizon
streptomycin,1.0,1.1,0.17,0.902,8,0.5,0.02,5.0,4.017,within horizon
streptomycin,1.0,1.1,0.17,0.902,8,0.65,0.045,4.0,3.891,within horizon
streptomycin,1.0,1.1,0.17,0.902,12,0.35,0.045,6.0,5.691,within horizon
streptomycin,1.0,1.1,0.17,0.902,12,0.5,0.02,6.0,5.817,within horizon
streptomycin,1.0,1.1,0.17,0.902,12,0.65,0.045,6.0,5.691,within horizon
streptomycin,1.0,1.1,0.17,0.902,26,0.35,0.045,12.0,11.991,within horizon
streptomycin,1.0,1.1,0.17,0.902,26,0.5,0.02,13.0,12.117,within horizon
streptomycin,1.0,1.1,0.17,0.902,26,0.65,0.045,12.0,11.991,within horizon
streptomycin,1.0,1.1,0.17,0.902,52,0.35,0.045,24.0,23.691,within horizon
streptomycin,1.0,1.1,0.17,0.902,52,0.5,0.02,24.0,23.817,within horizon
streptomycin,1.0,1.1,0.17,0.902,52,0.65,0.045,24.0,23.691,within horizon
streptomycin,1.0,1.2,0.17,0.984,8,0.35,0.045,4.0,3.455,within horizon
streptomycin,1.0,1.2,0.17,0.984,8,0.5,0.02,4.0,3.58,within horizon
streptomycin,1.0,1.2,0.17,0.984,8,0.65,0.045,4.0,3.455,within horizon
streptomycin,1.0,1.2,0.17,0.984,12,0.35,0.045,6.0,5.255,within horizon
streptomycin,1.0,1.2,0.17,0.984,12,0.5,0.02,6.0,5.38,within horizon
streptomycin,1.0,1.2,0.17,0.984,12,0.65,0.045,6.0,5.255,within horizon
streptomycin,1.0,1.2,0.17,0.984,26,0.35,0.045,12.0,11.555,within horizon
streptomycin,1.0,1.2,0.17,0.984,26,0.5,0.02,12.0,11.68,within horizon
streptomycin,1.0,1.2,0.17,0.984,26,0.65,0.045,12.0,11.555,within horizon
streptomycin,1.0,1.2,0.17,0.984,52,0.35,0.045,24.0,23.255,within horizon
streptomycin,1.0,1.2,0.17,0.984,52,0.5,0.02,24.0,23.38,within horizon
streptomycin,1.0,1.2,0.17,0.984,52,0.65,0.045,24.0,23.255,within horizon
streptomycin,1.0,1.3,0.17,1.0,8,0.35,0.045,4.0,3.378,within horizon
streptomycin,1.0,1.3,0.17,1.0,8,0.5,0.02,4.0,3.504,within horizon
streptomycin,1.0,1.3,0.17,1.0,8,0.65,0.045,4.0,3.378,within horizon
streptomycin,1.0,1.3,0.17,1.0,12,0.35,0.045,6.0,5.178,within horizon
streptomycin,1.0,1.3,0.17,1.0,12,0.5,0.02,6.0,5.304,within horizon
streptomycin,1.0,1.3,0.17,1.0,12,0.65,0.045,6.0,5.178,within horizon
streptomycin,1.0,1.3,0.17,1.0,26,0.35,0.045,12.0,11.478,within horizon
streptomycin,1.0,1.3,0.17,1.0,26,0.5,0.02,12.0,11.604,within horizon
streptomycin,1.0,1.3,0.17,1.0,26,0.65,0.045,12.0,11.478,within horizon
streptomycin,1.0,1.3,0.17,1.0,52,0.35,0.045,24.0,23.178,within horizon
streptomycin,1.0,1.3,0.17,1.0,52,0.5,0.02,24.0,23.304,within horizon
streptomycin,1.0,1.3,0.17,1.0,52,0.65,0.045,24.0,23.178,within horizon
streptomycin,1.1,0.7,0.187,0.574,8,0.35,0.045,8.0,7.485,within horizon
streptomycin,1.1,0.7,0.187,0.574,8,0.5,0.02,8.0,7.599,within horizon
streptomycin,1.1,0.7,0.187,0.574,8,0.65,0.045,8.0,7.485,within horizon
streptomycin,1.1,0.7,0.187,0.574,12,0.35,0.045,10.0,9.285,within horizon
streptomycin,1.1,0.7,0.187,0.574,12,0.5,0.02,10.0,9.399,within horizon
streptomycin,1.1,0.7,0.187,0.574,12,0.65,0.045,10.0,9.285,within horizon
streptomycin,1.1,0.7,0.187,0.574,26,0.35,0.045,16.0,15.585,within horizon
streptomycin,1.1,0.7,0.187,0.574,26,0.5,0.02,16.0,15.699,within horizon
streptomycin,1.1,0.7,0.187,0.574,26,0.65,0.045,16.0,15.585,within horizon
streptomycin,1.1,0.7,0.187,0.574,52,0.35,0.045,28.0,27.285,within horizon
streptomycin,1.1,0.7,0.187,0.574,52,0.5,0.02,28.0,27.399,within horizon
streptomycin,1.1,0.7,0.187,0.574,52,0.65,0.045,28.0,27.285,within horizon
streptomycin,1.1,0.8,0.187,0.656,8,0.35,0.045,6.0,5.89,within horizon
streptomycin,1.1,0.8,0.187,0.656,8,0.5,0.02,7.0,6.004,within horizon
streptomycin,1.1,0.8,0.187,0.656,8,0.65,0.045,6.0,5.89,within horizon
streptomycin,1.1,0.8,0.187,0.656,12,0.35,0.045,8.0,7.69,within horizon
streptomycin,1.1,0.8,0.187,0.656,12,0.5,0.02,8.0,7.804,within horizon
streptomycin,1.1,0.8,0.187,0.656,12,0.65,0.045,8.0,7.69,within horizon
streptomycin,1.1,0.8,0.187,0.656,26,0.35,0.045,14.0,13.99,within horizon
streptomycin,1.1,0.8,0.187,0.656,26,0.5,0.02,15.0,14.104,within horizon
streptomycin,1.1,0.8,0.187,0.656,26,0.65,0.045,14.0,13.99,within horizon
streptomycin,1.1,0.8,0.187,0.656,52,0.35,0.045,26.0,25.69,within horizon
streptomycin,1.1,0.8,0.187,0.656,52,0.5,0.02,26.0,25.804,within horizon
streptomycin,1.1,0.8,0.187,0.656,52,0.65,0.045,26.0,25.69,within horizon
streptomycin,1.1,0.9,0.187,0.738,8,0.35,0.045,5.0,4.986,within horizon
streptomycin,1.1,0.9,0.187,0.738,8,0.5,0.02,6.0,5.101,within horizon
streptomycin,1.1,0.9,0.187,0.738,8,0.65,0.045,5.0,4.986,within horizon
streptomycin,1.1,0.9,0.187,0.738,12,0.35,0.045,7.0,6.786,within horizon
streptomycin,1.1,0.9,0.187,0.738,12,0.5,0.02,7.0,6.901,within horizon
streptomycin,1.1,0.9,0.187,0.738,12,0.65,0.045,7.0,6.786,within horizon
streptomycin,1.1,0.9,0.187,0.738,26,0.35,0.045,14.0,13.086,within horizon
streptomycin,1.1,0.9,0.187,0.738,26,0.5,0.02,14.0,13.201,within horizon
streptomycin,1.1,0.9,0.187,0.738,26,0.65,0.045,14.0,13.086,within horizon
streptomycin,1.1,0.9,0.187,0.738,52,0.35,0.045,25.0,24.786,within horizon
streptomycin,1.1,0.9,0.187,0.738,52,0.5,0.02,25.0,24.901,within horizon
streptomycin,1.1,0.9,0.187,0.738,52,0.65,0.045,25.0,24.786,within horizon
streptomycin,1.1,1.0,0.187,0.82,8,0.35,0.045,5.0,4.353,within horizon
streptomycin,1.1,1.0,0.187,0.82,8,0.5,0.02,5.0,4.467,within horizon
streptomycin,1.1,1.0,0.187,0.82,8,0.65,0.045,5.0,4.353,within horizon
streptomycin,1.1,1.0,0.187,0.82,12,0.35,0.045,7.0,6.153,within horizon
streptomycin,1.1,1.0,0.187,0.82,12,0.5,0.02,7.0,6.267,within horizon
streptomycin,1.1,1.0,0.187,0.82,12,0.65,0.045,7.0,6.153,within horizon
streptomycin,1.1,1.0,0.187,0.82,26,0.35,0.045,13.0,12.453,within horizon
streptomycin,1.1,1.0,0.187,0.82,26,0.5,0.02,13.0,12.567,within horizon
streptomycin,1.1,1.0,0.187,0.82,26,0.65,0.045,13.0,12.453,within horizon
streptomycin,1.1,1.0,0.187,0.82,52,0.35,0.045,25.0,24.153,within horizon
streptomycin,1.1,1.0,0.187,0.82,52,0.5,0.02,25.0,24.267,within horizon
streptomycin,1.1,1.0,0.187,0.82,52,0.65,0.045,25.0,24.153,within horizon
streptomycin,1.1,1.1,0.187,0.902,8,0.35,0.045,4.0,3.865,within horizon
streptomycin,1.1,1.1,0.187,0.902,8,0.5,0.02,4.0,3.979,within horizon
streptomycin,1.1,1.1,0.187,0.902,8,0.65,0.045,4.0,3.865,within horizon
streptomycin,1.1,1.1,0.187,0.902,12,0.35,0.045,6.0,5.665,within horizon
streptomycin,1.1,1.1,0.187,0.902,12,0.5,0.02,6.0,5.779,within horizon
streptomycin,1.1,1.1,0.187,0.902,12,0.65,0.045,6.0,5.665,within horizon
streptomycin,1.1,1.1,0.187,0.902,26,0.35,0.045,12.0,11.965,within horizon
streptomycin,1.1,1.1,0.187,0.902,26,0.5,0.02,13.0,12.079,within horizon
streptomycin,1.1,1.1,0.187,0.902,26,0.65,0.045,12.0,11.965,within horizon
streptomycin,1.1,1.1,0.187,0.902,52,0.35,0.045,24.0,23.665,within horizon
streptomycin,1.1,1.1,0.187,0.902,52,0.5,0.02,24.0,23.779,within horizon
streptomycin,1.1,1.1,0.187,0.902,52,0.65,0.045,24.0,23.665,within horizon
streptomycin,1.1,1.2,0.187,0.984,8,0.35,0.045,4.0,3.468,within horizon
streptomycin,1.1,1.2,0.187,0.984,8,0.5,0.02,4.0,3.582,within horizon
streptomycin,1.1,1.2,0.187,0.984,8,0.65,0.045,4.0,3.468,within horizon
streptomycin,1.1,1.2,0.187,0.984,12,0.35,0.045,6.0,5.268,within horizon
streptomycin,1.1,1.2,0.187,0.984,12,0.5,0.02,6.0,5.382,within horizon
streptomycin,1.1,1.2,0.187,0.984,12,0.65,0.045,6.0,5.268,within horizon
streptomycin,1.1,1.2,0.187,0.984,26,0.35,0.045,12.0,11.568,within horizon
streptomycin,1.1,1.2,0.187,0.984,26,0.5,0.02,12.0,11.682,within horizon
streptomycin,1.1,1.2,0.187,0.984,26,0.65,0.045,12.0,11.568,within horizon
streptomycin,1.1,1.2,0.187,0.984,52,0.35,0.045,24.0,23.268,within horizon
streptomycin,1.1,1.2,0.187,0.984,52,0.5,0.02,24.0,23.382,within horizon
streptomycin,1.1,1.2,0.187,0.984,52,0.65,0.045,24.0,23.268,within horizon
streptomycin,1.1,1.3,0.187,1.0,8,0.35,0.045,4.0,3.398,within horizon
streptomycin,1.1,1.3,0.187,1.0,8,0.5,0.02,4.0,3.513,within horizon
streptomycin,1.1,1.3,0.187,1.0,8,0.65,0.045,4.0,3.398,within horizon
streptomycin,1.1,1.3,0.187,1.0,12,0.35,0.045,6.0,5.198,within horizon
streptomycin,1.1,1.3,0.187,1.0,12,0.5,0.02,6.0,5.313,within horizon
streptomycin,1.1,1.3,0.187,1.0,12,0.65,0.045,6.0,5.198,within horizon
streptomycin,1.1,1.3,0.187,1.0,26,0.35,0.045,12.0,11.498,within horizon
streptomycin,1.1,1.3,0.187,1.0,26,0.5,0.02,12.0,11.613,within horizon
streptomycin,1.1,1.3,0.187,1.0,26,0.65,0.045,12.0,11.498,within horizon
streptomycin,1.1,1.3,0.187,1.0,52,0.35,0.045,24.0,23.198,within horizon
streptomycin,1.1,1.3,0.187,1.0,52,0.5,0.02,24.0,23.313,within horizon
streptomycin,1.1,1.3,0.187,1.0,52,0.65,0.045,24.0,23.198,within horizon
streptomycin,1.2,0.7,0.204,0.574,8,0.35,0.045,8.0,7.161,within horizon
streptomycin,1.2,0.7,0.204,0.574,8,0.5,0.02,8.0,7.266,within horizon
streptomycin,1.2,0.7,0.204,0.574,8,0.65,0.045,8.0,7.161,within horizon
streptomycin,1.2,0.7,0.204,0.574,12,0.35,0.045,9.0,8.961,within horizon
streptomycin,1.2,0.7,0.204,0.574,12,0.5,0.02,10.0,9.066,within horizon
streptomycin,1.2,0.7,0.204,0.574,12,0.65,0.045,9.0,8.961,within horizon
streptomycin,1.2,0.7,0.204,0.574,26,0.35,0.045,16.0,15.261,within horizon
streptomycin,1.2,0.7,0.204,0.574,26,0.5,0.02,16.0,15.366,within horizon
streptomycin,1.2,0.7,0.204,0.574,26,0.65,0.045,16.0,15.261,within horizon
streptomycin,1.2,0.7,0.204,0.574,52,0.35,0.045,27.0,26.961,within horizon
streptomycin,1.2,0.7,0.204,0.574,52,0.5,0.02,28.0,27.066,within horizon
streptomycin,1.2,0.7,0.204,0.574,52,0.65,0.045,27.0,26.961,within horizon
streptomycin,1.2,0.8,0.204,0.656,8,0.35,0.045,6.0,5.699,within horizon
streptomycin,1.2,0.8,0.204,0.656,8,0.5,0.02,6.0,5.804,within horizon
streptomycin,1.2,0.8,0.204,0.656,8,0.65,0.045,6.0,5.699,within horizon
streptomycin,1.2,0.8,0.204,0.656,12,0.35,0.045,8.0,7.499,within horizon
streptomycin,1.2,0.8,0.204,0.656,12,0.5,0.02,8.0,7.604,within horizon
streptomycin,1.2,0.8,0.204,0.656,12,0.65,0.045,8.0,7.499,within horizon
streptomycin,1.2,0.8,0.204,0.656,26,0.35,0.045,14.0,13.799,within horizon
streptomycin,1.2,0.8,0.204,0.656,26,0.5,0.02,14.0,13.904,within horizon
streptomycin,1.2,0.8,0.204,0.656,26,0.65,0.045,14.0,13.799,within horizon
streptomycin,1.2,0.8,0.204,0.656,52,0.35,0.045,26.0,25.499,within horizon
streptomycin,1.2,0.8,0.204,0.656,52,0.5,0.02,26.0,25.604,within horizon
streptomycin,1.2,0.8,0.204,0.656,52,0.65,0.045,26.0,25.499,within horizon
streptomycin,1.2,0.9,0.204,0.738,8,0.35,0.045,5.0,4.871,within horizon
streptomycin,1.2,0.9,0.204,0.738,8,0.5,0.02,5.0,4.976,within horizon
streptomycin,1.2,0.9,0.204,0.738,8,0.65,0.045,5.0,4.871,within horizon
streptomycin,1.2,0.9,0.204,0.738,12,0.35,0.045,7.0,6.671,within horizon
streptomycin,1.2,0.9,0.204,0.738,12,0.5,0.02,7.0,6.776,within horizon
streptomycin,1.2,0.9,0.204,0.738,12,0.65,0.045,7.0,6.671,within horizon
streptomycin,1.2,0.9,0.204,0.738,26,0.35,0.045,13.0,12.971,within horizon
streptomycin,1.2,0.9,0.204,0.738,26,0.5,0.02,14.0,13.076,within horizon
streptomycin,1.2,0.9,0.204,0.738,26,0.65,0.045,13.0,12.971,within horizon
streptomycin,1.2,0.9,0.204,0.738,52,0.35,0.045,25.0,24.671,within horizon
streptomycin,1.2,0.9,0.204,0.738,52,0.5,0.02,25.0,24.776,within horizon
streptomycin,1.2,0.9,0.204,0.738,52,0.65,0.045,25.0,24.671,within horizon
streptomycin,1.2,1.0,0.204,0.82,8,0.35,0.045,5.0,4.29,within horizon
streptomycin,1.2,1.0,0.204,0.82,8,0.5,0.02,5.0,4.395,within horizon
streptomycin,1.2,1.0,0.204,0.82,8,0.65,0.045,5.0,4.29,within horizon
streptomycin,1.2,1.0,0.204,0.82,12,0.35,0.045,7.0,6.09,within horizon
streptomycin,1.2,1.0,0.204,0.82,12,0.5,0.02,7.0,6.195,within horizon
streptomycin,1.2,1.0,0.204,0.82,12,0.65,0.045,7.0,6.09,within horizon
streptomycin,1.2,1.0,0.204,0.82,26,0.35,0.045,13.0,12.39,within horizon
streptomycin,1.2,1.0,0.204,0.82,26,0.5,0.02,13.0,12.495,within horizon
streptomycin,1.2,1.0,0.204,0.82,26,0.65,0.045,13.0,12.39,within horizon
streptomycin,1.2,1.0,0.204,0.82,52,0.35,0.045,25.0,24.09,within horizon
streptomycin,1.2,1.0,0.204,0.82,52,0.5,0.02,25.0,24.195,within horizon
streptomycin,1.2,1.0,0.204,0.82,52,0.65,0.045,25.0,24.09,within horizon
streptomycin,1.2,1.1,0.204,0.902,8,0.35,0.045,4.0,3.843,within horizon
streptomycin,1.2,1.1,0.204,0.902,8,0.5,0.02,4.0,3.948,within horizon
streptomycin,1.2,1.1,0.204,0.902,8,0.65,0.045,4.0,3.843,within horizon
streptomycin,1.2,1.1,0.204,0.902,12,0.35,0.045,6.0,5.643,within horizon
streptomycin,1.2,1.1,0.204,0.902,12,0.5,0.02,6.0,5.748,within horizon
streptomycin,1.2,1.1,0.204,0.902,12,0.65,0.045,6.0,5.643,within horizon
streptomycin,1.2,1.1,0.204,0.902,26,0.35,0.045,12.0,11.943,within horizon
streptomycin,1.2,1.1,0.204,0.902,26,0.5,0.02,13.0,12.048,within horizon
streptomycin,1.2,1.1,0.204,0.902,26,0.65,0.045,12.0,11.943,within horizon
streptomycin,1.2,1.1,0.204,0.902,52,0.35,0.045,24.0,23.643,within horizon
streptomycin,1.2,1.1,0.204,0.902,52,0.5,0.02,24.0,23.748,within horizon
streptomycin,1.2,1.1,0.204,0.902,52,0.65,0.045,24.0,23.643,within horizon
streptomycin,1.2,1.2,0.204,0.984,8,0.35,0.045,4.0,3.479,within horizon
streptomycin,1.2,1.2,0.204,0.984,8,0.5,0.02,4.0,3.584,within horizon
streptomycin,1.2,1.2,0.204,0.984,8,0.65,0.045,4.0,3.479,within horizon
streptomycin,1.2,1.2,0.204,0.984,12,0.35,0.045,6.0,5.279,within horizon
streptomycin,1.2,1.2,0.204,0.984,12,0.5,0.02,6.0,5.384,within horizon
streptomycin,1.2,1.2,0.204,0.984,12,0.65,0.045,6.0,5.279,within horizon
streptomycin,1.2,1.2,0.204,0.984,26,0.35,0.045,12.0,11.579,within horizon
streptomycin,1.2,1.2,0.204,0.984,26,0.5,0.02,12.0,11.684,within horizon
streptomycin,1.2,1.2,0.204,0.984,26,0.65,0.045,12.0,11.579,within horizon
streptomycin,1.2,1.2,0.204,0.984,52,0.35,0.045,24.0,23.279,within horizon
streptomycin,1.2,1.2,0.204,0.984,52,0.5,0.02,24.0,23.384,within horizon
streptomycin,1.2,1.2,0.204,0.984,52,0.65,0.045,24.0,23.279,within horizon
streptomycin,1.2,1.3,0.204,1.0,8,0.35,0.045,4.0,3.415,within horizon
streptomycin,1.2,1.3,0.204,1.0,8,0.5,0.02,4.0,3.52,within horizon
streptomycin,1.2,1.3,0.204,1.0,8,0.65,0.045,4.0,3.415,within horizon
streptomycin,1.2,1.3,0.204,1.0,12,0.35,0.045,6.0,5.215,within horizon
streptomycin,1.2,1.3,0.204,1.0,12,0.5,0.02,6.0,5.32,within horizon
streptomycin,1.2,1.3,0.204,1.0,12,0.65,0.045,6.0,5.215,within horizon
streptomycin,1.2,1.3,0.204,1.0,26,0.35,0.045,12.0,11.515,within horizon
streptomycin,1.2,1.3,0.204,1.0,26,0.5,0.02,12.0,11.62,within horizon
streptomycin,1.2,1.3,0.204,1.0,26,0.65,0.045,12.0,11.515,within horizon
streptomycin,1.2,1.3,0.204,1.0,52,0.35,0.045,24.0,23.215,within horizon
streptomycin,1.2,1.3,0.204,1.0,52,0.5,0.02,24.0,23.32,within horizon
streptomycin,1.2,1.3,0.204,1.0,52,0.65,0.045,24.0,23.215,within horizon
streptomycin,1.3,0.7,0.221,0.574,8,0.35,0.045,7.0,6.887,within horizon
streptomycin,1.3,0.7,0.221,0.574,8,0.5,0.02,7.0,6.984,within horizon
streptomycin,1.3,0.7,0.221,0.574,8,0.65,0.045,7.0,6.887,within horizon
streptomycin,1.3,0.7,0.221,0.574,12,0.35,0.045,9.0,8.687,within horizon
streptomycin,1.3,0.7,0.221,0.574,12,0.5,0.02,9.0,8.784,within horizon
streptomycin,1.3,0.7,0.221,0.574,12,0.65,0.045,9.0,8.687,within horizon
streptomycin,1.3,0.7,0.221,0.574,26,0.35,0.045,15.0,14.987,within horizon
streptomycin,1.3,0.7,0.221,0.574,26,0.5,0.02,16.0,15.084,within horizon
streptomycin,1.3,0.7,0.221,0.574,26,0.65,0.045,15.0,14.987,within horizon
streptomycin,1.3,0.7,0.221,0.574,52,0.35,0.045,27.0,26.687,within horizon
streptomycin,1.3,0.7,0.221,0.574,52,0.5,0.02,27.0,26.784,within horizon
streptomycin,1.3,0.7,0.221,0.574,52,0.65,0.045,27.0,26.687,within horizon
streptomycin,1.3,0.8,0.221,0.656,8,0.35,0.045,6.0,5.537,within horizon
streptomycin,1.3,0.8,0.221,0.656,8,0.5,0.02,6.0,5.634,within horizon
streptomycin,1.3,0.8,0.221,0.656,8,0.65,0.045,6.0,5.537,within horizon
streptomycin,1.3,0.8,0.221,0.656,12,0.35,0.045,8.0,7.337,within horizon
streptomycin,1.3,0.8,0.221,0.656,12,0.5,0.02,8.0,7.434,within horizon
streptomycin,1.3,0.8,0.221,0.656,12,0.65,0.045,8.0,7.337,within horizon
streptomycin,1.3,0.8,0.221,0.656,26,0.35,0.045,14.0,13.637,within horizon
streptomycin,1.3,0.8,0.221,0.656,26,0.5,0.02,14.0,13.734,within horizon
streptomycin,1.3,0.8,0.221,0.656,26,0.65,0.045,14.0,13.637,within horizon
streptomycin,1.3,0.8,0.221,0.656,52,0.35,0.045,26.0,25.337,within horizon
streptomycin,1.3,0.8,0.221,0.656,52,0.5,0.02,26.0,25.434,within horizon
streptomycin,1.3,0.8,0.221,0.656,52,0.65,0.045,26.0,25.337,within horizon
streptomycin,1.3,0.9,0.221,0.738,8,0.35,0.045,5.0,4.773,within horizon
streptomycin,1.3,0.9,0.221,0.738,8,0.5,0.02,5.0,4.87,within horizon
streptomycin,1.3,0.9,0.221,0.738,8,0.65,0.045,5.0,4.773,within horizon
streptomycin,1.3,0.9,0.221,0.738,12,0.35,0.045,7.0,6.573,within horizon
streptomycin,1.3,0.9,0.221,0.738,12,0.5,0.02,7.0,6.67,within horizon
streptomycin,1.3,0.9,0.221,0.738,12,0.65,0.045,7.0,6.573,within horizon
streptomycin,1.3,0.9,0.221,0.738,26,0.35,0.045,13.0,12.873,within horizon
streptomycin,1.3,0.9,0.221,0.738,26,0.5,0.02,13.0,12.97,within horizon
streptomycin,1.3,0.9,0.221,0.738,26,0.65,0.045,13.0,12.873,within horizon
streptomycin,1.3,0.9,0.221,0.738,52,0.35,0.045,25.0,24.573,within horizon
streptomycin,1.3,0.9,0.221,0.738,52,0.5,0.02,25.0,24.67,within horizon
streptomycin,1.3,0.9,0.221,0.738,52,0.65,0.045,25.0,24.573,within horizon
streptomycin,1.3,1.0,0.221,0.82,8,0.35,0.045,5.0,4.237,within horizon
streptomycin,1.3,1.0,0.221,0.82,8,0.5,0.02,5.0,4.334,within horizon
streptomycin,1.3,1.0,0.221,0.82,8,0.65,0.045,5.0,4.237,within horizon
streptomycin,1.3,1.0,0.221,0.82,12,0.35,0.045,7.0,6.037,within horizon
streptomycin,1.3,1.0,0.221,0.82,12,0.5,0.02,7.0,6.134,within horizon
streptomycin,1.3,1.0,0.221,0.82,12,0.65,0.045,7.0,6.037,within horizon
streptomycin,1.3,1.0,0.221,0.82,26,0.35,0.045,13.0,12.337,within horizon
streptomycin,1.3,1.0,0.221,0.82,26,0.5,0.02,13.0,12.434,within horizon
streptomycin,1.3,1.0,0.221,0.82,26,0.65,0.045,13.0,12.337,within horizon
streptomycin,1.3,1.0,0.221,0.82,52,0.35,0.045,25.0,24.037,within horizon
streptomycin,1.3,1.0,0.221,0.82,52,0.5,0.02,25.0,24.134,within horizon
streptomycin,1.3,1.0,0.221,0.82,52,0.65,0.045,25.0,24.037,within horizon
streptomycin,1.3,1.1,0.221,0.902,8,0.35,0.045,4.0,3.824,within horizon
streptomycin,1.3,1.1,0.221,0.902,8,0.5,0.02,4.0,3.921,within horizon
streptomycin,1.3,1.1,0.221,0.902,8,0.65,0.045,4.0,3.824,within horizon
streptomycin,1.3,1.1,0.221,0.902,12,0.35,0.045,6.0,5.624,within horizon
streptomycin,1.3,1.1,0.221,0.902,12,0.5,0.02,6.0,5.721,within horizon
streptomycin,1.3,1.1,0.221,0.902,12,0.65,0.045,6.0,5.624,within horizon
streptomycin,1.3,1.1,0.221,0.902,26,0.35,0.045,12.0,11.924,within horizon
streptomycin,1.3,1.1,0.221,0.902,26,0.5,0.02,13.0,12.021,within horizon
streptomycin,1.3,1.1,0.221,0.902,26,0.65,0.045,12.0,11.924,within horizon
streptomycin,1.3,1.1,0.221,0.902,52,0.35,0.045,24.0,23.624,within horizon
streptomycin,1.3,1.1,0.221,0.902,52,0.5,0.02,24.0,23.721,within horizon
streptomycin,1.3,1.1,0.221,0.902,52,0.65,0.045,24.0,23.624,within horizon
streptomycin,1.3,1.2,0.221,0.984,8,0.35,0.045,4.0,3.488,within horizon
streptomycin,1.3,1.2,0.221,0.984,8,0.5,0.02,4.0,3.585,within horizon
streptomycin,1.3,1.2,0.221,0.984,8,0.65,0.045,4.0,3.488,within horizon
streptomycin,1.3,1.2,0.221,0.984,12,0.35,0.045,6.0,5.288,within horizon
streptomycin,1.3,1.2,0.221,0.984,12,0.5,0.02,6.0,5.385,within horizon
streptomycin,1.3,1.2,0.221,0.984,12,0.65,0.045,6.0,5.288,within horizon
streptomycin,1.3,1.2,0.221,0.984,26,0.35,0.045,12.0,11.588,within horizon
streptomycin,1.3,1.2,0.221,0.984,26,0.5,0.02,12.0,11.685,within horizon
streptomycin,1.3,1.2,0.221,0.984,26,0.65,0.045,12.0,11.588,within horizon
streptomycin,1.3,1.2,0.221,0.984,52,0.35,0.045,24.0,23.288,within horizon
streptomycin,1.3,1.2,0.221,0.984,52,0.5,0.02,24.0,23.385,within horizon
streptomycin,1.3,1.2,0.221,0.984,52,0.65,0.045,24.0,23.288,within horizon
streptomycin,1.3,1.3,0.221,1.0,8,0.35,0.045,4.0,3.429,within horizon
streptomycin,1.3,1.3,0.221,1.0,8,0.5,0.02,4.0,3.526,within horizon
streptomycin,1.3,1.3,0.221,1.0,8,0.65,0.045,4.0,3.429,within horizon
streptomycin,1.3,1.3,0.221,1.0,12,0.35,0.045,6.0,5.229,within horizon
streptomycin,1.3,1.3,0.221,1.0,12,0.5,0.02,6.0,5.326,within horizon
streptomycin,1.3,1.3,0.221,1.0,12,0.65,0.045,6.0,5.229,within horizon
streptomycin,1.3,1.3,0.221,1.0,26,0.35,0.045,12.0,11.529,within horizon
streptomycin,1.3,1.3,0.221,1.0,26,0.5,0.02,12.0,11.626,within horizon
streptomycin,1.3,1.3,0.221,1.0,26,0.65,0.045,12.0,11.529,within horizon
streptomycin,1.3,1.3,0.221,1.0,52,0.35,0.045,24.0,23.229,within horizon
streptomycin,1.3,1.3,0.221,1.0,52,0.5,0.02,24.0,23.326,within horizon
streptomycin,1.3,1.3,0.221,1.0,52,0.65,0.045,24.0,23.229,within horizon
erythromycin,0.7,0.7,0.098,0.546,8,0.35,0.045,,12.954,after horizon
erythromycin,0.7,0.7,0.098,0.546,8,0.5,0.02,,13.172,after horizon
erythromycin,0.7,0.7,0.098,0.546,8,0.65,0.045,,12.954,after horizon
erythromycin,0.7,0.7,0.098,0.546,12,0.35,0.045,,14.754,after horizon
erythromycin,0.7,0.7,0.098,0.546,12,0.5,0.02,,14.972,after horizon
erythromycin,0.7,0.7,0.098,0.546,12,0.65,0.045,,14.754,after horizon
erythromycin,0.7,0.7,0.098,0.546,26,0.35,0.045,22.0,21.054,within horizon
erythromycin,0.7,0.7,0.098,0.546,26,0.5,0.02,22.0,21.272,within horizon
erythromycin,0.7,0.7,0.098,0.546,26,0.65,0.045,22.0,21.054,within horizon
erythromycin,0.7,0.7,0.098,0.546,52,0.35,0.045,33.0,32.754,within horizon
erythromycin,0.7,0.7,0.098,0.546,52,0.5,0.02,33.0,32.972,within horizon
erythromycin,0.7,0.7,0.098,0.546,52,0.65,0.045,33.0,32.754,within horizon
erythromycin,0.7,0.8,0.098,0.624,8,0.35,0.045,,8.906,after horizon
erythromycin,0.7,0.8,0.098,0.624,8,0.5,0.02,,9.125,after horizon
erythromycin,0.7,0.8,0.098,0.624,8,0.65,0.045,,8.906,after horizon
erythromycin,0.7,0.8,0.098,0.624,12,0.35,0.045,11.0,10.706,within horizon
erythromycin,0.7,0.8,0.098,0.624,12,0.5,0.02,11.0,10.925,within horizon
erythromycin,0.7,0.8,0.098,0.624,12,0.65,0.045,11.0,10.706,within horizon
erythromycin,0.7,0.8,0.098,0.624,26,0.35,0.045,18.0,17.006,within horizon
erythromycin,0.7,0.8,0.098,0.624,26,0.5,0.02,18.0,17.225,within horizon
erythromycin,0.7,0.8,0.098,0.624,26,0.65,0.045,18.0,17.006,within horizon
erythromycin,0.7,0.8,0.098,0.624,52,0.35,0.045,29.0,28.706,within horizon
erythromycin,0.7,0.8,0.098,0.624,52,0.5,0.02,29.0,28.925,within horizon
erythromycin,0.7,0.8,0.098,0.624,52,0.65,0.045,29.0,28.706,within horizon
erythromycin,0.7,0.9,0.098,0.702,8,0.35,0.045,7.0,6.914,within horizon
erythromycin,0.7,0.9,0.098,0.702,8,0.5,0.02,8.0,7.133,within horizon
erythromycin,0.7,0.9,0.098,0.702,8,0.65,0.045,7.0,6.914,within horizon
erythromycin,0.7,0.9,0.098,0.702,12,0.35,0.045,9.0,8.714,within horizon
erythromycin,0.7,0.9,0.098,0.702,12,0.5,0.02,9.0,8.933,within horizon
erythromycin,0.7,0.9,0.098,0.702,12,0.65,0.045,9.0,8.714,within horizon
erythromycin,0.7,0.9,0.098,0.702,26,0.35,0.045,16.0,15.014,within horizon
erythromycin,0.7,0.9,0.098,0.702,26,0.5,0.02,16.0,15.233,within horizon
erythromycin,0.7,0.9,0.098,0.702,26,0.65,0.045,16.0,15.014,within horizon
erythromycin,0.7,0.9,0.098,0.702,52,0.35,0.045,27.0,26.714,within horizon
erythromycin,0.7,0.9,0.098,0.702,52,0.5,0.02,27.0,26.933,within horizon
erythromycin,0.7,0.9,0.098,0.702,52,0.65,0.045,27.0,26.714,within horizon
erythromycin,0.7,1.0,0.098,0.78,8,0.35,0.045,6.0,5.582,within horizon
erythromycin,0.7,1.0,0.098,0.78,8,0.5,0.02,6.0,5.8,within horizon
erythromycin,0.7,1.0,0.098,0.78,8,0.65,0.045,6.0,5.582,within horizon
erythromycin,0.7,1.0,0.098,0.78,12,0.35,0.045,8.0,7.382,within horizon
erythromycin,0.7,1.0,0.098,0.78,12,0.5,0.02,8.0,7.6,within horizon
erythromycin,0.7,1.0,0.098,0.78,12,0.65,0.045,8.0,7.382,within horizon
erythromycin,0.7,1.0,0.098,0.78,26,0.35,0.045,14.0,13.682,within horizon
erythromycin,0.7,1.0,0.098,0.78,26,0.5,0.02,14.0,13.9,within horizon
erythromycin,0.7,1.0,0.098,0.78,26,0.65,0.045,14.0,13.682,within horizon
erythromycin,0.7,1.0,0.098,0.78,52,0.35,0.045,26.0,25.382,within horizon
erythromycin,0.7,1.0,0.098,0.78,52,0.5,0.02,26.0,25.6,within horizon
erythromycin,0.7,1.0,0.098,0.78,52,0.65,0.045,26.0,25.382,within horizon
erythromycin,0.7,1.1,0.098,0.858,8,0.35,0.045,5.0,4.579,within horizon
erythromycin,0.7,1.1,0.098,0.858,8,0.5,0.02,5.0,4.797,within horizon
erythromycin,0.7,1.1,0.098,0.858,8,0.65,0.045,5.0,4.579,within horizon
erythromycin,0.7,1.1,0.098,0.858,12,0.35,0.045,7.0,6.379,within horizon
erythromycin,0.7,1.1,0.098,0.858,12,0.5,0.02,7.0,6.597,within horizon
erythromycin,0.7,1.1,0.098,0.858,12,0.65,0.045,7.0,6.379,within horizon
erythromycin,0.7,1.1,0.098,0.858,26,0.35,0.045,13.0,12.679,within horizon
erythromycin,0.7,1.1,0.098,0.858,26,0.5,0.02,13.0,12.897,within horizon
erythromycin,0.7,1.1,0.098,0.858,26,0.65,0.045,13.0,12.679,within horizon
erythromycin,0.7,1.1,0.098,0.858,52,0.35,0.045,25.0,24.379,within horizon
erythromycin,0.7,1.1,0.098,0.858,52,0.5,0.02,25.0,24.597,within horizon
erythromycin,0.7,1.1,0.098,0.858,52,0.65,0.045,25.0,24.379,within horizon
erythromycin,0.7,1.2,0.098,0.936,8,0.35,0.045,4.0,3.774,within horizon
erythromycin,0.7,1.2,0.098,0.936,8,0.5,0.02,4.0,3.992,within horizon
erythromycin,0.7,1.2,0.098,0.936,8,0.65,0.045,4.0,3.774,within horizon
erythromycin,0.7,1.2,0.098,0.936,12,0.35,0.045,6.0,5.574,within horizon
erythromycin,0.7,1.2,0.098,0.936,12,0.5,0.02,6.0,5.792,within horizon
erythromycin,0.7,1.2,0.098,0.936,12,0.65,0.045,6.0,5.574,within horizon
erythromycin,0.7,1.2,0.098,0.936,26,0.35,0.045,12.0,11.874,within horizon
erythromycin,0.7,1.2,0.098,0.936,26,0.5,0.02,13.0,12.092,within horizon
erythromycin,0.7,1.2,0.098,0.936,26,0.65,0.045,12.0,11.874,within horizon
erythromycin,0.7,1.2,0.098,0.936,52,0.35,0.045,24.0,23.574,within horizon
erythromycin,0.7,1.2,0.098,0.936,52,0.5,0.02,24.0,23.792,within horizon
erythromycin,0.7,1.2,0.098,0.936,52,0.65,0.045,24.0,23.574,within horizon
erythromycin,0.7,1.3,0.098,1.0,8,0.35,0.045,4.0,3.215,within horizon
erythromycin,0.7,1.3,0.098,1.0,8,0.5,0.02,4.0,3.433,within horizon
erythromycin,0.7,1.3,0.098,1.0,8,0.65,0.045,4.0,3.215,within horizon
erythromycin,0.7,1.3,0.098,1.0,12,0.35,0.045,6.0,5.015,within horizon
erythromycin,0.7,1.3,0.098,1.0,12,0.5,0.02,6.0,5.233,within horizon
erythromycin,0.7,1.3,0.098,1.0,12,0.65,0.045,6.0,5.015,within horizon
erythromycin,0.7,1.3,0.098,1.0,26,0.35,0.045,12.0,11.315,within horizon
erythromycin,0.7,1.3,0.098,1.0,26,0.5,0.02,12.0,11.533,within horizon
erythromycin,0.7,1.3,0.098,1.0,26,0.65,0.045,12.0,11.315,within horizon
erythromycin,0.7,1.3,0.098,1.0,52,0.35,0.045,24.0,23.015,within horizon
erythromycin,0.7,1.3,0.098,1.0,52,0.5,0.02,24.0,23.233,within horizon
erythromycin,0.7,1.3,0.098,1.0,52,0.65,0.045,24.0,23.015,within horizon
erythromycin,0.8,0.7,0.112,0.546,8,0.35,0.045,,11.784,after horizon
erythromycin,0.8,0.7,0.112,0.546,8,0.5,0.02,,11.976,after horizon
erythromycin,0.8,0.7,0.112,0.546,8,0.65,0.045,,11.784,after horizon
erythromycin,0.8,0.7,0.112,0.546,12,0.35,0.045,,13.584,after horizon
erythromycin,0.8,0.7,0.112,0.546,12,0.5,0.02,,13.776,after horizon
erythromycin,0.8,0.7,0.112,0.546,12,0.65,0.045,,13.584,after horizon
erythromycin,0.8,0.7,0.112,0.546,26,0.35,0.045,20.0,19.884,within horizon
erythromycin,0.8,0.7,0.112,0.546,26,0.5,0.02,21.0,20.076,within horizon
erythromycin,0.8,0.7,0.112,0.546,26,0.65,0.045,20.0,19.884,within horizon
erythromycin,0.8,0.7,0.112,0.546,52,0.35,0.045,32.0,31.584,within horizon
erythromycin,0.8,0.7,0.112,0.546,52,0.5,0.02,32.0,31.776,within horizon
erythromycin,0.8,0.7,0.112,0.546,52,0.65,0.045,32.0,31.584,within horizon
erythromycin,0.8,0.8,0.112,0.624,8,0.35,0.045,,8.243,after horizon
erythromycin,0.8,0.8,0.112,0.624,8,0.5,0.02,,8.434,after horizon
erythromycin,0.8,0.8,0.112,0.624,8,0.65,0.045,,8.243,after horizon
erythromycin,0.8,0.8,0.112,0.624,12,0.35,0.045,11.0,10.043,within horizon
erythromycin,0.8,0.8,0.112,0.624,12,0.5,0.02,11.0,10.234,within horizon
erythromycin,0.8,0.8,0.112,0.624,12,0.65,0.045,11.0,10.043,within horizon
erythromycin,0.8,0.8,0.112,0.624,26,0.35,0.045,17.0,16.343,within horizon
erythromycin,0.8,0.8,0.112,0.624,26,0.5,0.02,17.0,16.534,within horizon
erythromycin,0.8,0.8,0.112,0.624,26,0.65,0.045,17.0,16.343,within horizon
erythromycin,0.8,0.8,0.112,0.624,52,0.35,0.045,29.0,28.043,within horizon
erythromycin,0.8,0.8,0.112,0.624,52,0.5,0.02,29.0,28.234,within horizon
erythromycin,0.8,0.8,0.112,0.624,52,0.65,0.045,29.0,28.043,within horizon
erythromycin,0.8,0.9,0.112,0.702,8,0.35,0.045,7.0,6.5,within horizon
erythromycin,0.8,0.9,0.112,0.702,8,0.5,0.02,7.0,6.691,within horizon
erythromycin,0.8,0.9,0.112,0.702,8,0.65,0.045,7.0,6.5,within horizon
erythromycin,0.8,0.9,0.112,0.702,12,0.35,0.045,9.0,8.3,within horizon
erythromycin,0.8,0.9,0.112,0.702,12,0.5,0.02,9.0,8.491,within horizon
erythromycin,0.8,0.9,0.112,0.702,12,0.65,0.045,9.0,8.3,within horizon
erythromycin,0.8,0.9,0.112,0.702,26,0.35,0.045,15.0,14.6,within horizon
erythromycin,0.8,0.9,0.112,0.702,26,0.5,0.02,15.0,14.791,within horizon
erythromycin,0.8,0.9,0.112,0.702,26,0.65,0.045,15.0,14.6,within horizon
erythromycin,0.8,0.9,0.112,0.702,52,0.35,0.045,27.0,26.3,within horizon
erythromycin,0.8,0.9,0.112,0.702,52,0.5,0.02,27.0,26.491,within horizon
erythromycin,0.8,0.9,0.112,0.702,52,0.65,0.045,27.0,26.3,within horizon
erythromycin,0.8,1.0,0.112,0.78,8,0.35,0.045,6.0,5.334,within horizon
erythromycin,0.8,1.0,0.112,0.78,8,0.5,0.02,6.0,5.525,within horizon
erythromycin,0.8,1.0,0.112,0.78,8,0.65,0.045,6.0,5.334,within horizon
erythromycin,0.8,1.0,0.112,0.78,12,0.35,0.045,8.0,7.134,within horizon
erythromycin,0.8,1.0,0.112,0.78,12,0.5,0.02,8.0,7.325,within horizon
erythromycin,0.8,1.0,0.112,0.78,12,0.65,0.045,8.0,7.134,within horizon
erythromycin,0.8,1.0,0.112,0.78,26,0.35,0.045,14.0,13.434,within horizon
erythromycin,0.8,1.0,0.112,0.78,26,0.5,0.02,14.0,13.625,within horizon
erythromycin,0.8,1.0,0.112,0.78,26,0.65,0.045,14.0,13.434,within horizon
erythromycin,0.8,1.0,0.112,0.78,52,0.35,0.045,26.0,25.134,within horizon
erythromycin,0.8,1.0,0.112,0.78,52,0.5,0.02,26.0,25.325,within horizon
erythromycin,0.8,1.0,0.112,0.78,52,0.65,0.045,26.0,25.134,within horizon
erythromycin,0.8,1.1,0.112,0.858,8,0.35,0.045,5.0,4.456,within horizon
erythromycin,0.8,1.1,0.112,0.858,8,0.5,0.02,5.0,4.647,within horizon
erythromycin,0.8,1.1,0.112,0.858,8,0.65,0.045,5.0,4.456,within horizon
erythromycin,0.8,1.1,0.112,0.858,12,0.35,0.045,7.0,6.256,within horizon
erythromycin,0.8,1.1,0.112,0.858,12,0.5,0.02,7.0,6.447,within horizon
erythromycin,0.8,1.1,0.112,0.858,12,0.65,0.045,7.0,6.256,within horizon
erythromycin,0.8,1.1,0.112,0.858,26,0.35,0.045,13.0,12.556,within horizon
erythromycin,0.8,1.1,0.112,0.858,26,0.5,0.02,13.0,12.747,within horizon
erythromycin,0.8,1.1,0.112,0.858,26,0.65,0.045,13.0,12.556,within horizon
erythromycin,0.8,1.1,0.112,0.858,52,0.35,0.045,25.0,24.256,within horizon
erythromycin,0.8,1.1,0.112,0.858,52,0.5,0.02,25.0,24.447,within horizon
erythromycin,0.8,1.1,0.112,0.858,52,0.65,0.045,25.0,24.256,within horizon
erythromycin,0.8,1.2,0.112,0.936,8,0.35,0.045,4.0,3.752,within horizon
erythromycin,0.8,1.2,0.112,0.936,8,0.5,0.02,4.0,3.943,within horizon
erythromycin,0.8,1.2,0.112,0.936,8,0.65,0.045,4.0,3.752,within horizon
erythromycin,0.8,1.2,0.112,0.936,12,0.35,0.045,6.0,5.552,within horizon
erythromycin,0.8,1.2,0.112,0.936,12,0.5,0.02,6.0,5.743,within horizon
erythromycin,0.8,1.2,0.112,0.936,12,0.65,0.045,6.0,5.552,within horizon
erythromycin,0.8,1.2,0.112,0.936,26,0.35,0.045,12.0,11.852,within horizon
erythromycin,0.8,1.2,0.112,0.936,26,0.5,0.02,13.0,12.043,within horizon
erythromycin,0.8,1.2,0.112,0.936,26,0.65,0.045,12.0,11.852,within horizon
erythromycin,0.8,1.2,0.112,0.936,52,0.35,0.045,24.0,23.552,within horizon
erythromycin,0.8,1.2,0.112,0.936,52,0.5,0.02,24.0,23.743,within horizon
erythromycin,0.8,1.2,0.112,0.936,52,0.65,0.045,24.0,23.552,within horizon
erythromycin,0.8,1.3,0.112,1.0,8,0.35,0.045,4.0,3.263,within horizon
erythromycin,0.8,1.3,0.112,1.0,8,0.5,0.02,4.0,3.454,within horizon
erythromycin,0.8,1.3,0.112,1.0,8,0.65,0.045,4.0,3.263,within horizon
erythromycin,0.8,1.3,0.112,1.0,12,0.35,0.045,6.0,5.063,within horizon
erythromycin,0.8,1.3,0.112,1.0,12,0.5,0.02,6.0,5.254,within horizon
erythromycin,0.8,1.3,0.112,1.0,12,0.65,0.045,6.0,5.063,within horizon
erythromycin,0.8,1.3,0.112,1.0,26,0.35,0.045,12.0,11.363,within horizon
erythromycin,0.8,1.3,0.112,1.0,26,0.5,0.02,12.0,11.554,within horizon
erythromycin,0.8,1.3,0.112,1.0,26,0.65,0.045,12.0,11.363,within horizon
erythromycin,0.8,1.3,0.112,1.0,52,0.35,0.045,24.0,23.063,within horizon
erythromycin,0.8,1.3,0.112,1.0,52,0.5,0.02,24.0,23.254,within horizon
erythromycin,0.8,1.3,0.112,1.0,52,0.65,0.045,24.0,23.063,within horizon
erythromycin,0.9,0.7,0.126,0.546,8,0.35,0.045,,10.875,after horizon
erythromycin,0.9,0.7,0.126,0.546,8,0.5,0.02,,11.045,after horizon
erythromycin,0.9,0.7,0.126,0.546,8,0.65,0.045,,10.875,after horizon
erythromycin,0.9,0.7,0.126,0.546,12,0.35,0.045,,12.675,after horizon
erythromycin,0.9,0.7,0.126,0.546,12,0.5,0.02,,12.845,after horizon
erythromycin,0.9,0.7,0.126,0.546,12,0.65,0.045,,12.675,after horizon
erythromycin,0.9,0.7,0.126,0.546,26,0.35,0.045,19.0,18.975,within horizon
erythromycin,0.9,0.7,0.126,0.546,26,0.5,0.02,20.0,19.145,within horizon
erythromycin,0.9,0.7,0.126,0.546,26,0.65,0.045,19.0,18.975,within horizon
erythromycin,0.9,0.7,0.126,0.546,52,0.35,0.045,31.0,30.675,within horizon
erythromycin,0.9,0.7,0.126,0.546,52,0.5,0.02,31.0,30.845,within horizon
erythromycin,0.9,0.7,0.126,0.546,52,0.65,0.045,31.0,30.675,within horizon
erythromycin,0.9,0.8,0.126,0.624,8,0.35,0.045,8.0,7.727,within horizon
erythromycin,0.9,0.8,0.126,0.624,8,0.5,0.02,8.0,7.897,within horizon
erythromycin,0.9,0.8,0.126,0.624,8,0.65,0.045,8.0,7.727,within horizon
erythromycin,0.9,0.8,0.126,0.624,12,0.35,0.045,10.0,9.527,within horizon
erythromycin,0.9,0.8,0.126,0.624,12,0.5,0.02,10.0,9.697,within horizon
erythromycin,0.9,0.8,0.126,0.624,12,0.65,0.045,10.0,9.527,within horizon
erythromycin,0.9,0.8,0.126,0.624,26,0.35,0.045,16.0,15.827,within horizon
erythromycin,0.9,0.8,0.126,0.624,26,0.5,0.02,16.0,15.997,within horizon
erythromycin,0.9,0.8,0.126,0.624,26,0.65,0.045,16.0,15.827,within horizon
erythromycin,0.9,0.8,0.126,0.624,52,0.35,0.045,28.0,27.527,within horizon
erythromycin,0.9,0.8,0.126,0.624,52,0.5,0.02,28.0,27.697,within horizon
erythromycin,0.9,0.8,0.126,0.624,52,0.65,0.045,28.0,27.527,within horizon
erythromycin,0.9,0.9,0.126,0.702,8,0.35,0.045,7.0,6.178,within horizon
erythromycin,0.9,0.9,0.126,0.702,8,0.5,0.02,7.0,6.348,within horizon
erythromycin,0.9,0.9,0.126,0.702,8,0.65,0.045,7.0,6.178,within horizon
erythromycin,0.9,0.9,0.126,0.702,12,0.35,0.045,8.0,7.978,within horizon
erythromycin,0.9,0.9,0.126,0.702,12,0.5,0.02,9.0,8.148,within horizon
erythromycin,0.9,0.9,0.126,0.702,12,0.65,0.045,8.0,7.978,within horizon
erythromycin,0.9,0.9,0.126,0.702,26,0.35,0.045,15.0,14.278,within horizon
erythromycin,0.9,0.9,0.126,0.702,26,0.5,0.02,15.0,14.448,within horizon
erythromycin,0.9,0.9,0.126,0.702,26,0.65,0.045,15.0,14.278,within horizon
erythromycin,0.9,0.9,0.126,0.702,52,0.35,0.045,26.0,25.978,within horizon
erythromycin,0.9,0.9,0.126,0.702,52,0.5,0.02,27.0,26.148,within horizon
erythromycin,0.9,0.9,0.126,0.702,52,0.65,0.045,26.0,25.978,within horizon
erythromycin,0.9,1.0,0.126,0.78,8,0.35,0.045,6.0,5.141,within horizon
erythromycin,0.9,1.0,0.126,0.78,8,0.5,0.02,6.0,5.311,within horizon
erythromycin,0.9,1.0,0.126,0.78,8,0.65,0.045,6.0,5.141,within horizon
erythromycin,0.9,1.0,0.126,0.78,12,0.35,0.045,7.0,6.941,within horizon
erythromycin,0.9,1.0,0.126,0.78,12,0.5,0.02,8.0,7.111,within horizon
erythromycin,0.9,1.0,0.126,0.78,12,0.65,0.045,7.0,6.941,within horizon
erythromycin,0.9,1.0,0.126,0.78,26,0.35,0.045,14.0,13.241,within horizon
erythromycin,0.9,1.0,0.126,0.78,26,0.5,0.02,14.0,13.411,within horizon
erythromycin,0.9,1.0,0.126,0.78,26,0.65,0.045,14.0,13.241,within horizon
erythromycin,0.9,1.0,0.126,0.78,52,0.35,0.045,25.0,24.941,within horizon
erythromycin,0.9,1.0,0.126,0.78,52,0.5,0.02,26.0,25.111,within horizon
erythromycin,0.9,1.0,0.126,0.78,52,0.65,0.045,25.0,24.941,within horizon
erythromycin,0.9,1.1,0.126,0.858,8,0.35,0.045,5.0,4.361,within horizon
erythromycin,0.9,1.1,0.126,0.858,8,0.5,0.02,5.0,4.531,within horizon
erythromycin,0.9,1.1,0.126,0.858,8,0.65,0.045,5.0,4.361,within horizon
erythromycin,0.9,1.1,0.126,0.858,12,0.35,0.045,7.0,6.161,within horizon
erythromycin,0.9,1.1,0.126,0.858,12,0.5,0.02,7.0,6.331,within horizon
erythromycin,0.9,1.1,0.126,0.858,12,0.65,0.045,7.0,6.161,within horizon
erythromycin,0.9,1.1,0.126,0.858,26,0.35,0.045,13.0,12.461,within horizon
erythromycin,0.9,1.1,0.126,0.858,26,0.5,0.02,13.0,12.631,within horizon
erythromycin,0.9,1.1,0.126,0.858,26,0.65,0.045,13.0,12.461,within horizon
erythromycin,0.9,1.1,0.126,0.858,52,0.35,0.045,25.0,24.161,within horizon
erythromycin,0.9,1.1,0.126,0.858,52,0.5,0.02,25.0,24.331,within horizon
erythromycin,0.9,1.1,0.126,0.858,52,0.65,0.045,25.0,24.161,within horizon
erythromycin,0.9,1.2,0.126,0.936,8,0.35,0.045,4.0,3.735,within horizon
erythromycin,0.9,1.2,0.126,0.936,8,0.5,0.02,4.0,3.905,within horizon
erythromycin,0.9,1.2,0.126,0.936,8,0.65,0.045,4.0,3.735,within horizon
erythromycin,0.9,1.2,0.126,0.936,12,0.35,0.045,6.0,5.535,within horizon
erythromycin,0.9,1.2,0.126,0.936,12,0.5,0.02,6.0,5.705,within horizon
erythromycin,0.9,1.2,0.126,0.936,12,0.65,0.045,6.0,5.535,within horizon
erythromycin,0.9,1.2,0.126,0.936,26,0.35,0.045,12.0,11.835,within horizon
erythromycin,0.9,1.2,0.126,0.936,26,0.5,0.02,13.0,12.005,within horizon
erythromycin,0.9,1.2,0.126,0.936,26,0.65,0.045,12.0,11.835,within horizon
erythromycin,0.9,1.2,0.126,0.936,52,0.35,0.045,24.0,23.535,within horizon
erythromycin,0.9,1.2,0.126,0.936,52,0.5,0.02,24.0,23.705,within horizon
erythromycin,0.9,1.2,0.126,0.936,52,0.65,0.045,24.0,23.535,within horizon
erythromycin,0.9,1.3,0.126,1.0,8,0.35,0.045,4.0,3.301,within horizon
erythromycin,0.9,1.3,0.126,1.0,8,0.5,0.02,4.0,3.47,within horizon
erythromycin,0.9,1.3,0.126,1.0,8,0.65,0.045,4.0,3.301,within horizon
erythromycin,0.9,1.3,0.126,1.0,12,0.35,0.045,6.0,5.101,within horizon
erythromycin,0.9,1.3,0.126,1.0,12,0.5,0.02,6.0,5.27,within horizon
erythromycin,0.9,1.3,0.126,1.0,12,0.65,0.045,6.0,5.101,within horizon
erythromycin,0.9,1.3,0.126,1.0,26,0.35,0.045,12.0,11.401,within horizon
erythromycin,0.9,1.3,0.126,1.0,26,0.5,0.02,12.0,11.57,within horizon
erythromycin,0.9,1.3,0.126,1.0,26,0.65,0.045,12.0,11.401,within horizon
erythromycin,0.9,1.3,0.126,1.0,52,0.35,0.045,24.0,23.101,within horizon
erythromycin,0.9,1.3,0.126,1.0,52,0.5,0.02,24.0,23.27,within horizon
erythromycin,0.9,1.3,0.126,1.0,52,0.65,0.045,24.0,23.101,within horizon
erythromycin,1.0,0.7,0.14,0.546,8,0.35,0.045,,10.148,after horizon
erythromycin,1.0,0.7,0.14,0.546,8,0.5,0.02,,10.3,after horizon
erythromycin,1.0,0.7,0.14,0.546,8,0.65,0.045,,10.148,after horizon
erythromycin,1.0,0.7,0.14,0.546,12,0.35,0.045,12.0,11.948,within horizon
erythromycin,1.0,0.7,0.14,0.546,12,0.5,0.02,,12.1,after horizon
erythromycin,1.0,0.7,0.14,0.546,12,0.65,0.045,12.0,11.948,within horizon
erythromycin,1.0,0.7,0.14,0.546,26,0.35,0.045,19.0,18.248,within horizon
erythromycin,1.0,0.7,0.14,0.546,26,0.5,0.02,19.0,18.4,within horizon
erythromycin,1.0,0.7,0.14,0.546,26,0.65,0.045,19.0,18.248,within horizon
erythromycin,1.0,0.7,0.14,0.546,52,0.35,0.045,30.0,29.948,within horizon
erythromycin,1.0,0.7,0.14,0.546,52,0.5,0.02,31.0,30.1,within horizon
erythromycin,1.0,0.7,0.14,0.546,52,0.65,0.045,30.0,29.948,within horizon
erythromycin,1.0,0.8,0.14,0.624,8,0.35,0.045,8.0,7.314,within horizon
erythromycin,1.0,0.8,0.14,0.624,8,0.5,0.02,8.0,7.467,within horizon
erythromycin,1.0,0.8,0.14,0.624,8,0.65,0.045,8.0,7.314,within horizon
erythromycin,1.0,0.8,0.14,0.624,12,0.35,0.045,10.0,9.114,within horizon
erythromycin,1.0,0.8,0.14,0.624,12,0.5,0.02,10.0,9.267,within horizon
erythromycin,1.0,0.8,0.14,0.624,12,0.65,0.045,10.0,9.114,within horizon
erythromycin,1.0,0.8,0.14,0.624,26,0.35,0.045,16.0,15.414,within horizon
erythromycin,1.0,0.8,0.14,0.624,26,0.5,0.02,16.0,15.567,within horizon
erythromycin,1.0,0.8,0.14,0.624,26,0.65,0.045,16.0,15.414,within horizon
erythromycin,1.0,0.8,0.14,0.624,52,0.35,0.045,28.0,27.114,within horizon
erythromycin,1.0,0.8,0.14,0.624,52,0.5,0.02,28.0,27.267,within horizon
erythromycin,1.0,0.8,0.14,0.624,52,0.65,0.045,28.0,27.114,within horizon
erythromycin,1.0,0.9,0.14,0.702,8,0.35,0.045,6.0,5.92,within horizon
erythromycin,1.0,0.9,0.14,0.702,8,0.5,0.02,7.0,6.073,within horizon
erythromycin,1.0,0.9,0.14,0.702,8,0.65,0.045,6.0,5.92,within horizon
erythromycin,1.0,0.9,0.14,0.702,12,0.35,0.045,8.0,7.72,within horizon
erythromycin,1.0,0.9,0.14,0.702,12,0.5,0.02,8.0,7.873,within horizon
erythromycin,1.0,0.9,0.14,0.702,12,0.65,0.045,8.0,7.72,within horizon
erythromycin,1.0,0.9,0.14,0.702,26,0.35,0.045,15.0,14.02,within horizon
erythromycin,1.0,0.9,0.14,0.702,26,0.5,0.02,15.0,14.173,within horizon
erythromycin,1.0,0.9,0.14,0.702,26,0.65,0.045,15.0,14.02,within horizon
erythromycin,1.0,0.9,0.14,0.702,52,0.35,0.045,26.0,25.72,within horizon
erythromycin,1.0,0.9,0.14,0.702,52,0.5,0.02,26.0,25.873,within horizon
erythromycin,1.0,0.9,0.14,0.702,52,0.65,0.045,26.0,25.72,within horizon
erythromycin,1.0,1.0,0.14,0.78,8,0.35,0.045,5.0,4.987,within horizon
erythromycin,1.0,1.0,0.14,0.78,8,0.5,0.02,6.0,5.14,within horizon
erythromycin,1.0,1.0,0.14,0.78,8,0.65,0.045,5.0,4.987,within horizon
erythromycin,1.0,1.0,0.14,0.78,12,0.35,0.045,7.0,6.787,within horizon
erythromycin,1.0,1.0,0.14,0.78,12,0.5,0.02,7.0,6.94,within horizon
erythromycin,1.0,1.0,0.14,0.78,12,0.65,0.045,7.0,6.787,within horizon
erythromycin,1.0,1.0,0.14,0.78,26,0.35,0.045,14.0,13.087,within horizon
erythromycin,1.0,1.0,0.14,0.78,26,0.5,0.02,14.0,13.24,within horizon
erythromycin,1.0,1.0,0.14,0.78,26,0.65,0.045,14.0,13.087,within horizon
erythromycin,1.0,1.0,0.14,0.78,52,0.35,0.045,25.0,24.787,within horizon
erythromycin,1.0,1.0,0.14,0.78,52,0.5,0.02,25.0,24.94,within horizon
erythromycin,1.0,1.0,0.14,0.78,52,0.65,0.045,25.0,24.787,within horizon
erythromycin,1.0,1.1,0.14,0.858,8,0.35,0.045,5.0,4.285,within horizon
erythromycin,1.0,1.1,0.14,0.858,8,0.5,0.02,5.0,4.438,within horizon
erythromycin,1.0,1.1,0.14,0.858,8,0.65,0.045,5.0,4.285,within horizon
erythromycin,1.0,1.1,0.14,0.858,12,0.35,0.045,7.0,6.085,within horizon
erythromycin,1.0,1.1,0.14,0.858,12,0.5,0.02,7.0,6.238,within horizon
erythromycin,1.0,1.1,0.14,0.858,12,0.65,0.045,7.0,6.085,within horizon
erythromycin,1.0,1.1,0.14,0.858,26,0.35,0.045,13.0,12.385,within horizon
erythromycin,1.0,1.1,0.14,0.858,26,0.5,0.02,13.0,12.538,within horizon
erythromycin,1.0,1.1,0.14,0.858,26,0.65,0.045,13.0,12.385,within horizon
erythromycin,1.0,1.1,0.14,0.858,52,0.35,0.045,25.0,24.085,within horizon
erythromycin,1.0,1.1,0.14,0.858,52,0.5,0.02,25.0,24.238,within horizon
erythromycin,1.0,1.1,0.14,0.858,52,0.65,0.045,25.0,24.085,within horizon
erythromycin,1.0,1.2,0.14,0.936,8,0.35,0.045,4.0,3.722,within horizon
erythromycin,1.0,1.2,0.14,0.936,8,0.5,0.02,4.0,3.875,within horizon
erythromycin,1.0,1.2,0.14,0.936,8,0.65,0.045,4.0,3.722,within horizon
erythromycin,1.0,1.2,0.14,0.936,12,0.35,0.045,6.0,5.522,within horizon
erythromycin,1.0,1.2,0.14,0.936,12,0.5,0.02,6.0,5.675,within horizon
erythromycin,1.0,1.2,0.14,0.936,12,0.65,0.045,6.0,5.522,within horizon
erythromycin,1.0,1.2,0.14,0.936,26,0.35,0.045,12.0,11.822,within horizon
erythromycin,1.0,1.2,0.14,0.936,26,0.5,0.02,12.0,11.975,within horizon
erythromycin,1.0,1.2,0.14,0.936,26,0.65,0.045,12.0,11.822,within horizon
erythromycin,1.0,1.2,0.14,0.936,52,0.35,0.045,24.0,23.522,within horizon
erythromycin,1.0,1.2,0.14,0.936,52,0.5,0.02,24.0,23.675,within horizon
erythromycin,1.0,1.2,0.14,0.936,52,0.65,0.045,24.0,23.522,within horizon
erythromycin,1.0,1.3,0.14,1.0,8,0.35,0.045,4.0,3.331,within horizon
erythromycin,1.0,1.3,0.14,1.0,8,0.5,0.02,4.0,3.483,within horizon
erythromycin,1.0,1.3,0.14,1.0,8,0.65,0.045,4.0,3.331,within horizon
erythromycin,1.0,1.3,0.14,1.0,12,0.35,0.045,6.0,5.131,within horizon
erythromycin,1.0,1.3,0.14,1.0,12,0.5,0.02,6.0,5.283,within horizon
erythromycin,1.0,1.3,0.14,1.0,12,0.65,0.045,6.0,5.131,within horizon
erythromycin,1.0,1.3,0.14,1.0,26,0.35,0.045,12.0,11.431,within horizon
erythromycin,1.0,1.3,0.14,1.0,26,0.5,0.02,12.0,11.583,within horizon
erythromycin,1.0,1.3,0.14,1.0,26,0.65,0.045,12.0,11.431,within horizon
erythromycin,1.0,1.3,0.14,1.0,52,0.35,0.045,24.0,23.131,within horizon
erythromycin,1.0,1.3,0.14,1.0,52,0.5,0.02,24.0,23.283,within horizon
erythromycin,1.0,1.3,0.14,1.0,52,0.65,0.045,24.0,23.131,within horizon
erythromycin,1.1,0.7,0.154,0.546,8,0.35,0.045,,9.552,after horizon
erythromycin,1.1,0.7,0.154,0.546,8,0.5,0.02,,9.691,after horizon
erythromycin,1.1,0.7,0.154,0.546,8,0.65,0.045,,9.552,after horizon
erythromycin,1.1,0.7,0.154,0.546,12,0.35,0.045,12.0,11.352,within horizon
erythromycin,1.1,0.7,0.154,0.546,12,0.5,0.02,12.0,11.491,within horizon
erythromycin,1.1,0.7,0.154,0.546,12,0.65,0.045,12.0,11.352,within horizon
erythromycin,1.1,0.7,0.154,0.546,26,0.35,0.045,18.0,17.652,within horizon
erythromycin,1.1,0.7,0.154,0.546,26,0.5,0.02,18.0,17.791,within horizon
erythromycin,1.1,0.7,0.154,0.546,26,0.65,0.045,18.0,17.652,within horizon
erythromycin,1.1,0.7,0.154,0.546,52,0.35,0.045,30.0,29.352,within horizon
erythromycin,1.1,0.7,0.154,0.546,52,0.5,0.02,30.0,29.491,within horizon
erythromycin,1.1,0.7,0.154,0.546,52,0.65,0.045,30.0,29.352,within horizon
erythromycin,1.1,0.8,0.154,0.624,8,0.35,0.045,7.0,6.977,within horizon
erythromycin,1.1,0.8,0.154,0.624,8,0.5,0.02,8.0,7.116,within horizon
erythromycin,1.1,0.8,0.154,0.624,8,0.65,0.045,7.0,6.977,within horizon
erythromycin,1.1,0.8,0.154,0.624,12,0.35,0.045,9.0,8.777,within horizon
erythromycin,1.1,0.8,0.154,0.624,12,0.5,0.02,9.0,8.916,within horizon
erythromycin,1.1,0.8,0.154,0.624,12,0.65,0.045,9.0,8.777,within horizon
erythromycin,1.1,0.8,0.154,0.624,26,0.35,0.045,16.0,15.077,within horizon
erythromycin,1.1,0.8,0.154,0.624,26,0.5,0.02,16.0,15.216,within horizon
erythromycin,1.1,0.8,0.154,0.624,26,0.65,0.045,16.0,15.077,within horizon
erythromycin,1.1,0.8,0.154,0.624,52,0.35,0.045,27.0,26.777,within horizon
erythromycin,1.1,0.8,0.154,0.624,52,0.5,0.02,27.0,26.916,within horizon
erythromycin,1.1,0.8,0.154,0.624,52,0.65,0.045,27.0,26.777,within horizon
erythromycin,1.1,0.9,0.154,0.702,8,0.35,0.045,6.0,5.709,within horizon
erythromycin,1.1,0.9,0.154,0.702,8,0.5,0.02,6.0,5.848,within horizon
erythromycin,1.1,0.9,0.154,0.702,8,0.65,0.045,6.0,5.709,within horizon
erythromycin,1.1,0.9,0.154,0.702,12,0.35,0.045,8.0,7.509,within horizon
erythromycin,1.1,0.9,0.154,0.702,12,0.5,0.02,8.0,7.648,within horizon
erythromycin,1.1,0.9,0.154,0.702,12,0.65,0.045,8.0,7.509,within horizon
erythromycin,1.1,0.9,0.154,0.702,26,0.35,0.045,14.0,13.809,within horizon
erythromycin,1.1,0.9,0.154,0.702,26,0.5,0.02,14.0,13.948,within horizon
erythromycin,1.1,0.9,0.154,0.702,26,0.65,0.045,14.0,13.809,within horizon
erythromycin,1.1,0.9,0.154,0.702,52,0.35,0.045,26.0,25.509,within horizon
erythromycin,1.1,0.9,0.154,0.702,52,0.5,0.02,26.0,25.648,within horizon
erythromycin,1.1,0.9,0.154,0.702,52,0.65,0.045,26.0,25.509,within horizon
erythromycin,1.1,1.0,0.154,0.78,8,0.35,0.045,5.0,4.861,within horizon
erythromycin,1.1,1.0,0.154,0.78,8,0.5,0.02,5.0,5.0,within horizon
erythromycin,1.1,1.0,0.154,0.78,8,0.65,0.045,5.0,4.861,within horizon
erythromycin,1.1,1.0,0.154,0.78,12,0.35,0.045,7.0,6.661,within horizon
erythromycin,1.1,1.0,0.154,0.78,12,0.5,0.02,7.0,6.8,within horizon
erythromycin,1.1,1.0,0.154,0.78,12,0.65,0.045,7.0,6.661,within horizon
erythromycin,1.1,1.0,0.154,0.78,26,0.35,0.045,13.0,12.961,within horizon
erythromycin,1.1,1.0,0.154,0.78,26,0.5,0.02,14.0,13.1,within horizon
erythromycin,1.1,1.0,0.154,0.78,26,0.65,0.045,13.0,12.961,within horizon
erythromycin,1.1,1.0,0.154,0.78,52,0.35,0.045,25.0,24.661,within horizon
erythromycin,1.1,1.0,0.154,0.78,52,0.5,0.02,25.0,24.8,within horizon
erythromycin,1.1,1.0,0.154,0.78,52,0.65,0.045,25.0,24.661,within horizon
erythromycin,1.1,1.1,0.154,0.858,8,0.35,0.045,5.0,4.223,within horizon
erythromycin,1.1,1.1,0.154,0.858,8,0.5,0.02,5.0,4.362,within horizon
erythromycin,1.1,1.1,0.154,0.858,8,0.65,0.045,5.0,4.223,within horizon
erythromycin,1.1,1.1,0.154,0.858,12,0.35,0.045,7.0,6.023,within horizon
erythromycin,1.1,1.1,0.154,0.858,12,0.5,0.02,7.0,6.162,within horizon
erythromycin,1.1,1.1,0.154,0.858,12,0.65,0.045,7.0,6.023,within horizon
erythromycin,1.1,1.1,0.154,0.858,26,0.35,0.045,13.0,12.323,within horizon
erythromycin,1.1,1.1,0.154,0.858,26,0.5,0.02,13.0,12.462,within horizon
erythromycin,1.1,1.1,0.154,0.858,26,0.65,0.045,13.0,12.323,within horizon
erythromycin,1.1,1.1,0.154,0.858,52,0.35,0.045,25.0,24.023,within horizon
erythromycin,1.1,1.1,0.154,0.858,52,0.5,0.02,25.0,24.162,within horizon
erythromycin,1.1,1.1,0.154,0.858,52,0.65,0.045,25.0,24.023,within horizon
erythromycin,1.1,1.2,0.154,0.936,8,0.35,0.045,4.0,3.711,within horizon
erythromycin,1.1,1.2,0.154,0.936,8,0.5,0.02,4.0,3.85,within horizon
erythromycin,1.1,1.2,0.154,0.936,8,0.65,0.045,4.0,3.711,within horizon
erythromycin,1.1,1.2,0.154,0.936,12,0.35,0.045,6.0,5.511,within horizon
erythromycin,1.1,1.2,0.154,0.936,12,0.5,0.02,6.0,5.65,within horizon
erythromycin,1.1,1.2,0.154,0.936,12,0.65,0.045,6.0,5.511,within horizon
erythromycin,1.1,1.2,0.154,0.936,26,0.35,0.045,12.0,11.811,within horizon
erythromycin,1.1,1.2,0.154,0.936,26,0.5,0.02,12.0,11.95,within horizon
erythromycin,1.1,1.2,0.154,0.936,26,0.65,0.045,12.0,11.811,within horizon
erythromycin,1.1,1.2,0.154,0.936,52,0.35,0.045,24.0,23.511,within horizon
erythromycin,1.1,1.2,0.154,0.936,52,0.5,0.02,24.0,23.65,within horizon
erythromycin,1.1,1.2,0.154,0.936,52,0.65,0.045,24.0,23.511,within horizon
erythromycin,1.1,1.3,0.154,1.0,8,0.35,0.045,4.0,3.355,within horizon
erythromycin,1.1,1.3,0.154,1.0,8,0.5,0.02,4.0,3.494,within horizon
erythromycin,1.1,1.3,0.154,1.0,8,0.65,0.045,4.0,3.355,within horizon
erythromycin,1.1,1.3,0.154,1.0,12,0.35,0.045,6.0,5.155,within horizon
erythromycin,1.1,1.3,0.154,1.0,12,0.5,0.02,6.0,5.294,within horizon
erythromycin,1.1,1.3,0.154,1.0,12,0.65,0.045,6.0,5.155,within horizon
erythromycin,1.1,1.3,0.154,1.0,26,0.35,0.045,12.0,11.455,within horizon
erythromycin,1.1,1.3,0.154,1.0,26,0.5,0.02,12.0,11.594,within horizon
erythromycin,1.1,1.3,0.154,1.0,26,0.65,0.045,12.0,11.455,within horizon
erythromycin,1.1,1.3,0.154,1.0,52,0.35,0.045,24.0,23.155,within horizon
erythromycin,1.1,1.3,0.154,1.0,52,0.5,0.02,24.0,23.294,within horizon
erythromycin,1.1,1.3,0.154,1.0,52,0.65,0.045,24.0,23.155,within horizon
erythromycin,1.2,0.7,0.168,0.546,8,0.35,0.045,,9.056,after horizon
erythromycin,1.2,0.7,0.168,0.546,8,0.5,0.02,,9.184,after horizon
erythromycin,1.2,0.7,0.168,0.546,8,0.65,0.045,,9.056,after horizon
erythromycin,1.2,0.7,0.168,0.546,12,0.35,0.045,11.0,10.856,within horizon
erythromycin,1.2,0.7,0.168,0.546,12,0.5,0.02,11.0,10.984,within horizon
erythromycin,1.2,0.7,0.168,0.546,12,0.65,0.045,11.0,10.856,within horizon
erythromycin,1.2,0.7,0.168,0.546,26,0.35,0.045,18.0,17.156,within horizon
erythromycin,1.2,0.7,0.168,0.546,26,0.5,0.02,18.0,17.284,within horizon
erythromycin,1.2,0.7,0.168,0.546,26,0.65,0.045,18.0,17.156,within horizon
erythromycin,1.2,0.7,0.168,0.546,52,0.35,0.045,29.0,28.856,within horizon
erythromycin,1.2,0.7,0.168,0.546,52,0.5,0.02,29.0,28.984,within horizon
erythromycin,1.2,0.7,0.168,0.546,52,0.65,0.045,29.0,28.856,within horizon
erythromycin,1.2,0.8,0.168,0.624,8,0.35,0.045,7.0,6.695,within horizon
erythromycin,1.2,0.8,0.168,0.624,8,0.5,0.02,7.0,6.823,within horizon
erythromycin,1.2,0.8,0.168,0.624,8,0.65,0.045,7.0,6.695,within horizon
erythromycin,1.2,0.8,0.168,0.624,12,0.35,0.045,9.0,8.495,within horizon
erythromycin,1.2,0.8,0.168,0.624,12,0.5,0.02,9.0,8.623,within horizon
erythromycin,1.2,0.8,0.168,0.624,12,0.65,0.045,9.0,8.495,within horizon
erythromycin,1.2,0.8,0.168,0.624,26,0.35,0.045,15.0,14.795,within horizon
erythromycin,1.2,0.8,0.168,0.624,26,0.5,0.02,15.0,14.923,within horizon
erythromycin,1.2,0.8,0.168,0.624,26,0.65,0.045,15.0,14.795,within horizon
erythromycin,1.2,0.8,0.168,0.624,52,0.35,0.045,27.0,26.495,within horizon
erythromycin,1.2,0.8,0.168,0.624,52,0.5,0.02,27.0,26.623,within horizon
erythromycin,1.2,0.8,0.168,0.624,52,0.65,0.045,27.0,26.495,within horizon
erythromycin,1.2,0.9,0.168,0.702,8,0.35,0.045,6.0,5.533,within horizon
erythromycin,1.2,0.9,0.168,0.702,8,0.5,0.02,6.0,5.661,within horizon
erythromycin,1.2,0.9,0.168,0.702,8,0.65,0.045,6.0,5.533,within horizon
erythromycin,1.2,0.9,0.168,0.702,12,0.35,0.045,8.0,7.333,within horizon
erythromycin,1.2,0.9,0.168,0.702,12,0.5,0.02,8.0,7.461,within horizon
erythromycin,1.2,0.9,0.168,0.702,12,0.65,0.045,8.0,7.333,within horizon
erythromycin,1.2,0.9,0.168,0.702,26,0.35,0.045,14.0,13.633,within horizon
erythromycin,1.2,0.9,0.168,0.702,26,0.5,0.02,14.0,13.761,within horizon
erythromycin,1.2,0.9,0.168,0.702,26,0.65,0.045,14.0,13.633,within horizon
erythromycin,1.2,0.9,0.168,0.702,52,0.35,0.045,26.0,25.333,within horizon
erythromycin,1.2,0.9,0.168,0.702,52,0.5,0.02,26.0,25.461,within horizon
erythromycin,1.2,0.9,0.168,0.702,52,0.65,0.045,26.0,25.333,within horizon
erythromycin,1.2,1.0,0.168,0.78,8,0.35,0.045,5.0,4.756,within horizon
erythromycin,1.2,1.0,0.168,0.78,8,0.5,0.02,5.0,4.883,within horizon
erythromycin,1.2,1.0,0.168,0.78,8,0.65,0.045,5.0,4.756,within horizon
erythromycin,1.2,1.0,0.168,0.78,12,0.35,0.045,7.0,6.556,within horizon
erythromycin,1.2,1.0,0.168,0.78,12,0.5,0.02,7.0,6.683,within horizon
erythromycin,1.2,1.0,0.168,0.78,12,0.65,0.045,7.0,6.556,within horizon
erythromycin,1.2,1.0,0.168,0.78,26,0.35,0.045,13.0,12.856,within horizon
erythromycin,1.2,1.0,0.168,0.78,26,0.5,0.02,13.0,12.983,within horizon
erythromycin,1.2,1.0,0.168,0.78,26,0.65,0.045,13.0,12.856,within horizon
erythromycin,1.2,1.0,0.168,0.78,52,0.35,0.045,25.0,24.556,within horizon
erythromycin,1.2,1.0,0.168,0.78,52,0.5,0.02,25.0,24.683,within horizon
erythromycin,1.2,1.0,0.168,0.78,52,0.65,0.045,25.0,24.556,within horizon
erythromycin,1.2,1.1,0.168,0.858,8,0.35,0.045,5.0,4.171,within horizon
erythromycin,1.2,1.1,0.168,0.858,8,0.5,0.02,5.0,4.298,within horizon
erythromycin,1.2,1.1,0.168,0.858,8,0.65,0.045,5.0,4.171,within horizon
erythromycin,1.2,1.1,0.168,0.858,12,0.35,0.045,6.0,5.971,within horizon
erythromycin,1.2,1.1,0.168,0.858,12,0.5,0.02,7.0,6.098,within horizon
erythromycin,1.2,1.1,0.168,0.858,12,0.65,0.045,6.0,5.971,within horizon
erythromycin,1.2,1.1,0.168,0.858,26,0.35,0.045,13.0,12.271,within horizon
erythromycin,1.2,1.1,0.168,0.858,26,0.5,0.02,13.0,12.398,within horizon
erythromycin,1.2,1.1,0.168,0.858,26,0.65,0.045,13.0,12.271,within horizon
erythromycin,1.2,1.1,0.168,0.858,52,0.35,0.045,24.0,23.971,within horizon
erythromycin,1.2,1.1,0.168,0.858,52,0.5,0.02,25.0,24.098,within horizon
erythromycin,1.2,1.1,0.168,0.858,52,0.65,0.045,24.0,23.971,within horizon
erythromycin,1.2,1.2,0.168,0.936,8,0.35,0.045,4.0,3.702,within horizon
erythromycin,1.2,1.2,0.168,0.936,8,0.5,0.02,4.0,3.829,within horizon
erythromycin,1.2,1.2,0.168,0.936,8,0.65,0.045,4.0,3.702,within horizon
erythromycin,1.2,1.2,0.168,0.936,12,0.35,0.045,6.0,5.502,within horizon
erythromycin,1.2,1.2,0.168,0.936,12,0.5,0.02,6.0,5.629,within horizon
erythromycin,1.2,1.2,0.168,0.936,12,0.65,0.045,6.0,5.502,within horizon
erythromycin,1.2,1.2,0.168,0.936,26,0.35,0.045,12.0,11.802,within horizon
erythromycin,1.2,1.2,0.168,0.936,26,0.5,0.02,12.0,11.929,within horizon
erythromycin,1.2,1.2,0.168,0.936,26,0.65,0.045,12.0,11.802,within horizon
erythromycin,1.2,1.2,0.168,0.936,52,0.35,0.045,24.0,23.502,within horizon
erythromycin,1.2,1.2,0.168,0.936,52,0.5,0.02,24.0,23.629,within horizon
erythromycin,1.2,1.2,0.168,0.936,52,0.65,0.045,24.0,23.502,within horizon
erythromycin,1.2,1.3,0.168,1.0,8,0.35,0.045,4.0,3.375,within horizon
erythromycin,1.2,1.3,0.168,1.0,8,0.5,0.02,4.0,3.503,within horizon
erythromycin,1.2,1.3,0.168,1.0,8,0.65,0.045,4.0,3.375,within horizon
erythromycin,1.2,1.3,0.168,1.0,12,0.35,0.045,6.0,5.175,within horizon
erythromycin,1.2,1.3,0.168,1.0,12,0.5,0.02,6.0,5.303,within horizon
erythromycin,1.2,1.3,0.168,1.0,12,0.65,0.045,6.0,5.175,within horizon
erythromycin,1.2,1.3,0.168,1.0,26,0.35,0.045,12.0,11.475,within horizon
erythromycin,1.2,1.3,0.168,1.0,26,0.5,0.02,12.0,11.603,within horizon
erythromycin,1.2,1.3,0.168,1.0,26,0.65,0.045,12.0,11.475,within horizon
erythromycin,1.2,1.3,0.168,1.0,52,0.35,0.045,24.0,23.175,within horizon
erythromycin,1.2,1.3,0.168,1.0,52,0.5,0.02,24.0,23.303,within horizon
erythromycin,1.2,1.3,0.168,1.0,52,0.65,0.045,24.0,23.175,within horizon
erythromycin,1.3,0.7,0.182,0.546,8,0.35,0.045,,8.637,after horizon
erythromycin,1.3,0.7,0.182,0.546,8,0.5,0.02,,8.754,after horizon
erythromycin,1.3,0.7,0.182,0.546,8,0.65,0.045,,8.637,after horizon
erythromycin,1.3,0.7,0.182,0.546,12,0.35,0.045,11.0,10.437,within horizon
erythromycin,1.3,0.7,0.182,0.546,12,0.5,0.02,11.0,10.554,within horizon
erythromycin,1.3,0.7,0.182,0.546,12,0.65,0.045,11.0,10.437,within horizon
erythromycin,1.3,0.7,0.182,0.546,26,0.35,0.045,17.0,16.737,within horizon
erythromycin,1.3,0.7,0.182,0.546,26,0.5,0.02,17.0,16.854,within horizon
erythromycin,1.3,0.7,0.182,0.546,26,0.65,0.045,17.0,16.737,within horizon
erythromycin,1.3,0.7,0.182,0.546,52,0.35,0.045,29.0,28.437,within horizon
erythromycin,1.3,0.7,0.182,0.546,52,0.5,0.02,29.0,28.554,within horizon
erythromycin,1.3,0.7,0.182,0.546,52,0.65,0.045,29.0,28.437,within horizon
erythromycin,1.3,0.8,0.182,0.624,8,0.35,0.045,7.0,6.457,within horizon
erythromycin,1.3,0.8,0.182,0.624,8,0.5,0.02,7.0,6.575,within horizon
erythromycin,1.3,0.8,0.182,0.624,8,0.65,0.045,7.0,6.457,within horizon
erythromycin,1.3,0.8,0.182,0.624,12,0.35,0.045,9.0,8.257,within horizon
erythromycin,1.3,0.8,0.182,0.624,12,0.5,0.02,9.0,8.375,within horizon
erythromycin,1.3,0.8,0.182,0.624,12,0.65,0.045,9.0,8.257,within horizon
erythromycin,1.3,0.8,0.182,0.624,26,0.35,0.045,15.0,14.557,within horizon
erythromycin,1.3,0.8,0.182,0.624,26,0.5,0.02,15.0,14.675,within horizon
erythromycin,1.3,0.8,0.182,0.624,26,0.65,0.045,15.0,14.557,within horizon
erythromycin,1.3,0.8,0.182,0.624,52,0.35,0.045,27.0,26.257,within horizon
erythromycin,1.3,0.8,0.182,0.624,52,0.5,0.02,27.0,26.375,within horizon
erythromycin,1.3,0.8,0.182,0.624,52,0.65,0.045,27.0,26.257,within horizon
erythromycin,1.3,0.9,0.182,0.702,8,0.35,0.045,6.0,5.385,within horizon
erythromycin,1.3,0.9,0.182,0.702,8,0.5,0.02,6.0,5.502,within horizon
erythromycin,1.3,0.9,0.182,0.702,8,0.65,0.045,6.0,5.385,within horizon
erythromycin,1.3,0.9,0.182,0.702,12,0.35,0.045,8.0,7.185,within horizon
erythromycin,1.3,0.9,0.182,0.702,12,0.5,0.02,8.0,7.302,within horizon
erythromycin,1.3,0.9,0.182,0.702,12,0.65,0.045,8.0,7.185,within horizon
erythromycin,1.3,0.9,0.182,0.702,26,0.35,0.045,14.0,13.485,within horizon
erythromycin,1.3,0.9,0.182,0.702,26,0.5,0.02,14.0,13.602,within horizon
erythromycin,1.3,0.9,0.182,0.702,26,0.65,0.045,14.0,13.485,within horizon
erythromycin,1.3,0.9,0.182,0.702,52,0.35,0.045,26.0,25.185,within horizon
erythromycin,1.3,0.9,0.182,0.702,52,0.5,0.02,26.0,25.302,within horizon
erythromycin,1.3,0.9,0.182,0.702,52,0.65,0.045,26.0,25.185,within horizon
erythromycin,1.3,1.0,0.182,0.78,8,0.35,0.045,5.0,4.667,within horizon
erythromycin,1.3,1.0,0.182,0.78,8,0.5,0.02,5.0,4.785,within horizon
erythromycin,1.3,1.0,0.182,0.78,8,0.65,0.045,5.0,4.667,within horizon
erythromycin,1.3,1.0,0.182,0.78,12,0.35,0.045,7.0,6.467,within horizon
erythromycin,1.3,1.0,0.182,0.78,12,0.5,0.02,7.0,6.585,within horizon
erythromycin,1.3,1.0,0.182,0.78,12,0.65,0.045,7.0,6.467,within horizon
erythromycin,1.3,1.0,0.182,0.78,26,0.35,0.045,13.0,12.767,within horizon
erythromycin,1.3,1.0,0.182,0.78,26,0.5,0.02,13.0,12.885,within horizon
erythromycin,1.3,1.0,0.182,0.78,26,0.65,0.045,13.0,12.767,within horizon
erythromycin,1.3,1.0,0.182,0.78,52,0.35,0.045,25.0,24.467,within horizon
erythromycin,1.3,1.0,0.182,0.78,52,0.5,0.02,25.0,24.585,within horizon
erythromycin,1.3,1.0,0.182,0.78,52,0.65,0.045,25.0,24.467,within horizon
erythromycin,1.3,1.1,0.182,0.858,8,0.35,0.045,5.0,4.127,within horizon
erythromycin,1.3,1.1,0.182,0.858,8,0.5,0.02,5.0,4.245,within horizon
erythromycin,1.3,1.1,0.182,0.858,8,0.65,0.045,5.0,4.127,within horizon
erythromycin,1.3,1.1,0.182,0.858,12,0.35,0.045,6.0,5.927,within horizon
erythromycin,1.3,1.1,0.182,0.858,12,0.5,0.02,7.0,6.045,within horizon
erythromycin,1.3,1.1,0.182,0.858,12,0.65,0.045,6.0,5.927,within horizon
erythromycin,1.3,1.1,0.182,0.858,26,0.35,0.045,13.0,12.227,within horizon
erythromycin,1.3,1.1,0.182,0.858,26,0.5,0.02,13.0,12.345,within horizon
erythromycin,1.3,1.1,0.182,0.858,26,0.65,0.045,13.0,12.227,within horizon
erythromycin,1.3,1.1,0.182,0.858,52,0.35,0.045,24.0,23.927,within horizon
erythromycin,1.3,1.1,0.182,0.858,52,0.5,0.02,25.0,24.045,within horizon
erythromycin,1.3,1.1,0.182,0.858,52,0.65,0.045,24.0,23.927,within horizon
erythromycin,1.3,1.2,0.182,0.936,8,0.35,0.045,4.0,3.694,within horizon
erythromycin,1.3,1.2,0.182,0.936,8,0.5,0.02,4.0,3.811,within horizon
erythromycin,1.3,1.2,0.182,0.936,8,0.65,0.045,4.0,3.694,within horizon
erythromycin,1.3,1.2,0.182,0.936,12,0.35,0.045,6.0,5.494,within horizon
erythromycin,1.3,1.2,0.182,0.936,12,0.5,0.02,6.0,5.611,within horizon
erythromycin,1.3,1.2,0.182,0.936,12,0.65,0.045,6.0,5.494,within horizon
erythromycin,1.3,1.2,0.182,0.936,26,0.35,0.045,12.0,11.794,within horizon
erythromycin,1.3,1.2,0.182,0.936,26,0.5,0.02,12.0,11.911,within horizon
erythromycin,1.3,1.2,0.182,0.936,26,0.65,0.045,12.0,11.794,within horizon
erythromycin,1.3,1.2,0.182,0.936,52,0.35,0.045,24.0,23.494,within horizon
erythromycin,1.3,1.2,0.182,0.936,52,0.5,0.02,24.0,23.611,within horizon
erythromycin,1.3,1.2,0.182,0.936,52,0.65,0.045,24.0,23.494,within horizon
erythromycin,1.3,1.3,0.182,1.0,8,0.35,0.045,4.0,3.393,within horizon
erythromycin,1.3,1.3,0.182,1.0,8,0.5,0.02,4.0,3.51,within horizon
erythromycin,1.3,1.3,0.182,1.0,8,0.65,0.045,4.0,3.393,within horizon
erythromycin,1.3,1.3,0.182,1.0,12,0.35,0.045,6.0,5.193,within horizon
erythromycin,1.3,1.3,0.182,1.0,12,0.5,0.02,6.0,5.31,within horizon
erythromycin,1.3,1.3,0.182,1.0,12,0.65,0.045,6.0,5.193,within horizon
erythromycin,1.3,1.3,0.182,1.0,26,0.35,0.045,12.0,11.493,within horizon
erythromycin,1.3,1.3,0.182,1.0,26,0.5,0.02,12.0,11.61,within horizon
erythromycin,1.3,1.3,0.182,1.0,26,0.65,0.045,12.0,11.493,within horizon
erythromycin,1.3,1.3,0.182,1.0,52,0.35,0.045,24.0,23.193,within horizon
erythromycin,1.3,1.3,0.182,1.0,52,0.5,0.02,24.0,23.31,within horizon
erythromycin,1.3,1.3,0.182,1.0,52,0.65,0.045,24.0,23.193,within horizon
rifampicin,0.7,0.7,0.091,0.56,8,0.35,0.045,,12.505,after horizon
rifampicin,0.7,0.7,0.091,0.56,8,0.5,0.02,,12.74,after horizon
rifampicin,0.7,0.7,0.091,0.56,8,0.65,0.045,,12.505,after horizon
rifampicin,0.7,0.7,0.091,0.56,12,0.35,0.045,,14.305,after horizon
rifampicin,0.7,0.7,0.091,0.56,12,0.5,0.02,,14.54,after horizon
rifampicin,0.7,0.7,0.091,0.56,12,0.65,0.045,,14.305,after horizon
rifampicin,0.7,0.7,0.091,0.56,26,0.35,0.045,21.0,20.605,within horizon
rifampicin,0.7,0.7,0.091,0.56,26,0.5,0.02,21.0,20.84,within horizon
rifampicin,0.7,0.7,0.091,0.56,26,0.65,0.045,21.0,20.605,within horizon
rifampicin,0.7,0.7,0.091,0.56,52,0.35,0.045,33.0,32.305,within horizon
rifampicin,0.7,0.7,0.091,0.56,52,0.5,0.02,33.0,32.54,within horizon
rifampicin,0.7,0.7,0.091,0.56,52,0.65,0.045,33.0,32.305,within horizon
rifampicin,0.7,0.8,0.091,0.64,8,0.35,0.045,,8.781,after horizon
rifampicin,0.7,0.8,0.091,0.64,8,0.5,0.02,,9.016,after horizon
rifampicin,0.7,0.8,0.091,0.64,8,0.65,0.045,,8.781,after horizon
rifampicin,0.7,0.8,0.091,0.64,12,0.35,0.045,11.0,10.581,within horizon
rifampicin,0.7,0.8,0.091,0.64,12,0.5,0.02,11.0,10.816,within horizon
rifampicin,0.7,0.8,0.091,0.64,12,0.65,0.045,11.0,10.581,within horizon
rifampicin,0.7,0.8,0.091,0.64,26,0.35,0.045,17.0,16.881,within horizon
rifampicin,0.7,0.8,0.091,0.64,26,0.5,0.02,18.0,17.116,within horizon
rifampicin,0.7,0.8,0.091,0.64,26,0.65,0.045,17.0,16.881,within horizon
rifampicin,0.7,0.8,0.091,0.64,52,0.35,0.045,29.0,28.581,within horizon
rifampicin,0.7,0.8,0.091,0.64,52,0.5,0.02,29.0,28.816,within horizon
rifampicin,0.7,0.8,0.091,0.64,52,0.65,0.045,29.0,28.581,within horizon
rifampicin,0.7,0.9,0.091,0.72,8,0.35,0.045,7.0,6.794,within horizon
rifampicin,0.7,0.9,0.091,0.72,8,0.5,0.02,8.0,7.029,within horizon
rifampicin,0.7,0.9,0.091,0.72,8,0.65,0.045,7.0,6.794,within horizon
rifampicin,0.7,0.9,0.091,0.72,12,0.35,0.045,9.0,8.594,within horizon
rifampicin,0.7,0.9,0.091,0.72,12,0.5,0.02,9.0,8.829,within horizon
rifampicin,0.7,0.9,0.091,0.72,12,0.65,0.045,9.0,8.594,within horizon
rifampicin,0.7,0.9,0.091,0.72,26,0.35,0.045,15.0,14.894,within horizon
rifampicin,0.7,0.9,0.091,0.72,26,0.5,0.02,16.0,15.129,within horizon
rifampicin,0.7,0.9,0.091,0.72,26,0.65,0.045,15.0,14.894,within horizon
rifampicin,0.7,0.9,0.091,0.72,52,0.35,0.045,27.0,26.594,within horizon
rifampicin,0.7,0.9,0.091,0.72,52,0.5,0.02,27.0,26.829,within horizon
rifampicin,0.7,0.9,0.091,0.72,52,0.65,0.045,27.0,26.594,within horizon
rifampicin,0.7,1.0,0.091,0.8,8,0.35,0.045,6.0,5.431,within horizon
rifampicin,0.7,1.0,0.091,0.8,8,0.5,0.02,6.0,5.666,within horizon
rifampicin,0.7,1.0,0.091,0.8,8,0.65,0.045,6.0,5.431,within horizon
rifampicin,0.7,1.0,0.091,0.8,12,0.35,0.045,8.0,7.231,within horizon
rifampicin,0.7,1.0,0.091,0.8,12,0.5,0.02,8.0,7.466,within horizon
rifampicin,0.7,1.0,0.091,0.8,12,0.65,0.045,8.0,7.231,within horizon
rifampicin,0.7,1.0,0.091,0.8,26,0.35,0.045,14.0,13.531,within horizon
rifampicin,0.7,1.0,0.091,0.8,26,0.5,0.02,14.0,13.766,within horizon
rifampicin,0.7,1.0,0.091,0.8,26,0.65,0.045,14.0,13.531,within horizon
rifampicin,0.7,1.0,0.091,0.8,52,0.35,0.045,26.0,25.231,within horizon
rifampicin,0.7,1.0,0.091,0.8,52,0.5,0.02,26.0,25.466,within horizon
rifampicin,0.7,1.0,0.091,0.8,52,0.65,0.045,26.0,25.231,within horizon
rifampicin,0.7,1.1,0.091,0.88,8,0.35,0.045,5.0,4.392,within horizon
rifampicin,0.7,1.1,0.091,0.88,8,0.5,0.02,5.0,4.627,within horizon
rifampicin,0.7,1.1,0.091,0.88,8,0.65,0.045,5.0,4.392,within horizon
rifampicin,0.7,1.1,0.091,0.88,12,0.35,0.045,7.0,6.192,within horizon
rifampicin,0.7,1.1,0.091,0.88,12,0.5,0.02,7.0,6.427,within horizon
rifampicin,0.7,1.1,0.091,0.88,12,0.65,0.045,7.0,6.192,within horizon
rifampicin,0.7,1.1,0.091,0.88,26,0.35,0.045,13.0,12.492,within horizon
rifampicin,0.7,1.1,0.091,0.88,26,0.5,0.02,13.0,12.727,within horizon
rifampicin,0.7,1.1,0.091,0.88,26,0.65,0.045,13.0,12.492,within horizon
rifampicin,0.7,1.1,0.091,0.88,52,0.35,0.045,25.0,24.192,within horizon
rifampicin,0.7,1.1,0.091,0.88,52,0.5,0.02,25.0,24.427,within horizon
rifampicin,0.7,1.1,0.091,0.88,52,0.65,0.045,25.0,24.192,within horizon
rifampicin,0.7,1.2,0.091,0.96,8,0.35,0.045,4.0,3.552,within horizon
rifampicin,0.7,1.2,0.091,0.96,8,0.5,0.02,4.0,3.787,within horizon
rifampicin,0.7,1.2,0.091,0.96,8,0.65,0.045,4.0,3.552,within horizon
rifampicin,0.7,1.2,0.091,0.96,12,0.35,0.045,6.0,5.352,within horizon
rifampicin,0.7,1.2,0.091,0.96,12,0.5,0.02,6.0,5.587,within horizon
rifampicin,0.7,1.2,0.091,0.96,12,0.65,0.045,6.0,5.352,within horizon
rifampicin,0.7,1.2,0.091,0.96,26,0.35,0.045,12.0,11.652,within horizon
rifampicin,0.7,1.2,0.091,0.96,26,0.5,0.02,12.0,11.887,within horizon
rifampicin,0.7,1.2,0.091,0.96,26,0.65,0.045,12.0,11.652,within horizon
rifampicin,0.7,1.2,0.091,0.96,52,0.35,0.045,24.0,23.352,within horizon
rifampicin,0.7,1.2,0.091,0.96,52,0.5,0.02,24.0,23.587,within horizon
rifampicin,0.7,1.2,0.091,0.96,52,0.65,0.045,24.0,23.352,within horizon
rifampicin,0.7,1.3,0.091,1.0,8,0.35,0.045,4.0,3.185,within horizon
rifampicin,0.7,1.3,0.091,1.0,8,0.5,0.02,4.0,3.421,within horizon
rifampicin,0.7,1.3,0.091,1.0,8,0.65,0.045,4.0,3.185,within horizon
rifampicin,0.7,1.3,0.091,1.0,12,0.35,0.045,5.0,4.985,within horizon
rifampicin,0.7,1.3,0.091,1.0,12,0.5,0.02,6.0,5.221,within horizon
rifampicin,0.7,1.3,0.091,1.0,12,0.65,0.045,5.0,4.985,within horizon
rifampicin,0.7,1.3,0.091,1.0,26,0.35,0.045,12.0,11.285,within horizon
rifampicin,0.7,1.3,0.091,1.0,26,0.5,0.02,12.0,11.521,within horizon
rifampicin,0.7,1.3,0.091,1.0,26,0.65,0.045,12.0,11.285,within horizon
rifampicin,0.7,1.3,0.091,1.0,52,0.35,0.045,23.0,22.985,within horizon
rifampicin,0.7,1.3,0.091,1.0,52,0.5,0.02,24.0,23.221,within horizon
rifampicin,0.7,1.3,0.091,1.0,52,0.65,0.045,23.0,22.985,within horizon
rifampicin,0.8,0.7,0.104,0.56,8,0.35,0.045,,11.392,after horizon
rifampicin,0.8,0.7,0.104,0.56,8,0.5,0.02,,11.598,after horizon
rifampicin,0.8,0.7,0.104,0.56,8,0.65,0.045,,11.392,after horizon
rifampicin,0.8,0.7,0.104,0.56,12,0.35,0.045,,13.192,after horizon
rifampicin,0.8,0.7,0.104,0.56,12,0.5,0.02,,13.398,after horizon
rifampicin,0.8,0.7,0.104,0.56,12,0.65,0.045,,13.192,after horizon
rifampicin,0.8,0.7,0.104,0.56,26,0.35,0.045,20.0,19.492,within horizon
rifampicin,0.8,0.7,0.104,0.56,26,0.5,0.02,20.0,19.698,within horizon
rifampicin,0.8,0.7,0.104,0.56,26,0.65,0.045,20.0,19.492,within horizon
rifampicin,0.8,0.7,0.104,0.56,52,0.35,0.045,32.0,31.192,within horizon
rifampicin,0.8,0.7,0.104,0.56,52,0.5,0.02,32.0,31.398,within horizon
rifampicin,0.8,0.7,0.104,0.56,52,0.65,0.045,32.0,31.192,within horizon
rifampicin,0.8,0.8,0.104,0.64,8,0.35,0.045,,8.133,after horizon
rifampicin,0.8,0.8,0.104,0.64,8,0.5,0.02,,8.339,after horizon
rifampicin,0.8,0.8,0.104,0.64,8,0.65,0.045,,8.133,after horizon
rifampicin,0.8,0.8,0.104,0.64,12,0.35,0.045,10.0,9.933,within horizon
rifampicin,0.8,0.8,0.104,0.64,12,0.5,0.02,11.0,10.139,within horizon
rifampicin,0.8,0.8,0.104,0.64,12,0.65,0.045,10.0,9.933,within horizon
rifampicin,0.8,0.8,0.104,0.64,26,0.35,0.045,17.0,16.233,within horizon
rifampicin,0.8,0.8,0.104,0.64,26,0.5,0.02,17.0,16.439,within horizon
rifampicin,0.8,0.8,0.104,0.64,26,0.65,0.045,17.0,16.233,within horizon
rifampicin,0.8,0.8,0.104,0.64,52,0.35,0.045,28.0,27.933,within horizon
rifampicin,0.8,0.8,0.104,0.64,52,0.5,0.02,29.0,28.139,within horizon
rifampicin,0.8,0.8,0.104,0.64,52,0.65,0.045,28.0,27.933,within horizon
rifampicin,0.8,0.9,0.104,0.72,8,0.35,0.045,7.0,6.395,within horizon
rifampicin,0.8,0.9,0.104,0.72,8,0.5,0.02,7.0,6.601,within horizon
rifampicin,0.8,0.9,0.104,0.72,8,0.65,0.045,7.0,6.395,within horizon
rifampicin,0.8,0.9,0.104,0.72,12,0.35,0.045,9.0,8.195,within horizon
rifampicin,0.8,0.9,0.104,0.72,12,0.5,0.02,9.0,8.401,within horizon
rifampicin,0.8,0.9,0.104,0.72,12,0.65,0.045,9.0,8.195,within horizon
rifampicin,0.8,0.9,0.104,0.72,26,0.35,0.045,15.0,14.495,within horizon
rifampicin,0.8,0.9,0.104,0.72,26,0.5,0.02,15.0,14.701,within horizon
rifampicin,0.8,0.9,0.104,0.72,26,0.65,0.045,15.0,14.495,within horizon
rifampicin,0.8,0.9,0.104,0.72,52,0.35,0.045,27.0,26.195,within horizon
rifampicin,0.8,0.9,0.104,0.72,52,0.5,0.02,27.0,26.401,within horizon
rifampicin,0.8,0.9,0.104,0.72,52,0.65,0.045,27.0,26.195,within horizon
rifampicin,0.8,1.0,0.104,0.8,8,0.35,0.045,6.0,5.202,within horizon
rifampicin,0.8,1.0,0.104,0.8,8,0.5,0.02,6.0,5.408,within horizon
rifampicin,0.8,1.0,0.104,0.8,8,0.65,0.045,6.0,5.202,within horizon
rifampicin,0.8,1.0,0.104,0.8,12,0.35,0.045,8.0,7.002,within horizon
rifampicin,0.8,1.0,0.104,0.8,12,0.5,0.02,8.0,7.208,within horizon
rifampicin,0.8,1.0,0.104,0.8,12,0.65,0.045,8.0,7.002,within horizon
rifampicin,0.8,1.0,0.104,0.8,26,0.35,0.045,14.0,13.302,within horizon
rifampicin,0.8,1.0,0.104,0.8,26,0.5,0.02,14.0,13.508,within horizon
rifampicin,0.8,1.0,0.104,0.8,26,0.65,0.045,14.0,13.302,within horizon
rifampicin,0.8,1.0,0.104,0.8,52,0.35,0.045,26.0,25.002,within horizon
rifampicin,0.8,1.0,0.104,0.8,52,0.5,0.02,26.0,25.208,within horizon
rifampicin,0.8,1.0,0.104,0.8,52,0.65,0.045,26.0,25.002,within horizon
rifampicin,0.8,1.1,0.104,0.88,8,0.35,0.045,5.0,4.293,within horizon
rifampicin,0.8,1.1,0.104,0.88,8,0.5,0.02,5.0,4.499,within horizon
rifampicin,0.8,1.1,0.104,0.88,8,0.65,0.045,5.0,4.293,within horizon
rifampicin,0.8,1.1,0.104,0.88,12,0.35,0.045,7.0,6.093,within horizon
rifampicin,0.8,1.1,0.104,0.88,12,0.5,0.02,7.0,6.299,within horizon
rifampicin,0.8,1.1,0.104,0.88,12,0.65,0.045,7.0,6.093,within horizon
rifampicin,0.8,1.1,0.104,0.88,26,0.35,0.045,13.0,12.393,within horizon
rifampicin,0.8,1.1,0.104,0.88,26,0.5,0.02,13.0,12.599,within horizon
rifampicin,0.8,1.1,0.104,0.88,26,0.65,0.045,13.0,12.393,within horizon
rifampicin,0.8,1.1,0.104,0.88,52,0.35,0.045,25.0,24.093,within horizon
rifampicin,0.8,1.1,0.104,0.88,52,0.5,0.02,25.0,24.299,within horizon
rifampicin,0.8,1.1,0.104,0.88,52,0.65,0.045,25.0,24.093,within horizon
rifampicin,0.8,1.2,0.104,0.96,8,0.35,0.045,4.0,3.558,within horizon
rifampicin,0.8,1.2,0.104,0.96,8,0.5,0.02,4.0,3.764,within horizon
rifampicin,0.8,1.2,0.104,0.96,8,0.65,0.045,4.0,3.558,within horizon
rifampicin,0.8,1.2,0.104,0.96,12,0.35,0.045,6.0,5.358,within horizon
rifampicin,0.8,1.2,0.104,0.96,12,0.5,0.02,6.0,5.564,within horizon
rifampicin,0.8,1.2,0.104,0.96,12,0.65,0.045,6.0,5.358,within horizon
rifampicin,0.8,1.2,0.104,0.96,26,0.35,0.045,12.0,11.658,within horizon
rifampicin,0.8,1.2,0.104,0.96,26,0.5,0.02,12.0,11.864,within horizon
rifampicin,0.8,1.2,0.104,0.96,26,0.65,0.045,12.0,11.658,within horizon
rifampicin,0.8,1.2,0.104,0.96,52,0.35,0.045,24.0,23.358,within horizon
rifampicin,0.8,1.2,0.104,0.96,52,0.5,0.02,24.0,23.564,within horizon
rifampicin,0.8,1.2,0.104,0.96,52,0.65,0.045,24.0,23.358,within horizon
rifampicin,0.8,1.3,0.104,1.0,8,0.35,0.045,4.0,3.237,within horizon
rifampicin,0.8,1.3,0.104,1.0,8,0.5,0.02,4.0,3.443,within horizon
rifampicin,0.8,1.3,0.104,1.0,8,0.65,0.045,4.0,3.237,within horizon
rifampicin,0.8,1.3,0.104,1.0,12,0.35,0.045,6.0,5.037,within horizon
rifampicin,0.8,1.3,0.104,1.0,12,0.5,0.02,6.0,5.243,within horizon
rifampicin,0.8,1.3,0.104,1.0,12,0.65,0.045,6.0,5.037,within horizon
rifampicin,0.8,1.3,0.104,1.0,26,0.35,0.045,12.0,11.337,within horizon
rifampicin,0.8,1.3,0.104,1.0,26,0.5,0.02,12.0,11.543,within horizon
rifampicin,0.8,1.3,0.104,1.0,26,0.65,0.045,12.0,11.337,within horizon
rifampicin,0.8,1.3,0.104,1.0,52,0.35,0.045,24.0,23.037,within horizon
rifampicin,0.8,1.3,0.104,1.0,52,0.5,0.02,24.0,23.243,within horizon
rifampicin,0.8,1.3,0.104,1.0,52,0.65,0.045,24.0,23.037,within horizon
rifampicin,0.9,0.7,0.117,0.56,8,0.35,0.045,,10.526,after horizon
rifampicin,0.9,0.7,0.117,0.56,8,0.5,0.02,,10.709,after horizon
rifampicin,0.9,0.7,0.117,0.56,8,0.65,0.045,,10.526,after horizon
rifampicin,0.9,0.7,0.117,0.56,12,0.35,0.045,,12.326,after horizon
rifampicin,0.9,0.7,0.117,0.56,12,0.5,0.02,,12.509,after horizon
rifampicin,0.9,0.7,0.117,0.56,12,0.65,0.045,,12.326,after horizon
rifampicin,0.9,0.7,0.117,0.56,26,0.35,0.045,19.0,18.626,within horizon
rifampicin,0.9,0.7,0.117,0.56,26,0.5,0.02,19.0,18.809,within horizon
rifampicin,0.9,0.7,0.117,0.56,26,0.65,0.045,19.0,18.626,within horizon
rifampicin,0.9,0.7,0.117,0.56,52,0.35,0.045,31.0,30.326,within horizon
rifampicin,0.9,0.7,0.117,0.56,52,0.5,0.02,31.0,30.509,within horizon
rifampicin,0.9,0.7,0.117,0.56,52,0.65,0.045,31.0,30.326,within horizon
rifampicin,0.9,0.8,0.117,0.64,8,0.35,0.045,8.0,7.63,within horizon
rifampicin,0.9,0.8,0.117,0.64,8,0.5,0.02,8.0,7.812,within horizon
rifampicin,0.9,0.8,0.117,0.64,8,0.65,0.045,8.0,7.63,within horizon
rifampicin,0.9,0.8,0.117,0.64,12,0.35,0.045,10.0,9.43,within horizon
rifampicin,0.9,0.8,0.117,0.64,12,0.5,0.02,10.0,9.612,within horizon
rifampicin,0.9,0.8,0.117,0.64,12,0.65,0.045,10.0,9.43,within horizon
rifampicin,0.9,0.8,0.117,0.64,26,0.35,0.045,16.0,15.73,within horizon
rifampicin,0.9,0.8,0.117,0.64,26,0.5,0.02,16.0,15.912,within horizon
rifampicin,0.9,0.8,0.117,0.64,26,0.65,0.045,16.0,15.73,within horizon
rifampicin,0.9,0.8,0.117,0.64,52,0.35,0.045,28.0,27.43,within horizon
rifampicin,0.9,0.8,0.117,0.64,52,0.5,0.02,28.0,27.612,within horizon
rifampicin,0.9,0.8,0.117,0.64,52,0.65,0.045,28.0,27.43,within horizon
rifampicin,0.9,0.9,0.117,0.72,8,0.35,0.045,7.0,6.084,within horizon
rifampicin,0.9,0.9,0.117,0.72,8,0.5,0.02,7.0,6.267,within horizon
rifampicin,0.9,0.9,0.117,0.72,8,0.65,0.045,7.0,6.084,within horizon
rifampicin,0.9,0.9,0.117,0.72,12,0.35,0.045,8.0,7.884,within horizon
rifampicin,0.9,0.9,0.117,0.72,12,0.5,0.02,9.0,8.067,within horizon
rifampicin,0.9,0.9,0.117,0.72,12,0.65,0.045,8.0,7.884,within horizon
rifampicin,0.9,0.9,0.117,0.72,26,0.35,0.045,15.0,14.184,within horizon
rifampicin,0.9,0.9,0.117,0.72,26,0.5,0.02,15.0,14.367,within horizon
rifampicin,0.9,0.9,0.117,0.72,26,0.65,0.045,15.0,14.184,within horizon
rifampicin,0.9,0.9,0.117,0.72,52,0.35,0.045,26.0,25.884,within horizon
rifampicin,0.9,0.9,0.117,0.72,52,0.5,0.02,27.0,26.067,within horizon
rifampicin,0.9,0.9,0.117,0.72,52,0.65,0.045,26.0,25.884,within horizon
rifampicin,0.9,1.0,0.117,0.8,8,0.35,0.045,6.0,5.024,within horizon
rifampicin,0.9,1.0,0.117,0.8,8,0.5,0.02,6.0,5.207,within horizon
rifampicin,0.9,1.0,0.117,0.8,8,0.65,0.045,6.0,5.024,within horizon
rifampicin,0.9,1.0,0.117,0.8,12,0.35,0.045,7.0,6.824,within horizon
rifampicin,0.9,1.0,0.117,0.8,12,0.5,0.02,8.0,7.007,within horizon
rifampicin,0.9,1.0,0.117,0.8,12,0.65,0.045,7.0,6.824,within horizon
rifampicin,0.9,1.0,0.117,0.8,26,0.35,0.045,14.0,13.124,within horizon
rifampicin,0.9,1.0,0.117,0.8,26,0.5,0.02,14.0,13.307,within horizon
rifampicin,0.9,1.0,0.117,0.8,26,0.65,0.045,14.0,13.124,within horizon
rifampicin,0.9,1.0,0.117,0.8,52,0.35,0.045,25.0,24.824,within horizon
rifampicin,0.9,1.0,0.117,0.8,52,0.5,0.02,26.0,25.007,within horizon
rifampicin,0.9,1.0,0.117,0.8,52,0.65,0.045,25.0,24.824,within horizon
rifampicin,0.9,1.1,0.117,0.88,8,0.35,0.045,5.0,4.216,within horizon
rifampicin,0.9,1.1,0.117,0.88,8,0.5,0.02,5.0,4.399,within horizon
rifampicin,0.9,1.1,0.117,0.88,8,0.65,0.045,5.0,4.216,within horizon
rifampicin,0.9,1.1,0.117,0.88,12,0.35,0.045,7.0,6.016,within horizon
rifampicin,0.9,1.1,0.117,0.88,12,0.5,0.02,7.0,6.199,within horizon
rifampicin,0.9,1.1,0.117,0.88,12,0.65,0.045,7.0,6.016,within horizon
rifampicin,0.9,1.1,0.117,0.88,26,0.35,0.045,13.0,12.316,within horizon
rifampicin,0.9,1.1,0.117,0.88,26,0.5,0.02,13.0,12.499,within horizon
rifampicin,0.9,1.1,0.117,0.88,26,0.65,0.045,13.0,12.316,within horizon
rifampicin,0.9,1.1,0.117,0.88,52,0.35,0.045,25.0,24.016,within horizon
rifampicin,0.9,1.1,0.117,0.88,52,0.5,0.02,25.0,24.199,within horizon
rifampicin,0.9,1.1,0.117,0.88,52,0.65,0.045,25.0,24.016,within horizon
rifampicin,0.9,1.2,0.117,0.96,8,0.35,0.045,4.0,3.563,within horizon
rifampicin,0.9,1.2,0.117,0.96,8,0.5,0.02,4.0,3.746,within horizon
rifampicin,0.9,1.2,0.117,0.96,8,0.65,0.045,4.0,3.563,within horizon
rifampicin,0.9,1.2,0.117,0.96,12,0.35,0.045,6.0,5.363,within horizon
rifampicin,0.9,1.2,0.117,0.96,12,0.5,0.02,6.0,5.546,within horizon
rifampicin,0.9,1.2,0.117,0.96,12,0.65,0.045,6.0,5.363,within horizon
rifampicin,0.9,1.2,0.117,0.96,26,0.35,0.045,12.0,11.663,within horizon
rifampicin,0.9,1.2,0.117,0.96,26,0.5,0.02,12.0,11.846,within horizon
rifampicin,0.9,1.2,0.117,0.96,26,0.65,0.045,12.0,11.663,within horizon
rifampicin,0.9,1.2,0.117,0.96,52,0.35,0.045,24.0,23.363,within horizon
rifampicin,0.9,1.2,0.117,0.96,52,0.5,0.02,24.0,23.546,within horizon
rifampicin,0.9,1.2,0.117,0.96,52,0.65,0.045,24.0,23.363,within horizon
rifampicin,0.9,1.3,0.117,1.0,8,0.35,0.045,4.0,3.278,within horizon
rifampicin,0.9,1.3,0.117,1.0,8,0.5,0.02,4.0,3.46,within horizon
rifampicin,0.9,1.3,0.117,1.0,8,0.65,0.045,4.0,3.278,within horizon
rifampicin,0.9,1.3,0.117,1.0,12,0.35,0.045,6.0,5.078,within horizon
rifampicin,0.9,1.3,0.117,1.0,12,0.5,0.02,6.0,5.26,within horizon
rifampicin,0.9,1.3,0.117,1.0,12,0.65,0.045,6.0,5.078,within horizon
rifampicin,0.9,1.3,0.117,1.0,26,0.35,0.045,12.0,11.378,within horizon
rifampicin,0.9,1.3,0.117,1.0,26,0.5,0.02,12.0,11.56,within horizon
rifampicin,0.9,1.3,0.117,1.0,26,0.65,0.045,12.0,11.378,within horizon
rifampicin,0.9,1.3,0.117,1.0,52,0.35,0.045,24.0,23.078,within horizon
rifampicin,0.9,1.3,0.117,1.0,52,0.5,0.02,24.0,23.26,within horizon
rifampicin,0.9,1.3,0.117,1.0,52,0.65,0.045,24.0,23.078,within horizon
rifampicin,1.0,0.7,0.13,0.56,8,0.35,0.045,,9.834,after horizon
rifampicin,1.0,0.7,0.13,0.56,8,0.5,0.02,,9.998,after horizon
rifampicin,1.0,0.7,0.13,0.56,8,0.65,0.045,,9.834,after horizon
rifampicin,1.0,0.7,0.13,0.56,12,0.35,0.045,12.0,11.634,within horizon
rifampicin,1.0,0.7,0.13,0.56,12,0.5,0.02,12.0,11.798,within horizon
rifampicin,1.0,0.7,0.13,0.56,12,0.65,0.045,12.0,11.634,within horizon
rifampicin,1.0,0.7,0.13,0.56,26,0.35,0.045,18.0,17.934,within horizon
rifampicin,1.0,0.7,0.13,0.56,26,0.5,0.02,19.0,18.098,within horizon
rifampicin,1.0,0.7,0.13,0.56,26,0.65,0.045,18.0,17.934,within horizon
rifampicin,1.0,0.7,0.13,0.56,52,0.35,0.045,30.0,29.634,within horizon
rifampicin,1.0,0.7,0.13,0.56,52,0.5,0.02,30.0,29.798,within horizon
rifampicin,1.0,0.7,0.13,0.56,52,0.65,0.045,30.0,29.634,within horizon
rifampicin,1.0,0.8,0.13,0.64,8,0.35,0.045,8.0,7.227,within horizon
rifampicin,1.0,0.8,0.13,0.64,8,0.5,0.02,8.0,7.391,within horizon
rifampicin,1.0,0.8,0.13,0.64,8,0.65,0.045,8.0,7.227,within horizon
rifampicin,1.0,0.8,0.13,0.64,12,0.35,0.045,10.0,9.027,within horizon
rifampicin,1.0,0.8,0.13,0.64,12,0.5,0.02,10.0,9.191,within horizon
rifampicin,1.0,0.8,0.13,0.64,12,0.65,0.045,10.0,9.027,within horizon
rifampicin,1.0,0.8,0.13,0.64,26,0.35,0.045,16.0,15.327,within horizon
rifampicin,1.0,0.8,0.13,0.64,26,0.5,0.02,16.0,15.491,within horizon
rifampicin,1.0,0.8,0.13,0.64,26,0.65,0.045,16.0,15.327,within horizon
rifampicin,1.0,0.8,0.13,0.64,52,0.35,0.045,28.0,27.027,within horizon
rifampicin,1.0,0.8,0.13,0.64,52,0.5,0.02,28.0,27.191,within horizon
rifampicin,1.0,0.8,0.13,0.64,52,0.65,0.045,28.0,27.027,within horizon
rifampicin,1.0,0.9,0.13,0.72,8,0.35,0.045,6.0,5.836,within horizon
rifampicin,1.0,0.9,0.13,0.72,8,0.5,0.02,6.0,6.0,within horizon
rifampicin,1.0,0.9,0.13,0.72,8,0.65,0.045,6.0,5.836,within horizon
rifampicin,1.0,0.9,0.13,0.72,12,0.35,0.045,8.0,7.636,within horizon
rifampicin,1.0,0.9,0.13,0.72,12,0.5,0.02,8.0,7.8,within horizon
rifampicin,1.0,0.9,0.13,0.72,12,0.65,0.045,8.0,7.636,within horizon
rifampicin,1.0,0.9,0.13,0.72,26,0.35,0.045,14.0,13.936,within horizon
rifampicin,1.0,0.9,0.13,0.72,26,0.5,0.02,15.0,14.1,within horizon
rifampicin,1.0,0.9,0.13,0.72,26,0.65,0.045,14.0,13.936,within horizon
rifampicin,1.0,0.9,0.13,0.72,52,0.35,0.045,26.0,25.636,within horizon
rifampicin,1.0,0.9,0.13,0.72,52,0.5,0.02,26.0,25.8,within horizon
rifampicin,1.0,0.9,0.13,0.72,52,0.65,0.045,26.0,25.636,within horizon
rifampicin,1.0,1.0,0.13,0.8,8,0.35,0.045,5.0,4.882,within horizon
rifampicin,1.0,1.0,0.13,0.8,8,0.5,0.02,6.0,5.046,within horizon
rifampicin,1.0,1.0,0.13,0.8,8,0.65,0.045,5.0,4.882,within horizon
rifampicin,1.0,1.0,0.13,0.8,12,0.35,0.045,7.0,6.682,within horizon
rifampicin,1.0,1.0,0.13,0.8,12,0.5,0.02,7.0,6.846,within horizon
rifampicin,1.0,1.0,0.13,0.8,12,0.65,0.045,7.0,6.682,within horizon
rifampicin,1.0,1.0,0.13,0.8,26,0.35,0.045,13.0,12.982,within horizon
rifampicin,1.0,1.0,0.13,0.8,26,0.5,0.02,14.0,13.146,within horizon
rifampicin,1.0,1.0,0.13,0.8,26,0.65,0.045,13.0,12.982,within horizon
rifampicin,1.0,1.0,0.13,0.8,52,0.35,0.045,25.0,24.682,within horizon
rifampicin,1.0,1.0,0.13,0.8,52,0.5,0.02,25.0,24.846,within horizon
rifampicin,1.0,1.0,0.13,0.8,52,0.65,0.045,25.0,24.682,within horizon
rifampicin,1.0,1.1,0.13,0.88,8,0.35,0.045,5.0,4.154,within horizon
rifampicin,1.0,1.1,0.13,0.88,8,0.5,0.02,5.0,4.319,within horizon
rifampicin,1.0,1.1,0.13,0.88,8,0.65,0.045,5.0,4.154,within horizon
rifampicin,1.0,1.1,0.13,0.88,12,0.35,0.045,6.0,5.954,within horizon
rifampicin,1.0,1.1,0.13,0.88,12,0.5,0.02,7.0,6.119,within horizon
rifampicin,1.0,1.1,0.13,0.88,12,0.65,0.045,6.0,5.954,within horizon
rifampicin,1.0,1.1,0.13,0.88,26,0.35,0.045,13.0,12.254,within horizon
rifampicin,1.0,1.1,0.13,0.88,26,0.5,0.02,13.0,12.419,within horizon
rifampicin,1.0,1.1,0.13,0.88,26,0.65,0.045,13.0,12.254,within horizon
rifampicin,1.0,1.1,0.13,0.88,52,0.35,0.045,24.0,23.954,within horizon
rifampicin,1.0,1.1,0.13,0.88,52,0.5,0.02,25.0,24.119,within horizon
rifampicin,1.0,1.1,0.13,0.88,52,0.65,0.045,24.0,23.954,within horizon
rifampicin,1.0,1.2,0.13,0.96,8,0.35,0.045,4.0,3.566,within horizon
rifampicin,1.0,1.2,0.13,0.96,8,0.5,0.02,4.0,3.731,within horizon
rifampicin,1.0,1.2,0.13,0.96,8,0.65,0.045,4.0,3.566,within horizon
rifampicin,1.0,1.2,0.13,0.96,12,0.35,0.045,6.0,5.366,within horizon
rifampicin,1.0,1.2,0.13,0.96,12,0.5,0.02,6.0,5.531,within horizon
rifampicin,1.0,1.2,0.13,0.96,12,0.65,0.045,6.0,5.366,within horizon
rifampicin,1.0,1.2,0.13,0.96,26,0.35,0.045,12.0,11.666,within horizon
rifampicin,1.0,1.2,0.13,0.96,26,0.5,0.02,12.0,11.831,within horizon
rifampicin,1.0,1.2,0.13,0.96,26,0.65,0.045,12.0,11.666,within horizon
rifampicin,1.0,1.2,0.13,0.96,52,0.35,0.045,24.0,23.366,within horizon
rifampicin,1.0,1.2,0.13,0.96,52,0.5,0.02,24.0,23.531,within horizon
rifampicin,1.0,1.2,0.13,0.96,52,0.65,0.045,24.0,23.366,within horizon
rifampicin,1.0,1.3,0.13,1.0,8,0.35,0.045,4.0,3.31,within horizon
rifampicin,1.0,1.3,0.13,1.0,8,0.5,0.02,4.0,3.474,within horizon
rifampicin,1.0,1.3,0.13,1.0,8,0.65,0.045,4.0,3.31,within horizon
rifampicin,1.0,1.3,0.13,1.0,12,0.35,0.045,6.0,5.11,within horizon
rifampicin,1.0,1.3,0.13,1.0,12,0.5,0.02,6.0,5.274,within horizon
rifampicin,1.0,1.3,0.13,1.0,12,0.65,0.045,6.0,5.11,within horizon
rifampicin,1.0,1.3,0.13,1.0,26,0.35,0.045,12.0,11.41,within horizon
rifampicin,1.0,1.3,0.13,1.0,26,0.5,0.02,12.0,11.574,within horizon
rifampicin,1.0,1.3,0.13,1.0,26,0.65,0.045,12.0,11.41,within horizon
rifampicin,1.0,1.3,0.13,1.0,52,0.35,0.045,24.0,23.11,within horizon
rifampicin,1.0,1.3,0.13,1.0,52,0.5,0.02,24.0,23.274,within horizon
rifampicin,1.0,1.3,0.13,1.0,52,0.65,0.045,24.0,23.11,within horizon
rifampicin,1.1,0.7,0.143,0.56,8,0.35,0.045,,9.267,after horizon
rifampicin,1.1,0.7,0.143,0.56,8,0.5,0.02,,9.417,after horizon
rifampicin,1.1,0.7,0.143,0.56,8,0.65,0.045,,9.267,after horizon
rifampicin,1.1,0.7,0.143,0.56,12,0.35,0.045,12.0,11.067,within horizon
rifampicin,1.1,0.7,0.143,0.56,12,0.5,0.02,12.0,11.217,within horizon
rifampicin,1.1,0.7,0.143,0.56,12,0.65,0.045,12.0,11.067,within horizon
rifampicin,1.1,0.7,0.143,0.56,26,0.35,0.045,18.0,17.367,within horizon
rifampicin,1.1,0.7,0.143,0.56,26,0.5,0.02,18.0,17.517,within horizon
rifampicin,1.1,0.7,0.143,0.56,26,0.65,0.045,18.0,17.367,within horizon
rifampicin,1.1,0.7,0.143,0.56,52,0.35,0.045,30.0,29.067,within horizon
rifampicin,1.1,0.7,0.143,0.56,52,0.5,0.02,30.0,29.217,within horizon
rifampicin,1.1,0.7,0.143,0.56,52,0.65,0.045,30.0,29.067,within horizon
rifampicin,1.1,0.8,0.143,0.64,8,0.35,0.045,7.0,6.897,within horizon
rifampicin,1.1,0.8,0.143,0.64,8,0.5,0.02,8.0,7.047,within horizon
rifampicin,1.1,0.8,0.143,0.64,8,0.65,0.045,7.0,6.897,within horizon
rifampicin,1.1,0.8,0.143,0.64,12,0.35,0.045,9.0,8.697,within horizon
rifampicin,1.1,0.8,0.143,0.64,12,0.5,0.02,9.0,8.847,within horizon
rifampicin,1.1,0.8,0.143,0.64,12,0.65,0.045,9.0,8.697,within horizon
rifampicin,1.1,0.8,0.143,0.64,26,0.35,0.045,15.0,14.997,within horizon
rifampicin,1.1,0.8,0.143,0.64,26,0.5,0.02,16.0,15.147,within horizon
rifampicin,1.1,0.8,0.143,0.64,26,0.65,0.045,15.0,14.997,within horizon
rifampicin,1.1,0.8,0.143,0.64,52,0.35,0.045,27.0,26.697,within horizon
rifampicin,1.1,0.8,0.143,0.64,52,0.5,0.02,27.0,26.847,within horizon
rifampicin,1.1,0.8,0.143,0.64,52,0.65,0.045,27.0,26.697,within horizon
rifampicin,1.1,0.9,0.143,0.72,8,0.35,0.045,6.0,5.633,within horizon
rifampicin,1.1,0.9,0.143,0.72,8,0.5,0.02,6.0,5.782,within horizon
rifampicin,1.1,0.9,0.143,0.72,8,0.65,0.045,6.0,5.633,within horizon
rifampicin,1.1,0.9,0.143,0.72,12,0.35,0.045,8.0,7.433,within horizon
rifampicin,1.1,0.9,0.143,0.72,12,0.5,0.02,8.0,7.582,within horizon
rifampicin,1.1,0.9,0.143,0.72,12,0.65,0.045,8.0,7.433,within horizon
rifampicin,1.1,0.9,0.143,0.72,26,0.35,0.045,14.0,13.733,within horizon
rifampicin,1.1,0.9,0.143,0.72,26,0.5,0.02,14.0,13.882,within horizon
rifampicin,1.1,0.9,0.143,0.72,26,0.65,0.045,14.0,13.733,within horizon
rifampicin,1.1,0.9,0.143,0.72,52,0.35,0.045,26.0,25.433,within horizon
rifampicin,1.1,0.9,0.143,0.72,52,0.5,0.02,26.0,25.582,within horizon
rifampicin,1.1,0.9,0.143,0.72,52,0.65,0.045,26.0,25.433,within horizon
rifampicin,1.1,1.0,0.143,0.8,8,0.35,0.045,5.0,4.765,within horizon
rifampicin,1.1,1.0,0.143,0.8,8,0.5,0.02,5.0,4.915,within horizon
rifampicin,1.1,1.0,0.143,0.8,8,0.65,0.045,5.0,4.765,within horizon
rifampicin,1.1,1.0,0.143,0.8,12,0.35,0.045,7.0,6.565,within horizon
rifampicin,1.1,1.0,0.143,0.8,12,0.5,0.02,7.0,6.715,within horizon
rifampicin,1.1,1.0,0.143,0.8,12,0.65,0.045,7.0,6.565,within horizon
rifampicin,1.1,1.0,0.143,0.8,26,0.35,0.045,13.0,12.865,within horizon
rifampicin,1.1,1.0,0.143,0.8,26,0.5,0.02,14.0,13.015,within horizon
rifampicin,1.1,1.0,0.143,0.8,26,0.65,0.045,13.0,12.865,within horizon
rifampicin,1.1,1.0,0.143,0.8,52,0.35,0.045,25.0,24.565,within horizon
rifampicin,1.1,1.0,0.143,0.8,52,0.5,0.02,25.0,24.715,within horizon
rifampicin,1.1,1.0,0.143,0.8,52,0.65,0.045,25.0,24.565,within horizon
rifampicin,1.1,1.1,0.143,0.88,8,0.35,0.045,5.0,4.104,within horizon
rifampicin,1.1,1.1,0.143,0.88,8,0.5,0.02,5.0,4.253,within horizon
rifampicin,1.1,1.1,0.143,0.88,8,0.65,0.045,5.0,4.104,within horizon
rifampicin,1.1,1.1,0.143,0.88,12,0.35,0.045,6.0,5.904,within horizon
rifampicin,1.1,1.1,0.143,0.88,12,0.5,0.02,7.0,6.053,within horizon
rifampicin,1.1,1.1,0.143,0.88,12,0.65,0.045,6.0,5.904,within horizon
rifampicin,1.1,1.1,0.143,0.88,26,0.35,0.045,13.0,12.204,within horizon
rifampicin,1.1,1.1,0.143,0.88,26,0.5,0.02,13.0,12.353,within horizon
rifampicin,1.1,1.1,0.143,0.88,26,0.65,0.045,13.0,12.204,within horizon
rifampicin,1.1,1.1,0.143,0.88,52,0.35,0.045,24.0,23.904,within horizon
rifampicin,1.1,1.1,0.143,0.88,52,0.5,0.02,25.0,24.053,within horizon
rifampicin,1.1,1.1,0.143,0.88,52,0.65,0.045,24.0,23.904,within horizon
rifampicin,1.1,1.2,0.143,0.96,8,0.35,0.045,4.0,3.569,within horizon
rifampicin,1.1,1.2,0.143,0.96,8,0.5,0.02,4.0,3.719,within horizon
rifampicin,1.1,1.2,0.143,0.96,8,0.65,0.045,4.0,3.569,within horizon
rifampicin,1.1,1.2,0.143,0.96,12,0.35,0.045,6.0,5.369,within horizon
rifampicin,1.1,1.2,0.143,0.96,12,0.5,0.02,6.0,5.519,within horizon
rifampicin,1.1,1.2,0.143,0.96,12,0.65,0.045,6.0,5.369,within horizon
rifampicin,1.1,1.2,0.143,0.96,26,0.35,0.045,12.0,11.669,within horizon
rifampicin,1.1,1.2,0.143,0.96,26,0.5,0.02,12.0,11.819,within horizon
rifampicin,1.1,1.2,0.143,0.96,26,0.65,0.045,12.0,11.669,within horizon
rifampicin,1.1,1.2,0.143,0.96,52,0.35,0.045,24.0,23.369,within horizon
rifampicin,1.1,1.2,0.143,0.96,52,0.5,0.02,24.0,23.519,within horizon
rifampicin,1.1,1.2,0.143,0.96,52,0.65,0.045,24.0,23.369,within horizon
rifampicin,1.1,1.3,0.143,1.0,8,0.35,0.045,4.0,3.336,within horizon
rifampicin,1.1,1.3,0.143,1.0,8,0.5,0.02,4.0,3.486,within horizon
rifampicin,1.1,1.3,0.143,1.0,8,0.65,0.045,4.0,3.336,within horizon
rifampicin,1.1,1.3,0.143,1.0,12,0.35,0.045,6.0,5.136,within horizon
rifampicin,1.1,1.3,0.143,1.0,12,0.5,0.02,6.0,5.286,within horizon
rifampicin,1.1,1.3,0.143,1.0,12,0.65,0.045,6.0,5.136,within horizon
rifampicin,1.1,1.3,0.143,1.0,26,0.35,0.045,12.0,11.436,within horizon
rifampicin,1.1,1.3,0.143,1.0,26,0.5,0.02,12.0,11.586,within horizon
rifampicin,1.1,1.3,0.143,1.0,26,0.65,0.045,12.0,11.436,within horizon
rifampicin,1.1,1.3,0.143,1.0,52,0.35,0.045,24.0,23.136,within horizon
rifampicin,1.1,1.3,0.143,1.0,52,0.5,0.02,24.0,23.286,within horizon
rifampicin,1.1,1.3,0.143,1.0,52,0.65,0.045,24.0,23.136,within horizon
rifampicin,1.2,0.7,0.156,0.56,8,0.35,0.045,,8.795,after horizon
rifampicin,1.2,0.7,0.156,0.56,8,0.5,0.02,,8.932,after horizon
rifampicin,1.2,0.7,0.156,0.56,8,0.65,0.045,,8.795,after horizon
rifampicin,1.2,0.7,0.156,0.56,12,0.35,0.045,11.0,10.595,within horizon
rifampicin,1.2,0.7,0.156,0.56,12,0.5,0.02,11.0,10.732,within horizon
rifampicin,1.2,0.7,0.156,0.56,12,0.65,0.045,11.0,10.595,within horizon
rifampicin,1.2,0.7,0.156,0.56,26,0.35,0.045,17.0,16.895,within horizon
rifampicin,1.2,0.7,0.156,0.56,26,0.5,0.02,18.0,17.032,within horizon
rifampicin,1.2,0.7,0.156,0.56,26,0.65,0.045,17.0,16.895,within horizon
rifampicin,1.2,0.7,0.156,0.56,52,0.35,0.045,29.0,28.595,within horizon
rifampicin,1.2,0.7,0.156,0.56,52,0.5,0.02,29.0,28.732,within horizon
rifampicin,1.2,0.7,0.156,0.56,52,0.65,0.045,29.0,28.595,within horizon
rifampicin,1.2,0.8,0.156,0.64,8,0.35,0.045,7.0,6.622,within horizon
rifampicin,1.2,0.8,0.156,0.64,8,0.5,0.02,7.0,6.759,within horizon
rifampicin,1.2,0.8,0.156,0.64,8,0.65,0.045,7.0,6.622,within horizon
rifampicin,1.2,0.8,0.156,0.64,12,0.35,0.045,9.0,8.422,within horizon
rifampicin,1.2,0.8,0.156,0.64,12,0.5,0.02,9.0,8.559,within horizon
rifampicin,1.2,0.8,0.156,0.64,12,0.65,0.045,9.0,8.422,within horizon
rifampicin,1.2,0.8,0.156,0.64,26,0.35,0.045,15.0,14.722,within horizon
rifampicin,1.2,0.8,0.156,0.64,26,0.5,0.02,15.0,14.859,within horizon
rifampicin,1.2,0.8,0.156,0.64,26,0.65,0.045,15.0,14.722,within horizon
rifampicin,1.2,0.8,0.156,0.64,52,0.35,0.045,27.0,26.422,within horizon
rifampicin,1.2,0.8,0.156,0.64,52,0.5,0.02,27.0,26.559,within horizon
rifampicin,1.2,0.8,0.156,0.64,52,0.65,0.045,27.0,26.422,within horizon
rifampicin,1.2,0.9,0.156,0.72,8,0.35,0.045,6.0,5.463,within horizon
rifampicin,1.2,0.9,0.156,0.72,8,0.5,0.02,6.0,5.6,within horizon
rifampicin,1.2,0.9,0.156,0.72,8,0.65,0.045,6.0,5.463,within horizon
rifampicin,1.2,0.9,0.156,0.72,12,0.35,0.045,8.0,7.263,within horizon
rifampicin,1.2,0.9,0.156,0.72,12,0.5,0.02,8.0,7.4,within horizon
rifampicin,1.2,0.9,0.156,0.72,12,0.65,0.045,8.0,7.263,within horizon
rifampicin,1.2,0.9,0.156,0.72,26,0.35,0.045,14.0,13.563,within horizon
rifampicin,1.2,0.9,0.156,0.72,26,0.5,0.02,14.0,13.7,within horizon
rifampicin,1.2,0.9,0.156,0.72,26,0.65,0.045,14.0,13.563,within horizon
rifampicin,1.2,0.9,0.156,0.72,52,0.35,0.045,26.0,25.263,within horizon
rifampicin,1.2,0.9,0.156,0.72,52,0.5,0.02,26.0,25.4,within horizon
rifampicin,1.2,0.9,0.156,0.72,52,0.65,0.045,26.0,25.263,within horizon
rifampicin,1.2,1.0,0.156,0.8,8,0.35,0.045,5.0,4.668,within horizon
rifampicin,1.2,1.0,0.156,0.8,8,0.5,0.02,5.0,4.805,within horizon
rifampicin,1.2,1.0,0.156,0.8,8,0.65,0.045,5.0,4.668,within horizon
rifampicin,1.2,1.0,0.156,0.8,12,0.35,0.045,7.0,6.468,within horizon
rifampicin,1.2,1.0,0.156,0.8,12,0.5,0.02,7.0,6.605,within horizon
rifampicin,1.2,1.0,0.156,0.8,12,0.65,0.045,7.0,6.468,within horizon
rifampicin,1.2,1.0,0.156,0.8,26,0.35,0.045,13.0,12.768,within horizon
rifampicin,1.2,1.0,0.156,0.8,26,0.5,0.02,13.0,12.905,within horizon
rifampicin,1.2,1.0,0.156,0.8,26,0.65,0.045,13.0,12.768,within horizon
rifampicin,1.2,1.0,0.156,0.8,52,0.35,0.045,25.0,24.468,within horizon
rifampicin,1.2,1.0,0.156,0.8,52,0.5,0.02,25.0,24.605,within horizon
rifampicin,1.2,1.0,0.156,0.8,52,0.65,0.045,25.0,24.468,within horizon
rifampicin,1.2,1.1,0.156,0.88,8,0.35,0.045,5.0,4.062,within horizon
rifampicin,1.2,1.1,0.156,0.88,8,0.5,0.02,5.0,4.199,within horizon
rifampicin,1.2,1.1,0.156,0.88,8,0.65,0.045,5.0,4.062,within horizon
rifampicin,1.2,1.1,0.156,0.88,12,0.35,0.045,6.0,5.862,within horizon
rifampicin,1.2,1.1,0.156,0.88,12,0.5,0.02,6.0,5.999,within horizon
rifampicin,1.2,1.1,0.156,0.88,12,0.65,0.045,6.0,5.862,within horizon
rifampicin,1.2,1.1,0.156,0.88,26,0.35,0.045,13.0,12.162,within horizon
rifampicin,1.2,1.1,0.156,0.88,26,0.5,0.02,13.0,12.299,within horizon
rifampicin,1.2,1.1,0.156,0.88,26,0.65,0.045,13.0,12.162,within horizon
rifampicin,1.2,1.1,0.156,0.88,52,0.35,0.045,24.0,23.862,within horizon
rifampicin,1.2,1.1,0.156,0.88,52,0.5,0.02,24.0,23.999,within horizon
rifampicin,1.2,1.1,0.156,0.88,52,0.65,0.045,24.0,23.862,within horizon
rifampicin,1.2,1.2,0.156,0.96,8,0.35,0.045,4.0,3.572,within horizon
rifampicin,1.2,1.2,0.156,0.96,8,0.5,0.02,4.0,3.709,within horizon
rifampicin,1.2,1.2,0.156,0.96,8,0.65,0.045,4.0,3.572,within horizon
rifampicin,1.2,1.2,0.156,0.96,12,0.35,0.045,6.0,5.372,within horizon
rifampicin,1.2,1.2,0.156,0.96,12,0.5,0.02,6.0,5.509,within horizon
rifampicin,1.2,1.2,0.156,0.96,12,0.65,0.045,6.0,5.372,within horizon
rifampicin,1.2,1.2,0.156,0.96,26,0.35,0.045,12.0,11.672,within horizon
rifampicin,1.2,1.2,0.156,0.96,26,0.5,0.02,12.0,11.809,within horizon
rifampicin,1.2,1.2,0.156,0.96,26,0.65,0.045,12.0,11.672,within horizon
rifampicin,1.2,1.2,0.156,0.96,52,0.35,0.045,24.0,23.372,within horizon
rifampicin,1.2,1.2,0.156,0.96,52,0.5,0.02,24.0,23.509,within horizon
rifampicin,1.2,1.2,0.156,0.96,52,0.65,0.045,24.0,23.372,within horizon
rifampicin,1.2,1.3,0.156,1.0,8,0.35,0.045,4.0,3.358,within horizon
rifampicin,1.2,1.3,0.156,1.0,8,0.5,0.02,4.0,3.495,within horizon
rifampicin,1.2,1.3,0.156,1.0,8,0.65,0.045,4.0,3.358,within horizon
rifampicin,1.2,1.3,0.156,1.0,12,0.35,0.045,6.0,5.158,within horizon
rifampicin,1.2,1.3,0.156,1.0,12,0.5,0.02,6.0,5.295,within horizon
rifampicin,1.2,1.3,0.156,1.0,12,0.65,0.045,6.0,5.158,within horizon
rifampicin,1.2,1.3,0.156,1.0,26,0.35,0.045,12.0,11.458,within horizon
rifampicin,1.2,1.3,0.156,1.0,26,0.5,0.02,12.0,11.595,within horizon
rifampicin,1.2,1.3,0.156,1.0,26,0.65,0.045,12.0,11.458,within horizon
rifampicin,1.2,1.3,0.156,1.0,52,0.35,0.045,24.0,23.158,within horizon
rifampicin,1.2,1.3,0.156,1.0,52,0.5,0.02,24.0,23.295,within horizon
rifampicin,1.2,1.3,0.156,1.0,52,0.65,0.045,24.0,23.158,within horizon
rifampicin,1.3,0.7,0.169,0.56,8,0.35,0.045,,8.395,after horizon
rifampicin,1.3,0.7,0.169,0.56,8,0.5,0.02,,8.522,after horizon
rifampicin,1.3,0.7,0.169,0.56,8,0.65,0.045,,8.395,after horizon
rifampicin,1.3,0.7,0.169,0.56,12,0.35,0.045,11.0,10.195,within horizon
rifampicin,1.3,0.7,0.169,0.56,12,0.5,0.02,11.0,10.322,within horizon
rifampicin,1.3,0.7,0.169,0.56,12,0.65,0.045,11.0,10.195,within horizon
rifampicin,1.3,0.7,0.169,0.56,26,0.35,0.045,17.0,16.495,within horizon
rifampicin,1.3,0.7,0.169,0.56,26,0.5,0.02,17.0,16.622,within horizon
rifampicin,1.3,0.7,0.169,0.56,26,0.65,0.045,17.0,16.495,within horizon
rifampicin,1.3,0.7,0.169,0.56,52,0.35,0.045,29.0,28.195,within horizon
rifampicin,1.3,0.7,0.169,0.56,52,0.5,0.02,29.0,28.322,within horizon
rifampicin,1.3,0.7,0.169,0.56,52,0.65,0.045,29.0,28.195,within horizon
rifampicin,1.3,0.8,0.169,0.64,8,0.35,0.045,7.0,6.39,within horizon
rifampicin,1.3,0.8,0.169,0.64,8,0.5,0.02,7.0,6.516,within horizon
rifampicin,1.3,0.8,0.169,0.64,8,0.65,0.045,7.0,6.39,within horizon
rifampicin,1.3,0.8,0.169,0.64,12,0.35,0.045,9.0,8.19,within horizon
rifampicin,1.3,0.8,0.169,0.64,12,0.5,0.02,9.0,8.316,within horizon
rifampicin,1.3,0.8,0.169,0.64,12,0.65,0.045,9.0,8.19,within horizon
rifampicin,1.3,0.8,0.169,0.64,26,0.35,0.045,15.0,14.49,within horizon
rifampicin,1.3,0.8,0.169,0.64,26,0.5,0.02,15.0,14.616,within horizon
rifampicin,1.3,0.8,0.169,0.64,26,0.65,0.045,15.0,14.49,within horizon
rifampicin,1.3,0.8,0.169,0.64,52,0.35,0.045,27.0,26.19,within horizon
rifampicin,1.3,0.8,0.169,0.64,52,0.5,0.02,27.0,26.316,within horizon
rifampicin,1.3,0.8,0.169,0.64,52,0.65,0.045,27.0,26.19,within horizon
rifampicin,1.3,0.9,0.169,0.72,8,0.35,0.045,6.0,5.32,within horizon
rifampicin,1.3,0.9,0.169,0.72,8,0.5,0.02,6.0,5.447,within horizon
rifampicin,1.3,0.9,0.169,0.72,8,0.65,0.045,6.0,5.32,within horizon
rifampicin,1.3,0.9,0.169,0.72,12,0.35,0.045,8.0,7.12,within horizon
rifampicin,1.3,0.9,0.169,0.72,12,0.5,0.02,8.0,7.247,within horizon
rifampicin,1.3,0.9,0.169,0.72,12,0.65,0.045,8.0,7.12,within horizon
rifampicin,1.3,0.9,0.169,0.72,26,0.35,0.045,14.0,13.42,within horizon
rifampicin,1.3,0.9,0.169,0.72,26,0.5,0.02,14.0,13.547,within horizon
rifampicin,1.3,0.9,0.169,0.72,26,0.65,0.045,14.0,13.42,within horizon
rifampicin,1.3,0.9,0.169,0.72,52,0.35,0.045,26.0,25.12,within horizon
rifampicin,1.3,0.9,0.169,0.72,52,0.5,0.02,26.0,25.247,within horizon
rifampicin,1.3,0.9,0.169,0.72,52,0.65,0.045,26.0,25.12,within horizon
rifampicin,1.3,1.0,0.169,0.8,8,0.35,0.045,5.0,4.586,within horizon
rifampicin,1.3,1.0,0.169,0.8,8,0.5,0.02,5.0,4.712,within horizon
rifampicin,1.3,1.0,0.169,0.8,8,0.65,0.045,5.0,4.586,within horizon
rifampicin,1.3,1.0,0.169,0.8,12,0.35,0.045,7.0,6.386,within horizon
rifampicin,1.3,1.0,0.169,0.8,12,0.5,0.02,7.0,6.512,within horizon
rifampicin,1.3,1.0,0.169,0.8,12,0.65,0.045,7.0,6.386,within horizon
rifampicin,1.3,1.0,0.169,0.8,26,0.35,0.045,13.0,12.686,within horizon
rifampicin,1.3,1.0,0.169,0.8,26,0.5,0.02,13.0,12.812,within horizon
rifampicin,1.3,1.0,0.169,0.8,26,0.65,0.045,13.0,12.686,within horizon
rifampicin,1.3,1.0,0.169,0.8,52,0.35,0.045,25.0,24.386,within horizon
rifampicin,1.3,1.0,0.169,0.8,52,0.5,0.02,25.0,24.512,within horizon
rifampicin,1.3,1.0,0.169,0.8,52,0.65,0.045,25.0,24.386,within horizon
rifampicin,1.3,1.1,0.169,0.88,8,0.35,0.045,5.0,4.026,within horizon
rifampicin,1.3,1.1,0.169,0.88,8,0.5,0.02,5.0,4.153,within horizon
rifampicin,1.3,1.1,0.169,0.88,8,0.65,0.045,5.0,4.026,within horizon
rifampicin,1.3,1.1,0.169,0.88,12,0.35,0.045,6.0,5.826,within horizon
rifampicin,1.3,1.1,0.169,0.88,12,0.5,0.02,6.0,5.953,within horizon
rifampicin,1.3,1.1,0.169,0.88,12,0.65,0.045,6.0,5.826,within horizon
rifampicin,1.3,1.1,0.169,0.88,26,0.35,0.045,13.0,12.126,within horizon
rifampicin,1.3,1.1,0.169,0.88,26,0.5,0.02,13.0,12.253,within horizon
rifampicin,1.3,1.1,0.169,0.88,26,0.65,0.045,13.0,12.126,within horizon
rifampicin,1.3,1.1,0.169,0.88,52,0.35,0.045,24.0,23.826,within horizon
rifampicin,1.3,1.1,0.169,0.88,52,0.5,0.02,24.0,23.953,within horizon
rifampicin,1.3,1.1,0.169,0.88,52,0.65,0.045,24.0,23.826,within horizon
rifampicin,1.3,1.2,0.169,0.96,8,0.35,0.045,4.0,3.574,within horizon
rifampicin,1.3,1.2,0.169,0.96,8,0.5,0.02,4.0,3.701,within horizon
rifampicin,1.3,1.2,0.169,0.96,8,0.65,0.045,4.0,3.574,within horizon
rifampicin,1.3,1.2,0.169,0.96,12,0.35,0.045,6.0,5.374,within horizon
rifampicin,1.3,1.2,0.169,0.96,12,0.5,0.02,6.0,5.501,within horizon
rifampicin,1.3,1.2,0.169,0.96,12,0.65,0.045,6.0,5.374,within horizon
rifampicin,1.3,1.2,0.169,0.96,26,0.35,0.045,12.0,11.674,within horizon
rifampicin,1.3,1.2,0.169,0.96,26,0.5,0.02,12.0,11.801,within horizon
rifampicin,1.3,1.2,0.169,0.96,26,0.65,0.045,12.0,11.674,within horizon
rifampicin,1.3,1.2,0.169,0.96,52,0.35,0.045,24.0,23.374,within horizon
rifampicin,1.3,1.2,0.169,0.96,52,0.5,0.02,24.0,23.501,within horizon
rifampicin,1.3,1.2,0.169,0.96,52,0.65,0.045,24.0,23.374,within horizon
rifampicin,1.3,1.3,0.169,1.0,8,0.35,0.045,4.0,3.377,within horizon
rifampicin,1.3,1.3,0.169,1.0,8,0.5,0.02,4.0,3.503,within horizon
rifampicin,1.3,1.3,0.169,1.0,8,0.65,0.045,4.0,3.377,within horizon
rifampicin,1.3,1.3,0.169,1.0,12,0.35,0.045,6.0,5.177,within horizon
rifampicin,1.3,1.3,0.169,1.0,12,0.5,0.02,6.0,5.303,within horizon
rifampicin,1.3,1.3,0.169,1.0,12,0.65,0.045,6.0,5.177,within horizon
rifampicin,1.3,1.3,0.169,1.0,26,0.35,0.045,12.0,11.477,within horizon
rifampicin,1.3,1.3,0.169,1.0,26,0.5,0.02,12.0,11.603,within horizon
rifampicin,1.3,1.3,0.169,1.0,26,0.65,0.045,12.0,11.477,within horizon
rifampicin,1.3,1.3,0.169,1.0,52,0.35,0.045,24.0,23.177,within horizon
rifampicin,1.3,1.3,0.169,1.0,52,0.5,0.02,24.0,23.303,within horizon
rifampicin,1.3,1.3,0.169,1.0,52,0.65,0.045,24.0,23.177,within horizon
default,0.7,0.7,0.105,0.56,8,0.35,0.045,,11.318,after horizon
default,0.7,0.7,0.105,0.56,8,0.5,0.02,,11.522,after horizon
default,0.7,0.7,0.105,0.56,8,0.65,0.045,,11.318,after horizon
default,0.7,0.7,0.105,0.56,12,0.35,0.045,,13.118,after horizon
default,0.7,0.7,0.105,0.56,12,0.5,0.02,,13.322,after horizon
default,0.7,0.7,0.105,0.56,12,0.65,0.045,,13.118,after horizon
default,0.7,0.7,0.105,0.56,26,0.35,0.045,20.0,19.418,within horizon
default,0.7,0.7,0.105,0.56,26,0.5,0.02,20.0,19.622,within horizon
default,0.7,0.7,0.105,0.56,26,0.65,0.045,20.0,19.418,within horizon
default,0.7,0.7,0.105,0.56,52,0.35,0.045,32.0,31.118,within horizon
default,0.7,0.7,0.105,0.56,52,0.5,0.02,32.0,31.322,within horizon
default,0.7,0.7,0.105,0.56,52,0.65,0.045,32.0,31.118,within horizon
default,0.7,0.8,0.105,0.64,8,0.35,0.045,,8.09,after horizon
default,0.7,0.8,0.105,0.64,8,0.5,0.02,,8.294,after horizon
default,0.7,0.8,0.105,0.64,8,0.65,0.045,,8.09,after horizon
default,0.7,0.8,0.105,0.64,12,0.35,0.045,10.0,9.89,within horizon
default,0.7,0.8,0.105,0.64,12,0.5,0.02,11.0,10.094,within horizon
default,0.7,0.8,0.105,0.64,12,0.65,0.045,10.0,9.89,within horizon
default,0.7,0.8,0.105,0.64,26,0.35,0.045,17.0,16.19,within horizon
default,0.7,0.8,0.105,0.64,26,0.5,0.02,17.0,16.394,within horizon
default,0.7,0.8,0.105,0.64,26,0.65,0.045,17.0,16.19,within horizon
default,0.7,0.8,0.105,0.64,52,0.35,0.045,28.0,27.89,within horizon
default,0.7,0.8,0.105,0.64,52,0.5,0.02,29.0,28.094,within horizon
default,0.7,0.8,0.105,0.64,52,0.65,0.045,28.0,27.89,within horizon
default,0.7,0.9,0.105,0.72,8,0.35,0.045,7.0,6.368,within horizon
default,0.7,0.9,0.105,0.72,8,0.5,0.02,7.0,6.572,within horizon
default,0.7,0.9,0.105,0.72,8,0.65,0.045,7.0,6.368,within horizon
default,0.7,0.9,0.105,0.72,12,0.35,0.045,9.0,8.168,within horizon
default,0.7,0.9,0.105,0.72,12,0.5,0.02,9.0,8.372,within horizon
default,0.7,0.9,0.105,0.72,12,0.65,0.045,9.0,8.168,within horizon
default,0.7,0.9,0.105,0.72,26,0.35,0.045,15.0,14.468,within horizon
default,0.7,0.9,0.105,0.72,26,0.5,0.02,15.0,14.672,within horizon
default,0.7,0.9,0.105,0.72,26,0.65,0.045,15.0,14.468,within horizon
default,0.7,0.9,0.105,0.72,52,0.35,0.045,27.0,26.168,within horizon
default,0.7,0.9,0.105,0.72,52,0.5,0.02,27.0,26.372,within horizon
default,0.7,0.9,0.105,0.72,52,0.65,0.045,27.0,26.168,within horizon
default,0.7,1.0,0.105,0.8,8,0.35,0.045,6.0,5.187,within horizon
default,0.7,1.0,0.105,0.8,8,0.5,0.02,6.0,5.39,within horizon
default,0.7,1.0,0.105,0.8,8,0.65,0.045,6.0,5.187,within horizon
default,0.7,1.0,0.105,0.8,12,0.35,0.045,7.0,6.987,within horizon
default,0.7,1.0,0.105,0.8,12,0.5,0.02,8.0,7.19,within horizon
default,0.7,1.0,0.105,0.8,12,0.65,0.045,7.0,6.987,within horizon
default,0.7,1.0,0.105,0.8,26,0.35,0.045,14.0,13.287,within horizon
default,0.7,1.0,0.105,0.8,26,0.5,0.02,14.0,13.49,within horizon
default,0.7,1.0,0.105,0.8,26,0.65,0.045,14.0,13.287,within horizon
default,0.7,1.0,0.105,0.8,52,0.35,0.045,25.0,24.987,within horizon
default,0.7,1.0,0.105,0.8,52,0.5,0.02,26.0,25.19,within horizon
default,0.7,1.0,0.105,0.8,52,0.65,0.045,25.0,24.987,within horizon
default,0.7,1.1,0.105,0.88,8,0.35,0.045,5.0,4.286,within horizon
default,0.7,1.1,0.105,0.88,8,0.5,0.02,5.0,4.49,within horizon
default,0.7,1.1,0.105,0.88,8,0.65,0.045,5.0,4.286,within horizon
default,0.7,1.1,0.105,0.88,12,0.35,0.045,7.0,6.086,within horizon
default,0.7,1.1,0.105,0.88,12,0.5,0.02,7.0,6.29,within horizon
default,0.7,1.1,0.105,0.88,12,0.65,0.045,7.0,6.086,within horizon
default,0.7,1.1,0.105,0.88,26,0.35,0.045,13.0,12.386,within horizon
default,0.7,1.1,0.105,0.88,26,0.5,0.02,13.0,12.59,within horizon
default,0.7,1.1,0.105,0.88,26,0.65,0.045,13.0,12.386,within horizon
default,0.7,1.1,0.105,0.88,52,0.35,0.045,25.0,24.086,within horizon
default,0.7,1.1,0.105,0.88,52,0.5,0.02,25.0,24.29,within horizon
default,0.7,1.1,0.105,0.88,52,0.65,0.045,25.0,24.086,within horizon
default,0.7,1.2,0.105,0.96,8,0.35,0.045,4.0,3.558,within horizon
default,0.7,1.2,0.105,0.96,8,0.5,0.02,4.0,3.762,within horizon
default,0.7,1.2,0.105,0.96,8,0.65,0.045,4.0,3.558,within horizon
default,0.7,1.2,0.105,0.96,12,0.35,0.045,6.0,5.358,within horizon
default,0.7,1.2,0.105,0.96,12,0.5,0.02,6.0,5.562,within horizon
default,0.7,1.2,0.105,0.96,12,0.65,0.045,6.0,5.358,within horizon
default,0.7,1.2,0.105,0.96,26,0.35,0.045,12.0,11.658,within horizon
default,0.7,1.2,0.105,0.96,26,0.5,0.02,12.0,11.862,within horizon
default,0.7,1.2,0.105,0.96,26,0.65,0.045,12.0,11.658,within horizon
default,0.7,1.2,0.105,0.96,52,0.35,0.045,24.0,23.358,within horizon
default,0.7,1.2,0.105,0.96,52,0.5,0.02,24.0,23.562,within horizon
default,0.7,1.2,0.105,0.96,52,0.65,0.045,24.0,23.358,within horizon
default,0.7,1.3,0.105,1.0,8,0.35,0.045,4.0,3.241,within horizon
default,0.7,1.3,0.105,1.0,8,0.5,0.02,4.0,3.444,within horizon
default,0.7,1.3,0.105,1.0,8,0.65,0.045,4.0,3.241,within horizon
default,0.7,1.3,0.105,1.0,12,0.35,0.045,6.0,5.041,within horizon
default,0.7,1.3,0.105,1.0,12,0.5,0.02,6.0,5.244,within horizon
default,0.7,1.3,0.105,1.0,12,0.65,0.045,6.0,5.041,within horizon
default,0.7,1.3,0.105,1.0,26,0.35,0.045,12.0,11.341,within horizon
default,0.7,1.3,0.105,1.0,26,0.5,0.02,12.0,11.544,within horizon
default,0.7,1.3,0.105,1.0,26,0.65,0.045,12.0,11.341,within horizon
default,0.7,1.3,0.105,1.0,52,0.35,0.045,24.0,23.041,within horizon
default,0.7,1.3,0.105,1.0,52,0.5,0.02,24.0,23.244,within horizon
default,0.7,1.3,0.105,1.0,52,0.65,0.045,24.0,23.041,within horizon
default,0.8,0.7,0.12,0.56,8,0.35,0.045,,10.353,after horizon
default,0.8,0.7,0.12,0.56,8,0.5,0.02,,10.531,after horizon
default,0.8,0.7,0.12,0.56,8,0.65,0.045,,10.353,after horizon
default,0.8,0.7,0.12,0.56,12,0.35,0.045,,12.153,after horizon
default,0.8,0.7,0.12,0.56,12,0.5,0.02,,12.331,after horizon
default,0.8,0.7,0.12,0.56,12,0.65,0.045,,12.153,after horizon
default,0.8,0.7,0.12,0.56,26,0.35,0.045,19.0,18.453,within horizon
default,0.8,0.7,0.12,0.56,26,0.5,0.02,19.0,18.631,within horizon
default,0.8,0.7,0.12,0.56,26,0.65,0.045,19.0,18.453,within horizon
default,0.8,0.7,0.12,0.56,52,0.35,0.045,31.0,30.153,within horizon
default,0.8,0.7,0.12,0.56,52,0.5,0.02,31.0,30.331,within horizon
default,0.8,0.7,0.12,0.56,52,0.65,0.045,31.0,30.153,within horizon
default,0.8,0.8,0.12,0.64,8,0.35,0.045,8.0,7.529,within horizon
default,0.8,0.8,0.12,0.64,8,0.5,0.02,8.0,7.707,within horizon
default,0.8,0.8,0.12,0.64,8,0.65,0.045,8.0,7.529,within horizon
default,0.8,0.8,0.12,0.64,12,0.35,0.045,10.0,9.329,within horizon
default,0.8,0.8,0.12,0.64,12,0.5,0.02,10.0,9.507,within horizon
default,0.8,0.8,0.12,0.64,12,0.65,0.045,10.0,9.329,within horizon
default,0.8,0.8,0.12,0.64,26,0.35,0.045,16.0,15.629,within horizon
default,0.8,0.8,0.12,0.64,26,0.5,0.02,16.0,15.807,within horizon
default,0.8,0.8,0.12,0.64,26,0.65,0.045,16.0,15.629,within horizon
default,0.8,0.8,0.12,0.64,52,0.35,0.045,28.0,27.329,within horizon
default,0.8,0.8,0.12,0.64,52,0.5,0.02,28.0,27.507,within horizon
default,0.8,0.8,0.12,0.64,52,0.65,0.045,28.0,27.329,within horizon
default,0.8,0.9,0.12,0.72,8,0.35,0.045,7.0,6.022,within horizon
default,0.8,0.9,0.12,0.72,8,0.5,0.02,7.0,6.201,within horizon
default,0.8,0.9,0.12,0.72,8,0.65,0.045,7.0,6.022,within horizon
default,0.8,0.9,0.12,0.72,12,0.35,0.045,8.0,7.822,within horizon
default,0.8,0.9,0.12,0.72,12,0.5,0.02,8.0,8.001,within horizon
default,0.8,0.9,0.12,0.72,12,0.65,0.045,8.0,7.822,within horizon
default,0.8,0.9,0.12,0.72,26,0.35,0.045,15.0,14.122,within horizon
default,0.8,0.9,0.12,0.72,26,0.5,0.02,15.0,14.301,within horizon
default,0.8,0.9,0.12,0.72,26,0.65,0.045,15.0,14.122,within horizon
default,0.8,0.9,0.12,0.72,52,0.35,0.045,26.0,25.822,within horizon
default,0.8,0.9,0.12,0.72,52,0.5,0.02,26.0,26.001,within horizon
default,0.8,0.9,0.12,0.72,52,0.65,0.045,26.0,25.822,within horizon
default,0.8,1.0,0.12,0.8,8,0.35,0.045,5.0,4.988,within horizon
default,0.8,1.0,0.12,0.8,8,0.5,0.02,6.0,5.167,within horizon
default,0.8,1.0,0.12,0.8,8,0.65,0.045,5.0,4.988,within horizon
default,0.8,1.0,0.12,0.8,12,0.35,0.045,7.0,6.788,within horizon
default,0.8,1.0,0.12,0.8,12,0.5,0.02,7.0,6.967,within horizon
default,0.8,1.0,0.12,0.8,12,0.65,0.045,7.0,6.788,within horizon
default,0.8,1.0,0.12,0.8,26,0.35,0.045,14.0,13.088,within horizon
default,0.8,1.0,0.12,0.8,26,0.5,0.02,14.0,13.267,within horizon
default,0.8,1.0,0.12,0.8,26,0.65,0.045,14.0,13.088,within horizon
default,0.8,1.0,0.12,0.8,52,0.35,0.045,25.0,24.788,within horizon
default,0.8,1.0,0.12,0.8,52,0.5,0.02,25.0,24.967,within horizon
default,0.8,1.0,0.12,0.8,52,0.65,0.045,25.0,24.788,within horizon
default,0.8,1.1,0.12,0.88,8,0.35,0.045,5.0,4.2,within horizon
default,0.8,1.1,0.12,0.88,8,0.5,0.02,5.0,4.379,within horizon
default,0.8,1.1,0.12,0.88,8,0.65,0.045,5.0,4.2,within horizon
default,0.8,1.1,0.12,0.88,12,0.35,0.045,6.0,6.0,within horizon
default,0.8,1.1,0.12,0.88,12,0.5,0.02,7.0,6.179,within horizon
default,0.8,1.1,0.12,0.88,12,0.65,0.045,6.0,6.0,within horizon
default,0.8,1.1,0.12,0.88,26,0.35,0.045,13.0,12.3,within horizon
default,0.8,1.1,0.12,0.88,26,0.5,0.02,13.0,12.479,within horizon
default,0.8,1.1,0.12,0.88,26,0.65,0.045,13.0,12.3,within horizon
default,0.8,1.1,0.12,0.88,52,0.35,0.045,24.0,24.0,within horizon
default,0.8,1.1,0.12,0.88,52,0.5,0.02,25.0,24.179,within horizon
default,0.8,1.1,0.12,0.88,52,0.65,0.045,24.0,24.0,within horizon
default,0.8,1.2,0.12,0.96,8,0.35,0.045,4.0,3.564,within horizon
default,0.8,1.2,0.12,0.96,8,0.5,0.02,4.0,3.742,within horizon
default,0.8,1.2,0.12,0.96,8,0.65,0.045,4.0,3.564,within horizon
default,0.8,1.2,0.12,0.96,12,0.35,0.045,6.0,5.364,within horizon
default,0.8,1.2,0.12,0.96,12,0.5,0.02,6.0,5.542,within horizon
default,0.8,1.2,0.12,0.96,12,0.65,0.045,6.0,5.364,within horizon
default,0.8,1.2,0.12,0.96,26,0.35,0.045,12.0,11.664,within horizon
default,0.8,1.2,0.12,0.96,26,0.5,0.02,12.0,11.842,within horizon
default,0.8,1.2,0.12,0.96,26,0.65,0.045,12.0,11.664,within horizon
default,0.8,1.2,0.12,0.96,52,0.35,0.045,24.0,23.364,within horizon
default,0.8,1.2,0.12,0.96,52,0.5,0.02,24.0,23.542,within horizon
default,0.8,1.2,0.12,0.96,52,0.65,0.045,24.0,23.364,within horizon
default,0.8,1.3,0.12,1.0,8,0.35,0.045,4.0,3.286,within horizon
default,0.8,1.3,0.12,1.0,8,0.5,0.02,4.0,3.464,within horizon
default,0.8,1.3,0.12,1.0,8,0.65,0.045,4.0,3.286,within horizon
default,0.8,1.3,0.12,1.0,12,0.35,0.045,6.0,5.086,within horizon
default,0.8,1.3,0.12,1.0,12,0.5,0.02,6.0,5.264,within horizon
default,0.8,1.3,0.12,1.0,12,0.65,0.045,6.0,5.086,within horizon
default,0.8,1.3,0.12,1.0,26,0.35,0.045,12.0,11.386,within horizon
default,0.8,1.3,0.12,1.0,26,0.5,0.02,12.0,11.564,within horizon
default,0.8,1.3,0.12,1.0,26,0.65,0.045,12.0,11.386,within horizon
default,0.8,1.3,0.12,1.0,52,0.35,0.045,24.0,23.086,within horizon
default,0.8,1.3,0.12,1.0,52,0.5,0.02,24.0,23.264,within horizon
default,0.8,1.3,0.12,1.0,52,0.65,0.045,24.0,23.086,within horizon
default,0.9,0.7,0.135,0.56,8,0.35,0.045,,9.603,after horizon
default,0.9,0.7,0.135,0.56,8,0.5,0.02,,9.761,after horizon
default,0.9,0.7,0.135,0.56,8,0.65,0.045,,9.603,after horizon
default,0.9,0.7,0.135,0.56,12,0.35,0.045,12.0,11.403,within horizon
default,0.9,0.7,0.135,0.56,12,0.5,0.02,12.0,11.561,within horizon
default,0.9,0.7,0.135,0.56,12,0.65,0.045,12.0,11.403,within horizon
default,0.9,0.7,0.135,0.56,26,0.35,0.045,18.0,17.703,within horizon
default,0.9,0.7,0.135,0.56,26,0.5,0.02,18.0,17.861,within horizon
default,0.9,0.7,0.135,0.56,26,0.65,0.045,18.0,17.703,within horizon
default,0.9,0.7,0.135,0.56,52,0.35,0.045,30.0,29.403,within horizon
default,0.9,0.7,0.135,0.56,52,0.5,0.02,30.0,29.561,within horizon
default,0.9,0.7,0.135,0.56,52,0.65,0.045,30.0,29.403,within horizon
default,0.9,0.8,0.135,0.64,8,0.35,0.045,8.0,7.092,within horizon
default,0.9,0.8,0.135,0.64,8,0.5,0.02,8.0,7.251,within horizon
default,0.9,0.8,0.135,0.64,8,0.65,0.045,8.0,7.092,within horizon
default,0.9,0.8,0.135,0.64,12,0.35,0.045,9.0,8.892,within horizon
default,0.9,0.8,0.135,0.64,12,0.5,0.02,10.0,9.051,within horizon
default,0.9,0.8,0.135,0.64,12,0.65,0.045,9.0,8.892,within horizon
default,0.9,0.8,0.135,0.64,26,0.35,0.045,16.0,15.192,within horizon
default,0.9,0.8,0.135,0.64,26,0.5,0.02,16.0,15.351,within horizon
default,0.9,0.8,0.135,0.64,26,0.65,0.045,16.0,15.192,within horizon
default,0.9,0.8,0.135,0.64,52,0.35,0.045,27.0,26.892,within horizon
default,0.9,0.8,0.135,0.64,52,0.5,0.02,28.0,27.051,within horizon
default,0.9,0.8,0.135,0.64,52,0.65,0.045,27.0,26.892,within horizon
default,0.9,0.9,0.135,0.72,8,0.35,0.045,6.0,5.753,within horizon
default,0.9,0.9,0.135,0.72,8,0.5,0.02,6.0,5.912,within horizon
default,0.9,0.9,0.135,0.72,8,0.65,0.045,6.0,5.753,within horizon
default,0.9,0.9,0.135,0.72,12,0.35,0.045,8.0,7.553,within horizon
default,0.9,0.9,0.135,0.72,12,0.5,0.02,8.0,7.712,within horizon
default,0.9,0.9,0.135,0.72,12,0.65,0.045,8.0,7.553,within horizon
default,0.9,0.9,0.135,0.72,26,0.35,0.045,14.0,13.853,within horizon
default,0.9,0.9,0.135,0.72,26,0.5,0.02,15.0,14.012,within horizon
default,0.9,0.9,0.135,0.72,26,0.65,0.045,14.0,13.853,within horizon
default,0.9,0.9,0.135,0.72,52,0.35,0.045,26.0,25.553,within horizon
default,0.9,0.9,0.135,0.72,52,0.5,0.02,26.0,25.712,within horizon
default,0.9,0.9,0.135,0.72,52,0.65,0.045,26.0,25.553,within horizon
default,0.9,1.0,0.135,0.8,8,0.35,0.045,5.0,4.834,within horizon
default,0.9,1.0,0.135,0.8,8,0.5,0.02,5.0,4.993,within horizon
default,0.9,1.0,0.135,0.8,8,0.65,0.045,5.0,4.834,within horizon
default,0.9,1.0,0.135,0.8,12,0.35,0.045,7.0,6.634,within horizon
default,0.9,1.0,0.135,0.8,12,0.5,0.02,7.0,6.793,within horizon
default,0.9,1.0,0.135,0.8,12,0.65,0.045,7.0,6.634,within horizon
default,0.9,1.0,0.135,0.8,26,0.35,0.045,13.0,12.934,within horizon
default,0.9,1.0,0.135,0.8,26,0.5,0.02,14.0,13.093,within horizon
default,0.9,1.0,0.135,0.8,26,0.65,0.045,13.0,12.934,within horizon
default,0.9,1.0,0.135,0.8,52,0.35,0.045,25.0,24.634,within horizon
default,0.9,1.0,0.135,0.8,52,0.5,0.02,25.0,24.793,within horizon
default,0.9,1.0,0.135,0.8,52,0.65,0.045,25.0,24.634,within horizon
default,0.9,1.1,0.135,0.88,8,0.35,0.045,5.0,4.134,within horizon
default,0.9,1.1,0.135,0.88,8,0.5,0.02,5.0,4.292,within horizon
default,0.9,1.1,0.135,0.88,8,0.65,0.045,5.0,4.134,within horizon
default,0.9,1.1,0.135,0.88,12,0.35,0.045,6.0,5.934,within horizon
default,0.9,1.1,0.135,0.88,12,0.5,0.02,7.0,6.092,within horizon
default,0.9,1.1,0.135,0.88,12,0.65,0.045,6.0,5.934,within horizon
default,0.9,1.1,0.135,0.88,26,0.35,0.045,13.0,12.234,within horizon
default,0.9,1.1,0.135,0.88,26,0.5,0.02,13.0,12.392,within horizon
default,0.9,1.1,0.135,0.88,26,0.65,0.045,13.0,12.234,within horizon
default,0.9,1.1,0.135,0.88,52,0.35,0.045,24.0,23.934,within horizon
default,0.9,1.1,0.135,0.88,52,0.5,0.02,25.0,24.092,within horizon
default,0.9,1.1,0.135,0.88,52,0.65,0.045,24.0,23.934,within horizon
default,0.9,1.2,0.135,0.96,8,0.35,0.045,4.0,3.568,within horizon
default,0.9,1.2,0.135,0.96,8,0.5,0.02,4.0,3.726,within horizon
default,0.9,1.2,0.135,0.96,8,0.65,0.045,4.0,3.568,within horizon
default,0.9,1.2,0.135,0.96,12,0.35,0.045,6.0,5.368,within horizon
default,0.9,1.2,0.135,0.96,12,0.5,0.02,6.0,5.526,within horizon
default,0.9,1.2,0.135,0.96,12,0.65,0.045,6.0,5.368,within horizon
default,0.9,1.2,0.135,0.96,26,0.35,0.045,12.0,11.668,within horizon
default,0.9,1.2,0.135,0.96,26,0.5,0.02,12.0,11.826,within horizon
default,0.9,1.2,0.135,0.96,26,0.65,0.045,12.0,11.668,within horizon
default,0.9,1.2,0.135,0.96,52,0.35,0.045,24.0,23.368,within horizon
default,0.9,1.2,0.135,0.96,52,0.5,0.02,24.0,23.526,within horizon
default,0.9,1.2,0.135,0.96,52,0.65,0.045,24.0,23.368,within horizon
default,0.9,1.3,0.135,1.0,8,0.35,0.045,4.0,3.321,within horizon
default,0.9,1.3,0.135,1.0,8,0.5,0.02,4.0,3.479,within horizon
default,0.9,1.3,0.135,1.0,8,0.65,0.045,4.0,3.321,within horizon
default,0.9,1.3,0.135,1.0,12,0.35,0.045,6.0,5.121,within horizon
default,0.9,1.3,0.135,1.0,12,0.5,0.02,6.0,5.279,within horizon
default,0.9,1.3,0.135,1.0,12,0.65,0.045,6.0,5.121,within horizon
default,0.9,1.3,0.135,1.0,26,0.35,0.045,12.0,11.421,within horizon
default,0.9,1.3,0.135,1.0,26,0.5,0.02,12.0,11.579,within horizon
default,0.9,1.3,0.135,1.0,26,0.65,0.045,12.0,11.421,within horizon
default,0.9,1.3,0.135,1.0,52,0.35,0.045,24.0,23.121,within horizon
default,0.9,1.3,0.135,1.0,52,0.5,0.02,24.0,23.279,within horizon
default,0.9,1.3,0.135,1.0,52,0.65,0.045,24.0,23.121,within horizon
default,1.0,0.7,0.15,0.56,8,0.35,0.045,,9.003,after horizon
default,1.0,0.7,0.15,0.56,8,0.5,0.02,,9.145,after horizon
default,1.0,0.7,0.15,0.56,8,0.65,0.045,,9.003,after horizon
default,1.0,0.7,0.15,0.56,12,0.35,0.045,11.0,10.803,within horizon
default,1.0,0.7,0.15,0.56,12,0.5,0.02,11.0,10.945,within horizon
default,1.0,0.7,0.15,0.56,12,0.65,0.045,11.0,10.803,within horizon
default,1.0,0.7,0.15,0.56,26,0.35,0.045,18.0,17.103,within horizon
default,1.0,0.7,0.15,0.56,26,0.5,0.02,18.0,17.245,within horizon
default,1.0,0.7,0.15,0.56,26,0.65,0.045,18.0,17.103,within horizon
default,1.0,0.7,0.15,0.56,52,0.35,0.045,29.0,28.803,within horizon
default,1.0,0.7,0.15,0.56,52,0.5,0.02,29.0,28.945,within horizon
default,1.0,0.7,0.15,0.56,52,0.65,0.045,29.0,28.803,within horizon
default,1.0,0.8,0.15,0.64,8,0.35,0.045,7.0,6.743,within horizon
default,1.0,0.8,0.15,0.64,8,0.5,0.02,7.0,6.886,within horizon
default,1.0,0.8,0.15,0.64,8,0.65,0.045,7.0,6.743,within horizon
default,1.0,0.8,0.15,0.64,12,0.35,0.045,9.0,8.543,within horizon
default,1.0,0.8,0.15,0.64,12,0.5,0.02,9.0,8.686,within horizon
default,1.0,0.8,0.15,0.64,12,0.65,0.045,9.0,8.543,within horizon
default,1.0,0.8,0.15,0.64,26,0.35,0.045,15.0,14.843,within horizon
default,1.0,0.8,0.15,0.64,26,0.5,0.02,15.0,14.986,within horizon
default,1.0,0.8,0.15,0.64,26,0.65,0.045,15.0,14.843,within horizon
default,1.0,0.8,0.15,0.64,52,0.35,0.045,27.0,26.543,within horizon
default,1.0,0.8,0.15,0.64,52,0.5,0.02,27.0,26.686,within horizon
default,1.0,0.8,0.15,0.64,52,0.65,0.045,27.0,26.543,within horizon
default,1.0,0.9,0.15,0.72,8,0.35,0.045,6.0,5.538,within horizon
default,1.0,0.9,0.15,0.72,8,0.5,0.02,6.0,5.68,within horizon
default,1.0,0.9,0.15,0.72,8,0.65,0.045,6.0,5.538,within horizon
default,1.0,0.9,0.15,0.72,12,0.35,0.045,8.0,7.338,within horizon
default,1.0,0.9,0.15,0.72,12,0.5,0.02,8.0,7.48,within horizon
default,1.0,0.9,0.15,0.72,12,0.65,0.045,8.0,7.338,within horizon
default,1.0,0.9,0.15,0.72,26,0.35,0.045,14.0,13.638,within horizon
default,1.0,0.9,0.15,0.72,26,0.5,0.02,14.0,13.78,within horizon
default,1.0,0.9,0.15,0.72,26,0.65,0.045,14.0,13.638,within horizon
default,1.0,0.9,0.15,0.72,52,0.35,0.045,26.0,25.338,within horizon
default,1.0,0.9,0.15,0.72,52,0.5,0.02,26.0,25.48,within horizon
default,1.0,0.9,0.15,0.72,52,0.65,0.045,26.0,25.338,within horizon
default,1.0,1.0,0.15,0.8,8,0.35,0.045,5.0,4.711,within horizon
default,1.0,1.0,0.15,0.8,8,0.5,0.02,5.0,4.853,within horizon
default,1.0,1.0,0.15,0.8,8,0.65,0.045,5.0,4.711,within horizon
default,1.0,1.0,0.15,0.8,12,0.35,0.045,7.0,6.511,within horizon
default,1.0,1.0,0.15,0.8,12,0.5,0.02,7.0,6.653,within horizon
default,1.0,1.0,0.15,0.8,12,0.65,0.045,7.0,6.511,within horizon
default,1.0,1.0,0.15,0.8,26,0.35,0.045,13.0,12.811,within horizon
default,1.0,1.0,0.15,0.8,26,0.5,0.02,13.0,12.953,within horizon
default,1.0,1.0,0.15,0.8,26,0.65,0.045,13.0,12.811,within horizon
default,1.0,1.0,0.15,0.8,52,0.35,0.045,25.0,24.511,within horizon
default,1.0,1.0,0.15,0.8,52,0.5,0.02,25.0,24.653,within horizon
default,1.0,1.0,0.15,0.8,52,0.65,0.045,25.0,24.511,within horizon
default,1.0,1.1,0.15,0.88,8,0.35,0.045,5.0,4.08,within horizon
default,1.0,1.1,0.15,0.88,8,0.5,0.02,5.0,4.223,within horizon
default,1.0,1.1,0.15,0.88,8,0.65,0.045,5.0,4.08,within horizon
default,1.0,1.1,0.15,0.88,12,0.35,0.045,6.0,5.88,within horizon
default,1.0,1.1,0.15,0.88,12,0.5,0.02,7.0,6.023,within horizon
default,1.0,1.1,0.15,0.88,12,0.65,0.045,6.0,5.88,within horizon
default,1.0,1.1,0.15,0.88,26,0.35,0.045,13.0,12.18,within horizon
default,1.0,1.1,0.15,0.88,26,0.5,0.02,13.0,12.323,within horizon
default,1.0,1.1,0.15,0.88,26,0.65,0.045,13.0,12.18,within horizon
default,1.0,1.1,0.15,0.88,52,0.35,0.045,24.0,23.88,within horizon
default,1.0,1.1,0.15,0.88,52,0.5,0.02,25.0,24.023,within horizon
default,1.0,1.1,0.15,0.88,52,0.65,0.045,24.0,23.88,within horizon
default,1.0,1.2,0.15,0.96,8,0.35,0.045,4.0,3.571,within horizon
default,1.0,1.2,0.15,0.96,8,0.5,0.02,4.0,3.713,within horizon
default,1.0,1.2,0.15,0.96,8,0.65,0.045,4.0,3.571,within horizon
default,1.0,1.2,0.15,0.96,12,0.35,0.045,6.0,5.371,within horizon
default,1.0,1.2,0.15,0.96,12,0.5,0.02,6.0,5.513,within horizon
default,1.0,1.2,0.15,0.96,12,0.65,0.045,6.0,5.371,within horizon
default,1.0,1.2,0.15,0.96,26,0.35,0.045,12.0,11.671,within horizon
default,1.0,1.2,0.15,0.96,26,0.5,0.02,12.0,11.813,within horizon
default,1.0,1.2,0.15,0.96,26,0.65,0.045,12.0,11.671,within horizon
default,1.0,1.2,0.15,0.96,52,0.35,0.045,24.0,23.371,within horizon
default,1.0,1.2,0.15,0.96,52,0.5,0.02,24.0,23.513,within horizon
default,1.0,1.2,0.15,0.96,52,0.65,0.045,24.0,23.371,within horizon
default,1.0,1.3,0.15,1.0,8,0.35,0.045,4.0,3.349,within horizon
default,1.0,1.3,0.15,1.0,8,0.5,0.02,4.0,3.491,within horizon
default,1.0,1.3,0.15,1.0,8,0.65,0.045,4.0,3.349,within horizon
default,1.0,1.3,0.15,1.0,12,0.35,0.045,6.0,5.149,within horizon
default,1.0,1.3,0.15,1.0,12,0.5,0.02,6.0,5.291,within horizon
default,1.0,1.3,0.15,1.0,12,0.65,0.045,6.0,5.149,within horizon
default,1.0,1.3,0.15,1.0,26,0.35,0.045,12.0,11.449,within horizon
default,1.0,1.3,0.15,1.0,26,0.5,0.02,12.0,11.591,within horizon
default,1.0,1.3,0.15,1.0,26,0.65,0.045,12.0,11.449,within horizon
default,1.0,1.3,0.15,1.0,52,0.35,0.045,24.0,23.149,within horizon
default,1.0,1.3,0.15,1.0,52,0.5,0.02,24.0,23.291,within horizon
default,1.0,1.3,0.15,1.0,52,0.65,0.045,24.0,23.149,within horizon
default,1.1,0.7,0.165,0.56,8,0.35,0.045,,8.511,after horizon
default,1.1,0.7,0.165,0.56,8,0.5,0.02,,8.641,after horizon
default,1.1,0.7,0.165,0.56,8,0.65,0.045,,8.511,after horizon
default,1.1,0.7,0.165,0.56,12,0.35,0.045,11.0,10.311,within horizon
default,1.1,0.7,0.165,0.56,12,0.5,0.02,11.0,10.441,within horizon
default,1.1,0.7,0.165,0.56,12,0.65,0.045,11.0,10.311,within horizon
default,1.1,0.7,0.165,0.56,26,0.35,0.045,17.0,16.611,within horizon
default,1.1,0.7,0.165,0.56,26,0.5,0.02,17.0,16.741,within horizon
default,1.1,0.7,0.165,0.56,26,0.65,0.045,17.0,16.611,within horizon
default,1.1,0.7,0.165,0.56,52,0.35,0.045,29.0,28.311,within horizon
default,1.1,0.7,0.165,0.56,52,0.5,0.02,29.0,28.441,within horizon
default,1.1,0.7,0.165,0.56,52,0.65,0.045,29.0,28.311,within horizon
default,1.1,0.8,0.165,0.64,8,0.35,0.045,7.0,6.457,within horizon
default,1.1,0.8,0.165,0.64,8,0.5,0.02,7.0,6.587,within horizon
default,1.1,0.8,0.165,0.64,8,0.65,0.045,7.0,6.457,within horizon
default,1.1,0.8,0.165,0.64,12,0.35,0.045,9.0,8.257,within horizon
default,1.1,0.8,0.165,0.64,12,0.5,0.02,9.0,8.387,within horizon
default,1.1,0.8,0.165,0.64,12,0.65,0.045,9.0,8.257,within horizon
default,1.1,0.8,0.165,0.64,26,0.35,0.045,15.0,14.557,within horizon
default,1.1,0.8,0.165,0.64,26,0.5,0.02,15.0,14.687,within horizon
default,1.1,0.8,0.165,0.64,26,0.65,0.045,15.0,14.557,within horizon
default,1.1,0.8,0.165,0.64,52,0.35,0.045,27.0,26.257,within horizon
default,1.1,0.8,0.165,0.64,52,0.5,0.02,27.0,26.387,within horizon
default,1.1,0.8,0.165,0.64,52,0.65,0.045,27.0,26.257,within horizon
default,1.1,0.9,0.165,0.72,8,0.35,0.045,6.0,5.362,within horizon
default,1.1,0.9,0.165,0.72,8,0.5,0.02,6.0,5.491,within horizon
default,1.1,0.9,0.165,0.72,8,0.65,0.045,6.0,5.362,within horizon
default,1.1,0.9,0.165,0.72,12,0.35,0.045,8.0,7.162,within horizon
default,1.1,0.9,0.165,0.72,12,0.5,0.02,8.0,7.291,within horizon
default,1.1,0.9,0.165,0.72,12,0.65,0.045,8.0,7.162,within horizon
default,1.1,0.9,0.165,0.72,26,0.35,0.045,14.0,13.462,within horizon
default,1.1,0.9,0.165,0.72,26,0.5,0.02,14.0,13.591,within horizon
default,1.1,0.9,0.165,0.72,26,0.65,0.045,14.0,13.462,within horizon
default,1.1,0.9,0.165,0.72,52,0.35,0.045,26.0,25.162,within horizon
default,1.1,0.9,0.165,0.72,52,0.5,0.02,26.0,25.291,within horizon
default,1.1,0.9,0.165,0.72,52,0.65,0.045,26.0,25.162,within horizon
default,1.1,1.0,0.165,0.8,8,0.35,0.045,5.0,4.61,within horizon
default,1.1,1.0,0.165,0.8,8,0.5,0.02,5.0,4.739,within horizon
default,1.1,1.0,0.165,0.8,8,0.65,0.045,5.0,4.61,within horizon
default,1.1,1.0,0.165,0.8,12,0.35,0.045,7.0,6.41,within horizon
default,1.1,1.0,0.165,0.8,12,0.5,0.02,7.0,6.539,within horizon
default,1.1,1.0,0.165,0.8,12,0.65,0.045,7.0,6.41,within horizon
default,1.1,1.0,0.165,0.8,26,0.35,0.045,13.0,12.71,within horizon
default,1.1,1.0,0.165,0.8,26,0.5,0.02,13.0,12.839,within horizon
default,1.1,1.0,0.165,0.8,26,0.65,0.045,13.0,12.71,within horizon
default,1.1,1.0,0.165,0.8,52,0.35,0.045,25.0,24.41,within horizon
default,1.1,1.0,0.165,0.8,52,0.5,0.02,25.0,24.539,within horizon
default,1.1,1.0,0.165,0.8,52,0.65,0.045,25.0,24.41,within horizon
default,1.1,1.1,0.165,0.88,8,0.35,0.045,5.0,4.037,within horizon
default,1.1,1.1,0.165,0.88,8,0.5,0.02,5.0,4.166,within horizon
default,1.1,1.1,0.165,0.88,8,0.65,0.045,5.0,4.037,within horizon
default,1.1,1.1,0.165,0.88,12,0.35,0.045,6.0,5.837,within horizon
default,1.1,1.1,0.165,0.88,12,0.5,0.02,6.0,5.966,within horizon
default,1.1,1.1,0.165,0.88,12,0.65,0.045,6.0,5.837,within horizon
default,1.1,1.1,0.165,0.88,26,0.35,0.045,13.0,12.137,within horizon
default,1.1,1.1,0.165,0.88,26,0.5,0.02,13.0,12.266,within horizon
default,1.1,1.1,0.165,0.88,26,0.65,0.045,13.0,12.137,within horizon
default,1.1,1.1,0.165,0.88,52,0.35,0.045,24.0,23.837,within horizon
default,1.1,1.1,0.165,0.88,52,0.5,0.02,24.0,23.966,within horizon
default,1.1,1.1,0.165,0.88,52,0.65,0.045,24.0,23.837,within horizon
default,1.1,1.2,0.165,0.96,8,0.35,0.045,4.0,3.574,within horizon
default,1.1,1.2,0.165,0.96,8,0.5,0.02,4.0,3.703,within horizon
default,1.1,1.2,0.165,0.96,8,0.65,0.045,4.0,3.574,within horizon
default,1.1,1.2,0.165,0.96,12,0.35,0.045,6.0,5.374,within horizon
default,1.1,1.2,0.165,0.96,12,0.5,0.02,6.0,5.503,within horizon
default,1.1,1.2,0.165,0.96,12,0.65,0.045,6.0,5.374,within horizon
default,1.1,1.2,0.165,0.96,26,0.35,0.045,12.0,11.674,within horizon
default,1.1,1.2,0.165,0.96,26,0.5,0.02,12.0,11.803,within horizon
default,1.1,1.2,0.165,0.96,26,0.65,0.045,12.0,11.674,within horizon
default,1.1,1.2,0.165,0.96,52,0.35,0.045,24.0,23.374,within horizon
default,1.1,1.2,0.165,0.96,52,0.5,0.02,24.0,23.503,within horizon
default,1.1,1.2,0.165,0.96,52,0.65,0.045,24.0,23.374,within horizon
default,1.1,1.3,0.165,1.0,8,0.35,0.045,4.0,3.371,within horizon
default,1.1,1.3,0.165,1.0,8,0.5,0.02,4.0,3.501,within horizon
default,1.1,1.3,0.165,1.0,8,0.65,0.045,4.0,3.371,within horizon
default,1.1,1.3,0.165,1.0,12,0.35,0.045,6.0,5.171,within horizon
default,1.1,1.3,0.165,1.0,12,0.5,0.02,6.0,5.301,within horizon
default,1.1,1.3,0.165,1.0,12,0.65,0.045,6.0,5.171,within horizon
default,1.1,1.3,0.165,1.0,26,0.35,0.045,12.0,11.471,within horizon
default,1.1,1.3,0.165,1.0,26,0.5,0.02,12.0,11.601,within horizon
default,1.1,1.3,0.165,1.0,26,0.65,0.045,12.0,11.471,within horizon
default,1.1,1.3,0.165,1.0,52,0.35,0.045,24.0,23.171,within horizon
default,1.1,1.3,0.165,1.0,52,0.5,0.02,24.0,23.301,within horizon
default,1.1,1.3,0.165,1.0,52,0.65,0.045,24.0,23.171,within horizon
default,1.2,0.7,0.18,0.56,8,0.35,0.045,,8.102,after horizon
default,1.2,0.7,0.18,0.56,8,0.5,0.02,,8.221,after horizon
default,1.2,0.7,0.18,0.56,8,0.65,0.045,,8.102,after horizon
default,1.2,0.7,0.18,0.56,12,0.35,0.045,10.0,9.902,within horizon
default,1.2,0.7,0.18,0.56,12,0.5,0.02,11.0,10.021,within horizon
default,1.2,0.7,0.18,0.56,12,0.65,0.045,10.0,9.902,within horizon
default,1.2,0.7,0.18,0.56,26,0.35,0.045,17.0,16.202,within horizon
default,1.2,0.7,0.18,0.56,26,0.5,0.02,17.0,16.321,within horizon
default,1.2,0.7,0.18,0.56,26,0.65,0.045,17.0,16.202,within horizon
default,1.2,0.7,0.18,0.56,52,0.35,0.045,28.0,27.902,within horizon
default,1.2,0.7,0.18,0.56,52,0.5,0.02,29.0,28.021,within horizon
default,1.2,0.7,0.18,0.56,52,0.65,0.045,28.0,27.902,within horizon
default,1.2,0.8,0.18,0.64,8,0.35,0.045,7.0,6.219,within horizon
default,1.2,0.8,0.18,0.64,8,0.5,0.02,7.0,6.338,within horizon
default,1.2,0.8,0.18,0.64,8,0.65,0.045,7.0,6.219,within horizon
default,1.2,0.8,0.18,0.64,12,0.35,0.045,9.0,8.019,within horizon
default,1.2,0.8,0.18,0.64,12,0.5,0.02,9.0,8.138,within horizon
default,1.2,0.8,0.18,0.64,12,0.65,0.045,9.0,8.019,within horizon
default,1.2,0.8,0.18,0.64,26,0.35,0.045,15.0,14.319,within horizon
default,1.2,0.8,0.18,0.64,26,0.5,0.02,15.0,14.438,within horizon
default,1.2,0.8,0.18,0.64,26,0.65,0.045,15.0,14.319,within horizon
default,1.2,0.8,0.18,0.64,52,0.35,0.045,27.0,26.019,within horizon
default,1.2,0.8,0.18,0.64,52,0.5,0.02,27.0,26.138,within horizon
default,1.2,0.8,0.18,0.64,52,0.65,0.045,27.0,26.019,within horizon
default,1.2,0.9,0.18,0.72,8,0.35,0.045,6.0,5.215,within horizon
default,1.2,0.9,0.18,0.72,8,0.5,0.02,6.0,5.334,within horizon
default,1.2,0.9,0.18,0.72,8,0.65,0.045,6.0,5.215,within horizon
default,1.2,0.9,0.18,0.72,12,0.35,0.045,8.0,7.015,within horizon
default,1.2,0.9,0.18,0.72,12,0.5,0.02,8.0,7.134,within horizon
default,1.2,0.9,0.18,0.72,12,0.65,0.045,8.0,7.015,within horizon
default,1.2,0.9,0.18,0.72,26,0.35,0.045,14.0,13.315,within horizon
default,1.2,0.9,0.18,0.72,26,0.5,0.02,14.0,13.434,within horizon
default,1.2,0.9,0.18,0.72,26,0.65,0.045,14.0,13.315,within horizon
default,1.2,0.9,0.18,0.72,52,0.35,0.045,26.0,25.015,within horizon
default,1.2,0.9,0.18,0.72,52,0.5,0.02,26.0,25.134,within horizon
default,1.2,0.9,0.18,0.72,52,0.65,0.045,26.0,25.015,within horizon
default,1.2,1.0,0.18,0.8,8,0.35,0.045,5.0,4.526,within horizon
default,1.2,1.0,0.18,0.8,8,0.5,0.02,5.0,4.644,within horizon
default,1.2,1.0,0.18,0.8,8,0.65,0.045,5.0,4.526,within horizon
default,1.2,1.0,0.18,0.8,12,0.35,0.045,7.0,6.326,within horizon
default,1.2,1.0,0.18,0.8,12,0.5,0.02,7.0,6.444,within horizon
default,1.2,1.0,0.18,0.8,12,0.65,0.045,7.0,6.326,within horizon
default,1.2,1.0,0.18,0.8,26,0.35,0.045,13.0,12.626,within horizon
default,1.2,1.0,0.18,0.8,26,0.5,0.02,13.0,12.744,within horizon
default,1.2,1.0,0.18,0.8,26,0.65,0.045,13.0,12.626,within horizon
default,1.2,1.0,0.18,0.8,52,0.35,0.045,25.0,24.326,within horizon
default,1.2,1.0,0.18,0.8,52,0.5,0.02,25.0,24.444,within horizon
default,1.2,1.0,0.18,0.8,52,0.65,0.045,25.0,24.326,within horizon
default,1.2,1.1,0.18,0.88,8,0.35,0.045,4.0,4.0,within horizon
default,1.2,1.1,0.18,0.88,8,0.5,0.02,5.0,4.119,within horizon
default,1.2,1.1,0.18,0.88,8,0.65,0.045,4.0,4.0,within horizon
default,1.2,1.1,0.18,0.88,12,0.35,0.045,6.0,5.8,within horizon
default,1.2,1.1,0.18,0.88,12,0.5,0.02,6.0,5.919,within horizon
default,1.2,1.1,0.18,0.88,12,0.65,0.045,6.0,5.8,within horizon
default,1.2,1.1,0.18,0.88,26,0.35,0.045,13.0,12.1,within horizon
default,1.2,1.1,0.18,0.88,26,0.5,0.02,13.0,12.219,within horizon
default,1.2,1.1,0.18,0.88,26,0.65,0.045,13.0,12.1,within horizon
default,1.2,1.1,0.18,0.88,52,0.35,0.045,24.0,23.8,within horizon
default,1.2,1.1,0.18,0.88,52,0.5,0.02,24.0,23.919,within horizon
default,1.2,1.1,0.18,0.88,52,0.65,0.045,24.0,23.8,within horizon
default,1.2,1.2,0.18,0.96,8,0.35,0.045,4.0,3.576,within horizon
default,1.2,1.2,0.18,0.96,8,0.5,0.02,4.0,3.695,within horizon
default,1.2,1.2,0.18,0.96,8,0.65,0.045,4.0,3.576,within horizon
default,1.2,1.2,0.18,0.96,12,0.35,0.045,6.0,5.376,within horizon
default,1.2,1.2,0.18,0.96,12,0.5,0.02,6.0,5.495,within horizon
default,1.2,1.2,0.18,0.96,12,0.65,0.045,6.0,5.376,within horizon
default,1.2,1.2,0.18,0.96,26,0.35,0.045,12.0,11.676,within horizon
default,1.2,1.2,0.18,0.96,26,0.5,0.02,12.0,11.795,within horizon
default,1.2,1.2,0.18,0.96,26,0.65,0.045,12.0,11.676,within horizon
default,1.2,1.2,0.18,0.96,52,0.35,0.045,24.0,23.376,within horizon
default,1.2,1.2,0.18,0.96,52,0.5,0.02,24.0,23.495,within horizon
default,1.2,1.2,0.18,0.96,52,0.65,0.045,24.0,23.376,within horizon
default,1.2,1.3,0.18,1.0,8,0.35,0.045,4.0,3.39,within horizon
default,1.2,1.3,0.18,1.0,8,0.5,0.02,4.0,3.509,within horizon
default,1.2,1.3,0.18,1.0,8,0.65,0.045,4.0,3.39,within horizon
default,1.2,1.3,0.18,1.0,12,0.35,0.045,6.0,5.19,within horizon
default,1.2,1.3,0.18,1.0,12,0.5,0.02,6.0,5.309,within horizon
default,1.2,1.3,0.18,1.0,12,0.65,0.045,6.0,5.19,within horizon
default,1.2,1.3,0.18,1.0,26,0.35,0.045,12.0,11.49,within horizon
default,1.2,1.3,0.18,1.0,26,0.5,0.02,12.0,11.609,within horizon
default,1.2,1.3,0.18,1.0,26,0.65,0.045,12.0,11.49,within horizon
default,1.2,1.3,0.18,1.0,52,0.35,0.045,24.0,23.19,within horizon
default,1.2,1.3,0.18,1.0,52,0.5,0.02,24.0,23.309,within horizon
default,1.2,1.3,0.18,1.0,52,0.65,0.045,24.0,23.19,within horizon
default,1.3,0.7,0.195,0.56,8,0.35,0.045,8.0,7.756,within horizon
default,1.3,0.7,0.195,0.56,8,0.5,0.02,8.0,7.866,within horizon
default,1.3,0.7,0.195,0.56,8,0.65,0.045,8.0,7.756,within horizon
default,1.3,0.7,0.195,0.56,12,0.35,0.045,10.0,9.556,within horizon
default,1.3,0.7,0.195,0.56,12,0.5,0.02,10.0,9.666,within horizon
default,1.3,0.7,0.195,0.56,12,0.65,0.045,10.0,9.556,within horizon
default,1.3,0.7,0.195,0.56,26,0.35,0.045,16.0,15.856,within horizon
default,1.3,0.7,0.195,0.56,26,0.5,0.02,16.0,15.966,within horizon
default,1.3,0.7,0.195,0.56,26,0.65,0.045,16.0,15.856,within horizon
default,1.3,0.7,0.195,0.56,52,0.35,0.045,28.0,27.556,within horizon
default,1.3,0.7,0.195,0.56,52,0.5,0.02,28.0,27.666,within horizon
default,1.3,0.7,0.195,0.56,52,0.65,0.045,28.0,27.556,within horizon
default,1.3,0.8,0.195,0.64,8,0.35,0.045,7.0,6.018,within horizon
default,1.3,0.8,0.195,0.64,8,0.5,0.02,7.0,6.127,within horizon
default,1.3,0.8,0.195,0.64,8,0.65,0.045,7.0,6.018,within horizon
default,1.3,0.8,0.195,0.64,12,0.35,0.045,8.0,7.818,within horizon
default,1.3,0.8,0.195,0.64,12,0.5,0.02,8.0,7.927,within horizon
default,1.3,0.8,0.195,0.64,12,0.65,0.045,8.0,7.818,within horizon
default,1.3,0.8,0.195,0.64,26,0.35,0.045,15.0,14.118,within horizon
default,1.3,0.8,0.195,0.64,26,0.5,0.02,15.0,14.227,within horizon
default,1.3,0.8,0.195,0.64,26,0.65,0.045,15.0,14.118,within horizon
default,1.3,0.8,0.195,0.64,52,0.35,0.045,26.0,25.818,within horizon
default,1.3,0.8,0.195,0.64,52,0.5,0.02,26.0,25.927,within horizon
default,1.3,0.8,0.195,0.64,52,0.65,0.045,26.0,25.818,within horizon
default,1.3,0.9,0.195,0.72,8,0.35,0.045,6.0,5.091,within horizon
default,1.3,0.9,0.195,0.72,8,0.5,0.02,6.0,5.2,within horizon
default,1.3,0.9,0.195,0.72,8,0.65,0.045,6.0,5.091,within horizon
default,1.3,0.9,0.195,0.72,12,0.35,0.045,7.0,6.891,within horizon
default,1.3,0.9,0.195,0.72,12,0.5,0.02,7.0,7.0,within horizon
default,1.3,0.9,0.195,0.72,12,0.65,0.045,7.0,6.891,within horizon
default,1.3,0.9,0.195,0.72,26,0.35,0.045,14.0,13.191,within horizon
default,1.3,0.9,0.195,0.72,26,0.5,0.02,14.0,13.3,within horizon
default,1.3,0.9,0.195,0.72,26,0.65,0.045,14.0,13.191,within horizon
default,1.3,0.9,0.195,0.72,52,0.35,0.045,25.0,24.891,within horizon
default,1.3,0.9,0.195,0.72,52,0.5,0.02,25.0,25.0,within horizon
default,1.3,0.9,0.195,0.72,52,0.65,0.045,25.0,24.891,within horizon
default,1.3,1.0,0.195,0.8,8,0.35,0.045,5.0,4.454,within horizon
default,1.3,1.0,0.195,0.8,8,0.5,0.02,5.0,4.564,within horizon
default,1.3,1.0,0.195,0.8,8,0.65,0.045,5.0,4.454,within horizon
default,1.3,1.0,0.195,0.8,12,0.35,0.045,7.0,6.254,within horizon
default,1.3,1.0,0.195,0.8,12,0.5,0.02,7.0,6.364,within horizon
default,1.3,1.0,0.195,0.8,12,0.65,0.045,7.0,6.254,within horizon
default,1.3,1.0,0.195,0.8,26,0.35,0.045,13.0,12.554,within horizon
default,1.3,1.0,0.195,0.8,26,0.5,0.02,13.0,12.664,within horizon
default,1.3,1.0,0.195,0.8,26,0.65,0.045,13.0,12.554,within horizon
default,1.3,1.0,0.195,0.8,52,0.35,0.045,25.0,24.254,within horizon
default,1.3,1.0,0.195,0.8,52,0.5,0.02,25.0,24.364,within horizon
default,1.3,1.0,0.195,0.8,52,0.65,0.045,25.0,24.254,within horizon
default,1.3,1.1,0.195,0.88,8,0.35,0.045,4.0,3.969,within horizon
default,1.3,1.1,0.195,0.88,8,0.5,0.02,5.0,4.079,within horizon
default,1.3,1.1,0.195,0.88,8,0.65,0.045,4.0,3.969,within horizon
default,1.3,1.1,0.195,0.88,12,0.35,0.045,6.0,5.769,within horizon
default,1.3,1.1,0.195,0.88,12,0.5,0.02,6.0,5.879,within horizon
default,1.3,1.1,0.195,0.88,12,0.65,0.045,6.0,5.769,within horizon
default,1.3,1.1,0.195,0.88,26,0.35,0.045,13.0,12.069,within horizon
default,1.3,1.1,0.195,0.88,26,0.5,0.02,13.0,12.179,within horizon
default,1.3,1.1,0.195,0.88,26,0.65,0.045,13.0,12.069,within horizon
default,1.3,1.1,0.195,0.88,52,0.35,0.045,24.0,23.769,within horizon
default,1.3,1.1,0.195,0.88,52,0.5,0.02,24.0,23.879,within horizon
default,1.3,1.1,0.195,0.88,52,0.65,0.045,24.0,23.769,within horizon
default,1.3,1.2,0.195,0.96,8,0.35,0.045,4.0,3.578,within horizon
default,1.3,1.2,0.195,0.96,8,0.5,0.02,4.0,3.687,within horizon
default,1.3,1.2,0.195,0.96,8,0.65,0.045,4.0,3.578,within horizon
default,1.3,1.2,0.195,0.96,12,0.35,0.045,6.0,5.378,within horizon
default,1.3,1.2,0.195,0.96,12,0.5,0.02,6.0,5.487,within horizon
default,1.3,1.2,0.195,0.96,12,0.65,0.045,6.0,5.378,within horizon
default,1.3,1.2,0.195,0.96,26,0.35,0.045,12.0,11.678,within horizon
default,1.3,1.2,0.195,0.96,26,0.5,0.02,12.0,11.787,within horizon
default,1.3,1.2,0.195,0.96,26,0.65,0.045,12.0,11.678,within horizon
default,1.3,1.2,0.195,0.96,52,0.35,0.045,24.0,23.378,within horizon
default,1.3,1.2,0.195,0.96,52,0.5,0.02,24.0,23.487,within horizon
default,1.3,1.2,0.195,0.96,52,0.65,0.045,24.0,23.378,within horizon
default,1.3,1.3,0.195,1.0,8,0.35,0.045,4.0,3.407,within horizon
default,1.3,1.3,0.195,1.0,8,0.5,0.02,4.0,3.516,within horizon
default,1.3,1.3,0.195,1.0,8,0.65,0.045,4.0,3.407,within horizon
default,1.3,1.3,0.195,1.0,12,0.35,0.045,6.0,5.207,within horizon
default,1.3,1.3,0.195,1.0,12,0.5,0.02,6.0,5.316,within horizon
default,1.3,1.3,0.195,1.0,12,0.65,0.045,6.0,5.207,within horizon
default,1.3,1.3,0.195,1.0,26,0.35,0.045,12.0,11.507,within horizon
default,1.3,1.3,0.195,1.0,26,0.5,0.02,12.0,11.616,within horizon
default,1.3,1.3,0.195,1.0,26,0.65,0.045,12.0,11.507,within horizon
default,1.3,1.3,0.195,1.0,52,0.35,0.045,24.0,23.207,within horizon
default,1.3,1.3,0.195,1.0,52,0.5,0.02,24.0,23.316,within horizon
default,1.3,1.3,0.195,1.0,52,0.65,0.045,24.0,23.207,within horizon
