"Taxon ID","Genome ID","Genome Name","Antibiotic","Resistant Phenotype","Measurement","Measurement Sign","Measurement Value","Measurement Unit","Laboratory Typing Method","Laboratory Typing Method Version","Laboratory Typing Platform","Vendor","Testing Standard","Testing Standard Year","Computational Method","Computational Method Version","Computational Method Performance","Evidence","Source","PubMed"
605,"605.10","Salmonella enterica subsp. enterica serovar Pullorum strain S4037-07","amoxicillin/clavulanic acid","","2.0","","2.0","mg/L","","","","","","","MIC XGBoost Model","202503101","W1 score: 0.98, CI[0.96, 0.99]","Computational Method","",""
605,"605.10","Salmonella enterica subsp. enterica serovar Pullorum strain S4037-07","ampicillin","","2.0","","2.0","mg/L","","","","","","","MIC XGBoost Model","202503101","W1 score: 0.96, CI[0.95, 0.97]","Computational Method","",""
605,"605.10","Salmonella enterica subsp. enterica serovar Pullorum strain S4037-07","azithromycin","","4.0","","4.0","mg/L","","","","","","","MIC XGBoost Model","202503101","W1 score: 0.99, CI[0.98, 1.00]","Computational Method","",""
605,"605.10","Salmonella enterica subsp. enterica serovar Pullorum strain S4037-07","ceftazidime","","16.0","","16.0","mg/L","","","","","","","MIC XGBoost Model","202503101","W1 score: 0.93, CI[0.88, 0.99]","Computational Method","",""
605,"605.10","Salmonella enterica subsp. enterica serovar Pullorum strain S4037-07","chloramphenicol","","4.0","","4.0","mg/L","","","","","","","MIC XGBoost Model","202503101","W1 score: 0.99, CI[0.98, 1.00]","Computational Method","",""
605,"605.10","Salmonella enterica subsp. enterica serovar Pullorum strain S4037-07","ciprofloxacin","","0.03125","","0.03125","mg/L","","","","","","","MIC XGBoost Model","202503101","W1 score: 0.88, CI[0.86, 0.90]","Computational Method","",""
605,"605.10","Salmonella enterica subsp. enterica serovar Pullorum strain S4037-07","ceftriaxone","","2.0","","2.0","mg/L","","","","","","","MIC XGBoost Model","202503101","W1 score: 0.95, CI[0.94, 0.96]","Computational Method","",""
605,"605.10","Salmonella enterica subsp. enterica serovar Pullorum strain S4037-07","cefotaxime","","32.0","","32.0","mg/L","","","","","","","MIC XGBoost Model","202503101","W1 score: 0.95, CI[0.89, 1.00]","Computational Method","",""
605,"605.10","Salmonella enterica subsp. enterica serovar Pullorum strain S4037-07","sulfisoxazole","","256.0","","256.0","mg/L","","","","","","","MIC XGBoost Model","202503101","W1 score: 0.98, CI[0.97, 0.99]","Computational Method","",""
605,"605.10","Salmonella enterica subsp. enterica serovar Pullorum strain S4037-07","cefoxitin","","2.0","","2.0","mg/L","","","","","","","MIC XGBoost Model","202503101","W1 score: 0.98, CI[0.97, 1.00]","Computational Method","",""
605,"605.10","Salmonella enterica subsp. enterica serovar Pullorum strain S4037-07","gentamicin","","0.5","","0.5","mg/L","","","","","","","MIC XGBoost Model","202503101","W1 score: 0.97, CI[0.95, 0.99]","Computational Method","",""
605,"605.10","Salmonella enterica subsp. enterica serovar Pullorum strain S4037-07","kanamycin","","16.0","","16.0","mg/L","","","","","","","MIC XGBoost Model","202503101","W1 score: 0.99, CI[0.98, 1.01]","Computational Method","",""
605,"605.10","Salmonella enterica subsp. enterica serovar Pullorum strain S4037-07","meropenem","","0.25","","0.25","mg/L","","","","","","","MIC XGBoost Model","202503101","W1 score: 0.95, CI[0.90, 1.01]","Computational Method","",""
605,"605.10","Salmonella enterica subsp. enterica serovar Pullorum strain S4037-07","nalidixic acid","","4.0","","4.0","mg/L","","","","","","","MIC XGBoost Model","202503101","W1 score: 0.98, CI[0.97, 0.99]","Computational Method","",""
605,"605.10","Salmonella enterica subsp. enterica serovar Pullorum strain S4037-07","streptomycin","","8.0","","8.0","mg/L","","","","","","","MIC XGBoost Model","202503101","W1 score: 0.92, CI[0.90, 0.93]","Computational Method","",""
605,"605.10","Salmonella enterica subsp. enterica serovar Pullorum strain S4037-07","tetracycline","","8.0","","8.0","mg/L","","","","","","","MIC XGBoost Model","202503101","W1 score: 0.99, CI[0.98, 0.99]","Computational Method","",""
605,"605.10","Salmonella enterica subsp. enterica serovar Pullorum strain S4037-07","ceftiofur","","1.0","","1.0","mg/L","","","","","","","MIC XGBoost Model","202503101","W1 score: 0.99, CI[0.98, 0.99]","Computational Method","",""
605,"605.100","Salmonella enterica subsp. enterica serovar Pullorum FHC-113","amoxicillin/clavulanic acid","","8.0","","8.0","mg/L","","","","","","","MIC XGBoost Model","202503101","W1 score: 0.98, CI[0.96, 0.99]","Computational Method","",""
605,"605.100","Salmonella enterica subsp. enterica serovar Pullorum FHC-113","ampicillin","","32.0","","32.0","mg/L","","","","","","","MIC XGBoost Model","202503101","W1 score: 0.96, CI[0.95, 0.97]","Computational Method","",""
605,"605.100","Salmonella enterica subsp. enterica serovar Pullorum FHC-113","azithromycin","","4.0","","4.0","mg/L","","","","","","","MIC XGBoost Model","202503101","W1 score: 0.99, CI[0.98, 1.00]","Computational Method","",""
605,"605.100","Salmonella enterica subsp. enterica serovar Pullorum FHC-113","ceftazidime","","16.0","","16.0","mg/L","","","","","","","MIC XGBoost Model","202503101","W1 score: 0.93, CI[0.88, 0.99]","Computational Method","",""
605,"605.100","Salmonella enterica subsp. enterica serovar Pullorum FHC-113","chloramphenicol","","8.0","","8.0","mg/L","","","","","","","MIC XGBoost Model","202503101","W1 score: 0.99, CI[0.98, 1.00]","Computational Method","",""
605,"605.100","Salmonella enterica subsp. enterica serovar Pullorum FHC-113","ciprofloxacin","","0.25","","0.25","mg/L","","","","","","","MIC XGBoost Model","202503101","W1 score: 0.88, CI[0.86, 0.90]","Computational Method","",""
605,"605.100","Salmonella enterica subsp. enterica serovar Pullorum FHC-113","ceftriaxone","","2.0","","2.0","mg/L","","","","","","","MIC XGBoost Model","202503101","W1 score: 0.95, CI[0.94, 0.96]","Computational Method","",""
605,"605.100","Salmonella enterica subsp. enterica serovar Pullorum FHC-113","cefotaxime","","32.0","","32.0","mg/L","","","","","","","MIC XGBoost Model","202503101","W1 score: 0.95, CI[0.89, 1.00]","Computational Method","",""
605,"605.100","Salmonella enterica subsp. enterica serovar Pullorum FHC-113","sulfisoxazole","","32.0","","32.0","mg/L","","","","","","","MIC XGBoost Model","202503101","W1 score: 0.98, CI[0.97, 0.99]","Computational Method","",""
605,"605.100","Salmonella enterica subsp. enterica serovar Pullorum FHC-113","cefoxitin","","2.0","","2.0","mg/L","","","","","","","MIC XGBoost Model","202503101","W1 score: 0.98, CI[0.97, 1.00]","Computational Method","",""
605,"605.100","Salmonella enterica subsp. enterica serovar Pullorum FHC-113","gentamicin","","0.5","","0.5","mg/L","","","","","","","MIC XGBoost Model","202503101","W1 score: 0.97, CI[0.95, 0.99]","Computational Method","",""
605,"605.100","Salmonella enterica subsp. enterica serovar Pullorum FHC-113","kanamycin","","16.0","","16.0","mg/L","","","","","","","MIC XGBoost Model","202503101","W1 score: 0.99, CI[0.98, 1.01]","Computational Method","",""
605,"605.100","Salmonella enterica subsp. enterica serovar Pullorum FHC-113","meropenem","","0.0625","","0.0625","mg/L","","","","","","","MIC XGBoost Model","202503101","W1 score: 0.95, CI[0.90, 1.01]","Computational Method","",""
605,"605.100","Salmonella enterica subsp. enterica serovar Pullorum FHC-113","nalidixic acid","","16.0","","16.0","mg/L","","","","","","","MIC XGBoost Model","202503101","W1 score: 0.98, CI[0.97, 0.99]","Computational Method","",""
605,"605.100","Salmonella enterica subsp. enterica serovar Pullorum FHC-113","streptomycin","","8.0","","8.0","mg/L","","","","","","","MIC XGBoost Model","202503101","W1 score: 0.92, CI[0.90, 0.93]","Computational Method","",""
605,"605.100","Salmonella enterica subsp. enterica serovar Pullorum FHC-113","tetracycline","","32.0","","32.0","mg/L","","","","","","","MIC XGBoost Model","202503101","W1 score: 0.99, CI[0.98, 0.99]","Computational Method","",""
605,"605.100","Salmonella enterica subsp. enterica serovar Pullorum FHC-113","ceftiofur","","1.0","","1.0","mg/L","","","","","","","MIC XGBoost Model","202503101","W1 score: 0.99, CI[0.98, 0.99]","Computational Method","",""
605,"605.101","Salmonella enterica subsp. enterica serovar Pullorum FHC-112","amoxicillin/clavulanic acid","","1.0","","1.0","mg/L","","","","","","","MIC XGBoost Model","202503101","W1 score: 0.98, CI[0.96, 0.99]","Computational Method","",""
605,"605.101","Salmonella enterica subsp. enterica serovar Pullorum FHC-112","ampicillin","","2.0","","2.0","mg/L","","","","","","","MIC XGBoost Model","202503101","W1 score: 0.96, CI[0.95, 0.97]","Computational Method","",""
605,"605.101","Salmonella enterica subsp. enterica serovar Pullorum FHC-112","azithromycin","","4.0","","4.0","mg/L","","","","","","","MIC XGBoost Model","202503101","W1 score: 0.99, CI[0.98, 1.00]","Computational Method","",""
605,"605.101","Salmonella enterica subsp. enterica serovar Pullorum FHC-112","ceftazidime","","16.0","","16.0","mg/L","","","","","","","MIC XGBoost Model","202503101","W1 score: 0.93, CI[0.88, 0.99]","Computational Method","",""
605,"605.101","Salmonella enterica subsp. enterica serovar Pullorum FHC-112","chloramphenicol","","8.0","","8.0","mg/L","","","","","","","MIC XGBoost Model","202503101","W1 score: 0.99, CI[0.98, 1.00]","Computational Method","",""
605,"605.101","Salmonella enterica subsp. enterica serovar Pullorum FHC-112","ciprofloxacin","","0.25","","0.25","mg/L","","","","","","","MIC XGBoost Model","202503101","W1 score: 0.88, CI[0.86, 0.90]","Computational Method","",""
605,"605.101","Salmonella enterica subsp. enterica serovar Pullorum FHC-112","ceftriaxone","","1.0","","1.0","mg/L","","","","","","","MIC XGBoost Model","202503101","W1 score: 0.95, CI[0.94, 0.96]","Computational Method","",""
605,"605.101","Salmonella enterica subsp. enterica serovar Pullorum FHC-112","cefotaxime","","32.0","","32.0","mg/L","","","","","","","MIC XGBoost Model","202503101","W1 score: 0.95, CI[0.89, 1.00]","Computational Method","",""
605,"605.101","Salmonella enterica subsp. enterica serovar Pullorum FHC-112","sulfisoxazole","","256.0","","256.0","mg/L","","","","","","","MIC XGBoost Model","202503101","W1 score: 0.98, CI[0.97, 0.99]","Computational Method","",""
605,"605.101","Salmonella enterica subsp. enterica serovar Pullorum FHC-112","cefoxitin","","2.0","","2.0","mg/L","","","","","","","MIC XGBoost Model","202503101","W1 score: 0.98, CI[0.97, 1.00]","Computational Method","",""
605,"605.101","Salmonella enterica subsp. enterica serovar Pullorum FHC-112","gentamicin","","0.5","","0.5","mg/L","","","","","","","MIC XGBoost Model","202503101","W1 score: 0.97, CI[0.95, 0.99]","Computational Method","",""
605,"605.101","Salmonella enterica subsp. enterica serovar Pullorum FHC-112","kanamycin","","16.0","","16.0","mg/L","","","","","","","MIC XGBoost Model","202503101","W1 score: 0.99, CI[0.98, 1.01]","Computational Method","",""
605,"605.101","Salmonella enterica subsp. enterica serovar Pullorum FHC-112","meropenem","","0.125","","0.125","mg/L","","","","","","","MIC XGBoost Model","202503101","W1 score: 0.95, CI[0.90, 1.01]","Computational Method","",""
605,"605.101","Salmonella enterica subsp. enterica serovar Pullorum FHC-112","nalidixic acid","","16.0","","16.0","mg/L","","","","","","","MIC XGBoost Model","202503101","W1 score: 0.98, CI[0.97, 0.99]","Computational Method","",""
605,"605.101","Salmonella enterica subsp. enterica serovar Pullorum FHC-112","streptomycin","","32.0","","32.0","mg/L","","","","","","","MIC XGBoost Model","202503101","W1 score: 0.92, CI[0.90, 0.93]","Computational Method","",""
605,"605.101","Salmonella enterica subsp. enterica serovar Pullorum FHC-112","tetracycline","","32.0","","32.0","mg/L","","","","","","","MIC XGBoost Model","202503101","W1 score: 0.99, CI[0.98, 0.99]","Computational Method","",""
605,"605.101","Salmonella enterica subsp. enterica serovar Pullorum FHC-112","ceftiofur","","1.0","","1.0","mg/L","","","","","","","MIC XGBoost Model","202503101","W1 score: 0.99, CI[0.98, 0.99]","Computational Method","",""
605,"605.102","Salmonella enterica subsp. enterica serovar Pullorum FHC-106","amoxicillin/clavulanic acid","","8.0","","8.0","mg/L","","","","","","","MIC XGBoost Model","202503101","W1 score: 0.98, CI[0.96, 0.99]","Computational Method","",""
605,"605.102","Salmonella enterica subsp. enterica serovar Pullorum FHC-106","ampicillin","","64.0","","64.0","mg/L","","","","","","","MIC XGBoost Model","202503101","W1 score: 0.96, CI[0.95, 0.97]","Computational Method","",""
605,"605.102","Salmonella enterica subsp. enterica serovar Pullorum FHC-106","azithromycin","","4.0","","4.0","mg/L","","","","","","","MIC XGBoost Model","202503101","W1 score: 0.99, CI[0.98, 1.00]","Computational Method","",""
605,"605.102","Salmonella enterica subsp. enterica serovar Pullorum FHC-106","ceftazidime","","8.0","","8.0","mg/L","","","","","","","MIC XGBoost Model","202503101","W1 score: 0.93, CI[0.88, 0.99]","Computational Method","",""
605,"605.102","Salmonella enterica subsp. enterica serovar Pullorum FHC-106","chloramphenicol","","8.0","","8.0","mg/L","","","","","","","MIC XGBoost Model","202503101","W1 score: 0.99, CI[0.98, 1.00]","Computational Method","",""
605,"605.102","Salmonella enterica subsp. enterica serovar Pullorum FHC-106","ciprofloxacin","","0.5","","0.5","mg/L","","","","","","","MIC XGBoost Model","202503101","W1 score: 0.88, CI[0.86, 0.90]","Computational Method","",""
605,"605.102","Salmonella enterica subsp. enterica serovar Pullorum FHC-106","ceftriaxone","","1.0","","1.0","mg/L","","","","","","","MIC XGBoost Model","202503101","W1 score: 0.95, CI[0.94, 0.96]","Computational Method","",""
605,"605.102","Salmonella enterica subsp. enterica serovar Pullorum FHC-106","cefotaxime","","32.0","","32.0","mg/L","","","","","","","MIC XGBoost Model","202503101","W1 score: 0.95, CI[0.89, 1.00]","Computational Method","",""
605,"605.102","Salmonella enterica subsp. enterica serovar Pullorum FHC-106","sulfisoxazole","","256.0","","256.0","mg/L","","","","","","","MIC XGBoost Model","202503101","W1 score: 0.98, CI[0.97, 0.99]","Computational Method","",""
605,"605.102","Salmonella enterica subsp. enterica serovar Pullorum FHC-106","cefoxitin","","2.0","","2.0","mg/L","","","","","","","MIC XGBoost Model","202503101","W1 score: 0.98, CI[0.97, 1.00]","Computational Method","",""
605,"605.102","Salmonella enterica subsp. enterica serovar Pullorum FHC-106","gentamicin","","0.5","","0.5","mg/L","","","","","","","MIC XGBoost Model","202503101","W1 score: 0.97, CI[0.95, 0.99]","Computational Method","",""
605,"605.102","Salmonella enterica subsp. enterica serovar Pullorum FHC-106","kanamycin","","16.0","","16.0","mg/L","","","","","","","MIC XGBoost Model","202503101","W1 score: 0.99, CI[0.98, 1.01]","Computational Method","",""
605,"605.102","Salmonella enterica subsp. enterica serovar Pullorum FHC-106","meropenem","","0.0625","","0.0625","mg/L","","","","","","","MIC XGBoost Model","202503101","W1 score: 0.95, CI[0.90, 1.01]","Computational Method","",""
605,"605.102","Salmonella enterica subsp. enterica serovar Pullorum FHC-106","nalidixic acid","","16.0","","16.0","mg/L","","","","","","","MIC XGBoost Model","202503101","W1 score: 0.98, CI[0.97, 0.99]","Computational Method","",""
605,"605.102","Salmonella enterica subsp. enterica serovar Pullorum FHC-106","streptomycin","","8.0","","8.0","mg/L","","","","","","","MIC XGBoost Model","202503101","W1 score: 0.92, CI[0.90, 0.93]","Computational Method","",""
605,"605.102","Salmonella enterica subsp. enterica serovar Pullorum FHC-106","tetracycline","","8.0","","8.0","mg/L","","","","","","","MIC XGBoost Model","202503101","W1 score: 0.99, CI[0.98, 0.99]","Computational Method","",""
605,"605.102","Salmonella enterica subsp. enterica serovar Pullorum FHC-106","ceftiofur","","1.0","","1.0","mg/L","","","","","","","MIC XGBoost Model","202503101","W1 score: 0.99, CI[0.98, 0.99]","Computational Method","",""
605,"605.103","Salmonella enterica subsp. enterica serovar Pullorum FHC-107","amoxicillin/clavulanic acid","","8.0","","8.0","mg/L","","","","","","","MIC XGBoost Model","202503101","W1 score: 0.98, CI[0.96, 0.99]","Computational Method","",""
605,"605.103","Salmonella enterica subsp. enterica serovar Pullorum FHC-107","ampicillin","","64.0","","64.0","mg/L","","","","","","","MIC XGBoost Model","202503101","W1 score: 0.96, CI[0.95, 0.97]","Computational Method","",""
605,"605.103","Salmonella enterica subsp. enterica serovar Pullorum FHC-107","azithromycin","","4.0","","4.0","mg/L","","","","","","","MIC XGBoost Model","202503101","W1 score: 0.99, CI[0.98, 1.00]","Computational Method","",""
605,"605.103","Salmonella enterica subsp. enterica serovar Pullorum FHC-107","ceftazidime","","8.0","","8.0","mg/L","","","","","","","MIC XGBoost Model","202503101","W1 score: 0.93, CI[0.88, 0.99]","Computational Method","",""
605,"605.103","Salmonella enterica subsp. enterica serovar Pullorum FHC-107","chloramphenicol","","8.0","","8.0","mg/L","","","","","","","MIC XGBoost Model","202503101","W1 score: 0.99, CI[0.98, 1.00]","Computational Method","",""
605,"605.103","Salmonella enterica subsp. enterica serovar Pullorum FHC-107","ciprofloxacin","","0.5","","0.5","mg/L","","","","","","","MIC XGBoost Model","202503101","W1 score: 0.88, CI[0.86, 0.90]","Computational Method","",""
605,"605.103","Salmonella enterica subsp. enterica serovar Pullorum FHC-107","ceftriaxone","","1.0","","1.0","mg/L","","","","","","","MIC XGBoost Model","202503101","W1 score: 0.95, CI[0.94, 0.96]","Computational Method","",""
605,"605.103","Salmonella enterica subsp. enterica serovar Pullorum FHC-107","cefotaxime","","32.0","","32.0","mg/L","","","","","","","MIC XGBoost Model","202503101","W1 score: 0.95, CI[0.89, 1.00]","Computational Method","",""
605,"605.103","Salmonella enterica subsp. enterica serovar Pullorum FHC-107","sulfisoxazole","","256.0","","256.0","mg/L","","","","","","","MIC XGBoost Model","202503101","W1 score: 0.98, CI[0.97, 0.99]","Computational Method","",""
605,"605.103","Salmonella enterica subsp. enterica serovar Pullorum FHC-107","cefoxitin","","2.0","","2.0","mg/L","","","","","","","MIC XGBoost Model","202503101","W1 score: 0.98, CI[0.97, 1.00]","Computational Method","",""
605,"605.103","Salmonella enterica subsp. enterica serovar Pullorum FHC-107","gentamicin","","0.5","","0.5","mg/L","","","","","","","MIC XGBoost Model","202503101","W1 score: 0.97, CI[0.95, 0.99]","Computational Method","",""
605,"605.103","Salmonella enterica subsp. enterica serovar Pullorum FHC-107","kanamycin","","16.0","","16.0","mg/L","","","","","","","MIC XGBoost Model","202503101","W1 score: 0.99, CI[0.98, 1.01]","Computational Method","",""
605,"605.103","Salmonella enterica subsp. enterica serovar Pullorum FHC-107","meropenem","","0.0625","","0.0625","mg/L","","","","","","","MIC XGBoost Model","202503101","W1 score: 0.95, CI[0.90, 1.01]","Computational Method","",""
605,"605.103","Salmonella enterica subsp. enterica serovar Pullorum FHC-107","nalidixic acid","","16.0","","16.0","mg/L","","","","","","","MIC XGBoost Model","202503101","W1 score: 0.98, CI[0.97, 0.99]","Computational Method","",""
605,"605.103","Salmonella enterica subsp. enterica serovar Pullorum FHC-107","streptomycin","","8.0","","8.0","mg/L","","","","","","","MIC XGBoost Model","202503101","W1 score: 0.92, CI[0.90, 0.93]","Computational Method","",""
605,"605.103","Salmonella enterica subsp. enterica serovar Pullorum FHC-107","tetracycline","","32.0","","32.0","mg/L","","","","","","","MIC XGBoost Model","202503101","W1 score: 0.99, CI[0.98, 0.99]","Computational Method","",""
605,"605.103","Salmonella enterica subsp. enterica serovar Pullorum FHC-107","ceftiofur","","1.0","","1.0","mg/L","","","","","","","MIC XGBoost Model","202503101","W1 score: 0.99, CI[0.98, 0.99]","Computational Method","",""
605,"605.104","Salmonella enterica subsp. enterica serovar Pullorum FHC-109","amoxicillin/clavulanic acid","","8.0","","8.0","mg/L","","","","","","","MIC XGBoost Model","202503101","W1 score: 0.98, CI[0.96, 0.99]","Computational Method","",""
605,"605.104","Salmonella enterica subsp. enterica serovar Pullorum FHC-109","ampicillin","","64.0","","64.0","mg/L","","","","","","","MIC XGBoost Model","202503101","W1 score: 0.96, CI[0.95, 0.97]","Computational Method","",""
605,"605.104","Salmonella enterica subsp. enterica serovar Pullorum FHC-109","azithromycin","","4.0","","4.0","mg/L","","","","","","","MIC XGBoost Model","202503101","W1 score: 0.99, CI[0.98, 1.00]","Computational Method","",""
605,"605.104","Salmonella enterica subsp. enterica serovar Pullorum FHC-109","ceftazidime","","8.0","","8.0","mg/L","","","","","","","MIC XGBoost Model","202503101","W1 score: 0.93, CI[0.88, 0.99]","Computational Method","",""
605,"605.104","Salmonella enterica subsp. enterica serovar Pullorum FHC-109","chloramphenicol","","8.0","","8.0","mg/L","","","","","","","MIC XGBoost Model","202503101","W1 score: 0.99, CI[0.98, 1.00]","Computational Method","",""
605,"605.104","Salmonella enterica subsp. enterica serovar Pullorum FHC-109","ciprofloxacin","","0.5","","0.5","mg/L","","","","","","","MIC XGBoost Model","202503101","W1 score: 0.88, CI[0.86, 0.90]","Computational Method","",""
605,"605.104","Salmonella enterica subsp. enterica serovar Pullorum FHC-109","ceftriaxone","","1.0","","1.0","mg/L","","","","","","","MIC XGBoost Model","202503101","W1 score: 0.95, CI[0.94, 0.96]","Computational Method","",""
605,"605.104","Salmonella enterica subsp. enterica serovar Pullorum FHC-109","cefotaxime","","32.0","","32.0","mg/L","","","","","","","MIC XGBoost Model","202503101","W1 score: 0.95, CI[0.89, 1.00]","Computational Method","",""
605,"605.104","Salmonella enterica subsp. enterica serovar Pullorum FHC-109","sulfisoxazole","","256.0","","256.0","mg/L","","","","","","","MIC XGBoost Model","202503101","W1 score: 0.98, CI[0.97, 0.99]","Computational Method","",""
605,"605.104","Salmonella enterica subsp. enterica serovar Pullorum FHC-109","cefoxitin","","2.0","","2.0","mg/L","","","","","","","MIC XGBoost Model","202503101","W1 score: 0.98, CI[0.97, 1.00]","Computational Method","",""
605,"605.104","Salmonella enterica subsp. enterica serovar Pullorum FHC-109","gentamicin","","0.5","","0.5","mg/L","","","","","","","MIC XGBoost Model","202503101","W1 score: 0.97, CI[0.95, 0.99]","Computational Method","",""
605,"605.104","Salmonella enterica subsp. enterica serovar Pullorum FHC-109","kanamycin","","16.0","","16.0","mg/L","","","","","","","MIC XGBoost Model","202503101","W1 score: 0.99, CI[0.98, 1.01]","Computational Method","",""
605,"605.104","Salmonella enterica subsp. enterica serovar Pullorum FHC-109","meropenem","","0.0625","","0.0625","mg/L","","","","","","","MIC XGBoost Model","202503101","W1 score: 0.95, CI[0.90, 1.01]","Computational Method","",""
605,"605.104","Salmonella enterica subsp. enterica serovar Pullorum FHC-109","nalidixic acid","","16.0","","16.0","mg/L","","","","","","","MIC XGBoost Model","202503101","W1 score: 0.98, CI[0.97, 0.99]","Computational Method","",""
605,"605.104","Salmonella enterica subsp. enterica serovar Pullorum FHC-109","streptomycin","","8.0","","8.0","mg/L","","","","","","","MIC XGBoost Model","202503101","W1 score: 0.92, CI[0.90, 0.93]","Computational Method","",""
605,"605.104","Salmonella enterica subsp. enterica serovar Pullorum FHC-109","tetracycline","","32.0","","32.0","mg/L","","","","","","","MIC XGBoost Model","202503101","W1 score: 0.99, CI[0.98, 0.99]","Computational Method","",""
605,"605.104","Salmonella enterica subsp. enterica serovar Pullorum FHC-109","ceftiofur","","1.0","","1.0","mg/L","","","","","","","MIC XGBoost Model","202503101","W1 score: 0.99, CI[0.98, 0.99]","Computational Method","",""
605,"605.105","Salmonella enterica subsp. enterica serovar Pullorum FHC-111","amoxicillin/clavulanic acid","","8.0","","8.0","mg/L","","","","","","","MIC XGBoost Model","202503101","W1 score: 0.98, CI[0.96, 0.99]","Computational Method","",""
605,"605.105","Salmonella enterica subsp. enterica serovar Pullorum FHC-111","ampicillin","","64.0","","64.0","mg/L","","","","","","","MIC XGBoost Model","202503101","W1 score: 0.96, CI[0.95, 0.97]","Computational Method","",""
605,"605.105","Salmonella enterica subsp. enterica serovar Pullorum FHC-111","azithromycin","","4.0","","4.0","mg/L","","","","","","","MIC XGBoost Model","202503101","W1 score: 0.99, CI[0.98, 1.00]","Computational Method","",""
605,"605.105","Salmonella enterica subsp. enterica serovar Pullorum FHC-111","ceftazidime","","16.0","","16.0","mg/L","","","","","","","MIC XGBoost Model","202503101","W1 score: 0.93, CI[0.88, 0.99]","Computational Method","",""
605,"605.105","Salmonella enterica subsp. enterica serovar Pullorum FHC-111","chloramphenicol","","8.0","","8.0","mg/L","","","","","","","MIC XGBoost Model","202503101","W1 score: 0.99, CI[0.98, 1.00]","Computational Method","",""
605,"605.105","Salmonella enterica subsp. enterica serovar Pullorum FHC-111","ciprofloxacin","","0.125","","0.125","mg/L","","","","","","","MIC XGBoost Model","202503101","W1 score: 0.88, CI[0.86, 0.90]","Computational Method","",""
605,"605.105","Salmonella enterica subsp. enterica serovar Pullorum FHC-111","ceftriaxone","","1.0","","1.0","mg/L","","","","","","","MIC XGBoost Model","202503101","W1 score: 0.95, CI[0.94, 0.96]","Computational Method","",""
605,"605.105","Salmonella enterica subsp. enterica serovar Pullorum FHC-111","cefotaxime","","32.0","","32.0","mg/L","","","","","","","MIC XGBoost Model","202503101","W1 score: 0.95, CI[0.89, 1.00]","Computational Method","",""
605,"605.105","Salmonella enterica subsp. enterica serovar Pullorum FHC-111","sulfisoxazole","","256.0","","256.0","mg/L","","","","","","","MIC XGBoost Model","202503101","W1 score: 0.98, CI[0.97, 0.99]","Computational Method","",""
605,"605.105","Salmonella enterica subsp. enterica serovar Pullorum FHC-111","cefoxitin","","2.0","","2.0","mg/L","","","","","","","MIC XGBoost Model","202503101","W1 score: 0.98, CI[0.97, 1.00]","Computational Method","",""
605,"605.105","Salmonella enterica subsp. enterica serovar Pullorum FHC-111","gentamicin","","0.5","","0.5","mg/L","","","","","","","MIC XGBoost Model","202503101","W1 score: 0.97, CI[0.95, 0.99]","Computational Method","",""
605,"605.105","Salmonella enterica subsp. enterica serovar Pullorum FHC-111","kanamycin","","16.0","","16.0","mg/L","","","","","","","MIC XGBoost Model","202503101","W1 score: 0.99, CI[0.98, 1.01]","Computational Method","",""
605,"605.105","Salmonella enterica subsp. enterica serovar Pullorum FHC-111","meropenem","","0.125","","0.125","mg/L","","","","","","","MIC XGBoost Model","202503101","W1 score: 0.95, CI[0.90, 1.01]","Computational Method","",""
605,"605.105","Salmonella enterica subsp. enterica serovar Pullorum FHC-111","nalidixic acid","","32.0","","32.0","mg/L","","","","","","","MIC XGBoost Model","202503101","W1 score: 0.98, CI[0.97, 0.99]","Computational Method","",""
605,"605.105","Salmonella enterica subsp. enterica serovar Pullorum FHC-111","streptomycin","","8.0","","8.0","mg/L","","","","","","","MIC XGBoost Model","202503101","W1 score: 0.92, CI[0.90, 0.93]","Computational Method","",""
605,"605.105","Salmonella enterica subsp. enterica serovar Pullorum FHC-111","tetracycline","","4.0","","4.0","mg/L","","","","","","","MIC XGBoost Model","202503101","W1 score: 0.99, CI[0.98, 0.99]","Computational Method","",""
605,"605.105","Salmonella enterica subsp. enterica serovar Pullorum FHC-111","ceftiofur","","1.0","","1.0","mg/L","","","","","","","MIC XGBoost Model","202503101","W1 score: 0.99, CI[0.98, 0.99]","Computational Method","",""
605,"605.106","Salmonella enterica subsp. enterica serovar Pullorum FHC-110","amoxicillin/clavulanic acid","","8.0","","8.0","mg/L","","","","","","","MIC XGBoost Model","202503101","W1 score: 0.98, CI[0.96, 0.99]","Computational Method","",""
605,"605.106","Salmonella enterica subsp. enterica serovar Pullorum FHC-110","ampicillin","","64.0","","64.0","mg/L","","","","","","","MIC XGBoost Model","202503101","W1 score: 0.96, CI[0.95, 0.97]","Computational Method","",""
605,"605.106","Salmonella enterica subsp. enterica serovar Pullorum FHC-110","azithromycin","","4.0","","4.0","mg/L","","","","","","","MIC XGBoost Model","202503101","W1 score: 0.99, CI[0.98, 1.00]","Computational Method","",""
605,"605.106","Salmonella enterica subsp. enterica serovar Pullorum FHC-110","ceftazidime","","8.0","","8.0","mg/L","","","","","","","MIC XGBoost Model","202503101","W1 score: 0.93, CI[0.88, 0.99]","Computational Method","",""
605,"605.106","Salmonella enterica subsp. enterica serovar Pullorum FHC-110","chloramphenicol","","8.0","","8.0","mg/L","","","","","","","MIC XGBoost Model","202503101","W1 score: 0.99, CI[0.98, 1.00]","Computational Method","",""
605,"605.106","Salmonella enterica subsp. enterica serovar Pullorum FHC-110","ciprofloxacin","","0.5","","0.5","mg/L","","","","","","","MIC XGBoost Model","202503101","W1 score: 0.88, CI[0.86, 0.90]","Computational Method","",""
605,"605.106","Salmonella enterica subsp. enterica serovar Pullorum FHC-110","ceftriaxone","","1.0","","1.0","mg/L","","","","","","","MIC XGBoost Model","202503101","W1 score: 0.95, CI[0.94, 0.96]","Computational Method","",""
605,"605.106","Salmonella enterica subsp. enterica serovar Pullorum FHC-110","cefotaxime","","32.0","","32.0","mg/L","","","","","","","MIC XGBoost Model","202503101","W1 score: 0.95, CI[0.89, 1.00]","Computational Method","",""
605,"605.106","Salmonella enterica subsp. enterica serovar Pullorum FHC-110","sulfisoxazole","","256.0","","256.0","mg/L","","","","","","","MIC XGBoost Model","202503101","W1 score: 0.98, CI[0.97, 0.99]","Computational Method","",""
605,"605.106","Salmonella enterica subsp. enterica serovar Pullorum FHC-110","cefoxitin","","2.0","","2.0","mg/L","","","","","","","MIC XGBoost Model","202503101","W1 score: 0.98, CI[0.97, 1.00]","Computational Method","",""
605,"605.106","Salmonella enterica subsp. enterica serovar Pullorum FHC-110","gentamicin","","0.5","","0.5","mg/L","","","","","","","MIC XGBoost Model","202503101","W1 score: 0.97, CI[0.95, 0.99]","Computational Method","",""
605,"605.106","Salmonella enterica subsp. enterica serovar Pullorum FHC-110","kanamycin","","16.0","","16.0","mg/L","","","","","","","MIC XGBoost Model","202503101","W1 score: 0.99, CI[0.98, 1.01]","Computational Method","",""
605,"605.106","Salmonella enterica subsp. enterica serovar Pullorum FHC-110","meropenem","","0.0625","","0.0625","mg/L","","","","","","","MIC XGBoost Model","202503101","W1 score: 0.95, CI[0.90, 1.01]","Computational Method","",""
605,"605.106","Salmonella enterica subsp. enterica serovar Pullorum FHC-110","nalidixic acid","","16.0","","16.0","mg/L","","","","","","","MIC XGBoost Model","202503101","W1 score: 0.98, CI[0.97, 0.99]","Computational Method","",""
605,"605.106","Salmonella enterica subsp. enterica serovar Pullorum FHC-110","streptomycin","","8.0","","8.0","mg/L","","","","","","","MIC XGBoost Model","202503101","W1 score: 0.92, CI[0.90, 0.93]","Computational Method","",""
605,"605.106","Salmonella enterica subsp. enterica serovar Pullorum FHC-110","tetracycline","","32.0","","32.0","mg/L","","","","","","","MIC XGBoost Model","202503101","W1 score: 0.99, CI[0.98, 0.99]","Computational Method","",""
605,"605.106","Salmonella enterica subsp. enterica serovar Pullorum FHC-110","ceftiofur","","1.0","","1.0","mg/L","","","","","","","MIC XGBoost Model","202503101","W1 score: 0.99, CI[0.98, 0.99]","Computational Method","",""
605,"605.107","Salmonella enterica subsp. enterica serovar Pullorum FHC-104","amoxicillin/clavulanic acid","","8.0","","8.0","mg/L","","","","","","","MIC XGBoost Model","202503101","W1 score: 0.98, CI[0.96, 0.99]","Computational Method","",""
605,"605.107","Salmonella enterica subsp. enterica serovar Pullorum FHC-104","ampicillin","","64.0","","64.0","mg/L","","","","","","","MIC XGBoost Model","202503101","W1 score: 0.96, CI[0.95, 0.97]","Computational Method","",""
605,"605.107","Salmonella enterica subsp. enterica serovar Pullorum FHC-104","azithromycin","","4.0","","4.0","mg/L","","","","","","","MIC XGBoost Model","202503101","W1 score: 0.99, CI[0.98, 1.00]","Computational Method","",""
605,"605.107","Salmonella enterica subsp. enterica serovar Pullorum FHC-104","ceftazidime","","8.0","","8.0","mg/L","","","","","","","MIC XGBoost Model","202503101","W1 score: 0.93, CI[0.88, 0.99]","Computational Method","",""
605,"605.107","Salmonella enterica subsp. enterica serovar Pullorum FHC-104","chloramphenicol","","8.0","","8.0","mg/L","","","","","","","MIC XGBoost Model","202503101","W1 score: 0.99, CI[0.98, 1.00]","Computational Method","",""
605,"605.107","Salmonella enterica subsp. enterica serovar Pullorum FHC-104","ciprofloxacin","","0.5","","0.5","mg/L","","","","","","","MIC XGBoost Model","202503101","W1 score: 0.88, CI[0.86, 0.90]","Computational Method","",""
605,"605.107","Salmonella enterica subsp. enterica serovar Pullorum FHC-104","ceftriaxone","","1.0","","1.0","mg/L","","","","","","","MIC XGBoost Model","202503101","W1 score: 0.95, CI[0.94, 0.96]","Computational Method","",""
605,"605.107","Salmonella enterica subsp. enterica serovar Pullorum FHC-104","cefotaxime","","32.0","","32.0","mg/L","","","","","","","MIC XGBoost Model","202503101","W1 score: 0.95, CI[0.89, 1.00]","Computational Method","",""
605,"605.107","Salmonella enterica subsp. enterica serovar Pullorum FHC-104","sulfisoxazole","","256.0","","256.0","mg/L","","","","","","","MIC XGBoost Model","202503101","W1 score: 0.98, CI[0.97, 0.99]","Computational Method","",""
605,"605.107","Salmonella enterica subsp. enterica serovar Pullorum FHC-104","cefoxitin","","2.0","","2.0","mg/L","","","","","","","MIC XGBoost Model","202503101","W1 score: 0.98, CI[0.97, 1.00]","Computational Method","",""
605,"605.107","Salmonella enterica subsp. enterica serovar Pullorum FHC-104","gentamicin","","0.5","","0.5","mg/L","","","","","","","MIC XGBoost Model","202503101","W1 score: 0.97, CI[0.95, 0.99]","Computational Method","",""
605,"605.107","Salmonella enterica subsp. enterica serovar Pullorum FHC-104","kanamycin","","16.0","","16.0","mg/L","","","","","","","MIC XGBoost Model","202503101","W1 score: 0.99, CI[0.98, 1.01]","Computational Method","",""
605,"605.107","Salmonella enterica subsp. enterica serovar Pullorum FHC-104","meropenem","","0.0625","","0.0625","mg/L","","","","","","","MIC XGBoost Model","202503101","W1 score: 0.95, CI[0.90, 1.01]","Computational Method","",""
605,"605.107","Salmonella enterica subsp. enterica serovar Pullorum FHC-104","nalidixic acid","","16.0","","16.0","mg/L","","","","","","","MIC XGBoost Model","202503101","W1 score: 0.98, CI[0.97, 0.99]","Computational Method","",""
605,"605.107","Salmonella enterica subsp. enterica serovar Pullorum FHC-104","streptomycin","","8.0","","8.0","mg/L","","","","","","","MIC XGBoost Model","202503101","W1 score: 0.92, CI[0.90, 0.93]","Computational Method","",""
605,"605.107","Salmonella enterica subsp. enterica serovar Pullorum FHC-104","tetracycline","","32.0","","32.0","mg/L","","","","","","","MIC XGBoost Model","202503101","W1 score: 0.99, CI[0.98, 0.99]","Computational Method","",""
605,"605.107","Salmonella enterica subsp. enterica serovar Pullorum FHC-104","ceftiofur","","1.0","","1.0","mg/L","","","","","","","MIC XGBoost Model","202503101","W1 score: 0.99, CI[0.98, 0.99]","Computational Method","",""
605,"605.108","Salmonella enterica subsp. enterica serovar Pullorum FHC-108","amoxicillin/clavulanic acid","","8.0","","8.0","mg/L","","","","","","","MIC XGBoost Model","202503101","W1 score: 0.98, CI[0.96, 0.99]","Computational Method","",""
605,"605.108","Salmonella enterica subsp. enterica serovar Pullorum FHC-108","ampicillin","","64.0","","64.0","mg/L","","","","","","","MIC XGBoost Model","202503101","W1 score: 0.96, CI[0.95, 0.97]","Computational Method","",""
605,"605.108","Salmonella enterica subsp. enterica serovar Pullorum FHC-108","azithromycin","","4.0","","4.0","mg/L","","","","","","","MIC XGBoost Model","202503101","W1 score: 0.99, CI[0.98, 1.00]","Computational Method","",""
605,"605.108","Salmonella enterica subsp. enterica serovar Pullorum FHC-108","ceftazidime","","8.0","","8.0","mg/L","","","","","","","MIC XGBoost Model","202503101","W1 score: 0.93, CI[0.88, 0.99]","Computational Method","",""
605,"605.108","Salmonella enterica subsp. enterica serovar Pullorum FHC-108","chloramphenicol","","8.0","","8.0","mg/L","","","","","","","MIC XGBoost Model","202503101","W1 score: 0.99, CI[0.98, 1.00]","Computational Method","",""
605,"605.108","Salmonella enterica subsp. enterica serovar Pullorum FHC-108","ciprofloxacin","","0.5","","0.5","mg/L","","","","","","","MIC XGBoost Model","202503101","W1 score: 0.88, CI[0.86, 0.90]","Computational Method","",""
605,"605.108","Salmonella enterica subsp. enterica serovar Pullorum FHC-108","ceftriaxone","","1.0","","1.0","mg/L","","","","","","","MIC XGBoost Model","202503101","W1 score: 0.95, CI[0.94, 0.96]","Computational Method","",""
605,"605.108","Salmonella enterica subsp. enterica serovar Pullorum FHC-108","cefotaxime","","32.0","","32.0","mg/L","","","","","","","MIC XGBoost Model","202503101","W1 score: 0.95, CI[0.89, 1.00]","Computational Method","",""
605,"605.108","Salmonella enterica subsp. enterica serovar Pullorum FHC-108","sulfisoxazole","","256.0","","256.0","mg/L","","","","","","","MIC XGBoost Model","202503101","W1 score: 0.98, CI[0.97, 0.99]","Computational Method","",""
605,"605.108","Salmonella enterica subsp. enterica serovar Pullorum FHC-108","cefoxitin","","2.0","","2.0","mg/L","","","","","","","MIC XGBoost Model","202503101","W1 score: 0.98, CI[0.97, 1.00]","Computational Method","",""
605,"605.108","Salmonella enterica subsp. enterica serovar Pullorum FHC-108","gentamicin","","0.5","","0.5","mg/L","","","","","","","MIC XGBoost Model","202503101","W1 score: 0.97, CI[0.95, 0.99]","Computational Method","",""
605,"605.108","Salmonella enterica subsp. enterica serovar Pullorum FHC-108","kanamycin","","16.0","","16.0","mg/L","","","","","","","MIC XGBoost Model","202503101","W1 score: 0.99, CI[0.98, 1.01]","Computational Method","",""
605,"605.108","Salmonella enterica subsp. enterica serovar Pullorum FHC-108","meropenem","","0.0625","","0.0625","mg/L","","","","","","","MIC XGBoost Model","202503101","W1 score: 0.95, CI[0.90, 1.01]","Computational Method","",""
605,"605.108","Salmonella enterica subsp. enterica serovar Pullorum FHC-108","nalidixic acid","","16.0","","16.0","mg/L","","","","","","","MIC XGBoost Model","202503101","W1 score: 0.98, CI[0.97, 0.99]","Computational Method","",""
605,"605.108","Salmonella enterica subsp. enterica serovar Pullorum FHC-108","streptomycin","","8.0","","8.0","mg/L","","","","","","","MIC XGBoost Model","202503101","W1 score: 0.92, CI[0.90, 0.93]","Computational Method","",""
605,"605.108","Salmonella enterica subsp. enterica serovar Pullorum FHC-108","tetracycline","","32.0","","32.0","mg/L","","","","","","","MIC XGBoost Model","202503101","W1 score: 0.99, CI[0.98, 0.99]","Computational Method","",""
605,"605.108","Salmonella enterica subsp. enterica serovar Pullorum FHC-108","ceftiofur","","1.0","","1.0","mg/L","","","","","","","MIC XGBoost Model","202503101","W1 score: 0.99, CI[0.98, 0.99]","Computational Method","",""
605,"605.109","Salmonella enterica subsp. enterica serovar Pullorum FHC-105","amoxicillin/clavulanic acid","","8.0","","8.0","mg/L","","","","","","","MIC XGBoost Model","202503101","W1 score: 0.98, CI[0.96, 0.99]","Computational Method","",""
605,"605.109","Salmonella enterica subsp. enterica serovar Pullorum FHC-105","ampicillin","","64.0","","64.0","mg/L","","","","","","","MIC XGBoost Model","202503101","W1 score: 0.96, CI[0.95, 0.97]","Computational Method","",""
605,"605.109","Salmonella enterica subsp. enterica serovar Pullorum FHC-105","azithromycin","","4.0","","4.0","mg/L","","","","","","","MIC XGBoost Model","202503101","W1 score: 0.99, CI[0.98, 1.00]","Computational Method","",""
605,"605.109","Salmonella enterica subsp. enterica serovar Pullorum FHC-105","ceftazidime","","8.0","","8.0","mg/L","","","","","","","MIC XGBoost Model","202503101","W1 score: 0.93, CI[0.88, 0.99]","Computational Method","",""
605,"605.109","Salmonella enterica subsp. enterica serovar Pullorum FHC-105","chloramphenicol","","8.0","","8.0","mg/L","","","","","","","MIC XGBoost Model","202503101","W1 score: 0.99, CI[0.98, 1.00]","Computational Method","",""
605,"605.109","Salmonella enterica subsp. enterica serovar Pullorum FHC-105","ciprofloxacin","","0.5","","0.5","mg/L","","","","","","","MIC XGBoost Model","202503101","W1 score: 0.88, CI[0.86, 0.90]","Computational Method","",""
605,"605.109","Salmonella enterica subsp. enterica serovar Pullorum FHC-105","ceftriaxone","","1.0","","1.0","mg/L","","","","","","","MIC XGBoost Model","202503101","W1 score: 0.95, CI[0.94, 0.96]","Computational Method","",""
605,"605.109","Salmonella enterica subsp. enterica serovar Pullorum FHC-105","cefotaxime","","32.0","","32.0","mg/L","","","","","","","MIC XGBoost Model","202503101","W1 score: 0.95, CI[0.89, 1.00]","Computational Method","",""
605,"605.109","Salmonella enterica subsp. enterica serovar Pullorum FHC-105","sulfisoxazole","","256.0","","256.0","mg/L","","","","","","","MIC XGBoost Model","202503101","W1 score: 0.98, CI[0.97, 0.99]","Computational Method","",""
605,"605.109","Salmonella enterica subsp. enterica serovar Pullorum FHC-105","cefoxitin","","2.0","","2.0","mg/L","","","","","","","MIC XGBoost Model","202503101","W1 score: 0.98, CI[0.97, 1.00]","Computational Method","",""
605,"605.109","Salmonella enterica subsp. enterica serovar Pullorum FHC-105","gentamicin","","0.5","","0.5","mg/L","","","","","","","MIC XGBoost Model","202503101","W1 score: 0.97, CI[0.95, 0.99]","Computational Method","",""
605,"605.109","Salmonella enterica subsp. enterica serovar Pullorum FHC-105","kanamycin","","16.0","","16.0","mg/L","","","","","","","MIC XGBoost Model","202503101","W1 score: 0.99, CI[0.98, 1.01]","Computational Method","",""
605,"605.109","Salmonella enterica subsp. enterica serovar Pullorum FHC-105","meropenem","","0.0625","","0.0625","mg/L","","","","","","","MIC XGBoost Model","202503101","W1 score: 0.95, CI[0.90, 1.01]","Computational Method","",""
605,"605.109","Salmonella enterica subsp. enterica serovar Pullorum FHC-105","nalidixic acid","","16.0","","16.0","mg/L","","","","","","","MIC XGBoost Model","202503101","W1 score: 0.98, CI[0.97, 0.99]","Computational Method","",""
605,"605.109","Salmonella enterica subsp. enterica serovar Pullorum FHC-105","streptomycin","","8.0","","8.0","mg/L","","","","","","","MIC XGBoost Model","202503101","W1 score: 0.92, CI[0.90, 0.93]","Computational Method","",""
605,"605.109","Salmonella enterica subsp. enterica serovar Pullorum FHC-105","tetracycline","","8.0","","8.0","mg/L","","","","","","","MIC XGBoost Model","202503101","W1 score: 0.99, CI[0.98, 0.99]","Computational Method","",""
605,"605.109","Salmonella enterica subsp. enterica serovar Pullorum FHC-105","ceftiofur","","1.0","","1.0","mg/L","","","","","","","MIC XGBoost Model","202503101","W1 score: 0.99, CI[0.98, 0.99]","Computational Method","",""
605,"605.11","Salmonella enterica subsp. enterica serovar Pullorum strain S44987","amoxicillin/clavulanic acid","","1.0","","1.0","mg/L","","","","","","","MIC XGBoost Model","202503101","W1 score: 0.98, CI[0.96, 0.99]","Computational Method","",""
605,"605.11","Salmonella enterica subsp. enterica serovar Pullorum strain S44987","ampicillin","","2.0","","2.0","mg/L","","","","","","","MIC XGBoost Model","202503101","W1 score: 0.96, CI[0.95, 0.97]","Computational Method","",""
605,"605.11","Salmonella enterica subsp. enterica serovar Pullorum strain S44987","azithromycin","","4.0","","4.0","mg/L","","","","","","","MIC XGBoost Model","202503101","W1 score: 0.99, CI[0.98, 1.00]","Computational Method","",""
605,"605.11","Salmonella enterica subsp. enterica serovar Pullorum strain S44987","ceftazidime","","16.0","","16.0","mg/L","","","","","","","MIC XGBoost Model","202503101","W1 score: 0.93, CI[0.88, 0.99]","Computational Method","",""
605,"605.11","Salmonella enterica subsp. enterica serovar Pullorum strain S44987","chloramphenicol","","8.0","","8.0","mg/L","","","","","","","MIC XGBoost Model","202503101","W1 score: 0.99, CI[0.98, 1.00]","Computational Method","",""
605,"605.11","Salmonella enterica subsp. enterica serovar Pullorum strain S44987","ciprofloxacin","","0.03125","","0.03125","mg/L","","","","","","","MIC XGBoost Model","202503101","W1 score: 0.88, CI[0.86, 0.90]","Computational Method","",""
605,"605.11","Salmonella enterica subsp. enterica serovar Pullorum strain S44987","ceftriaxone","","1.0","","1.0","mg/L","","","","","","","MIC XGBoost Model","202503101","W1 score: 0.95, CI[0.94, 0.96]","Computational Method","",""
605,"605.11","Salmonella enterica subsp. enterica serovar Pullorum strain S44987","cefotaxime","","32.0","","32.0","mg/L","","","","","","","MIC XGBoost Model","202503101","W1 score: 0.95, CI[0.89, 1.00]","Computational Method","",""
605,"605.11","Salmonella enterica subsp. enterica serovar Pullorum strain S44987","sulfisoxazole","","32.0","","32.0","mg/L","","","","","","","MIC XGBoost Model","202503101","W1 score: 0.98, CI[0.97, 0.99]","Computational Method","",""
605,"605.11","Salmonella enterica subsp. enterica serovar Pullorum strain S44987","cefoxitin","","2.0","","2.0","mg/L","","","","","","","MIC XGBoost Model","202503101","W1 score: 0.98, CI[0.97, 1.00]","Computational Method","",""
605,"605.11","Salmonella enterica subsp. enterica serovar Pullorum strain S44987","gentamicin","","0.5","","0.5","mg/L","","","","","","","MIC XGBoost Model","202503101","W1 score: 0.97, CI[0.95, 0.99]","Computational Method","",""
605,"605.11","Salmonella enterica subsp. enterica serovar Pullorum strain S44987","kanamycin","","16.0","","16.0","mg/L","","","","","","","MIC XGBoost Model","202503101","W1 score: 0.99, CI[0.98, 1.01]","Computational Method","",""
605,"605.11","Salmonella enterica subsp. enterica serovar Pullorum strain S44987","meropenem","","0.125","","0.125","mg/L","","","","","","","MIC XGBoost Model","202503101","W1 score: 0.95, CI[0.90, 1.01]","Computational Method","",""
605,"605.11","Salmonella enterica subsp. enterica serovar Pullorum strain S44987","nalidixic acid","","4.0","","4.0","mg/L","","","","","","","MIC XGBoost Model","202503101","W1 score: 0.98, CI[0.97, 0.99]","Computational Method","",""
605,"605.11","Salmonella enterica subsp. enterica serovar Pullorum strain S44987","streptomycin","","16.0","","16.0","mg/L","","","","","","","MIC XGBoost Model","202503101","W1 score: 0.92, CI[0.90, 0.93]","Computational Method","",""
605,"605.11","Salmonella enterica subsp. enterica serovar Pullorum strain S44987","tetracycline","","4.0","","4.0","mg/L","","","","","","","MIC XGBoost Model","202503101","W1 score: 0.99, CI[0.98, 0.99]","Computational Method","",""
605,"605.11","Salmonella enterica subsp. enterica serovar Pullorum strain S44987","ceftiofur","","1.0","","1.0","mg/L","","","","","","","MIC XGBoost Model","202503101","W1 score: 0.99, CI[0.98, 0.99]","Computational Method","",""
605,"605.110","Salmonella enterica subsp. enterica serovar Pullorum FHC-102","amoxicillin/clavulanic acid","","8.0","","8.0","mg/L","","","","","","","MIC XGBoost Model","202503101","W1 score: 0.98, CI[0.96, 0.99]","Computational Method","",""
605,"605.110","Salmonella enterica subsp. enterica serovar Pullorum FHC-102","ampicillin","","64.0","","64.0","mg/L","","","","","","","MIC XGBoost Model","202503101","W1 score: 0.96, CI[0.95, 0.97]","Computational Method","",""
605,"605.110","Salmonella enterica subsp. enterica serovar Pullorum FHC-102","azithromycin","","4.0","","4.0","mg/L","","","","","","","MIC XGBoost Model","202503101","W1 score: 0.99, CI[0.98, 1.00]","Computational Method","",""
605,"605.110","Salmonella enterica subsp. enterica serovar Pullorum FHC-102","ceftazidime","","8.0","","8.0","mg/L","","","","","","","MIC XGBoost Model","202503101","W1 score: 0.93, CI[0.88, 0.99]","Computational Method","",""
605,"605.110","Salmonella enterica subsp. enterica serovar Pullorum FHC-102","chloramphenicol","","8.0","","8.0","mg/L","","","","","","","MIC XGBoost Model","202503101","W1 score: 0.99, CI[0.98, 1.00]","Computational Method","",""
605,"605.110","Salmonella enterica subsp. enterica serovar Pullorum FHC-102","ciprofloxacin","","0.5","","0.5","mg/L","","","","","","","MIC XGBoost Model","202503101","W1 score: 0.88, CI[0.86, 0.90]","Computational Method","",""
605,"605.110","Salmonella enterica subsp. enterica serovar Pullorum FHC-102","ceftriaxone","","1.0","","1.0","mg/L","","","","","","","MIC XGBoost Model","202503101","W1 score: 0.95, CI[0.94, 0.96]","Computational Method","",""
605,"605.110","Salmonella enterica subsp. enterica serovar Pullorum FHC-102","cefotaxime","","16.0","","16.0","mg/L","","","","","","","MIC XGBoost Model","202503101","W1 score: 0.95, CI[0.89, 1.00]","Computational Method","",""
605,"605.110","Salmonella enterica subsp. enterica serovar Pullorum FHC-102","sulfisoxazole","","256.0","","256.0","mg/L","","","","","","","MIC XGBoost Model","202503101","W1 score: 0.98, CI[0.97, 0.99]","Computational Method","",""
605,"605.110","Salmonella enterica subsp. enterica serovar Pullorum FHC-102","cefoxitin","","2.0","","2.0","mg/L","","","","","","","MIC XGBoost Model","202503101","W1 score: 0.98, CI[0.97, 1.00]","Computational Method","",""
605,"605.110","Salmonella enterica subsp. enterica serovar Pullorum FHC-102","gentamicin","","0.5","","0.5","mg/L","","","","","","","MIC XGBoost Model","202503101","W1 score: 0.97, CI[0.95, 0.99]","Computational Method","",""
605,"605.110","Salmonella enterica subsp. enterica serovar Pullorum FHC-102","kanamycin","","16.0","","16.0","mg/L","","","","","","","MIC XGBoost Model","202503101","W1 score: 0.99, CI[0.98, 1.01]","Computational Method","",""
605,"605.110","Salmonella enterica subsp. enterica serovar Pullorum FHC-102","meropenem","","0.0625","","0.0625","mg/L","","","","","","","MIC XGBoost Model","202503101","W1 score: 0.95, CI[0.90, 1.01]","Computational Method","",""
605,"605.110","Salmonella enterica subsp. enterica serovar Pullorum FHC-102","nalidixic acid","","16.0","","16.0","mg/L","","","","","","","MIC XGBoost Model","202503101","W1 score: 0.98, CI[0.97, 0.99]","Computational Method","",""
605,"605.110","Salmonella enterica subsp. enterica serovar Pullorum FHC-102","streptomycin","","8.0","","8.0","mg/L","","","","","","","MIC XGBoost Model","202503101","W1 score: 0.92, CI[0.90, 0.93]","Computational Method","",""
605,"605.110","Salmonella enterica subsp. enterica serovar Pullorum FHC-102","tetracycline","","32.0","","32.0","mg/L","","","","","","","MIC XGBoost Model","202503101","W1 score: 0.99, CI[0.98, 0.99]","Computational Method","",""
605,"605.110","Salmonella enterica subsp. enterica serovar Pullorum FHC-102","ceftiofur","","1.0","","1.0","mg/L","","","","","","","MIC XGBoost Model","202503101","W1 score: 0.99, CI[0.98, 0.99]","Computational Method","",""
605,"605.111","Salmonella enterica subsp. enterica serovar Pullorum FHC-96","amoxicillin/clavulanic acid","","8.0","","8.0","mg/L","","","","","","","MIC XGBoost Model","202503101","W1 score: 0.98, CI[0.96, 0.99]","Computational Method","",""
605,"605.111","Salmonella enterica subsp. enterica serovar Pullorum FHC-96","ampicillin","","64.0","","64.0","mg/L","","","","","","","MIC XGBoost Model","202503101","W1 score: 0.96, CI[0.95, 0.97]","Computational Method","",""
605,"605.111","Salmonella enterica subsp. enterica serovar Pullorum FHC-96","azithromycin","","4.0","","4.0","mg/L","","","","","","","MIC XGBoost Model","202503101","W1 score: 0.99, CI[0.98, 1.00]","Computational Method","",""
605,"605.111","Salmonella enterica subsp. enterica serovar Pullorum FHC-96","ceftazidime","","8.0","","8.0","mg/L","","","","","","","MIC XGBoost Model","202503101","W1 score: 0.93, CI[0.88, 0.99]","Computational Method","",""
605,"605.111","Salmonella enterica subsp. enterica serovar Pullorum FHC-96","chloramphenicol","","8.0","","8.0","mg/L","","","","","","","MIC XGBoost Model","202503101","W1 score: 0.99, CI[0.98, 1.00]","Computational Method","",""
605,"605.111","Salmonella enterica subsp. enterica serovar Pullorum FHC-96","ciprofloxacin","","0.5","","0.5","mg/L","","","","","","","MIC XGBoost Model","202503101","W1 score: 0.88, CI[0.86, 0.90]","Computational Method","",""
605,"605.111","Salmonella enterica subsp. enterica serovar Pullorum FHC-96","ceftriaxone","","1.0","","1.0","mg/L","","","","","","","MIC XGBoost Model","202503101","W1 score: 0.95, CI[0.94, 0.96]","Computational Method","",""
605,"605.111","Salmonella enterica subsp. enterica serovar Pullorum FHC-96","cefotaxime","","32.0","","32.0","mg/L","","","","","","","MIC XGBoost Model","202503101","W1 score: 0.95, CI[0.89, 1.00]","Computational Method","",""
605,"605.111","Salmonella enterica subsp. enterica serovar Pullorum FHC-96","sulfisoxazole","","256.0","","256.0","mg/L","","","","","","","MIC XGBoost Model","202503101","W1 score: 0.98, CI[0.97, 0.99]","Computational Method","",""
605,"605.111","Salmonella enterica subsp. enterica serovar Pullorum FHC-96","cefoxitin","","2.0","","2.0","mg/L","","","","","","","MIC XGBoost Model","202503101","W1 score: 0.98, CI[0.97, 1.00]","Computational Method","",""
605,"605.111","Salmonella enterica subsp. enterica serovar Pullorum FHC-96","gentamicin","","0.5","","0.5","mg/L","","","","","","","MIC XGBoost Model","202503101","W1 score: 0.97, CI[0.95, 0.99]","Computational Method","",""
605,"605.111","Salmonella enterica subsp. enterica serovar Pullorum FHC-96","kanamycin","","16.0","","16.0","mg/L","","","","","","","MIC XGBoost Model","202503101","W1 score: 0.99, CI[0.98, 1.01]","Computational Method","",""
605,"605.111","Salmonella enterica subsp. enterica serovar Pullorum FHC-96","meropenem","","0.0625","","0.0625","mg/L","","","","","","","MIC XGBoost Model","202503101","W1 score: 0.95, CI[0.90, 1.01]","Computational Method","",""
605,"605.111","Salmonella enterica subsp. enterica serovar Pullorum FHC-96","nalidixic acid","","16.0","","16.0","mg/L","","","","","","","MIC XGBoost Model","202503101","W1 score: 0.98, CI[0.97, 0.99]","Computational Method","",""
605,"605.111","Salmonella enterica subsp. enterica serovar Pullorum FHC-96","streptomycin","","8.0","","8.0","mg/L","","","","","","","MIC XGBoost Model","202503101","W1 score: 0.92, CI[0.90, 0.93]","Computational Method","",""
605,"605.111","Salmonella enterica subsp. enterica serovar Pullorum FHC-96","tetracycline","","8.0","","8.0","mg/L","","","","","","","MIC XGBoost Model","202503101","W1 score: 0.99, CI[0.98, 0.99]","Computational Method","",""
605,"605.111","Salmonella enterica subsp. enterica serovar Pullorum FHC-96","ceftiofur","","1.0","","1.0","mg/L","","","","","","","MIC XGBoost Model","202503101","W1 score: 0.99, CI[0.98, 0.99]","Computational Method","",""
605,"605.112","Salmonella enterica subsp. enterica serovar Pullorum FHC-94","amoxicillin/clavulanic acid","","8.0","","8.0","mg/L","","","","","","","MIC XGBoost Model","202503101","W1 score: 0.98, CI[0.96, 0.99]","Computational Method","",""
605,"605.112","Salmonella enterica subsp. enterica serovar Pullorum FHC-94","ampicillin","","64.0","","64.0","mg/L","","","","","","","MIC XGBoost Model","202503101","W1 score: 0.96, CI[0.95, 0.97]","Computational Method","",""
605,"605.112","Salmonella enterica subsp. enterica serovar Pullorum FHC-94","azithromycin","","4.0","","4.0","mg/L","","","","","","","MIC XGBoost Model","202503101","W1 score: 0.99, CI[0.98, 1.00]","Computational Method","",""
605,"605.112","Salmonella enterica subsp. enterica serovar Pullorum FHC-94","ceftazidime","","8.0","","8.0","mg/L","","","","","","","MIC XGBoost Model","202503101","W1 score: 0.93, CI[0.88, 0.99]","Computational Method","",""
605,"605.112","Salmonella enterica subsp. enterica serovar Pullorum FHC-94","chloramphenicol","","8.0","","8.0","mg/L","","","","","","","MIC XGBoost Model","202503101","W1 score: 0.99, CI[0.98, 1.00]","Computational Method","",""
605,"605.112","Salmonella enterica subsp. enterica serovar Pullorum FHC-94","ciprofloxacin","","0.5","","0.5","mg/L","","","","","","","MIC XGBoost Model","202503101","W1 score: 0.88, CI[0.86, 0.90]","Computational Method","",""
605,"605.112","Salmonella enterica subsp. enterica serovar Pullorum FHC-94","ceftriaxone","","1.0","","1.0","mg/L","","","","","","","MIC XGBoost Model","202503101","W1 score: 0.95, CI[0.94, 0.96]","Computational Method","",""
605,"605.112","Salmonella enterica subsp. enterica serovar Pullorum FHC-94","cefotaxime","","32.0","","32.0","mg/L","","","","","","","MIC XGBoost Model","202503101","W1 score: 0.95, CI[0.89, 1.00]","Computational Method","",""
605,"605.112","Salmonella enterica subsp. enterica serovar Pullorum FHC-94","sulfisoxazole","","256.0","","256.0","mg/L","","","","","","","MIC XGBoost Model","202503101","W1 score: 0.98, CI[0.97, 0.99]","Computational Method","",""
605,"605.112","Salmonella enterica subsp. enterica serovar Pullorum FHC-94","cefoxitin","","2.0","","2.0","mg/L","","","","","","","MIC XGBoost Model","202503101","W1 score: 0.98, CI[0.97, 1.00]","Computational Method","",""
605,"605.112","Salmonella enterica subsp. enterica serovar Pullorum FHC-94","gentamicin","","0.5","","0.5","mg/L","","","","","","","MIC XGBoost Model","202503101","W1 score: 0.97, CI[0.95, 0.99]","Computational Method","",""
605,"605.112","Salmonella enterica subsp. enterica serovar Pullorum FHC-94","kanamycin","","16.0","","16.0","mg/L","","","","","","","MIC XGBoost Model","202503101","W1 score: 0.99, CI[0.98, 1.01]","Computational Method","",""
605,"605.112","Salmonella enterica subsp. enterica serovar Pullorum FHC-94","meropenem","","0.0625","","0.0625","mg/L","","","","","","","MIC XGBoost Model","202503101","W1 score: 0.95, CI[0.90, 1.01]","Computational Method","",""
605,"605.112","Salmonella enterica subsp. enterica serovar Pullorum FHC-94","nalidixic acid","","16.0","","16.0","mg/L","","","","","","","MIC XGBoost Model","202503101","W1 score: 0.98, CI[0.97, 0.99]","Computational Method","",""
605,"605.112","Salmonella enterica subsp. enterica serovar Pullorum FHC-94","streptomycin","","8.0","","8.0","mg/L","","","","","","","MIC XGBoost Model","202503101","W1 score: 0.92, CI[0.90, 0.93]","Computational Method","",""
605,"605.112","Salmonella enterica subsp. enterica serovar Pullorum FHC-94","tetracycline","","8.0","","8.0","mg/L","","","","","","","MIC XGBoost Model","202503101","W1 score: 0.99, CI[0.98, 0.99]","Computational Method","",""
605,"605.112","Salmonella enterica subsp. enterica serovar Pullorum FHC-94","ceftiofur","","1.0","","1.0","mg/L","","","","","","","MIC XGBoost Model","202503101","W1 score: 0.99, CI[0.98, 0.99]","Computational Method","",""
605,"605.113","Salmonella enterica subsp. enterica serovar Pullorum FHC-98","amoxicillin/clavulanic acid","","8.0","","8.0","mg/L","","","","","","","MIC XGBoost Model","202503101","W1 score: 0.98, CI[0.96, 0.99]","Computational Method","",""
605,"605.113","Salmonella enterica subsp. enterica serovar Pullorum FHC-98","ampicillin","","64.0","","64.0","mg/L","","","","","","","MIC XGBoost Model","202503101","W1 score: 0.96, CI[0.95, 0.97]","Computational Method","",""
605,"605.113","Salmonella enterica subsp. enterica serovar Pullorum FHC-98","azithromycin","","4.0","","4.0","mg/L","","","","","","","MIC XGBoost Model","202503101","W1 score: 0.99, CI[0.98, 1.00]","Computational Method","",""
605,"605.113","Salmonella enterica subsp. enterica serovar Pullorum FHC-98","ceftazidime","","8.0","","8.0","mg/L","","","","","","","MIC XGBoost Model","202503101","W1 score: 0.93, CI[0.88, 0.99]","Computational Method","",""
605,"605.113","Salmonella enterica subsp. enterica serovar Pullorum FHC-98","chloramphenicol","","8.0","","8.0","mg/L","","","","","","","MIC XGBoost Model","202503101","W1 score: 0.99, CI[0.98, 1.00]","Computational Method","",""
605,"605.113","Salmonella enterica subsp. enterica serovar Pullorum FHC-98","ciprofloxacin","","0.5","","0.5","mg/L","","","","","","","MIC XGBoost Model","202503101","W1 score: 0.88, CI[0.86, 0.90]","Computational Method","",""
605,"605.113","Salmonella enterica subsp. enterica serovar Pullorum FHC-98","ceftriaxone","","1.0","","1.0","mg/L","","","","","","","MIC XGBoost Model","202503101","W1 score: 0.95, CI[0.94, 0.96]","Computational Method","",""
605,"605.113","Salmonella enterica subsp. enterica serovar Pullorum FHC-98","cefotaxime","","32.0","","32.0","mg/L","","","","","","","MIC XGBoost Model","202503101","W1 score: 0.95, CI[0.89, 1.00]","Computational Method","",""
605,"605.113","Salmonella enterica subsp. enterica serovar Pullorum FHC-98","sulfisoxazole","","256.0","","256.0","mg/L","","","","","","","MIC XGBoost Model","202503101","W1 score: 0.98, CI[0.97, 0.99]","Computational Method","",""
605,"605.113","Salmonella enterica subsp. enterica serovar Pullorum FHC-98","cefoxitin","","2.0","","2.0","mg/L","","","","","","","MIC XGBoost Model","202503101","W1 score: 0.98, CI[0.97, 1.00]","Computational Method","",""
605,"605.113","Salmonella enterica subsp. enterica serovar Pullorum FHC-98","gentamicin","","0.5","","0.5","mg/L","","","","","","","MIC XGBoost Model","202503101","W1 score: 0.97, CI[0.95, 0.99]","Computational Method","",""
605,"605.113","Salmonella enterica subsp. enterica serovar Pullorum FHC-98","kanamycin","","16.0","","16.0","mg/L","","","","","","","MIC XGBoost Model","202503101","W1 score: 0.99, CI[0.98, 1.01]","Computational Method","",""
605,"605.113","Salmonella enterica subsp. enterica serovar Pullorum FHC-98","meropenem","","0.0625","","0.0625","mg/L","","","","","","","MIC XGBoost Model","202503101","W1 score: 0.95, CI[0.90, 1.01]","Computational Method","",""
605,"605.113","Salmonella enterica subsp. enterica serovar Pullorum FHC-98","nalidixic acid","","16.0","","16.0","mg/L","","","","","","","MIC XGBoost Model","202503101","W1 score: 0.98, CI[0.97, 0.99]","Computational Method","",""
605,"605.113","Salmonella enterica subsp. enterica serovar Pullorum FHC-98","streptomycin","","8.0","","8.0","mg/L","","","","","","","MIC XGBoost Model","202503101","W1 score: 0.92, CI[0.90, 0.93]","Computational Method","",""
605,"605.113","Salmonella enterica subsp. enterica serovar Pullorum FHC-98","tetracycline","","32.0","","32.0","mg/L","","","","","","","MIC XGBoost Model","202503101","W1 score: 0.99, CI[0.98, 0.99]","Computational Method","",""
605,"605.113","Salmonella enterica subsp. enterica serovar Pullorum FHC-98","ceftiofur","","1.0","","1.0","mg/L","","","","","","","MIC XGBoost Model","202503101","W1 score: 0.99, CI[0.98, 0.99]","Computational Method","",""
605,"605.114","Salmonella enterica subsp. enterica serovar Pullorum FHC-95","amoxicillin/clavulanic acid","","8.0","","8.0","mg/L","","","","","","","MIC XGBoost Model","202503101","W1 score: 0.98, CI[0.96, 0.99]","Computational Method","",""
605,"605.114","Salmonella enterica subsp. enterica serovar Pullorum FHC-95","ampicillin","","64.0","","64.0","mg/L","","","","","","","MIC XGBoost Model","202503101","W1 score: 0.96, CI[0.95, 0.97]","Computational Method","",""
605,"605.114","Salmonella enterica subsp. enterica serovar Pullorum FHC-95","azithromycin","","4.0","","4.0","mg/L","","","","","","","MIC XGBoost Model","202503101","W1 score: 0.99, CI[0.98, 1.00]","Computational Method","",""
605,"605.114","Salmonella enterica subsp. enterica serovar Pullorum FHC-95","ceftazidime","","8.0","","8.0","mg/L","","","","","","","MIC XGBoost Model","202503101","W1 score: 0.93, CI[0.88, 0.99]","Computational Method","",""
605,"605.114","Salmonella enterica subsp. enterica serovar Pullorum FHC-95","chloramphenicol","","8.0","","8.0","mg/L","","","","","","","MIC XGBoost Model","202503101","W1 score: 0.99, CI[0.98, 1.00]","Computational Method","",""
605,"605.114","Salmonella enterica subsp. enterica serovar Pullorum FHC-95","ciprofloxacin","","0.5","","0.5","mg/L","","","","","","","MIC XGBoost Model","202503101","W1 score: 0.88, CI[0.86, 0.90]","Computational Method","",""
605,"605.114","Salmonella enterica subsp. enterica serovar Pullorum FHC-95","ceftriaxone","","1.0","","1.0","mg/L","","","","","","","MIC XGBoost Model","202503101","W1 score: 0.95, CI[0.94, 0.96]","Computational Method","",""
605,"605.114","Salmonella enterica subsp. enterica serovar Pullorum FHC-95","cefotaxime","","32.0","","32.0","mg/L","","","","","","","MIC XGBoost Model","202503101","W1 score: 0.95, CI[0.89, 1.00]","Computational Method","",""
605,"605.114","Salmonella enterica subsp. enterica serovar Pullorum FHC-95","sulfisoxazole","","256.0","","256.0","mg/L","","","","","","","MIC XGBoost Model","202503101","W1 score: 0.98, CI[0.97, 0.99]","Computational Method","",""
605,"605.114","Salmonella enterica subsp. enterica serovar Pullorum FHC-95","cefoxitin","","2.0","","2.0","mg/L","","","","","","","MIC XGBoost Model","202503101","W1 score: 0.98, CI[0.97, 1.00]","Computational Method","",""
605,"605.114","Salmonella enterica subsp. enterica serovar Pullorum FHC-95","gentamicin","","0.5","","0.5","mg/L","","","","","","","MIC XGBoost Model","202503101","W1 score: 0.97, CI[0.95, 0.99]","Computational Method","",""
605,"605.114","Salmonella enterica subsp. enterica serovar Pullorum FHC-95","kanamycin","","16.0","","16.0","mg/L","","","","","","","MIC XGBoost Model","202503101","W1 score: 0.99, CI[0.98, 1.01]","Computational Method","",""
605,"605.114","Salmonella enterica subsp. enterica serovar Pullorum FHC-95","meropenem","","0.0625","","0.0625","mg/L","","","","","","","MIC XGBoost Model","202503101","W1 score: 0.95, CI[0.90, 1.01]","Computational Method","",""
605,"605.114","Salmonella enterica subsp. enterica serovar Pullorum FHC-95","nalidixic acid","","16.0","","16.0","mg/L","","","","","","","MIC XGBoost Model","202503101","W1 score: 0.98, CI[0.97, 0.99]","Computational Method","",""
605,"605.114","Salmonella enterica subsp. enterica serovar Pullorum FHC-95","streptomycin","","8.0","","8.0","mg/L","","","","","","","MIC XGBoost Model","202503101","W1 score: 0.92, CI[0.90, 0.93]","Computational Method","",""
605,"605.114","Salmonella enterica subsp. enterica serovar Pullorum FHC-95","tetracycline","","8.0","","8.0","mg/L","","","","","","","MIC XGBoost Model","202503101","W1 score: 0.99, CI[0.98, 0.99]","Computational Method","",""
605,"605.114","Salmonella enterica subsp. enterica serovar Pullorum FHC-95","ceftiofur","","1.0","","1.0","mg/L","","","","","","","MIC XGBoost Model","202503101","W1 score: 0.99, CI[0.98, 0.99]","Computational Method","",""
605,"605.115","Salmonella enterica subsp. enterica serovar Pullorum FHC-99","amoxicillin/clavulanic acid","","8.0","","8.0","mg/L","","","","","","","MIC XGBoost Model","202503101","W1 score: 0.98, CI[0.96, 0.99]","Computational Method","",""
605,"605.115","Salmonella enterica subsp. enterica serovar Pullorum FHC-99","ampicillin","","64.0","","64.0","mg/L","","","","","","","MIC XGBoost Model","202503101","W1 score: 0.96, CI[0.95, 0.97]","Computational Method","",""
605,"605.115","Salmonella enterica subsp. enterica serovar Pullorum FHC-99","azithromycin","","4.0","","4.0","mg/L","","","","","","","MIC XGBoost Model","202503101","W1 score: 0.99, CI[0.98, 1.00]","Computational Method","",""
605,"605.115","Salmonella enterica subsp. enterica serovar Pullorum FHC-99","ceftazidime","","8.0","","8.0","mg/L","","","","","","","MIC XGBoost Model","202503101","W1 score: 0.93, CI[0.88, 0.99]","Computational Method","",""
605,"605.115","Salmonella enterica subsp. enterica serovar Pullorum FHC-99","chloramphenicol","","8.0","","8.0","mg/L","","","","","","","MIC XGBoost Model","202503101","W1 score: 0.99, CI[0.98, 1.00]","Computational Method","",""
605,"605.115","Salmonella enterica subsp. enterica serovar Pullorum FHC-99","ciprofloxacin","","0.5","","0.5","mg/L","","","","","","","MIC XGBoost Model","202503101","W1 score: 0.88, CI[0.86, 0.90]","Computational Method","",""
605,"605.115","Salmonella enterica subsp. enterica serovar Pullorum FHC-99","ceftriaxone","","1.0","","1.0","mg/L","","","","","","","MIC XGBoost Model","202503101","W1 score: 0.95, CI[0.94, 0.96]","Computational Method","",""
605,"605.115","Salmonella enterica subsp. enterica serovar Pullorum FHC-99","cefotaxime","","32.0","","32.0","mg/L","","","","","","","MIC XGBoost Model","202503101","W1 score: 0.95, CI[0.89, 1.00]","Computational Method","",""
605,"605.115","Salmonella enterica subsp. enterica serovar Pullorum FHC-99","sulfisoxazole","","256.0","","256.0","mg/L","","","","","","","MIC XGBoost Model","202503101","W1 score: 0.98, CI[0.97, 0.99]","Computational Method","",""
605,"605.115","Salmonella enterica subsp. enterica serovar Pullorum FHC-99","cefoxitin","","2.0","","2.0","mg/L","","","","","","","MIC XGBoost Model","202503101","W1 score: 0.98, CI[0.97, 1.00]","Computational Method","",""
605,"605.115","Salmonella enterica subsp. enterica serovar Pullorum FHC-99","gentamicin","","0.5","","0.5","mg/L","","","","","","","MIC XGBoost Model","202503101","W1 score: 0.97, CI[0.95, 0.99]","Computational Method","",""
605,"605.115","Salmonella enterica subsp. enterica serovar Pullorum FHC-99","kanamycin","","16.0","","16.0","mg/L","","","","","","","MIC XGBoost Model","202503101","W1 score: 0.99, CI[0.98, 1.01]","Computational Method","",""
605,"605.115","Salmonella enterica subsp. enterica serovar Pullorum FHC-99","meropenem","","0.0625","","0.0625","mg/L","","","","","","","MIC XGBoost Model","202503101","W1 score: 0.95, CI[0.90, 1.01]","Computational Method","",""
605,"605.115","Salmonella enterica subsp. enterica serovar Pullorum FHC-99","nalidixic acid","","16.0","","16.0","mg/L","","","","","","","MIC XGBoost Model","202503101","W1 score: 0.98, CI[0.97, 0.99]","Computational Method","",""
605,"605.115","Salmonella enterica subsp. enterica serovar Pullorum FHC-99","streptomycin","","8.0","","8.0","mg/L","","","","","","","MIC XGBoost Model","202503101","W1 score: 0.92, CI[0.90, 0.93]","Computational Method","",""
605,"605.115","Salmonella enterica subsp. enterica serovar Pullorum FHC-99","tetracycline","","32.0","","32.0","mg/L","","","","","","","MIC XGBoost Model","202503101","W1 score: 0.99, CI[0.98, 0.99]","Computational Method","",""
605,"605.115","Salmonella enterica subsp. enterica serovar Pullorum FHC-99","ceftiofur","","1.0","","1.0","mg/L","","","","","","","MIC XGBoost Model","202503101","W1 score: 0.99, CI[0.98, 0.99]","Computational Method","",""
605,"605.116","Salmonella enterica subsp. enterica serovar Pullorum FHC-103","amoxicillin/clavulanic acid","","8.0","","8.0","mg/L","","","","","","","MIC XGBoost Model","202503101","W1 score: 0.98, CI[0.96, 0.99]","Computational Method","",""
605,"605.116","Salmonella enterica subsp. enterica serovar Pullorum FHC-103","ampicillin","","64.0","","64.0","mg/L","","","","","","","MIC XGBoost Model","202503101","W1 score: 0.96, CI[0.95, 0.97]","Computational Method","",""
605,"605.116","Salmonella enterica subsp. enterica serovar Pullorum FHC-103","azithromycin","","4.0","","4.0","mg/L","","","","","","","MIC XGBoost Model","202503101","W1 score: 0.99, CI[0.98, 1.00]","Computational Method","",""
605,"605.116","Salmonella enterica subsp. enterica serovar Pullorum FHC-103","ceftazidime","","8.0","","8.0","mg/L","","","","","","","MIC XGBoost Model","202503101","W1 score: 0.93, CI[0.88, 0.99]","Computational Method","",""
605,"605.116","Salmonella enterica subsp. enterica serovar Pullorum FHC-103","chloramphenicol","","8.0","","8.0","mg/L","","","","","","","MIC XGBoost Model","202503101","W1 score: 0.99, CI[0.98, 1.00]","Computational Method","",""
605,"605.116","Salmonella enterica subsp. enterica serovar Pullorum FHC-103","ciprofloxacin","","0.5","","0.5","mg/L","","","","","","","MIC XGBoost Model","202503101","W1 score: 0.88, CI[0.86, 0.90]","Computational Method","",""
605,"605.116","Salmonella enterica subsp. enterica serovar Pullorum FHC-103","ceftriaxone","","1.0","","1.0","mg/L","","","","","","","MIC XGBoost Model","202503101","W1 score: 0.95, CI[0.94, 0.96]","Computational Method","",""
605,"605.116","Salmonella enterica subsp. enterica serovar Pullorum FHC-103","cefotaxime","","32.0","","32.0","mg/L","","","","","","","MIC XGBoost Model","202503101","W1 score: 0.95, CI[0.89, 1.00]","Computational Method","",""
605,"605.116","Salmonella enterica subsp. enterica serovar Pullorum FHC-103","sulfisoxazole","","256.0","","256.0","mg/L","","","","","","","MIC XGBoost Model","202503101","W1 score: 0.98, CI[0.97, 0.99]","Computational Method","",""
605,"605.116","Salmonella enterica subsp. enterica serovar Pullorum FHC-103","cefoxitin","","2.0","","2.0","mg/L","","","","","","","MIC XGBoost Model","202503101","W1 score: 0.98, CI[0.97, 1.00]","Computational Method","",""
605,"605.116","Salmonella enterica subsp. enterica serovar Pullorum FHC-103","gentamicin","","0.5","","0.5","mg/L","","","","","","","MIC XGBoost Model","202503101","W1 score: 0.97, CI[0.95, 0.99]","Computational Method","",""
605,"605.116","Salmonella enterica subsp. enterica serovar Pullorum FHC-103","kanamycin","","16.0","","16.0","mg/L","","","","","","","MIC XGBoost Model","202503101","W1 score: 0.99, CI[0.98, 1.01]","Computational Method","",""
605,"605.116","Salmonella enterica subsp. enterica serovar Pullorum FHC-103","meropenem","","0.125","","0.125","mg/L","","","","","","","MIC XGBoost Model","202503101","W1 score: 0.95, CI[0.90, 1.01]","Computational Method","",""
605,"605.116","Salmonella enterica subsp. enterica serovar Pullorum FHC-103","nalidixic acid","","16.0","","16.0","mg/L","","","","","","","MIC XGBoost Model","202503101","W1 score: 0.98, CI[0.97, 0.99]","Computational Method","",""
605,"605.116","Salmonella enterica subsp. enterica serovar Pullorum FHC-103","streptomycin","","8.0","","8.0","mg/L","","","","","","","MIC XGBoost Model","202503101","W1 score: 0.92, CI[0.90, 0.93]","Computational Method","",""
605,"605.116","Salmonella enterica subsp. enterica serovar Pullorum FHC-103","tetracycline","","8.0","","8.0","mg/L","","","","","","","MIC XGBoost Model","202503101","W1 score: 0.99, CI[0.98, 0.99]","Computational Method","",""
605,"605.116","Salmonella enterica subsp. enterica serovar Pullorum FHC-103","ceftiofur","","1.0","","1.0","mg/L","","","","","","","MIC XGBoost Model","202503101","W1 score: 0.99, CI[0.98, 0.99]","Computational Method","",""
605,"605.117","Salmonella enterica subsp. enterica serovar Pullorum FHC-91","amoxicillin/clavulanic acid","","8.0","","8.0","mg/L","","","","","","","MIC XGBoost Model","202503101","W1 score: 0.98, CI[0.96, 0.99]","Computational Method","",""
605,"605.117","Salmonella enterica subsp. enterica serovar Pullorum FHC-91","ampicillin","","64.0","","64.0","mg/L","","","","","","","MIC XGBoost Model","202503101","W1 score: 0.96, CI[0.95, 0.97]","Computational Method","",""
605,"605.117","Salmonella enterica subsp. enterica serovar Pullorum FHC-91","azithromycin","","4.0","","4.0","mg/L","","","","","","","MIC XGBoost Model","202503101","W1 score: 0.99, CI[0.98, 1.00]","Computational Method","",""
605,"605.117","Salmonella enterica subsp. enterica serovar Pullorum FHC-91","ceftazidime","","8.0","","8.0","mg/L","","","","","","","MIC XGBoost Model","202503101","W1 score: 0.93, CI[0.88, 0.99]","Computational Method","",""
605,"605.117","Salmonella enterica subsp. enterica serovar Pullorum FHC-91","chloramphenicol","","8.0","","8.0","mg/L","","","","","","","MIC XGBoost Model","202503101","W1 score: 0.99, CI[0.98, 1.00]","Computational Method","",""
605,"605.117","Salmonella enterica subsp. enterica serovar Pullorum FHC-91","ciprofloxacin","","0.25","","0.25","mg/L","","","","","","","MIC XGBoost Model","202503101","W1 score: 0.88, CI[0.86, 0.90]","Computational Method","",""
605,"605.117","Salmonella enterica subsp. enterica serovar Pullorum FHC-91","ceftriaxone","","1.0","","1.0","mg/L","","","","","","","MIC XGBoost Model","202503101","W1 score: 0.95, CI[0.94, 0.96]","Computational Method","",""
605,"605.117","Salmonella enterica subsp. enterica serovar Pullorum FHC-91","cefotaxime","","32.0","","32.0","mg/L","","","","","","","MIC XGBoost Model","202503101","W1 score: 0.95, CI[0.89, 1.00]","Computational Method","",""
605,"605.117","Salmonella enterica subsp. enterica serovar Pullorum FHC-91","sulfisoxazole","","256.0","","256.0","mg/L","","","","","","","MIC XGBoost Model","202503101","W1 score: 0.98, CI[0.97, 0.99]","Computational Method","",""
605,"605.117","Salmonella enterica subsp. enterica serovar Pullorum FHC-91","cefoxitin","","2.0","","2.0","mg/L","","","","","","","MIC XGBoost Model","202503101","W1 score: 0.98, CI[0.97, 1.00]","Computational Method","",""
605,"605.117","Salmonella enterica subsp. enterica serovar Pullorum FHC-91","gentamicin","","0.5","","0.5","mg/L","","","","","","","MIC XGBoost Model","202503101","W1 score: 0.97, CI[0.95, 0.99]","Computational Method","",""
605,"605.117","Salmonella enterica subsp. enterica serovar Pullorum FHC-91","kanamycin","","16.0","","16.0","mg/L","","","","","","","MIC XGBoost Model","202503101","W1 score: 0.99, CI[0.98, 1.01]","Computational Method","",""
605,"605.117","Salmonella enterica subsp. enterica serovar Pullorum FHC-91","meropenem","","0.0625","","0.0625","mg/L","","","","","","","MIC XGBoost Model","202503101","W1 score: 0.95, CI[0.90, 1.01]","Computational Method","",""
605,"605.117","Salmonella enterica subsp. enterica serovar Pullorum FHC-91","nalidixic acid","","16.0","","16.0","mg/L","","","","","","","MIC XGBoost Model","202503101","W1 score: 0.98, CI[0.97, 0.99]","Computational Method","",""
605,"605.117","Salmonella enterica subsp. enterica serovar Pullorum FHC-91","streptomycin","","8.0","","8.0","mg/L","","","","","","","MIC XGBoost Model","202503101","W1 score: 0.92, CI[0.90, 0.93]","Computational Method","",""
605,"605.117","Salmonella enterica subsp. enterica serovar Pullorum FHC-91","tetracycline","","8.0","","8.0","mg/L","","","","","","","MIC XGBoost Model","202503101","W1 score: 0.99, CI[0.98, 0.99]","Computational Method","",""
605,"605.117","Salmonella enterica subsp. enterica serovar Pullorum FHC-91","ceftiofur","","1.0","","1.0","mg/L","","","","","","","MIC XGBoost Model","202503101","W1 score: 0.99, CI[0.98, 0.99]","Computational Method","",""
605,"605.118","Salmonella enterica subsp. enterica serovar Pullorum FHC-70","amoxicillin/clavulanic acid","","8.0","","8.0","mg/L","","","","","","","MIC XGBoost Model","202503101","W1 score: 0.98, CI[0.96, 0.99]","Computational Method","",""
605,"605.118","Salmonella enterica subsp. enterica serovar Pullorum FHC-70","ampicillin","","64.0","","64.0","mg/L","","","","","","","MIC XGBoost Model","202503101","W1 score: 0.96, CI[0.95, 0.97]","Computational Method","",""
605,"605.118","Salmonella enterica subsp. enterica serovar Pullorum FHC-70","azithromycin","","4.0","","4.0","mg/L","","","","","","","MIC XGBoost Model","202503101","W1 score: 0.99, CI[0.98, 1.00]","Computational Method","",""
605,"605.118","Salmonella enterica subsp. enterica serovar Pullorum FHC-70","ceftazidime","","8.0","","8.0","mg/L","","","","","","","MIC XGBoost Model","202503101","W1 score: 0.93, CI[0.88, 0.99]","Computational Method","",""
605,"605.118","Salmonella enterica subsp. enterica serovar Pullorum FHC-70","chloramphenicol","","8.0","","8.0","mg/L","","","","","","","MIC XGBoost Model","202503101","W1 score: 0.99, CI[0.98, 1.00]","Computational Method","",""
605,"605.118","Salmonella enterica subsp. enterica serovar Pullorum FHC-70","ciprofloxacin","","0.5","","0.5","mg/L","","","","","","","MIC XGBoost Model","202503101","W1 score: 0.88, CI[0.86, 0.90]","Computational Method","",""
605,"605.118","Salmonella enterica subsp. enterica serovar Pullorum FHC-70","ceftriaxone","","1.0","","1.0","mg/L","","","","","","","MIC XGBoost Model","202503101","W1 score: 0.95, CI[0.94, 0.96]","Computational Method","",""
605,"605.118","Salmonella enterica subsp. enterica serovar Pullorum FHC-70","cefotaxime","","32.0","","32.0","mg/L","","","","","","","MIC XGBoost Model","202503101","W1 score: 0.95, CI[0.89, 1.00]","Computational Method","",""
605,"605.118","Salmonella enterica subsp. enterica serovar Pullorum FHC-70","sulfisoxazole","","256.0","","256.0","mg/L","","","","","","","MIC XGBoost Model","202503101","W1 score: 0.98, CI[0.97, 0.99]","Computational Method","",""
605,"605.118","Salmonella enterica subsp. enterica serovar Pullorum FHC-70","cefoxitin","","2.0","","2.0","mg/L","","","","","","","MIC XGBoost Model","202503101","W1 score: 0.98, CI[0.97, 1.00]","Computational Method","",""
605,"605.118","Salmonella enterica subsp. enterica serovar Pullorum FHC-70","gentamicin","","0.5","","0.5","mg/L","","","","","","","MIC XGBoost Model","202503101","W1 score: 0.97, CI[0.95, 0.99]","Computational Method","",""
605,"605.118","Salmonella enterica subsp. enterica serovar Pullorum FHC-70","kanamycin","","16.0","","16.0","mg/L","","","","","","","MIC XGBoost Model","202503101","W1 score: 0.99, CI[0.98, 1.01]","Computational Method","",""
605,"605.118","Salmonella enterica subsp. enterica serovar Pullorum FHC-70","meropenem","","0.0625","","0.0625","mg/L","","","","","","","MIC XGBoost Model","202503101","W1 score: 0.95, CI[0.90, 1.01]","Computational Method","",""
605,"605.118","Salmonella enterica subsp. enterica serovar Pullorum FHC-70","nalidixic acid","","16.0","","16.0","mg/L","","","","","","","MIC XGBoost Model","202503101","W1 score: 0.98, CI[0.97, 0.99]","Computational Method","",""
605,"605.118","Salmonella enterica subsp. enterica serovar Pullorum FHC-70","streptomycin","","8.0","","8.0","mg/L","","","","","","","MIC XGBoost Model","202503101","W1 score: 0.92, CI[0.90, 0.93]","Computational Method","",""
605,"605.118","Salmonella enterica subsp. enterica serovar Pullorum FHC-70","tetracycline","","32.0","","32.0","mg/L","","","","","","","MIC XGBoost Model","202503101","W1 score: 0.99, CI[0.98, 0.99]","Computational Method","",""
605,"605.118","Salmonella enterica subsp. enterica serovar Pullorum FHC-70","ceftiofur","","1.0","","1.0","mg/L","","","","","","","MIC XGBoost Model","202503101","W1 score: 0.99, CI[0.98, 0.99]","Computational Method","",""
605,"605.119","Salmonella enterica subsp. enterica serovar Pullorum FHC-90","amoxicillin/clavulanic acid","","8.0","","8.0","mg/L","","","","","","","MIC XGBoost Model","202503101","W1 score: 0.98, CI[0.96, 0.99]","Computational Method","",""
605,"605.119","Salmonella enterica subsp. enterica serovar Pullorum FHC-90","ampicillin","","64.0","","64.0","mg/L","","","","","","","MIC XGBoost Model","202503101","W1 score: 0.96, CI[0.95, 0.97]","Computational Method","",""
605,"605.119","Salmonella enterica subsp. enterica serovar Pullorum FHC-90","azithromycin","","4.0","","4.0","mg/L","","","","","","","MIC XGBoost Model","202503101","W1 score: 0.99, CI[0.98, 1.00]","Computational Method","",""
605,"605.119","Salmonella enterica subsp. enterica serovar Pullorum FHC-90","ceftazidime","","8.0","","8.0","mg/L","","","","","","","MIC XGBoost Model","202503101","W1 score: 0.93, CI[0.88, 0.99]","Computational Method","",""
605,"605.119","Salmonella enterica subsp. enterica serovar Pullorum FHC-90","chloramphenicol","","8.0","","8.0","mg/L","","","","","","","MIC XGBoost Model","202503101","W1 score: 0.99, CI[0.98, 1.00]","Computational Method","",""
605,"605.119","Salmonella enterica subsp. enterica serovar Pullorum FHC-90","ciprofloxacin","","0.5","","0.5","mg/L","","","","","","","MIC XGBoost Model","202503101","W1 score: 0.88, CI[0.86, 0.90]","Computational Method","",""
605,"605.119","Salmonella enterica subsp. enterica serovar Pullorum FHC-90","ceftriaxone","","1.0","","1.0","mg/L","","","","","","","MIC XGBoost Model","202503101","W1 score: 0.95, CI[0.94, 0.96]","Computational Method","",""
605,"605.119","Salmonella enterica subsp. enterica serovar Pullorum FHC-90","cefotaxime","","32.0","","32.0","mg/L","","","","","","","MIC XGBoost Model","202503101","W1 score: 0.95, CI[0.89, 1.00]","Computational Method","",""
605,"605.119","Salmonella enterica subsp. enterica serovar Pullorum FHC-90","sulfisoxazole","","256.0","","256.0","mg/L","","","","","","","MIC XGBoost Model","202503101","W1 score: 0.98, CI[0.97, 0.99]","Computational Method","",""
605,"605.119","Salmonella enterica subsp. enterica serovar Pullorum FHC-90","cefoxitin","","2.0","","2.0","mg/L","","","","","","","MIC XGBoost Model","202503101","W1 score: 0.98, CI[0.97, 1.00]","Computational Method","",""
605,"605.119","Salmonella enterica subsp. enterica serovar Pullorum FHC-90","gentamicin","","0.5","","0.5","mg/L","","","","","","","MIC XGBoost Model","202503101","W1 score: 0.97, CI[0.95, 0.99]","Computational Method","",""
605,"605.119","Salmonella enterica subsp. enterica serovar Pullorum FHC-90","kanamycin","","16.0","","16.0","mg/L","","","","","","","MIC XGBoost Model","202503101","W1 score: 0.99, CI[0.98, 1.01]","Computational Method","",""
605,"605.119","Salmonella enterica subsp. enterica serovar Pullorum FHC-90","meropenem","","0.0625","","0.0625","mg/L","","","","","","","MIC XGBoost Model","202503101","W1 score: 0.95, CI[0.90, 1.01]","Computational Method","",""
605,"605.119","Salmonella enterica subsp. enterica serovar Pullorum FHC-90","nalidixic acid","","16.0","","16.0","mg/L","","","","","","","MIC XGBoost Model","202503101","W1 score: 0.98, CI[0.97, 0.99]","Computational Method","",""
605,"605.119","Salmonella enterica subsp. enterica serovar Pullorum FHC-90","streptomycin","","8.0","","8.0","mg/L","","","","","","","MIC XGBoost Model","202503101","W1 score: 0.92, CI[0.90, 0.93]","Computational Method","",""
605,"605.119","Salmonella enterica subsp. enterica serovar Pullorum FHC-90","tetracycline","","8.0","","8.0","mg/L","","","","","","","MIC XGBoost Model","202503101","W1 score: 0.99, CI[0.98, 0.99]","Computational Method","",""
605,"605.119","Salmonella enterica subsp. enterica serovar Pullorum FHC-90","ceftiofur","","1.0","","1.0","mg/L","","","","","","","MIC XGBoost Model","202503101","W1 score: 0.99, CI[0.98, 0.99]","Computational Method","",""
605,"605.120","Salmonella enterica subsp. enterica serovar Pullorum FHC-89","amoxicillin/clavulanic acid","","8.0","","8.0","mg/L","","","","","","","MIC XGBoost Model","202503101","W1 score: 0.98, CI[0.96, 0.99]","Computational Method","",""
605,"605.120","Salmonella enterica subsp. enterica serovar Pullorum FHC-89","ampicillin","","64.0","","64.0","mg/L","","","","","","","MIC XGBoost Model","202503101","W1 score: 0.96, CI[0.95, 0.97]","Computational Method","",""
605,"605.120","Salmonella enterica subsp. enterica serovar Pullorum FHC-89","azithromycin","","4.0","","4.0","mg/L","","","","","","","MIC XGBoost Model","202503101","W1 score: 0.99, CI[0.98, 1.00]","Computational Method","",""
605,"605.120","Salmonella enterica subsp. enterica serovar Pullorum FHC-89","ceftazidime","","8.0","","8.0","mg/L","","","","","","","MIC XGBoost Model","202503101","W1 score: 0.93, CI[0.88, 0.99]","Computational Method","",""
605,"605.120","Salmonella enterica subsp. enterica serovar Pullorum FHC-89","chloramphenicol","","8.0","","8.0","mg/L","","","","","","","MIC XGBoost Model","202503101","W1 score: 0.99, CI[0.98, 1.00]","Computational Method","",""
605,"605.120","Salmonella enterica subsp. enterica serovar Pullorum FHC-89","ciprofloxacin","","0.5","","0.5","mg/L","","","","","","","MIC XGBoost Model","202503101","W1 score: 0.88, CI[0.86, 0.90]","Computational Method","",""
605,"605.120","Salmonella enterica subsp. enterica serovar Pullorum FHC-89","ceftriaxone","","1.0","","1.0","mg/L","","","","","","","MIC XGBoost Model","202503101","W1 score: 0.95, CI[0.94, 0.96]","Computational Method","",""
605,"605.120","Salmonella enterica subsp. enterica serovar Pullorum FHC-89","cefotaxime","","32.0","","32.0","mg/L","","","","","","","MIC XGBoost Model","202503101","W1 score: 0.95, CI[0.89, 1.00]","Computational Method","",""
605,"605.120","Salmonella enterica subsp. enterica serovar Pullorum FHC-89","sulfisoxazole","","256.0","","256.0","mg/L","","","","","","","MIC XGBoost Model","202503101","W1 score: 0.98, CI[0.97, 0.99]","Computational Method","",""
605,"605.120","Salmonella enterica subsp. enterica serovar Pullorum FHC-89","cefoxitin","","2.0","","2.0","mg/L","","","","","","","MIC XGBoost Model","202503101","W1 score: 0.98, CI[0.97, 1.00]","Computational Method","",""
605,"605.120","Salmonella enterica subsp. enterica serovar Pullorum FHC-89","gentamicin","","0.5","","0.5","mg/L","","","","","","","MIC XGBoost Model","202503101","W1 score: 0.97, CI[0.95, 0.99]","Computational Method","",""
605,"605.120","Salmonella enterica subsp. enterica serovar Pullorum FHC-89","kanamycin","","16.0","","16.0","mg/L","","","","","","","MIC XGBoost Model","202503101","W1 score: 0.99, CI[0.98, 1.01]","Computational Method","",""
605,"605.120","Salmonella enterica subsp. enterica serovar Pullorum FHC-89","meropenem","","0.0625","","0.0625","mg/L","","","","","","","MIC XGBoost Model","202503101","W1 score: 0.95, CI[0.90, 1.01]","Computational Method","",""
605,"605.120","Salmonella enterica subsp. enterica serovar Pullorum FHC-89","nalidixic acid","","16.0","","16.0","mg/L","","","","","","","MIC XGBoost Model","202503101","W1 score: 0.98, CI[0.97, 0.99]","Computational Method","",""
605,"605.120","Salmonella enterica subsp. enterica serovar Pullorum FHC-89","streptomycin","","8.0","","8.0","mg/L","","","","","","","MIC XGBoost Model","202503101","W1 score: 0.92, CI[0.90, 0.93]","Computational Method","",""
605,"605.120","Salmonella enterica subsp. enterica serovar Pullorum FHC-89","tetracycline","","8.0","","8.0","mg/L","","","","","","","MIC XGBoost Model","202503101","W1 score: 0.99, CI[0.98, 0.99]","Computational Method","",""
605,"605.120","Salmonella enterica subsp. enterica serovar Pullorum FHC-89","ceftiofur","","1.0","","1.0","mg/L","","","","","","","MIC XGBoost Model","202503101","W1 score: 0.99, CI[0.98, 0.99]","Computational Method","",""
605,"605.121","Salmonella enterica subsp. enterica serovar Pullorum FHC-92","amoxicillin/clavulanic acid","","8.0","","8.0","mg/L","","","","","","","MIC XGBoost Model","202503101","W1 score: 0.98, CI[0.96, 0.99]","Computational Method","",""
605,"605.121","Salmonella enterica subsp. enterica serovar Pullorum FHC-92","ampicillin","","64.0","","64.0","mg/L","","","","","","","MIC XGBoost Model","202503101","W1 score: 0.96, CI[0.95, 0.97]","Computational Method","",""
605,"605.121","Salmonella enterica subsp. enterica serovar Pullorum FHC-92","azithromycin","","4.0","","4.0","mg/L","","","","","","","MIC XGBoost Model","202503101","W1 score: 0.99, CI[0.98, 1.00]","Computational Method","",""
605,"605.121","Salmonella enterica subsp. enterica serovar Pullorum FHC-92","ceftazidime","","8.0","","8.0","mg/L","","","","","","","MIC XGBoost Model","202503101","W1 score: 0.93, CI[0.88, 0.99]","Computational Method","",""
605,"605.121","Salmonella enterica subsp. enterica serovar Pullorum FHC-92","chloramphenicol","","8.0","","8.0","mg/L","","","","","","","MIC XGBoost Model","202503101","W1 score: 0.99, CI[0.98, 1.00]","Computational Method","",""
605,"605.121","Salmonella enterica subsp. enterica serovar Pullorum FHC-92","ciprofloxacin","","0.5","","0.5","mg/L","","","","","","","MIC XGBoost Model","202503101","W1 score: 0.88, CI[0.86, 0.90]","Computational Method","",""
605,"605.121","Salmonella enterica subsp. enterica serovar Pullorum FHC-92","ceftriaxone","","1.0","","1.0","mg/L","","","","","","","MIC XGBoost Model","202503101","W1 score: 0.95, CI[0.94, 0.96]","Computational Method","",""
605,"605.121","Salmonella enterica subsp. enterica serovar Pullorum FHC-92","cefotaxime","","32.0","","32.0","mg/L","","","","","","","MIC XGBoost Model","202503101","W1 score: 0.95, CI[0.89, 1.00]","Computational Method","",""
605,"605.121","Salmonella enterica subsp. enterica serovar Pullorum FHC-92","sulfisoxazole","","256.0","","256.0","mg/L","","","","","","","MIC XGBoost Model","202503101","W1 score: 0.98, CI[0.97, 0.99]","Computational Method","",""
605,"605.121","Salmonella enterica subsp. enterica serovar Pullorum FHC-92","cefoxitin","","2.0","","2.0","mg/L","","","","","","","MIC XGBoost Model","202503101","W1 score: 0.98, CI[0.97, 1.00]","Computational Method","",""
605,"605.121","Salmonella enterica subsp. enterica serovar Pullorum FHC-92","gentamicin","","0.5","","0.5","mg/L","","","","","","","MIC XGBoost Model","202503101","W1 score: 0.97, CI[0.95, 0.99]","Computational Method","",""
605,"605.121","Salmonella enterica subsp. enterica serovar Pullorum FHC-92","kanamycin","","16.0","","16.0","mg/L","","","","","","","MIC XGBoost Model","202503101","W1 score: 0.99, CI[0.98, 1.01]","Computational Method","",""
605,"605.121","Salmonella enterica subsp. enterica serovar Pullorum FHC-92","meropenem","","0.0625","","0.0625","mg/L","","","","","","","MIC XGBoost Model","202503101","W1 score: 0.95, CI[0.90, 1.01]","Computational Method","",""
605,"605.121","Salmonella enterica subsp. enterica serovar Pullorum FHC-92","nalidixic acid","","16.0","","16.0","mg/L","","","","","","","MIC XGBoost Model","202503101","W1 score: 0.98, CI[0.97, 0.99]","Computational Method","",""
605,"605.121","Salmonella enterica subsp. enterica serovar Pullorum FHC-92","streptomycin","","8.0","","8.0","mg/L","","","","","","","MIC XGBoost Model","202503101","W1 score: 0.92, CI[0.90, 0.93]","Computational Method","",""
605,"605.121","Salmonella enterica subsp. enterica serovar Pullorum FHC-92","tetracycline","","8.0","","8.0","mg/L","","","","","","","MIC XGBoost Model","202503101","W1 score: 0.99, CI[0.98, 0.99]","Computational Method","",""
605,"605.121","Salmonella enterica subsp. enterica serovar Pullorum FHC-92","ceftiofur","","1.0","","1.0","mg/L","","","","","","","MIC XGBoost Model","202503101","W1 score: 0.99, CI[0.98, 0.99]","Computational Method","",""
605,"605.122","Salmonella enterica subsp. enterica serovar Pullorum FHC-78","amoxicillin/clavulanic acid","","8.0","","8.0","mg/L","","","","","","","MIC XGBoost Model","202503101","W1 score: 0.98, CI[0.96, 0.99]","Computational Method","",""
605,"605.122","Salmonella enterica subsp. enterica serovar Pullorum FHC-78","ampicillin","","64.0","","64.0","mg/L","","","","","","","MIC XGBoost Model","202503101","W1 score: 0.96, CI[0.95, 0.97]","Computational Method","",""
605,"605.122","Salmonella enterica subsp. enterica serovar Pullorum FHC-78","azithromycin","","4.0","","4.0","mg/L","","","","","","","MIC XGBoost Model","202503101","W1 score: 0.99, CI[0.98, 1.00]","Computational Method","",""
605,"605.122","Salmonella enterica subsp. enterica serovar Pullorum FHC-78","ceftazidime","","8.0","","8.0","mg/L","","","","","","","MIC XGBoost Model","202503101","W1 score: 0.93, CI[0.88, 0.99]","Computational Method","",""
605,"605.122","Salmonella enterica subsp. enterica serovar Pullorum FHC-78","chloramphenicol","","8.0","","8.0","mg/L","","","","","","","MIC XGBoost Model","202503101","W1 score: 0.99, CI[0.98, 1.00]","Computational Method","",""
605,"605.122","Salmonella enterica subsp. enterica serovar Pullorum FHC-78","ciprofloxacin","","0.5","","0.5","mg/L","","","","","","","MIC XGBoost Model","202503101","W1 score: 0.88, CI[0.86, 0.90]","Computational Method","",""
605,"605.122","Salmonella enterica subsp. enterica serovar Pullorum FHC-78","ceftriaxone","","1.0","","1.0","mg/L","","","","","","","MIC XGBoost Model","202503101","W1 score: 0.95, CI[0.94, 0.96]","Computational Method","",""
605,"605.122","Salmonella enterica subsp. enterica serovar Pullorum FHC-78","cefotaxime","","32.0","","32.0","mg/L","","","","","","","MIC XGBoost Model","202503101","W1 score: 0.95, CI[0.89, 1.00]","Computational Method","",""
605,"605.122","Salmonella enterica subsp. enterica serovar Pullorum FHC-78","sulfisoxazole","","256.0","","256.0","mg/L","","","","","","","MIC XGBoost Model","202503101","W1 score: 0.98, CI[0.97, 0.99]","Computational Method","",""
605,"605.122","Salmonella enterica subsp. enterica serovar Pullorum FHC-78","cefoxitin","","2.0","","2.0","mg/L","","","","","","","MIC XGBoost Model","202503101","W1 score: 0.98, CI[0.97, 1.00]","Computational Method","",""
605,"605.122","Salmonella enterica subsp. enterica serovar Pullorum FHC-78","gentamicin","","0.5","","0.5","mg/L","","","","","","","MIC XGBoost Model","202503101","W1 score: 0.97, CI[0.95, 0.99]","Computational Method","",""
605,"605.122","Salmonella enterica subsp. enterica serovar Pullorum FHC-78","kanamycin","","16.0","","16.0","mg/L","","","","","","","MIC XGBoost Model","202503101","W1 score: 0.99, CI[0.98, 1.01]","Computational Method","",""
605,"605.122","Salmonella enterica subsp. enterica serovar Pullorum FHC-78","meropenem","","0.0625","","0.0625","mg/L","","","","","","","MIC XGBoost Model","202503101","W1 score: 0.95, CI[0.90, 1.01]","Computational Method","",""
605,"605.122","Salmonella enterica subsp. enterica serovar Pullorum FHC-78","nalidixic acid","","16.0","","16.0","mg/L","","","","","","","MIC XGBoost Model","202503101","W1 score: 0.98, CI[0.97, 0.99]","Computational Method","",""
605,"605.122","Salmonella enterica subsp. enterica serovar Pullorum FHC-78","streptomycin","","8.0","","8.0","mg/L","","","","","","","MIC XGBoost Model","202503101","W1 score: 0.92, CI[0.90, 0.93]","Computational Method","",""
605,"605.122","Salmonella enterica subsp. enterica serovar Pullorum FHC-78","tetracycline","","32.0","","32.0","mg/L","","","","","","","MIC XGBoost Model","202503101","W1 score: 0.99, CI[0.98, 0.99]","Computational Method","",""
605,"605.122","Salmonella enterica subsp. enterica serovar Pullorum FHC-78","ceftiofur","","1.0","","1.0","mg/L","","","","","","","MIC XGBoost Model","202503101","W1 score: 0.99, CI[0.98, 0.99]","Computational Method","",""
605,"605.123","Salmonella enterica subsp. enterica serovar Pullorum FHC-67","amoxicillin/clavulanic acid","","8.0","","8.0","mg/L","","","","","","","MIC XGBoost Model","202503101","W1 score: 0.98, CI[0.96, 0.99]","Computational Method","",""
605,"605.123","Salmonella enterica subsp. enterica serovar Pullorum FHC-67","ampicillin","","64.0","","64.0","mg/L","","","","","","","MIC XGBoost Model","202503101","W1 score: 0.96, CI[0.95, 0.97]","Computational Method","",""
605,"605.123","Salmonella enterica subsp. enterica serovar Pullorum FHC-67","azithromycin","","4.0","","4.0","mg/L","","","","","","","MIC XGBoost Model","202503101","W1 score: 0.99, CI[0.98, 1.00]","Computational Method","",""
605,"605.123","Salmonella enterica subsp. enterica serovar Pullorum FHC-67","ceftazidime","","8.0","","8.0","mg/L","","","","","","","MIC XGBoost Model","202503101","W1 score: 0.93, CI[0.88, 0.99]","Computational Method","",""
605,"605.123","Salmonella enterica subsp. enterica serovar Pullorum FHC-67","chloramphenicol","","8.0","","8.0","mg/L","","","","","","","MIC XGBoost Model","202503101","W1 score: 0.99, CI[0.98, 1.00]","Computational Method","",""
605,"605.123","Salmonella enterica subsp. enterica serovar Pullorum FHC-67","ciprofloxacin","","0.125","","0.125","mg/L","","","","","","","MIC XGBoost Model","202503101","W1 score: 0.88, CI[0.86, 0.90]","Computational Method","",""
605,"605.123","Salmonella enterica subsp. enterica serovar Pullorum FHC-67","ceftriaxone","","1.0","","1.0","mg/L","","","","","","","MIC XGBoost Model","202503101","W1 score: 0.95, CI[0.94, 0.96]","Computational Method","",""
605,"605.123","Salmonella enterica subsp. enterica serovar Pullorum FHC-67","cefotaxime","","32.0","","32.0","mg/L","","","","","","","MIC XGBoost Model","202503101","W1 score: 0.95, CI[0.89, 1.00]","Computational Method","",""
605,"605.123","Salmonella enterica subsp. enterica serovar Pullorum FHC-67","sulfisoxazole","","256.0","","256.0","mg/L","","","","","","","MIC XGBoost Model","202503101","W1 score: 0.98, CI[0.97, 0.99]","Computational Method","",""
605,"605.123","Salmonella enterica subsp. enterica serovar Pullorum FHC-67","cefoxitin","","2.0","","2.0","mg/L","","","","","","","MIC XGBoost Model","202503101","W1 score: 0.98, CI[0.97, 1.00]","Computational Method","",""
605,"605.123","Salmonella enterica subsp. enterica serovar Pullorum FHC-67","gentamicin","","0.5","","0.5","mg/L","","","","","","","MIC XGBoost Model","202503101","W1 score: 0.97, CI[0.95, 0.99]","Computational Method","",""
605,"605.123","Salmonella enterica subsp. enterica serovar Pullorum FHC-67","kanamycin","","16.0","","16.0","mg/L","","","","","","","MIC XGBoost Model","202503101","W1 score: 0.99, CI[0.98, 1.01]","Computational Method","",""
605,"605.123","Salmonella enterica subsp. enterica serovar Pullorum FHC-67","meropenem","","0.125","","0.125","mg/L","","","","","","","MIC XGBoost Model","202503101","W1 score: 0.95, CI[0.90, 1.01]","Computational Method","",""
605,"605.123","Salmonella enterica subsp. enterica serovar Pullorum FHC-67","nalidixic acid","","32.0","","32.0","mg/L","","","","","","","MIC XGBoost Model","202503101","W1 score: 0.98, CI[0.97, 0.99]","Computational Method","",""
605,"605.123","Salmonella enterica subsp. enterica serovar Pullorum FHC-67","streptomycin","","8.0","","8.0","mg/L","","","","","","","MIC XGBoost Model","202503101","W1 score: 0.92, CI[0.90, 0.93]","Computational Method","",""
605,"605.123","Salmonella enterica subsp. enterica serovar Pullorum FHC-67","tetracycline","","8.0","","8.0","mg/L","","","","","","","MIC XGBoost Model","202503101","W1 score: 0.99, CI[0.98, 0.99]","Computational Method","",""
605,"605.123","Salmonella enterica subsp. enterica serovar Pullorum FHC-67","ceftiofur","","1.0","","1.0","mg/L","","","","","","","MIC XGBoost Model","202503101","W1 score: 0.99, CI[0.98, 0.99]","Computational Method","",""
605,"605.124","Salmonella enterica subsp. enterica serovar Pullorum FHC-82","amoxicillin/clavulanic acid","","8.0","","8.0","mg/L","","","","","","","MIC XGBoost Model","202503101","W1 score: 0.98, CI[0.96, 0.99]","Computational Method","",""
605,"605.124","Salmonella enterica subsp. enterica serovar Pullorum FHC-82","ampicillin","","64.0","","64.0","mg/L","","","","","","","MIC XGBoost Model","202503101","W1 score: 0.96, CI[0.95, 0.97]","Computational Method","",""
605,"605.124","Salmonella enterica subsp. enterica serovar Pullorum FHC-82","azithromycin","","4.0","","4.0","mg/L","","","","","","","MIC XGBoost Model","202503101","W1 score: 0.99, CI[0.98, 1.00]","Computational Method","",""
605,"605.124","Salmonella enterica subsp. enterica serovar Pullorum FHC-82","ceftazidime","","8.0","","8.0","mg/L","","","","","","","MIC XGBoost Model","202503101","W1 score: 0.93, CI[0.88, 0.99]","Computational Method","",""
605,"605.124","Salmonella enterica subsp. enterica serovar Pullorum FHC-82","chloramphenicol","","8.0","","8.0","mg/L","","","","","","","MIC XGBoost Model","202503101","W1 score: 0.99, CI[0.98, 1.00]","Computational Method","",""
605,"605.124","Salmonella enterica subsp. enterica serovar Pullorum FHC-82","ciprofloxacin","","0.25","","0.25","mg/L","","","","","","","MIC XGBoost Model","202503101","W1 score: 0.88, CI[0.86, 0.90]","Computational Method","",""
605,"605.124","Salmonella enterica subsp. enterica serovar Pullorum FHC-82","ceftriaxone","","1.0","","1.0","mg/L","","","","","","","MIC XGBoost Model","202503101","W1 score: 0.95, CI[0.94, 0.96]","Computational Method","",""
605,"605.124","Salmonella enterica subsp. enterica serovar Pullorum FHC-82","cefotaxime","","32.0","","32.0","mg/L","","","","","","","MIC XGBoost Model","202503101","W1 score: 0.95, CI[0.89, 1.00]","Computational Method","",""
605,"605.124","Salmonella enterica subsp. enterica serovar Pullorum FHC-82","sulfisoxazole","","256.0","","256.0","mg/L","","","","","","","MIC XGBoost Model","202503101","W1 score: 0.98, CI[0.97, 0.99]","Computational Method","",""
605,"605.124","Salmonella enterica subsp. enterica serovar Pullorum FHC-82","cefoxitin","","2.0","","2.0","mg/L","","","","","","","MIC XGBoost Model","202503101","W1 score: 0.98, CI[0.97, 1.00]","Computational Method","",""
605,"605.124","Salmonella enterica subsp. enterica serovar Pullorum FHC-82","gentamicin","","0.5","","0.5","mg/L","","","","","","","MIC XGBoost Model","202503101","W1 score: 0.97, CI[0.95, 0.99]","Computational Method","",""
605,"605.124","Salmonella enterica subsp. enterica serovar Pullorum FHC-82","kanamycin","","16.0","","16.0","mg/L","","","","","","","MIC XGBoost Model","202503101","W1 score: 0.99, CI[0.98, 1.01]","Computational Method","",""
605,"605.124","Salmonella enterica subsp. enterica serovar Pullorum FHC-82","meropenem","","0.0625","","0.0625","mg/L","","","","","","","MIC XGBoost Model","202503101","W1 score: 0.95, CI[0.90, 1.01]","Computational Method","",""
605,"605.124","Salmonella enterica subsp. enterica serovar Pullorum FHC-82","nalidixic acid","","16.0","","16.0","mg/L","","","","","","","MIC XGBoost Model","202503101","W1 score: 0.98, CI[0.97, 0.99]","Computational Method","",""
605,"605.124","Salmonella enterica subsp. enterica serovar Pullorum FHC-82","streptomycin","","8.0","","8.0","mg/L","","","","","","","MIC XGBoost Model","202503101","W1 score: 0.92, CI[0.90, 0.93]","Computational Method","",""
605,"605.124","Salmonella enterica subsp. enterica serovar Pullorum FHC-82","tetracycline","","32.0","","32.0","mg/L","","","","","","","MIC XGBoost Model","202503101","W1 score: 0.99, CI[0.98, 0.99]","Computational Method","",""
605,"605.124","Salmonella enterica subsp. enterica serovar Pullorum FHC-82","ceftiofur","","1.0","","1.0","mg/L","","","","","","","MIC XGBoost Model","202503101","W1 score: 0.99, CI[0.98, 0.99]","Computational Method","",""
605,"605.125","Salmonella enterica subsp. enterica serovar Pullorum FHC-76","amoxicillin/clavulanic acid","","8.0","","8.0","mg/L","","","","","","","MIC XGBoost Model","202503101","W1 score: 0.98, CI[0.96, 0.99]","Computational Method","",""
605,"605.125","Salmonella enterica subsp. enterica serovar Pullorum FHC-76","ampicillin","","64.0","","64.0","mg/L","","","","","","","MIC XGBoost Model","202503101","W1 score: 0.96, CI[0.95, 0.97]","Computational Method","",""
605,"605.125","Salmonella enterica subsp. enterica serovar Pullorum FHC-76","azithromycin","","4.0","","4.0","mg/L","","","","","","","MIC XGBoost Model","202503101","W1 score: 0.99, CI[0.98, 1.00]","Computational Method","",""
605,"605.125","Salmonella enterica subsp. enterica serovar Pullorum FHC-76","ceftazidime","","8.0","","8.0","mg/L","","","","","","","MIC XGBoost Model","202503101","W1 score: 0.93, CI[0.88, 0.99]","Computational Method","",""
605,"605.125","Salmonella enterica subsp. enterica serovar Pullorum FHC-76","chloramphenicol","","8.0","","8.0","mg/L","","","","","","","MIC XGBoost Model","202503101","W1 score: 0.99, CI[0.98, 1.00]","Computational Method","",""
605,"605.125","Salmonella enterica subsp. enterica serovar Pullorum FHC-76","ciprofloxacin","","0.5","","0.5","mg/L","","","","","","","MIC XGBoost Model","202503101","W1 score: 0.88, CI[0.86, 0.90]","Computational Method","",""
605,"605.125","Salmonella enterica subsp. enterica serovar Pullorum FHC-76","ceftriaxone","","1.0","","1.0","mg/L","","","","","","","MIC XGBoost Model","202503101","W1 score: 0.95, CI[0.94, 0.96]","Computational Method","",""
605,"605.125","Salmonella enterica subsp. enterica serovar Pullorum FHC-76","cefotaxime","","32.0","","32.0","mg/L","","","","","","","MIC XGBoost Model","202503101","W1 score: 0.95, CI[0.89, 1.00]","Computational Method","",""
605,"605.125","Salmonella enterica subsp. enterica serovar Pullorum FHC-76","sulfisoxazole","","256.0","","256.0","mg/L","","","","","","","MIC XGBoost Model","202503101","W1 score: 0.98, CI[0.97, 0.99]","Computational Method","",""
605,"605.125","Salmonella enterica subsp. enterica serovar Pullorum FHC-76","cefoxitin","","2.0","","2.0","mg/L","","","","","","","MIC XGBoost Model","202503101","W1 score: 0.98, CI[0.97, 1.00]","Computational Method","",""
605,"605.125","Salmonella enterica subsp. enterica serovar Pullorum FHC-76","gentamicin","","0.5","","0.5","mg/L","","","","","","","MIC XGBoost Model","202503101","W1 score: 0.97, CI[0.95, 0.99]","Computational Method","",""
605,"605.125","Salmonella enterica subsp. enterica serovar Pullorum FHC-76","kanamycin","","16.0","","16.0","mg/L","","","","","","","MIC XGBoost Model","202503101","W1 score: 0.99, CI[0.98, 1.01]","Computational Method","",""
605,"605.125","Salmonella enterica subsp. enterica serovar Pullorum FHC-76","meropenem","","0.0625","","0.0625","mg/L","","","","","","","MIC XGBoost Model","202503101","W1 score: 0.95, CI[0.90, 1.01]","Computational Method","",""
605,"605.125","Salmonella enterica subsp. enterica serovar Pullorum FHC-76","nalidixic acid","","16.0","","16.0","mg/L","","","","","","","MIC XGBoost Model","202503101","W1 score: 0.98, CI[0.97, 0.99]","Computational Method","",""
605,"605.125","Salmonella enterica subsp. enterica serovar Pullorum FHC-76","streptomycin","","16.0","","16.0","mg/L","","","","","","","MIC XGBoost Model","202503101","W1 score: 0.92, CI[0.90, 0.93]","Computational Method","",""
605,"605.125","Salmonella enterica subsp. enterica serovar Pullorum FHC-76","tetracycline","","8.0","","8.0","mg/L","","","","","","","MIC XGBoost Model","202503101","W1 score: 0.99, CI[0.98, 0.99]","Computational Method","",""
605,"605.125","Salmonella enterica subsp. enterica serovar Pullorum FHC-76","ceftiofur","","1.0","","1.0","mg/L","","","","","","","MIC XGBoost Model","202503101","W1 score: 0.99, CI[0.98, 0.99]","Computational Method","",""
605,"605.126","Salmonella enterica subsp. enterica serovar Pullorum FHC-84","amoxicillin/clavulanic acid","","8.0","","8.0","mg/L","","","","","","","MIC XGBoost Model","202503101","W1 score: 0.98, CI[0.96, 0.99]","Computational Method","",""
605,"605.126","Salmonella enterica subsp. enterica serovar Pullorum FHC-84","ampicillin","","64.0","","64.0","mg/L","","","","","","","MIC XGBoost Model","202503101","W1 score: 0.96, CI[0.95, 0.97]","Computational Method","",""
605,"605.126","Salmonella enterica subsp. enterica serovar Pullorum FHC-84","azithromycin","","4.0","","4.0","mg/L","","","","","","","MIC XGBoost Model","202503101","W1 score: 0.99, CI[0.98, 1.00]","Computational Method","",""
605,"605.126","Salmonella enterica subsp. enterica serovar Pullorum FHC-84","ceftazidime","","8.0","","8.0","mg/L","","","","","","","MIC XGBoost Model","202503101","W1 score: 0.93, CI[0.88, 0.99]","Computational Method","",""
605,"605.126","Salmonella enterica subsp. enterica serovar Pullorum FHC-84","chloramphenicol","","8.0","","8.0","mg/L","","","","","","","MIC XGBoost Model","202503101","W1 score: 0.99, CI[0.98, 1.00]","Computational Method","",""
605,"605.126","Salmonella enterica subsp. enterica serovar Pullorum FHC-84","ciprofloxacin","","0.5","","0.5","mg/L","","","","","","","MIC XGBoost Model","202503101","W1 score: 0.88, CI[0.86, 0.90]","Computational Method","",""
605,"605.126","Salmonella enterica subsp. enterica serovar Pullorum FHC-84","ceftriaxone","","1.0","","1.0","mg/L","","","","","","","MIC XGBoost Model","202503101","W1 score: 0.95, CI[0.94, 0.96]","Computational Method","",""
605,"605.126","Salmonella enterica subsp. enterica serovar Pullorum FHC-84","cefotaxime","","32.0","","32.0","mg/L","","","","","","","MIC XGBoost Model","202503101","W1 score: 0.95, CI[0.89, 1.00]","Computational Method","",""
605,"605.126","Salmonella enterica subsp. enterica serovar Pullorum FHC-84","sulfisoxazole","","256.0","","256.0","mg/L","","","","","","","MIC XGBoost Model","202503101","W1 score: 0.98, CI[0.97, 0.99]","Computational Method","",""
605,"605.126","Salmonella enterica subsp. enterica serovar Pullorum FHC-84","cefoxitin","","2.0","","2.0","mg/L","","","","","","","MIC XGBoost Model","202503101","W1 score: 0.98, CI[0.97, 1.00]","Computational Method","",""
605,"605.126","Salmonella enterica subsp. enterica serovar Pullorum FHC-84","gentamicin","","0.5","","0.5","mg/L","","","","","","","MIC XGBoost Model","202503101","W1 score: 0.97, CI[0.95, 0.99]","Computational Method","",""
605,"605.126","Salmonella enterica subsp. enterica serovar Pullorum FHC-84","kanamycin","","16.0","","16.0","mg/L","","","","","","","MIC XGBoost Model","202503101","W1 score: 0.99, CI[0.98, 1.01]","Computational Method","",""
605,"605.126","Salmonella enterica subsp. enterica serovar Pullorum FHC-84","meropenem","","0.0625","","0.0625","mg/L","","","","","","","MIC XGBoost Model","202503101","W1 score: 0.95, CI[0.90, 1.01]","Computational Method","",""
605,"605.126","Salmonella enterica subsp. enterica serovar Pullorum FHC-84","nalidixic acid","","16.0","","16.0","mg/L","","","","","","","MIC XGBoost Model","202503101","W1 score: 0.98, CI[0.97, 0.99]","Computational Method","",""
605,"605.126","Salmonella enterica subsp. enterica serovar Pullorum FHC-84","streptomycin","","8.0","","8.0","mg/L","","","","","","","MIC XGBoost Model","202503101","W1 score: 0.92, CI[0.90, 0.93]","Computational Method","",""
605,"605.126","Salmonella enterica subsp. enterica serovar Pullorum FHC-84","tetracycline","","32.0","","32.0","mg/L","","","","","","","MIC XGBoost Model","202503101","W1 score: 0.99, CI[0.98, 0.99]","Computational Method","",""
605,"605.126","Salmonella enterica subsp. enterica serovar Pullorum FHC-84","ceftiofur","","1.0","","1.0","mg/L","","","","","","","MIC XGBoost Model","202503101","W1 score: 0.99, CI[0.98, 0.99]","Computational Method","",""
605,"605.127","Salmonella enterica subsp. enterica serovar Pullorum FHC-88","amoxicillin/clavulanic acid","","8.0","","8.0","mg/L","","","","","","","MIC XGBoost Model","202503101","W1 score: 0.98, CI[0.96, 0.99]","Computational Method","",""
605,"605.127","Salmonella enterica subsp. enterica serovar Pullorum FHC-88","ampicillin","","64.0","","64.0","mg/L","","","","","","","MIC XGBoost Model","202503101","W1 score: 0.96, CI[0.95, 0.97]","Computational Method","",""
605,"605.127","Salmonella enterica subsp. enterica serovar Pullorum FHC-88","azithromycin","","4.0","","4.0","mg/L","","","","","","","MIC XGBoost Model","202503101","W1 score: 0.99, CI[0.98, 1.00]","Computational Method","",""
605,"605.127","Salmonella enterica subsp. enterica serovar Pullorum FHC-88","ceftazidime","","8.0","","8.0","mg/L","","","","","","","MIC XGBoost Model","202503101","W1 score: 0.93, CI[0.88, 0.99]","Computational Method","",""
605,"605.127","Salmonella enterica subsp. enterica serovar Pullorum FHC-88","chloramphenicol","","8.0","","8.0","mg/L","","","","","","","MIC XGBoost Model","202503101","W1 score: 0.99, CI[0.98, 1.00]","Computational Method","",""
605,"605.127","Salmonella enterica subsp. enterica serovar Pullorum FHC-88","ciprofloxacin","","0.5","","0.5","mg/L","","","","","","","MIC XGBoost Model","202503101","W1 score: 0.88, CI[0.86, 0.90]","Computational Method","",""
605,"605.127","Salmonella enterica subsp. enterica serovar Pullorum FHC-88","ceftriaxone","","1.0","","1.0","mg/L","","","","","","","MIC XGBoost Model","202503101","W1 score: 0.95, CI[0.94, 0.96]","Computational Method","",""
605,"605.127","Salmonella enterica subsp. enterica serovar Pullorum FHC-88","cefotaxime","","32.0","","32.0","mg/L","","","","","","","MIC XGBoost Model","202503101","W1 score: 0.95, CI[0.89, 1.00]","Computational Method","",""
605,"605.127","Salmonella enterica subsp. enterica serovar Pullorum FHC-88","sulfisoxazole","","256.0","","256.0","mg/L","","","","","","","MIC XGBoost Model","202503101","W1 score: 0.98, CI[0.97, 0.99]","Computational Method","",""
605,"605.127","Salmonella enterica subsp. enterica serovar Pullorum FHC-88","cefoxitin","","2.0","","2.0","mg/L","","","","","","","MIC XGBoost Model","202503101","W1 score: 0.98, CI[0.97, 1.00]","Computational Method","",""
605,"605.127","Salmonella enterica subsp. enterica serovar Pullorum FHC-88","gentamicin","","0.5","","0.5","mg/L","","","","","","","MIC XGBoost Model","202503101","W1 score: 0.97, CI[0.95, 0.99]","Computational Method","",""
605,"605.127","Salmonella enterica subsp. enterica serovar Pullorum FHC-88","kanamycin","","16.0","","16.0","mg/L","","","","","","","MIC XGBoost Model","202503101","W1 score: 0.99, CI[0.98, 1.01]","Computational Method","",""
605,"605.127","Salmonella enterica subsp. enterica serovar Pullorum FHC-88","meropenem","","0.0625","","0.0625","mg/L","","","","","","","MIC XGBoost Model","202503101","W1 score: 0.95, CI[0.90, 1.01]","Computational Method","",""
605,"605.127","Salmonella enterica subsp. enterica serovar Pullorum FHC-88","nalidixic acid","","16.0","","16.0","mg/L","","","","","","","MIC XGBoost Model","202503101","W1 score: 0.98, CI[0.97, 0.99]","Computational Method","",""
605,"605.127","Salmonella enterica subsp. enterica serovar Pullorum FHC-88","streptomycin","","16.0","","16.0","mg/L","","","","","","","MIC XGBoost Model","202503101","W1 score: 0.92, CI[0.90, 0.93]","Computational Method","",""
605,"605.127","Salmonella enterica subsp. enterica serovar Pullorum FHC-88","tetracycline","","8.0","","8.0","mg/L","","","","","","","MIC XGBoost Model","202503101","W1 score: 0.99, CI[0.98, 0.99]","Computational Method","",""
605,"605.127","Salmonella enterica subsp. enterica serovar Pullorum FHC-88","ceftiofur","","1.0","","1.0","mg/L","","","","","","","MIC XGBoost Model","202503101","W1 score: 0.99, CI[0.98, 0.99]","Computational Method","",""
605,"605.128","Salmonella enterica subsp. enterica serovar Pullorum FHC-85","amoxicillin/clavulanic acid","","8.0","","8.0","mg/L","","","","","","","MIC XGBoost Model","202503101","W1 score: 0.98, CI[0.96, 0.99]","Computational Method","",""
605,"605.128","Salmonella enterica subsp. enterica serovar Pullorum FHC-85","ampicillin","","64.0","","64.0","mg/L","","","","","","","MIC XGBoost Model","202503101","W1 score: 0.96, CI[0.95, 0.97]","Computational Method","",""
605,"605.128","Salmonella enterica subsp. enterica serovar Pullorum FHC-85","azithromycin","","4.0","","4.0","mg/L","","","","","","","MIC XGBoost Model","202503101","W1 score: 0.99, CI[0.98, 1.00]","Computational Method","",""
605,"605.128","Salmonella enterica subsp. enterica serovar Pullorum FHC-85","ceftazidime","","8.0","","8.0","mg/L","","","","","","","MIC XGBoost Model","202503101","W1 score: 0.93, CI[0.88, 0.99]","Computational Method","",""
605,"605.128","Salmonella enterica subsp. enterica serovar Pullorum FHC-85","chloramphenicol","","8.0","","8.0","mg/L","","","","","","","MIC XGBoost Model","202503101","W1 score: 0.99, CI[0.98, 1.00]","Computational Method","",""
605,"605.128","Salmonella enterica subsp. enterica serovar Pullorum FHC-85","ciprofloxacin","","0.5","","0.5","mg/L","","","","","","","MIC XGBoost Model","202503101","W1 score: 0.88, CI[0.86, 0.90]","Computational Method","",""
605,"605.128","Salmonella enterica subsp. enterica serovar Pullorum FHC-85","ceftriaxone","","1.0","","1.0","mg/L","","","","","","","MIC XGBoost Model","202503101","W1 score: 0.95, CI[0.94, 0.96]","Computational Method","",""
605,"605.128","Salmonella enterica subsp. enterica serovar Pullorum FHC-85","cefotaxime","","32.0","","32.0","mg/L","","","","","","","MIC XGBoost Model","202503101","W1 score: 0.95, CI[0.89, 1.00]","Computational Method","",""
605,"605.128","Salmonella enterica subsp. enterica serovar Pullorum FHC-85","sulfisoxazole","","256.0","","256.0","mg/L","","","","","","","MIC XGBoost Model","202503101","W1 score: 0.98, CI[0.97, 0.99]","Computational Method","",""
605,"605.128","Salmonella enterica subsp. enterica serovar Pullorum FHC-85","cefoxitin","","2.0","","2.0","mg/L","","","","","","","MIC XGBoost Model","202503101","W1 score: 0.98, CI[0.97, 1.00]","Computational Method","",""
605,"605.128","Salmonella enterica subsp. enterica serovar Pullorum FHC-85","gentamicin","","0.5","","0.5","mg/L","","","","","","","MIC XGBoost Model","202503101","W1 score: 0.97, CI[0.95, 0.99]","Computational Method","",""
605,"605.128","Salmonella enterica subsp. enterica serovar Pullorum FHC-85","kanamycin","","16.0","","16.0","mg/L","","","","","","","MIC XGBoost Model","202503101","W1 score: 0.99, CI[0.98, 1.01]","Computational Method","",""
605,"605.128","Salmonella enterica subsp. enterica serovar Pullorum FHC-85","meropenem","","0.0625","","0.0625","mg/L","","","","","","","MIC XGBoost Model","202503101","W1 score: 0.95, CI[0.90, 1.01]","Computational Method","",""
605,"605.128","Salmonella enterica subsp. enterica serovar Pullorum FHC-85","nalidixic acid","","16.0","","16.0","mg/L","","","","","","","MIC XGBoost Model","202503101","W1 score: 0.98, CI[0.97, 0.99]","Computational Method","",""
605,"605.128","Salmonella enterica subsp. enterica serovar Pullorum FHC-85","streptomycin","","8.0","","8.0","mg/L","","","","","","","MIC XGBoost Model","202503101","W1 score: 0.92, CI[0.90, 0.93]","Computational Method","",""
605,"605.128","Salmonella enterica subsp. enterica serovar Pullorum FHC-85","tetracycline","","32.0","","32.0","mg/L","","","","","","","MIC XGBoost Model","202503101","W1 score: 0.99, CI[0.98, 0.99]","Computational Method","",""
605,"605.128","Salmonella enterica subsp. enterica serovar Pullorum FHC-85","ceftiofur","","1.0","","1.0","mg/L","","","","","","","MIC XGBoost Model","202503101","W1 score: 0.99, CI[0.98, 0.99]","Computational Method","",""
605,"605.129","Salmonella enterica subsp. enterica serovar Pullorum FHC-86","amoxicillin/clavulanic acid","","8.0","","8.0","mg/L","","","","","","","MIC XGBoost Model","202503101","W1 score: 0.98, CI[0.96, 0.99]","Computational Method","",""
605,"605.129","Salmonella enterica subsp. enterica serovar Pullorum FHC-86","ampicillin","","64.0","","64.0","mg/L","","","","","","","MIC XGBoost Model","202503101","W1 score: 0.96, CI[0.95, 0.97]","Computational Method","",""
605,"605.129","Salmonella enterica subsp. enterica serovar Pullorum FHC-86","azithromycin","","4.0","","4.0","mg/L","","","","","","","MIC XGBoost Model","202503101","W1 score: 0.99, CI[0.98, 1.00]","Computational Method","",""
605,"605.129","Salmonella enterica subsp. enterica serovar Pullorum FHC-86","ceftazidime","","8.0","","8.0","mg/L","","","","","","","MIC XGBoost Model","202503101","W1 score: 0.93, CI[0.88, 0.99]","Computational Method","",""
605,"605.129","Salmonella enterica subsp. enterica serovar Pullorum FHC-86","chloramphenicol","","8.0","","8.0","mg/L","","","","","","","MIC XGBoost Model","202503101","W1 score: 0.99, CI[0.98, 1.00]","Computational Method","",""
605,"605.129","Salmonella enterica subsp. enterica serovar Pullorum FHC-86","ciprofloxacin","","0.5","","0.5","mg/L","","","","","","","MIC XGBoost Model","202503101","W1 score: 0.88, CI[0.86, 0.90]","Computational Method","",""
605,"605.129","Salmonella enterica subsp. enterica serovar Pullorum FHC-86","ceftriaxone","","1.0","","1.0","mg/L","","","","","","","MIC XGBoost Model","202503101","W1 score: 0.95, CI[0.94, 0.96]","Computational Method","",""
605,"605.129","Salmonella enterica subsp. enterica serovar Pullorum FHC-86","cefotaxime","","32.0","","32.0","mg/L","","","","","","","MIC XGBoost Model","202503101","W1 score: 0.95, CI[0.89, 1.00]","Computational Method","",""
605,"605.129","Salmonella enterica subsp. enterica serovar Pullorum FHC-86","sulfisoxazole","","256.0","","256.0","mg/L","","","","","","","MIC XGBoost Model","202503101","W1 score: 0.98, CI[0.97, 0.99]","Computational Method","",""
605,"605.129","Salmonella enterica subsp. enterica serovar Pullorum FHC-86","cefoxitin","","2.0","","2.0","mg/L","","","","","","","MIC XGBoost Model","202503101","W1 score: 0.98, CI[0.97, 1.00]","Computational Method","",""
605,"605.129","Salmonella enterica subsp. enterica serovar Pullorum FHC-86","gentamicin","","0.5","","0.5","mg/L","","","","","","","MIC XGBoost Model","202503101","W1 score: 0.97, CI[0.95, 0.99]","Computational Method","",""
605,"605.129","Salmonella enterica subsp. enterica serovar Pullorum FHC-86","kanamycin","","16.0","","16.0","mg/L","","","","","","","MIC XGBoost Model","202503101","W1 score: 0.99, CI[0.98, 1.01]","Computational Method","",""
605,"605.129","Salmonella enterica subsp. enterica serovar Pullorum FHC-86","meropenem","","0.0625","","0.0625","mg/L","","","","","","","MIC XGBoost Model","202503101","W1 score: 0.95, CI[0.90, 1.01]","Computational Method","",""
605,"605.129","Salmonella enterica subsp. enterica serovar Pullorum FHC-86","nalidixic acid","","16.0","","16.0","mg/L","","","","","","","MIC XGBoost Model","202503101","W1 score: 0.98, CI[0.97, 0.99]","Computational Method","",""
605,"605.129","Salmonella enterica subsp. enterica serovar Pullorum FHC-86","streptomycin","","8.0","","8.0","mg/L","","","","","","","MIC XGBoost Model","202503101","W1 score: 0.92, CI[0.90, 0.93]","Computational Method","",""
605,"605.129","Salmonella enterica subsp. enterica serovar Pullorum FHC-86","tetracycline","","8.0","","8.0","mg/L","","","","","","","MIC XGBoost Model","202503101","W1 score: 0.99, CI[0.98, 0.99]","Computational Method","",""
605,"605.129","Salmonella enterica subsp. enterica serovar Pullorum FHC-86","ceftiofur","","1.0","","1.0","mg/L","","","","","","","MIC XGBoost Model","202503101","W1 score: 0.99, CI[0.98, 0.99]","Computational Method","",""
605,"605.130","Salmonella enterica subsp. enterica serovar Pullorum FHC-87","amoxicillin/clavulanic acid","","1.0","","1.0","mg/L","","","","","","","MIC XGBoost Model","202503101","W1 score: 0.98, CI[0.96, 0.99]","Computational Method","",""
605,"605.130","Salmonella enterica subsp. enterica serovar Pullorum FHC-87","ampicillin","","2.0","","2.0","mg/L","","","","","","","MIC XGBoost Model","202503101","W1 score: 0.96, CI[0.95, 0.97]","Computational Method","",""
605,"605.130","Salmonella enterica subsp. enterica serovar Pullorum FHC-87","azithromycin","","4.0","","4.0","mg/L","","","","","","","MIC XGBoost Model","202503101","W1 score: 0.99, CI[0.98, 1.00]","Computational Method","",""
605,"605.130","Salmonella enterica subsp. enterica serovar Pullorum FHC-87","ceftazidime","","16.0","","16.0","mg/L","","","","","","","MIC XGBoost Model","202503101","W1 score: 0.93, CI[0.88, 0.99]","Computational Method","",""
605,"605.130","Salmonella enterica subsp. enterica serovar Pullorum FHC-87","chloramphenicol","","8.0","","8.0","mg/L","","","","","","","MIC XGBoost Model","202503101","W1 score: 0.99, CI[0.98, 1.00]","Computational Method","",""
605,"605.130","Salmonella enterica subsp. enterica serovar Pullorum FHC-87","ciprofloxacin","","0.25","","0.25","mg/L","","","","","","","MIC XGBoost Model","202503101","W1 score: 0.88, CI[0.86, 0.90]","Computational Method","",""
605,"605.130","Salmonella enterica subsp. enterica serovar Pullorum FHC-87","ceftriaxone","","1.0","","1.0","mg/L","","","","","","","MIC XGBoost Model","202503101","W1 score: 0.95, CI[0.94, 0.96]","Computational Method","",""
605,"605.130","Salmonella enterica subsp. enterica serovar Pullorum FHC-87","cefotaxime","","32.0","","32.0","mg/L","","","","","","","MIC XGBoost Model","202503101","W1 score: 0.95, CI[0.89, 1.00]","Computational Method","",""
605,"605.130","Salmonella enterica subsp. enterica serovar Pullorum FHC-87","sulfisoxazole","","256.0","","256.0","mg/L","","","","","","","MIC XGBoost Model","202503101","W1 score: 0.98, CI[0.97, 0.99]","Computational Method","",""
605,"605.130","Salmonella enterica subsp. enterica serovar Pullorum FHC-87","cefoxitin","","2.0","","2.0","mg/L","","","","","","","MIC XGBoost Model","202503101","W1 score: 0.98, CI[0.97, 1.00]","Computational Method","",""
605,"605.130","Salmonella enterica subsp. enterica serovar Pullorum FHC-87","gentamicin","","0.5","","0.5","mg/L","","","","","","","MIC XGBoost Model","202503101","W1 score: 0.97, CI[0.95, 0.99]","Computational Method","",""
605,"605.130","Salmonella enterica subsp. enterica serovar Pullorum FHC-87","kanamycin","","16.0","","16.0","mg/L","","","","","","","MIC XGBoost Model","202503101","W1 score: 0.99, CI[0.98, 1.01]","Computational Method","",""
605,"605.130","Salmonella enterica subsp. enterica serovar Pullorum FHC-87","meropenem","","0.125","","0.125","mg/L","","","","","","","MIC XGBoost Model","202503101","W1 score: 0.95, CI[0.90, 1.01]","Computational Method","",""
605,"605.130","Salmonella enterica subsp. enterica serovar Pullorum FHC-87","nalidixic acid","","16.0","","16.0","mg/L","","","","","","","MIC XGBoost Model","202503101","W1 score: 0.98, CI[0.97, 0.99]","Computational Method","",""
605,"605.130","Salmonella enterica subsp. enterica serovar Pullorum FHC-87","streptomycin","","32.0","","32.0","mg/L","","","","","","","MIC XGBoost Model","202503101","W1 score: 0.92, CI[0.90, 0.93]","Computational Method","",""
605,"605.130","Salmonella enterica subsp. enterica serovar Pullorum FHC-87","tetracycline","","32.0","","32.0","mg/L","","","","","","","MIC XGBoost Model","202503101","W1 score: 0.99, CI[0.98, 0.99]","Computational Method","",""
605,"605.130","Salmonella enterica subsp. enterica serovar Pullorum FHC-87","ceftiofur","","1.0","","1.0","mg/L","","","","","","","MIC XGBoost Model","202503101","W1 score: 0.99, CI[0.98, 0.99]","Computational Method","",""
605,"605.131","Salmonella enterica subsp. enterica serovar Pullorum FHC-97","amoxicillin/clavulanic acid","","8.0","","8.0","mg/L","","","","","","","MIC XGBoost Model","202503101","W1 score: 0.98, CI[0.96, 0.99]","Computational Method","",""
605,"605.131","Salmonella enterica subsp. enterica serovar Pullorum FHC-97","ampicillin","","64.0","","64.0","mg/L","","","","","","","MIC XGBoost Model","202503101","W1 score: 0.96, CI[0.95, 0.97]","Computational Method","",""
605,"605.131","Salmonella enterica subsp. enterica serovar Pullorum FHC-97","azithromycin","","4.0","","4.0","mg/L","","","","","","","MIC XGBoost Model","202503101","W1 score: 0.99, CI[0.98, 1.00]","Computational Method","",""
605,"605.131","Salmonella enterica subsp. enterica serovar Pullorum FHC-97","ceftazidime","","8.0","","8.0","mg/L","","","","","","","MIC XGBoost Model","202503101","W1 score: 0.93, CI[0.88, 0.99]","Computational Method","",""
605,"605.131","Salmonella enterica subsp. enterica serovar Pullorum FHC-97","chloramphenicol","","8.0","","8.0","mg/L","","","","","","","MIC XGBoost Model","202503101","W1 score: 0.99, CI[0.98, 1.00]","Computational Method","",""
605,"605.131","Salmonella enterica subsp. enterica serovar Pullorum FHC-97","ciprofloxacin","","0.5","","0.5","mg/L","","","","","","","MIC XGBoost Model","202503101","W1 score: 0.88, CI[0.86, 0.90]","Computational Method","",""
605,"605.131","Salmonella enterica subsp. enterica serovar Pullorum FHC-97","ceftriaxone","","1.0","","1.0","mg/L","","","","","","","MIC XGBoost Model","202503101","W1 score: 0.95, CI[0.94, 0.96]","Computational Method","",""
605,"605.131","Salmonella enterica subsp. enterica serovar Pullorum FHC-97","cefotaxime","","32.0","","32.0","mg/L","","","","","","","MIC XGBoost Model","202503101","W1 score: 0.95, CI[0.89, 1.00]","Computational Method","",""
605,"605.131","Salmonella enterica subsp. enterica serovar Pullorum FHC-97","sulfisoxazole","","256.0","","256.0","mg/L","","","","","","","MIC XGBoost Model","202503101","W1 score: 0.98, CI[0.97, 0.99]","Computational Method","",""
605,"605.131","Salmonella enterica subsp. enterica serovar Pullorum FHC-97","cefoxitin","","2.0","","2.0","mg/L","","","","","","","MIC XGBoost Model","202503101","W1 score: 0.98, CI[0.97, 1.00]","Computational Method","",""
605,"605.131","Salmonella enterica subsp. enterica serovar Pullorum FHC-97","gentamicin","","0.5","","0.5","mg/L","","","","","","","MIC XGBoost Model","202503101","W1 score: 0.97, CI[0.95, 0.99]","Computational Method","",""
605,"605.131","Salmonella enterica subsp. enterica serovar Pullorum FHC-97","kanamycin","","16.0","","16.0","mg/L","","","","","","","MIC XGBoost Model","202503101","W1 score: 0.99, CI[0.98, 1.01]","Computational Method","",""
605,"605.131","Salmonella enterica subsp. enterica serovar Pullorum FHC-97","meropenem","","0.0625","","0.0625","mg/L","","","","","","","MIC XGBoost Model","202503101","W1 score: 0.95, CI[0.90, 1.01]","Computational Method","",""
605,"605.131","Salmonella enterica subsp. enterica serovar Pullorum FHC-97","nalidixic acid","","16.0","","16.0","mg/L","","","","","","","MIC XGBoost Model","202503101","W1 score: 0.98, CI[0.97, 0.99]","Computational Method","",""
605,"605.131","Salmonella enterica subsp. enterica serovar Pullorum FHC-97","streptomycin","","8.0","","8.0","mg/L","","","","","","","MIC XGBoost Model","202503101","W1 score: 0.92, CI[0.90, 0.93]","Computational Method","",""
605,"605.131","Salmonella enterica subsp. enterica serovar Pullorum FHC-97","tetracycline","","32.0","","32.0","mg/L","","","","","","","MIC XGBoost Model","202503101","W1 score: 0.99, CI[0.98, 0.99]","Computational Method","",""
605,"605.131","Salmonella enterica subsp. enterica serovar Pullorum FHC-97","ceftiofur","","1.0","","1.0","mg/L","","","","","","","MIC XGBoost Model","202503101","W1 score: 0.99, CI[0.98, 0.99]","Computational Method","",""
605,"605.132","Salmonella enterica subsp. enterica serovar Pullorum FHC-4","amoxicillin/clavulanic acid","","8.0","","8.0","mg/L","","","","","","","MIC XGBoost Model","202503101","W1 score: 0.98, CI[0.96, 0.99]","Computational Method","",""
605,"605.132","Salmonella enterica subsp. enterica serovar Pullorum FHC-4","ampicillin","","64.0","","64.0","mg/L","","","","","","","MIC XGBoost Model","202503101","W1 score: 0.96, CI[0.95, 0.97]","Computational Method","",""
605,"605.132","Salmonella enterica subsp. enterica serovar Pullorum FHC-4","azithromycin","","4.0","","4.0","mg/L","","","","","","","MIC XGBoost Model","202503101","W1 score: 0.99, CI[0.98, 1.00]","Computational Method","",""
605,"605.132","Salmonella enterica subsp. enterica serovar Pullorum FHC-4","ceftazidime","","8.0","","8.0","mg/L","","","","","","","MIC XGBoost Model","202503101","W1 score: 0.93, CI[0.88, 0.99]","Computational Method","",""
605,"605.132","Salmonella enterica subsp. enterica serovar Pullorum FHC-4","chloramphenicol","","8.0","","8.0","mg/L","","","","","","","MIC XGBoost Model","202503101","W1 score: 0.99, CI[0.98, 1.00]","Computational Method","",""
605,"605.132","Salmonella enterica subsp. enterica serovar Pullorum FHC-4","ciprofloxacin","","0.5","","0.5","mg/L","","","","","","","MIC XGBoost Model","202503101","W1 score: 0.88, CI[0.86, 0.90]","Computational Method","",""
605,"605.132","Salmonella enterica subsp. enterica serovar Pullorum FHC-4","ceftriaxone","","1.0","","1.0","mg/L","","","","","","","MIC XGBoost Model","202503101","W1 score: 0.95, CI[0.94, 0.96]","Computational Method","",""
605,"605.132","Salmonella enterica subsp. enterica serovar Pullorum FHC-4","cefotaxime","","32.0","","32.0","mg/L","","","","","","","MIC XGBoost Model","202503101","W1 score: 0.95, CI[0.89, 1.00]","Computational Method","",""
605,"605.132","Salmonella enterica subsp. enterica serovar Pullorum FHC-4","sulfisoxazole","","256.0","","256.0","mg/L","","","","","","","MIC XGBoost Model","202503101","W1 score: 0.98, CI[0.97, 0.99]","Computational Method","",""
605,"605.132","Salmonella enterica subsp. enterica serovar Pullorum FHC-4","cefoxitin","","2.0","","2.0","mg/L","","","","","","","MIC XGBoost Model","202503101","W1 score: 0.98, CI[0.97, 1.00]","Computational Method","",""
605,"605.132","Salmonella enterica subsp. enterica serovar Pullorum FHC-4","gentamicin","","0.5","","0.5","mg/L","","","","","","","MIC XGBoost Model","202503101","W1 score: 0.97, CI[0.95, 0.99]","Computational Method","",""
605,"605.132","Salmonella enterica subsp. enterica serovar Pullorum FHC-4","kanamycin","","16.0","","16.0","mg/L","","","","","","","MIC XGBoost Model","202503101","W1 score: 0.99, CI[0.98, 1.01]","Computational Method","",""
605,"605.132","Salmonella enterica subsp. enterica serovar Pullorum FHC-4","meropenem","","0.0625","","0.0625","mg/L","","","","","","","MIC XGBoost Model","202503101","W1 score: 0.95, CI[0.90, 1.01]","Computational Method","",""
605,"605.132","Salmonella enterica subsp. enterica serovar Pullorum FHC-4","nalidixic acid","","16.0","","16.0","mg/L","","","","","","","MIC XGBoost Model","202503101","W1 score: 0.98, CI[0.97, 0.99]","Computational Method","",""
605,"605.132","Salmonella enterica subsp. enterica serovar Pullorum FHC-4","streptomycin","","8.0","","8.0","mg/L","","","","","","","MIC XGBoost Model","202503101","W1 score: 0.92, CI[0.90, 0.93]","Computational Method","",""
605,"605.132","Salmonella enterica subsp. enterica serovar Pullorum FHC-4","tetracycline","","32.0","","32.0","mg/L","","","","","","","MIC XGBoost Model","202503101","W1 score: 0.99, CI[0.98, 0.99]","Computational Method","",""
605,"605.132","Salmonella enterica subsp. enterica serovar Pullorum FHC-4","ceftiofur","","1.0","","1.0","mg/L","","","","","","","MIC XGBoost Model","202503101","W1 score: 0.99, CI[0.98, 0.99]","Computational Method","",""
605,"605.133","Salmonella enterica subsp. enterica serovar Pullorum FHC-57","amoxicillin/clavulanic acid","","8.0","","8.0","mg/L","","","","","","","MIC XGBoost Model","202503101","W1 score: 0.98, CI[0.96, 0.99]","Computational Method","",""
605,"605.133","Salmonella enterica subsp. enterica serovar Pullorum FHC-57","ampicillin","","64.0","","64.0","mg/L","","","","","","","MIC XGBoost Model","202503101","W1 score: 0.96, CI[0.95, 0.97]","Computational Method","",""
605,"605.133","Salmonella enterica subsp. enterica serovar Pullorum FHC-57","azithromycin","","4.0","","4.0","mg/L","","","","","","","MIC XGBoost Model","202503101","W1 score: 0.99, CI[0.98, 1.00]","Computational Method","",""
605,"605.133","Salmonella enterica subsp. enterica serovar Pullorum FHC-57","ceftazidime","","8.0","","8.0","mg/L","","","","","","","MIC XGBoost Model","202503101","W1 score: 0.93, CI[0.88, 0.99]","Computational Method","",""
605,"605.133","Salmonella enterica subsp. enterica serovar Pullorum FHC-57","chloramphenicol","","8.0","","8.0","mg/L","","","","","","","MIC XGBoost Model","202503101","W1 score: 0.99, CI[0.98, 1.00]","Computational Method","",""
605,"605.133","Salmonella enterica subsp. enterica serovar Pullorum FHC-57","ciprofloxacin","","0.5","","0.5","mg/L","","","","","","","MIC XGBoost Model","202503101","W1 score: 0.88, CI[0.86, 0.90]","Computational Method","",""
605,"605.133","Salmonella enterica subsp. enterica serovar Pullorum FHC-57","ceftriaxone","","1.0","","1.0","mg/L","","","","","","","MIC XGBoost Model","202503101","W1 score: 0.95, CI[0.94, 0.96]","Computational Method","",""
605,"605.133","Salmonella enterica subsp. enterica serovar Pullorum FHC-57","cefotaxime","","32.0","","32.0","mg/L","","","","","","","MIC XGBoost Model","202503101","W1 score: 0.95, CI[0.89, 1.00]","Computational Method","",""
605,"605.133","Salmonella enterica subsp. enterica serovar Pullorum FHC-57","sulfisoxazole","","256.0","","256.0","mg/L","","","","","","","MIC XGBoost Model","202503101","W1 score: 0.98, CI[0.97, 0.99]","Computational Method","",""
605,"605.133","Salmonella enterica subsp. enterica serovar Pullorum FHC-57","cefoxitin","","2.0","","2.0","mg/L","","","","","","","MIC XGBoost Model","202503101","W1 score: 0.98, CI[0.97, 1.00]","Computational Method","",""
605,"605.133","Salmonella enterica subsp. enterica serovar Pullorum FHC-57","gentamicin","","0.5","","0.5","mg/L","","","","","","","MIC XGBoost Model","202503101","W1 score: 0.97, CI[0.95, 0.99]","Computational Method","",""
605,"605.133","Salmonella enterica subsp. enterica serovar Pullorum FHC-57","kanamycin","","16.0","","16.0","mg/L","","","","","","","MIC XGBoost Model","202503101","W1 score: 0.99, CI[0.98, 1.01]","Computational Method","",""
605,"605.133","Salmonella enterica subsp. enterica serovar Pullorum FHC-57","meropenem","","0.0625","","0.0625","mg/L","","","","","","","MIC XGBoost Model","202503101","W1 score: 0.95, CI[0.90, 1.01]","Computational Method","",""
605,"605.133","Salmonella enterica subsp. enterica serovar Pullorum FHC-57","nalidixic acid","","16.0","","16.0","mg/L","","","","","","","MIC XGBoost Model","202503101","W1 score: 0.98, CI[0.97, 0.99]","Computational Method","",""
605,"605.133","Salmonella enterica subsp. enterica serovar Pullorum FHC-57","streptomycin","","8.0","","8.0","mg/L","","","","","","","MIC XGBoost Model","202503101","W1 score: 0.92, CI[0.90, 0.93]","Computational Method","",""
605,"605.133","Salmonella enterica subsp. enterica serovar Pullorum FHC-57","tetracycline","","8.0","","8.0","mg/L","","","","","","","MIC XGBoost Model","202503101","W1 score: 0.99, CI[0.98, 0.99]","Computational Method","",""
605,"605.133","Salmonella enterica subsp. enterica serovar Pullorum FHC-57","ceftiofur","","1.0","","1.0","mg/L","","","","","","","MIC XGBoost Model","202503101","W1 score: 0.99, CI[0.98, 0.99]","Computational Method","",""
605,"605.134","Salmonella enterica subsp. enterica serovar Pullorum FHC-59","amoxicillin/clavulanic acid","","8.0","","8.0","mg/L","","","","","","","MIC XGBoost Model","202503101","W1 score: 0.98, CI[0.96, 0.99]","Computational Method","",""
605,"605.134","Salmonella enterica subsp. enterica serovar Pullorum FHC-59","ampicillin","","64.0","","64.0","mg/L","","","","","","","MIC XGBoost Model","202503101","W1 score: 0.96, CI[0.95, 0.97]","Computational Method","",""
605,"605.134","Salmonella enterica subsp. enterica serovar Pullorum FHC-59","azithromycin","","4.0","","4.0","mg/L","","","","","","","MIC XGBoost Model","202503101","W1 score: 0.99, CI[0.98, 1.00]","Computational Method","",""
605,"605.134","Salmonella enterica subsp. enterica serovar Pullorum FHC-59","ceftazidime","","8.0","","8.0","mg/L","","","","","","","MIC XGBoost Model","202503101","W1 score: 0.93, CI[0.88, 0.99]","Computational Method","",""
605,"605.134","Salmonella enterica subsp. enterica serovar Pullorum FHC-59","chloramphenicol","","8.0","","8.0","mg/L","","","","","","","MIC XGBoost Model","202503101","W1 score: 0.99, CI[0.98, 1.00]","Computational Method","",""
605,"605.134","Salmonella enterica subsp. enterica serovar Pullorum FHC-59","ciprofloxacin","","0.5","","0.5","mg/L","","","","","","","MIC XGBoost Model","202503101","W1 score: 0.88, CI[0.86, 0.90]","Computational Method","",""
605,"605.134","Salmonella enterica subsp. enterica serovar Pullorum FHC-59","ceftriaxone","","1.0","","1.0","mg/L","","","","","","","MIC XGBoost Model","202503101","W1 score: 0.95, CI[0.94, 0.96]","Computational Method","",""
605,"605.134","Salmonella enterica subsp. enterica serovar Pullorum FHC-59","cefotaxime","","32.0","","32.0","mg/L","","","","","","","MIC XGBoost Model","202503101","W1 score: 0.95, CI[0.89, 1.00]","Computational Method","",""
605,"605.134","Salmonella enterica subsp. enterica serovar Pullorum FHC-59","sulfisoxazole","","256.0","","256.0","mg/L","","","","","","","MIC XGBoost Model","202503101","W1 score: 0.98, CI[0.97, 0.99]","Computational Method","",""
605,"605.134","Salmonella enterica subsp. enterica serovar Pullorum FHC-59","cefoxitin","","2.0","","2.0","mg/L","","","","","","","MIC XGBoost Model","202503101","W1 score: 0.98, CI[0.97, 1.00]","Computational Method","",""
605,"605.134","Salmonella enterica subsp. enterica serovar Pullorum FHC-59","gentamicin","","0.5","","0.5","mg/L","","","","","","","MIC XGBoost Model","202503101","W1 score: 0.97, CI[0.95, 0.99]","Computational Method","",""
605,"605.134","Salmonella enterica subsp. enterica serovar Pullorum FHC-59","kanamycin","","16.0","","16.0","mg/L","","","","","","","MIC XGBoost Model","202503101","W1 score: 0.99, CI[0.98, 1.01]","Computational Method","",""
605,"605.134","Salmonella enterica subsp. enterica serovar Pullorum FHC-59","meropenem","","0.0625","","0.0625","mg/L","","","","","","","MIC XGBoost Model","202503101","W1 score: 0.95, CI[0.90, 1.01]","Computational Method","",""
605,"605.134","Salmonella enterica subsp. enterica serovar Pullorum FHC-59","nalidixic acid","","16.0","","16.0","mg/L","","","","","","","MIC XGBoost Model","202503101","W1 score: 0.98, CI[0.97, 0.99]","Computational Method","",""
605,"605.134","Salmonella enterica subsp. enterica serovar Pullorum FHC-59","streptomycin","","8.0","","8.0","mg/L","","","","","","","MIC XGBoost Model","202503101","W1 score: 0.92, CI[0.90, 0.93]","Computational Method","",""
605,"605.134","Salmonella enterica subsp. enterica serovar Pullorum FHC-59","tetracycline","","8.0","","8.0","mg/L","","","","","","","MIC XGBoost Model","202503101","W1 score: 0.99, CI[0.98, 0.99]","Computational Method","",""
605,"605.134","Salmonella enterica subsp. enterica serovar Pullorum FHC-59","ceftiofur","","1.0","","1.0","mg/L","","","","","","","MIC XGBoost Model","202503101","W1 score: 0.99, CI[0.98, 0.99]","Computational Method","",""
605,"605.135","Salmonella enterica subsp. enterica serovar Pullorum FHC-66","amoxicillin/clavulanic acid","","8.0","","8.0","mg/L","","","","","","","MIC XGBoost Model","202503101","W1 score: 0.98, CI[0.96, 0.99]","Computational Method","",""
605,"605.135","Salmonella enterica subsp. enterica serovar Pullorum FHC-66","ampicillin","","64.0","","64.0","mg/L","","","","","","","MIC XGBoost Model","202503101","W1 score: 0.96, CI[0.95, 0.97]","Computational Method","",""
605,"605.135","Salmonella enterica subsp. enterica serovar Pullorum FHC-66","azithromycin","","4.0","","4.0","mg/L","","","","","","","MIC XGBoost Model","202503101","W1 score: 0.99, CI[0.98, 1.00]","Computational Method","",""
605,"605.135","Salmonella enterica subsp. enterica serovar Pullorum FHC-66","ceftazidime","","8.0","","8.0","mg/L","","","","","","","MIC XGBoost Model","202503101","W1 score: 0.93, CI[0.88, 0.99]","Computational Method","",""
605,"605.135","Salmonella enterica subsp. enterica serovar Pullorum FHC-66","chloramphenicol","","8.0","","8.0","mg/L","","","","","","","MIC XGBoost Model","202503101","W1 score: 0.99, CI[0.98, 1.00]","Computational Method","",""
605,"605.135","Salmonella enterica subsp. enterica serovar Pullorum FHC-66","ciprofloxacin","","0.5","","0.5","mg/L","","","","","","","MIC XGBoost Model","202503101","W1 score: 0.88, CI[0.86, 0.90]","Computational Method","",""
605,"605.135","Salmonella enterica subsp. enterica serovar Pullorum FHC-66","ceftriaxone","","1.0","","1.0","mg/L","","","","","","","MIC XGBoost Model","202503101","W1 score: 0.95, CI[0.94, 0.96]","Computational Method","",""
605,"605.135","Salmonella enterica subsp. enterica serovar Pullorum FHC-66","cefotaxime","","32.0","","32.0","mg/L","","","","","","","MIC XGBoost Model","202503101","W1 score: 0.95, CI[0.89, 1.00]","Computational Method","",""
605,"605.135","Salmonella enterica subsp. enterica serovar Pullorum FHC-66","sulfisoxazole","","256.0","","256.0","mg/L","","","","","","","MIC XGBoost Model","202503101","W1 score: 0.98, CI[0.97, 0.99]","Computational Method","",""
605,"605.135","Salmonella enterica subsp. enterica serovar Pullorum FHC-66","cefoxitin","","2.0","","2.0","mg/L","","","","","","","MIC XGBoost Model","202503101","W1 score: 0.98, CI[0.97, 1.00]","Computational Method","",""
605,"605.135","Salmonella enterica subsp. enterica serovar Pullorum FHC-66","gentamicin","","0.5","","0.5","mg/L","","","","","","","MIC XGBoost Model","202503101","W1 score: 0.97, CI[0.95, 0.99]","Computational Method","",""
605,"605.135","Salmonella enterica subsp. enterica serovar Pullorum FHC-66","kanamycin","","16.0","","16.0","mg/L","","","","","","","MIC XGBoost Model","202503101","W1 score: 0.99, CI[0.98, 1.01]","Computational Method","",""
605,"605.135","Salmonella enterica subsp. enterica serovar Pullorum FHC-66","meropenem","","0.0625","","0.0625","mg/L","","","","","","","MIC XGBoost Model","202503101","W1 score: 0.95, CI[0.90, 1.01]","Computational Method","",""
605,"605.135","Salmonella enterica subsp. enterica serovar Pullorum FHC-66","nalidixic acid","","16.0","","16.0","mg/L","","","","","","","MIC XGBoost Model","202503101","W1 score: 0.98, CI[0.97, 0.99]","Computational Method","",""
605,"605.135","Salmonella enterica subsp. enterica serovar Pullorum FHC-66","streptomycin","","8.0","","8.0","mg/L","","","","","","","MIC XGBoost Model","202503101","W1 score: 0.92, CI[0.90, 0.93]","Computational Method","",""
605,"605.135","Salmonella enterica subsp. enterica serovar Pullorum FHC-66","tetracycline","","8.0","","8.0","mg/L","","","","","","","MIC XGBoost Model","202503101","W1 score: 0.99, CI[0.98, 0.99]","Computational Method","",""
605,"605.135","Salmonella enterica subsp. enterica serovar Pullorum FHC-66","ceftiofur","","1.0","","1.0","mg/L","","","","","","","MIC XGBoost Model","202503101","W1 score: 0.99, CI[0.98, 0.99]","Computational Method","",""
605,"605.136","Salmonella enterica subsp. enterica serovar Pullorum FHC-56","amoxicillin/clavulanic acid","","8.0","","8.0","mg/L","","","","","","","MIC XGBoost Model","202503101","W1 score: 0.98, CI[0.96, 0.99]","Computational Method","",""
605,"605.136","Salmonella enterica subsp. enterica serovar Pullorum FHC-56","ampicillin","","64.0","","64.0","mg/L","","","","","","","MIC XGBoost Model","202503101","W1 score: 0.96, CI[0.95, 0.97]","Computational Method","",""
605,"605.136","Salmonella enterica subsp. enterica serovar Pullorum FHC-56","azithromycin","","4.0","","4.0","mg/L","","","","","","","MIC XGBoost Model","202503101","W1 score: 0.99, CI[0.98, 1.00]","Computational Method","",""
605,"605.136","Salmonella enterica subsp. enterica serovar Pullorum FHC-56","ceftazidime","","8.0","","8.0","mg/L","","","","","","","MIC XGBoost Model","202503101","W1 score: 0.93, CI[0.88, 0.99]","Computational Method","",""
605,"605.136","Salmonella enterica subsp. enterica serovar Pullorum FHC-56","chloramphenicol","","8.0","","8.0","mg/L","","","","","","","MIC XGBoost Model","202503101","W1 score: 0.99, CI[0.98, 1.00]","Computational Method","",""
605,"605.136","Salmonella enterica subsp. enterica serovar Pullorum FHC-56","ciprofloxacin","","0.5","","0.5","mg/L","","","","","","","MIC XGBoost Model","202503101","W1 score: 0.88, CI[0.86, 0.90]","Computational Method","",""
605,"605.136","Salmonella enterica subsp. enterica serovar Pullorum FHC-56","ceftriaxone","","1.0","","1.0","mg/L","","","","","","","MIC XGBoost Model","202503101","W1 score: 0.95, CI[0.94, 0.96]","Computational Method","",""
605,"605.136","Salmonella enterica subsp. enterica serovar Pullorum FHC-56","cefotaxime","","32.0","","32.0","mg/L","","","","","","","MIC XGBoost Model","202503101","W1 score: 0.95, CI[0.89, 1.00]","Computational Method","",""
605,"605.136","Salmonella enterica subsp. enterica serovar Pullorum FHC-56","sulfisoxazole","","256.0","","256.0","mg/L","","","","","","","MIC XGBoost Model","202503101","W1 score: 0.98, CI[0.97, 0.99]","Computational Method","",""
605,"605.136","Salmonella enterica subsp. enterica serovar Pullorum FHC-56","cefoxitin","","2.0","","2.0","mg/L","","","","","","","MIC XGBoost Model","202503101","W1 score: 0.98, CI[0.97, 1.00]","Computational Method","",""
605,"605.136","Salmonella enterica subsp. enterica serovar Pullorum FHC-56","gentamicin","","0.5","","0.5","mg/L","","","","","","","MIC XGBoost Model","202503101","W1 score: 0.97, CI[0.95, 0.99]","Computational Method","",""
605,"605.136","Salmonella enterica subsp. enterica serovar Pullorum FHC-56","kanamycin","","16.0","","16.0","mg/L","","","","","","","MIC XGBoost Model","202503101","W1 score: 0.99, CI[0.98, 1.01]","Computational Method","",""
605,"605.136","Salmonella enterica subsp. enterica serovar Pullorum FHC-56","meropenem","","0.0625","","0.0625","mg/L","","","","","","","MIC XGBoost Model","202503101","W1 score: 0.95, CI[0.90, 1.01]","Computational Method","",""
605,"605.136","Salmonella enterica subsp. enterica serovar Pullorum FHC-56","nalidixic acid","","16.0","","16.0","mg/L","","","","","","","MIC XGBoost Model","202503101","W1 score: 0.98, CI[0.97, 0.99]","Computational Method","",""
605,"605.136","Salmonella enterica subsp. enterica serovar Pullorum FHC-56","streptomycin","","8.0","","8.0","mg/L","","","","","","","MIC XGBoost Model","202503101","W1 score: 0.92, CI[0.90, 0.93]","Computational Method","",""
605,"605.136","Salmonella enterica subsp. enterica serovar Pullorum FHC-56","tetracycline","","8.0","","8.0","mg/L","","","","","","","MIC XGBoost Model","202503101","W1 score: 0.99, CI[0.98, 0.99]","Computational Method","",""
605,"605.136","Salmonella enterica subsp. enterica serovar Pullorum FHC-56","ceftiofur","","1.0","","1.0","mg/L","","","","","","","MIC XGBoost Model","202503101","W1 score: 0.99, CI[0.98, 0.99]","Computational Method","",""
605,"605.137","Salmonella enterica subsp. enterica serovar Pullorum FHC-31","amoxicillin/clavulanic acid","","8.0","","8.0","mg/L","","","","","","","MIC XGBoost Model","202503101","W1 score: 0.98, CI[0.96, 0.99]","Computational Method","",""
605,"605.137","Salmonella enterica subsp. enterica serovar Pullorum FHC-31","ampicillin","","64.0","","64.0","mg/L","","","","","","","MIC XGBoost Model","202503101","W1 score: 0.96, CI[0.95, 0.97]","Computational Method","",""
605,"605.137","Salmonella enterica subsp. enterica serovar Pullorum FHC-31","azithromycin","","4.0","","4.0","mg/L","","","","","","","MIC XGBoost Model","202503101","W1 score: 0.99, CI[0.98, 1.00]","Computational Method","",""
605,"605.137","Salmonella enterica subsp. enterica serovar Pullorum FHC-31","ceftazidime","","8.0","","8.0","mg/L","","","","","","","MIC XGBoost Model","202503101","W1 score: 0.93, CI[0.88, 0.99]","Computational Method","",""
605,"605.137","Salmonella enterica subsp. enterica serovar Pullorum FHC-31","chloramphenicol","","8.0","","8.0","mg/L","","","","","","","MIC XGBoost Model","202503101","W1 score: 0.99, CI[0.98, 1.00]","Computational Method","",""
605,"605.137","Salmonella enterica subsp. enterica serovar Pullorum FHC-31","ciprofloxacin","","0.125","","0.125","mg/L","","","","","","","MIC XGBoost Model","202503101","W1 score: 0.88, CI[0.86, 0.90]","Computational Method","",""
605,"605.137","Salmonella enterica subsp. enterica serovar Pullorum FHC-31","ceftriaxone","","1.0","","1.0","mg/L","","","","","","","MIC XGBoost Model","202503101","W1 score: 0.95, CI[0.94, 0.96]","Computational Method","",""
605,"605.137","Salmonella enterica subsp. enterica serovar Pullorum FHC-31","cefotaxime","","32.0","","32.0","mg/L","","","","","","","MIC XGBoost Model","202503101","W1 score: 0.95, CI[0.89, 1.00]","Computational Method","",""
605,"605.137","Salmonella enterica subsp. enterica serovar Pullorum FHC-31","sulfisoxazole","","256.0","","256.0","mg/L","","","","","","","MIC XGBoost Model","202503101","W1 score: 0.98, CI[0.97, 0.99]","Computational Method","",""
605,"605.137","Salmonella enterica subsp. enterica serovar Pullorum FHC-31","cefoxitin","","2.0","","2.0","mg/L","","","","","","","MIC XGBoost Model","202503101","W1 score: 0.98, CI[0.97, 1.00]","Computational Method","",""
605,"605.137","Salmonella enterica subsp. enterica serovar Pullorum FHC-31","gentamicin","","0.5","","0.5","mg/L","","","","","","","MIC XGBoost Model","202503101","W1 score: 0.97, CI[0.95, 0.99]","Computational Method","",""
605,"605.137","Salmonella enterica subsp. enterica serovar Pullorum FHC-31","kanamycin","","16.0","","16.0","mg/L","","","","","","","MIC XGBoost Model","202503101","W1 score: 0.99, CI[0.98, 1.01]","Computational Method","",""
605,"605.137","Salmonella enterica subsp. enterica serovar Pullorum FHC-31","meropenem","","0.125","","0.125","mg/L","","","","","","","MIC XGBoost Model","202503101","W1 score: 0.95, CI[0.90, 1.01]","Computational Method","",""
605,"605.137","Salmonella enterica subsp. enterica serovar Pullorum FHC-31","nalidixic acid","","32.0","","32.0","mg/L","","","","","","","MIC XGBoost Model","202503101","W1 score: 0.98, CI[0.97, 0.99]","Computational Method","",""
605,"605.137","Salmonella enterica subsp. enterica serovar Pullorum FHC-31","streptomycin","","8.0","","8.0","mg/L","","","","","","","MIC XGBoost Model","202503101","W1 score: 0.92, CI[0.90, 0.93]","Computational Method","",""
605,"605.137","Salmonella enterica subsp. enterica serovar Pullorum FHC-31","tetracycline","","8.0","","8.0","mg/L","","","","","","","MIC XGBoost Model","202503101","W1 score: 0.99, CI[0.98, 0.99]","Computational Method","",""
605,"605.137","Salmonella enterica subsp. enterica serovar Pullorum FHC-31","ceftiofur","","1.0","","1.0","mg/L","","","","","","","MIC XGBoost Model","202503101","W1 score: 0.99, CI[0.98, 0.99]","Computational Method","",""
605,"605.138","Salmonella enterica subsp. enterica serovar Pullorum FHC-7","amoxicillin/clavulanic acid","","8.0","","8.0","mg/L","","","","","","","MIC XGBoost Model","202503101","W1 score: 0.98, CI[0.96, 0.99]","Computational Method","",""
605,"605.138","Salmonella enterica subsp. enterica serovar Pullorum FHC-7","ampicillin","","64.0","","64.0","mg/L","","","","","","","MIC XGBoost Model","202503101","W1 score: 0.96, CI[0.95, 0.97]","Computational Method","",""
605,"605.138","Salmonella enterica subsp. enterica serovar Pullorum FHC-7","azithromycin","","4.0","","4.0","mg/L","","","","","","","MIC XGBoost Model","202503101","W1 score: 0.99, CI[0.98, 1.00]","Computational Method","",""
605,"605.138","Salmonella enterica subsp. enterica serovar Pullorum FHC-7","ceftazidime","","8.0","","8.0","mg/L","","","","","","","MIC XGBoost Model","202503101","W1 score: 0.93, CI[0.88, 0.99]","Computational Method","",""
605,"605.138","Salmonella enterica subsp. enterica serovar Pullorum FHC-7","chloramphenicol","","8.0","","8.0","mg/L","","","","","","","MIC XGBoost Model","202503101","W1 score: 0.99, CI[0.98, 1.00]","Computational Method","",""
605,"605.138","Salmonella enterica subsp. enterica serovar Pullorum FHC-7","ciprofloxacin","","0.5","","0.5","mg/L","","","","","","","MIC XGBoost Model","202503101","W1 score: 0.88, CI[0.86, 0.90]","Computational Method","",""
605,"605.138","Salmonella enterica subsp. enterica serovar Pullorum FHC-7","ceftriaxone","","1.0","","1.0","mg/L","","","","","","","MIC XGBoost Model","202503101","W1 score: 0.95, CI[0.94, 0.96]","Computational Method","",""
605,"605.138","Salmonella enterica subsp. enterica serovar Pullorum FHC-7","cefotaxime","","32.0","","32.0","mg/L","","","","","","","MIC XGBoost Model","202503101","W1 score: 0.95, CI[0.89, 1.00]","Computational Method","",""
605,"605.138","Salmonella enterica subsp. enterica serovar Pullorum FHC-7","sulfisoxazole","","256.0","","256.0","mg/L","","","","","","","MIC XGBoost Model","202503101","W1 score: 0.98, CI[0.97, 0.99]","Computational Method","",""
605,"605.138","Salmonella enterica subsp. enterica serovar Pullorum FHC-7","cefoxitin","","2.0","","2.0","mg/L","","","","","","","MIC XGBoost Model","202503101","W1 score: 0.98, CI[0.97, 1.00]","Computational Method","",""
605,"605.138","Salmonella enterica subsp. enterica serovar Pullorum FHC-7","gentamicin","","0.5","","0.5","mg/L","","","","","","","MIC XGBoost Model","202503101","W1 score: 0.97, CI[0.95, 0.99]","Computational Method","",""
605,"605.138","Salmonella enterica subsp. enterica serovar Pullorum FHC-7","kanamycin","","16.0","","16.0","mg/L","","","","","","","MIC XGBoost Model","202503101","W1 score: 0.99, CI[0.98, 1.01]","Computational Method","",""
605,"605.138","Salmonella enterica subsp. enterica serovar Pullorum FHC-7","meropenem","","0.0625","","0.0625","mg/L","","","","","","","MIC XGBoost Model","202503101","W1 score: 0.95, CI[0.90, 1.01]","Computational Method","",""
605,"605.138","Salmonella enterica subsp. enterica serovar Pullorum FHC-7","nalidixic acid","","16.0","","16.0","mg/L","","","","","","","MIC XGBoost Model","202503101","W1 score: 0.98, CI[0.97, 0.99]","Computational Method","",""
605,"605.138","Salmonella enterica subsp. enterica serovar Pullorum FHC-7","streptomycin","","16.0","","16.0","mg/L","","","","","","","MIC XGBoost Model","202503101","W1 score: 0.92, CI[0.90, 0.93]","Computational Method","",""
605,"605.138","Salmonella enterica subsp. enterica serovar Pullorum FHC-7","tetracycline","","8.0","","8.0","mg/L","","","","","","","MIC XGBoost Model","202503101","W1 score: 0.99, CI[0.98, 0.99]","Computational Method","",""
605,"605.138","Salmonella enterica subsp. enterica serovar Pullorum FHC-7","ceftiofur","","1.0","","1.0","mg/L","","","","","","","MIC XGBoost Model","202503101","W1 score: 0.99, CI[0.98, 0.99]","Computational Method","",""
605,"605.139","Salmonella enterica subsp. enterica serovar Pullorum FHC-75","amoxicillin/clavulanic acid","","8.0","","8.0","mg/L","","","","","","","MIC XGBoost Model","202503101","W1 score: 0.98, CI[0.96, 0.99]","Computational Method","",""
605,"605.139","Salmonella enterica subsp. enterica serovar Pullorum FHC-75","ampicillin","","64.0","","64.0","mg/L","","","","","","","MIC XGBoost Model","202503101","W1 score: 0.96, CI[0.95, 0.97]","Computational Method","",""
605,"605.139","Salmonella enterica subsp. enterica serovar Pullorum FHC-75","azithromycin","","4.0","","4.0","mg/L","","","","","","","MIC XGBoost Model","202503101","W1 score: 0.99, CI[0.98, 1.00]","Computational Method","",""
605,"605.139","Salmonella enterica subsp. enterica serovar Pullorum FHC-75","ceftazidime","","8.0","","8.0","mg/L","","","","","","","MIC XGBoost Model","202503101","W1 score: 0.93, CI[0.88, 0.99]","Computational Method","",""
605,"605.139","Salmonella enterica subsp. enterica serovar Pullorum FHC-75","chloramphenicol","","8.0","","8.0","mg/L","","","","","","","MIC XGBoost Model","202503101","W1 score: 0.99, CI[0.98, 1.00]","Computational Method","",""
605,"605.139","Salmonella enterica subsp. enterica serovar Pullorum FHC-75","ciprofloxacin","","0.5","","0.5","mg/L","","","","","","","MIC XGBoost Model","202503101","W1 score: 0.88, CI[0.86, 0.90]","Computational Method","",""
605,"605.139","Salmonella enterica subsp. enterica serovar Pullorum FHC-75","ceftriaxone","","1.0","","1.0","mg/L","","","","","","","MIC XGBoost Model","202503101","W1 score: 0.95, CI[0.94, 0.96]","Computational Method","",""
605,"605.139","Salmonella enterica subsp. enterica serovar Pullorum FHC-75","cefotaxime","","32.0","","32.0","mg/L","","","","","","","MIC XGBoost Model","202503101","W1 score: 0.95, CI[0.89, 1.00]","Computational Method","",""
605,"605.139","Salmonella enterica subsp. enterica serovar Pullorum FHC-75","sulfisoxazole","","256.0","","256.0","mg/L","","","","","","","MIC XGBoost Model","202503101","W1 score: 0.98, CI[0.97, 0.99]","Computational Method","",""
605,"605.139","Salmonella enterica subsp. enterica serovar Pullorum FHC-75","cefoxitin","","2.0","","2.0","mg/L","","","","","","","MIC XGBoost Model","202503101","W1 score: 0.98, CI[0.97, 1.00]","Computational Method","",""
605,"605.139","Salmonella enterica subsp. enterica serovar Pullorum FHC-75","gentamicin","","0.5","","0.5","mg/L","","","","","","","MIC XGBoost Model","202503101","W1 score: 0.97, CI[0.95, 0.99]","Computational Method","",""
605,"605.139","Salmonella enterica subsp. enterica serovar Pullorum FHC-75","kanamycin","","16.0","","16.0","mg/L","","","","","","","MIC XGBoost Model","202503101","W1 score: 0.99, CI[0.98, 1.01]","Computational Method","",""
605,"605.139","Salmonella enterica subsp. enterica serovar Pullorum FHC-75","meropenem","","0.0625","","0.0625","mg/L","","","","","","","MIC XGBoost Model","202503101","W1 score: 0.95, CI[0.90, 1.01]","Computational Method","",""
605,"605.139","Salmonella enterica subsp. enterica serovar Pullorum FHC-75","nalidixic acid","","16.0","","16.0","mg/L","","","","","","","MIC XGBoost Model","202503101","W1 score: 0.98, CI[0.97, 0.99]","Computational Method","",""
605,"605.139","Salmonella enterica subsp. enterica serovar Pullorum FHC-75","streptomycin","","8.0","","8.0","mg/L","","","","","","","MIC XGBoost Model","202503101","W1 score: 0.92, CI[0.90, 0.93]","Computational Method","",""
605,"605.139","Salmonella enterica subsp. enterica serovar Pullorum FHC-75","tetracycline","","32.0","","32.0","mg/L","","","","","","","MIC XGBoost Model","202503101","W1 score: 0.99, CI[0.98, 0.99]","Computational Method","",""
605,"605.139","Salmonella enterica subsp. enterica serovar Pullorum FHC-75","ceftiofur","","1.0","","1.0","mg/L","","","","","","","MIC XGBoost Model","202503101","W1 score: 0.99, CI[0.98, 0.99]","Computational Method","",""
605,"605.140","Salmonella enterica subsp. enterica serovar Pullorum FHC-24","amoxicillin/clavulanic acid","","8.0","","8.0","mg/L","","","","","","","MIC XGBoost Model","202503101","W1 score: 0.98, CI[0.96, 0.99]","Computational Method","",""
605,"605.140","Salmonella enterica subsp. enterica serovar Pullorum FHC-24","ampicillin","","64.0","","64.0","mg/L","","","","","","","MIC XGBoost Model","202503101","W1 score: 0.96, CI[0.95, 0.97]","Computational Method","",""
605,"605.140","Salmonella enterica subsp. enterica serovar Pullorum FHC-24","azithromycin","","4.0","","4.0","mg/L","","","","","","","MIC XGBoost Model","202503101","W1 score: 0.99, CI[0.98, 1.00]","Computational Method","",""
605,"605.140","Salmonella enterica subsp. enterica serovar Pullorum FHC-24","ceftazidime","","8.0","","8.0","mg/L","","","","","","","MIC XGBoost Model","202503101","W1 score: 0.93, CI[0.88, 0.99]","Computational Method","",""
605,"605.140","Salmonella enterica subsp. enterica serovar Pullorum FHC-24","chloramphenicol","","8.0","","8.0","mg/L","","","","","","","MIC XGBoost Model","202503101","W1 score: 0.99, CI[0.98, 1.00]","Computational Method","",""
605,"605.140","Salmonella enterica subsp. enterica serovar Pullorum FHC-24","ciprofloxacin","","0.5","","0.5","mg/L","","","","","","","MIC XGBoost Model","202503101","W1 score: 0.88, CI[0.86, 0.90]","Computational Method","",""
605,"605.140","Salmonella enterica subsp. enterica serovar Pullorum FHC-24","ceftriaxone","","1.0","","1.0","mg/L","","","","","","","MIC XGBoost Model","202503101","W1 score: 0.95, CI[0.94, 0.96]","Computational Method","",""
605,"605.140","Salmonella enterica subsp. enterica serovar Pullorum FHC-24","cefotaxime","","32.0","","32.0","mg/L","","","","","","","MIC XGBoost Model","202503101","W1 score: 0.95, CI[0.89, 1.00]","Computational Method","",""
605,"605.140","Salmonella enterica subsp. enterica serovar Pullorum FHC-24","sulfisoxazole","","256.0","","256.0","mg/L","","","","","","","MIC XGBoost Model","202503101","W1 score: 0.98, CI[0.97, 0.99]","Computational Method","",""
605,"605.140","Salmonella enterica subsp. enterica serovar Pullorum FHC-24","cefoxitin","","2.0","","2.0","mg/L","","","","","","","MIC XGBoost Model","202503101","W1 score: 0.98, CI[0.97, 1.00]","Computational Method","",""
605,"605.140","Salmonella enterica subsp. enterica serovar Pullorum FHC-24","gentamicin","","0.5","","0.5","mg/L","","","","","","","MIC XGBoost Model","202503101","W1 score: 0.97, CI[0.95, 0.99]","Computational Method","",""
605,"605.140","Salmonella enterica subsp. enterica serovar Pullorum FHC-24","kanamycin","","16.0","","16.0","mg/L","","","","","","","MIC XGBoost Model","202503101","W1 score: 0.99, CI[0.98, 1.01]","Computational Method","",""
605,"605.140","Salmonella enterica subsp. enterica serovar Pullorum FHC-24","meropenem","","0.0625","","0.0625","mg/L","","","","","","","MIC XGBoost Model","202503101","W1 score: 0.95, CI[0.90, 1.01]","Computational Method","",""
605,"605.140","Salmonella enterica subsp. enterica serovar Pullorum FHC-24","nalidixic acid","","16.0","","16.0","mg/L","","","","","","","MIC XGBoost Model","202503101","W1 score: 0.98, CI[0.97, 0.99]","Computational Method","",""
605,"605.140","Salmonella enterica subsp. enterica serovar Pullorum FHC-24","streptomycin","","8.0","","8.0","mg/L","","","","","","","MIC XGBoost Model","202503101","W1 score: 0.92, CI[0.90, 0.93]","Computational Method","",""
605,"605.140","Salmonella enterica subsp. enterica serovar Pullorum FHC-24","tetracycline","","8.0","","8.0","mg/L","","","","","","","MIC XGBoost Model","202503101","W1 score: 0.99, CI[0.98, 0.99]","Computational Method","",""
605,"605.140","Salmonella enterica subsp. enterica serovar Pullorum FHC-24","ceftiofur","","1.0","","1.0","mg/L","","","","","","","MIC XGBoost Model","202503101","W1 score: 0.99, CI[0.98, 0.99]","Computational Method","",""
605,"605.141","Salmonella enterica subsp. enterica serovar Pullorum FHC-23","amoxicillin/clavulanic acid","","8.0","","8.0","mg/L","","","","","","","MIC XGBoost Model","202503101","W1 score: 0.98, CI[0.96, 0.99]","Computational Method","",""
605,"605.141","Salmonella enterica subsp. enterica serovar Pullorum FHC-23","ampicillin","","64.0","","64.0","mg/L","","","","","","","MIC XGBoost Model","202503101","W1 score: 0.96, CI[0.95, 0.97]","Computational Method","",""
605,"605.141","Salmonella enterica subsp. enterica serovar Pullorum FHC-23","azithromycin","","4.0","","4.0","mg/L","","","","","","","MIC XGBoost Model","202503101","W1 score: 0.99, CI[0.98, 1.00]","Computational Method","",""
605,"605.141","Salmonella enterica subsp. enterica serovar Pullorum FHC-23","ceftazidime","","8.0","","8.0","mg/L","","","","","","","MIC XGBoost Model","202503101","W1 score: 0.93, CI[0.88, 0.99]","Computational Method","",""
605,"605.141","Salmonella enterica subsp. enterica serovar Pullorum FHC-23","chloramphenicol","","8.0","","8.0","mg/L","","","","","","","MIC XGBoost Model","202503101","W1 score: 0.99, CI[0.98, 1.00]","Computational Method","",""
605,"605.141","Salmonella enterica subsp. enterica serovar Pullorum FHC-23","ciprofloxacin","","0.125","","0.125","mg/L","","","","","","","MIC XGBoost Model","202503101","W1 score: 0.88, CI[0.86, 0.90]","Computational Method","",""
605,"605.141","Salmonella enterica subsp. enterica serovar Pullorum FHC-23","ceftriaxone","","1.0","","1.0","mg/L","","","","","","","MIC XGBoost Model","202503101","W1 score: 0.95, CI[0.94, 0.96]","Computational Method","",""
605,"605.141","Salmonella enterica subsp. enterica serovar Pullorum FHC-23","cefotaxime","","32.0","","32.0","mg/L","","","","","","","MIC XGBoost Model","202503101","W1 score: 0.95, CI[0.89, 1.00]","Computational Method","",""
605,"605.141","Salmonella enterica subsp. enterica serovar Pullorum FHC-23","sulfisoxazole","","256.0","","256.0","mg/L","","","","","","","MIC XGBoost Model","202503101","W1 score: 0.98, CI[0.97, 0.99]","Computational Method","",""
605,"605.141","Salmonella enterica subsp. enterica serovar Pullorum FHC-23","cefoxitin","","2.0","","2.0","mg/L","","","","","","","MIC XGBoost Model","202503101","W1 score: 0.98, CI[0.97, 1.00]","Computational Method","",""
605,"605.141","Salmonella enterica subsp. enterica serovar Pullorum FHC-23","gentamicin","","0.5","","0.5","mg/L","","","","","","","MIC XGBoost Model","202503101","W1 score: 0.97, CI[0.95, 0.99]","Computational Method","",""
605,"605.141","Salmonella enterica subsp. enterica serovar Pullorum FHC-23","kanamycin","","16.0","","16.0","mg/L","","","","","","","MIC XGBoost Model","202503101","W1 score: 0.99, CI[0.98, 1.01]","Computational Method","",""
605,"605.141","Salmonella enterica subsp. enterica serovar Pullorum FHC-23","meropenem","","0.125","","0.125","mg/L","","","","","","","MIC XGBoost Model","202503101","W1 score: 0.95, CI[0.90, 1.01]","Computational Method","",""
605,"605.141","Salmonella enterica subsp. enterica serovar Pullorum FHC-23","nalidixic acid","","32.0","","32.0","mg/L","","","","","","","MIC XGBoost Model","202503101","W1 score: 0.98, CI[0.97, 0.99]","Computational Method","",""
605,"605.141","Salmonella enterica subsp. enterica serovar Pullorum FHC-23","streptomycin","","8.0","","8.0","mg/L","","","","","","","MIC XGBoost Model","202503101","W1 score: 0.92, CI[0.90, 0.93]","Computational Method","",""
605,"605.141","Salmonella enterica subsp. enterica serovar Pullorum FHC-23","tetracycline","","8.0","","8.0","mg/L","","","","","","","MIC XGBoost Model","202503101","W1 score: 0.99, CI[0.98, 0.99]","Computational Method","",""
605,"605.141","Salmonella enterica subsp. enterica serovar Pullorum FHC-23","ceftiofur","","1.0","","1.0","mg/L","","","","","","","MIC XGBoost Model","202503101","W1 score: 0.99, CI[0.98, 0.99]","Computational Method","",""
605,"605.142","Salmonella enterica subsp. enterica serovar Pullorum FHC-1","amoxicillin/clavulanic acid","","8.0","","8.0","mg/L","","","","","","","MIC XGBoost Model","202503101","W1 score: 0.98, CI[0.96, 0.99]","Computational Method","",""
605,"605.142","Salmonella enterica subsp. enterica serovar Pullorum FHC-1","ampicillin","","64.0","","64.0","mg/L","","","","","","","MIC XGBoost Model","202503101","W1 score: 0.96, CI[0.95, 0.97]","Computational Method","",""
605,"605.142","Salmonella enterica subsp. enterica serovar Pullorum FHC-1","azithromycin","","4.0","","4.0","mg/L","","","","","","","MIC XGBoost Model","202503101","W1 score: 0.99, CI[0.98, 1.00]","Computational Method","",""
605,"605.142","Salmonella enterica subsp. enterica serovar Pullorum FHC-1","ceftazidime","","8.0","","8.0","mg/L","","","","","","","MIC XGBoost Model","202503101","W1 score: 0.93, CI[0.88, 0.99]","Computational Method","",""
605,"605.142","Salmonella enterica subsp. enterica serovar Pullorum FHC-1","chloramphenicol","","8.0","","8.0","mg/L","","","","","","","MIC XGBoost Model","202503101","W1 score: 0.99, CI[0.98, 1.00]","Computational Method","",""
605,"605.142","Salmonella enterica subsp. enterica serovar Pullorum FHC-1","ciprofloxacin","","0.5","","0.5","mg/L","","","","","","","MIC XGBoost Model","202503101","W1 score: 0.88, CI[0.86, 0.90]","Computational Method","",""
605,"605.142","Salmonella enterica subsp. enterica serovar Pullorum FHC-1","ceftriaxone","","1.0","","1.0","mg/L","","","","","","","MIC XGBoost Model","202503101","W1 score: 0.95, CI[0.94, 0.96]","Computational Method","",""
605,"605.142","Salmonella enterica subsp. enterica serovar Pullorum FHC-1","cefotaxime","","32.0","","32.0","mg/L","","","","","","","MIC XGBoost Model","202503101","W1 score: 0.95, CI[0.89, 1.00]","Computational Method","",""
605,"605.142","Salmonella enterica subsp. enterica serovar Pullorum FHC-1","sulfisoxazole","","256.0","","256.0","mg/L","","","","","","","MIC XGBoost Model","202503101","W1 score: 0.98, CI[0.97, 0.99]","Computational Method","",""
605,"605.142","Salmonella enterica subsp. enterica serovar Pullorum FHC-1","cefoxitin","","2.0","","2.0","mg/L","","","","","","","MIC XGBoost Model","202503101","W1 score: 0.98, CI[0.97, 1.00]","Computational Method","",""
605,"605.142","Salmonella enterica subsp. enterica serovar Pullorum FHC-1","gentamicin","","0.5","","0.5","mg/L","","","","","","","MIC XGBoost Model","202503101","W1 score: 0.97, CI[0.95, 0.99]","Computational Method","",""
605,"605.142","Salmonella enterica subsp. enterica serovar Pullorum FHC-1","kanamycin","","16.0","","16.0","mg/L","","","","","","","MIC XGBoost Model","202503101","W1 score: 0.99, CI[0.98, 1.01]","Computational Method","",""
605,"605.142","Salmonella enterica subsp. enterica serovar Pullorum FHC-1","meropenem","","0.0625","","0.0625","mg/L","","","","","","","MIC XGBoost Model","202503101","W1 score: 0.95, CI[0.90, 1.01]","Computational Method","",""
605,"605.142","Salmonella enterica subsp. enterica serovar Pullorum FHC-1","nalidixic acid","","16.0","","16.0","mg/L","","","","","","","MIC XGBoost Model","202503101","W1 score: 0.98, CI[0.97, 0.99]","Computational Method","",""
605,"605.142","Salmonella enterica subsp. enterica serovar Pullorum FHC-1","streptomycin","","8.0","","8.0","mg/L","","","","","","","MIC XGBoost Model","202503101","W1 score: 0.92, CI[0.90, 0.93]","Computational Method","",""
605,"605.142","Salmonella enterica subsp. enterica serovar Pullorum FHC-1","tetracycline","","32.0","","32.0","mg/L","","","","","","","MIC XGBoost Model","202503101","W1 score: 0.99, CI[0.98, 0.99]","Computational Method","",""
605,"605.142","Salmonella enterica subsp. enterica serovar Pullorum FHC-1","ceftiofur","","1.0","","1.0","mg/L","","","","","","","MIC XGBoost Model","202503101","W1 score: 0.99, CI[0.98, 0.99]","Computational Method","",""
605,"605.26","Salmonella enterica subsp. enterica serovar Pullorum strain 449_87","amoxicillin/clavulanic acid","","1.0","","1.0","mg/L","","","","","","","MIC XGBoost Model","202503101","W1 score: 0.98, CI[0.96, 0.99]","Computational Method","",""
605,"605.26","Salmonella enterica subsp. enterica serovar Pullorum strain 449_87","ampicillin","","2.0","","2.0","mg/L","","","","","","","MIC XGBoost Model","202503101","W1 score: 0.96, CI[0.95, 0.97]","Computational Method","",""
605,"605.26","Salmonella enterica subsp. enterica serovar Pullorum strain 449_87","azithromycin","","4.0","","4.0","mg/L","","","","","","","MIC XGBoost Model","202503101","W1 score: 0.99, CI[0.98, 1.00]","Computational Method","",""
605,"605.26","Salmonella enterica subsp. enterica serovar Pullorum strain 449_87","ceftazidime","","16.0","","16.0","mg/L","","","","","","","MIC XGBoost Model","202503101","W1 score: 0.93, CI[0.88, 0.99]","Computational Method","",""
605,"605.26","Salmonella enterica subsp. enterica serovar Pullorum strain 449_87","chloramphenicol","","8.0","","8.0","mg/L","","","","","","","MIC XGBoost Model","202503101","W1 score: 0.99, CI[0.98, 1.00]","Computational Method","",""
605,"605.26","Salmonella enterica subsp. enterica serovar Pullorum strain 449_87","ciprofloxacin","","0.03125","","0.03125","mg/L","","","","","","","MIC XGBoost Model","202503101","W1 score: 0.88, CI[0.86, 0.90]","Computational Method","",""
605,"605.26","Salmonella enterica subsp. enterica serovar Pullorum strain 449_87","ceftriaxone","","0.25","","0.25","mg/L","","","","","","","MIC XGBoost Model","202503101","W1 score: 0.95, CI[0.94, 0.96]","Computational Method","",""
605,"605.26","Salmonella enterica subsp. enterica serovar Pullorum strain 449_87","cefotaxime","","32.0","","32.0","mg/L","","","","","","","MIC XGBoost Model","202503101","W1 score: 0.95, CI[0.89, 1.00]","Computational Method","",""
605,"605.26","Salmonella enterica subsp. enterica serovar Pullorum strain 449_87","sulfisoxazole","","32.0","","32.0","mg/L","","","","","","","MIC XGBoost Model","202503101","W1 score: 0.98, CI[0.97, 0.99]","Computational Method","",""
605,"605.26","Salmonella enterica subsp. enterica serovar Pullorum strain 449_87","cefoxitin","","2.0","","2.0","mg/L","","","","","","","MIC XGBoost Model","202503101","W1 score: 0.98, CI[0.97, 1.00]","Computational Method","",""
605,"605.26","Salmonella enterica subsp. enterica serovar Pullorum strain 449_87","gentamicin","","0.5","","0.5","mg/L","","","","","","","MIC XGBoost Model","202503101","W1 score: 0.97, CI[0.95, 0.99]","Computational Method","",""
605,"605.26","Salmonella enterica subsp. enterica serovar Pullorum strain 449_87","kanamycin","","16.0","","16.0","mg/L","","","","","","","MIC XGBoost Model","202503101","W1 score: 0.99, CI[0.98, 1.01]","Computational Method","",""
605,"605.26","Salmonella enterica subsp. enterica serovar Pullorum strain 449_87","meropenem","","0.125","","0.125","mg/L","","","","","","","MIC XGBoost Model","202503101","W1 score: 0.95, CI[0.90, 1.01]","Computational Method","",""
605,"605.26","Salmonella enterica subsp. enterica serovar Pullorum strain 449_87","nalidixic acid","","4.0","","4.0","mg/L","","","","","","","MIC XGBoost Model","202503101","W1 score: 0.98, CI[0.97, 0.99]","Computational Method","",""
605,"605.26","Salmonella enterica subsp. enterica serovar Pullorum strain 449_87","streptomycin","","8.0","","8.0","mg/L","","","","","","","MIC XGBoost Model","202503101","W1 score: 0.92, CI[0.90, 0.93]","Computational Method","",""
605,"605.26","Salmonella enterica subsp. enterica serovar Pullorum strain 449_87","tetracycline","","8.0","","8.0","mg/L","","","","","","","MIC XGBoost Model","202503101","W1 score: 0.99, CI[0.98, 0.99]","Computational Method","",""
605,"605.26","Salmonella enterica subsp. enterica serovar Pullorum strain 449_87","ceftiofur","","1.0","","1.0","mg/L","","","","","","","MIC XGBoost Model","202503101","W1 score: 0.99, CI[0.98, 0.99]","Computational Method","",""
605,"605.33","Salmonella enterica subsp. enterica serovar Pullorum strain S06004","amoxicillin/clavulanic acid","","8.0","","8.0","mg/L","","","","","","","MIC XGBoost Model","202503101","W1 score: 0.98, CI[0.96, 0.99]","Computational Method","",""
605,"605.33","Salmonella enterica subsp. enterica serovar Pullorum strain S06004","ampicillin","","32.0","","32.0","mg/L","","","","","","","MIC XGBoost Model","202503101","W1 score: 0.96, CI[0.95, 0.97]","Computational Method","",""
605,"605.33","Salmonella enterica subsp. enterica serovar Pullorum strain S06004","azithromycin","","4.0","","4.0","mg/L","","","","","","","MIC XGBoost Model","202503101","W1 score: 0.99, CI[0.98, 1.00]","Computational Method","",""
605,"605.33","Salmonella enterica subsp. enterica serovar Pullorum strain S06004","ceftazidime","","32.0","","32.0","mg/L","","","","","","","MIC XGBoost Model","202503101","W1 score: 0.93, CI[0.88, 0.99]","Computational Method","",""
605,"605.33","Salmonella enterica subsp. enterica serovar Pullorum strain S06004","chloramphenicol","","32.0","","32.0","mg/L","","","","","","","MIC XGBoost Model","202503101","W1 score: 0.99, CI[0.98, 1.00]","Computational Method","",""
605,"605.33","Salmonella enterica subsp. enterica serovar Pullorum strain S06004","ciprofloxacin","","0.5","","0.5","mg/L","","","","","","","MIC XGBoost Model","202503101","W1 score: 0.88, CI[0.86, 0.90]","Computational Method","",""
605,"605.33","Salmonella enterica subsp. enterica serovar Pullorum strain S06004","ceftriaxone","","64.0","","64.0","mg/L","","","","","","","MIC XGBoost Model","202503101","W1 score: 0.95, CI[0.94, 0.96]","Computational Method","",""
605,"605.33","Salmonella enterica subsp. enterica serovar Pullorum strain S06004","cefotaxime","","32.0","","32.0","mg/L","","","","","","","MIC XGBoost Model","202503101","W1 score: 0.95, CI[0.89, 1.00]","Computational Method","",""
605,"605.33","Salmonella enterica subsp. enterica serovar Pullorum strain S06004","sulfisoxazole","","32.0","","32.0","mg/L","","","","","","","MIC XGBoost Model","202503101","W1 score: 0.98, CI[0.97, 0.99]","Computational Method","",""
605,"605.33","Salmonella enterica subsp. enterica serovar Pullorum strain S06004","cefoxitin","","8.0","","8.0","mg/L","","","","","","","MIC XGBoost Model","202503101","W1 score: 0.98, CI[0.97, 1.00]","Computational Method","",""
605,"605.33","Salmonella enterica subsp. enterica serovar Pullorum strain S06004","gentamicin","","0.5","","0.5","mg/L","","","","","","","MIC XGBoost Model","202503101","W1 score: 0.97, CI[0.95, 0.99]","Computational Method","",""
605,"605.33","Salmonella enterica subsp. enterica serovar Pullorum strain S06004","kanamycin","","16.0","","16.0","mg/L","","","","","","","MIC XGBoost Model","202503101","W1 score: 0.99, CI[0.98, 1.01]","Computational Method","",""
605,"605.33","Salmonella enterica subsp. enterica serovar Pullorum strain S06004","meropenem","","32.0","","32.0","mg/L","","","","","","","MIC XGBoost Model","202503101","W1 score: 0.95, CI[0.90, 1.01]","Computational Method","",""
605,"605.33","Salmonella enterica subsp. enterica serovar Pullorum strain S06004","nalidixic acid","","8.0","","8.0","mg/L","","","","","","","MIC XGBoost Model","202503101","W1 score: 0.98, CI[0.97, 0.99]","Computational Method","",""
605,"605.33","Salmonella enterica subsp. enterica serovar Pullorum strain S06004","streptomycin","","2.0","","2.0","mg/L","","","","","","","MIC XGBoost Model","202503101","W1 score: 0.92, CI[0.90, 0.93]","Computational Method","",""
605,"605.33","Salmonella enterica subsp. enterica serovar Pullorum strain S06004","tetracycline","","32.0","","32.0","mg/L","","","","","","","MIC XGBoost Model","202503101","W1 score: 0.99, CI[0.98, 0.99]","Computational Method","",""
605,"605.33","Salmonella enterica subsp. enterica serovar Pullorum strain S06004","ceftiofur","","1.0","","1.0","mg/L","","","","","","","MIC XGBoost Model","202503101","W1 score: 0.99, CI[0.98, 0.99]","Computational Method","",""
605,"605.61","Salmonella enterica subsp. enterica serovar Pullorum strain NCTC10705","amoxicillin/clavulanic acid","","1.0","","1.0","mg/L","","","","","","","MIC XGBoost Model","202503101","W1 score: 0.98, CI[0.96, 0.99]","Computational Method","",""
605,"605.61","Salmonella enterica subsp. enterica serovar Pullorum strain NCTC10705","ampicillin","","2.0","","2.0","mg/L","","","","","","","MIC XGBoost Model","202503101","W1 score: 0.96, CI[0.95, 0.97]","Computational Method","",""
605,"605.61","Salmonella enterica subsp. enterica serovar Pullorum strain NCTC10705","azithromycin","","4.0","","4.0","mg/L","","","","","","","MIC XGBoost Model","202503101","W1 score: 0.99, CI[0.98, 1.00]","Computational Method","",""
605,"605.61","Salmonella enterica subsp. enterica serovar Pullorum strain NCTC10705","ceftazidime","","16.0","","16.0","mg/L","","","","","","","MIC XGBoost Model","202503101","W1 score: 0.93, CI[0.88, 0.99]","Computational Method","",""
605,"605.61","Salmonella enterica subsp. enterica serovar Pullorum strain NCTC10705","chloramphenicol","","8.0","","8.0","mg/L","","","","","","","MIC XGBoost Model","202503101","W1 score: 0.99, CI[0.98, 1.00]","Computational Method","",""
605,"605.61","Salmonella enterica subsp. enterica serovar Pullorum strain NCTC10705","ciprofloxacin","","0.03125","","0.03125","mg/L","","","","","","","MIC XGBoost Model","202503101","W1 score: 0.88, CI[0.86, 0.90]","Computational Method","",""
605,"605.61","Salmonella enterica subsp. enterica serovar Pullorum strain NCTC10705","ceftriaxone","","1.0","","1.0","mg/L","","","","","","","MIC XGBoost Model","202503101","W1 score: 0.95, CI[0.94, 0.96]","Computational Method","",""
605,"605.61","Salmonella enterica subsp. enterica serovar Pullorum strain NCTC10705","cefotaxime","","32.0","","32.0","mg/L","","","","","","","MIC XGBoost Model","202503101","W1 score: 0.95, CI[0.89, 1.00]","Computational Method","",""
605,"605.61","Salmonella enterica subsp. enterica serovar Pullorum strain NCTC10705","sulfisoxazole","","32.0","","32.0","mg/L","","","","","","","MIC XGBoost Model","202503101","W1 score: 0.98, CI[0.97, 0.99]","Computational Method","",""
605,"605.61","Salmonella enterica subsp. enterica serovar Pullorum strain NCTC10705","cefoxitin","","2.0","","2.0","mg/L","","","","","","","MIC XGBoost Model","202503101","W1 score: 0.98, CI[0.97, 1.00]","Computational Method","",""
605,"605.61","Salmonella enterica subsp. enterica serovar Pullorum strain NCTC10705","gentamicin","","0.5","","0.5","mg/L","","","","","","","MIC XGBoost Model","202503101","W1 score: 0.97, CI[0.95, 0.99]","Computational Method","",""
605,"605.61","Salmonella enterica subsp. enterica serovar Pullorum strain NCTC10705","kanamycin","","16.0","","16.0","mg/L","","","","","","","MIC XGBoost Model","202503101","W1 score: 0.99, CI[0.98, 1.01]","Computational Method","",""
605,"605.61","Salmonella enterica subsp. enterica serovar Pullorum strain NCTC10705","meropenem","","0.125","","0.125","mg/L","","","","","","","MIC XGBoost Model","202503101","W1 score: 0.95, CI[0.90, 1.01]","Computational Method","",""
605,"605.61","Salmonella enterica subsp. enterica serovar Pullorum strain NCTC10705","nalidixic acid","","4.0","","4.0","mg/L","","","","","","","MIC XGBoost Model","202503101","W1 score: 0.98, CI[0.97, 0.99]","Computational Method","",""
605,"605.61","Salmonella enterica subsp. enterica serovar Pullorum strain NCTC10705","streptomycin","","8.0","","8.0","mg/L","","","","","","","MIC XGBoost Model","202503101","W1 score: 0.92, CI[0.90, 0.93]","Computational Method","",""
605,"605.61","Salmonella enterica subsp. enterica serovar Pullorum strain NCTC10705","tetracycline","","4.0","","4.0","mg/L","","","","","","","MIC XGBoost Model","202503101","W1 score: 0.99, CI[0.98, 0.99]","Computational Method","",""
605,"605.61","Salmonella enterica subsp. enterica serovar Pullorum strain NCTC10705","ceftiofur","","1.0","","1.0","mg/L","","","","","","","MIC XGBoost Model","202503101","W1 score: 0.99, CI[0.98, 0.99]","Computational Method","",""
605,"605.62","Salmonella enterica subsp. enterica serovar Pullorum strain QJ-2D-Sal","amoxicillin/clavulanic acid","","8.0","","8.0","mg/L","","","","","","","MIC XGBoost Model","202503101","W1 score: 0.98, CI[0.96, 0.99]","Computational Method","",""
605,"605.62","Salmonella enterica subsp. enterica serovar Pullorum strain QJ-2D-Sal","ampicillin","","64.0","","64.0","mg/L","","","","","","","MIC XGBoost Model","202503101","W1 score: 0.96, CI[0.95, 0.97]","Computational Method","",""
605,"605.62","Salmonella enterica subsp. enterica serovar Pullorum strain QJ-2D-Sal","azithromycin","","4.0","","4.0","mg/L","","","","","","","MIC XGBoost Model","202503101","W1 score: 0.99, CI[0.98, 1.00]","Computational Method","",""
605,"605.62","Salmonella enterica subsp. enterica serovar Pullorum strain QJ-2D-Sal","ceftazidime","","8.0","","8.0","mg/L","","","","","","","MIC XGBoost Model","202503101","W1 score: 0.93, CI[0.88, 0.99]","Computational Method","",""
605,"605.62","Salmonella enterica subsp. enterica serovar Pullorum strain QJ-2D-Sal","chloramphenicol","","8.0","","8.0","mg/L","","","","","","","MIC XGBoost Model","202503101","W1 score: 0.99, CI[0.98, 1.00]","Computational Method","",""
605,"605.62","Salmonella enterica subsp. enterica serovar Pullorum strain QJ-2D-Sal","ciprofloxacin","","0.5","","0.5","mg/L","","","","","","","MIC XGBoost Model","202503101","W1 score: 0.88, CI[0.86, 0.90]","Computational Method","",""
605,"605.62","Salmonella enterica subsp. enterica serovar Pullorum strain QJ-2D-Sal","ceftriaxone","","1.0","","1.0","mg/L","","","","","","","MIC XGBoost Model","202503101","W1 score: 0.95, CI[0.94, 0.96]","Computational Method","",""
605,"605.62","Salmonella enterica subsp. enterica serovar Pullorum strain QJ-2D-Sal","cefotaxime","","32.0","","32.0","mg/L","","","","","","","MIC XGBoost Model","202503101","W1 score: 0.95, CI[0.89, 1.00]","Computational Method","",""
605,"605.62","Salmonella enterica subsp. enterica serovar Pullorum strain QJ-2D-Sal","sulfisoxazole","","256.0","","256.0","mg/L","","","","","","","MIC XGBoost Model","202503101","W1 score: 0.98, CI[0.97, 0.99]","Computational Method","",""
605,"605.62","Salmonella enterica subsp. enterica serovar Pullorum strain QJ-2D-Sal","cefoxitin","","2.0","","2.0","mg/L","","","","","","","MIC XGBoost Model","202503101","W1 score: 0.98, CI[0.97, 1.00]","Computational Method","",""
605,"605.62","Salmonella enterica subsp. enterica serovar Pullorum strain QJ-2D-Sal","gentamicin","","0.5","","0.5","mg/L","","","","","","","MIC XGBoost Model","202503101","W1 score: 0.97, CI[0.95, 0.99]","Computational Method","",""
605,"605.62","Salmonella enterica subsp. enterica serovar Pullorum strain QJ-2D-Sal","kanamycin","","16.0","","16.0","mg/L","","","","","","","MIC XGBoost Model","202503101","W1 score: 0.99, CI[0.98, 1.01]","Computational Method","",""
605,"605.62","Salmonella enterica subsp. enterica serovar Pullorum strain QJ-2D-Sal","meropenem","","0.0625","","0.0625","mg/L","","","","","","","MIC XGBoost Model","202503101","W1 score: 0.95, CI[0.90, 1.01]","Computational Method","",""
605,"605.62","Salmonella enterica subsp. enterica serovar Pullorum strain QJ-2D-Sal","nalidixic acid","","16.0","","16.0","mg/L","","","","","","","MIC XGBoost Model","202503101","W1 score: 0.98, CI[0.97, 0.99]","Computational Method","",""
605,"605.62","Salmonella enterica subsp. enterica serovar Pullorum strain QJ-2D-Sal","streptomycin","","8.0","","8.0","mg/L","","","","","","","MIC XGBoost Model","202503101","W1 score: 0.92, CI[0.90, 0.93]","Computational Method","",""
605,"605.62","Salmonella enterica subsp. enterica serovar Pullorum strain QJ-2D-Sal","tetracycline","","8.0","","8.0","mg/L","","","","","","","MIC XGBoost Model","202503101","W1 score: 0.99, CI[0.98, 0.99]","Computational Method","",""
605,"605.62","Salmonella enterica subsp. enterica serovar Pullorum strain QJ-2D-Sal","ceftiofur","","1.0","","1.0","mg/L","","","","","","","MIC XGBoost Model","202503101","W1 score: 0.99, CI[0.98, 0.99]","Computational Method","",""
605,"605.78","Salmonella enterica subsp. enterica serovar Pullorum strain CVCC 1795","amoxicillin/clavulanic acid","","1.0","","1.0","mg/L","","","","","","","MIC XGBoost Model","202503101","W1 score: 0.98, CI[0.96, 0.99]","Computational Method","",""
605,"605.78","Salmonella enterica subsp. enterica serovar Pullorum strain CVCC 1795","ampicillin","","2.0","","2.0","mg/L","","","","","","","MIC XGBoost Model","202503101","W1 score: 0.96, CI[0.95, 0.97]","Computational Method","",""
605,"605.78","Salmonella enterica subsp. enterica serovar Pullorum strain CVCC 1795","azithromycin","","4.0","","4.0","mg/L","","","","","","","MIC XGBoost Model","202503101","W1 score: 0.99, CI[0.98, 1.00]","Computational Method","",""
605,"605.78","Salmonella enterica subsp. enterica serovar Pullorum strain CVCC 1795","ceftazidime","","16.0","","16.0","mg/L","","","","","","","MIC XGBoost Model","202503101","W1 score: 0.93, CI[0.88, 0.99]","Computational Method","",""
605,"605.78","Salmonella enterica subsp. enterica serovar Pullorum strain CVCC 1795","chloramphenicol","","8.0","","8.0","mg/L","","","","","","","MIC XGBoost Model","202503101","W1 score: 0.99, CI[0.98, 1.00]","Computational Method","",""
605,"605.78","Salmonella enterica subsp. enterica serovar Pullorum strain CVCC 1795","ciprofloxacin","","0.03125","","0.03125","mg/L","","","","","","","MIC XGBoost Model","202503101","W1 score: 0.88, CI[0.86, 0.90]","Computational Method","",""
605,"605.78","Salmonella enterica subsp. enterica serovar Pullorum strain CVCC 1795","ceftriaxone","","1.0","","1.0","mg/L","","","","","","","MIC XGBoost Model","202503101","W1 score: 0.95, CI[0.94, 0.96]","Computational Method","",""
605,"605.78","Salmonella enterica subsp. enterica serovar Pullorum strain CVCC 1795","cefotaxime","","32.0","","32.0","mg/L","","","","","","","MIC XGBoost Model","202503101","W1 score: 0.95, CI[0.89, 1.00]","Computational Method","",""
605,"605.78","Salmonella enterica subsp. enterica serovar Pullorum strain CVCC 1795","sulfisoxazole","","64.0","","64.0","mg/L","","","","","","","MIC XGBoost Model","202503101","W1 score: 0.98, CI[0.97, 0.99]","Computational Method","",""
605,"605.78","Salmonella enterica subsp. enterica serovar Pullorum strain CVCC 1795","cefoxitin","","2.0","","2.0","mg/L","","","","","","","MIC XGBoost Model","202503101","W1 score: 0.98, CI[0.97, 1.00]","Computational Method","",""
605,"605.78","Salmonella enterica subsp. enterica serovar Pullorum strain CVCC 1795","gentamicin","","0.5","","0.5","mg/L","","","","","","","MIC XGBoost Model","202503101","W1 score: 0.97, CI[0.95, 0.99]","Computational Method","",""
605,"605.78","Salmonella enterica subsp. enterica serovar Pullorum strain CVCC 1795","kanamycin","","16.0","","16.0","mg/L","","","","","","","MIC XGBoost Model","202503101","W1 score: 0.99, CI[0.98, 1.01]","Computational Method","",""
605,"605.78","Salmonella enterica subsp. enterica serovar Pullorum strain CVCC 1795","meropenem","","0.125","","0.125","mg/L","","","","","","","MIC XGBoost Model","202503101","W1 score: 0.95, CI[0.90, 1.01]","Computational Method","",""
605,"605.78","Salmonella enterica subsp. enterica serovar Pullorum strain CVCC 1795","nalidixic acid","","4.0","","4.0","mg/L","","","","","","","MIC XGBoost Model","202503101","W1 score: 0.98, CI[0.97, 0.99]","Computational Method","",""
605,"605.78","Salmonella enterica subsp. enterica serovar Pullorum strain CVCC 1795","streptomycin","","16.0","","16.0","mg/L","","","","","","","MIC XGBoost Model","202503101","W1 score: 0.92, CI[0.90, 0.93]","Computational Method","",""
605,"605.78","Salmonella enterica subsp. enterica serovar Pullorum strain CVCC 1795","tetracycline","","8.0","","8.0","mg/L","","","","","","","MIC XGBoost Model","202503101","W1 score: 0.99, CI[0.98, 0.99]","Computational Method","",""
605,"605.78","Salmonella enterica subsp. enterica serovar Pullorum strain CVCC 1795","ceftiofur","","1.0","","1.0","mg/L","","","","","","","MIC XGBoost Model","202503101","W1 score: 0.99, CI[0.98, 0.99]","Computational Method","",""
605,"605.81","Salmonella enterica subsp. enterica serovar Pullorum strain CVCC 1795","amoxicillin/clavulanic acid","","1.0","","1.0","mg/L","","","","","","","MIC XGBoost Model","202503101","W1 score: 0.98, CI[0.96, 0.99]","Computational Method","",""
605,"605.81","Salmonella enterica subsp. enterica serovar Pullorum strain CVCC 1795","ampicillin","","2.0","","2.0","mg/L","","","","","","","MIC XGBoost Model","202503101","W1 score: 0.96, CI[0.95, 0.97]","Computational Method","",""
605,"605.81","Salmonella enterica subsp. enterica serovar Pullorum strain CVCC 1795","azithromycin","","4.0","","4.0","mg/L","","","","","","","MIC XGBoost Model","202503101","W1 score: 0.99, CI[0.98, 1.00]","Computational Method","",""
605,"605.81","Salmonella enterica subsp. enterica serovar Pullorum strain CVCC 1795","ceftazidime","","16.0","","16.0","mg/L","","","","","","","MIC XGBoost Model","202503101","W1 score: 0.93, CI[0.88, 0.99]","Computational Method","",""
605,"605.81","Salmonella enterica subsp. enterica serovar Pullorum strain CVCC 1795","chloramphenicol","","8.0","","8.0","mg/L","","","","","","","MIC XGBoost Model","202503101","W1 score: 0.99, CI[0.98, 1.00]","Computational Method","",""
605,"605.81","Salmonella enterica subsp. enterica serovar Pullorum strain CVCC 1795","ciprofloxacin","","0.03125","","0.03125","mg/L","","","","","","","MIC XGBoost Model","202503101","W1 score: 0.88, CI[0.86, 0.90]","Computational Method","",""
605,"605.81","Salmonella enterica subsp. enterica serovar Pullorum strain CVCC 1795","ceftriaxone","","1.0","","1.0","mg/L","","","","","","","MIC XGBoost Model","202503101","W1 score: 0.95, CI[0.94, 0.96]","Computational Method","",""
605,"605.81","Salmonella enterica subsp. enterica serovar Pullorum strain CVCC 1795","cefotaxime","","32.0","","32.0","mg/L","","","","","","","MIC XGBoost Model","202503101","W1 score: 0.95, CI[0.89, 1.00]","Computational Method","",""
605,"605.81","Salmonella enterica subsp. enterica serovar Pullorum strain CVCC 1795","sulfisoxazole","","64.0","","64.0","mg/L","","","","","","","MIC XGBoost Model","202503101","W1 score: 0.98, CI[0.97, 0.99]","Computational Method","",""
605,"605.81","Salmonella enterica subsp. enterica serovar Pullorum strain CVCC 1795","cefoxitin","","2.0","","2.0","mg/L","","","","","","","MIC XGBoost Model","202503101","W1 score: 0.98, CI[0.97, 1.00]","Computational Method","",""
605,"605.81","Salmonella enterica subsp. enterica serovar Pullorum strain CVCC 1795","gentamicin","","0.5","","0.5","mg/L","","","","","","","MIC XGBoost Model","202503101","W1 score: 0.97, CI[0.95, 0.99]","Computational Method","",""
605,"605.81","Salmonella enterica subsp. enterica serovar Pullorum strain CVCC 1795","kanamycin","","16.0","","16.0","mg/L","","","","","","","MIC XGBoost Model","202503101","W1 score: 0.99, CI[0.98, 1.01]","Computational Method","",""
605,"605.81","Salmonella enterica subsp. enterica serovar Pullorum strain CVCC 1795","meropenem","","0.125","","0.125","mg/L","","","","","","","MIC XGBoost Model","202503101","W1 score: 0.95, CI[0.90, 1.01]","Computational Method","",""
605,"605.81","Salmonella enterica subsp. enterica serovar Pullorum strain CVCC 1795","nalidixic acid","","4.0","","4.0","mg/L","","","","","","","MIC XGBoost Model","202503101","W1 score: 0.98, CI[0.97, 0.99]","Computational Method","",""
605,"605.81","Salmonella enterica subsp. enterica serovar Pullorum strain CVCC 1795","streptomycin","","16.0","","16.0","mg/L","","","","","","","MIC XGBoost Model","202503101","W1 score: 0.92, CI[0.90, 0.93]","Computational Method","",""
605,"605.81","Salmonella enterica subsp. enterica serovar Pullorum strain CVCC 1795","tetracycline","","8.0","","8.0","mg/L","","","","","","","MIC XGBoost Model","202503101","W1 score: 0.99, CI[0.98, 0.99]","Computational Method","",""
605,"605.81","Salmonella enterica subsp. enterica serovar Pullorum strain CVCC 1795","ceftiofur","","1.0","","1.0","mg/L","","","","","","","MIC XGBoost Model","202503101","W1 score: 0.99, CI[0.98, 0.99]","Computational Method","",""
605,"605.82","Salmonella enterica subsp. enterica serovar Pullorum strain CVCC 1795","amoxicillin/clavulanic acid","","1.0","","1.0","mg/L","","","","","","","MIC XGBoost Model","202503101","W1 score: 0.98, CI[0.96, 0.99]","Computational Method","",""
605,"605.82","Salmonella enterica subsp. enterica serovar Pullorum strain CVCC 1795","ampicillin","","2.0","","2.0","mg/L","","","","","","","MIC XGBoost Model","202503101","W1 score: 0.96, CI[0.95, 0.97]","Computational Method","",""
605,"605.82","Salmonella enterica subsp. enterica serovar Pullorum strain CVCC 1795","azithromycin","","4.0","","4.0","mg/L","","","","","","","MIC XGBoost Model","202503101","W1 score: 0.99, CI[0.98, 1.00]","Computational Method","",""
605,"605.82","Salmonella enterica subsp. enterica serovar Pullorum strain CVCC 1795","ceftazidime","","16.0","","16.0","mg/L","","","","","","","MIC XGBoost Model","202503101","W1 score: 0.93, CI[0.88, 0.99]","Computational Method","",""
605,"605.82","Salmonella enterica subsp. enterica serovar Pullorum strain CVCC 1795","chloramphenicol","","8.0","","8.0","mg/L","","","","","","","MIC XGBoost Model","202503101","W1 score: 0.99, CI[0.98, 1.00]","Computational Method","",""
605,"605.82","Salmonella enterica subsp. enterica serovar Pullorum strain CVCC 1795","ciprofloxacin","","0.03125","","0.03125","mg/L","","","","","","","MIC XGBoost Model","202503101","W1 score: 0.88, CI[0.86, 0.90]","Computational Method","",""
605,"605.82","Salmonella enterica subsp. enterica serovar Pullorum strain CVCC 1795","ceftriaxone","","1.0","","1.0","mg/L","","","","","","","MIC XGBoost Model","202503101","W1 score: 0.95, CI[0.94, 0.96]","Computational Method","",""
605,"605.82","Salmonella enterica subsp. enterica serovar Pullorum strain CVCC 1795","cefotaxime","","32.0","","32.0","mg/L","","","","","","","MIC XGBoost Model","202503101","W1 score: 0.95, CI[0.89, 1.00]","Computational Method","",""
605,"605.82","Salmonella enterica subsp. enterica serovar Pullorum strain CVCC 1795","sulfisoxazole","","64.0","","64.0","mg/L","","","","","","","MIC XGBoost Model","202503101","W1 score: 0.98, CI[0.97, 0.99]","Computational Method","",""
605,"605.82","Salmonella enterica subsp. enterica serovar Pullorum strain CVCC 1795","cefoxitin","","2.0","","2.0","mg/L","","","","","","","MIC XGBoost Model","202503101","W1 score: 0.98, CI[0.97, 1.00]","Computational Method","",""
605,"605.82","Salmonella enterica subsp. enterica serovar Pullorum strain CVCC 1795","gentamicin","","0.5","","0.5","mg/L","","","","","","","MIC XGBoost Model","202503101","W1 score: 0.97, CI[0.95, 0.99]","Computational Method","",""
605,"605.82","Salmonella enterica subsp. enterica serovar Pullorum strain CVCC 1795","kanamycin","","16.0","","16.0","mg/L","","","","","","","MIC XGBoost Model","202503101","W1 score: 0.99, CI[0.98, 1.01]","Computational Method","",""
605,"605.82","Salmonella enterica subsp. enterica serovar Pullorum strain CVCC 1795","meropenem","","0.125","","0.125","mg/L","","","","","","","MIC XGBoost Model","202503101","W1 score: 0.95, CI[0.90, 1.01]","Computational Method","",""
605,"605.82","Salmonella enterica subsp. enterica serovar Pullorum strain CVCC 1795","nalidixic acid","","4.0","","4.0","mg/L","","","","","","","MIC XGBoost Model","202503101","W1 score: 0.98, CI[0.97, 0.99]","Computational Method","",""
605,"605.82","Salmonella enterica subsp. enterica serovar Pullorum strain CVCC 1795","streptomycin","","16.0","","16.0","mg/L","","","","","","","MIC XGBoost Model","202503101","W1 score: 0.92, CI[0.90, 0.93]","Computational Method","",""
605,"605.82","Salmonella enterica subsp. enterica serovar Pullorum strain CVCC 1795","tetracycline","","8.0","","8.0","mg/L","","","","","","","MIC XGBoost Model","202503101","W1 score: 0.99, CI[0.98, 0.99]","Computational Method","",""
605,"605.82","Salmonella enterica subsp. enterica serovar Pullorum strain CVCC 1795","ceftiofur","","1.0","","1.0","mg/L","","","","","","","MIC XGBoost Model","202503101","W1 score: 0.99, CI[0.98, 0.99]","Computational Method","",""
605,"605.83","Salmonella enterica subsp. enterica serovar Pullorum strain CVCC 1795","amoxicillin/clavulanic acid","","1.0","","1.0","mg/L","","","","","","","MIC XGBoost Model","202503101","W1 score: 0.98, CI[0.96, 0.99]","Computational Method","",""
605,"605.83","Salmonella enterica subsp. enterica serovar Pullorum strain CVCC 1795","ampicillin","","2.0","","2.0","mg/L","","","","","","","MIC XGBoost Model","202503101","W1 score: 0.96, CI[0.95, 0.97]","Computational Method","",""
605,"605.83","Salmonella enterica subsp. enterica serovar Pullorum strain CVCC 1795","azithromycin","","4.0","","4.0","mg/L","","","","","","","MIC XGBoost Model","202503101","W1 score: 0.99, CI[0.98, 1.00]","Computational Method","",""
605,"605.83","Salmonella enterica subsp. enterica serovar Pullorum strain CVCC 1795","ceftazidime","","16.0","","16.0","mg/L","","","","","","","MIC XGBoost Model","202503101","W1 score: 0.93, CI[0.88, 0.99]","Computational Method","",""
605,"605.83","Salmonella enterica subsp. enterica serovar Pullorum strain CVCC 1795","chloramphenicol","","8.0","","8.0","mg/L","","","","","","","MIC XGBoost Model","202503101","W1 score: 0.99, CI[0.98, 1.00]","Computational Method","",""
605,"605.83","Salmonella enterica subsp. enterica serovar Pullorum strain CVCC 1795","ciprofloxacin","","0.03125","","0.03125","mg/L","","","","","","","MIC XGBoost Model","202503101","W1 score: 0.88, CI[0.86, 0.90]","Computational Method","",""
605,"605.83","Salmonella enterica subsp. enterica serovar Pullorum strain CVCC 1795","ceftriaxone","","1.0","","1.0","mg/L","","","","","","","MIC XGBoost Model","202503101","W1 score: 0.95, CI[0.94, 0.96]","Computational Method","",""
605,"605.83","Salmonella enterica subsp. enterica serovar Pullorum strain CVCC 1795","cefotaxime","","32.0","","32.0","mg/L","","","","","","","MIC XGBoost Model","202503101","W1 score: 0.95, CI[0.89, 1.00]","Computational Method","",""
605,"605.83","Salmonella enterica subsp. enterica serovar Pullorum strain CVCC 1795","sulfisoxazole","","64.0","","64.0","mg/L","","","","","","","MIC XGBoost Model","202503101","W1 score: 0.98, CI[0.97, 0.99]","Computational Method","",""
605,"605.83","Salmonella enterica subsp. enterica serovar Pullorum strain CVCC 1795","cefoxitin","","2.0","","2.0","mg/L","","","","","","","MIC XGBoost Model","202503101","W1 score: 0.98, CI[0.97, 1.00]","Computational Method","",""
605,"605.83","Salmonella enterica subsp. enterica serovar Pullorum strain CVCC 1795","gentamicin","","0.5","","0.5","mg/L","","","","","","","MIC XGBoost Model","202503101","W1 score: 0.97, CI[0.95, 0.99]","Computational Method","",""
605,"605.83","Salmonella enterica subsp. enterica serovar Pullorum strain CVCC 1795","kanamycin","","16.0","","16.0","mg/L","","","","","","","MIC XGBoost Model","202503101","W1 score: 0.99, CI[0.98, 1.01]","Computational Method","",""
605,"605.83","Salmonella enterica subsp. enterica serovar Pullorum strain CVCC 1795","meropenem","","0.125","","0.125","mg/L","","","","","","","MIC XGBoost Model","202503101","W1 score: 0.95, CI[0.90, 1.01]","Computational Method","",""
605,"605.83","Salmonella enterica subsp. enterica serovar Pullorum strain CVCC 1795","nalidixic acid","","4.0","","4.0","mg/L","","","","","","","MIC XGBoost Model","202503101","W1 score: 0.98, CI[0.97, 0.99]","Computational Method","",""
605,"605.83","Salmonella enterica subsp. enterica serovar Pullorum strain CVCC 1795","streptomycin","","16.0","","16.0","mg/L","","","","","","","MIC XGBoost Model","202503101","W1 score: 0.92, CI[0.90, 0.93]","Computational Method","",""
605,"605.83","Salmonella enterica subsp. enterica serovar Pullorum strain CVCC 1795","tetracycline","","8.0","","8.0","mg/L","","","","","","","MIC XGBoost Model","202503101","W1 score: 0.99, CI[0.98, 0.99]","Computational Method","",""
605,"605.83","Salmonella enterica subsp. enterica serovar Pullorum strain CVCC 1795","ceftiofur","","1.0","","1.0","mg/L","","","","","","","MIC XGBoost Model","202503101","W1 score: 0.99, CI[0.98, 0.99]","Computational Method","",""
605,"605.84","Salmonella enterica subsp. enterica serovar Pullorum CVCC 1795","amoxicillin/clavulanic acid","","1.0","","1.0","mg/L","","","","","","","MIC XGBoost Model","202503101","W1 score: 0.98, CI[0.96, 0.99]","Computational Method","",""
605,"605.84","Salmonella enterica subsp. enterica serovar Pullorum CVCC 1795","ampicillin","","2.0","","2.0","mg/L","","","","","","","MIC XGBoost Model","202503101","W1 score: 0.96, CI[0.95, 0.97]","Computational Method","",""
605,"605.84","Salmonella enterica subsp. enterica serovar Pullorum CVCC 1795","azithromycin","","4.0","","4.0","mg/L","","","","","","","MIC XGBoost Model","202503101","W1 score: 0.99, CI[0.98, 1.00]","Computational Method","",""
605,"605.84","Salmonella enterica subsp. enterica serovar Pullorum CVCC 1795","ceftazidime","","16.0","","16.0","mg/L","","","","","","","MIC XGBoost Model","202503101","W1 score: 0.93, CI[0.88, 0.99]","Computational Method","",""
605,"605.84","Salmonella enterica subsp. enterica serovar Pullorum CVCC 1795","chloramphenicol","","8.0","","8.0","mg/L","","","","","","","MIC XGBoost Model","202503101","W1 score: 0.99, CI[0.98, 1.00]","Computational Method","",""
605,"605.84","Salmonella enterica subsp. enterica serovar Pullorum CVCC 1795","ciprofloxacin","","0.03125","","0.03125","mg/L","","","","","","","MIC XGBoost Model","202503101","W1 score: 0.88, CI[0.86, 0.90]","Computational Method","",""
605,"605.84","Salmonella enterica subsp. enterica serovar Pullorum CVCC 1795","ceftriaxone","","1.0","","1.0","mg/L","","","","","","","MIC XGBoost Model","202503101","W1 score: 0.95, CI[0.94, 0.96]","Computational Method","",""
605,"605.84","Salmonella enterica subsp. enterica serovar Pullorum CVCC 1795","cefotaxime","","32.0","","32.0","mg/L","","","","","","","MIC XGBoost Model","202503101","W1 score: 0.95, CI[0.89, 1.00]","Computational Method","",""
605,"605.84","Salmonella enterica subsp. enterica serovar Pullorum CVCC 1795","sulfisoxazole","","64.0","","64.0","mg/L","","","","","","","MIC XGBoost Model","202503101","W1 score: 0.98, CI[0.97, 0.99]","Computational Method","",""
605,"605.84","Salmonella enterica subsp. enterica serovar Pullorum CVCC 1795","cefoxitin","","2.0","","2.0","mg/L","","","","","","","MIC XGBoost Model","202503101","W1 score: 0.98, CI[0.97, 1.00]","Computational Method","",""
605,"605.84","Salmonella enterica subsp. enterica serovar Pullorum CVCC 1795","gentamicin","","0.5","","0.5","mg/L","","","","","","","MIC XGBoost Model","202503101","W1 score: 0.97, CI[0.95, 0.99]","Computational Method","",""
605,"605.84","Salmonella enterica subsp. enterica serovar Pullorum CVCC 1795","kanamycin","","16.0","","16.0","mg/L","","","","","","","MIC XGBoost Model","202503101","W1 score: 0.99, CI[0.98, 1.01]","Computational Method","",""
605,"605.84","Salmonella enterica subsp. enterica serovar Pullorum CVCC 1795","meropenem","","0.125","","0.125","mg/L","","","","","","","MIC XGBoost Model","202503101","W1 score: 0.95, CI[0.90, 1.01]","Computational Method","",""
605,"605.84","Salmonella enterica subsp. enterica serovar Pullorum CVCC 1795","nalidixic acid","","4.0","","4.0","mg/L","","","","","","","MIC XGBoost Model","202503101","W1 score: 0.98, CI[0.97, 0.99]","Computational Method","",""
605,"605.84","Salmonella enterica subsp. enterica serovar Pullorum CVCC 1795","streptomycin","","16.0","","16.0","mg/L","","","","","","","MIC XGBoost Model","202503101","W1 score: 0.92, CI[0.90, 0.93]","Computational Method","",""
605,"605.84","Salmonella enterica subsp. enterica serovar Pullorum CVCC 1795","tetracycline","","8.0","","8.0","mg/L","","","","","","","MIC XGBoost Model","202503101","W1 score: 0.99, CI[0.98, 0.99]","Computational Method","",""
605,"605.84","Salmonella enterica subsp. enterica serovar Pullorum CVCC 1795","ceftiofur","","1.0","","1.0","mg/L","","","","","","","MIC XGBoost Model","202503101","W1 score: 0.99, CI[0.98, 0.99]","Computational Method","",""
605,"605.85","Salmonella enterica subsp. enterica serovar Pullorum 20811/12","amoxicillin/clavulanic acid","","1.0","","1.0","mg/L","","","","","","","MIC XGBoost Model","202503101","W1 score: 0.98, CI[0.96, 0.99]","Computational Method","",""
605,"605.85","Salmonella enterica subsp. enterica serovar Pullorum 20811/12","ampicillin","","16.0","","16.0","mg/L","","","","","","","MIC XGBoost Model","202503101","W1 score: 0.96, CI[0.95, 0.97]","Computational Method","",""
605,"605.85","Salmonella enterica subsp. enterica serovar Pullorum 20811/12","azithromycin","","4.0","","4.0","mg/L","","","","","","","MIC XGBoost Model","202503101","W1 score: 0.99, CI[0.98, 1.00]","Computational Method","",""
605,"605.85","Salmonella enterica subsp. enterica serovar Pullorum 20811/12","ceftazidime","","16.0","","16.0","mg/L","","","","","","","MIC XGBoost Model","202503101","W1 score: 0.93, CI[0.88, 0.99]","Computational Method","",""
605,"605.85","Salmonella enterica subsp. enterica serovar Pullorum 20811/12","chloramphenicol","","16.0","","16.0","mg/L","","","","","","","MIC XGBoost Model","202503101","W1 score: 0.99, CI[0.98, 1.00]","Computational Method","",""
605,"605.85","Salmonella enterica subsp. enterica serovar Pullorum 20811/12","ciprofloxacin","","16.0","","16.0","mg/L","","","","","","","MIC XGBoost Model","202503101","W1 score: 0.88, CI[0.86, 0.90]","Computational Method","",""
605,"605.85","Salmonella enterica subsp. enterica serovar Pullorum 20811/12","ceftriaxone","","16.0","","16.0","mg/L","","","","","","","MIC XGBoost Model","202503101","W1 score: 0.95, CI[0.94, 0.96]","Computational Method","",""
605,"605.85","Salmonella enterica subsp. enterica serovar Pullorum 20811/12","cefotaxime","","32.0","","32.0","mg/L","","","","","","","MIC XGBoost Model","202503101","W1 score: 0.95, CI[0.89, 1.00]","Computational Method","",""
605,"605.85","Salmonella enterica subsp. enterica serovar Pullorum 20811/12","sulfisoxazole","","32.0","","32.0","mg/L","","","","","","","MIC XGBoost Model","202503101","W1 score: 0.98, CI[0.97, 0.99]","Computational Method","",""
605,"605.85","Salmonella enterica subsp. enterica serovar Pullorum 20811/12","cefoxitin","","2.0","","2.0","mg/L","","","","","","","MIC XGBoost Model","202503101","W1 score: 0.98, CI[0.97, 1.00]","Computational Method","",""
605,"605.85","Salmonella enterica subsp. enterica serovar Pullorum 20811/12","gentamicin","","0.5","","0.5","mg/L","","","","","","","MIC XGBoost Model","202503101","W1 score: 0.97, CI[0.95, 0.99]","Computational Method","",""
605,"605.85","Salmonella enterica subsp. enterica serovar Pullorum 20811/12","kanamycin","","16.0","","16.0","mg/L","","","","","","","MIC XGBoost Model","202503101","W1 score: 0.99, CI[0.98, 1.01]","Computational Method","",""
605,"605.85","Salmonella enterica subsp. enterica serovar Pullorum 20811/12","meropenem","","0.125","","0.125","mg/L","","","","","","","MIC XGBoost Model","202503101","W1 score: 0.95, CI[0.90, 1.01]","Computational Method","",""
605,"605.85","Salmonella enterica subsp. enterica serovar Pullorum 20811/12","nalidixic acid","","32.0","","32.0","mg/L","","","","","","","MIC XGBoost Model","202503101","W1 score: 0.98, CI[0.97, 0.99]","Computational Method","",""
605,"605.85","Salmonella enterica subsp. enterica serovar Pullorum 20811/12","streptomycin","","16.0","","16.0","mg/L","","","","","","","MIC XGBoost Model","202503101","W1 score: 0.92, CI[0.90, 0.93]","Computational Method","",""
605,"605.85","Salmonella enterica subsp. enterica serovar Pullorum 20811/12","tetracycline","","32.0","","32.0","mg/L","","","","","","","MIC XGBoost Model","202503101","W1 score: 0.99, CI[0.98, 0.99]","Computational Method","",""
605,"605.85","Salmonella enterica subsp. enterica serovar Pullorum 20811/12","ceftiofur","","1.0","","1.0","mg/L","","","","","","","MIC XGBoost Model","202503101","W1 score: 0.99, CI[0.98, 0.99]","Computational Method","",""
605,"605.10","Salmonella enterica subsp. enterica serovar Pullorum strain S4037-07","trimethoprim/sulfamethoxazole","","0.25","","0.25","mg/L","","","","","","","MIC XGBoost Model","202503101","W1 score: 0.96, CI[0.95, 0.97]","Computational Method","",""
605,"605.100","Salmonella enterica subsp. enterica serovar Pullorum FHC-113","trimethoprim/sulfamethoxazole","","0.25","","0.25","mg/L","","","","","","","MIC XGBoost Model","202503101","W1 score: 0.96, CI[0.95, 0.97]","Computational Method","",""
605,"605.101","Salmonella enterica subsp. enterica serovar Pullorum FHC-112","trimethoprim/sulfamethoxazole","","1.0","","1.0","mg/L","","","","","","","MIC XGBoost Model","202503101","W1 score: 0.96, CI[0.95, 0.97]","Computational Method","",""
605,"605.102","Salmonella enterica subsp. enterica serovar Pullorum FHC-106","trimethoprim/sulfamethoxazole","","0.25","","0.25","mg/L","","","","","","","MIC XGBoost Model","202503101","W1 score: 0.96, CI[0.95, 0.97]","Computational Method","",""
605,"605.103","Salmonella enterica subsp. enterica serovar Pullorum FHC-107","trimethoprim/sulfamethoxazole","","0.25","","0.25","mg/L","","","","","","","MIC XGBoost Model","202503101","W1 score: 0.96, CI[0.95, 0.97]","Computational Method","",""
605,"605.104","Salmonella enterica subsp. enterica serovar Pullorum FHC-109","trimethoprim/sulfamethoxazole","","0.25","","0.25","mg/L","","","","","","","MIC XGBoost Model","202503101","W1 score: 0.96, CI[0.95, 0.97]","Computational Method","",""
605,"605.105","Salmonella enterica subsp. enterica serovar Pullorum FHC-111","trimethoprim/sulfamethoxazole","","0.25","","0.25","mg/L","","","","","","","MIC XGBoost Model","202503101","W1 score: 0.96, CI[0.95, 0.97]","Computational Method","",""
605,"605.106","Salmonella enterica subsp. enterica serovar Pullorum FHC-110","trimethoprim/sulfamethoxazole","","0.25","","0.25","mg/L","","","","","","","MIC XGBoost Model","202503101","W1 score: 0.96, CI[0.95, 0.97]","Computational Method","",""
605,"605.107","Salmonella enterica subsp. enterica serovar Pullorum FHC-104","trimethoprim/sulfamethoxazole","","0.25","","0.25","mg/L","","","","","","","MIC XGBoost Model","202503101","W1 score: 0.96, CI[0.95, 0.97]","Computational Method","",""
605,"605.108","Salmonella enterica subsp. enterica serovar Pullorum FHC-108","trimethoprim/sulfamethoxazole","","0.25","","0.25","mg/L","","","","","","","MIC XGBoost Model","202503101","W1 score: 0.96, CI[0.95, 0.97]","Computational Method","",""
605,"605.109","Salmonella enterica subsp. enterica serovar Pullorum FHC-105","trimethoprim/sulfamethoxazole","","0.25","","0.25","mg/L","","","","","","","MIC XGBoost Model","202503101","W1 score: 0.96, CI[0.95, 0.97]","Computational Method","",""
605,"605.11","Salmonella enterica subsp. enterica serovar Pullorum strain S44987","trimethoprim/sulfamethoxazole","","0.25","","0.25","mg/L","","","","","","","MIC XGBoost Model","202503101","W1 score: 0.96, CI[0.95, 0.97]","Computational Method","",""
605,"605.110","Salmonella enterica subsp. enterica serovar Pullorum FHC-102","trimethoprim/sulfamethoxazole","","0.25","","0.25","mg/L","","","","","","","MIC XGBoost Model","202503101","W1 score: 0.96, CI[0.95, 0.97]","Computational Method","",""
605,"605.111","Salmonella enterica subsp. enterica serovar Pullorum FHC-96","trimethoprim/sulfamethoxazole","","0.25","","0.25","mg/L","","","","","","","MIC XGBoost Model","202503101","W1 score: 0.96, CI[0.95, 0.97]","Computational Method","",""
605,"605.112","Salmonella enterica subsp. enterica serovar Pullorum FHC-94","trimethoprim/sulfamethoxazole","","0.25","","0.25","mg/L","","","","","","","MIC XGBoost Model","202503101","W1 score: 0.96, CI[0.95, 0.97]","Computational Method","",""
605,"605.113","Salmonella enterica subsp. enterica serovar Pullorum FHC-98","trimethoprim/sulfamethoxazole","","0.25","","0.25","mg/L","","","","","","","MIC XGBoost Model","202503101","W1 score: 0.96, CI[0.95, 0.97]","Computational Method","",""
605,"605.114","Salmonella enterica subsp. enterica serovar Pullorum FHC-95","trimethoprim/sulfamethoxazole","","0.25","","0.25","mg/L","","","","","","","MIC XGBoost Model","202503101","W1 score: 0.96, CI[0.95, 0.97]","Computational Method","",""
605,"605.115","Salmonella enterica subsp. enterica serovar Pullorum FHC-99","trimethoprim/sulfamethoxazole","","0.25","","0.25","mg/L","","","","","","","MIC XGBoost Model","202503101","W1 score: 0.96, CI[0.95, 0.97]","Computational Method","",""
605,"605.116","Salmonella enterica subsp. enterica serovar Pullorum FHC-103","trimethoprim/sulfamethoxazole","","0.25","","0.25","mg/L","","","","","","","MIC XGBoost Model","202503101","W1 score: 0.96, CI[0.95, 0.97]","Computational Method","",""
605,"605.117","Salmonella enterica subsp. enterica serovar Pullorum FHC-91","trimethoprim/sulfamethoxazole","","0.25","","0.25","mg/L","","","","","","","MIC XGBoost Model","202503101","W1 score: 0.96, CI[0.95, 0.97]","Computational Method","",""
605,"605.118","Salmonella enterica subsp. enterica serovar Pullorum FHC-70","trimethoprim/sulfamethoxazole","","0.25","","0.25","mg/L","","","","","","","MIC XGBoost Model","202503101","W1 score: 0.96, CI[0.95, 0.97]","Computational Method","",""
605,"605.119","Salmonella enterica subsp. enterica serovar Pullorum FHC-90","trimethoprim/sulfamethoxazole","","0.25","","0.25","mg/L","","","","","","","MIC XGBoost Model","202503101","W1 score: 0.96, CI[0.95, 0.97]","Computational Method","",""
605,"605.120","Salmonella enterica subsp. enterica serovar Pullorum FHC-89","trimethoprim/sulfamethoxazole","","0.25","","0.25","mg/L","","","","","","","MIC XGBoost Model","202503101","W1 score: 0.96, CI[0.95, 0.97]","Computational Method","",""
605,"605.121","Salmonella enterica subsp. enterica serovar Pullorum FHC-92","trimethoprim/sulfamethoxazole","","0.25","","0.25","mg/L","","","","","","","MIC XGBoost Model","202503101","W1 score: 0.96, CI[0.95, 0.97]","Computational Method","",""
605,"605.122","Salmonella enterica subsp. enterica serovar Pullorum FHC-78","trimethoprim/sulfamethoxazole","","0.25","","0.25","mg/L","","","","","","","MIC XGBoost Model","202503101","W1 score: 0.96, CI[0.95, 0.97]","Computational Method","",""
605,"605.123","Salmonella enterica subsp. enterica serovar Pullorum FHC-67","trimethoprim/sulfamethoxazole","","0.25","","0.25","mg/L","","","","","","","MIC XGBoost Model","202503101","W1 score: 0.96, CI[0.95, 0.97]","Computational Method","",""
605,"605.124","Salmonella enterica subsp. enterica serovar Pullorum FHC-82","trimethoprim/sulfamethoxazole","","0.25","","0.25","mg/L","","","","","","","MIC XGBoost Model","202503101","W1 score: 0.96, CI[0.95, 0.97]","Computational Method","",""
605,"605.125","Salmonella enterica subsp. enterica serovar Pullorum FHC-76","trimethoprim/sulfamethoxazole","","0.25","","0.25","mg/L","","","","","","","MIC XGBoost Model","202503101","W1 score: 0.96, CI[0.95, 0.97]","Computational Method","",""
605,"605.126","Salmonella enterica subsp. enterica serovar Pullorum FHC-84","trimethoprim/sulfamethoxazole","","0.25","","0.25","mg/L","","","","","","","MIC XGBoost Model","202503101","W1 score: 0.96, CI[0.95, 0.97]","Computational Method","",""
605,"605.127","Salmonella enterica subsp. enterica serovar Pullorum FHC-88","trimethoprim/sulfamethoxazole","","0.25","","0.25","mg/L","","","","","","","MIC XGBoost Model","202503101","W1 score: 0.96, CI[0.95, 0.97]","Computational Method","",""
605,"605.128","Salmonella enterica subsp. enterica serovar Pullorum FHC-85","trimethoprim/sulfamethoxazole","","0.25","","0.25","mg/L","","","","","","","MIC XGBoost Model","202503101","W1 score: 0.96, CI[0.95, 0.97]","Computational Method","",""
605,"605.129","Salmonella enterica subsp. enterica serovar Pullorum FHC-86","trimethoprim/sulfamethoxazole","","0.25","","0.25","mg/L","","","","","","","MIC XGBoost Model","202503101","W1 score: 0.96, CI[0.95, 0.97]","Computational Method","",""
605,"605.130","Salmonella enterica subsp. enterica serovar Pullorum FHC-87","trimethoprim/sulfamethoxazole","","1.0","","1.0","mg/L","","","","","","","MIC XGBoost Model","202503101","W1 score: 0.96, CI[0.95, 0.97]","Computational Method","",""
605,"605.131","Salmonella enterica subsp. enterica serovar Pullorum FHC-97","trimethoprim/sulfamethoxazole","","0.25","","0.25","mg/L","","","","","","","MIC XGBoost Model","202503101","W1 score: 0.96, CI[0.95, 0.97]","Computational Method","",""
605,"605.132","Salmonella enterica subsp. enterica serovar Pullorum FHC-4","trimethoprim/sulfamethoxazole","","0.25","","0.25","mg/L","","","","","","","MIC XGBoost Model","202503101","W1 score: 0.96, CI[0.95, 0.97]","Computational Method","",""
605,"605.133","Salmonella enterica subsp. enterica serovar Pullorum FHC-57","trimethoprim/sulfamethoxazole","","0.25","","0.25","mg/L","","","","","","","MIC XGBoost Model","202503101","W1 score: 0.96, CI[0.95, 0.97]","Computational Method","",""
605,"605.134","Salmonella enterica subsp. enterica serovar Pullorum FHC-59","trimethoprim/sulfamethoxazole","","0.25","","0.25","mg/L","","","","","","","MIC XGBoost Model","202503101","W1 score: 0.96, CI[0.95, 0.97]","Computational Method","",""
605,"605.135","Salmonella enterica subsp. enterica serovar Pullorum FHC-66","trimethoprim/sulfamethoxazole","","0.25","","0.25","mg/L","","","","","","","MIC XGBoost Model","202503101","W1 score: 0.96, CI[0.95, 0.97]","Computational Method","",""
605,"605.136","Salmonella enterica subsp. enterica serovar Pullorum FHC-56","trimethoprim/sulfamethoxazole","","0.25","","0.25","mg/L","","","","","","","MIC XGBoost Model","202503101","W1 score: 0.96, CI[0.95, 0.97]","Computational Method","",""
605,"605.137","Salmonella enterica subsp. enterica serovar Pullorum FHC-31","trimethoprim/sulfamethoxazole","","0.25","","0.25","mg/L","","","","","","","MIC XGBoost Model","202503101","W1 score: 0.96, CI[0.95, 0.97]","Computational Method","",""
605,"605.138","Salmonella enterica subsp. enterica serovar Pullorum FHC-7","trimethoprim/sulfamethoxazole","","0.25","","0.25","mg/L","","","","","","","MIC XGBoost Model","202503101","W1 score: 0.96, CI[0.95, 0.97]","Computational Method","",""
605,"605.139","Salmonella enterica subsp. enterica serovar Pullorum FHC-75","trimethoprim/sulfamethoxazole","","0.25","","0.25","mg/L","","","","","","","MIC XGBoost Model","202503101","W1 score: 0.96, CI[0.95, 0.97]","Computational Method","",""
605,"605.140","Salmonella enterica subsp. enterica serovar Pullorum FHC-24","trimethoprim/sulfamethoxazole","","0.25","","0.25","mg/L","","","","","","","MIC XGBoost Model","202503101","W1 score: 0.96, CI[0.95, 0.97]","Computational Method","",""
605,"605.141","Salmonella enterica subsp. enterica serovar Pullorum FHC-23","trimethoprim/sulfamethoxazole","","0.25","","0.25","mg/L","","","","","","","MIC XGBoost Model","202503101","W1 score: 0.96, CI[0.95, 0.97]","Computational Method","",""
605,"605.142","Salmonella enterica subsp. enterica serovar Pullorum FHC-1","trimethoprim/sulfamethoxazole","","0.25","","0.25","mg/L","","","","","","","MIC XGBoost Model","202503101","W1 score: 0.96, CI[0.95, 0.97]","Computational Method","",""
605,"605.26","Salmonella enterica subsp. enterica serovar Pullorum strain 449_87","trimethoprim/sulfamethoxazole","","0.25","","0.25","mg/L","","","","","","","MIC XGBoost Model","202503101","W1 score: 0.96, CI[0.95, 0.97]","Computational Method","",""
605,"605.33","Salmonella enterica subsp. enterica serovar Pullorum strain S06004","trimethoprim/sulfamethoxazole","","32.0","","32.0","mg/L","","","","","","","MIC XGBoost Model","202503101","W1 score: 0.96, CI[0.95, 0.97]","Computational Method","",""
605,"605.61","Salmonella enterica subsp. enterica serovar Pullorum strain NCTC10705","trimethoprim/sulfamethoxazole","","0.25","","0.25","mg/L","","","","","","","MIC XGBoost Model","202503101","W1 score: 0.96, CI[0.95, 0.97]","Computational Method","",""
605,"605.62","Salmonella enterica subsp. enterica serovar Pullorum strain QJ-2D-Sal","trimethoprim/sulfamethoxazole","","0.25","","0.25","mg/L","","","","","","","MIC XGBoost Model","202503101","W1 score: 0.96, CI[0.95, 0.97]","Computational Method","",""
605,"605.78","Salmonella enterica subsp. enterica serovar Pullorum strain CVCC 1795","trimethoprim/sulfamethoxazole","","0.25","","0.25","mg/L","","","","","","","MIC XGBoost Model","202503101","W1 score: 0.96, CI[0.95, 0.97]","Computational Method","",""
605,"605.81","Salmonella enterica subsp. enterica serovar Pullorum strain CVCC 1795","trimethoprim/sulfamethoxazole","","0.25","","0.25","mg/L","","","","","","","MIC XGBoost Model","202503101","W1 score: 0.96, CI[0.95, 0.97]","Computational Method","",""
605,"605.82","Salmonella enterica subsp. enterica serovar Pullorum strain CVCC 1795","trimethoprim/sulfamethoxazole","","0.25","","0.25","mg/L","","","","","","","MIC XGBoost Model","202503101","W1 score: 0.96, CI[0.95, 0.97]","Computational Method","",""
605,"605.83","Salmonella enterica subsp. enterica serovar Pullorum strain CVCC 1795","trimethoprim/sulfamethoxazole","","0.25","","0.25","mg/L","","","","","","","MIC XGBoost Model","202503101","W1 score: 0.96, CI[0.95, 0.97]","Computational Method","",""
605,"605.84","Salmonella enterica subsp. enterica serovar Pullorum CVCC 1795","trimethoprim/sulfamethoxazole","","0.25","","0.25","mg/L","","","","","","","MIC XGBoost Model","202503101","W1 score: 0.96, CI[0.95, 0.97]","Computational Method","",""
605,"605.85","Salmonella enterica subsp. enterica serovar Pullorum 20811/12","trimethoprim/sulfamethoxazole","","16.0","","16.0","mg/L","","","","","","","MIC XGBoost Model","202503101","W1 score: 0.96, CI[0.95, 0.97]","Computational Method","",""
605,"605.10","Salmonella enterica subsp. enterica serovar Pullorum strain S4037-07","amoxicillin/clavulanic acid","Susceptible","","","","","","","","","","","SIR XGBoost Model","202503101","F1 score: 0.96, CI[0.95, 0.97]","Computational Method","",""
605,"605.10","Salmonella enterica subsp. enterica serovar Pullorum strain S4037-07","ampicillin","Susceptible","","","","","","","","","","","SIR XGBoost Model","202503101","F1 score: 0.93, CI[0.92, 0.93]","Computational Method","",""
605,"605.10","Salmonella enterica subsp. enterica serovar Pullorum strain S4037-07","azithromycin","Susceptible","","","","","","","","","","","SIR XGBoost Model","202503101","F1 score: 0.92, CI[0.87, 0.98]","Computational Method","",""
605,"605.10","Salmonella enterica subsp. enterica serovar Pullorum strain S4037-07","chloramphenicol","Susceptible","","","","","","","","","","","SIR XGBoost Model","202503101","F1 score: 0.90, CI[0.88, 0.91]","Computational Method","",""
605,"605.10","Salmonella enterica subsp. enterica serovar Pullorum strain S4037-07","ciprofloxacin","Susceptible","","","","","","","","","","","SIR XGBoost Model","202503101","F1 score: 0.95, CI[0.93, 0.96]","Computational Method","",""
605,"605.10","Salmonella enterica subsp. enterica serovar Pullorum strain S4037-07","ceftriaxone","Susceptible","","","","","","","","","","","SIR XGBoost Model","202503101","F1 score: 0.98, CI[0.97, 1.00]","Computational Method","",""
605,"605.10","Salmonella enterica subsp. enterica serovar Pullorum strain S4037-07","cefotaxime","Susceptible","","","","","","","","","","","SIR XGBoost Model","202503101","F1 score: 0.95, CI[0.90, 0.99]","Computational Method","",""
605,"605.10","Salmonella enterica subsp. enterica serovar Pullorum strain S4037-07","sulfisoxazole","Resistant","","","","","","","","","","","SIR XGBoost Model","202503101","F1 score: 0.99, CI[0.98, 1.00]","Computational Method","",""
605,"605.10","Salmonella enterica subsp. enterica serovar Pullorum strain S4037-07","cefoxitin","Susceptible","","","","","","","","","","","SIR XGBoost Model","202503101","F1 score: 0.96, CI[0.93, 0.99]","Computational Method","",""
605,"605.10","Salmonella enterica subsp. enterica serovar Pullorum strain S4037-07","gentamicin","Susceptible","","","","","","","","","","","SIR XGBoost Model","202503101","F1 score: 0.92, CI[0.89, 0.95]","Computational Method","",""
605,"605.10","Salmonella enterica subsp. enterica serovar Pullorum strain S4037-07","kanamycin","Susceptible","","","","","","","","","","","SIR XGBoost Model","202503101","F1 score: 0.86, CI[0.77, 0.95]","Computational Method","",""
605,"605.10","Salmonella enterica subsp. enterica serovar Pullorum strain S4037-07","nalidixic acid","Susceptible","","","","","","","","","","","SIR XGBoost Model","202503101","F1 score: 0.95, CI[0.93, 0.96]","Computational Method","",""
605,"605.10","Salmonella enterica subsp. enterica serovar Pullorum strain S4037-07","pefloxacin","Susceptible","","","","","","","","","","","SIR XGBoost Model","202503101","F1 score: 0.98, CI[0.96, 1.00]","Computational Method","",""
605,"605.10","Salmonella enterica subsp. enterica serovar Pullorum strain S4037-07","sulfamethoxazole","Susceptible","","","","","","","","","","","SIR XGBoost Model","202503101","F1 score: 0.95, CI[0.93, 0.97]","Computational Method","",""
605,"605.10","Salmonella enterica subsp. enterica serovar Pullorum strain S4037-07","spectinomycin","Susceptible","","","","","","","","","","","SIR XGBoost Model","202503101","F1 score: 0.94, CI[0.90, 0.98]","Computational Method","",""
605,"605.10","Salmonella enterica subsp. enterica serovar Pullorum strain S4037-07","streptomycin","Susceptible","","","","","","","","","","","SIR XGBoost Model","202503101","F1 score: 0.94, CI[0.93, 0.96]","Computational Method","",""
605,"605.10","Salmonella enterica subsp. enterica serovar Pullorum strain S4037-07","tetracycline","Susceptible","","","","","","","","","","","SIR XGBoost Model","202503101","F1 score: 0.97, CI[0.96, 0.98]","Computational Method","",""
605,"605.10","Salmonella enterica subsp. enterica serovar Pullorum strain S4037-07","ceftiofur","Susceptible","","","","","","","","","","","SIR XGBoost Model","202503101","F1 score: 0.98, CI[0.97, 1.00]","Computational Method","",""
605,"605.10","Salmonella enterica subsp. enterica serovar Pullorum strain S4037-07","trimethoprim","Susceptible","","","","","","","","","","","SIR XGBoost Model","202503101","F1 score: 0.86, CI[0.78, 0.93]","Computational Method","",""
605,"605.100","Salmonella enterica subsp. enterica serovar Pullorum FHC-113","amoxicillin/clavulanic acid","Susceptible","","","","","","","","","","","SIR XGBoost Model","202503101","F1 score: 0.96, CI[0.95, 0.97]","Computational Method","",""
605,"605.100","Salmonella enterica subsp. enterica serovar Pullorum FHC-113","ampicillin","Resistant","","","","","","","","","","","SIR XGBoost Model","202503101","F1 score: 0.93, CI[0.92, 0.93]","Computational Method","",""
605,"605.100","Salmonella enterica subsp. enterica serovar Pullorum FHC-113","azithromycin","Susceptible","","","","","","","","","","","SIR XGBoost Model","202503101","F1 score: 0.92, CI[0.87, 0.98]","Computational Method","",""
605,"605.100","Salmonella enterica subsp. enterica serovar Pullorum FHC-113","chloramphenicol","Susceptible","","","","","","","","","","","SIR XGBoost Model","202503101","F1 score: 0.90, CI[0.88, 0.91]","Computational Method","",""
605,"605.100","Salmonella enterica subsp. enterica serovar Pullorum FHC-113","ciprofloxacin","Susceptible","","","","","","","","","","","SIR XGBoost Model","202503101","F1 score: 0.95, CI[0.93, 0.96]","Computational Method","",""
605,"605.100","Salmonella enterica subsp. enterica serovar Pullorum FHC-113","ceftriaxone","Susceptible","","","","","","","","","","","SIR XGBoost Model","202503101","F1 score: 0.98, CI[0.97, 1.00]","Computational Method","",""
605,"605.100","Salmonella enterica subsp. enterica serovar Pullorum FHC-113","cefotaxime","Susceptible","","","","","","","","","","","SIR XGBoost Model","202503101","F1 score: 0.95, CI[0.90, 0.99]","Computational Method","",""
605,"605.100","Salmonella enterica subsp. enterica serovar Pullorum FHC-113","sulfisoxazole","Susceptible","","","","","","","","","","","SIR XGBoost Model","202503101","F1 score: 0.99, CI[0.98, 1.00]","Computational Method","",""
605,"605.100","Salmonella enterica subsp. enterica serovar Pullorum FHC-113","cefoxitin","Susceptible","","","","","","","","","","","SIR XGBoost Model","202503101","F1 score: 0.96, CI[0.93, 0.99]","Computational Method","",""
605,"605.100","Salmonella enterica subsp. enterica serovar Pullorum FHC-113","gentamicin","Susceptible","","","","","","","","","","","SIR XGBoost Model","202503101","F1 score: 0.92, CI[0.89, 0.95]","Computational Method","",""
605,"605.100","Salmonella enterica subsp. enterica serovar Pullorum FHC-113","kanamycin","Susceptible","","","","","","","","","","","SIR XGBoost Model","202503101","F1 score: 0.86, CI[0.77, 0.95]","Computational Method","",""
605,"605.100","Salmonella enterica subsp. enterica serovar Pullorum FHC-113","nalidixic acid","Resistant","","","","","","","","","","","SIR XGBoost Model","202503101","F1 score: 0.95, CI[0.93, 0.96]","Computational Method","",""
605,"605.100","Salmonella enterica subsp. enterica serovar Pullorum FHC-113","pefloxacin","Resistant","","","","","","","","","","","SIR XGBoost Model","202503101","F1 score: 0.98, CI[0.96, 1.00]","Computational Method","",""
605,"605.100","Salmonella enterica subsp. enterica serovar Pullorum FHC-113","sulfamethoxazole","Susceptible","","","","","","","","","","","SIR XGBoost Model","202503101","F1 score: 0.95, CI[0.93, 0.97]","Computational Method","",""
605,"605.100","Salmonella enterica subsp. enterica serovar Pullorum FHC-113","spectinomycin","Susceptible","","","","","","","","","","","SIR XGBoost Model","202503101","F1 score: 0.94, CI[0.90, 0.98]","Computational Method","",""
605,"605.100","Salmonella enterica subsp. enterica serovar Pullorum FHC-113","streptomycin","Susceptible","","","","","","","","","","","SIR XGBoost Model","202503101","F1 score: 0.94, CI[0.93, 0.96]","Computational Method","",""
605,"605.100","Salmonella enterica subsp. enterica serovar Pullorum FHC-113","tetracycline","Resistant","","","","","","","","","","","SIR XGBoost Model","202503101","F1 score: 0.97, CI[0.96, 0.98]","Computational Method","",""
605,"605.100","Salmonella enterica subsp. enterica serovar Pullorum FHC-113","ceftiofur","Susceptible","","","","","","","","","","","SIR XGBoost Model","202503101","F1 score: 0.98, CI[0.97, 1.00]","Computational Method","",""
605,"605.100","Salmonella enterica subsp. enterica serovar Pullorum FHC-113","trimethoprim","Susceptible","","","","","","","","","","","SIR XGBoost Model","202503101","F1 score: 0.86, CI[0.78, 0.93]","Computational Method","",""
605,"605.101","Salmonella enterica subsp. enterica serovar Pullorum FHC-112","amoxicillin/clavulanic acid","Susceptible","","","","","","","","","","","SIR XGBoost Model","202503101","F1 score: 0.96, CI[0.95, 0.97]","Computational Method","",""
605,"605.101","Salmonella enterica subsp. enterica serovar Pullorum FHC-112","ampicillin","Susceptible","","","","","","","","","","","SIR XGBoost Model","202503101","F1 score: 0.93, CI[0.92, 0.93]","Computational Method","",""
605,"605.101","Salmonella enterica subsp. enterica serovar Pullorum FHC-112","azithromycin","Susceptible","","","","","","","","","","","SIR XGBoost Model","202503101","F1 score: 0.92, CI[0.87, 0.98]","Computational Method","",""
605,"605.101","Salmonella enterica subsp. enterica serovar Pullorum FHC-112","chloramphenicol","Susceptible","","","","","","","","","","","SIR XGBoost Model","202503101","F1 score: 0.90, CI[0.88, 0.91]","Computational Method","",""
605,"605.101","Salmonella enterica subsp. enterica serovar Pullorum FHC-112","ciprofloxacin","Susceptible","","","","","","","","","","","SIR XGBoost Model","202503101","F1 score: 0.95, CI[0.93, 0.96]","Computational Method","",""
605,"605.101","Salmonella enterica subsp. enterica serovar Pullorum FHC-112","ceftriaxone","Susceptible","","","","","","","","","","","SIR XGBoost Model","202503101","F1 score: 0.98, CI[0.97, 1.00]","Computational Method","",""
605,"605.101","Salmonella enterica subsp. enterica serovar Pullorum FHC-112","cefotaxime","Susceptible","","","","","","","","","","","SIR XGBoost Model","202503101","F1 score: 0.95, CI[0.90, 0.99]","Computational Method","",""
605,"605.101","Salmonella enterica subsp. enterica serovar Pullorum FHC-112","sulfisoxazole","Resistant","","","","","","","","","","","SIR XGBoost Model","202503101","F1 score: 0.99, CI[0.98, 1.00]","Computational Method","",""
605,"605.101","Salmonella enterica subsp. enterica serovar Pullorum FHC-112","cefoxitin","Susceptible","","","","","","","","","","","SIR XGBoost Model","202503101","F1 score: 0.96, CI[0.93, 0.99]","Computational Method","",""
605,"605.101","Salmonella enterica subsp. enterica serovar Pullorum FHC-112","gentamicin","Susceptible","","","","","","","","","","","SIR XGBoost Model","202503101","F1 score: 0.92, CI[0.89, 0.95]","Computational Method","",""
605,"605.101","Salmonella enterica subsp. enterica serovar Pullorum FHC-112","kanamycin","Susceptible","","","","","","","","","","","SIR XGBoost Model","202503101","F1 score: 0.86, CI[0.77, 0.95]","Computational Method","",""
605,"605.101","Salmonella enterica subsp. enterica serovar Pullorum FHC-112","nalidixic acid","Resistant","","","","","","","","","","","SIR XGBoost Model","202503101","F1 score: 0.95, CI[0.93, 0.96]","Computational Method","",""
605,"605.101","Salmonella enterica subsp. enterica serovar Pullorum FHC-112","pefloxacin","Resistant","","","","","","","","","","","SIR XGBoost Model","202503101","F1 score: 0.98, CI[0.96, 1.00]","Computational Method","",""
605,"605.101","Salmonella enterica subsp. enterica serovar Pullorum FHC-112","sulfamethoxazole","Resistant","","","","","","","","","","","SIR XGBoost Model","202503101","F1 score: 0.95, CI[0.93, 0.97]","Computational Method","",""
605,"605.101","Salmonella enterica subsp. enterica serovar Pullorum FHC-112","spectinomycin","Susceptible","","","","","","","","","","","SIR XGBoost Model","202503101","F1 score: 0.94, CI[0.90, 0.98]","Computational Method","",""
605,"605.101","Salmonella enterica subsp. enterica serovar Pullorum FHC-112","streptomycin","Susceptible","","","","","","","","","","","SIR XGBoost Model","202503101","F1 score: 0.94, CI[0.93, 0.96]","Computational Method","",""
605,"605.101","Salmonella enterica subsp. enterica serovar Pullorum FHC-112","tetracycline","Resistant","","","","","","","","","","","SIR XGBoost Model","202503101","F1 score: 0.97, CI[0.96, 0.98]","Computational Method","",""
605,"605.101","Salmonella enterica subsp. enterica serovar Pullorum FHC-112","ceftiofur","Susceptible","","","","","","","","","","","SIR XGBoost Model","202503101","F1 score: 0.98, CI[0.97, 1.00]","Computational Method","",""
605,"605.101","Salmonella enterica subsp. enterica serovar Pullorum FHC-112","trimethoprim","Susceptible","","","","","","","","","","","SIR XGBoost Model","202503101","F1 score: 0.86, CI[0.78, 0.93]","Computational Method","",""
605,"605.102","Salmonella enterica subsp. enterica serovar Pullorum FHC-106","amoxicillin/clavulanic acid","Susceptible","","","","","","","","","","","SIR XGBoost Model","202503101","F1 score: 0.96, CI[0.95, 0.97]","Computational Method","",""
605,"605.102","Salmonella enterica subsp. enterica serovar Pullorum FHC-106","ampicillin","Resistant","","","","","","","","","","","SIR XGBoost Model","202503101","F1 score: 0.93, CI[0.92, 0.93]","Computational Method","",""
605,"605.102","Salmonella enterica subsp. enterica serovar Pullorum FHC-106","azithromycin","Susceptible","","","","","","","","","","","SIR XGBoost Model","202503101","F1 score: 0.92, CI[0.87, 0.98]","Computational Method","",""
605,"605.102","Salmonella enterica subsp. enterica serovar Pullorum FHC-106","chloramphenicol","Susceptible","","","","","","","","","","","SIR XGBoost Model","202503101","F1 score: 0.90, CI[0.88, 0.91]","Computational Method","",""
605,"605.102","Salmonella enterica subsp. enterica serovar Pullorum FHC-106","ciprofloxacin","Susceptible","","","","","","","","","","","SIR XGBoost Model","202503101","F1 score: 0.95, CI[0.93, 0.96]","Computational Method","",""
605,"605.102","Salmonella enterica subsp. enterica serovar Pullorum FHC-106","ceftriaxone","Susceptible","","","","","","","","","","","SIR XGBoost Model","202503101","F1 score: 0.98, CI[0.97, 1.00]","Computational Method","",""
605,"605.102","Salmonella enterica subsp. enterica serovar Pullorum FHC-106","cefotaxime","Susceptible","","","","","","","","","","","SIR XGBoost Model","202503101","F1 score: 0.95, CI[0.90, 0.99]","Computational Method","",""
605,"605.102","Salmonella enterica subsp. enterica serovar Pullorum FHC-106","sulfisoxazole","Resistant","","","","","","","","","","","SIR XGBoost Model","202503101","F1 score: 0.99, CI[0.98, 1.00]","Computational Method","",""
605,"605.102","Salmonella enterica subsp. enterica serovar Pullorum FHC-106","cefoxitin","Susceptible","","","","","","","","","","","SIR XGBoost Model","202503101","F1 score: 0.96, CI[0.93, 0.99]","Computational Method","",""
605,"605.102","Salmonella enterica subsp. enterica serovar Pullorum FHC-106","gentamicin","Susceptible","","","","","","","","","","","SIR XGBoost Model","202503101","F1 score: 0.92, CI[0.89, 0.95]","Computational Method","",""
605,"605.102","Salmonella enterica subsp. enterica serovar Pullorum FHC-106","kanamycin","Susceptible","","","","","","","","","","","SIR XGBoost Model","202503101","F1 score: 0.86, CI[0.77, 0.95]","Computational Method","",""
605,"605.102","Salmonella enterica subsp. enterica serovar Pullorum FHC-106","nalidixic acid","Resistant","","","","","","","","","","","SIR XGBoost Model","202503101","F1 score: 0.95, CI[0.93, 0.96]","Computational Method","",""
605,"605.102","Salmonella enterica subsp. enterica serovar Pullorum FHC-106","pefloxacin","Resistant","","","","","","","","","","","SIR XGBoost Model","202503101","F1 score: 0.98, CI[0.96, 1.00]","Computational Method","",""
605,"605.102","Salmonella enterica subsp. enterica serovar Pullorum FHC-106","sulfamethoxazole","Susceptible","","","","","","","","","","","SIR XGBoost Model","202503101","F1 score: 0.95, CI[0.93, 0.97]","Computational Method","",""
605,"605.102","Salmonella enterica subsp. enterica serovar Pullorum FHC-106","spectinomycin","Susceptible","","","","","","","","","","","SIR XGBoost Model","202503101","F1 score: 0.94, CI[0.90, 0.98]","Computational Method","",""
605,"605.102","Salmonella enterica subsp. enterica serovar Pullorum FHC-106","streptomycin","Susceptible","","","","","","","","","","","SIR XGBoost Model","202503101","F1 score: 0.94, CI[0.93, 0.96]","Computational Method","",""
605,"605.102","Salmonella enterica subsp. enterica serovar Pullorum FHC-106","tetracycline","Susceptible","","","","","","","","","","","SIR XGBoost Model","202503101","F1 score: 0.97, CI[0.96, 0.98]","Computational Method","",""
605,"605.102","Salmonella enterica subsp. enterica serovar Pullorum FHC-106","ceftiofur","Susceptible","","","","","","","","","","","SIR XGBoost Model","202503101","F1 score: 0.98, CI[0.97, 1.00]","Computational Method","",""
605,"605.102","Salmonella enterica subsp. enterica serovar Pullorum FHC-106","trimethoprim","Susceptible","","","","","","","","","","","SIR XGBoost Model","202503101","F1 score: 0.86, CI[0.78, 0.93]","Computational Method","",""
605,"605.103","Salmonella enterica subsp. enterica serovar Pullorum FHC-107","amoxicillin/clavulanic acid","Susceptible","","","","","","","","","","","SIR XGBoost Model","202503101","F1 score: 0.96, CI[0.95, 0.97]","Computational Method","",""
605,"605.103","Salmonella enterica subsp. enterica serovar Pullorum FHC-107","ampicillin","Resistant","","","","","","","","","","","SIR XGBoost Model","202503101","F1 score: 0.93, CI[0.92, 0.93]","Computational Method","",""
605,"605.103","Salmonella enterica subsp. enterica serovar Pullorum FHC-107","azithromycin","Susceptible","","","","","","","","","","","SIR XGBoost Model","202503101","F1 score: 0.92, CI[0.87, 0.98]","Computational Method","",""
605,"605.103","Salmonella enterica subsp. enterica serovar Pullorum FHC-107","chloramphenicol","Susceptible","","","","","","","","","","","SIR XGBoost Model","202503101","F1 score: 0.90, CI[0.88, 0.91]","Computational Method","",""
605,"605.103","Salmonella enterica subsp. enterica serovar Pullorum FHC-107","ciprofloxacin","Susceptible","","","","","","","","","","","SIR XGBoost Model","202503101","F1 score: 0.95, CI[0.93, 0.96]","Computational Method","",""
605,"605.103","Salmonella enterica subsp. enterica serovar Pullorum FHC-107","ceftriaxone","Susceptible","","","","","","","","","","","SIR XGBoost Model","202503101","F1 score: 0.98, CI[0.97, 1.00]","Computational Method","",""
605,"605.103","Salmonella enterica subsp. enterica serovar Pullorum FHC-107","cefotaxime","Susceptible","","","","","","","","","","","SIR XGBoost Model","202503101","F1 score: 0.95, CI[0.90, 0.99]","Computational Method","",""
605,"605.103","Salmonella enterica subsp. enterica serovar Pullorum FHC-107","sulfisoxazole","Resistant","","","","","","","","","","","SIR XGBoost Model","202503101","F1 score: 0.99, CI[0.98, 1.00]","Computational Method","",""
605,"605.103","Salmonella enterica subsp. enterica serovar Pullorum FHC-107","cefoxitin","Susceptible","","","","","","","","","","","SIR XGBoost Model","202503101","F1 score: 0.96, CI[0.93, 0.99]","Computational Method","",""
605,"605.103","Salmonella enterica subsp. enterica serovar Pullorum FHC-107","gentamicin","Susceptible","","","","","","","","","","","SIR XGBoost Model","202503101","F1 score: 0.92, CI[0.89, 0.95]","Computational Method","",""
605,"605.103","Salmonella enterica subsp. enterica serovar Pullorum FHC-107","kanamycin","Susceptible","","","","","","","","","","","SIR XGBoost Model","202503101","F1 score: 0.86, CI[0.77, 0.95]","Computational Method","",""
605,"605.103","Salmonella enterica subsp. enterica serovar Pullorum FHC-107","nalidixic acid","Resistant","","","","","","","","","","","SIR XGBoost Model","202503101","F1 score: 0.95, CI[0.93, 0.96]","Computational Method","",""
605,"605.103","Salmonella enterica subsp. enterica serovar Pullorum FHC-107","pefloxacin","Resistant","","","","","","","","","","","SIR XGBoost Model","202503101","F1 score: 0.98, CI[0.96, 1.00]","Computational Method","",""
605,"605.103","Salmonella enterica subsp. enterica serovar Pullorum FHC-107","sulfamethoxazole","Susceptible","","","","","","","","","","","SIR XGBoost Model","202503101","F1 score: 0.95, CI[0.93, 0.97]","Computational Method","",""
605,"605.103","Salmonella enterica subsp. enterica serovar Pullorum FHC-107","spectinomycin","Susceptible","","","","","","","","","","","SIR XGBoost Model","202503101","F1 score: 0.94, CI[0.90, 0.98]","Computational Method","",""
605,"605.103","Salmonella enterica subsp. enterica serovar Pullorum FHC-107","streptomycin","Susceptible","","","","","","","","","","","SIR XGBoost Model","202503101","F1 score: 0.94, CI[0.93, 0.96]","Computational Method","",""
605,"605.103","Salmonella enterica subsp. enterica serovar Pullorum FHC-107","tetracycline","Resistant","","","","","","","","","","","SIR XGBoost Model","202503101","F1 score: 0.97, CI[0.96, 0.98]","Computational Method","",""
605,"605.103","Salmonella enterica subsp. enterica serovar Pullorum FHC-107","ceftiofur","Susceptible","","","","","","","","","","","SIR XGBoost Model","202503101","F1 score: 0.98, CI[0.97, 1.00]","Computational Method","",""
605,"605.103","Salmonella enterica subsp. enterica serovar Pullorum FHC-107","trimethoprim","Susceptible","","","","","","","","","","","SIR XGBoost Model","202503101","F1 score: 0.86, CI[0.78, 0.93]","Computational Method","",""
605,"605.104","Salmonella enterica subsp. enterica serovar Pullorum FHC-109","amoxicillin/clavulanic acid","Susceptible","","","","","","","","","","","SIR XGBoost Model","202503101","F1 score: 0.96, CI[0.95, 0.97]","Computational Method","",""
605,"605.104","Salmonella enterica subsp. enterica serovar Pullorum FHC-109","ampicillin","Resistant","","","","","","","","","","","SIR XGBoost Model","202503101","F1 score: 0.93, CI[0.92, 0.93]","Computational Method","",""
605,"605.104","Salmonella enterica subsp. enterica serovar Pullorum FHC-109","azithromycin","Susceptible","","","","","","","","","","","SIR XGBoost Model","202503101","F1 score: 0.92, CI[0.87, 0.98]","Computational Method","",""
605,"605.104","Salmonella enterica subsp. enterica serovar Pullorum FHC-109","chloramphenicol","Susceptible","","","","","","","","","","","SIR XGBoost Model","202503101","F1 score: 0.90, CI[0.88, 0.91]","Computational Method","",""
605,"605.104","Salmonella enterica subsp. enterica serovar Pullorum FHC-109","ciprofloxacin","Susceptible","","","","","","","","","","","SIR XGBoost Model","202503101","F1 score: 0.95, CI[0.93, 0.96]","Computational Method","",""
605,"605.104","Salmonella enterica subsp. enterica serovar Pullorum FHC-109","ceftriaxone","Susceptible","","","","","","","","","","","SIR XGBoost Model","202503101","F1 score: 0.98, CI[0.97, 1.00]","Computational Method","",""
605,"605.104","Salmonella enterica subsp. enterica serovar Pullorum FHC-109","cefotaxime","Susceptible","","","","","","","","","","","SIR XGBoost Model","202503101","F1 score: 0.95, CI[0.90, 0.99]","Computational Method","",""
605,"605.104","Salmonella enterica subsp. enterica serovar Pullorum FHC-109","sulfisoxazole","Resistant","","","","","","","","","","","SIR XGBoost Model","202503101","F1 score: 0.99, CI[0.98, 1.00]","Computational Method","",""
605,"605.104","Salmonella enterica subsp. enterica serovar Pullorum FHC-109","cefoxitin","Susceptible","","","","","","","","","","","SIR XGBoost Model","202503101","F1 score: 0.96, CI[0.93, 0.99]","Computational Method","",""
605,"605.104","Salmonella enterica subsp. enterica serovar Pullorum FHC-109","gentamicin","Susceptible","","","","","","","","","","","SIR XGBoost Model","202503101","F1 score: 0.92, CI[0.89, 0.95]","Computational Method","",""
605,"605.104","Salmonella enterica subsp. enterica serovar Pullorum FHC-109","kanamycin","Susceptible","","","","","","","","","","","SIR XGBoost Model","202503101","F1 score: 0.86, CI[0.77, 0.95]","Computational Method","",""
605,"605.104","Salmonella enterica subsp. enterica serovar Pullorum FHC-109","nalidixic acid","Resistant","","","","","","","","","","","SIR XGBoost Model","202503101","F1 score: 0.95, CI[0.93, 0.96]","Computational Method","",""
605,"605.104","Salmonella enterica subsp. enterica serovar Pullorum FHC-109","pefloxacin","Resistant","","","","","","","","","","","SIR XGBoost Model","202503101","F1 score: 0.98, CI[0.96, 1.00]","Computational Method","",""
605,"605.104","Salmonella enterica subsp. enterica serovar Pullorum FHC-109","sulfamethoxazole","Susceptible","","","","","","","","","","","SIR XGBoost Model","202503101","F1 score: 0.95, CI[0.93, 0.97]","Computational Method","",""
605,"605.104","Salmonella enterica subsp. enterica serovar Pullorum FHC-109","spectinomycin","Susceptible","","","","","","","","","","","SIR XGBoost Model","202503101","F1 score: 0.94, CI[0.90, 0.98]","Computational Method","",""
605,"605.104","Salmonella enterica subsp. enterica serovar Pullorum FHC-109","streptomycin","Susceptible","","","","","","","","","","","SIR XGBoost Model","202503101","F1 score: 0.94, CI[0.93, 0.96]","Computational Method","",""
605,"605.104","Salmonella enterica subsp. enterica serovar Pullorum FHC-109","tetracycline","Resistant","","","","","","","","","","","SIR XGBoost Model","202503101","F1 score: 0.97, CI[0.96, 0.98]","Computational Method","",""
605,"605.104","Salmonella enterica subsp. enterica serovar Pullorum FHC-109","ceftiofur","Susceptible","","","","","","","","","","","SIR XGBoost Model","202503101","F1 score: 0.98, CI[0.97, 1.00]","Computational Method","",""
605,"605.104","Salmonella enterica subsp. enterica serovar Pullorum FHC-109","trimethoprim","Susceptible","","","","","","","","","","","SIR XGBoost Model","202503101","F1 score: 0.86, CI[0.78, 0.93]","Computational Method","",""
605,"605.105","Salmonella enterica subsp. enterica serovar Pullorum FHC-111","amoxicillin/clavulanic acid","Susceptible","","","","","","","","","","","SIR XGBoost Model","202503101","F1 score: 0.96, CI[0.95, 0.97]","Computational Method","",""
605,"605.105","Salmonella enterica subsp. enterica serovar Pullorum FHC-111","ampicillin","Resistant","","","","","","","","","","","SIR XGBoost Model","202503101","F1 score: 0.93, CI[0.92, 0.93]","Computational Method","",""
605,"605.105","Salmonella enterica subsp. enterica serovar Pullorum FHC-111","azithromycin","Susceptible","","","","","","","","","","","SIR XGBoost Model","202503101","F1 score: 0.92, CI[0.87, 0.98]","Computational Method","",""
605,"605.105","Salmonella enterica subsp. enterica serovar Pullorum FHC-111","chloramphenicol","Susceptible","","","","","","","","","","","SIR XGBoost Model","202503101","F1 score: 0.90, CI[0.88, 0.91]","Computational Method","",""
605,"605.105","Salmonella enterica subsp. enterica serovar Pullorum FHC-111","ciprofloxacin","Susceptible","","","","","","","","","","","SIR XGBoost Model","202503101","F1 score: 0.95, CI[0.93, 0.96]","Computational Method","",""
605,"605.105","Salmonella enterica subsp. enterica serovar Pullorum FHC-111","ceftriaxone","Susceptible","","","","","","","","","","","SIR XGBoost Model","202503101","F1 score: 0.98, CI[0.97, 1.00]","Computational Method","",""
605,"605.105","Salmonella enterica subsp. enterica serovar Pullorum FHC-111","cefotaxime","Susceptible","","","","","","","","","","","SIR XGBoost Model","202503101","F1 score: 0.95, CI[0.90, 0.99]","Computational Method","",""
605,"605.105","Salmonella enterica subsp. enterica serovar Pullorum FHC-111","sulfisoxazole","Resistant","","","","","","","","","","","SIR XGBoost Model","202503101","F1 score: 0.99, CI[0.98, 1.00]","Computational Method","",""
605,"605.105","Salmonella enterica subsp. enterica serovar Pullorum FHC-111","cefoxitin","Susceptible","","","","","","","","","","","SIR XGBoost Model","202503101","F1 score: 0.96, CI[0.93, 0.99]","Computational Method","",""
605,"605.105","Salmonella enterica subsp. enterica serovar Pullorum FHC-111","gentamicin","Susceptible","","","","","","","","","","","SIR XGBoost Model","202503101","F1 score: 0.92, CI[0.89, 0.95]","Computational Method","",""
605,"605.105","Salmonella enterica subsp. enterica serovar Pullorum FHC-111","kanamycin","Susceptible","","","","","","","","","","","SIR XGBoost Model","202503101","F1 score: 0.86, CI[0.77, 0.95]","Computational Method","",""
605,"605.105","Salmonella enterica subsp. enterica serovar Pullorum FHC-111","nalidixic acid","Resistant","","","","","","","","","","","SIR XGBoost Model","202503101","F1 score: 0.95, CI[0.93, 0.96]","Computational Method","",""
605,"605.105","Salmonella enterica subsp. enterica serovar Pullorum FHC-111","pefloxacin","Resistant","","","","","","","","","","","SIR XGBoost Model","202503101","F1 score: 0.98, CI[0.96, 1.00]","Computational Method","",""
605,"605.105","Salmonella enterica subsp. enterica serovar Pullorum FHC-111","sulfamethoxazole","Susceptible","","","","","","","","","","","SIR XGBoost Model","202503101","F1 score: 0.95, CI[0.93, 0.97]","Computational Method","",""
605,"605.105","Salmonella enterica subsp. enterica serovar Pullorum FHC-111","spectinomycin","Susceptible","","","","","","","","","","","SIR XGBoost Model","202503101","F1 score: 0.94, CI[0.90, 0.98]","Computational Method","",""
605,"605.105","Salmonella enterica subsp. enterica serovar Pullorum FHC-111","streptomycin","Susceptible","","","","","","","","","","","SIR XGBoost Model","202503101","F1 score: 0.94, CI[0.93, 0.96]","Computational Method","",""
605,"605.105","Salmonella enterica subsp. enterica serovar Pullorum FHC-111","tetracycline","Susceptible","","","","","","","","","","","SIR XGBoost Model","202503101","F1 score: 0.97, CI[0.96, 0.98]","Computational Method","",""
605,"605.105","Salmonella enterica subsp. enterica serovar Pullorum FHC-111","ceftiofur","Susceptible","","","","","","","","","","","SIR XGBoost Model","202503101","F1 score: 0.98, CI[0.97, 1.00]","Computational Method","",""
605,"605.105","Salmonella enterica subsp. enterica serovar Pullorum FHC-111","trimethoprim","Susceptible","","","","","","","","","","","SIR XGBoost Model","202503101","F1 score: 0.86, CI[0.78, 0.93]","Computational Method","",""
605,"605.106","Salmonella enterica subsp. enterica serovar Pullorum FHC-110","amoxicillin/clavulanic acid","Susceptible","","","","","","","","","","","SIR XGBoost Model","202503101","F1 score: 0.96, CI[0.95, 0.97]","Computational Method","",""
605,"605.106","Salmonella enterica subsp. enterica serovar Pullorum FHC-110","ampicillin","Resistant","","","","","","","","","","","SIR XGBoost Model","202503101","F1 score: 0.93, CI[0.92, 0.93]","Computational Method","",""
605,"605.106","Salmonella enterica subsp. enterica serovar Pullorum FHC-110","azithromycin","Susceptible","","","","","","","","","","","SIR XGBoost Model","202503101","F1 score: 0.92, CI[0.87, 0.98]","Computational Method","",""
605,"605.106","Salmonella enterica subsp. enterica serovar Pullorum FHC-110","chloramphenicol","Susceptible","","","","","","","","","","","SIR XGBoost Model","202503101","F1 score: 0.90, CI[0.88, 0.91]","Computational Method","",""
605,"605.106","Salmonella enterica subsp. enterica serovar Pullorum FHC-110","ciprofloxacin","Susceptible","","","","","","","","","","","SIR XGBoost Model","202503101","F1 score: 0.95, CI[0.93, 0.96]","Computational Method","",""
605,"605.106","Salmonella enterica subsp. enterica serovar Pullorum FHC-110","ceftriaxone","Susceptible","","","","","","","","","","","SIR XGBoost Model","202503101","F1 score: 0.98, CI[0.97, 1.00]","Computational Method","",""
605,"605.106","Salmonella enterica subsp. enterica serovar Pullorum FHC-110","cefotaxime","Susceptible","","","","","","","","","","","SIR XGBoost Model","202503101","F1 score: 0.95, CI[0.90, 0.99]","Computational Method","",""
605,"605.106","Salmonella enterica subsp. enterica serovar Pullorum FHC-110","sulfisoxazole","Resistant","","","","","","","","","","","SIR XGBoost Model","202503101","F1 score: 0.99, CI[0.98, 1.00]","Computational Method","",""
605,"605.106","Salmonella enterica subsp. enterica serovar Pullorum FHC-110","cefoxitin","Susceptible","","","","","","","","","","","SIR XGBoost Model","202503101","F1 score: 0.96, CI[0.93, 0.99]","Computational Method","",""
605,"605.106","Salmonella enterica subsp. enterica serovar Pullorum FHC-110","gentamicin","Susceptible","","","","","","","","","","","SIR XGBoost Model","202503101","F1 score: 0.92, CI[0.89, 0.95]","Computational Method","",""
605,"605.106","Salmonella enterica subsp. enterica serovar Pullorum FHC-110","kanamycin","Susceptible","","","","","","","","","","","SIR XGBoost Model","202503101","F1 score: 0.86, CI[0.77, 0.95]","Computational Method","",""
605,"605.106","Salmonella enterica subsp. enterica serovar Pullorum FHC-110","nalidixic acid","Resistant","","","","","","","","","","","SIR XGBoost Model","202503101","F1 score: 0.95, CI[0.93, 0.96]","Computational Method","",""
605,"605.106","Salmonella enterica subsp. enterica serovar Pullorum FHC-110","pefloxacin","Resistant","","","","","","","","","","","SIR XGBoost Model","202503101","F1 score: 0.98, CI[0.96, 1.00]","Computational Method","",""
605,"605.106","Salmonella enterica subsp. enterica serovar Pullorum FHC-110","sulfamethoxazole","Susceptible","","","","","","","","","","","SIR XGBoost Model","202503101","F1 score: 0.95, CI[0.93, 0.97]","Computational Method","",""
605,"605.106","Salmonella enterica subsp. enterica serovar Pullorum FHC-110","spectinomycin","Susceptible","","","","","","","","","","","SIR XGBoost Model","202503101","F1 score: 0.94, CI[0.90, 0.98]","Computational Method","",""
605,"605.106","Salmonella enterica subsp. enterica serovar Pullorum FHC-110","streptomycin","Susceptible","","","","","","","","","","","SIR XGBoost Model","202503101","F1 score: 0.94, CI[0.93, 0.96]","Computational Method","",""
605,"605.106","Salmonella enterica subsp. enterica serovar Pullorum FHC-110","tetracycline","Resistant","","","","","","","","","","","SIR XGBoost Model","202503101","F1 score: 0.97, CI[0.96, 0.98]","Computational Method","",""
605,"605.106","Salmonella enterica subsp. enterica serovar Pullorum FHC-110","ceftiofur","Susceptible","","","","","","","","","","","SIR XGBoost Model","202503101","F1 score: 0.98, CI[0.97, 1.00]","Computational Method","",""
605,"605.106","Salmonella enterica subsp. enterica serovar Pullorum FHC-110","trimethoprim","Susceptible","","","","","","","","","","","SIR XGBoost Model","202503101","F1 score: 0.86, CI[0.78, 0.93]","Computational Method","",""
605,"605.107","Salmonella enterica subsp. enterica serovar Pullorum FHC-104","amoxicillin/clavulanic acid","Susceptible","","","","","","","","","","","SIR XGBoost Model","202503101","F1 score: 0.96, CI[0.95, 0.97]","Computational Method","",""
605,"605.107","Salmonella enterica subsp. enterica serovar Pullorum FHC-104","ampicillin","Resistant","","","","","","","","","","","SIR XGBoost Model","202503101","F1 score: 0.93, CI[0.92, 0.93]","Computational Method","",""
605,"605.107","Salmonella enterica subsp. enterica serovar Pullorum FHC-104","azithromycin","Susceptible","","","","","","","","","","","SIR XGBoost Model","202503101","F1 score: 0.92, CI[0.87, 0.98]","Computational Method","",""
605,"605.107","Salmonella enterica subsp. enterica serovar Pullorum FHC-104","chloramphenicol","Susceptible","","","","","","","","","","","SIR XGBoost Model","202503101","F1 score: 0.90, CI[0.88, 0.91]","Computational Method","",""
605,"605.107","Salmonella enterica subsp. enterica serovar Pullorum FHC-104","ciprofloxacin","Susceptible","","","","","","","","","","","SIR XGBoost Model","202503101","F1 score: 0.95, CI[0.93, 0.96]","Computational Method","",""
605,"605.107","Salmonella enterica subsp. enterica serovar Pullorum FHC-104","ceftriaxone","Susceptible","","","","","","","","","","","SIR XGBoost Model","202503101","F1 score: 0.98, CI[0.97, 1.00]","Computational Method","",""
605,"605.107","Salmonella enterica subsp. enterica serovar Pullorum FHC-104","cefotaxime","Susceptible","","","","","","","","","","","SIR XGBoost Model","202503101","F1 score: 0.95, CI[0.90, 0.99]","Computational Method","",""
605,"605.107","Salmonella enterica subsp. enterica serovar Pullorum FHC-104","sulfisoxazole","Resistant","","","","","","","","","","","SIR XGBoost Model","202503101","F1 score: 0.99, CI[0.98, 1.00]","Computational Method","",""
605,"605.107","Salmonella enterica subsp. enterica serovar Pullorum FHC-104","cefoxitin","Susceptible","","","","","","","","","","","SIR XGBoost Model","202503101","F1 score: 0.96, CI[0.93, 0.99]","Computational Method","",""
605,"605.107","Salmonella enterica subsp. enterica serovar Pullorum FHC-104","gentamicin","Susceptible","","","","","","","","","","","SIR XGBoost Model","202503101","F1 score: 0.92, CI[0.89, 0.95]","Computational Method","",""
605,"605.107","Salmonella enterica subsp. enterica serovar Pullorum FHC-104","kanamycin","Susceptible","","","","","","","","","","","SIR XGBoost Model","202503101","F1 score: 0.86, CI[0.77, 0.95]","Computational Method","",""
605,"605.107","Salmonella enterica subsp. enterica serovar Pullorum FHC-104","nalidixic acid","Resistant","","","","","","","","","","","SIR XGBoost Model","202503101","F1 score: 0.95, CI[0.93, 0.96]","Computational Method","",""
605,"605.107","Salmonella enterica subsp. enterica serovar Pullorum FHC-104","pefloxacin","Resistant","","","","","","","","","","","SIR XGBoost Model","202503101","F1 score: 0.98, CI[0.96, 1.00]","Computational Method","",""
605,"605.107","Salmonella enterica subsp. enterica serovar Pullorum FHC-104","sulfamethoxazole","Susceptible","","","","","","","","","","","SIR XGBoost Model","202503101","F1 score: 0.95, CI[0.93, 0.97]","Computational Method","",""
605,"605.107","Salmonella enterica subsp. enterica serovar Pullorum FHC-104","spectinomycin","Susceptible","","","","","","","","","","","SIR XGBoost Model","202503101","F1 score: 0.94, CI[0.90, 0.98]","Computational Method","",""
605,"605.107","Salmonella enterica subsp. enterica serovar Pullorum FHC-104","streptomycin","Susceptible","","","","","","","","","","","SIR XGBoost Model","202503101","F1 score: 0.94, CI[0.93, 0.96]","Computational Method","",""
605,"605.107","Salmonella enterica subsp. enterica serovar Pullorum FHC-104","tetracycline","Resistant","","","","","","","","","","","SIR XGBoost Model","202503101","F1 score: 0.97, CI[0.96, 0.98]","Computational Method","",""
605,"605.107","Salmonella enterica subsp. enterica serovar Pullorum FHC-104","ceftiofur","Susceptible","","","","","","","","","","","SIR XGBoost Model","202503101","F1 score: 0.98, CI[0.97, 1.00]","Computational Method","",""
605,"605.107","Salmonella enterica subsp. enterica serovar Pullorum FHC-104","trimethoprim","Susceptible","","","","","","","","","","","SIR XGBoost Model","202503101","F1 score: 0.86, CI[0.78, 0.93]","Computational Method","",""
605,"605.108","Salmonella enterica subsp. enterica serovar Pullorum FHC-108","amoxicillin/clavulanic acid","Susceptible","","","","","","","","","","","SIR XGBoost Model","202503101","F1 score: 0.96, CI[0.95, 0.97]","Computational Method","",""
605,"605.108","Salmonella enterica subsp. enterica serovar Pullorum FHC-108","ampicillin","Resistant","","","","","","","","","","","SIR XGBoost Model","202503101","F1 score: 0.93, CI[0.92, 0.93]","Computational Method","",""
605,"605.108","Salmonella enterica subsp. enterica serovar Pullorum FHC-108","azithromycin","Susceptible","","","","","","","","","","","SIR XGBoost Model","202503101","F1 score: 0.92, CI[0.87, 0.98]","Computational Method","",""
605,"605.108","Salmonella enterica subsp. enterica serovar Pullorum FHC-108","chloramphenicol","Susceptible","","","","","","","","","","","SIR XGBoost Model","202503101","F1 score: 0.90, CI[0.88, 0.91]","Computational Method","",""
605,"605.108","Salmonella enterica subsp. enterica serovar Pullorum FHC-108","ciprofloxacin","Susceptible","","","","","","","","","","","SIR XGBoost Model","202503101","F1 score: 0.95, CI[0.93, 0.96]","Computational Method","",""
605,"605.108","Salmonella enterica subsp. enterica serovar Pullorum FHC-108","ceftriaxone","Susceptible","","","","","","","","","","","SIR XGBoost Model","202503101","F1 score: 0.98, CI[0.97, 1.00]","Computational Method","",""
605,"605.108","Salmonella enterica subsp. enterica serovar Pullorum FHC-108","cefotaxime","Susceptible","","","","","","","","","","","SIR XGBoost Model","202503101","F1 score: 0.95, CI[0.90, 0.99]","Computational Method","",""
605,"605.108","Salmonella enterica subsp. enterica serovar Pullorum FHC-108","sulfisoxazole","Resistant","","","","","","","","","","","SIR XGBoost Model","202503101","F1 score: 0.99, CI[0.98, 1.00]","Computational Method","",""
605,"605.108","Salmonella enterica subsp. enterica serovar Pullorum FHC-108","cefoxitin","Susceptible","","","","","","","","","","","SIR XGBoost Model","202503101","F1 score: 0.96, CI[0.93, 0.99]","Computational Method","",""
605,"605.108","Salmonella enterica subsp. enterica serovar Pullorum FHC-108","gentamicin","Susceptible","","","","","","","","","","","SIR XGBoost Model","202503101","F1 score: 0.92, CI[0.89, 0.95]","Computational Method","",""
605,"605.108","Salmonella enterica subsp. enterica serovar Pullorum FHC-108","kanamycin","Susceptible","","","","","","","","","","","SIR XGBoost Model","202503101","F1 score: 0.86, CI[0.77, 0.95]","Computational Method","",""
605,"605.108","Salmonella enterica subsp. enterica serovar Pullorum FHC-108","nalidixic acid","Resistant","","","","","","","","","","","SIR XGBoost Model","202503101","F1 score: 0.95, CI[0.93, 0.96]","Computational Method","",""
605,"605.108","Salmonella enterica subsp. enterica serovar Pullorum FHC-108","pefloxacin","Resistant","","","","","","","","","","","SIR XGBoost Model","202503101","F1 score: 0.98, CI[0.96, 1.00]","Computational Method","",""
605,"605.108","Salmonella enterica subsp. enterica serovar Pullorum FHC-108","sulfamethoxazole","Susceptible","","","","","","","","","","","SIR XGBoost Model","202503101","F1 score: 0.95, CI[0.93, 0.97]","Computational Method","",""
605,"605.108","Salmonella enterica subsp. enterica serovar Pullorum FHC-108","spectinomycin","Susceptible","","","","","","","","","","","SIR XGBoost Model","202503101","F1 score: 0.94, CI[0.90, 0.98]","Computational Method","",""
605,"605.108","Salmonella enterica subsp. enterica serovar Pullorum FHC-108","streptomycin","Susceptible","","","","","","","","","","","SIR XGBoost Model","202503101","F1 score: 0.94, CI[0.93, 0.96]","Computational Method","",""
605,"605.108","Salmonella enterica subsp. enterica serovar Pullorum FHC-108","tetracycline","Resistant","","","","","","","","","","","SIR XGBoost Model","202503101","F1 score: 0.97, CI[0.96, 0.98]","Computational Method","",""
605,"605.108","Salmonella enterica subsp. enterica serovar Pullorum FHC-108","ceftiofur","Susceptible","","","","","","","","","","","SIR XGBoost Model","202503101","F1 score: 0.98, CI[0.97, 1.00]","Computational Method","",""
605,"605.108","Salmonella enterica subsp. enterica serovar Pullorum FHC-108","trimethoprim","Susceptible","","","","","","","","","","","SIR XGBoost Model","202503101","F1 score: 0.86, CI[0.78, 0.93]","Computational Method","",""
605,"605.109","Salmonella enterica subsp. enterica serovar Pullorum FHC-105","amoxicillin/clavulanic acid","Susceptible","","","","","","","","","","","SIR XGBoost Model","202503101","F1 score: 0.96, CI[0.95, 0.97]","Computational Method","",""
605,"605.109","Salmonella enterica subsp. enterica serovar Pullorum FHC-105","ampicillin","Resistant","","","","","","","","","","","SIR XGBoost Model","202503101","F1 score: 0.93, CI[0.92, 0.93]","Computational Method","",""
605,"605.109","Salmonella enterica subsp. enterica serovar Pullorum FHC-105","azithromycin","Susceptible","","","","","","","","","","","SIR XGBoost Model","202503101","F1 score: 0.92, CI[0.87, 0.98]","Computational Method","",""
605,"605.109","Salmonella enterica subsp. enterica serovar Pullorum FHC-105","chloramphenicol","Susceptible","","","","","","","","","","","SIR XGBoost Model","202503101","F1 score: 0.90, CI[0.88, 0.91]","Computational Method","",""
605,"605.109","Salmonella enterica subsp. enterica serovar Pullorum FHC-105","ciprofloxacin","Susceptible","","","","","","","","","","","SIR XGBoost Model","202503101","F1 score: 0.95, CI[0.93, 0.96]","Computational Method","",""
605,"605.109","Salmonella enterica subsp. enterica serovar Pullorum FHC-105","ceftriaxone","Susceptible","","","","","","","","","","","SIR XGBoost Model","202503101","F1 score: 0.98, CI[0.97, 1.00]","Computational Method","",""
605,"605.109","Salmonella enterica subsp. enterica serovar Pullorum FHC-105","cefotaxime","Susceptible","","","","","","","","","","","SIR XGBoost Model","202503101","F1 score: 0.95, CI[0.90, 0.99]","Computational Method","",""
605,"605.109","Salmonella enterica subsp. enterica serovar Pullorum FHC-105","sulfisoxazole","Resistant","","","","","","","","","","","SIR XGBoost Model","202503101","F1 score: 0.99, CI[0.98, 1.00]","Computational Method","",""
605,"605.109","Salmonella enterica subsp. enterica serovar Pullorum FHC-105","cefoxitin","Susceptible","","","","","","","","","","","SIR XGBoost Model","202503101","F1 score: 0.96, CI[0.93, 0.99]","Computational Method","",""
605,"605.109","Salmonella enterica subsp. enterica serovar Pullorum FHC-105","gentamicin","Susceptible","","","","","","","","","","","SIR XGBoost Model","202503101","F1 score: 0.92, CI[0.89, 0.95]","Computational Method","",""
605,"605.109","Salmonella enterica subsp. enterica serovar Pullorum FHC-105","kanamycin","Susceptible","","","","","","","","","","","SIR XGBoost Model","202503101","F1 score: 0.86, CI[0.77, 0.95]","Computational Method","",""
605,"605.109","Salmonella enterica subsp. enterica serovar Pullorum FHC-105","nalidixic acid","Resistant","","","","","","","","","","","SIR XGBoost Model","202503101","F1 score: 0.95, CI[0.93, 0.96]","Computational Method","",""
605,"605.109","Salmonella enterica subsp. enterica serovar Pullorum FHC-105","pefloxacin","Resistant","","","","","","","","","","","SIR XGBoost Model","202503101","F1 score: 0.98, CI[0.96, 1.00]","Computational Method","",""
605,"605.109","Salmonella enterica subsp. enterica serovar Pullorum FHC-105","sulfamethoxazole","Susceptible","","","","","","","","","","","SIR XGBoost Model","202503101","F1 score: 0.95, CI[0.93, 0.97]","Computational Method","",""
605,"605.109","Salmonella enterica subsp. enterica serovar Pullorum FHC-105","spectinomycin","Susceptible","","","","","","","","","","","SIR XGBoost Model","202503101","F1 score: 0.94, CI[0.90, 0.98]","Computational Method","",""
605,"605.109","Salmonella enterica subsp. enterica serovar Pullorum FHC-105","streptomycin","Susceptible","","","","","","","","","","","SIR XGBoost Model","202503101","F1 score: 0.94, CI[0.93, 0.96]","Computational Method","",""
605,"605.109","Salmonella enterica subsp. enterica serovar Pullorum FHC-105","tetracycline","Susceptible","","","","","","","","","","","SIR XGBoost Model","202503101","F1 score: 0.97, CI[0.96, 0.98]","Computational Method","",""
605,"605.109","Salmonella enterica subsp. enterica serovar Pullorum FHC-105","ceftiofur","Susceptible","","","","","","","","","","","SIR XGBoost Model","202503101","F1 score: 0.98, CI[0.97, 1.00]","Computational Method","",""
605,"605.109","Salmonella enterica subsp. enterica serovar Pullorum FHC-105","trimethoprim","Susceptible","","","","","","","","","","","SIR XGBoost Model","202503101","F1 score: 0.86, CI[0.78, 0.93]","Computational Method","",""
605,"605.11","Salmonella enterica subsp. enterica serovar Pullorum strain S44987","amoxicillin/clavulanic acid","Susceptible","","","","","","","","","","","SIR XGBoost Model","202503101","F1 score: 0.96, CI[0.95, 0.97]","Computational Method","",""
605,"605.11","Salmonella enterica subsp. enterica serovar Pullorum strain S44987","ampicillin","Susceptible","","","","","","","","","","","SIR XGBoost Model","202503101","F1 score: 0.93, CI[0.92, 0.93]","Computational Method","",""
605,"605.11","Salmonella enterica subsp. enterica serovar Pullorum strain S44987","azithromycin","Susceptible","","","","","","","","","","","SIR XGBoost Model","202503101","F1 score: 0.92, CI[0.87, 0.98]","Computational Method","",""
605,"605.11","Salmonella enterica subsp. enterica serovar Pullorum strain S44987","chloramphenicol","Susceptible","","","","","","","","","","","SIR XGBoost Model","202503101","F1 score: 0.90, CI[0.88, 0.91]","Computational Method","",""
605,"605.11","Salmonella enterica subsp. enterica serovar Pullorum strain S44987","ciprofloxacin","Susceptible","","","","","","","","","","","SIR XGBoost Model","202503101","F1 score: 0.95, CI[0.93, 0.96]","Computational Method","",""
605,"605.11","Salmonella enterica subsp. enterica serovar Pullorum strain S44987","ceftriaxone","Susceptible","","","","","","","","","","","SIR XGBoost Model","202503101","F1 score: 0.98, CI[0.97, 1.00]","Computational Method","",""
605,"605.11","Salmonella enterica subsp. enterica serovar Pullorum strain S44987","cefotaxime","Susceptible","","","","","","","","","","","SIR XGBoost Model","202503101","F1 score: 0.95, CI[0.90, 0.99]","Computational Method","",""
605,"605.11","Salmonella enterica subsp. enterica serovar Pullorum strain S44987","sulfisoxazole","Susceptible","","","","","","","","","","","SIR XGBoost Model","202503101","F1 score: 0.99, CI[0.98, 1.00]","Computational Method","",""
605,"605.11","Salmonella enterica subsp. enterica serovar Pullorum strain S44987","cefoxitin","Susceptible","","","","","","","","","","","SIR XGBoost Model","202503101","F1 score: 0.96, CI[0.93, 0.99]","Computational Method","",""
605,"605.11","Salmonella enterica subsp. enterica serovar Pullorum strain S44987","gentamicin","Susceptible","","","","","","","","","","","SIR XGBoost Model","202503101","F1 score: 0.92, CI[0.89, 0.95]","Computational Method","",""
605,"605.11","Salmonella enterica subsp. enterica serovar Pullorum strain S44987","kanamycin","Susceptible","","","","","","","","","","","SIR XGBoost Model","202503101","F1 score: 0.86, CI[0.77, 0.95]","Computational Method","",""
605,"605.11","Salmonella enterica subsp. enterica serovar Pullorum strain S44987","nalidixic acid","Susceptible","","","","","","","","","","","SIR XGBoost Model","202503101","F1 score: 0.95, CI[0.93, 0.96]","Computational Method","",""
605,"605.11","Salmonella enterica subsp. enterica serovar Pullorum strain S44987","pefloxacin","Susceptible","","","","","","","","","","","SIR XGBoost Model","202503101","F1 score: 0.98, CI[0.96, 1.00]","Computational Method","",""
605,"605.11","Salmonella enterica subsp. enterica serovar Pullorum strain S44987","sulfamethoxazole","Susceptible","","","","","","","","","","","SIR XGBoost Model","202503101","F1 score: 0.95, CI[0.93, 0.97]","Computational Method","",""
605,"605.11","Salmonella enterica subsp. enterica serovar Pullorum strain S44987","spectinomycin","Susceptible","","","","","","","","","","","SIR XGBoost Model","202503101","F1 score: 0.94, CI[0.90, 0.98]","Computational Method","",""
605,"605.11","Salmonella enterica subsp. enterica serovar Pullorum strain S44987","streptomycin","Susceptible","","","","","","","","","","","SIR XGBoost Model","202503101","F1 score: 0.94, CI[0.93, 0.96]","Computational Method","",""
605,"605.11","Salmonella enterica subsp. enterica serovar Pullorum strain S44987","tetracycline","Susceptible","","","","","","","","","","","SIR XGBoost Model","202503101","F1 score: 0.97, CI[0.96, 0.98]","Computational Method","",""
605,"605.11","Salmonella enterica subsp. enterica serovar Pullorum strain S44987","ceftiofur","Susceptible","","","","","","","","","","","SIR XGBoost Model","202503101","F1 score: 0.98, CI[0.97, 1.00]","Computational Method","",""
605,"605.11","Salmonella enterica subsp. enterica serovar Pullorum strain S44987","trimethoprim","Susceptible","","","","","","","","","","","SIR XGBoost Model","202503101","F1 score: 0.86, CI[0.78, 0.93]","Computational Method","",""
605,"605.110","Salmonella enterica subsp. enterica serovar Pullorum FHC-102","amoxicillin/clavulanic acid","Susceptible","","","","","","","","","","","SIR XGBoost Model","202503101","F1 score: 0.96, CI[0.95, 0.97]","Computational Method","",""
605,"605.110","Salmonella enterica subsp. enterica serovar Pullorum FHC-102","ampicillin","Resistant","","","","","","","","","","","SIR XGBoost Model","202503101","F1 score: 0.93, CI[0.92, 0.93]","Computational Method","",""
605,"605.110","Salmonella enterica subsp. enterica serovar Pullorum FHC-102","azithromycin","Susceptible","","","","","","","","","","","SIR XGBoost Model","202503101","F1 score: 0.92, CI[0.87, 0.98]","Computational Method","",""
605,"605.110","Salmonella enterica subsp. enterica serovar Pullorum FHC-102","chloramphenicol","Susceptible","","","","","","","","","","","SIR XGBoost Model","202503101","F1 score: 0.90, CI[0.88, 0.91]","Computational Method","",""
605,"605.110","Salmonella enterica subsp. enterica serovar Pullorum FHC-102","ciprofloxacin","Susceptible","","","","","","","","","","","SIR XGBoost Model","202503101","F1 score: 0.95, CI[0.93, 0.96]","Computational Method","",""
605,"605.110","Salmonella enterica subsp. enterica serovar Pullorum FHC-102","ceftriaxone","Susceptible","","","","","","","","","","","SIR XGBoost Model","202503101","F1 score: 0.98, CI[0.97, 1.00]","Computational Method","",""
605,"605.110","Salmonella enterica subsp. enterica serovar Pullorum FHC-102","cefotaxime","Susceptible","","","","","","","","","","","SIR XGBoost Model","202503101","F1 score: 0.95, CI[0.90, 0.99]","Computational Method","",""
605,"605.110","Salmonella enterica subsp. enterica serovar Pullorum FHC-102","sulfisoxazole","Resistant","","","","","","","","","","","SIR XGBoost Model","202503101","F1 score: 0.99, CI[0.98, 1.00]","Computational Method","",""
605,"605.110","Salmonella enterica subsp. enterica serovar Pullorum FHC-102","cefoxitin","Susceptible","","","","","","","","","","","SIR XGBoost Model","202503101","F1 score: 0.96, CI[0.93, 0.99]","Computational Method","",""
605,"605.110","Salmonella enterica subsp. enterica serovar Pullorum FHC-102","gentamicin","Susceptible","","","","","","","","","","","SIR XGBoost Model","202503101","F1 score: 0.92, CI[0.89, 0.95]","Computational Method","",""
605,"605.110","Salmonella enterica subsp. enterica serovar Pullorum FHC-102","kanamycin","Susceptible","","","","","","","","","","","SIR XGBoost Model","202503101","F1 score: 0.86, CI[0.77, 0.95]","Computational Method","",""
605,"605.110","Salmonella enterica subsp. enterica serovar Pullorum FHC-102","nalidixic acid","Resistant","","","","","","","","","","","SIR XGBoost Model","202503101","F1 score: 0.95, CI[0.93, 0.96]","Computational Method","",""
605,"605.110","Salmonella enterica subsp. enterica serovar Pullorum FHC-102","pefloxacin","Resistant","","","","","","","","","","","SIR XGBoost Model","202503101","F1 score: 0.98, CI[0.96, 1.00]","Computational Method","",""
605,"605.110","Salmonella enterica subsp. enterica serovar Pullorum FHC-102","sulfamethoxazole","Susceptible","","","","","","","","","","","SIR XGBoost Model","202503101","F1 score: 0.95, CI[0.93, 0.97]","Computational Method","",""
605,"605.110","Salmonella enterica subsp. enterica serovar Pullorum FHC-102","spectinomycin","Susceptible","","","","","","","","","","","SIR XGBoost Model","202503101","F1 score: 0.94, CI[0.90, 0.98]","Computational Method","",""
605,"605.110","Salmonella enterica subsp. enterica serovar Pullorum FHC-102","streptomycin","Susceptible","","","","","","","","","","","SIR XGBoost Model","202503101","F1 score: 0.94, CI[0.93, 0.96]","Computational Method","",""
605,"605.110","Salmonella enterica subsp. enterica serovar Pullorum FHC-102","tetracycline","Resistant","","","","","","","","","","","SIR XGBoost Model","202503101","F1 score: 0.97, CI[0.96, 0.98]","Computational Method","",""
605,"605.110","Salmonella enterica subsp. enterica serovar Pullorum FHC-102","ceftiofur","Susceptible","","","","","","","","","","","SIR XGBoost Model","202503101","F1 score: 0.98, CI[0.97, 1.00]","Computational Method","",""
605,"605.110","Salmonella enterica subsp. enterica serovar Pullorum FHC-102","trimethoprim","Susceptible","","","","","","","","","","","SIR XGBoost Model","202503101","F1 score: 0.86, CI[0.78, 0.93]","Computational Method","",""
605,"605.111","Salmonella enterica subsp. enterica serovar Pullorum FHC-96","amoxicillin/clavulanic acid","Susceptible","","","","","","","","","","","SIR XGBoost Model","202503101","F1 score: 0.96, CI[0.95, 0.97]","Computational Method","",""
605,"605.111","Salmonella enterica subsp. enterica serovar Pullorum FHC-96","ampicillin","Resistant","","","","","","","","","","","SIR XGBoost Model","202503101","F1 score: 0.93, CI[0.92, 0.93]","Computational Method","",""
605,"605.111","Salmonella enterica subsp. enterica serovar Pullorum FHC-96","azithromycin","Susceptible","","","","","","","","","","","SIR XGBoost Model","202503101","F1 score: 0.92, CI[0.87, 0.98]","Computational Method","",""
605,"605.111","Salmonella enterica subsp. enterica serovar Pullorum FHC-96","chloramphenicol","Susceptible","","","","","","","","","","","SIR XGBoost Model","202503101","F1 score: 0.90, CI[0.88, 0.91]","Computational Method","",""
605,"605.111","Salmonella enterica subsp. enterica serovar Pullorum FHC-96","ciprofloxacin","Susceptible","","","","","","","","","","","SIR XGBoost Model","202503101","F1 score: 0.95, CI[0.93, 0.96]","Computational Method","",""
605,"605.111","Salmonella enterica subsp. enterica serovar Pullorum FHC-96","ceftriaxone","Susceptible","","","","","","","","","","","SIR XGBoost Model","202503101","F1 score: 0.98, CI[0.97, 1.00]","Computational Method","",""
605,"605.111","Salmonella enterica subsp. enterica serovar Pullorum FHC-96","cefotaxime","Susceptible","","","","","","","","","","","SIR XGBoost Model","202503101","F1 score: 0.95, CI[0.90, 0.99]","Computational Method","",""
605,"605.111","Salmonella enterica subsp. enterica serovar Pullorum FHC-96","sulfisoxazole","Resistant","","","","","","","","","","","SIR XGBoost Model","202503101","F1 score: 0.99, CI[0.98, 1.00]","Computational Method","",""
605,"605.111","Salmonella enterica subsp. enterica serovar Pullorum FHC-96","cefoxitin","Susceptible","","","","","","","","","","","SIR XGBoost Model","202503101","F1 score: 0.96, CI[0.93, 0.99]","Computational Method","",""
605,"605.111","Salmonella enterica subsp. enterica serovar Pullorum FHC-96","gentamicin","Susceptible","","","","","","","","","","","SIR XGBoost Model","202503101","F1 score: 0.92, CI[0.89, 0.95]","Computational Method","",""
605,"605.111","Salmonella enterica subsp. enterica serovar Pullorum FHC-96","kanamycin","Susceptible","","","","","","","","","","","SIR XGBoost Model","202503101","F1 score: 0.86, CI[0.77, 0.95]","Computational Method","",""
605,"605.111","Salmonella enterica subsp. enterica serovar Pullorum FHC-96","nalidixic acid","Resistant","","","","","","","","","","","SIR XGBoost Model","202503101","F1 score: 0.95, CI[0.93, 0.96]","Computational Method","",""
605,"605.111","Salmonella enterica subsp. enterica serovar Pullorum FHC-96","pefloxacin","Resistant","","","","","","","","","","","SIR XGBoost Model","202503101","F1 score: 0.98, CI[0.96, 1.00]","Computational Method","",""
605,"605.111","Salmonella enterica subsp. enterica serovar Pullorum FHC-96","sulfamethoxazole","Susceptible","","","","","","","","","","","SIR XGBoost Model","202503101","F1 score: 0.95, CI[0.93, 0.97]","Computational Method","",""
605,"605.111","Salmonella enterica subsp. enterica serovar Pullorum FHC-96","spectinomycin","Susceptible","","","","","","","","","","","SIR XGBoost Model","202503101","F1 score: 0.94, CI[0.90, 0.98]","Computational Method","",""
605,"605.111","Salmonella enterica subsp. enterica serovar Pullorum FHC-96","streptomycin","Susceptible","","","","","","","","","","","SIR XGBoost Model","202503101","F1 score: 0.94, CI[0.93, 0.96]","Computational Method","",""
605,"605.111","Salmonella enterica subsp. enterica serovar Pullorum FHC-96","tetracycline","Susceptible","","","","","","","","","","","SIR XGBoost Model","202503101","F1 score: 0.97, CI[0.96, 0.98]","Computational Method","",""
605,"605.111","Salmonella enterica subsp. enterica serovar Pullorum FHC-96","ceftiofur","Susceptible","","","","","","","","","","","SIR XGBoost Model","202503101","F1 score: 0.98, CI[0.97, 1.00]","Computational Method","",""
605,"605.111","Salmonella enterica subsp. enterica serovar Pullorum FHC-96","trimethoprim","Susceptible","","","","","","","","","","","SIR XGBoost Model","202503101","F1 score: 0.86, CI[0.78, 0.93]","Computational Method","",""
605,"605.112","Salmonella enterica subsp. enterica serovar Pullorum FHC-94","amoxicillin/clavulanic acid","Susceptible","","","","","","","","","","","SIR XGBoost Model","202503101","F1 score: 0.96, CI[0.95, 0.97]","Computational Method","",""
605,"605.112","Salmonella enterica subsp. enterica serovar Pullorum FHC-94","ampicillin","Resistant","","","","","","","","","","","SIR XGBoost Model","202503101","F1 score: 0.93, CI[0.92, 0.93]","Computational Method","",""
605,"605.112","Salmonella enterica subsp. enterica serovar Pullorum FHC-94","azithromycin","Susceptible","","","","","","","","","","","SIR XGBoost Model","202503101","F1 score: 0.92, CI[0.87, 0.98]","Computational Method","",""
605,"605.112","Salmonella enterica subsp. enterica serovar Pullorum FHC-94","chloramphenicol","Susceptible","","","","","","","","","","","SIR XGBoost Model","202503101","F1 score: 0.90, CI[0.88, 0.91]","Computational Method","",""
605,"605.112","Salmonella enterica subsp. enterica serovar Pullorum FHC-94","ciprofloxacin","Susceptible","","","","","","","","","","","SIR XGBoost Model","202503101","F1 score: 0.95, CI[0.93, 0.96]","Computational Method","",""
605,"605.112","Salmonella enterica subsp. enterica serovar Pullorum FHC-94","ceftriaxone","Susceptible","","","","","","","","","","","SIR XGBoost Model","202503101","F1 score: 0.98, CI[0.97, 1.00]","Computational Method","",""
605,"605.112","Salmonella enterica subsp. enterica serovar Pullorum FHC-94","cefotaxime","Susceptible","","","","","","","","","","","SIR XGBoost Model","202503101","F1 score: 0.95, CI[0.90, 0.99]","Computational Method","",""
605,"605.112","Salmonella enterica subsp. enterica serovar Pullorum FHC-94","sulfisoxazole","Resistant","","","","","","","","","","","SIR XGBoost Model","202503101","F1 score: 0.99, CI[0.98, 1.00]","Computational Method","",""
605,"605.112","Salmonella enterica subsp. enterica serovar Pullorum FHC-94","cefoxitin","Susceptible","","","","","","","","","","","SIR XGBoost Model","202503101","F1 score: 0.96, CI[0.93, 0.99]","Computational Method","",""
605,"605.112","Salmonella enterica subsp. enterica serovar Pullorum FHC-94","gentamicin","Susceptible","","","","","","","","","","","SIR XGBoost Model","202503101","F1 score: 0.92, CI[0.89, 0.95]","Computational Method","",""
605,"605.112","Salmonella enterica subsp. enterica serovar Pullorum FHC-94","kanamycin","Susceptible","","","","","","","","","","","SIR XGBoost Model","202503101","F1 score: 0.86, CI[0.77, 0.95]","Computational Method","",""
605,"605.112","Salmonella enterica subsp. enterica serovar Pullorum FHC-94","nalidixic acid","Resistant","","","","","","","","","","","SIR XGBoost Model","202503101","F1 score: 0.95, CI[0.93, 0.96]","Computational Method","",""
605,"605.112","Salmonella enterica subsp. enterica serovar Pullorum FHC-94","pefloxacin","Resistant","","","","","","","","","","","SIR XGBoost Model","202503101","F1 score: 0.98, CI[0.96, 1.00]","Computational Method","",""
605,"605.112","Salmonella enterica subsp. enterica serovar Pullorum FHC-94","sulfamethoxazole","Susceptible","","","","","","","","","","","SIR XGBoost Model","202503101","F1 score: 0.95, CI[0.93, 0.97]","Computational Method","",""
605,"605.112","Salmonella enterica subsp. enterica serovar Pullorum FHC-94","spectinomycin","Susceptible","","","","","","","","","","","SIR XGBoost Model","202503101","F1 score: 0.94, CI[0.90, 0.98]","Computational Method","",""
605,"605.112","Salmonella enterica subsp. enterica serovar Pullorum FHC-94","streptomycin","Susceptible","","","","","","","","","","","SIR XGBoost Model","202503101","F1 score: 0.94, CI[0.93, 0.96]","Computational Method","",""
605,"605.112","Salmonella enterica subsp. enterica serovar Pullorum FHC-94","tetracycline","Susceptible","","","","","","","","","","","SIR XGBoost Model","202503101","F1 score: 0.97, CI[0.96, 0.98]","Computational Method","",""
605,"605.112","Salmonella enterica subsp. enterica serovar Pullorum FHC-94","ceftiofur","Susceptible","","","","","","","","","","","SIR XGBoost Model","202503101","F1 score: 0.98, CI[0.97, 1.00]","Computational Method","",""
605,"605.112","Salmonella enterica subsp. enterica serovar Pullorum FHC-94","trimethoprim","Susceptible","","","","","","","","","","","SIR XGBoost Model","202503101","F1 score: 0.86, CI[0.78, 0.93]","Computational Method","",""
605,"605.113","Salmonella enterica subsp. enterica serovar Pullorum FHC-98","amoxicillin/clavulanic acid","Susceptible","","","","","","","","","","","SIR XGBoost Model","202503101","F1 score: 0.96, CI[0.95, 0.97]","Computational Method","",""
605,"605.113","Salmonella enterica subsp. enterica serovar Pullorum FHC-98","ampicillin","Resistant","","","","","","","","","","","SIR XGBoost Model","202503101","F1 score: 0.93, CI[0.92, 0.93]","Computational Method","",""
605,"605.113","Salmonella enterica subsp. enterica serovar Pullorum FHC-98","azithromycin","Susceptible","","","","","","","","","","","SIR XGBoost Model","202503101","F1 score: 0.92, CI[0.87, 0.98]","Computational Method","",""
605,"605.113","Salmonella enterica subsp. enterica serovar Pullorum FHC-98","chloramphenicol","Susceptible","","","","","","","","","","","SIR XGBoost Model","202503101","F1 score: 0.90, CI[0.88, 0.91]","Computational Method","",""
605,"605.113","Salmonella enterica subsp. enterica serovar Pullorum FHC-98","ciprofloxacin","Susceptible","","","","","","","","","","","SIR XGBoost Model","202503101","F1 score: 0.95, CI[0.93, 0.96]","Computational Method","",""
605,"605.113","Salmonella enterica subsp. enterica serovar Pullorum FHC-98","ceftriaxone","Susceptible","","","","","","","","","","","SIR XGBoost Model","202503101","F1 score: 0.98, CI[0.97, 1.00]","Computational Method","",""
605,"605.113","Salmonella enterica subsp. enterica serovar Pullorum FHC-98","cefotaxime","Susceptible","","","","","","","","","","","SIR XGBoost Model","202503101","F1 score: 0.95, CI[0.90, 0.99]","Computational Method","",""
605,"605.113","Salmonella enterica subsp. enterica serovar Pullorum FHC-98","sulfisoxazole","Resistant","","","","","","","","","","","SIR XGBoost Model","202503101","F1 score: 0.99, CI[0.98, 1.00]","Computational Method","",""
605,"605.113","Salmonella enterica subsp. enterica serovar Pullorum FHC-98","cefoxitin","Susceptible","","","","","","","","","","","SIR XGBoost Model","202503101","F1 score: 0.96, CI[0.93, 0.99]","Computational Method","",""
605,"605.113","Salmonella enterica subsp. enterica serovar Pullorum FHC-98","gentamicin","Susceptible","","","","","","","","","","","SIR XGBoost Model","202503101","F1 score: 0.92, CI[0.89, 0.95]","Computational Method","",""
605,"605.113","Salmonella enterica subsp. enterica serovar Pullorum FHC-98","kanamycin","Susceptible","","","","","","","","","","","SIR XGBoost Model","202503101","F1 score: 0.86, CI[0.77, 0.95]","Computational Method","",""
605,"605.113","Salmonella enterica subsp. enterica serovar Pullorum FHC-98","nalidixic acid","Resistant","","","","","","","","","","","SIR XGBoost Model","202503101","F1 score: 0.95, CI[0.93, 0.96]","Computational Method","",""
605,"605.113","Salmonella enterica subsp. enterica serovar Pullorum FHC-98","pefloxacin","Resistant","","","","","","","","","","","SIR XGBoost Model","202503101","F1 score: 0.98, CI[0.96, 1.00]","Computational Method","",""
605,"605.113","Salmonella enterica subsp. enterica serovar Pullorum FHC-98","sulfamethoxazole","Susceptible","","","","","","","","","","","SIR XGBoost Model","202503101","F1 score: 0.95, CI[0.93, 0.97]","Computational Method","",""
605,"605.113","Salmonella enterica subsp. enterica serovar Pullorum FHC-98","spectinomycin","Susceptible","","","","","","","","","","","SIR XGBoost Model","202503101","F1 score: 0.94, CI[0.90, 0.98]","Computational Method","",""
605,"605.113","Salmonella enterica subsp. enterica serovar Pullorum FHC-98","streptomycin","Susceptible","","","","","","","","","","","SIR XGBoost Model","202503101","F1 score: 0.94, CI[0.93, 0.96]","Computational Method","",""
605,"605.113","Salmonella enterica subsp. enterica serovar Pullorum FHC-98","tetracycline","Resistant","","","","","","","","","","","SIR XGBoost Model","202503101","F1 score: 0.97, CI[0.96, 0.98]","Computational Method","",""
605,"605.113","Salmonella enterica subsp. enterica serovar Pullorum FHC-98","ceftiofur","Susceptible","","","","","","","","","","","SIR XGBoost Model","202503101","F1 score: 0.98, CI[0.97, 1.00]","Computational Method","",""
605,"605.113","Salmonella enterica subsp. enterica serovar Pullorum FHC-98","trimethoprim","Susceptible","","","","","","","","","","","SIR XGBoost Model","202503101","F1 score: 0.86, CI[0.78, 0.93]","Computational Method","",""
605,"605.114","Salmonella enterica subsp. enterica serovar Pullorum FHC-95","amoxicillin/clavulanic acid","Susceptible","","","","","","","","","","","SIR XGBoost Model","202503101","F1 score: 0.96, CI[0.95, 0.97]","Computational Method","",""
605,"605.114","Salmonella enterica subsp. enterica serovar Pullorum FHC-95","ampicillin","Resistant","","","","","","","","","","","SIR XGBoost Model","202503101","F1 score: 0.93, CI[0.92, 0.93]","Computational Method","",""
605,"605.114","Salmonella enterica subsp. enterica serovar Pullorum FHC-95","azithromycin","Susceptible","","","","","","","","","","","SIR XGBoost Model","202503101","F1 score: 0.92, CI[0.87, 0.98]","Computational Method","",""
605,"605.114","Salmonella enterica subsp. enterica serovar Pullorum FHC-95","chloramphenicol","Susceptible","","","","","","","","","","","SIR XGBoost Model","202503101","F1 score: 0.90, CI[0.88, 0.91]","Computational Method","",""
605,"605.114","Salmonella enterica subsp. enterica serovar Pullorum FHC-95","ciprofloxacin","Susceptible","","","","","","","","","","","SIR XGBoost Model","202503101","F1 score: 0.95, CI[0.93, 0.96]","Computational Method","",""
605,"605.114","Salmonella enterica subsp. enterica serovar Pullorum FHC-95","ceftriaxone","Susceptible","","","","","","","","","","","SIR XGBoost Model","202503101","F1 score: 0.98, CI[0.97, 1.00]","Computational Method","",""
605,"605.114","Salmonella enterica subsp. enterica serovar Pullorum FHC-95","cefotaxime","Susceptible","","","","","","","","","","","SIR XGBoost Model","202503101","F1 score: 0.95, CI[0.90, 0.99]","Computational Method","",""
605,"605.114","Salmonella enterica subsp. enterica serovar Pullorum FHC-95","sulfisoxazole","Resistant","","","","","","","","","","","SIR XGBoost Model","202503101","F1 score: 0.99, CI[0.98, 1.00]","Computational Method","",""
605,"605.114","Salmonella enterica subsp. enterica serovar Pullorum FHC-95","cefoxitin","Susceptible","","","","","","","","","","","SIR XGBoost Model","202503101","F1 score: 0.96, CI[0.93, 0.99]","Computational Method","",""
605,"605.114","Salmonella enterica subsp. enterica serovar Pullorum FHC-95","gentamicin","Susceptible","","","","","","","","","","","SIR XGBoost Model","202503101","F1 score: 0.92, CI[0.89, 0.95]","Computational Method","",""
605,"605.114","Salmonella enterica subsp. enterica serovar Pullorum FHC-95","kanamycin","Susceptible","","","","","","","","","","","SIR XGBoost Model","202503101","F1 score: 0.86, CI[0.77, 0.95]","Computational Method","",""
605,"605.114","Salmonella enterica subsp. enterica serovar Pullorum FHC-95","nalidixic acid","Resistant","","","","","","","","","","","SIR XGBoost Model","202503101","F1 score: 0.95, CI[0.93, 0.96]","Computational Method","",""
605,"605.114","Salmonella enterica subsp. enterica serovar Pullorum FHC-95","pefloxacin","Resistant","","","","","","","","","","","SIR XGBoost Model","202503101","F1 score: 0.98, CI[0.96, 1.00]","Computational Method","",""
605,"605.114","Salmonella enterica subsp. enterica serovar Pullorum FHC-95","sulfamethoxazole","Susceptible","","","","","","","","","","","SIR XGBoost Model","202503101","F1 score: 0.95, CI[0.93, 0.97]","Computational Method","",""
605,"605.114","Salmonella enterica subsp. enterica serovar Pullorum FHC-95","spectinomycin","Susceptible","","","","","","","","","","","SIR XGBoost Model","202503101","F1 score: 0.94, CI[0.90, 0.98]","Computational Method","",""
605,"605.114","Salmonella enterica subsp. enterica serovar Pullorum FHC-95","streptomycin","Susceptible","","","","","","","","","","","SIR XGBoost Model","202503101","F1 score: 0.94, CI[0.93, 0.96]","Computational Method","",""
605,"605.114","Salmonella enterica subsp. enterica serovar Pullorum FHC-95","tetracycline","Susceptible","","","","","","","","","","","SIR XGBoost Model","202503101","F1 score: 0.97, CI[0.96, 0.98]","Computational Method","",""
605,"605.114","Salmonella enterica subsp. enterica serovar Pullorum FHC-95","ceftiofur","Susceptible","","","","","","","","","","","SIR XGBoost Model","202503101","F1 score: 0.98, CI[0.97, 1.00]","Computational Method","",""
605,"605.114","Salmonella enterica subsp. enterica serovar Pullorum FHC-95","trimethoprim","Susceptible","","","","","","","","","","","SIR XGBoost Model","202503101","F1 score: 0.86, CI[0.78, 0.93]","Computational Method","",""
605,"605.115","Salmonella enterica subsp. enterica serovar Pullorum FHC-99","amoxicillin/clavulanic acid","Susceptible","","","","","","","","","","","SIR XGBoost Model","202503101","F1 score: 0.96, CI[0.95, 0.97]","Computational Method","",""
605,"605.115","Salmonella enterica subsp. enterica serovar Pullorum FHC-99","ampicillin","Resistant","","","","","","","","","","","SIR XGBoost Model","202503101","F1 score: 0.93, CI[0.92, 0.93]","Computational Method","",""
605,"605.115","Salmonella enterica subsp. enterica serovar Pullorum FHC-99","azithromycin","Susceptible","","","","","","","","","","","SIR XGBoost Model","202503101","F1 score: 0.92, CI[0.87, 0.98]","Computational Method","",""
605,"605.115","Salmonella enterica subsp. enterica serovar Pullorum FHC-99","chloramphenicol","Susceptible","","","","","","","","","","","SIR XGBoost Model","202503101","F1 score: 0.90, CI[0.88, 0.91]","Computational Method","",""
605,"605.115","Salmonella enterica subsp. enterica serovar Pullorum FHC-99","ciprofloxacin","Susceptible","","","","","","","","","","","SIR XGBoost Model","202503101","F1 score: 0.95, CI[0.93, 0.96]","Computational Method","",""
605,"605.115","Salmonella enterica subsp. enterica serovar Pullorum FHC-99","ceftriaxone","Susceptible","","","","","","","","","","","SIR XGBoost Model","202503101","F1 score: 0.98, CI[0.97, 1.00]","Computational Method","",""
605,"605.115","Salmonella enterica subsp. enterica serovar Pullorum FHC-99","cefotaxime","Susceptible","","","","","","","","","","","SIR XGBoost Model","202503101","F1 score: 0.95, CI[0.90, 0.99]","Computational Method","",""
605,"605.115","Salmonella enterica subsp. enterica serovar Pullorum FHC-99","sulfisoxazole","Resistant","","","","","","","","","","","SIR XGBoost Model","202503101","F1 score: 0.99, CI[0.98, 1.00]","Computational Method","",""
605,"605.115","Salmonella enterica subsp. enterica serovar Pullorum FHC-99","cefoxitin","Susceptible","","","","","","","","","","","SIR XGBoost Model","202503101","F1 score: 0.96, CI[0.93, 0.99]","Computational Method","",""
605,"605.115","Salmonella enterica subsp. enterica serovar Pullorum FHC-99","gentamicin","Susceptible","","","","","","","","","","","SIR XGBoost Model","202503101","F1 score: 0.92, CI[0.89, 0.95]","Computational Method","",""
605,"605.115","Salmonella enterica subsp. enterica serovar Pullorum FHC-99","kanamycin","Susceptible","","","","","","","","","","","SIR XGBoost Model","202503101","F1 score: 0.86, CI[0.77, 0.95]","Computational Method","",""
605,"605.115","Salmonella enterica subsp. enterica serovar Pullorum FHC-99","nalidixic acid","Resistant","","","","","","","","","","","SIR XGBoost Model","202503101","F1 score: 0.95, CI[0.93, 0.96]","Computational Method","",""
605,"605.115","Salmonella enterica subsp. enterica serovar Pullorum FHC-99","pefloxacin","Resistant","","","","","","","","","","","SIR XGBoost Model","202503101","F1 score: 0.98, CI[0.96, 1.00]","Computational Method","",""
605,"605.115","Salmonella enterica subsp. enterica serovar Pullorum FHC-99","sulfamethoxazole","Susceptible","","","","","","","","","","","SIR XGBoost Model","202503101","F1 score: 0.95, CI[0.93, 0.97]","Computational Method","",""
605,"605.115","Salmonella enterica subsp. enterica serovar Pullorum FHC-99","spectinomycin","Susceptible","","","","","","","","","","","SIR XGBoost Model","202503101","F1 score: 0.94, CI[0.90, 0.98]","Computational Method","",""
605,"605.115","Salmonella enterica subsp. enterica serovar Pullorum FHC-99","streptomycin","Susceptible","","","","","","","","","","","SIR XGBoost Model","202503101","F1 score: 0.94, CI[0.93, 0.96]","Computational Method","",""
605,"605.115","Salmonella enterica subsp. enterica serovar Pullorum FHC-99","tetracycline","Resistant","","","","","","","","","","","SIR XGBoost Model","202503101","F1 score: 0.97, CI[0.96, 0.98]","Computational Method","",""
605,"605.115","Salmonella enterica subsp. enterica serovar Pullorum FHC-99","ceftiofur","Susceptible","","","","","","","","","","","SIR XGBoost Model","202503101","F1 score: 0.98, CI[0.97, 1.00]","Computational Method","",""
605,"605.115","Salmonella enterica subsp. enterica serovar Pullorum FHC-99","trimethoprim","Susceptible","","","","","","","","","","","SIR XGBoost Model","202503101","F1 score: 0.86, CI[0.78, 0.93]","Computational Method","",""
605,"605.116","Salmonella enterica subsp. enterica serovar Pullorum FHC-103","amoxicillin/clavulanic acid","Susceptible","","","","","","","","","","","SIR XGBoost Model","202503101","F1 score: 0.96, CI[0.95, 0.97]","Computational Method","",""
605,"605.116","Salmonella enterica subsp. enterica serovar Pullorum FHC-103","ampicillin","Resistant","","","","","","","","","","","SIR XGBoost Model","202503101","F1 score: 0.93, CI[0.92, 0.93]","Computational Method","",""
605,"605.116","Salmonella enterica subsp. enterica serovar Pullorum FHC-103","azithromycin","Susceptible","","","","","","","","","","","SIR XGBoost Model","202503101","F1 score: 0.92, CI[0.87, 0.98]","Computational Method","",""
605,"605.116","Salmonella enterica subsp. enterica serovar Pullorum FHC-103","chloramphenicol","Susceptible","","","","","","","","","","","SIR XGBoost Model","202503101","F1 score: 0.90, CI[0.88, 0.91]","Computational Method","",""
605,"605.116","Salmonella enterica subsp. enterica serovar Pullorum FHC-103","ciprofloxacin","Susceptible","","","","","","","","","","","SIR XGBoost Model","202503101","F1 score: 0.95, CI[0.93, 0.96]","Computational Method","",""
605,"605.116","Salmonella enterica subsp. enterica serovar Pullorum FHC-103","ceftriaxone","Susceptible","","","","","","","","","","","SIR XGBoost Model","202503101","F1 score: 0.98, CI[0.97, 1.00]","Computational Method","",""
605,"605.116","Salmonella enterica subsp. enterica serovar Pullorum FHC-103","cefotaxime","Susceptible","","","","","","","","","","","SIR XGBoost Model","202503101","F1 score: 0.95, CI[0.90, 0.99]","Computational Method","",""
605,"605.116","Salmonella enterica subsp. enterica serovar Pullorum FHC-103","sulfisoxazole","Resistant","","","","","","","","","","","SIR XGBoost Model","202503101","F1 score: 0.99, CI[0.98, 1.00]","Computational Method","",""
605,"605.116","Salmonella enterica subsp. enterica serovar Pullorum FHC-103","cefoxitin","Susceptible","","","","","","","","","","","SIR XGBoost Model","202503101","F1 score: 0.96, CI[0.93, 0.99]","Computational Method","",""
605,"605.116","Salmonella enterica subsp. enterica serovar Pullorum FHC-103","gentamicin","Susceptible","","","","","","","","","","","SIR XGBoost Model","202503101","F1 score: 0.92, CI[0.89, 0.95]","Computational Method","",""
605,"605.116","Salmonella enterica subsp. enterica serovar Pullorum FHC-103","kanamycin","Susceptible","","","","","","","","","","","SIR XGBoost Model","202503101","F1 score: 0.86, CI[0.77, 0.95]","Computational Method","",""
605,"605.116","Salmonella enterica subsp. enterica serovar Pullorum FHC-103","nalidixic acid","Resistant","","","","","","","","","","","SIR XGBoost Model","202503101","F1 score: 0.95, CI[0.93, 0.96]","Computational Method","",""
605,"605.116","Salmonella enterica subsp. enterica serovar Pullorum FHC-103","pefloxacin","Resistant","","","","","","","","","","","SIR XGBoost Model","202503101","F1 score: 0.98, CI[0.96, 1.00]","Computational Method","",""
605,"605.116","Salmonella enterica subsp. enterica serovar Pullorum FHC-103","sulfamethoxazole","Susceptible","","","","","","","","","","","SIR XGBoost Model","202503101","F1 score: 0.95, CI[0.93, 0.97]","Computational Method","",""
605,"605.116","Salmonella enterica subsp. enterica serovar Pullorum FHC-103","spectinomycin","Susceptible","","","","","","","","","","","SIR XGBoost Model","202503101","F1 score: 0.94, CI[0.90, 0.98]","Computational Method","",""
605,"605.116","Salmonella enterica subsp. enterica serovar Pullorum FHC-103","streptomycin","Susceptible","","","","","","","","","","","SIR XGBoost Model","202503101","F1 score: 0.94, CI[0.93, 0.96]","Computational Method","",""
605,"605.116","Salmonella enterica subsp. enterica serovar Pullorum FHC-103","tetracycline","Susceptible","","","","","","","","","","","SIR XGBoost Model","202503101","F1 score: 0.97, CI[0.96, 0.98]","Computational Method","",""
605,"605.116","Salmonella enterica subsp. enterica serovar Pullorum FHC-103","ceftiofur","Susceptible","","","","","","","","","","","SIR XGBoost Model","202503101","F1 score: 0.98, CI[0.97, 1.00]","Computational Method","",""
605,"605.116","Salmonella enterica subsp. enterica serovar Pullorum FHC-103","trimethoprim","Susceptible","","","","","","","","","","","SIR XGBoost Model","202503101","F1 score: 0.86, CI[0.78, 0.93]","Computational Method","",""
605,"605.117","Salmonella enterica subsp. enterica serovar Pullorum FHC-91","amoxicillin/clavulanic acid","Susceptible","","","","","","","","","","","SIR XGBoost Model","202503101","F1 score: 0.96, CI[0.95, 0.97]","Computational Method","",""
605,"605.117","Salmonella enterica subsp. enterica serovar Pullorum FHC-91","ampicillin","Resistant","","","","","","","","","","","SIR XGBoost Model","202503101","F1 score: 0.93, CI[0.92, 0.93]","Computational Method","",""
605,"605.117","Salmonella enterica subsp. enterica serovar Pullorum FHC-91","azithromycin","Susceptible","","","","","","","","","","","SIR XGBoost Model","202503101","F1 score: 0.92, CI[0.87, 0.98]","Computational Method","",""
605,"605.117","Salmonella enterica subsp. enterica serovar Pullorum FHC-91","chloramphenicol","Susceptible","","","","","","","","","","","SIR XGBoost Model","202503101","F1 score: 0.90, CI[0.88, 0.91]","Computational Method","",""
605,"605.117","Salmonella enterica subsp. enterica serovar Pullorum FHC-91","ciprofloxacin","Susceptible","","","","","","","","","","","SIR XGBoost Model","202503101","F1 score: 0.95, CI[0.93, 0.96]","Computational Method","",""
605,"605.117","Salmonella enterica subsp. enterica serovar Pullorum FHC-91","ceftriaxone","Susceptible","","","","","","","","","","","SIR XGBoost Model","202503101","F1 score: 0.98, CI[0.97, 1.00]","Computational Method","",""
605,"605.117","Salmonella enterica subsp. enterica serovar Pullorum FHC-91","cefotaxime","Susceptible","","","","","","","","","","","SIR XGBoost Model","202503101","F1 score: 0.95, CI[0.90, 0.99]","Computational Method","",""
605,"605.117","Salmonella enterica subsp. enterica serovar Pullorum FHC-91","sulfisoxazole","Resistant","","","","","","","","","","","SIR XGBoost Model","202503101","F1 score: 0.99, CI[0.98, 1.00]","Computational Method","",""
605,"605.117","Salmonella enterica subsp. enterica serovar Pullorum FHC-91","cefoxitin","Susceptible","","","","","","","","","","","SIR XGBoost Model","202503101","F1 score: 0.96, CI[0.93, 0.99]","Computational Method","",""
605,"605.117","Salmonella enterica subsp. enterica serovar Pullorum FHC-91","gentamicin","Susceptible","","","","","","","","","","","SIR XGBoost Model","202503101","F1 score: 0.92, CI[0.89, 0.95]","Computational Method","",""
605,"605.117","Salmonella enterica subsp. enterica serovar Pullorum FHC-91","kanamycin","Susceptible","","","","","","","","","","","SIR XGBoost Model","202503101","F1 score: 0.86, CI[0.77, 0.95]","Computational Method","",""
605,"605.117","Salmonella enterica subsp. enterica serovar Pullorum FHC-91","nalidixic acid","Resistant","","","","","","","","","","","SIR XGBoost Model","202503101","F1 score: 0.95, CI[0.93, 0.96]","Computational Method","",""
605,"605.117","Salmonella enterica subsp. enterica serovar Pullorum FHC-91","pefloxacin","Resistant","","","","","","","","","","","SIR XGBoost Model","202503101","F1 score: 0.98, CI[0.96, 1.00]","Computational Method","",""
605,"605.117","Salmonella enterica subsp. enterica serovar Pullorum FHC-91","sulfamethoxazole","Susceptible","","","","","","","","","","","SIR XGBoost Model","202503101","F1 score: 0.95, CI[0.93, 0.97]","Computational Method","",""
605,"605.117","Salmonella enterica subsp. enterica serovar Pullorum FHC-91","spectinomycin","Susceptible","","","","","","","","","","","SIR XGBoost Model","202503101","F1 score: 0.94, CI[0.90, 0.98]","Computational Method","",""
605,"605.117","Salmonella enterica subsp. enterica serovar Pullorum FHC-91","streptomycin","Susceptible","","","","","","","","","","","SIR XGBoost Model","202503101","F1 score: 0.94, CI[0.93, 0.96]","Computational Method","",""
605,"605.117","Salmonella enterica subsp. enterica serovar Pullorum FHC-91","tetracycline","Susceptible","","","","","","","","","","","SIR XGBoost Model","202503101","F1 score: 0.97, CI[0.96, 0.98]","Computational Method","",""
605,"605.117","Salmonella enterica subsp. enterica serovar Pullorum FHC-91","ceftiofur","Susceptible","","","","","","","","","","","SIR XGBoost Model","202503101","F1 score: 0.98, CI[0.97, 1.00]","Computational Method","",""
605,"605.117","Salmonella enterica subsp. enterica serovar Pullorum FHC-91","trimethoprim","Susceptible","","","","","","","","","","","SIR XGBoost Model","202503101","F1 score: 0.86, CI[0.78, 0.93]","Computational Method","",""
605,"605.118","Salmonella enterica subsp. enterica serovar Pullorum FHC-70","amoxicillin/clavulanic acid","Susceptible","","","","","","","","","","","SIR XGBoost Model","202503101","F1 score: 0.96, CI[0.95, 0.97]","Computational Method","",""
605,"605.118","Salmonella enterica subsp. enterica serovar Pullorum FHC-70","ampicillin","Resistant","","","","","","","","","","","SIR XGBoost Model","202503101","F1 score: 0.93, CI[0.92, 0.93]","Computational Method","",""
605,"605.118","Salmonella enterica subsp. enterica serovar Pullorum FHC-70","azithromycin","Susceptible","","","","","","","","","","","SIR XGBoost Model","202503101","F1 score: 0.92, CI[0.87, 0.98]","Computational Method","",""
605,"605.118","Salmonella enterica subsp. enterica serovar Pullorum FHC-70","chloramphenicol","Susceptible","","","","","","","","","","","SIR XGBoost Model","202503101","F1 score: 0.90, CI[0.88, 0.91]","Computational Method","",""
605,"605.118","Salmonella enterica subsp. enterica serovar Pullorum FHC-70","ciprofloxacin","Susceptible","","","","","","","","","","","SIR XGBoost Model","202503101","F1 score: 0.95, CI[0.93, 0.96]","Computational Method","",""
605,"605.118","Salmonella enterica subsp. enterica serovar Pullorum FHC-70","ceftriaxone","Susceptible","","","","","","","","","","","SIR XGBoost Model","202503101","F1 score: 0.98, CI[0.97, 1.00]","Computational Method","",""
605,"605.118","Salmonella enterica subsp. enterica serovar Pullorum FHC-70","cefotaxime","Susceptible","","","","","","","","","","","SIR XGBoost Model","202503101","F1 score: 0.95, CI[0.90, 0.99]","Computational Method","",""
605,"605.118","Salmonella enterica subsp. enterica serovar Pullorum FHC-70","sulfisoxazole","Resistant","","","","","","","","","","","SIR XGBoost Model","202503101","F1 score: 0.99, CI[0.98, 1.00]","Computational Method","",""
605,"605.118","Salmonella enterica subsp. enterica serovar Pullorum FHC-70","cefoxitin","Susceptible","","","","","","","","","","","SIR XGBoost Model","202503101","F1 score: 0.96, CI[0.93, 0.99]","Computational Method","",""
605,"605.118","Salmonella enterica subsp. enterica serovar Pullorum FHC-70","gentamicin","Susceptible","","","","","","","","","","","SIR XGBoost Model","202503101","F1 score: 0.92, CI[0.89, 0.95]","Computational Method","",""
605,"605.118","Salmonella enterica subsp. enterica serovar Pullorum FHC-70","kanamycin","Susceptible","","","","","","","","","","","SIR XGBoost Model","202503101","F1 score: 0.86, CI[0.77, 0.95]","Computational Method","",""
605,"605.118","Salmonella enterica subsp. enterica serovar Pullorum FHC-70","nalidixic acid","Resistant","","","","","","","","","","","SIR XGBoost Model","202503101","F1 score: 0.95, CI[0.93, 0.96]","Computational Method","",""
605,"605.118","Salmonella enterica subsp. enterica serovar Pullorum FHC-70","pefloxacin","Resistant","","","","","","","","","","","SIR XGBoost Model","202503101","F1 score: 0.98, CI[0.96, 1.00]","Computational Method","",""
605,"605.118","Salmonella enterica subsp. enterica serovar Pullorum FHC-70","sulfamethoxazole","Susceptible","","","","","","","","","","","SIR XGBoost Model","202503101","F1 score: 0.95, CI[0.93, 0.97]","Computational Method","",""
605,"605.118","Salmonella enterica subsp. enterica serovar Pullorum FHC-70","spectinomycin","Susceptible","","","","","","","","","","","SIR XGBoost Model","202503101","F1 score: 0.94, CI[0.90, 0.98]","Computational Method","",""
605,"605.118","Salmonella enterica subsp. enterica serovar Pullorum FHC-70","streptomycin","Susceptible","","","","","","","","","","","SIR XGBoost Model","202503101","F1 score: 0.94, CI[0.93, 0.96]","Computational Method","",""
605,"605.118","Salmonella enterica subsp. enterica serovar Pullorum FHC-70","tetracycline","Resistant","","","","","","","","","","","SIR XGBoost Model","202503101","F1 score: 0.97, CI[0.96, 0.98]","Computational Method","",""
605,"605.118","Salmonella enterica subsp. enterica serovar Pullorum FHC-70","ceftiofur","Susceptible","","","","","","","","","","","SIR XGBoost Model","202503101","F1 score: 0.98, CI[0.97, 1.00]","Computational Method","",""
605,"605.118","Salmonella enterica subsp. enterica serovar Pullorum FHC-70","trimethoprim","Susceptible","","","","","","","","","","","SIR XGBoost Model","202503101","F1 score: 0.86, CI[0.78, 0.93]","Computational Method","",""
605,"605.119","Salmonella enterica subsp. enterica serovar Pullorum FHC-90","amoxicillin/clavulanic acid","Susceptible","","","","","","","","","","","SIR XGBoost Model","202503101","F1 score: 0.96, CI[0.95, 0.97]","Computational Method","",""
605,"605.119","Salmonella enterica subsp. enterica serovar Pullorum FHC-90","ampicillin","Resistant","","","","","","","","","","","SIR XGBoost Model","202503101","F1 score: 0.93, CI[0.92, 0.93]","Computational Method","",""
605,"605.119","Salmonella enterica subsp. enterica serovar Pullorum FHC-90","azithromycin","Susceptible","","","","","","","","","","","SIR XGBoost Model","202503101","F1 score: 0.92, CI[0.87, 0.98]","Computational Method","",""
605,"605.119","Salmonella enterica subsp. enterica serovar Pullorum FHC-90","chloramphenicol","Susceptible","","","","","","","","","","","SIR XGBoost Model","202503101","F1 score: 0.90, CI[0.88, 0.91]","Computational Method","",""
605,"605.119","Salmonella enterica subsp. enterica serovar Pullorum FHC-90","ciprofloxacin","Susceptible","","","","","","","","","","","SIR XGBoost Model","202503101","F1 score: 0.95, CI[0.93, 0.96]","Computational Method","",""
605,"605.119","Salmonella enterica subsp. enterica serovar Pullorum FHC-90","ceftriaxone","Susceptible","","","","","","","","","","","SIR XGBoost Model","202503101","F1 score: 0.98, CI[0.97, 1.00]","Computational Method","",""
605,"605.119","Salmonella enterica subsp. enterica serovar Pullorum FHC-90","cefotaxime","Susceptible","","","","","","","","","","","SIR XGBoost Model","202503101","F1 score: 0.95, CI[0.90, 0.99]","Computational Method","",""
605,"605.119","Salmonella enterica subsp. enterica serovar Pullorum FHC-90","sulfisoxazole","Resistant","","","","","","","","","","","SIR XGBoost Model","202503101","F1 score: 0.99, CI[0.98, 1.00]","Computational Method","",""
605,"605.119","Salmonella enterica subsp. enterica serovar Pullorum FHC-90","cefoxitin","Susceptible","","","","","","","","","","","SIR XGBoost Model","202503101","F1 score: 0.96, CI[0.93, 0.99]","Computational Method","",""
605,"605.119","Salmonella enterica subsp. enterica serovar Pullorum FHC-90","gentamicin","Susceptible","","","","","","","","","","","SIR XGBoost Model","202503101","F1 score: 0.92, CI[0.89, 0.95]","Computational Method","",""
605,"605.119","Salmonella enterica subsp. enterica serovar Pullorum FHC-90","kanamycin","Susceptible","","","","","","","","","","","SIR XGBoost Model","202503101","F1 score: 0.86, CI[0.77, 0.95]","Computational Method","",""
605,"605.119","Salmonella enterica subsp. enterica serovar Pullorum FHC-90","nalidixic acid","Resistant","","","","","","","","","","","SIR XGBoost Model","202503101","F1 score: 0.95, CI[0.93, 0.96]","Computational Method","",""
605,"605.119","Salmonella enterica subsp. enterica serovar Pullorum FHC-90","pefloxacin","Resistant","","","","","","","","","","","SIR XGBoost Model","202503101","F1 score: 0.98, CI[0.96, 1.00]","Computational Method","",""
605,"605.119","Salmonella enterica subsp. enterica serovar Pullorum FHC-90","sulfamethoxazole","Susceptible","","","","","","","","","","","SIR XGBoost Model","202503101","F1 score: 0.95, CI[0.93, 0.97]","Computational Method","",""
605,"605.119","Salmonella enterica subsp. enterica serovar Pullorum FHC-90","spectinomycin","Susceptible","","","","","","","","","","","SIR XGBoost Model","202503101","F1 score: 0.94, CI[0.90, 0.98]","Computational Method","",""
605,"605.119","Salmonella enterica subsp. enterica serovar Pullorum FHC-90","streptomycin","Susceptible","","","","","","","","","","","SIR XGBoost Model","202503101","F1 score: 0.94, CI[0.93, 0.96]","Computational Method","",""
605,"605.119","Salmonella enterica subsp. enterica serovar Pullorum FHC-90","tetracycline","Susceptible","","","","","","","","","","","SIR XGBoost Model","202503101","F1 score: 0.97, CI[0.96, 0.98]","Computational Method","",""
605,"605.119","Salmonella enterica subsp. enterica serovar Pullorum FHC-90","ceftiofur","Susceptible","","","","","","","","","","","SIR XGBoost Model","202503101","F1 score: 0.98, CI[0.97, 1.00]","Computational Method","",""
605,"605.119","Salmonella enterica subsp. enterica serovar Pullorum FHC-90","trimethoprim","Susceptible","","","","","","","","","","","SIR XGBoost Model","202503101","F1 score: 0.86, CI[0.78, 0.93]","Computational Method","",""
605,"605.120","Salmonella enterica subsp. enterica serovar Pullorum FHC-89","amoxicillin/clavulanic acid","Susceptible","","","","","","","","","","","SIR XGBoost Model","202503101","F1 score: 0.96, CI[0.95, 0.97]","Computational Method","",""
605,"605.120","Salmonella enterica subsp. enterica serovar Pullorum FHC-89","ampicillin","Resistant","","","","","","","","","","","SIR XGBoost Model","202503101","F1 score: 0.93, CI[0.92, 0.93]","Computational Method","",""
605,"605.120","Salmonella enterica subsp. enterica serovar Pullorum FHC-89","azithromycin","Susceptible","","","","","","","","","","","SIR XGBoost Model","202503101","F1 score: 0.92, CI[0.87, 0.98]","Computational Method","",""
605,"605.120","Salmonella enterica subsp. enterica serovar Pullorum FHC-89","chloramphenicol","Susceptible","","","","","","","","","","","SIR XGBoost Model","202503101","F1 score: 0.90, CI[0.88, 0.91]","Computational Method","",""
605,"605.120","Salmonella enterica subsp. enterica serovar Pullorum FHC-89","ciprofloxacin","Susceptible","","","","","","","","","","","SIR XGBoost Model","202503101","F1 score: 0.95, CI[0.93, 0.96]","Computational Method","",""
605,"605.120","Salmonella enterica subsp. enterica serovar Pullorum FHC-89","ceftriaxone","Susceptible","","","","","","","","","","","SIR XGBoost Model","202503101","F1 score: 0.98, CI[0.97, 1.00]","Computational Method","",""
605,"605.120","Salmonella enterica subsp. enterica serovar Pullorum FHC-89","cefotaxime","Susceptible","","","","","","","","","","","SIR XGBoost Model","202503101","F1 score: 0.95, CI[0.90, 0.99]","Computational Method","",""
605,"605.120","Salmonella enterica subsp. enterica serovar Pullorum FHC-89","sulfisoxazole","Resistant","","","","","","","","","","","SIR XGBoost Model","202503101","F1 score: 0.99, CI[0.98, 1.00]","Computational Method","",""
605,"605.120","Salmonella enterica subsp. enterica serovar Pullorum FHC-89","cefoxitin","Susceptible","","","","","","","","","","","SIR XGBoost Model","202503101","F1 score: 0.96, CI[0.93, 0.99]","Computational Method","",""
605,"605.120","Salmonella enterica subsp. enterica serovar Pullorum FHC-89","gentamicin","Susceptible","","","","","","","","","","","SIR XGBoost Model","202503101","F1 score: 0.92, CI[0.89, 0.95]","Computational Method","",""
605,"605.120","Salmonella enterica subsp. enterica serovar Pullorum FHC-89","kanamycin","Susceptible","","","","","","","","","","","SIR XGBoost Model","202503101","F1 score: 0.86, CI[0.77, 0.95]","Computational Method","",""
605,"605.120","Salmonella enterica subsp. enterica serovar Pullorum FHC-89","nalidixic acid","Resistant","","","","","","","","","","","SIR XGBoost Model","202503101","F1 score: 0.95, CI[0.93, 0.96]","Computational Method","",""
605,"605.120","Salmonella enterica subsp. enterica serovar Pullorum FHC-89","pefloxacin","Resistant","","","","","","","","","","","SIR XGBoost Model","202503101","F1 score: 0.98, CI[0.96, 1.00]","Computational Method","",""
605,"605.120","Salmonella enterica subsp. enterica serovar Pullorum FHC-89","sulfamethoxazole","Susceptible","","","","","","","","","","","SIR XGBoost Model","202503101","F1 score: 0.95, CI[0.93, 0.97]","Computational Method","",""
605,"605.120","Salmonella enterica subsp. enterica serovar Pullorum FHC-89","spectinomycin","Susceptible","","","","","","","","","","","SIR XGBoost Model","202503101","F1 score: 0.94, CI[0.90, 0.98]","Computational Method","",""
605,"605.120","Salmonella enterica subsp. enterica serovar Pullorum FHC-89","streptomycin","Susceptible","","","","","","","","","","","SIR XGBoost Model","202503101","F1 score: 0.94, CI[0.93, 0.96]","Computational Method","",""
605,"605.120","Salmonella enterica subsp. enterica serovar Pullorum FHC-89","tetracycline","Susceptible","","","","","","","","","","","SIR XGBoost Model","202503101","F1 score: 0.97, CI[0.96, 0.98]","Computational Method","",""
605,"605.120","Salmonella enterica subsp. enterica serovar Pullorum FHC-89","ceftiofur","Susceptible","","","","","","","","","","","SIR XGBoost Model","202503101","F1 score: 0.98, CI[0.97, 1.00]","Computational Method","",""
605,"605.120","Salmonella enterica subsp. enterica serovar Pullorum FHC-89","trimethoprim","Susceptible","","","","","","","","","","","SIR XGBoost Model","202503101","F1 score: 0.86, CI[0.78, 0.93]","Computational Method","",""
605,"605.121","Salmonella enterica subsp. enterica serovar Pullorum FHC-92","amoxicillin/clavulanic acid","Susceptible","","","","","","","","","","","SIR XGBoost Model","202503101","F1 score: 0.96, CI[0.95, 0.97]","Computational Method","",""
605,"605.121","Salmonella enterica subsp. enterica serovar Pullorum FHC-92","ampicillin","Resistant","","","","","","","","","","","SIR XGBoost Model","202503101","F1 score: 0.93, CI[0.92, 0.93]","Computational Method","",""
605,"605.121","Salmonella enterica subsp. enterica serovar Pullorum FHC-92","azithromycin","Susceptible","","","","","","","","","","","SIR XGBoost Model","202503101","F1 score: 0.92, CI[0.87, 0.98]","Computational Method","",""
605,"605.121","Salmonella enterica subsp. enterica serovar Pullorum FHC-92","chloramphenicol","Susceptible","","","","","","","","","","","SIR XGBoost Model","202503101","F1 score: 0.90, CI[0.88, 0.91]","Computational Method","",""
605,"605.121","Salmonella enterica subsp. enterica serovar Pullorum FHC-92","ciprofloxacin","Susceptible","","","","","","","","","","","SIR XGBoost Model","202503101","F1 score: 0.95, CI[0.93, 0.96]","Computational Method","",""
605,"605.121","Salmonella enterica subsp. enterica serovar Pullorum FHC-92","ceftriaxone","Susceptible","","","","","","","","","","","SIR XGBoost Model","202503101","F1 score: 0.98, CI[0.97, 1.00]","Computational Method","",""
605,"605.121","Salmonella enterica subsp. enterica serovar Pullorum FHC-92","cefotaxime","Susceptible","","","","","","","","","","","SIR XGBoost Model","202503101","F1 score: 0.95, CI[0.90, 0.99]","Computational Method","",""
605,"605.121","Salmonella enterica subsp. enterica serovar Pullorum FHC-92","sulfisoxazole","Resistant","","","","","","","","","","","SIR XGBoost Model","202503101","F1 score: 0.99, CI[0.98, 1.00]","Computational Method","",""
605,"605.121","Salmonella enterica subsp. enterica serovar Pullorum FHC-92","cefoxitin","Susceptible","","","","","","","","","","","SIR XGBoost Model","202503101","F1 score: 0.96, CI[0.93, 0.99]","Computational Method","",""
605,"605.121","Salmonella enterica subsp. enterica serovar Pullorum FHC-92","gentamicin","Susceptible","","","","","","","","","","","SIR XGBoost Model","202503101","F1 score: 0.92, CI[0.89, 0.95]","Computational Method","",""
605,"605.121","Salmonella enterica subsp. enterica serovar Pullorum FHC-92","kanamycin","Susceptible","","","","","","","","","","","SIR XGBoost Model","202503101","F1 score: 0.86, CI[0.77, 0.95]","Computational Method","",""
605,"605.121","Salmonella enterica subsp. enterica serovar Pullorum FHC-92","nalidixic acid","Resistant","","","","","","","","","","","SIR XGBoost Model","202503101","F1 score: 0.95, CI[0.93, 0.96]","Computational Method","",""
605,"605.121","Salmonella enterica subsp. enterica serovar Pullorum FHC-92","pefloxacin","Resistant","","","","","","","","","","","SIR XGBoost Model","202503101","F1 score: 0.98, CI[0.96, 1.00]","Computational Method","",""
605,"605.121","Salmonella enterica subsp. enterica serovar Pullorum FHC-92","sulfamethoxazole","Susceptible","","","","","","","","","","","SIR XGBoost Model","202503101","F1 score: 0.95, CI[0.93, 0.97]","Computational Method","",""
605,"605.121","Salmonella enterica subsp. enterica serovar Pullorum FHC-92","spectinomycin","Susceptible","","","","","","","","","","","SIR XGBoost Model","202503101","F1 score: 0.94, CI[0.90, 0.98]","Computational Method","",""
605,"605.121","Salmonella enterica subsp. enterica serovar Pullorum FHC-92","streptomycin","Susceptible","","","","","","","","","","","SIR XGBoost Model","202503101","F1 score: 0.94, CI[0.93, 0.96]","Computational Method","",""
605,"605.121","Salmonella enterica subsp. enterica serovar Pullorum FHC-92","tetracycline","Susceptible","","","","","","","","","","","SIR XGBoost Model","202503101","F1 score: 0.97, CI[0.96, 0.98]","Computational Method","",""
605,"605.121","Salmonella enterica subsp. enterica serovar Pullorum FHC-92","ceftiofur","Susceptible","","","","","","","","","","","SIR XGBoost Model","202503101","F1 score: 0.98, CI[0.97, 1.00]","Computational Method","",""
605,"605.121","Salmonella enterica subsp. enterica serovar Pullorum FHC-92","trimethoprim","Susceptible","","","","","","","","","","","SIR XGBoost Model","202503101","F1 score: 0.86, CI[0.78, 0.93]","Computational Method","",""
605,"605.122","Salmonella enterica subsp. enterica serovar Pullorum FHC-78","amoxicillin/clavulanic acid","Susceptible","","","","","","","","","","","SIR XGBoost Model","202503101","F1 score: 0.96, CI[0.95, 0.97]","Computational Method","",""
605,"605.122","Salmonella enterica subsp. enterica serovar Pullorum FHC-78","ampicillin","Resistant","","","","","","","","","","","SIR XGBoost Model","202503101","F1 score: 0.93, CI[0.92, 0.93]","Computational Method","",""
605,"605.122","Salmonella enterica subsp. enterica serovar Pullorum FHC-78","azithromycin","Susceptible","","","","","","","","","","","SIR XGBoost Model","202503101","F1 score: 0.92, CI[0.87, 0.98]","Computational Method","",""
605,"605.122","Salmonella enterica subsp. enterica serovar Pullorum FHC-78","chloramphenicol","Susceptible","","","","","","","","","","","SIR XGBoost Model","202503101","F1 score: 0.90, CI[0.88, 0.91]","Computational Method","",""
605,"605.122","Salmonella enterica subsp. enterica serovar Pullorum FHC-78","ciprofloxacin","Susceptible","","","","","","","","","","","SIR XGBoost Model","202503101","F1 score: 0.95, CI[0.93, 0.96]","Computational Method","",""
605,"605.122","Salmonella enterica subsp. enterica serovar Pullorum FHC-78","ceftriaxone","Susceptible","","","","","","","","","","","SIR XGBoost Model","202503101","F1 score: 0.98, CI[0.97, 1.00]","Computational Method","",""
605,"605.122","Salmonella enterica subsp. enterica serovar Pullorum FHC-78","cefotaxime","Susceptible","","","","","","","","","","","SIR XGBoost Model","202503101","F1 score: 0.95, CI[0.90, 0.99]","Computational Method","",""
605,"605.122","Salmonella enterica subsp. enterica serovar Pullorum FHC-78","sulfisoxazole","Resistant","","","","","","","","","","","SIR XGBoost Model","202503101","F1 score: 0.99, CI[0.98, 1.00]","Computational Method","",""
605,"605.122","Salmonella enterica subsp. enterica serovar Pullorum FHC-78","cefoxitin","Susceptible","","","","","","","","","","","SIR XGBoost Model","202503101","F1 score: 0.96, CI[0.93, 0.99]","Computational Method","",""
605,"605.122","Salmonella enterica subsp. enterica serovar Pullorum FHC-78","gentamicin","Susceptible","","","","","","","","","","","SIR XGBoost Model","202503101","F1 score: 0.92, CI[0.89, 0.95]","Computational Method","",""
605,"605.122","Salmonella enterica subsp. enterica serovar Pullorum FHC-78","kanamycin","Susceptible","","","","","","","","","","","SIR XGBoost Model","202503101","F1 score: 0.86, CI[0.77, 0.95]","Computational Method","",""
605,"605.122","Salmonella enterica subsp. enterica serovar Pullorum FHC-78","nalidixic acid","Resistant","","","","","","","","","","","SIR XGBoost Model","202503101","F1 score: 0.95, CI[0.93, 0.96]","Computational Method","",""
605,"605.122","Salmonella enterica subsp. enterica serovar Pullorum FHC-78","pefloxacin","Resistant","","","","","","","","","","","SIR XGBoost Model","202503101","F1 score: 0.98, CI[0.96, 1.00]","Computational Method","",""
605,"605.122","Salmonella enterica subsp. enterica serovar Pullorum FHC-78","sulfamethoxazole","Susceptible","","","","","","","","","","","SIR XGBoost Model","202503101","F1 score: 0.95, CI[0.93, 0.97]","Computational Method","",""
605,"605.122","Salmonella enterica subsp. enterica serovar Pullorum FHC-78","spectinomycin","Susceptible","","","","","","","","","","","SIR XGBoost Model","202503101","F1 score: 0.94, CI[0.90, 0.98]","Computational Method","",""
605,"605.122","Salmonella enterica subsp. enterica serovar Pullorum FHC-78","streptomycin","Susceptible","","","","","","","","","","","SIR XGBoost Model","202503101","F1 score: 0.94, CI[0.93, 0.96]","Computational Method","",""
605,"605.122","Salmonella enterica subsp. enterica serovar Pullorum FHC-78","tetracycline","Resistant","","","","","","","","","","","SIR XGBoost Model","202503101","F1 score: 0.97, CI[0.96, 0.98]","Computational Method","",""
605,"605.122","Salmonella enterica subsp. enterica serovar Pullorum FHC-78","ceftiofur","Susceptible","","","","","","","","","","","SIR XGBoost Model","202503101","F1 score: 0.98, CI[0.97, 1.00]","Computational Method","",""
605,"605.122","Salmonella enterica subsp. enterica serovar Pullorum FHC-78","trimethoprim","Susceptible","","","","","","","","","","","SIR XGBoost Model","202503101","F1 score: 0.86, CI[0.78, 0.93]","Computational Method","",""
605,"605.123","Salmonella enterica subsp. enterica serovar Pullorum FHC-67","amoxicillin/clavulanic acid","Susceptible","","","","","","","","","","","SIR XGBoost Model","202503101","F1 score: 0.96, CI[0.95, 0.97]","Computational Method","",""
605,"605.123","Salmonella enterica subsp. enterica serovar Pullorum FHC-67","ampicillin","Resistant","","","","","","","","","","","SIR XGBoost Model","202503101","F1 score: 0.93, CI[0.92, 0.93]","Computational Method","",""
605,"605.123","Salmonella enterica subsp. enterica serovar Pullorum FHC-67","azithromycin","Susceptible","","","","","","","","","","","SIR XGBoost Model","202503101","F1 score: 0.92, CI[0.87, 0.98]","Computational Method","",""
605,"605.123","Salmonella enterica subsp. enterica serovar Pullorum FHC-67","chloramphenicol","Susceptible","","","","","","","","","","","SIR XGBoost Model","202503101","F1 score: 0.90, CI[0.88, 0.91]","Computational Method","",""
605,"605.123","Salmonella enterica subsp. enterica serovar Pullorum FHC-67","ciprofloxacin","Susceptible","","","","","","","","","","","SIR XGBoost Model","202503101","F1 score: 0.95, CI[0.93, 0.96]","Computational Method","",""
605,"605.123","Salmonella enterica subsp. enterica serovar Pullorum FHC-67","ceftriaxone","Susceptible","","","","","","","","","","","SIR XGBoost Model","202503101","F1 score: 0.98, CI[0.97, 1.00]","Computational Method","",""
605,"605.123","Salmonella enterica subsp. enterica serovar Pullorum FHC-67","cefotaxime","Susceptible","","","","","","","","","","","SIR XGBoost Model","202503101","F1 score: 0.95, CI[0.90, 0.99]","Computational Method","",""
605,"605.123","Salmonella enterica subsp. enterica serovar Pullorum FHC-67","sulfisoxazole","Resistant","","","","","","","","","","","SIR XGBoost Model","202503101","F1 score: 0.99, CI[0.98, 1.00]","Computational Method","",""
605,"605.123","Salmonella enterica subsp. enterica serovar Pullorum FHC-67","cefoxitin","Susceptible","","","","","","","","","","","SIR XGBoost Model","202503101","F1 score: 0.96, CI[0.93, 0.99]","Computational Method","",""
605,"605.123","Salmonella enterica subsp. enterica serovar Pullorum FHC-67","gentamicin","Susceptible","","","","","","","","","","","SIR XGBoost Model","202503101","F1 score: 0.92, CI[0.89, 0.95]","Computational Method","",""
605,"605.123","Salmonella enterica subsp. enterica serovar Pullorum FHC-67","kanamycin","Susceptible","","","","","","","","","","","SIR XGBoost Model","202503101","F1 score: 0.86, CI[0.77, 0.95]","Computational Method","",""
605,"605.123","Salmonella enterica subsp. enterica serovar Pullorum FHC-67","nalidixic acid","Resistant","","","","","","","","","","","SIR XGBoost Model","202503101","F1 score: 0.95, CI[0.93, 0.96]","Computational Method","",""
605,"605.123","Salmonella enterica subsp. enterica serovar Pullorum FHC-67","pefloxacin","Resistant","","","","","","","","","","","SIR XGBoost Model","202503101","F1 score: 0.98, CI[0.96, 1.00]","Computational Method","",""
605,"605.123","Salmonella enterica subsp. enterica serovar Pullorum FHC-67","sulfamethoxazole","Susceptible","","","","","","","","","","","SIR XGBoost Model","202503101","F1 score: 0.95, CI[0.93, 0.97]","Computational Method","",""
605,"605.123","Salmonella enterica subsp. enterica serovar Pullorum FHC-67","spectinomycin","Susceptible","","","","","","","","","","","SIR XGBoost Model","202503101","F1 score: 0.94, CI[0.90, 0.98]","Computational Method","",""
605,"605.123","Salmonella enterica subsp. enterica serovar Pullorum FHC-67","streptomycin","Susceptible","","","","","","","","","","","SIR XGBoost Model","202503101","F1 score: 0.94, CI[0.93, 0.96]","Computational Method","",""
605,"605.123","Salmonella enterica subsp. enterica serovar Pullorum FHC-67","tetracycline","Susceptible","","","","","","","","","","","SIR XGBoost Model","202503101","F1 score: 0.97, CI[0.96, 0.98]","Computational Method","",""
605,"605.123","Salmonella enterica subsp. enterica serovar Pullorum FHC-67","ceftiofur","Susceptible","","","","","","","","","","","SIR XGBoost Model","202503101","F1 score: 0.98, CI[0.97, 1.00]","Computational Method","",""
605,"605.123","Salmonella enterica subsp. enterica serovar Pullorum FHC-67","trimethoprim","Susceptible","","","","","","","","","","","SIR XGBoost Model","202503101","F1 score: 0.86, CI[0.78, 0.93]","Computational Method","",""
605,"605.124","Salmonella enterica subsp. enterica serovar Pullorum FHC-82","amoxicillin/clavulanic acid","Susceptible","","","","","","","","","","","SIR XGBoost Model","202503101","F1 score: 0.96, CI[0.95, 0.97]","Computational Method","",""
605,"605.124","Salmonella enterica subsp. enterica serovar Pullorum FHC-82","ampicillin","Resistant","","","","","","","","","","","SIR XGBoost Model","202503101","F1 score: 0.93, CI[0.92, 0.93]","Computational Method","",""
605,"605.124","Salmonella enterica subsp. enterica serovar Pullorum FHC-82","azithromycin","Susceptible","","","","","","","","","","","SIR XGBoost Model","202503101","F1 score: 0.92, CI[0.87, 0.98]","Computational Method","",""
605,"605.124","Salmonella enterica subsp. enterica serovar Pullorum FHC-82","chloramphenicol","Susceptible","","","","","","","","","","","SIR XGBoost Model","202503101","F1 score: 0.90, CI[0.88, 0.91]","Computational Method","",""
605,"605.124","Salmonella enterica subsp. enterica serovar Pullorum FHC-82","ciprofloxacin","Susceptible","","","","","","","","","","","SIR XGBoost Model","202503101","F1 score: 0.95, CI[0.93, 0.96]","Computational Method","",""
605,"605.124","Salmonella enterica subsp. enterica serovar Pullorum FHC-82","ceftriaxone","Susceptible","","","","","","","","","","","SIR XGBoost Model","202503101","F1 score: 0.98, CI[0.97, 1.00]","Computational Method","",""
605,"605.124","Salmonella enterica subsp. enterica serovar Pullorum FHC-82","cefotaxime","Susceptible","","","","","","","","","","","SIR XGBoost Model","202503101","F1 score: 0.95, CI[0.90, 0.99]","Computational Method","",""
605,"605.124","Salmonella enterica subsp. enterica serovar Pullorum FHC-82","sulfisoxazole","Resistant","","","","","","","","","","","SIR XGBoost Model","202503101","F1 score: 0.99, CI[0.98, 1.00]","Computational Method","",""
605,"605.124","Salmonella enterica subsp. enterica serovar Pullorum FHC-82","cefoxitin","Susceptible","","","","","","","","","","","SIR XGBoost Model","202503101","F1 score: 0.96, CI[0.93, 0.99]","Computational Method","",""
605,"605.124","Salmonella enterica subsp. enterica serovar Pullorum FHC-82","gentamicin","Susceptible","","","","","","","","","","","SIR XGBoost Model","202503101","F1 score: 0.92, CI[0.89, 0.95]","Computational Method","",""
605,"605.124","Salmonella enterica subsp. enterica serovar Pullorum FHC-82","kanamycin","Susceptible","","","","","","","","","","","SIR XGBoost Model","202503101","F1 score: 0.86, CI[0.77, 0.95]","Computational Method","",""
605,"605.124","Salmonella enterica subsp. enterica serovar Pullorum FHC-82","nalidixic acid","Resistant","","","","","","","","","","","SIR XGBoost Model","202503101","F1 score: 0.95, CI[0.93, 0.96]","Computational Method","",""
605,"605.124","Salmonella enterica subsp. enterica serovar Pullorum FHC-82","pefloxacin","Resistant","","","","","","","","","","","SIR XGBoost Model","202503101","F1 score: 0.98, CI[0.96, 1.00]","Computational Method","",""
605,"605.124","Salmonella enterica subsp. enterica serovar Pullorum FHC-82","sulfamethoxazole","Susceptible","","","","","","","","","","","SIR XGBoost Model","202503101","F1 score: 0.95, CI[0.93, 0.97]","Computational Method","",""
605,"605.124","Salmonella enterica subsp. enterica serovar Pullorum FHC-82","spectinomycin","Susceptible","","","","","","","","","","","SIR XGBoost Model","202503101","F1 score: 0.94, CI[0.90, 0.98]","Computational Method","",""
605,"605.124","Salmonella enterica subsp. enterica serovar Pullorum FHC-82","streptomycin","Susceptible","","","","","","","","","","","SIR XGBoost Model","202503101","F1 score: 0.94, CI[0.93, 0.96]","Computational Method","",""
605,"605.124","Salmonella enterica subsp. enterica serovar Pullorum FHC-82","tetracycline","Resistant","","","","","","","","","","","SIR XGBoost Model","202503101","F1 score: 0.97, CI[0.96, 0.98]","Computational Method","",""
605,"605.124","Salmonella enterica subsp. enterica serovar Pullorum FHC-82","ceftiofur","Susceptible","","","","","","","","","","","SIR XGBoost Model","202503101","F1 score: 0.98, CI[0.97, 1.00]","Computational Method","",""
605,"605.124","Salmonella enterica subsp. enterica serovar Pullorum FHC-82","trimethoprim","Susceptible","","","","","","","","","","","SIR XGBoost Model","202503101","F1 score: 0.86, CI[0.78, 0.93]","Computational Method","",""
605,"605.125","Salmonella enterica subsp. enterica serovar Pullorum FHC-76","amoxicillin/clavulanic acid","Susceptible","","","","","","","","","","","SIR XGBoost Model","202503101","F1 score: 0.96, CI[0.95, 0.97]","Computational Method","",""
605,"605.125","Salmonella enterica subsp. enterica serovar Pullorum FHC-76","ampicillin","Resistant","","","","","","","","","","","SIR XGBoost Model","202503101","F1 score: 0.93, CI[0.92, 0.93]","Computational Method","",""
605,"605.125","Salmonella enterica subsp. enterica serovar Pullorum FHC-76","azithromycin","Susceptible","","","","","","","","","","","SIR XGBoost Model","202503101","F1 score: 0.92, CI[0.87, 0.98]","Computational Method","",""
605,"605.125","Salmonella enterica subsp. enterica serovar Pullorum FHC-76","chloramphenicol","Susceptible","","","","","","","","","","","SIR XGBoost Model","202503101","F1 score: 0.90, CI[0.88, 0.91]","Computational Method","",""
605,"605.125","Salmonella enterica subsp. enterica serovar Pullorum FHC-76","ciprofloxacin","Susceptible","","","","","","","","","","","SIR XGBoost Model","202503101","F1 score: 0.95, CI[0.93, 0.96]","Computational Method","",""
605,"605.125","Salmonella enterica subsp. enterica serovar Pullorum FHC-76","ceftriaxone","Susceptible","","","","","","","","","","","SIR XGBoost Model","202503101","F1 score: 0.98, CI[0.97, 1.00]","Computational Method","",""
605,"605.125","Salmonella enterica subsp. enterica serovar Pullorum FHC-76","cefotaxime","Susceptible","","","","","","","","","","","SIR XGBoost Model","202503101","F1 score: 0.95, CI[0.90, 0.99]","Computational Method","",""
605,"605.125","Salmonella enterica subsp. enterica serovar Pullorum FHC-76","sulfisoxazole","Resistant","","","","","","","","","","","SIR XGBoost Model","202503101","F1 score: 0.99, CI[0.98, 1.00]","Computational Method","",""
605,"605.125","Salmonella enterica subsp. enterica serovar Pullorum FHC-76","cefoxitin","Susceptible","","","","","","","","","","","SIR XGBoost Model","202503101","F1 score: 0.96, CI[0.93, 0.99]","Computational Method","",""
605,"605.125","Salmonella enterica subsp. enterica serovar Pullorum FHC-76","gentamicin","Susceptible","","","","","","","","","","","SIR XGBoost Model","202503101","F1 score: 0.92, CI[0.89, 0.95]","Computational Method","",""
605,"605.125","Salmonella enterica subsp. enterica serovar Pullorum FHC-76","kanamycin","Susceptible","","","","","","","","","","","SIR XGBoost Model","202503101","F1 score: 0.86, CI[0.77, 0.95]","Computational Method","",""
605,"605.125","Salmonella enterica subsp. enterica serovar Pullorum FHC-76","nalidixic acid","Resistant","","","","","","","","","","","SIR XGBoost Model","202503101","F1 score: 0.95, CI[0.93, 0.96]","Computational Method","",""
605,"605.125","Salmonella enterica subsp. enterica serovar Pullorum FHC-76","pefloxacin","Resistant","","","","","","","","","","","SIR XGBoost Model","202503101","F1 score: 0.98, CI[0.96, 1.00]","Computational Method","",""
605,"605.125","Salmonella enterica subsp. enterica serovar Pullorum FHC-76","sulfamethoxazole","Susceptible","","","","","","","","","","","SIR XGBoost Model","202503101","F1 score: 0.95, CI[0.93, 0.97]","Computational Method","",""
605,"605.125","Salmonella enterica subsp. enterica serovar Pullorum FHC-76","spectinomycin","Susceptible","","","","","","","","","","","SIR XGBoost Model","202503101","F1 score: 0.94, CI[0.90, 0.98]","Computational Method","",""
605,"605.125","Salmonella enterica subsp. enterica serovar Pullorum FHC-76","streptomycin","Susceptible","","","","","","","","","","","SIR XGBoost Model","202503101","F1 score: 0.94, CI[0.93, 0.96]","Computational Method","",""
605,"605.125","Salmonella enterica subsp. enterica serovar Pullorum FHC-76","tetracycline","Susceptible","","","","","","","","","","","SIR XGBoost Model","202503101","F1 score: 0.97, CI[0.96, 0.98]","Computational Method","",""
605,"605.125","Salmonella enterica subsp. enterica serovar Pullorum FHC-76","ceftiofur","Susceptible","","","","","","","","","","","SIR XGBoost Model","202503101","F1 score: 0.98, CI[0.97, 1.00]","Computational Method","",""
605,"605.125","Salmonella enterica subsp. enterica serovar Pullorum FHC-76","trimethoprim","Susceptible","","","","","","","","","","","SIR XGBoost Model","202503101","F1 score: 0.86, CI[0.78, 0.93]","Computational Method","",""
605,"605.126","Salmonella enterica subsp. enterica serovar Pullorum FHC-84","amoxicillin/clavulanic acid","Susceptible","","","","","","","","","","","SIR XGBoost Model","202503101","F1 score: 0.96, CI[0.95, 0.97]","Computational Method","",""
605,"605.126","Salmonella enterica subsp. enterica serovar Pullorum FHC-84","ampicillin","Resistant","","","","","","","","","","","SIR XGBoost Model","202503101","F1 score: 0.93, CI[0.92, 0.93]","Computational Method","",""
605,"605.126","Salmonella enterica subsp. enterica serovar Pullorum FHC-84","azithromycin","Susceptible","","","","","","","","","","","SIR XGBoost Model","202503101","F1 score: 0.92, CI[0.87, 0.98]","Computational Method","",""
605,"605.126","Salmonella enterica subsp. enterica serovar Pullorum FHC-84","chloramphenicol","Susceptible","","","","","","","","","","","SIR XGBoost Model","202503101","F1 score: 0.90, CI[0.88, 0.91]","Computational Method","",""
605,"605.126","Salmonella enterica subsp. enterica serovar Pullorum FHC-84","ciprofloxacin","Susceptible","","","","","","","","","","","SIR XGBoost Model","202503101","F1 score: 0.95, CI[0.93, 0.96]","Computational Method","",""
605,"605.126","Salmonella enterica subsp. enterica serovar Pullorum FHC-84","ceftriaxone","Susceptible","","","","","","","","","","","SIR XGBoost Model","202503101","F1 score: 0.98, CI[0.97, 1.00]","Computational Method","",""
605,"605.126","Salmonella enterica subsp. enterica serovar Pullorum FHC-84","cefotaxime","Susceptible","","","","","","","","","","","SIR XGBoost Model","202503101","F1 score: 0.95, CI[0.90, 0.99]","Computational Method","",""
605,"605.126","Salmonella enterica subsp. enterica serovar Pullorum FHC-84","sulfisoxazole","Resistant","","","","","","","","","","","SIR XGBoost Model","202503101","F1 score: 0.99, CI[0.98, 1.00]","Computational Method","",""
605,"605.126","Salmonella enterica subsp. enterica serovar Pullorum FHC-84","cefoxitin","Susceptible","","","","","","","","","","","SIR XGBoost Model","202503101","F1 score: 0.96, CI[0.93, 0.99]","Computational Method","",""
605,"605.126","Salmonella enterica subsp. enterica serovar Pullorum FHC-84","gentamicin","Susceptible","","","","","","","","","","","SIR XGBoost Model","202503101","F1 score: 0.92, CI[0.89, 0.95]","Computational Method","",""
605,"605.126","Salmonella enterica subsp. enterica serovar Pullorum FHC-84","kanamycin","Susceptible","","","","","","","","","","","SIR XGBoost Model","202503101","F1 score: 0.86, CI[0.77, 0.95]","Computational Method","",""
605,"605.126","Salmonella enterica subsp. enterica serovar Pullorum FHC-84","nalidixic acid","Resistant","","","","","","","","","","","SIR XGBoost Model","202503101","F1 score: 0.95, CI[0.93, 0.96]","Computational Method","",""
605,"605.126","Salmonella enterica subsp. enterica serovar Pullorum FHC-84","pefloxacin","Resistant","","","","","","","","","","","SIR XGBoost Model","202503101","F1 score: 0.98, CI[0.96, 1.00]","Computational Method","",""
605,"605.126","Salmonella enterica subsp. enterica serovar Pullorum FHC-84","sulfamethoxazole","Susceptible","","","","","","","","","","","SIR XGBoost Model","202503101","F1 score: 0.95, CI[0.93, 0.97]","Computational Method","",""
605,"605.126","Salmonella enterica subsp. enterica serovar Pullorum FHC-84","spectinomycin","Susceptible","","","","","","","","","","","SIR XGBoost Model","202503101","F1 score: 0.94, CI[0.90, 0.98]","Computational Method","",""
605,"605.126","Salmonella enterica subsp. enterica serovar Pullorum FHC-84","streptomycin","Susceptible","","","","","","","","","","","SIR XGBoost Model","202503101","F1 score: 0.94, CI[0.93, 0.96]","Computational Method","",""
605,"605.126","Salmonella enterica subsp. enterica serovar Pullorum FHC-84","tetracycline","Resistant","","","","","","","","","","","SIR XGBoost Model","202503101","F1 score: 0.97, CI[0.96, 0.98]","Computational Method","",""
605,"605.126","Salmonella enterica subsp. enterica serovar Pullorum FHC-84","ceftiofur","Susceptible","","","","","","","","","","","SIR XGBoost Model","202503101","F1 score: 0.98, CI[0.97, 1.00]","Computational Method","",""
605,"605.126","Salmonella enterica subsp. enterica serovar Pullorum FHC-84","trimethoprim","Susceptible","","","","","","","","","","","SIR XGBoost Model","202503101","F1 score: 0.86, CI[0.78, 0.93]","Computational Method","",""
605,"605.127","Salmonella enterica subsp. enterica serovar Pullorum FHC-88","amoxicillin/clavulanic acid","Susceptible","","","","","","","","","","","SIR XGBoost Model","202503101","F1 score: 0.96, CI[0.95, 0.97]","Computational Method","",""
605,"605.127","Salmonella enterica subsp. enterica serovar Pullorum FHC-88","ampicillin","Resistant","","","","","","","","","","","SIR XGBoost Model","202503101","F1 score: 0.93, CI[0.92, 0.93]","Computational Method","",""
605,"605.127","Salmonella enterica subsp. enterica serovar Pullorum FHC-88","azithromycin","Susceptible","","","","","","","","","","","SIR XGBoost Model","202503101","F1 score: 0.92, CI[0.87, 0.98]","Computational Method","",""
605,"605.127","Salmonella enterica subsp. enterica serovar Pullorum FHC-88","chloramphenicol","Susceptible","","","","","","","","","","","SIR XGBoost Model","202503101","F1 score: 0.90, CI[0.88, 0.91]","Computational Method","",""
605,"605.127","Salmonella enterica subsp. enterica serovar Pullorum FHC-88","ciprofloxacin","Susceptible","","","","","","","","","","","SIR XGBoost Model","202503101","F1 score: 0.95, CI[0.93, 0.96]","Computational Method","",""
605,"605.127","Salmonella enterica subsp. enterica serovar Pullorum FHC-88","ceftriaxone","Susceptible","","","","","","","","","","","SIR XGBoost Model","202503101","F1 score: 0.98, CI[0.97, 1.00]","Computational Method","",""
605,"605.127","Salmonella enterica subsp. enterica serovar Pullorum FHC-88","cefotaxime","Susceptible","","","","","","","","","","","SIR XGBoost Model","202503101","F1 score: 0.95, CI[0.90, 0.99]","Computational Method","",""
605,"605.127","Salmonella enterica subsp. enterica serovar Pullorum FHC-88","sulfisoxazole","Resistant","","","","","","","","","","","SIR XGBoost Model","202503101","F1 score: 0.99, CI[0.98, 1.00]","Computational Method","",""
605,"605.127","Salmonella enterica subsp. enterica serovar Pullorum FHC-88","cefoxitin","Susceptible","","","","","","","","","","","SIR XGBoost Model","202503101","F1 score: 0.96, CI[0.93, 0.99]","Computational Method","",""
605,"605.127","Salmonella enterica subsp. enterica serovar Pullorum FHC-88","gentamicin","Susceptible","","","","","","","","","","","SIR XGBoost Model","202503101","F1 score: 0.92, CI[0.89, 0.95]","Computational Method","",""
605,"605.127","Salmonella enterica subsp. enterica serovar Pullorum FHC-88","kanamycin","Susceptible","","","","","","","","","","","SIR XGBoost Model","202503101","F1 score: 0.86, CI[0.77, 0.95]","Computational Method","",""
605,"605.127","Salmonella enterica subsp. enterica serovar Pullorum FHC-88","nalidixic acid","Resistant","","","","","","","","","","","SIR XGBoost Model","202503101","F1 score: 0.95, CI[0.93, 0.96]","Computational Method","",""
605,"605.127","Salmonella enterica subsp. enterica serovar Pullorum FHC-88","pefloxacin","Resistant","","","","","","","","","","","SIR XGBoost Model","202503101","F1 score: 0.98, CI[0.96, 1.00]","Computational Method","",""
605,"605.127","Salmonella enterica subsp. enterica serovar Pullorum FHC-88","sulfamethoxazole","Susceptible","","","","","","","","","","","SIR XGBoost Model","202503101","F1 score: 0.95, CI[0.93, 0.97]","Computational Method","",""
605,"605.127","Salmonella enterica subsp. enterica serovar Pullorum FHC-88","spectinomycin","Susceptible","","","","","","","","","","","SIR XGBoost Model","202503101","F1 score: 0.94, CI[0.90, 0.98]","Computational Method","",""
605,"605.127","Salmonella enterica subsp. enterica serovar Pullorum FHC-88","streptomycin","Susceptible","","","","","","","","","","","SIR XGBoost Model","202503101","F1 score: 0.94, CI[0.93, 0.96]","Computational Method","",""
605,"605.127","Salmonella enterica subsp. enterica serovar Pullorum FHC-88","tetracycline","Susceptible","","","","","","","","","","","SIR XGBoost Model","202503101","F1 score: 0.97, CI[0.96, 0.98]","Computational Method","",""
605,"605.127","Salmonella enterica subsp. enterica serovar Pullorum FHC-88","ceftiofur","Susceptible","","","","","","","","","","","SIR XGBoost Model","202503101","F1 score: 0.98, CI[0.97, 1.00]","Computational Method","",""
605,"605.127","Salmonella enterica subsp. enterica serovar Pullorum FHC-88","trimethoprim","Susceptible","","","","","","","","","","","SIR XGBoost Model","202503101","F1 score: 0.86, CI[0.78, 0.93]","Computational Method","",""
605,"605.128","Salmonella enterica subsp. enterica serovar Pullorum FHC-85","amoxicillin/clavulanic acid","Susceptible","","","","","","","","","","","SIR XGBoost Model","202503101","F1 score: 0.96, CI[0.95, 0.97]","Computational Method","",""
605,"605.128","Salmonella enterica subsp. enterica serovar Pullorum FHC-85","ampicillin","Resistant","","","","","","","","","","","SIR XGBoost Model","202503101","F1 score: 0.93, CI[0.92, 0.93]","Computational Method","",""
605,"605.128","Salmonella enterica subsp. enterica serovar Pullorum FHC-85","azithromycin","Susceptible","","","","","","","","","","","SIR XGBoost Model","202503101","F1 score: 0.92, CI[0.87, 0.98]","Computational Method","",""
605,"605.128","Salmonella enterica subsp. enterica serovar Pullorum FHC-85","chloramphenicol","Susceptible","","","","","","","","","","","SIR XGBoost Model","202503101","F1 score: 0.90, CI[0.88, 0.91]","Computational Method","",""
605,"605.128","Salmonella enterica subsp. enterica serovar Pullorum FHC-85","ciprofloxacin","Susceptible","","","","","","","","","","","SIR XGBoost Model","202503101","F1 score: 0.95, CI[0.93, 0.96]","Computational Method","",""
605,"605.128","Salmonella enterica subsp. enterica serovar Pullorum FHC-85","ceftriaxone","Susceptible","","","","","","","","","","","SIR XGBoost Model","202503101","F1 score: 0.98, CI[0.97, 1.00]","Computational Method","",""
605,"605.128","Salmonella enterica subsp. enterica serovar Pullorum FHC-85","cefotaxime","Susceptible","","","","","","","","","","","SIR XGBoost Model","202503101","F1 score: 0.95, CI[0.90, 0.99]","Computational Method","",""
605,"605.128","Salmonella enterica subsp. enterica serovar Pullorum FHC-85","sulfisoxazole","Resistant","","","","","","","","","","","SIR XGBoost Model","202503101","F1 score: 0.99, CI[0.98, 1.00]","Computational Method","",""
605,"605.128","Salmonella enterica subsp. enterica serovar Pullorum FHC-85","cefoxitin","Susceptible","","","","","","","","","","","SIR XGBoost Model","202503101","F1 score: 0.96, CI[0.93, 0.99]","Computational Method","",""
605,"605.128","Salmonella enterica subsp. enterica serovar Pullorum FHC-85","gentamicin","Susceptible","","","","","","","","","","","SIR XGBoost Model","202503101","F1 score: 0.92, CI[0.89, 0.95]","Computational Method","",""
605,"605.128","Salmonella enterica subsp. enterica serovar Pullorum FHC-85","kanamycin","Susceptible","","","","","","","","","","","SIR XGBoost Model","202503101","F1 score: 0.86, CI[0.77, 0.95]","Computational Method","",""
605,"605.128","Salmonella enterica subsp. enterica serovar Pullorum FHC-85","nalidixic acid","Resistant","","","","","","","","","","","SIR XGBoost Model","202503101","F1 score: 0.95, CI[0.93, 0.96]","Computational Method","",""
605,"605.128","Salmonella enterica subsp. enterica serovar Pullorum FHC-85","pefloxacin","Resistant","","","","","","","","","","","SIR XGBoost Model","202503101","F1 score: 0.98, CI[0.96, 1.00]","Computational Method","",""
605,"605.128","Salmonella enterica subsp. enterica serovar Pullorum FHC-85","sulfamethoxazole","Susceptible","","","","","","","","","","","SIR XGBoost Model","202503101","F1 score: 0.95, CI[0.93, 0.97]","Computational Method","",""
605,"605.128","Salmonella enterica subsp. enterica serovar Pullorum FHC-85","spectinomycin","Susceptible","","","","","","","","","","","SIR XGBoost Model","202503101","F1 score: 0.94, CI[0.90, 0.98]","Computational Method","",""
605,"605.128","Salmonella enterica subsp. enterica serovar Pullorum FHC-85","streptomycin","Susceptible","","","","","","","","","","","SIR XGBoost Model","202503101","F1 score: 0.94, CI[0.93, 0.96]","Computational Method","",""
605,"605.128","Salmonella enterica subsp. enterica serovar Pullorum FHC-85","tetracycline","Resistant","","","","","","","","","","","SIR XGBoost Model","202503101","F1 score: 0.97, CI[0.96, 0.98]","Computational Method","",""
605,"605.128","Salmonella enterica subsp. enterica serovar Pullorum FHC-85","ceftiofur","Susceptible","","","","","","","","","","","SIR XGBoost Model","202503101","F1 score: 0.98, CI[0.97, 1.00]","Computational Method","",""
605,"605.128","Salmonella enterica subsp. enterica serovar Pullorum FHC-85","trimethoprim","Susceptible","","","","","","","","","","","SIR XGBoost Model","202503101","F1 score: 0.86, CI[0.78, 0.93]","Computational Method","",""
605,"605.129","Salmonella enterica subsp. enterica serovar Pullorum FHC-86","amoxicillin/clavulanic acid","Susceptible","","","","","","","","","","","SIR XGBoost Model","202503101","F1 score: 0.96, CI[0.95, 0.97]","Computational Method","",""
605,"605.129","Salmonella enterica subsp. enterica serovar Pullorum FHC-86","ampicillin","Resistant","","","","","","","","","","","SIR XGBoost Model","202503101","F1 score: 0.93, CI[0.92, 0.93]","Computational Method","",""
605,"605.129","Salmonella enterica subsp. enterica serovar Pullorum FHC-86","azithromycin","Susceptible","","","","","","","","","","","SIR XGBoost Model","202503101","F1 score: 0.92, CI[0.87, 0.98]","Computational Method","",""
605,"605.129","Salmonella enterica subsp. enterica serovar Pullorum FHC-86","chloramphenicol","Susceptible","","","","","","","","","","","SIR XGBoost Model","202503101","F1 score: 0.90, CI[0.88, 0.91]","Computational Method","",""
605,"605.129","Salmonella enterica subsp. enterica serovar Pullorum FHC-86","ciprofloxacin","Susceptible","","","","","","","","","","","SIR XGBoost Model","202503101","F1 score: 0.95, CI[0.93, 0.96]","Computational Method","",""
605,"605.129","Salmonella enterica subsp. enterica serovar Pullorum FHC-86","ceftriaxone","Susceptible","","","","","","","","","","","SIR XGBoost Model","202503101","F1 score: 0.98, CI[0.97, 1.00]","Computational Method","",""
605,"605.129","Salmonella enterica subsp. enterica serovar Pullorum FHC-86","cefotaxime","Susceptible","","","","","","","","","","","SIR XGBoost Model","202503101","F1 score: 0.95, CI[0.90, 0.99]","Computational Method","",""
605,"605.129","Salmonella enterica subsp. enterica serovar Pullorum FHC-86","sulfisoxazole","Resistant","","","","","","","","","","","SIR XGBoost Model","202503101","F1 score: 0.99, CI[0.98, 1.00]","Computational Method","",""
605,"605.129","Salmonella enterica subsp. enterica serovar Pullorum FHC-86","cefoxitin","Susceptible","","","","","","","","","","","SIR XGBoost Model","202503101","F1 score: 0.96, CI[0.93, 0.99]","Computational Method","",""
605,"605.129","Salmonella enterica subsp. enterica serovar Pullorum FHC-86","gentamicin","Susceptible","","","","","","","","","","","SIR XGBoost Model","202503101","F1 score: 0.92, CI[0.89, 0.95]","Computational Method","",""
605,"605.129","Salmonella enterica subsp. enterica serovar Pullorum FHC-86","kanamycin","Susceptible","","","","","","","","","","","SIR XGBoost Model","202503101","F1 score: 0.86, CI[0.77, 0.95]","Computational Method","",""
605,"605.129","Salmonella enterica subsp. enterica serovar Pullorum FHC-86","nalidixic acid","Resistant","","","","","","","","","","","SIR XGBoost Model","202503101","F1 score: 0.95, CI[0.93, 0.96]","Computational Method","",""
605,"605.129","Salmonella enterica subsp. enterica serovar Pullorum FHC-86","pefloxacin","Resistant","","","","","","","","","","","SIR XGBoost Model","202503101","F1 score: 0.98, CI[0.96, 1.00]","Computational Method","",""
605,"605.129","Salmonella enterica subsp. enterica serovar Pullorum FHC-86","sulfamethoxazole","Susceptible","","","","","","","","","","","SIR XGBoost Model","202503101","F1 score: 0.95, CI[0.93, 0.97]","Computational Method","",""
605,"605.129","Salmonella enterica subsp. enterica serovar Pullorum FHC-86","spectinomycin","Susceptible","","","","","","","","","","","SIR XGBoost Model","202503101","F1 score: 0.94, CI[0.90, 0.98]","Computational Method","",""
605,"605.129","Salmonella enterica subsp. enterica serovar Pullorum FHC-86","streptomycin","Susceptible","","","","","","","","","","","SIR XGBoost Model","202503101","F1 score: 0.94, CI[0.93, 0.96]","Computational Method","",""
605,"605.129","Salmonella enterica subsp. enterica serovar Pullorum FHC-86","tetracycline","Susceptible","","","","","","","","","","","SIR XGBoost Model","202503101","F1 score: 0.97, CI[0.96, 0.98]","Computational Method","",""
605,"605.129","Salmonella enterica subsp. enterica serovar Pullorum FHC-86","ceftiofur","Susceptible","","","","","","","","","","","SIR XGBoost Model","202503101","F1 score: 0.98, CI[0.97, 1.00]","Computational Method","",""
605,"605.129","Salmonella enterica subsp. enterica serovar Pullorum FHC-86","trimethoprim","Susceptible","","","","","","","","","","","SIR XGBoost Model","202503101","F1 score: 0.86, CI[0.78, 0.93]","Computational Method","",""
605,"605.130","Salmonella enterica subsp. enterica serovar Pullorum FHC-87","amoxicillin/clavulanic acid","Susceptible","","","","","","","","","","","SIR XGBoost Model","202503101","F1 score: 0.96, CI[0.95, 0.97]","Computational Method","",""
605,"605.130","Salmonella enterica subsp. enterica serovar Pullorum FHC-87","ampicillin","Susceptible","","","","","","","","","","","SIR XGBoost Model","202503101","F1 score: 0.93, CI[0.92, 0.93]","Computational Method","",""
605,"605.130","Salmonella enterica subsp. enterica serovar Pullorum FHC-87","azithromycin","Susceptible","","","","","","","","","","","SIR XGBoost Model","202503101","F1 score: 0.92, CI[0.87, 0.98]","Computational Method","",""
605,"605.130","Salmonella enterica subsp. enterica serovar Pullorum FHC-87","chloramphenicol","Susceptible","","","","","","","","","","","SIR XGBoost Model","202503101","F1 score: 0.90, CI[0.88, 0.91]","Computational Method","",""
605,"605.130","Salmonella enterica subsp. enterica serovar Pullorum FHC-87","ciprofloxacin","Susceptible","","","","","","","","","","","SIR XGBoost Model","202503101","F1 score: 0.95, CI[0.93, 0.96]","Computational Method","",""
605,"605.130","Salmonella enterica subsp. enterica serovar Pullorum FHC-87","ceftriaxone","Susceptible","","","","","","","","","","","SIR XGBoost Model","202503101","F1 score: 0.98, CI[0.97, 1.00]","Computational Method","",""
605,"605.130","Salmonella enterica subsp. enterica serovar Pullorum FHC-87","cefotaxime","Susceptible","","","","","","","","","","","SIR XGBoost Model","202503101","F1 score: 0.95, CI[0.90, 0.99]","Computational Method","",""
605,"605.130","Salmonella enterica subsp. enterica serovar Pullorum FHC-87","sulfisoxazole","Resistant","","","","","","","","","","","SIR XGBoost Model","202503101","F1 score: 0.99, CI[0.98, 1.00]","Computational Method","",""
605,"605.130","Salmonella enterica subsp. enterica serovar Pullorum FHC-87","cefoxitin","Susceptible","","","","","","","","","","","SIR XGBoost Model","202503101","F1 score: 0.96, CI[0.93, 0.99]","Computational Method","",""
605,"605.130","Salmonella enterica subsp. enterica serovar Pullorum FHC-87","gentamicin","Susceptible","","","","","","","","","","","SIR XGBoost Model","202503101","F1 score: 0.92, CI[0.89, 0.95]","Computational Method","",""
605,"605.130","Salmonella enterica subsp. enterica serovar Pullorum FHC-87","kanamycin","Susceptible","","","","","","","","","","","SIR XGBoost Model","202503101","F1 score: 0.86, CI[0.77, 0.95]","Computational Method","",""
605,"605.130","Salmonella enterica subsp. enterica serovar Pullorum FHC-87","nalidixic acid","Resistant","","","","","","","","","","","SIR XGBoost Model","202503101","F1 score: 0.95, CI[0.93, 0.96]","Computational Method","",""
605,"605.130","Salmonella enterica subsp. enterica serovar Pullorum FHC-87","pefloxacin","Resistant","","","","","","","","","","","SIR XGBoost Model","202503101","F1 score: 0.98, CI[0.96, 1.00]","Computational Method","",""
605,"605.130","Salmonella enterica subsp. enterica serovar Pullorum FHC-87","sulfamethoxazole","Resistant","","","","","","","","","","","SIR XGBoost Model","202503101","F1 score: 0.95, CI[0.93, 0.97]","Computational Method","",""
605,"605.130","Salmonella enterica subsp. enterica serovar Pullorum FHC-87","spectinomycin","Susceptible","","","","","","","","","","","SIR XGBoost Model","202503101","F1 score: 0.94, CI[0.90, 0.98]","Computational Method","",""
605,"605.130","Salmonella enterica subsp. enterica serovar Pullorum FHC-87","streptomycin","Susceptible","","","","","","","","","","","SIR XGBoost Model","202503101","F1 score: 0.94, CI[0.93, 0.96]","Computational Method","",""
605,"605.130","Salmonella enterica subsp. enterica serovar Pullorum FHC-87","tetracycline","Resistant","","","","","","","","","","","SIR XGBoost Model","202503101","F1 score: 0.97, CI[0.96, 0.98]","Computational Method","",""
605,"605.130","Salmonella enterica subsp. enterica serovar Pullorum FHC-87","ceftiofur","Susceptible","","","","","","","","","","","SIR XGBoost Model","202503101","F1 score: 0.98, CI[0.97, 1.00]","Computational Method","",""
605,"605.130","Salmonella enterica subsp. enterica serovar Pullorum FHC-87","trimethoprim","Susceptible","","","","","","","","","","","SIR XGBoost Model","202503101","F1 score: 0.86, CI[0.78, 0.93]","Computational Method","",""
605,"605.131","Salmonella enterica subsp. enterica serovar Pullorum FHC-97","amoxicillin/clavulanic acid","Susceptible","","","","","","","","","","","SIR XGBoost Model","202503101","F1 score: 0.96, CI[0.95, 0.97]","Computational Method","",""
605,"605.131","Salmonella enterica subsp. enterica serovar Pullorum FHC-97","ampicillin","Resistant","","","","","","","","","","","SIR XGBoost Model","202503101","F1 score: 0.93, CI[0.92, 0.93]","Computational Method","",""
605,"605.131","Salmonella enterica subsp. enterica serovar Pullorum FHC-97","azithromycin","Susceptible","","","","","","","","","","","SIR XGBoost Model","202503101","F1 score: 0.92, CI[0.87, 0.98]","Computational Method","",""
605,"605.131","Salmonella enterica subsp. enterica serovar Pullorum FHC-97","chloramphenicol","Susceptible","","","","","","","","","","","SIR XGBoost Model","202503101","F1 score: 0.90, CI[0.88, 0.91]","Computational Method","",""
605,"605.131","Salmonella enterica subsp. enterica serovar Pullorum FHC-97","ciprofloxacin","Susceptible","","","","","","","","","","","SIR XGBoost Model","202503101","F1 score: 0.95, CI[0.93, 0.96]","Computational Method","",""
605,"605.131","Salmonella enterica subsp. enterica serovar Pullorum FHC-97","ceftriaxone","Susceptible","","","","","","","","","","","SIR XGBoost Model","202503101","F1 score: 0.98, CI[0.97, 1.00]","Computational Method","",""
605,"605.131","Salmonella enterica subsp. enterica serovar Pullorum FHC-97","cefotaxime","Susceptible","","","","","","","","","","","SIR XGBoost Model","202503101","F1 score: 0.95, CI[0.90, 0.99]","Computational Method","",""
605,"605.131","Salmonella enterica subsp. enterica serovar Pullorum FHC-97","sulfisoxazole","Resistant","","","","","","","","","","","SIR XGBoost Model","202503101","F1 score: 0.99, CI[0.98, 1.00]","Computational Method","",""
605,"605.131","Salmonella enterica subsp. enterica serovar Pullorum FHC-97","cefoxitin","Susceptible","","","","","","","","","","","SIR XGBoost Model","202503101","F1 score: 0.96, CI[0.93, 0.99]","Computational Method","",""
605,"605.131","Salmonella enterica subsp. enterica serovar Pullorum FHC-97","gentamicin","Susceptible","","","","","","","","","","","SIR XGBoost Model","202503101","F1 score: 0.92, CI[0.89, 0.95]","Computational Method","",""
605,"605.131","Salmonella enterica subsp. enterica serovar Pullorum FHC-97","kanamycin","Susceptible","","","","","","","","","","","SIR XGBoost Model","202503101","F1 score: 0.86, CI[0.77, 0.95]","Computational Method","",""
605,"605.131","Salmonella enterica subsp. enterica serovar Pullorum FHC-97","nalidixic acid","Resistant","","","","","","","","","","","SIR XGBoost Model","202503101","F1 score: 0.95, CI[0.93, 0.96]","Computational Method","",""
605,"605.131","Salmonella enterica subsp. enterica serovar Pullorum FHC-97","pefloxacin","Resistant","","","","","","","","","","","SIR XGBoost Model","202503101","F1 score: 0.98, CI[0.96, 1.00]","Computational Method","",""
605,"605.131","Salmonella enterica subsp. enterica serovar Pullorum FHC-97","sulfamethoxazole","Susceptible","","","","","","","","","","","SIR XGBoost Model","202503101","F1 score: 0.95, CI[0.93, 0.97]","Computational Method","",""
605,"605.131","Salmonella enterica subsp. enterica serovar Pullorum FHC-97","spectinomycin","Susceptible","","","","","","","","","","","SIR XGBoost Model","202503101","F1 score: 0.94, CI[0.90, 0.98]","Computational Method","",""
605,"605.131","Salmonella enterica subsp. enterica serovar Pullorum FHC-97","streptomycin","Susceptible","","","","","","","","","","","SIR XGBoost Model","202503101","F1 score: 0.94, CI[0.93, 0.96]","Computational Method","",""
605,"605.131","Salmonella enterica subsp. enterica serovar Pullorum FHC-97","tetracycline","Resistant","","","","","","","","","","","SIR XGBoost Model","202503101","F1 score: 0.97, CI[0.96, 0.98]","Computational Method","",""
605,"605.131","Salmonella enterica subsp. enterica serovar Pullorum FHC-97","ceftiofur","Susceptible","","","","","","","","","","","SIR XGBoost Model","202503101","F1 score: 0.98, CI[0.97, 1.00]","Computational Method","",""
605,"605.131","Salmonella enterica subsp. enterica serovar Pullorum FHC-97","trimethoprim","Susceptible","","","","","","","","","","","SIR XGBoost Model","202503101","F1 score: 0.86, CI[0.78, 0.93]","Computational Method","",""
605,"605.132","Salmonella enterica subsp. enterica serovar Pullorum FHC-4","amoxicillin/clavulanic acid","Susceptible","","","","","","","","","","","SIR XGBoost Model","202503101","F1 score: 0.96, CI[0.95, 0.97]","Computational Method","",""
605,"605.132","Salmonella enterica subsp. enterica serovar Pullorum FHC-4","ampicillin","Resistant","","","","","","","","","","","SIR XGBoost Model","202503101","F1 score: 0.93, CI[0.92, 0.93]","Computational Method","",""
605,"605.132","Salmonella enterica subsp. enterica serovar Pullorum FHC-4","azithromycin","Susceptible","","","","","","","","","","","SIR XGBoost Model","202503101","F1 score: 0.92, CI[0.87, 0.98]","Computational Method","",""
605,"605.132","Salmonella enterica subsp. enterica serovar Pullorum FHC-4","chloramphenicol","Susceptible","","","","","","","","","","","SIR XGBoost Model","202503101","F1 score: 0.90, CI[0.88, 0.91]","Computational Method","",""
605,"605.132","Salmonella enterica subsp. enterica serovar Pullorum FHC-4","ciprofloxacin","Susceptible","","","","","","","","","","","SIR XGBoost Model","202503101","F1 score: 0.95, CI[0.93, 0.96]","Computational Method","",""
605,"605.132","Salmonella enterica subsp. enterica serovar Pullorum FHC-4","ceftriaxone","Susceptible","","","","","","","","","","","SIR XGBoost Model","202503101","F1 score: 0.98, CI[0.97, 1.00]","Computational Method","",""
605,"605.132","Salmonella enterica subsp. enterica serovar Pullorum FHC-4","cefotaxime","Susceptible","","","","","","","","","","","SIR XGBoost Model","202503101","F1 score: 0.95, CI[0.90, 0.99]","Computational Method","",""
605,"605.132","Salmonella enterica subsp. enterica serovar Pullorum FHC-4","sulfisoxazole","Resistant","","","","","","","","","","","SIR XGBoost Model","202503101","F1 score: 0.99, CI[0.98, 1.00]","Computational Method","",""
605,"605.132","Salmonella enterica subsp. enterica serovar Pullorum FHC-4","cefoxitin","Susceptible","","","","","","","","","","","SIR XGBoost Model","202503101","F1 score: 0.96, CI[0.93, 0.99]","Computational Method","",""
605,"605.132","Salmonella enterica subsp. enterica serovar Pullorum FHC-4","gentamicin","Susceptible","","","","","","","","","","","SIR XGBoost Model","202503101","F1 score: 0.92, CI[0.89, 0.95]","Computational Method","",""
605,"605.132","Salmonella enterica subsp. enterica serovar Pullorum FHC-4","kanamycin","Susceptible","","","","","","","","","","","SIR XGBoost Model","202503101","F1 score: 0.86, CI[0.77, 0.95]","Computational Method","",""
605,"605.132","Salmonella enterica subsp. enterica serovar Pullorum FHC-4","nalidixic acid","Resistant","","","","","","","","","","","SIR XGBoost Model","202503101","F1 score: 0.95, CI[0.93, 0.96]","Computational Method","",""
605,"605.132","Salmonella enterica subsp. enterica serovar Pullorum FHC-4","pefloxacin","Resistant","","","","","","","","","","","SIR XGBoost Model","202503101","F1 score: 0.98, CI[0.96, 1.00]","Computational Method","",""
605,"605.132","Salmonella enterica subsp. enterica serovar Pullorum FHC-4","sulfamethoxazole","Susceptible","","","","","","","","","","","SIR XGBoost Model","202503101","F1 score: 0.95, CI[0.93, 0.97]","Computational Method","",""
605,"605.132","Salmonella enterica subsp. enterica serovar Pullorum FHC-4","spectinomycin","Susceptible","","","","","","","","","","","SIR XGBoost Model","202503101","F1 score: 0.94, CI[0.90, 0.98]","Computational Method","",""
605,"605.132","Salmonella enterica subsp. enterica serovar Pullorum FHC-4","streptomycin","Susceptible","","","","","","","","","","","SIR XGBoost Model","202503101","F1 score: 0.94, CI[0.93, 0.96]","Computational Method","",""
605,"605.132","Salmonella enterica subsp. enterica serovar Pullorum FHC-4","tetracycline","Resistant","","","","","","","","","","","SIR XGBoost Model","202503101","F1 score: 0.97, CI[0.96, 0.98]","Computational Method","",""
605,"605.132","Salmonella enterica subsp. enterica serovar Pullorum FHC-4","ceftiofur","Susceptible","","","","","","","","","","","SIR XGBoost Model","202503101","F1 score: 0.98, CI[0.97, 1.00]","Computational Method","",""
605,"605.132","Salmonella enterica subsp. enterica serovar Pullorum FHC-4","trimethoprim","Susceptible","","","","","","","","","","","SIR XGBoost Model","202503101","F1 score: 0.86, CI[0.78, 0.93]","Computational Method","",""
605,"605.133","Salmonella enterica subsp. enterica serovar Pullorum FHC-57","amoxicillin/clavulanic acid","Susceptible","","","","","","","","","","","SIR XGBoost Model","202503101","F1 score: 0.96, CI[0.95, 0.97]","Computational Method","",""
605,"605.133","Salmonella enterica subsp. enterica serovar Pullorum FHC-57","ampicillin","Resistant","","","","","","","","","","","SIR XGBoost Model","202503101","F1 score: 0.93, CI[0.92, 0.93]","Computational Method","",""
605,"605.133","Salmonella enterica subsp. enterica serovar Pullorum FHC-57","azithromycin","Susceptible","","","","","","","","","","","SIR XGBoost Model","202503101","F1 score: 0.92, CI[0.87, 0.98]","Computational Method","",""
605,"605.133","Salmonella enterica subsp. enterica serovar Pullorum FHC-57","chloramphenicol","Susceptible","","","","","","","","","","","SIR XGBoost Model","202503101","F1 score: 0.90, CI[0.88, 0.91]","Computational Method","",""
605,"605.133","Salmonella enterica subsp. enterica serovar Pullorum FHC-57","ciprofloxacin","Susceptible","","","","","","","","","","","SIR XGBoost Model","202503101","F1 score: 0.95, CI[0.93, 0.96]","Computational Method","",""
605,"605.133","Salmonella enterica subsp. enterica serovar Pullorum FHC-57","ceftriaxone","Susceptible","","","","","","","","","","","SIR XGBoost Model","202503101","F1 score: 0.98, CI[0.97, 1.00]","Computational Method","",""
605,"605.133","Salmonella enterica subsp. enterica serovar Pullorum FHC-57","cefotaxime","Susceptible","","","","","","","","","","","SIR XGBoost Model","202503101","F1 score: 0.95, CI[0.90, 0.99]","Computational Method","",""
605,"605.133","Salmonella enterica subsp. enterica serovar Pullorum FHC-57","sulfisoxazole","Resistant","","","","","","","","","","","SIR XGBoost Model","202503101","F1 score: 0.99, CI[0.98, 1.00]","Computational Method","",""
605,"605.133","Salmonella enterica subsp. enterica serovar Pullorum FHC-57","cefoxitin","Susceptible","","","","","","","","","","","SIR XGBoost Model","202503101","F1 score: 0.96, CI[0.93, 0.99]","Computational Method","",""
605,"605.133","Salmonella enterica subsp. enterica serovar Pullorum FHC-57","gentamicin","Susceptible","","","","","","","","","","","SIR XGBoost Model","202503101","F1 score: 0.92, CI[0.89, 0.95]","Computational Method","",""
605,"605.133","Salmonella enterica subsp. enterica serovar Pullorum FHC-57","kanamycin","Susceptible","","","","","","","","","","","SIR XGBoost Model","202503101","F1 score: 0.86, CI[0.77, 0.95]","Computational Method","",""
605,"605.133","Salmonella enterica subsp. enterica serovar Pullorum FHC-57","nalidixic acid","Resistant","","","","","","","","","","","SIR XGBoost Model","202503101","F1 score: 0.95, CI[0.93, 0.96]","Computational Method","",""
605,"605.133","Salmonella enterica subsp. enterica serovar Pullorum FHC-57","pefloxacin","Resistant","","","","","","","","","","","SIR XGBoost Model","202503101","F1 score: 0.98, CI[0.96, 1.00]","Computational Method","",""
605,"605.133","Salmonella enterica subsp. enterica serovar Pullorum FHC-57","sulfamethoxazole","Susceptible","","","","","","","","","","","SIR XGBoost Model","202503101","F1 score: 0.95, CI[0.93, 0.97]","Computational Method","",""
605,"605.133","Salmonella enterica subsp. enterica serovar Pullorum FHC-57","spectinomycin","Susceptible","","","","","","","","","","","SIR XGBoost Model","202503101","F1 score: 0.94, CI[0.90, 0.98]","Computational Method","",""
605,"605.133","Salmonella enterica subsp. enterica serovar Pullorum FHC-57","streptomycin","Susceptible","","","","","","","","","","","SIR XGBoost Model","202503101","F1 score: 0.94, CI[0.93, 0.96]","Computational Method","",""
605,"605.133","Salmonella enterica subsp. enterica serovar Pullorum FHC-57","tetracycline","Susceptible","","","","","","","","","","","SIR XGBoost Model","202503101","F1 score: 0.97, CI[0.96, 0.98]","Computational Method","",""
605,"605.133","Salmonella enterica subsp. enterica serovar Pullorum FHC-57","ceftiofur","Susceptible","","","","","","","","","","","SIR XGBoost Model","202503101","F1 score: 0.98, CI[0.97, 1.00]","Computational Method","",""
605,"605.133","Salmonella enterica subsp. enterica serovar Pullorum FHC-57","trimethoprim","Susceptible","","","","","","","","","","","SIR XGBoost Model","202503101","F1 score: 0.86, CI[0.78, 0.93]","Computational Method","",""
605,"605.134","Salmonella enterica subsp. enterica serovar Pullorum FHC-59","amoxicillin/clavulanic acid","Susceptible","","","","","","","","","","","SIR XGBoost Model","202503101","F1 score: 0.96, CI[0.95, 0.97]","Computational Method","",""
605,"605.134","Salmonella enterica subsp. enterica serovar Pullorum FHC-59","ampicillin","Resistant","","","","","","","","","","","SIR XGBoost Model","202503101","F1 score: 0.93, CI[0.92, 0.93]","Computational Method","",""
605,"605.134","Salmonella enterica subsp. enterica serovar Pullorum FHC-59","azithromycin","Susceptible","","","","","","","","","","","SIR XGBoost Model","202503101","F1 score: 0.92, CI[0.87, 0.98]","Computational Method","",""
605,"605.134","Salmonella enterica subsp. enterica serovar Pullorum FHC-59","chloramphenicol","Susceptible","","","","","","","","","","","SIR XGBoost Model","202503101","F1 score: 0.90, CI[0.88, 0.91]","Computational Method","",""
605,"605.134","Salmonella enterica subsp. enterica serovar Pullorum FHC-59","ciprofloxacin","Susceptible","","","","","","","","","","","SIR XGBoost Model","202503101","F1 score: 0.95, CI[0.93, 0.96]","Computational Method","",""
605,"605.134","Salmonella enterica subsp. enterica serovar Pullorum FHC-59","ceftriaxone","Susceptible","","","","","","","","","","","SIR XGBoost Model","202503101","F1 score: 0.98, CI[0.97, 1.00]","Computational Method","",""
605,"605.134","Salmonella enterica subsp. enterica serovar Pullorum FHC-59","cefotaxime","Susceptible","","","","","","","","","","","SIR XGBoost Model","202503101","F1 score: 0.95, CI[0.90, 0.99]","Computational Method","",""
605,"605.134","Salmonella enterica subsp. enterica serovar Pullorum FHC-59","sulfisoxazole","Resistant","","","","","","","","","","","SIR XGBoost Model","202503101","F1 score: 0.99, CI[0.98, 1.00]","Computational Method","",""
605,"605.134","Salmonella enterica subsp. enterica serovar Pullorum FHC-59","cefoxitin","Susceptible","","","","","","","","","","","SIR XGBoost Model","202503101","F1 score: 0.96, CI[0.93, 0.99]","Computational Method","",""
605,"605.134","Salmonella enterica subsp. enterica serovar Pullorum FHC-59","gentamicin","Susceptible","","","","","","","","","","","SIR XGBoost Model","202503101","F1 score: 0.92, CI[0.89, 0.95]","Computational Method","",""
605,"605.134","Salmonella enterica subsp. enterica serovar Pullorum FHC-59","kanamycin","Susceptible","","","","","","","","","","","SIR XGBoost Model","202503101","F1 score: 0.86, CI[0.77, 0.95]","Computational Method","",""
605,"605.134","Salmonella enterica subsp. enterica serovar Pullorum FHC-59","nalidixic acid","Resistant","","","","","","","","","","","SIR XGBoost Model","202503101","F1 score: 0.95, CI[0.93, 0.96]","Computational Method","",""
605,"605.134","Salmonella enterica subsp. enterica serovar Pullorum FHC-59","pefloxacin","Resistant","","","","","","","","","","","SIR XGBoost Model","202503101","F1 score: 0.98, CI[0.96, 1.00]","Computational Method","",""
605,"605.134","Salmonella enterica subsp. enterica serovar Pullorum FHC-59","sulfamethoxazole","Susceptible","","","","","","","","","","","SIR XGBoost Model","202503101","F1 score: 0.95, CI[0.93, 0.97]","Computational Method","",""
605,"605.134","Salmonella enterica subsp. enterica serovar Pullorum FHC-59","spectinomycin","Susceptible","","","","","","","","","","","SIR XGBoost Model","202503101","F1 score: 0.94, CI[0.90, 0.98]","Computational Method","",""
605,"605.134","Salmonella enterica subsp. enterica serovar Pullorum FHC-59","streptomycin","Susceptible","","","","","","","","","","","SIR XGBoost Model","202503101","F1 score: 0.94, CI[0.93, 0.96]","Computational Method","",""
605,"605.134","Salmonella enterica subsp. enterica serovar Pullorum FHC-59","tetracycline","Susceptible","","","","","","","","","","","SIR XGBoost Model","202503101","F1 score: 0.97, CI[0.96, 0.98]","Computational Method","",""
605,"605.134","Salmonella enterica subsp. enterica serovar Pullorum FHC-59","ceftiofur","Susceptible","","","","","","","","","","","SIR XGBoost Model","202503101","F1 score: 0.98, CI[0.97, 1.00]","Computational Method","",""
605,"605.134","Salmonella enterica subsp. enterica serovar Pullorum FHC-59","trimethoprim","Susceptible","","","","","","","","","","","SIR XGBoost Model","202503101","F1 score: 0.86, CI[0.78, 0.93]","Computational Method","",""
605,"605.135","Salmonella enterica subsp. enterica serovar Pullorum FHC-66","amoxicillin/clavulanic acid","Susceptible","","","","","","","","","","","SIR XGBoost Model","202503101","F1 score: 0.96, CI[0.95, 0.97]","Computational Method","",""
605,"605.135","Salmonella enterica subsp. enterica serovar Pullorum FHC-66","ampicillin","Resistant","","","","","","","","","","","SIR XGBoost Model","202503101","F1 score: 0.93, CI[0.92, 0.93]","Computational Method","",""
605,"605.135","Salmonella enterica subsp. enterica serovar Pullorum FHC-66","azithromycin","Susceptible","","","","","","","","","","","SIR XGBoost Model","202503101","F1 score: 0.92, CI[0.87, 0.98]","Computational Method","",""
605,"605.135","Salmonella enterica subsp. enterica serovar Pullorum FHC-66","chloramphenicol","Susceptible","","","","","","","","","","","SIR XGBoost Model","202503101","F1 score: 0.90, CI[0.88, 0.91]","Computational Method","",""
605,"605.135","Salmonella enterica subsp. enterica serovar Pullorum FHC-66","ciprofloxacin","Susceptible","","","","","","","","","","","SIR XGBoost Model","202503101","F1 score: 0.95, CI[0.93, 0.96]","Computational Method","",""
605,"605.135","Salmonella enterica subsp. enterica serovar Pullorum FHC-66","ceftriaxone","Susceptible","","","","","","","","","","","SIR XGBoost Model","202503101","F1 score: 0.98, CI[0.97, 1.00]","Computational Method","",""
605,"605.135","Salmonella enterica subsp. enterica serovar Pullorum FHC-66","cefotaxime","Susceptible","","","","","","","","","","","SIR XGBoost Model","202503101","F1 score: 0.95, CI[0.90, 0.99]","Computational Method","",""
605,"605.135","Salmonella enterica subsp. enterica serovar Pullorum FHC-66","sulfisoxazole","Resistant","","","","","","","","","","","SIR XGBoost Model","202503101","F1 score: 0.99, CI[0.98, 1.00]","Computational Method","",""
605,"605.135","Salmonella enterica subsp. enterica serovar Pullorum FHC-66","cefoxitin","Susceptible","","","","","","","","","","","SIR XGBoost Model","202503101","F1 score: 0.96, CI[0.93, 0.99]","Computational Method","",""
605,"605.135","Salmonella enterica subsp. enterica serovar Pullorum FHC-66","gentamicin","Susceptible","","","","","","","","","","","SIR XGBoost Model","202503101","F1 score: 0.92, CI[0.89, 0.95]","Computational Method","",""
605,"605.135","Salmonella enterica subsp. enterica serovar Pullorum FHC-66","kanamycin","Susceptible","","","","","","","","","","","SIR XGBoost Model","202503101","F1 score: 0.86, CI[0.77, 0.95]","Computational Method","",""
605,"605.135","Salmonella enterica subsp. enterica serovar Pullorum FHC-66","nalidixic acid","Resistant","","","","","","","","","","","SIR XGBoost Model","202503101","F1 score: 0.95, CI[0.93, 0.96]","Computational Method","",""
605,"605.135","Salmonella enterica subsp. enterica serovar Pullorum FHC-66","pefloxacin","Resistant","","","","","","","","","","","SIR XGBoost Model","202503101","F1 score: 0.98, CI[0.96, 1.00]","Computational Method","",""
605,"605.135","Salmonella enterica subsp. enterica serovar Pullorum FHC-66","sulfamethoxazole","Susceptible","","","","","","","","","","","SIR XGBoost Model","202503101","F1 score: 0.95, CI[0.93, 0.97]","Computational Method","",""
605,"605.135","Salmonella enterica subsp. enterica serovar Pullorum FHC-66","spectinomycin","Susceptible","","","","","","","","","","","SIR XGBoost Model","202503101","F1 score: 0.94, CI[0.90, 0.98]","Computational Method","",""
605,"605.135","Salmonella enterica subsp. enterica serovar Pullorum FHC-66","streptomycin","Susceptible","","","","","","","","","","","SIR XGBoost Model","202503101","F1 score: 0.94, CI[0.93, 0.96]","Computational Method","",""
605,"605.135","Salmonella enterica subsp. enterica serovar Pullorum FHC-66","tetracycline","Susceptible","","","","","","","","","","","SIR XGBoost Model","202503101","F1 score: 0.97, CI[0.96, 0.98]","Computational Method","",""
605,"605.135","Salmonella enterica subsp. enterica serovar Pullorum FHC-66","ceftiofur","Susceptible","","","","","","","","","","","SIR XGBoost Model","202503101","F1 score: 0.98, CI[0.97, 1.00]","Computational Method","",""
605,"605.135","Salmonella enterica subsp. enterica serovar Pullorum FHC-66","trimethoprim","Susceptible","","","","","","","","","","","SIR XGBoost Model","202503101","F1 score: 0.86, CI[0.78, 0.93]","Computational Method","",""
605,"605.136","Salmonella enterica subsp. enterica serovar Pullorum FHC-56","amoxicillin/clavulanic acid","Susceptible","","","","","","","","","","","SIR XGBoost Model","202503101","F1 score: 0.96, CI[0.95, 0.97]","Computational Method","",""
605,"605.136","Salmonella enterica subsp. enterica serovar Pullorum FHC-56","ampicillin","Resistant","","","","","","","","","","","SIR XGBoost Model","202503101","F1 score: 0.93, CI[0.92, 0.93]","Computational Method","",""
605,"605.136","Salmonella enterica subsp. enterica serovar Pullorum FHC-56","azithromycin","Susceptible","","","","","","","","","","","SIR XGBoost Model","202503101","F1 score: 0.92, CI[0.87, 0.98]","Computational Method","",""
605,"605.136","Salmonella enterica subsp. enterica serovar Pullorum FHC-56","chloramphenicol","Susceptible","","","","","","","","","","","SIR XGBoost Model","202503101","F1 score: 0.90, CI[0.88, 0.91]","Computational Method","",""
605,"605.136","Salmonella enterica subsp. enterica serovar Pullorum FHC-56","ciprofloxacin","Susceptible","","","","","","","","","","","SIR XGBoost Model","202503101","F1 score: 0.95, CI[0.93, 0.96]","Computational Method","",""
605,"605.136","Salmonella enterica subsp. enterica serovar Pullorum FHC-56","ceftriaxone","Susceptible","","","","","","","","","","","SIR XGBoost Model","202503101","F1 score: 0.98, CI[0.97, 1.00]","Computational Method","",""
605,"605.136","Salmonella enterica subsp. enterica serovar Pullorum FHC-56","cefotaxime","Susceptible","","","","","","","","","","","SIR XGBoost Model","202503101","F1 score: 0.95, CI[0.90, 0.99]","Computational Method","",""
605,"605.136","Salmonella enterica subsp. enterica serovar Pullorum FHC-56","sulfisoxazole","Resistant","","","","","","","","","","","SIR XGBoost Model","202503101","F1 score: 0.99, CI[0.98, 1.00]","Computational Method","",""
605,"605.136","Salmonella enterica subsp. enterica serovar Pullorum FHC-56","cefoxitin","Susceptible","","","","","","","","","","","SIR XGBoost Model","202503101","F1 score: 0.96, CI[0.93, 0.99]","Computational Method","",""
605,"605.136","Salmonella enterica subsp. enterica serovar Pullorum FHC-56","gentamicin","Susceptible","","","","","","","","","","","SIR XGBoost Model","202503101","F1 score: 0.92, CI[0.89, 0.95]","Computational Method","",""
605,"605.136","Salmonella enterica subsp. enterica serovar Pullorum FHC-56","kanamycin","Susceptible","","","","","","","","","","","SIR XGBoost Model","202503101","F1 score: 0.86, CI[0.77, 0.95]","Computational Method","",""
605,"605.136","Salmonella enterica subsp. enterica serovar Pullorum FHC-56","nalidixic acid","Resistant","","","","","","","","","","","SIR XGBoost Model","202503101","F1 score: 0.95, CI[0.93, 0.96]","Computational Method","",""
605,"605.136","Salmonella enterica subsp. enterica serovar Pullorum FHC-56","pefloxacin","Resistant","","","","","","","","","","","SIR XGBoost Model","202503101","F1 score: 0.98, CI[0.96, 1.00]","Computational Method","",""
605,"605.136","Salmonella enterica subsp. enterica serovar Pullorum FHC-56","sulfamethoxazole","Susceptible","","","","","","","","","","","SIR XGBoost Model","202503101","F1 score: 0.95, CI[0.93, 0.97]","Computational Method","",""
605,"605.136","Salmonella enterica subsp. enterica serovar Pullorum FHC-56","spectinomycin","Susceptible","","","","","","","","","","","SIR XGBoost Model","202503101","F1 score: 0.94, CI[0.90, 0.98]","Computational Method","",""
605,"605.136","Salmonella enterica subsp. enterica serovar Pullorum FHC-56","streptomycin","Susceptible","","","","","","","","","","","SIR XGBoost Model","202503101","F1 score: 0.94, CI[0.93, 0.96]","Computational Method","",""
605,"605.136","Salmonella enterica subsp. enterica serovar Pullorum FHC-56","tetracycline","Susceptible","","","","","","","","","","","SIR XGBoost Model","202503101","F1 score: 0.97, CI[0.96, 0.98]","Computational Method","",""
605,"605.136","Salmonella enterica subsp. enterica serovar Pullorum FHC-56","ceftiofur","Susceptible","","","","","","","","","","","SIR XGBoost Model","202503101","F1 score: 0.98, CI[0.97, 1.00]","Computational Method","",""
605,"605.136","Salmonella enterica subsp. enterica serovar Pullorum FHC-56","trimethoprim","Susceptible","","","","","","","","","","","SIR XGBoost Model","202503101","F1 score: 0.86, CI[0.78, 0.93]","Computational Method","",""
605,"605.137","Salmonella enterica subsp. enterica serovar Pullorum FHC-31","amoxicillin/clavulanic acid","Susceptible","","","","","","","","","","","SIR XGBoost Model","202503101","F1 score: 0.96, CI[0.95, 0.97]","Computational Method","",""
605,"605.137","Salmonella enterica subsp. enterica serovar Pullorum FHC-31","ampicillin","Resistant","","","","","","","","","","","SIR XGBoost Model","202503101","F1 score: 0.93, CI[0.92, 0.93]","Computational Method","",""
605,"605.137","Salmonella enterica subsp. enterica serovar Pullorum FHC-31","azithromycin","Susceptible","","","","","","","","","","","SIR XGBoost Model","202503101","F1 score: 0.92, CI[0.87, 0.98]","Computational Method","",""
605,"605.137","Salmonella enterica subsp. enterica serovar Pullorum FHC-31","chloramphenicol","Susceptible","","","","","","","","","","","SIR XGBoost Model","202503101","F1 score: 0.90, CI[0.88, 0.91]","Computational Method","",""
605,"605.137","Salmonella enterica subsp. enterica serovar Pullorum FHC-31","ciprofloxacin","Susceptible","","","","","","","","","","","SIR XGBoost Model","202503101","F1 score: 0.95, CI[0.93, 0.96]","Computational Method","",""
605,"605.137","Salmonella enterica subsp. enterica serovar Pullorum FHC-31","ceftriaxone","Susceptible","","","","","","","","","","","SIR XGBoost Model","202503101","F1 score: 0.98, CI[0.97, 1.00]","Computational Method","",""
605,"605.137","Salmonella enterica subsp. enterica serovar Pullorum FHC-31","cefotaxime","Susceptible","","","","","","","","","","","SIR XGBoost Model","202503101","F1 score: 0.95, CI[0.90, 0.99]","Computational Method","",""
605,"605.137","Salmonella enterica subsp. enterica serovar Pullorum FHC-31","sulfisoxazole","Resistant","","","","","","","","","","","SIR XGBoost Model","202503101","F1 score: 0.99, CI[0.98, 1.00]","Computational Method","",""
605,"605.137","Salmonella enterica subsp. enterica serovar Pullorum FHC-31","cefoxitin","Susceptible","","","","","","","","","","","SIR XGBoost Model","202503101","F1 score: 0.96, CI[0.93, 0.99]","Computational Method","",""
605,"605.137","Salmonella enterica subsp. enterica serovar Pullorum FHC-31","gentamicin","Susceptible","","","","","","","","","","","SIR XGBoost Model","202503101","F1 score: 0.92, CI[0.89, 0.95]","Computational Method","",""
605,"605.137","Salmonella enterica subsp. enterica serovar Pullorum FHC-31","kanamycin","Susceptible","","","","","","","","","","","SIR XGBoost Model","202503101","F1 score: 0.86, CI[0.77, 0.95]","Computational Method","",""
605,"605.137","Salmonella enterica subsp. enterica serovar Pullorum FHC-31","nalidixic acid","Resistant","","","","","","","","","","","SIR XGBoost Model","202503101","F1 score: 0.95, CI[0.93, 0.96]","Computational Method","",""
605,"605.137","Salmonella enterica subsp. enterica serovar Pullorum FHC-31","pefloxacin","Resistant","","","","","","","","","","","SIR XGBoost Model","202503101","F1 score: 0.98, CI[0.96, 1.00]","Computational Method","",""
605,"605.137","Salmonella enterica subsp. enterica serovar Pullorum FHC-31","sulfamethoxazole","Susceptible","","","","","","","","","","","SIR XGBoost Model","202503101","F1 score: 0.95, CI[0.93, 0.97]","Computational Method","",""
605,"605.137","Salmonella enterica subsp. enterica serovar Pullorum FHC-31","spectinomycin","Susceptible","","","","","","","","","","","SIR XGBoost Model","202503101","F1 score: 0.94, CI[0.90, 0.98]","Computational Method","",""
605,"605.137","Salmonella enterica subsp. enterica serovar Pullorum FHC-31","streptomycin","Susceptible","","","","","","","","","","","SIR XGBoost Model","202503101","F1 score: 0.94, CI[0.93, 0.96]","Computational Method","",""
605,"605.137","Salmonella enterica subsp. enterica serovar Pullorum FHC-31","tetracycline","Susceptible","","","","","","","","","","","SIR XGBoost Model","202503101","F1 score: 0.97, CI[0.96, 0.98]","Computational Method","",""
605,"605.137","Salmonella enterica subsp. enterica serovar Pullorum FHC-31","ceftiofur","Susceptible","","","","","","","","","","","SIR XGBoost Model","202503101","F1 score: 0.98, CI[0.97, 1.00]","Computational Method","",""
605,"605.137","Salmonella enterica subsp. enterica serovar Pullorum FHC-31","trimethoprim","Susceptible","","","","","","","","","","","SIR XGBoost Model","202503101","F1 score: 0.86, CI[0.78, 0.93]","Computational Method","",""
605,"605.138","Salmonella enterica subsp. enterica serovar Pullorum FHC-7","amoxicillin/clavulanic acid","Susceptible","","","","","","","","","","","SIR XGBoost Model","202503101","F1 score: 0.96, CI[0.95, 0.97]","Computational Method","",""
605,"605.138","Salmonella enterica subsp. enterica serovar Pullorum FHC-7","ampicillin","Resistant","","","","","","","","","","","SIR XGBoost Model","202503101","F1 score: 0.93, CI[0.92, 0.93]","Computational Method","",""
605,"605.138","Salmonella enterica subsp. enterica serovar Pullorum FHC-7","azithromycin","Susceptible","","","","","","","","","","","SIR XGBoost Model","202503101","F1 score: 0.92, CI[0.87, 0.98]","Computational Method","",""
605,"605.138","Salmonella enterica subsp. enterica serovar Pullorum FHC-7","chloramphenicol","Susceptible","","","","","","","","","","","SIR XGBoost Model","202503101","F1 score: 0.90, CI[0.88, 0.91]","Computational Method","",""
605,"605.138","Salmonella enterica subsp. enterica serovar Pullorum FHC-7","ciprofloxacin","Susceptible","","","","","","","","","","","SIR XGBoost Model","202503101","F1 score: 0.95, CI[0.93, 0.96]","Computational Method","",""
605,"605.138","Salmonella enterica subsp. enterica serovar Pullorum FHC-7","ceftriaxone","Susceptible","","","","","","","","","","","SIR XGBoost Model","202503101","F1 score: 0.98, CI[0.97, 1.00]","Computational Method","",""
605,"605.138","Salmonella enterica subsp. enterica serovar Pullorum FHC-7","cefotaxime","Susceptible","","","","","","","","","","","SIR XGBoost Model","202503101","F1 score: 0.95, CI[0.90, 0.99]","Computational Method","",""
605,"605.138","Salmonella enterica subsp. enterica serovar Pullorum FHC-7","sulfisoxazole","Resistant","","","","","","","","","","","SIR XGBoost Model","202503101","F1 score: 0.99, CI[0.98, 1.00]","Computational Method","",""
605,"605.138","Salmonella enterica subsp. enterica serovar Pullorum FHC-7","cefoxitin","Susceptible","","","","","","","","","","","SIR XGBoost Model","202503101","F1 score: 0.96, CI[0.93, 0.99]","Computational Method","",""
605,"605.138","Salmonella enterica subsp. enterica serovar Pullorum FHC-7","gentamicin","Susceptible","","","","","","","","","","","SIR XGBoost Model","202503101","F1 score: 0.92, CI[0.89, 0.95]","Computational Method","",""
605,"605.138","Salmonella enterica subsp. enterica serovar Pullorum FHC-7","kanamycin","Susceptible","","","","","","","","","","","SIR XGBoost Model","202503101","F1 score: 0.86, CI[0.77, 0.95]","Computational Method","",""
605,"605.138","Salmonella enterica subsp. enterica serovar Pullorum FHC-7","nalidixic acid","Resistant","","","","","","","","","","","SIR XGBoost Model","202503101","F1 score: 0.95, CI[0.93, 0.96]","Computational Method","",""
605,"605.138","Salmonella enterica subsp. enterica serovar Pullorum FHC-7","pefloxacin","Resistant","","","","","","","","","","","SIR XGBoost Model","202503101","F1 score: 0.98, CI[0.96, 1.00]","Computational Method","",""
605,"605.138","Salmonella enterica subsp. enterica serovar Pullorum FHC-7","sulfamethoxazole","Susceptible","","","","","","","","","","","SIR XGBoost Model","202503101","F1 score: 0.95, CI[0.93, 0.97]","Computational Method","",""
605,"605.138","Salmonella enterica subsp. enterica serovar Pullorum FHC-7","spectinomycin","Susceptible","","","","","","","","","","","SIR XGBoost Model","202503101","F1 score: 0.94, CI[0.90, 0.98]","Computational Method","",""
605,"605.138","Salmonella enterica subsp. enterica serovar Pullorum FHC-7","streptomycin","Susceptible","","","","","","","","","","","SIR XGBoost Model","202503101","F1 score: 0.94, CI[0.93, 0.96]","Computational Method","",""
605,"605.138","Salmonella enterica subsp. enterica serovar Pullorum FHC-7","tetracycline","Susceptible","","","","","","","","","","","SIR XGBoost Model","202503101","F1 score: 0.97, CI[0.96, 0.98]","Computational Method","",""
605,"605.138","Salmonella enterica subsp. enterica serovar Pullorum FHC-7","ceftiofur","Susceptible","","","","","","","","","","","SIR XGBoost Model","202503101","F1 score: 0.98, CI[0.97, 1.00]","Computational Method","",""
605,"605.138","Salmonella enterica subsp. enterica serovar Pullorum FHC-7","trimethoprim","Susceptible","","","","","","","","","","","SIR XGBoost Model","202503101","F1 score: 0.86, CI[0.78, 0.93]","Computational Method","",""
605,"605.139","Salmonella enterica subsp. enterica serovar Pullorum FHC-75","amoxicillin/clavulanic acid","Susceptible","","","","","","","","","","","SIR XGBoost Model","202503101","F1 score: 0.96, CI[0.95, 0.97]","Computational Method","",""
605,"605.139","Salmonella enterica subsp. enterica serovar Pullorum FHC-75","ampicillin","Resistant","","","","","","","","","","","SIR XGBoost Model","202503101","F1 score: 0.93, CI[0.92, 0.93]","Computational Method","",""
605,"605.139","Salmonella enterica subsp. enterica serovar Pullorum FHC-75","azithromycin","Susceptible","","","","","","","","","","","SIR XGBoost Model","202503101","F1 score: 0.92, CI[0.87, 0.98]","Computational Method","",""
605,"605.139","Salmonella enterica subsp. enterica serovar Pullorum FHC-75","chloramphenicol","Susceptible","","","","","","","","","","","SIR XGBoost Model","202503101","F1 score: 0.90, CI[0.88, 0.91]","Computational Method","",""
605,"605.139","Salmonella enterica subsp. enterica serovar Pullorum FHC-75","ciprofloxacin","Susceptible","","","","","","","","","","","SIR XGBoost Model","202503101","F1 score: 0.95, CI[0.93, 0.96]","Computational Method","",""
605,"605.139","Salmonella enterica subsp. enterica serovar Pullorum FHC-75","ceftriaxone","Susceptible","","","","","","","","","","","SIR XGBoost Model","202503101","F1 score: 0.98, CI[0.97, 1.00]","Computational Method","",""
605,"605.139","Salmonella enterica subsp. enterica serovar Pullorum FHC-75","cefotaxime","Susceptible","","","","","","","","","","","SIR XGBoost Model","202503101","F1 score: 0.95, CI[0.90, 0.99]","Computational Method","",""
605,"605.139","Salmonella enterica subsp. enterica serovar Pullorum FHC-75","sulfisoxazole","Resistant","","","","","","","","","","","SIR XGBoost Model","202503101","F1 score: 0.99, CI[0.98, 1.00]","Computational Method","",""
605,"605.139","Salmonella enterica subsp. enterica serovar Pullorum FHC-75","cefoxitin","Susceptible","","","","","","","","","","","SIR XGBoost Model","202503101","F1 score: 0.96, CI[0.93, 0.99]","Computational Method","",""
605,"605.139","Salmonella enterica subsp. enterica serovar Pullorum FHC-75","gentamicin","Susceptible","","","","","","","","","","","SIR XGBoost Model","202503101","F1 score: 0.92, CI[0.89, 0.95]","Computational Method","",""
605,"605.139","Salmonella enterica subsp. enterica serovar Pullorum FHC-75","kanamycin","Susceptible","","","","","","","","","","","SIR XGBoost Model","202503101","F1 score: 0.86, CI[0.77, 0.95]","Computational Method","",""
605,"605.139","Salmonella enterica subsp. enterica serovar Pullorum FHC-75","nalidixic acid","Resistant","","","","","","","","","","","SIR XGBoost Model","202503101","F1 score: 0.95, CI[0.93, 0.96]","Computational Method","",""
605,"605.139","Salmonella enterica subsp. enterica serovar Pullorum FHC-75","pefloxacin","Resistant","","","","","","","","","","","SIR XGBoost Model","202503101","F1 score: 0.98, CI[0.96, 1.00]","Computational Method","",""
605,"605.139","Salmonella enterica subsp. enterica serovar Pullorum FHC-75","sulfamethoxazole","Susceptible","","","","","","","","","","","SIR XGBoost Model","202503101","F1 score: 0.95, CI[0.93, 0.97]","Computational Method","",""
605,"605.139","Salmonella enterica subsp. enterica serovar Pullorum FHC-75","spectinomycin","Susceptible","","","","","","","","","","","SIR XGBoost Model","202503101","F1 score: 0.94, CI[0.90, 0.98]","Computational Method","",""
605,"605.139","Salmonella enterica subsp. enterica serovar Pullorum FHC-75","streptomycin","Susceptible","","","","","","","","","","","SIR XGBoost Model","202503101","F1 score: 0.94, CI[0.93, 0.96]","Computational Method","",""
605,"605.139","Salmonella enterica subsp. enterica serovar Pullorum FHC-75","tetracycline","Resistant","","","","","","","","","","","SIR XGBoost Model","202503101","F1 score: 0.97, CI[0.96, 0.98]","Computational Method","",""
605,"605.139","Salmonella enterica subsp. enterica serovar Pullorum FHC-75","ceftiofur","Susceptible","","","","","","","","","","","SIR XGBoost Model","202503101","F1 score: 0.98, CI[0.97, 1.00]","Computational Method","",""
605,"605.139","Salmonella enterica subsp. enterica serovar Pullorum FHC-75","trimethoprim","Susceptible","","","","","","","","","","","SIR XGBoost Model","202503101","F1 score: 0.86, CI[0.78, 0.93]","Computational Method","",""
605,"605.140","Salmonella enterica subsp. enterica serovar Pullorum FHC-24","amoxicillin/clavulanic acid","Susceptible","","","","","","","","","","","SIR XGBoost Model","202503101","F1 score: 0.96, CI[0.95, 0.97]","Computational Method","",""
605,"605.140","Salmonella enterica subsp. enterica serovar Pullorum FHC-24","ampicillin","Resistant","","","","","","","","","","","SIR XGBoost Model","202503101","F1 score: 0.93, CI[0.92, 0.93]","Computational Method","",""
605,"605.140","Salmonella enterica subsp. enterica serovar Pullorum FHC-24","azithromycin","Susceptible","","","","","","","","","","","SIR XGBoost Model","202503101","F1 score: 0.92, CI[0.87, 0.98]","Computational Method","",""
605,"605.140","Salmonella enterica subsp. enterica serovar Pullorum FHC-24","chloramphenicol","Susceptible","","","","","","","","","","","SIR XGBoost Model","202503101","F1 score: 0.90, CI[0.88, 0.91]","Computational Method","",""
605,"605.140","Salmonella enterica subsp. enterica serovar Pullorum FHC-24","ciprofloxacin","Susceptible","","","","","","","","","","","SIR XGBoost Model","202503101","F1 score: 0.95, CI[0.93, 0.96]","Computational Method","",""
605,"605.140","Salmonella enterica subsp. enterica serovar Pullorum FHC-24","ceftriaxone","Susceptible","","","","","","","","","","","SIR XGBoost Model","202503101","F1 score: 0.98, CI[0.97, 1.00]","Computational Method","",""
605,"605.140","Salmonella enterica subsp. enterica serovar Pullorum FHC-24","cefotaxime","Susceptible","","","","","","","","","","","SIR XGBoost Model","202503101","F1 score: 0.95, CI[0.90, 0.99]","Computational Method","",""
605,"605.140","Salmonella enterica subsp. enterica serovar Pullorum FHC-24","sulfisoxazole","Resistant","","","","","","","","","","","SIR XGBoost Model","202503101","F1 score: 0.99, CI[0.98, 1.00]","Computational Method","",""
605,"605.140","Salmonella enterica subsp. enterica serovar Pullorum FHC-24","cefoxitin","Susceptible","","","","","","","","","","","SIR XGBoost Model","202503101","F1 score: 0.96, CI[0.93, 0.99]","Computational Method","",""
605,"605.140","Salmonella enterica subsp. enterica serovar Pullorum FHC-24","gentamicin","Susceptible","","","","","","","","","","","SIR XGBoost Model","202503101","F1 score: 0.92, CI[0.89, 0.95]","Computational Method","",""
605,"605.140","Salmonella enterica subsp. enterica serovar Pullorum FHC-24","kanamycin","Susceptible","","","","","","","","","","","SIR XGBoost Model","202503101","F1 score: 0.86, CI[0.77, 0.95]","Computational Method","",""
605,"605.140","Salmonella enterica subsp. enterica serovar Pullorum FHC-24","nalidixic acid","Resistant","","","","","","","","","","","SIR XGBoost Model","202503101","F1 score: 0.95, CI[0.93, 0.96]","Computational Method","",""
605,"605.140","Salmonella enterica subsp. enterica serovar Pullorum FHC-24","pefloxacin","Resistant","","","","","","","","","","","SIR XGBoost Model","202503101","F1 score: 0.98, CI[0.96, 1.00]","Computational Method","",""
605,"605.140","Salmonella enterica subsp. enterica serovar Pullorum FHC-24","sulfamethoxazole","Susceptible","","","","","","","","","","","SIR XGBoost Model","202503101","F1 score: 0.95, CI[0.93, 0.97]","Computational Method","",""
605,"605.140","Salmonella enterica subsp. enterica serovar Pullorum FHC-24","spectinomycin","Susceptible","","","","","","","","","","","SIR XGBoost Model","202503101","F1 score: 0.94, CI[0.90, 0.98]","Computational Method","",""
605,"605.140","Salmonella enterica subsp. enterica serovar Pullorum FHC-24","streptomycin","Susceptible","","","","","","","","","","","SIR XGBoost Model","202503101","F1 score: 0.94, CI[0.93, 0.96]","Computational Method","",""
605,"605.140","Salmonella enterica subsp. enterica serovar Pullorum FHC-24","tetracycline","Susceptible","","","","","","","","","","","SIR XGBoost Model","202503101","F1 score: 0.97, CI[0.96, 0.98]","Computational Method","",""
605,"605.140","Salmonella enterica subsp. enterica serovar Pullorum FHC-24","ceftiofur","Susceptible","","","","","","","","","","","SIR XGBoost Model","202503101","F1 score: 0.98, CI[0.97, 1.00]","Computational Method","",""
605,"605.140","Salmonella enterica subsp. enterica serovar Pullorum FHC-24","trimethoprim","Susceptible","","","","","","","","","","","SIR XGBoost Model","202503101","F1 score: 0.86, CI[0.78, 0.93]","Computational Method","",""
605,"605.141","Salmonella enterica subsp. enterica serovar Pullorum FHC-23","amoxicillin/clavulanic acid","Susceptible","","","","","","","","","","","SIR XGBoost Model","202503101","F1 score: 0.96, CI[0.95, 0.97]","Computational Method","",""
605,"605.141","Salmonella enterica subsp. enterica serovar Pullorum FHC-23","ampicillin","Resistant","","","","","","","","","","","SIR XGBoost Model","202503101","F1 score: 0.93, CI[0.92, 0.93]","Computational Method","",""
605,"605.141","Salmonella enterica subsp. enterica serovar Pullorum FHC-23","azithromycin","Susceptible","","","","","","","","","","","SIR XGBoost Model","202503101","F1 score: 0.92, CI[0.87, 0.98]","Computational Method","",""
605,"605.141","Salmonella enterica subsp. enterica serovar Pullorum FHC-23","chloramphenicol","Susceptible","","","","","","","","","","","SIR XGBoost Model","202503101","F1 score: 0.90, CI[0.88, 0.91]","Computational Method","",""
605,"605.141","Salmonella enterica subsp. enterica serovar Pullorum FHC-23","ciprofloxacin","Susceptible","","","","","","","","","","","SIR XGBoost Model","202503101","F1 score: 0.95, CI[0.93, 0.96]","Computational Method","",""
605,"605.141","Salmonella enterica subsp. enterica serovar Pullorum FHC-23","ceftriaxone","Susceptible","","","","","","","","","","","SIR XGBoost Model","202503101","F1 score: 0.98, CI[0.97, 1.00]","Computational Method","",""
605,"605.141","Salmonella enterica subsp. enterica serovar Pullorum FHC-23","cefotaxime","Susceptible","","","","","","","","","","","SIR XGBoost Model","202503101","F1 score: 0.95, CI[0.90, 0.99]","Computational Method","",""
605,"605.141","Salmonella enterica subsp. enterica serovar Pullorum FHC-23","sulfisoxazole","Resistant","","","","","","","","","","","SIR XGBoost Model","202503101","F1 score: 0.99, CI[0.98, 1.00]","Computational Method","",""
605,"605.141","Salmonella enterica subsp. enterica serovar Pullorum FHC-23","cefoxitin","Susceptible","","","","","","","","","","","SIR XGBoost Model","202503101","F1 score: 0.96, CI[0.93, 0.99]","Computational Method","",""
605,"605.141","Salmonella enterica subsp. enterica serovar Pullorum FHC-23","gentamicin","Susceptible","","","","","","","","","","","SIR XGBoost Model","202503101","F1 score: 0.92, CI[0.89, 0.95]","Computational Method","",""
605,"605.141","Salmonella enterica subsp. enterica serovar Pullorum FHC-23","kanamycin","Susceptible","","","","","","","","","","","SIR XGBoost Model","202503101","F1 score: 0.86, CI[0.77, 0.95]","Computational Method","",""
605,"605.141","Salmonella enterica subsp. enterica serovar Pullorum FHC-23","nalidixic acid","Resistant","","","","","","","","","","","SIR XGBoost Model","202503101","F1 score: 0.95, CI[0.93, 0.96]","Computational Method","",""
605,"605.141","Salmonella enterica subsp. enterica serovar Pullorum FHC-23","pefloxacin","Resistant","","","","","","","","","","","SIR XGBoost Model","202503101","F1 score: 0.98, CI[0.96, 1.00]","Computational Method","",""
605,"605.141","Salmonella enterica subsp. enterica serovar Pullorum FHC-23","sulfamethoxazole","Susceptible","","","","","","","","","","","SIR XGBoost Model","202503101","F1 score: 0.95, CI[0.93, 0.97]","Computational Method","",""
605,"605.141","Salmonella enterica subsp. enterica serovar Pullorum FHC-23","spectinomycin","Susceptible","","","","","","","","","","","SIR XGBoost Model","202503101","F1 score: 0.94, CI[0.90, 0.98]","Computational Method","",""
605,"605.141","Salmonella enterica subsp. enterica serovar Pullorum FHC-23","streptomycin","Susceptible","","","","","","","","","","","SIR XGBoost Model","202503101","F1 score: 0.94, CI[0.93, 0.96]","Computational Method","",""
605,"605.141","Salmonella enterica subsp. enterica serovar Pullorum FHC-23","tetracycline","Susceptible","","","","","","","","","","","SIR XGBoost Model","202503101","F1 score: 0.97, CI[0.96, 0.98]","Computational Method","",""
605,"605.141","Salmonella enterica subsp. enterica serovar Pullorum FHC-23","ceftiofur","Susceptible","","","","","","","","","","","SIR XGBoost Model","202503101","F1 score: 0.98, CI[0.97, 1.00]","Computational Method","",""
605,"605.141","Salmonella enterica subsp. enterica serovar Pullorum FHC-23","trimethoprim","Susceptible","","","","","","","","","","","SIR XGBoost Model","202503101","F1 score: 0.86, CI[0.78, 0.93]","Computational Method","",""
605,"605.142","Salmonella enterica subsp. enterica serovar Pullorum FHC-1","amoxicillin/clavulanic acid","Susceptible","","","","","","","","","","","SIR XGBoost Model","202503101","F1 score: 0.96, CI[0.95, 0.97]","Computational Method","",""
605,"605.142","Salmonella enterica subsp. enterica serovar Pullorum FHC-1","ampicillin","Resistant","","","","","","","","","","","SIR XGBoost Model","202503101","F1 score: 0.93, CI[0.92, 0.93]","Computational Method","",""
605,"605.142","Salmonella enterica subsp. enterica serovar Pullorum FHC-1","azithromycin","Susceptible","","","","","","","","","","","SIR XGBoost Model","202503101","F1 score: 0.92, CI[0.87, 0.98]","Computational Method","",""
605,"605.142","Salmonella enterica subsp. enterica serovar Pullorum FHC-1","chloramphenicol","Susceptible","","","","","","","","","","","SIR XGBoost Model","202503101","F1 score: 0.90, CI[0.88, 0.91]","Computational Method","",""
605,"605.142","Salmonella enterica subsp. enterica serovar Pullorum FHC-1","ciprofloxacin","Susceptible","","","","","","","","","","","SIR XGBoost Model","202503101","F1 score: 0.95, CI[0.93, 0.96]","Computational Method","",""
605,"605.142","Salmonella enterica subsp. enterica serovar Pullorum FHC-1","ceftriaxone","Susceptible","","","","","","","","","","","SIR XGBoost Model","202503101","F1 score: 0.98, CI[0.97, 1.00]","Computational Method","",""
605,"605.142","Salmonella enterica subsp. enterica serovar Pullorum FHC-1","cefotaxime","Susceptible","","","","","","","","","","","SIR XGBoost Model","202503101","F1 score: 0.95, CI[0.90, 0.99]","Computational Method","",""
605,"605.142","Salmonella enterica subsp. enterica serovar Pullorum FHC-1","sulfisoxazole","Resistant","","","","","","","","","","","SIR XGBoost Model","202503101","F1 score: 0.99, CI[0.98, 1.00]","Computational Method","",""
605,"605.142","Salmonella enterica subsp. enterica serovar Pullorum FHC-1","cefoxitin","Susceptible","","","","","","","","","","","SIR XGBoost Model","202503101","F1 score: 0.96, CI[0.93, 0.99]","Computational Method","",""
605,"605.142","Salmonella enterica subsp. enterica serovar Pullorum FHC-1","gentamicin","Susceptible","","","","","","","","","","","SIR XGBoost Model","202503101","F1 score: 0.92, CI[0.89, 0.95]","Computational Method","",""
605,"605.142","Salmonella enterica subsp. enterica serovar Pullorum FHC-1","kanamycin","Susceptible","","","","","","","","","","","SIR XGBoost Model","202503101","F1 score: 0.86, CI[0.77, 0.95]","Computational Method","",""
605,"605.142","Salmonella enterica subsp. enterica serovar Pullorum FHC-1","nalidixic acid","Resistant","","","","","","","","","","","SIR XGBoost Model","202503101","F1 score: 0.95, CI[0.93, 0.96]","Computational Method","",""
605,"605.142","Salmonella enterica subsp. enterica serovar Pullorum FHC-1","pefloxacin","Resistant","","","","","","","","","","","SIR XGBoost Model","202503101","F1 score: 0.98, CI[0.96, 1.00]","Computational Method","",""
605,"605.142","Salmonella enterica subsp. enterica serovar Pullorum FHC-1","sulfamethoxazole","Susceptible","","","","","","","","","","","SIR XGBoost Model","202503101","F1 score: 0.95, CI[0.93, 0.97]","Computational Method","",""
605,"605.142","Salmonella enterica subsp. enterica serovar Pullorum FHC-1","spectinomycin","Susceptible","","","","","","","","","","","SIR XGBoost Model","202503101","F1 score: 0.94, CI[0.90, 0.98]","Computational Method","",""
605,"605.142","Salmonella enterica subsp. enterica serovar Pullorum FHC-1","streptomycin","Susceptible","","","","","","","","","","","SIR XGBoost Model","202503101","F1 score: 0.94, CI[0.93, 0.96]","Computational Method","",""
605,"605.142","Salmonella enterica subsp. enterica serovar Pullorum FHC-1","tetracycline","Resistant","","","","","","","","","","","SIR XGBoost Model","202503101","F1 score: 0.97, CI[0.96, 0.98]","Computational Method","",""
605,"605.142","Salmonella enterica subsp. enterica serovar Pullorum FHC-1","ceftiofur","Susceptible","","","","","","","","","","","SIR XGBoost Model","202503101","F1 score: 0.98, CI[0.97, 1.00]","Computational Method","",""
605,"605.142","Salmonella enterica subsp. enterica serovar Pullorum FHC-1","trimethoprim","Susceptible","","","","","","","","","","","SIR XGBoost Model","202503101","F1 score: 0.86, CI[0.78, 0.93]","Computational Method","",""
605,"605.26","Salmonella enterica subsp. enterica serovar Pullorum strain 449_87","amoxicillin/clavulanic acid","Susceptible","","","","","","","","","","","SIR XGBoost Model","202503101","F1 score: 0.96, CI[0.95, 0.97]","Computational Method","",""
605,"605.26","Salmonella enterica subsp. enterica serovar Pullorum strain 449_87","ampicillin","Susceptible","","","","","","","","","","","SIR XGBoost Model","202503101","F1 score: 0.93, CI[0.92, 0.93]","Computational Method","",""
605,"605.26","Salmonella enterica subsp. enterica serovar Pullorum strain 449_87","azithromycin","Susceptible","","","","","","","","","","","SIR XGBoost Model","202503101","F1 score: 0.92, CI[0.87, 0.98]","Computational Method","",""
605,"605.26","Salmonella enterica subsp. enterica serovar Pullorum strain 449_87","chloramphenicol","Susceptible","","","","","","","","","","","SIR XGBoost Model","202503101","F1 score: 0.90, CI[0.88, 0.91]","Computational Method","",""
605,"605.26","Salmonella enterica subsp. enterica serovar Pullorum strain 449_87","ciprofloxacin","Susceptible","","","","","","","","","","","SIR XGBoost Model","202503101","F1 score: 0.95, CI[0.93, 0.96]","Computational Method","",""
605,"605.26","Salmonella enterica subsp. enterica serovar Pullorum strain 449_87","ceftriaxone","Susceptible","","","","","","","","","","","SIR XGBoost Model","202503101","F1 score: 0.98, CI[0.97, 1.00]","Computational Method","",""
605,"605.26","Salmonella enterica subsp. enterica serovar Pullorum strain 449_87","cefotaxime","Susceptible","","","","","","","","","","","SIR XGBoost Model","202503101","F1 score: 0.95, CI[0.90, 0.99]","Computational Method","",""
605,"605.26","Salmonella enterica subsp. enterica serovar Pullorum strain 449_87","sulfisoxazole","Susceptible","","","","","","","","","","","SIR XGBoost Model","202503101","F1 score: 0.99, CI[0.98, 1.00]","Computational Method","",""
605,"605.26","Salmonella enterica subsp. enterica serovar Pullorum strain 449_87","cefoxitin","Susceptible","","","","","","","","","","","SIR XGBoost Model","202503101","F1 score: 0.96, CI[0.93, 0.99]","Computational Method","",""
605,"605.26","Salmonella enterica subsp. enterica serovar Pullorum strain 449_87","gentamicin","Susceptible","","","","","","","","","","","SIR XGBoost Model","202503101","F1 score: 0.92, CI[0.89, 0.95]","Computational Method","",""
605,"605.26","Salmonella enterica subsp. enterica serovar Pullorum strain 449_87","kanamycin","Susceptible","","","","","","","","","","","SIR XGBoost Model","202503101","F1 score: 0.86, CI[0.77, 0.95]","Computational Method","",""
605,"605.26","Salmonella enterica subsp. enterica serovar Pullorum strain 449_87","nalidixic acid","Susceptible","","","","","","","","","","","SIR XGBoost Model","202503101","F1 score: 0.95, CI[0.93, 0.96]","Computational Method","",""
605,"605.26","Salmonella enterica subsp. enterica serovar Pullorum strain 449_87","pefloxacin","Susceptible","","","","","","","","","","","SIR XGBoost Model","202503101","F1 score: 0.98, CI[0.96, 1.00]","Computational Method","",""
605,"605.26","Salmonella enterica subsp. enterica serovar Pullorum strain 449_87","sulfamethoxazole","Susceptible","","","","","","","","","","","SIR XGBoost Model","202503101","F1 score: 0.95, CI[0.93, 0.97]","Computational Method","",""
605,"605.26","Salmonella enterica subsp. enterica serovar Pullorum strain 449_87","spectinomycin","Susceptible","","","","","","","","","","","SIR XGBoost Model","202503101","F1 score: 0.94, CI[0.90, 0.98]","Computational Method","",""
605,"605.26","Salmonella enterica subsp. enterica serovar Pullorum strain 449_87","streptomycin","Susceptible","","","","","","","","","","","SIR XGBoost Model","202503101","F1 score: 0.94, CI[0.93, 0.96]","Computational Method","",""
605,"605.26","Salmonella enterica subsp. enterica serovar Pullorum strain 449_87","tetracycline","Susceptible","","","","","","","","","","","SIR XGBoost Model","202503101","F1 score: 0.97, CI[0.96, 0.98]","Computational Method","",""
605,"605.26","Salmonella enterica subsp. enterica serovar Pullorum strain 449_87","ceftiofur","Susceptible","","","","","","","","","","","SIR XGBoost Model","202503101","F1 score: 0.98, CI[0.97, 1.00]","Computational Method","",""
605,"605.26","Salmonella enterica subsp. enterica serovar Pullorum strain 449_87","trimethoprim","Susceptible","","","","","","","","","","","SIR XGBoost Model","202503101","F1 score: 0.86, CI[0.78, 0.93]","Computational Method","",""
605,"605.33","Salmonella enterica subsp. enterica serovar Pullorum strain S06004","amoxicillin/clavulanic acid","Susceptible","","","","","","","","","","","SIR XGBoost Model","202503101","F1 score: 0.96, CI[0.95, 0.97]","Computational Method","",""
605,"605.33","Salmonella enterica subsp. enterica serovar Pullorum strain S06004","ampicillin","Susceptible","","","","","","","","","","","SIR XGBoost Model","202503101","F1 score: 0.93, CI[0.92, 0.93]","Computational Method","",""
605,"605.33","Salmonella enterica subsp. enterica serovar Pullorum strain S06004","azithromycin","Susceptible","","","","","","","","","","","SIR XGBoost Model","202503101","F1 score: 0.92, CI[0.87, 0.98]","Computational Method","",""
605,"605.33","Salmonella enterica subsp. enterica serovar Pullorum strain S06004","chloramphenicol","Resistant","","","","","","","","","","","SIR XGBoost Model","202503101","F1 score: 0.90, CI[0.88, 0.91]","Computational Method","",""
605,"605.33","Salmonella enterica subsp. enterica serovar Pullorum strain S06004","ciprofloxacin","Susceptible","","","","","","","","","","","SIR XGBoost Model","202503101","F1 score: 0.95, CI[0.93, 0.96]","Computational Method","",""
605,"605.33","Salmonella enterica subsp. enterica serovar Pullorum strain S06004","ceftriaxone","Susceptible","","","","","","","","","","","SIR XGBoost Model","202503101","F1 score: 0.98, CI[0.97, 1.00]","Computational Method","",""
605,"605.33","Salmonella enterica subsp. enterica serovar Pullorum strain S06004","cefotaxime","Susceptible","","","","","","","","","","","SIR XGBoost Model","202503101","F1 score: 0.95, CI[0.90, 0.99]","Computational Method","",""
605,"605.33","Salmonella enterica subsp. enterica serovar Pullorum strain S06004","sulfisoxazole","Susceptible","","","","","","","","","","","SIR XGBoost Model","202503101","F1 score: 0.99, CI[0.98, 1.00]","Computational Method","",""
605,"605.33","Salmonella enterica subsp. enterica serovar Pullorum strain S06004","cefoxitin","Susceptible","","","","","","","","","","","SIR XGBoost Model","202503101","F1 score: 0.96, CI[0.93, 0.99]","Computational Method","",""
605,"605.33","Salmonella enterica subsp. enterica serovar Pullorum strain S06004","gentamicin","Resistant","","","","","","","","","","","SIR XGBoost Model","202503101","F1 score: 0.92, CI[0.89, 0.95]","Computational Method","",""
605,"605.33","Salmonella enterica subsp. enterica serovar Pullorum strain S06004","kanamycin","Susceptible","","","","","","","","","","","SIR XGBoost Model","202503101","F1 score: 0.86, CI[0.77, 0.95]","Computational Method","",""
605,"605.33","Salmonella enterica subsp. enterica serovar Pullorum strain S06004","nalidixic acid","Resistant","","","","","","","","","","","SIR XGBoost Model","202503101","F1 score: 0.95, CI[0.93, 0.96]","Computational Method","",""
605,"605.33","Salmonella enterica subsp. enterica serovar Pullorum strain S06004","pefloxacin","Resistant","","","","","","","","","","","SIR XGBoost Model","202503101","F1 score: 0.98, CI[0.96, 1.00]","Computational Method","",""
605,"605.33","Salmonella enterica subsp. enterica serovar Pullorum strain S06004","sulfamethoxazole","Susceptible","","","","","","","","","","","SIR XGBoost Model","202503101","F1 score: 0.95, CI[0.93, 0.97]","Computational Method","",""
605,"605.33","Salmonella enterica subsp. enterica serovar Pullorum strain S06004","spectinomycin","Susceptible","","","","","","","","","","","SIR XGBoost Model","202503101","F1 score: 0.94, CI[0.90, 0.98]","Computational Method","",""
605,"605.33","Salmonella enterica subsp. enterica serovar Pullorum strain S06004","streptomycin","Susceptible","","","","","","","","","","","SIR XGBoost Model","202503101","F1 score: 0.94, CI[0.93, 0.96]","Computational Method","",""
605,"605.33","Salmonella enterica subsp. enterica serovar Pullorum strain S06004","tetracycline","Susceptible","","","","","","","","","","","SIR XGBoost Model","202503101","F1 score: 0.97, CI[0.96, 0.98]","Computational Method","",""
605,"605.33","Salmonella enterica subsp. enterica serovar Pullorum strain S06004","ceftiofur","Susceptible","","","","","","","","","","","SIR XGBoost Model","202503101","F1 score: 0.98, CI[0.97, 1.00]","Computational Method","",""
605,"605.33","Salmonella enterica subsp. enterica serovar Pullorum strain S06004","trimethoprim","Resistant","","","","","","","","","","","SIR XGBoost Model","202503101","F1 score: 0.86, CI[0.78, 0.93]","Computational Method","",""
605,"605.61","Salmonella enterica subsp. enterica serovar Pullorum strain NCTC10705","amoxicillin/clavulanic acid","Susceptible","","","","","","","","","","","SIR XGBoost Model","202503101","F1 score: 0.96, CI[0.95, 0.97]","Computational Method","",""
605,"605.61","Salmonella enterica subsp. enterica serovar Pullorum strain NCTC10705","ampicillin","Susceptible","","","","","","","","","","","SIR XGBoost Model","202503101","F1 score: 0.93, CI[0.92, 0.93]","Computational Method","",""
605,"605.61","Salmonella enterica subsp. enterica serovar Pullorum strain NCTC10705","azithromycin","Susceptible","","","","","","","","","","","SIR XGBoost Model","202503101","F1 score: 0.92, CI[0.87, 0.98]","Computational Method","",""
605,"605.61","Salmonella enterica subsp. enterica serovar Pullorum strain NCTC10705","chloramphenicol","Susceptible","","","","","","","","","","","SIR XGBoost Model","202503101","F1 score: 0.90, CI[0.88, 0.91]","Computational Method","",""
605,"605.61","Salmonella enterica subsp. enterica serovar Pullorum strain NCTC10705","ciprofloxacin","Susceptible","","","","","","","","","","","SIR XGBoost Model","202503101","F1 score: 0.95, CI[0.93, 0.96]","Computational Method","",""
605,"605.61","Salmonella enterica subsp. enterica serovar Pullorum strain NCTC10705","ceftriaxone","Susceptible","","","","","","","","","","","SIR XGBoost Model","202503101","F1 score: 0.98, CI[0.97, 1.00]","Computational Method","",""
605,"605.61","Salmonella enterica subsp. enterica serovar Pullorum strain NCTC10705","cefotaxime","Susceptible","","","","","","","","","","","SIR XGBoost Model","202503101","F1 score: 0.95, CI[0.90, 0.99]","Computational Method","",""
605,"605.61","Salmonella enterica subsp. enterica serovar Pullorum strain NCTC10705","sulfisoxazole","Susceptible","","","","","","","","","","","SIR XGBoost Model","202503101","F1 score: 0.99, CI[0.98, 1.00]","Computational Method","",""
605,"605.61","Salmonella enterica subsp. enterica serovar Pullorum strain NCTC10705","cefoxitin","Susceptible","","","","","","","","","","","SIR XGBoost Model","202503101","F1 score: 0.96, CI[0.93, 0.99]","Computational Method","",""
605,"605.61","Salmonella enterica subsp. enterica serovar Pullorum strain NCTC10705","gentamicin","Susceptible","","","","","","","","","","","SIR XGBoost Model","202503101","F1 score: 0.92, CI[0.89, 0.95]","Computational Method","",""
605,"605.61","Salmonella enterica subsp. enterica serovar Pullorum strain NCTC10705","kanamycin","Susceptible","","","","","","","","","","","SIR XGBoost Model","202503101","F1 score: 0.86, CI[0.77, 0.95]","Computational Method","",""
605,"605.61","Salmonella enterica subsp. enterica serovar Pullorum strain NCTC10705","nalidixic acid","Susceptible","","","","","","","","","","","SIR XGBoost Model","202503101","F1 score: 0.95, CI[0.93, 0.96]","Computational Method","",""
605,"605.61","Salmonella enterica subsp. enterica serovar Pullorum strain NCTC10705","pefloxacin","Susceptible","","","","","","","","","","","SIR XGBoost Model","202503101","F1 score: 0.98, CI[0.96, 1.00]","Computational Method","",""
605,"605.61","Salmonella enterica subsp. enterica serovar Pullorum strain NCTC10705","sulfamethoxazole","Susceptible","","","","","","","","","","","SIR XGBoost Model","202503101","F1 score: 0.95, CI[0.93, 0.97]","Computational Method","",""
605,"605.61","Salmonella enterica subsp. enterica serovar Pullorum strain NCTC10705","spectinomycin","Susceptible","","","","","","","","","","","SIR XGBoost Model","202503101","F1 score: 0.94, CI[0.90, 0.98]","Computational Method","",""
605,"605.61","Salmonella enterica subsp. enterica serovar Pullorum strain NCTC10705","streptomycin","Susceptible","","","","","","","","","","","SIR XGBoost Model","202503101","F1 score: 0.94, CI[0.93, 0.96]","Computational Method","",""
605,"605.61","Salmonella enterica subsp. enterica serovar Pullorum strain NCTC10705","tetracycline","Susceptible","","","","","","","","","","","SIR XGBoost Model","202503101","F1 score: 0.97, CI[0.96, 0.98]","Computational Method","",""
605,"605.61","Salmonella enterica subsp. enterica serovar Pullorum strain NCTC10705","ceftiofur","Susceptible","","","","","","","","","","","SIR XGBoost Model","202503101","F1 score: 0.98, CI[0.97, 1.00]","Computational Method","",""
605,"605.61","Salmonella enterica subsp. enterica serovar Pullorum strain NCTC10705","trimethoprim","Susceptible","","","","","","","","","","","SIR XGBoost Model","202503101","F1 score: 0.86, CI[0.78, 0.93]","Computational Method","",""
605,"605.62","Salmonella enterica subsp. enterica serovar Pullorum strain QJ-2D-Sal","amoxicillin/clavulanic acid","Susceptible","","","","","","","","","","","SIR XGBoost Model","202503101","F1 score: 0.96, CI[0.95, 0.97]","Computational Method","",""
605,"605.62","Salmonella enterica subsp. enterica serovar Pullorum strain QJ-2D-Sal","ampicillin","Resistant","","","","","","","","","","","SIR XGBoost Model","202503101","F1 score: 0.93, CI[0.92, 0.93]","Computational Method","",""
605,"605.62","Salmonella enterica subsp. enterica serovar Pullorum strain QJ-2D-Sal","azithromycin","Susceptible","","","","","","","","","","","SIR XGBoost Model","202503101","F1 score: 0.92, CI[0.87, 0.98]","Computational Method","",""
605,"605.62","Salmonella enterica subsp. enterica serovar Pullorum strain QJ-2D-Sal","chloramphenicol","Susceptible","","","","","","","","","","","SIR XGBoost Model","202503101","F1 score: 0.90, CI[0.88, 0.91]","Computational Method","",""
605,"605.62","Salmonella enterica subsp. enterica serovar Pullorum strain QJ-2D-Sal","ciprofloxacin","Susceptible","","","","","","","","","","","SIR XGBoost Model","202503101","F1 score: 0.95, CI[0.93, 0.96]","Computational Method","",""
605,"605.62","Salmonella enterica subsp. enterica serovar Pullorum strain QJ-2D-Sal","ceftriaxone","Susceptible","","","","","","","","","","","SIR XGBoost Model","202503101","F1 score: 0.98, CI[0.97, 1.00]","Computational Method","",""
605,"605.62","Salmonella enterica subsp. enterica serovar Pullorum strain QJ-2D-Sal","cefotaxime","Susceptible","","","","","","","","","","","SIR XGBoost Model","202503101","F1 score: 0.95, CI[0.90, 0.99]","Computational Method","",""
605,"605.62","Salmonella enterica subsp. enterica serovar Pullorum strain QJ-2D-Sal","sulfisoxazole","Resistant","","","","","","","","","","","SIR XGBoost Model","202503101","F1 score: 0.99, CI[0.98, 1.00]","Computational Method","",""
605,"605.62","Salmonella enterica subsp. enterica serovar Pullorum strain QJ-2D-Sal","cefoxitin","Susceptible","","","","","","","","","","","SIR XGBoost Model","202503101","F1 score: 0.96, CI[0.93, 0.99]","Computational Method","",""
605,"605.62","Salmonella enterica subsp. enterica serovar Pullorum strain QJ-2D-Sal","gentamicin","Susceptible","","","","","","","","","","","SIR XGBoost Model","202503101","F1 score: 0.92, CI[0.89, 0.95]","Computational Method","",""
605,"605.62","Salmonella enterica subsp. enterica serovar Pullorum strain QJ-2D-Sal","kanamycin","Susceptible","","","","","","","","","","","SIR XGBoost Model","202503101","F1 score: 0.86, CI[0.77, 0.95]","Computational Method","",""
605,"605.62","Salmonella enterica subsp. enterica serovar Pullorum strain QJ-2D-Sal","nalidixic acid","Resistant","","","","","","","","","","","SIR XGBoost Model","202503101","F1 score: 0.95, CI[0.93, 0.96]","Computational Method","",""
605,"605.62","Salmonella enterica subsp. enterica serovar Pullorum strain QJ-2D-Sal","pefloxacin","Resistant","","","","","","","","","","","SIR XGBoost Model","202503101","F1 score: 0.98, CI[0.96, 1.00]","Computational Method","",""
605,"605.62","Salmonella enterica subsp. enterica serovar Pullorum strain QJ-2D-Sal","sulfamethoxazole","Susceptible","","","","","","","","","","","SIR XGBoost Model","202503101","F1 score: 0.95, CI[0.93, 0.97]","Computational Method","",""
605,"605.62","Salmonella enterica subsp. enterica serovar Pullorum strain QJ-2D-Sal","spectinomycin","Susceptible","","","","","","","","","","","SIR XGBoost Model","202503101","F1 score: 0.94, CI[0.90, 0.98]","Computational Method","",""
605,"605.62","Salmonella enterica subsp. enterica serovar Pullorum strain QJ-2D-Sal","streptomycin","Susceptible","","","","","","","","","","","SIR XGBoost Model","202503101","F1 score: 0.94, CI[0.93, 0.96]","Computational Method","",""
605,"605.62","Salmonella enterica subsp. enterica serovar Pullorum strain QJ-2D-Sal","tetracycline","Susceptible","","","","","","","","","","","SIR XGBoost Model","202503101","F1 score: 0.97, CI[0.96, 0.98]","Computational Method","",""
605,"605.62","Salmonella enterica subsp. enterica serovar Pullorum strain QJ-2D-Sal","ceftiofur","Susceptible","","","","","","","","","","","SIR XGBoost Model","202503101","F1 score: 0.98, CI[0.97, 1.00]","Computational Method","",""
605,"605.62","Salmonella enterica subsp. enterica serovar Pullorum strain QJ-2D-Sal","trimethoprim","Susceptible","","","","","","","","","","","SIR XGBoost Model","202503101","F1 score: 0.86, CI[0.78, 0.93]","Computational Method","",""
605,"605.78","Salmonella enterica subsp. enterica serovar Pullorum strain CVCC 1795","amoxicillin/clavulanic acid","Susceptible","","","","","","","","","","","SIR XGBoost Model","202503101","F1 score: 0.96, CI[0.95, 0.97]","Computational Method","",""
605,"605.78","Salmonella enterica subsp. enterica serovar Pullorum strain CVCC 1795","ampicillin","Susceptible","","","","","","","","","","","SIR XGBoost Model","202503101","F1 score: 0.93, CI[0.92, 0.93]","Computational Method","",""
605,"605.78","Salmonella enterica subsp. enterica serovar Pullorum strain CVCC 1795","azithromycin","Susceptible","","","","","","","","","","","SIR XGBoost Model","202503101","F1 score: 0.92, CI[0.87, 0.98]","Computational Method","",""
605,"605.78","Salmonella enterica subsp. enterica serovar Pullorum strain CVCC 1795","chloramphenicol","Susceptible","","","","","","","","","","","SIR XGBoost Model","202503101","F1 score: 0.90, CI[0.88, 0.91]","Computational Method","",""
605,"605.78","Salmonella enterica subsp. enterica serovar Pullorum strain CVCC 1795","ciprofloxacin","Susceptible","","","","","","","","","","","SIR XGBoost Model","202503101","F1 score: 0.95, CI[0.93, 0.96]","Computational Method","",""
605,"605.78","Salmonella enterica subsp. enterica serovar Pullorum strain CVCC 1795","ceftriaxone","Susceptible","","","","","","","","","","","SIR XGBoost Model","202503101","F1 score: 0.98, CI[0.97, 1.00]","Computational Method","",""
605,"605.78","Salmonella enterica subsp. enterica serovar Pullorum strain CVCC 1795","cefotaxime","Susceptible","","","","","","","","","","","SIR XGBoost Model","202503101","F1 score: 0.95, CI[0.90, 0.99]","Computational Method","",""
605,"605.78","Salmonella enterica subsp. enterica serovar Pullorum strain CVCC 1795","sulfisoxazole","Susceptible","","","","","","","","","","","SIR XGBoost Model","202503101","F1 score: 0.99, CI[0.98, 1.00]","Computational Method","",""
605,"605.78","Salmonella enterica subsp. enterica serovar Pullorum strain CVCC 1795","cefoxitin","Susceptible","","","","","","","","","","","SIR XGBoost Model","202503101","F1 score: 0.96, CI[0.93, 0.99]","Computational Method","",""
605,"605.78","Salmonella enterica subsp. enterica serovar Pullorum strain CVCC 1795","gentamicin","Susceptible","","","","","","","","","","","SIR XGBoost Model","202503101","F1 score: 0.92, CI[0.89, 0.95]","Computational Method","",""
605,"605.78","Salmonella enterica subsp. enterica serovar Pullorum strain CVCC 1795","kanamycin","Susceptible","","","","","","","","","","","SIR XGBoost Model","202503101","F1 score: 0.86, CI[0.77, 0.95]","Computational Method","",""
605,"605.78","Salmonella enterica subsp. enterica serovar Pullorum strain CVCC 1795","nalidixic acid","Susceptible","","","","","","","","","","","SIR XGBoost Model","202503101","F1 score: 0.95, CI[0.93, 0.96]","Computational Method","",""
605,"605.78","Salmonella enterica subsp. enterica serovar Pullorum strain CVCC 1795","pefloxacin","Susceptible","","","","","","","","","","","SIR XGBoost Model","202503101","F1 score: 0.98, CI[0.96, 1.00]","Computational Method","",""
605,"605.78","Salmonella enterica subsp. enterica serovar Pullorum strain CVCC 1795","sulfamethoxazole","Susceptible","","","","","","","","","","","SIR XGBoost Model","202503101","F1 score: 0.95, CI[0.93, 0.97]","Computational Method","",""
605,"605.78","Salmonella enterica subsp. enterica serovar Pullorum strain CVCC 1795","spectinomycin","Susceptible","","","","","","","","","","","SIR XGBoost Model","202503101","F1 score: 0.94, CI[0.90, 0.98]","Computational Method","",""
605,"605.78","Salmonella enterica subsp. enterica serovar Pullorum strain CVCC 1795","streptomycin","Susceptible","","","","","","","","","","","SIR XGBoost Model","202503101","F1 score: 0.94, CI[0.93, 0.96]","Computational Method","",""
605,"605.78","Salmonella enterica subsp. enterica serovar Pullorum strain CVCC 1795","tetracycline","Susceptible","","","","","","","","","","","SIR XGBoost Model","202503101","F1 score: 0.97, CI[0.96, 0.98]","Computational Method","",""
605,"605.78","Salmonella enterica subsp. enterica serovar Pullorum strain CVCC 1795","ceftiofur","Susceptible","","","","","","","","","","","SIR XGBoost Model","202503101","F1 score: 0.98, CI[0.97, 1.00]","Computational Method","",""
605,"605.78","Salmonella enterica subsp. enterica serovar Pullorum strain CVCC 1795","trimethoprim","Susceptible","","","","","","","","","","","SIR XGBoost Model","202503101","F1 score: 0.86, CI[0.78, 0.93]","Computational Method","",""
605,"605.81","Salmonella enterica subsp. enterica serovar Pullorum strain CVCC 1795","amoxicillin/clavulanic acid","Susceptible","","","","","","","","","","","SIR XGBoost Model","202503101","F1 score: 0.96, CI[0.95, 0.97]","Computational Method","",""
605,"605.81","Salmonella enterica subsp. enterica serovar Pullorum strain CVCC 1795","ampicillin","Susceptible","","","","","","","","","","","SIR XGBoost Model","202503101","F1 score: 0.93, CI[0.92, 0.93]","Computational Method","",""
605,"605.81","Salmonella enterica subsp. enterica serovar Pullorum strain CVCC 1795","azithromycin","Susceptible","","","","","","","","","","","SIR XGBoost Model","202503101","F1 score: 0.92, CI[0.87, 0.98]","Computational Method","",""
605,"605.81","Salmonella enterica subsp. enterica serovar Pullorum strain CVCC 1795","chloramphenicol","Susceptible","","","","","","","","","","","SIR XGBoost Model","202503101","F1 score: 0.90, CI[0.88, 0.91]","Computational Method","",""
605,"605.81","Salmonella enterica subsp. enterica serovar Pullorum strain CVCC 1795","ciprofloxacin","Susceptible","","","","","","","","","","","SIR XGBoost Model","202503101","F1 score: 0.95, CI[0.93, 0.96]","Computational Method","",""
605,"605.81","Salmonella enterica subsp. enterica serovar Pullorum strain CVCC 1795","ceftriaxone","Susceptible","","","","","","","","","","","SIR XGBoost Model","202503101","F1 score: 0.98, CI[0.97, 1.00]","Computational Method","",""
605,"605.81","Salmonella enterica subsp. enterica serovar Pullorum strain CVCC 1795","cefotaxime","Susceptible","","","","","","","","","","","SIR XGBoost Model","202503101","F1 score: 0.95, CI[0.90, 0.99]","Computational Method","",""
605,"605.81","Salmonella enterica subsp. enterica serovar Pullorum strain CVCC 1795","sulfisoxazole","Susceptible","","","","","","","","","","","SIR XGBoost Model","202503101","F1 score: 0.99, CI[0.98, 1.00]","Computational Method","",""
605,"605.81","Salmonella enterica subsp. enterica serovar Pullorum strain CVCC 1795","cefoxitin","Susceptible","","","","","","","","","","","SIR XGBoost Model","202503101","F1 score: 0.96, CI[0.93, 0.99]","Computational Method","",""
605,"605.81","Salmonella enterica subsp. enterica serovar Pullorum strain CVCC 1795","gentamicin","Susceptible","","","","","","","","","","","SIR XGBoost Model","202503101","F1 score: 0.92, CI[0.89, 0.95]","Computational Method","",""
605,"605.81","Salmonella enterica subsp. enterica serovar Pullorum strain CVCC 1795","kanamycin","Susceptible","","","","","","","","","","","SIR XGBoost Model","202503101","F1 score: 0.86, CI[0.77, 0.95]","Computational Method","",""
605,"605.81","Salmonella enterica subsp. enterica serovar Pullorum strain CVCC 1795","nalidixic acid","Susceptible","","","","","","","","","","","SIR XGBoost Model","202503101","F1 score: 0.95, CI[0.93, 0.96]","Computational Method","",""
605,"605.81","Salmonella enterica subsp. enterica serovar Pullorum strain CVCC 1795","pefloxacin","Susceptible","","","","","","","","","","","SIR XGBoost Model","202503101","F1 score: 0.98, CI[0.96, 1.00]","Computational Method","",""
605,"605.81","Salmonella enterica subsp. enterica serovar Pullorum strain CVCC 1795","sulfamethoxazole","Susceptible","","","","","","","","","","","SIR XGBoost Model","202503101","F1 score: 0.95, CI[0.93, 0.97]","Computational Method","",""
605,"605.81","Salmonella enterica subsp. enterica serovar Pullorum strain CVCC 1795","spectinomycin","Susceptible","","","","","","","","","","","SIR XGBoost Model","202503101","F1 score: 0.94, CI[0.90, 0.98]","Computational Method","",""
605,"605.81","Salmonella enterica subsp. enterica serovar Pullorum strain CVCC 1795","streptomycin","Susceptible","","","","","","","","","","","SIR XGBoost Model","202503101","F1 score: 0.94, CI[0.93, 0.96]","Computational Method","",""
605,"605.81","Salmonella enterica subsp. enterica serovar Pullorum strain CVCC 1795","tetracycline","Susceptible","","","","","","","","","","","SIR XGBoost Model","202503101","F1 score: 0.97, CI[0.96, 0.98]","Computational Method","",""
605,"605.81","Salmonella enterica subsp. enterica serovar Pullorum strain CVCC 1795","ceftiofur","Susceptible","","","","","","","","","","","SIR XGBoost Model","202503101","F1 score: 0.98, CI[0.97, 1.00]","Computational Method","",""
605,"605.81","Salmonella enterica subsp. enterica serovar Pullorum strain CVCC 1795","trimethoprim","Susceptible","","","","","","","","","","","SIR XGBoost Model","202503101","F1 score: 0.86, CI[0.78, 0.93]","Computational Method","",""
605,"605.82","Salmonella enterica subsp. enterica serovar Pullorum strain CVCC 1795","amoxicillin/clavulanic acid","Susceptible","","","","","","","","","","","SIR XGBoost Model","202503101","F1 score: 0.96, CI[0.95, 0.97]","Computational Method","",""
605,"605.82","Salmonella enterica subsp. enterica serovar Pullorum strain CVCC 1795","ampicillin","Susceptible","","","","","","","","","","","SIR XGBoost Model","202503101","F1 score: 0.93, CI[0.92, 0.93]","Computational Method","",""
605,"605.82","Salmonella enterica subsp. enterica serovar Pullorum strain CVCC 1795","azithromycin","Susceptible","","","","","","","","","","","SIR XGBoost Model","202503101","F1 score: 0.92, CI[0.87, 0.98]","Computational Method","",""
605,"605.82","Salmonella enterica subsp. enterica serovar Pullorum strain CVCC 1795","chloramphenicol","Susceptible","","","","","","","","","","","SIR XGBoost Model","202503101","F1 score: 0.90, CI[0.88, 0.91]","Computational Method","",""
605,"605.82","Salmonella enterica subsp. enterica serovar Pullorum strain CVCC 1795","ciprofloxacin","Susceptible","","","","","","","","","","","SIR XGBoost Model","202503101","F1 score: 0.95, CI[0.93, 0.96]","Computational Method","",""
605,"605.82","Salmonella enterica subsp. enterica serovar Pullorum strain CVCC 1795","ceftriaxone","Susceptible","","","","","","","","","","","SIR XGBoost Model","202503101","F1 score: 0.98, CI[0.97, 1.00]","Computational Method","",""
605,"605.82","Salmonella enterica subsp. enterica serovar Pullorum strain CVCC 1795","cefotaxime","Susceptible","","","","","","","","","","","SIR XGBoost Model","202503101","F1 score: 0.95, CI[0.90, 0.99]","Computational Method","",""
605,"605.82","Salmonella enterica subsp. enterica serovar Pullorum strain CVCC 1795","sulfisoxazole","Susceptible","","","","","","","","","","","SIR XGBoost Model","202503101","F1 score: 0.99, CI[0.98, 1.00]","Computational Method","",""
605,"605.82","Salmonella enterica subsp. enterica serovar Pullorum strain CVCC 1795","cefoxitin","Susceptible","","","","","","","","","","","SIR XGBoost Model","202503101","F1 score: 0.96, CI[0.93, 0.99]","Computational Method","",""
605,"605.82","Salmonella enterica subsp. enterica serovar Pullorum strain CVCC 1795","gentamicin","Susceptible","","","","","","","","","","","SIR XGBoost Model","202503101","F1 score: 0.92, CI[0.89, 0.95]","Computational Method","",""
605,"605.82","Salmonella enterica subsp. enterica serovar Pullorum strain CVCC 1795","kanamycin","Susceptible","","","","","","","","","","","SIR XGBoost Model","202503101","F1 score: 0.86, CI[0.77, 0.95]","Computational Method","",""
605,"605.82","Salmonella enterica subsp. enterica serovar Pullorum strain CVCC 1795","nalidixic acid","Susceptible","","","","","","","","","","","SIR XGBoost Model","202503101","F1 score: 0.95, CI[0.93, 0.96]","Computational Method","",""
605,"605.82","Salmonella enterica subsp. enterica serovar Pullorum strain CVCC 1795","pefloxacin","Susceptible","","","","","","","","","","","SIR XGBoost Model","202503101","F1 score: 0.98, CI[0.96, 1.00]","Computational Method","",""
605,"605.82","Salmonella enterica subsp. enterica serovar Pullorum strain CVCC 1795","sulfamethoxazole","Susceptible","","","","","","","","","","","SIR XGBoost Model","202503101","F1 score: 0.95, CI[0.93, 0.97]","Computational Method","",""
605,"605.82","Salmonella enterica subsp. enterica serovar Pullorum strain CVCC 1795","spectinomycin","Susceptible","","","","","","","","","","","SIR XGBoost Model","202503101","F1 score: 0.94, CI[0.90, 0.98]","Computational Method","",""
605,"605.82","Salmonella enterica subsp. enterica serovar Pullorum strain CVCC 1795","streptomycin","Susceptible","","","","","","","","","","","SIR XGBoost Model","202503101","F1 score: 0.94, CI[0.93, 0.96]","Computational Method","",""
605,"605.82","Salmonella enterica subsp. enterica serovar Pullorum strain CVCC 1795","tetracycline","Susceptible","","","","","","","","","","","SIR XGBoost Model","202503101","F1 score: 0.97, CI[0.96, 0.98]","Computational Method","",""
605,"605.82","Salmonella enterica subsp. enterica serovar Pullorum strain CVCC 1795","ceftiofur","Susceptible","","","","","","","","","","","SIR XGBoost Model","202503101","F1 score: 0.98, CI[0.97, 1.00]","Computational Method","",""
605,"605.82","Salmonella enterica subsp. enterica serovar Pullorum strain CVCC 1795","trimethoprim","Susceptible","","","","","","","","","","","SIR XGBoost Model","202503101","F1 score: 0.86, CI[0.78, 0.93]","Computational Method","",""
605,"605.83","Salmonella enterica subsp. enterica serovar Pullorum strain CVCC 1795","amoxicillin/clavulanic acid","Susceptible","","","","","","","","","","","SIR XGBoost Model","202503101","F1 score: 0.96, CI[0.95, 0.97]","Computational Method","",""
605,"605.83","Salmonella enterica subsp. enterica serovar Pullorum strain CVCC 1795","ampicillin","Susceptible","","","","","","","","","","","SIR XGBoost Model","202503101","F1 score: 0.93, CI[0.92, 0.93]","Computational Method","",""
605,"605.83","Salmonella enterica subsp. enterica serovar Pullorum strain CVCC 1795","azithromycin","Susceptible","","","","","","","","","","","SIR XGBoost Model","202503101","F1 score: 0.92, CI[0.87, 0.98]","Computational Method","",""
605,"605.83","Salmonella enterica subsp. enterica serovar Pullorum strain CVCC 1795","chloramphenicol","Susceptible","","","","","","","","","","","SIR XGBoost Model","202503101","F1 score: 0.90, CI[0.88, 0.91]","Computational Method","",""
605,"605.83","Salmonella enterica subsp. enterica serovar Pullorum strain CVCC 1795","ciprofloxacin","Susceptible","","","","","","","","","","","SIR XGBoost Model","202503101","F1 score: 0.95, CI[0.93, 0.96]","Computational Method","",""
605,"605.83","Salmonella enterica subsp. enterica serovar Pullorum strain CVCC 1795","ceftriaxone","Susceptible","","","","","","","","","","","SIR XGBoost Model","202503101","F1 score: 0.98, CI[0.97, 1.00]","Computational Method","",""
605,"605.83","Salmonella enterica subsp. enterica serovar Pullorum strain CVCC 1795","cefotaxime","Susceptible","","","","","","","","","","","SIR XGBoost Model","202503101","F1 score: 0.95, CI[0.90, 0.99]","Computational Method","",""
605,"605.83","Salmonella enterica subsp. enterica serovar Pullorum strain CVCC 1795","sulfisoxazole","Susceptible","","","","","","","","","","","SIR XGBoost Model","202503101","F1 score: 0.99, CI[0.98, 1.00]","Computational Method","",""
605,"605.83","Salmonella enterica subsp. enterica serovar Pullorum strain CVCC 1795","cefoxitin","Susceptible","","","","","","","","","","","SIR XGBoost Model","202503101","F1 score: 0.96, CI[0.93, 0.99]","Computational Method","",""
605,"605.83","Salmonella enterica subsp. enterica serovar Pullorum strain CVCC 1795","gentamicin","Susceptible","","","","","","","","","","","SIR XGBoost Model","202503101","F1 score: 0.92, CI[0.89, 0.95]","Computational Method","",""
605,"605.83","Salmonella enterica subsp. enterica serovar Pullorum strain CVCC 1795","kanamycin","Susceptible","","","","","","","","","","","SIR XGBoost Model","202503101","F1 score: 0.86, CI[0.77, 0.95]","Computational Method","",""
605,"605.83","Salmonella enterica subsp. enterica serovar Pullorum strain CVCC 1795","nalidixic acid","Susceptible","","","","","","","","","","","SIR XGBoost Model","202503101","F1 score: 0.95, CI[0.93, 0.96]","Computational Method","",""
605,"605.83","Salmonella enterica subsp. enterica serovar Pullorum strain CVCC 1795","pefloxacin","Susceptible","","","","","","","","","","","SIR XGBoost Model","202503101","F1 score: 0.98, CI[0.96, 1.00]","Computational Method","",""
605,"605.83","Salmonella enterica subsp. enterica serovar Pullorum strain CVCC 1795","sulfamethoxazole","Susceptible","","","","","","","","","","","SIR XGBoost Model","202503101","F1 score: 0.95, CI[0.93, 0.97]","Computational Method","",""
605,"605.83","Salmonella enterica subsp. enterica serovar Pullorum strain CVCC 1795","spectinomycin","Susceptible","","","","","","","","","","","SIR XGBoost Model","202503101","F1 score: 0.94, CI[0.90, 0.98]","Computational Method","",""
605,"605.83","Salmonella enterica subsp. enterica serovar Pullorum strain CVCC 1795","streptomycin","Susceptible","","","","","","","","","","","SIR XGBoost Model","202503101","F1 score: 0.94, CI[0.93, 0.96]","Computational Method","",""
605,"605.83","Salmonella enterica subsp. enterica serovar Pullorum strain CVCC 1795","tetracycline","Susceptible","","","","","","","","","","","SIR XGBoost Model","202503101","F1 score: 0.97, CI[0.96, 0.98]","Computational Method","",""
605,"605.83","Salmonella enterica subsp. enterica serovar Pullorum strain CVCC 1795","ceftiofur","Susceptible","","","","","","","","","","","SIR XGBoost Model","202503101","F1 score: 0.98, CI[0.97, 1.00]","Computational Method","",""
605,"605.83","Salmonella enterica subsp. enterica serovar Pullorum strain CVCC 1795","trimethoprim","Susceptible","","","","","","","","","","","SIR XGBoost Model","202503101","F1 score: 0.86, CI[0.78, 0.93]","Computational Method","",""
605,"605.84","Salmonella enterica subsp. enterica serovar Pullorum CVCC 1795","amoxicillin/clavulanic acid","Susceptible","","","","","","","","","","","SIR XGBoost Model","202503101","F1 score: 0.96, CI[0.95, 0.97]","Computational Method","",""
605,"605.84","Salmonella enterica subsp. enterica serovar Pullorum CVCC 1795","ampicillin","Susceptible","","","","","","","","","","","SIR XGBoost Model","202503101","F1 score: 0.93, CI[0.92, 0.93]","Computational Method","",""
605,"605.84","Salmonella enterica subsp. enterica serovar Pullorum CVCC 1795","azithromycin","Susceptible","","","","","","","","","","","SIR XGBoost Model","202503101","F1 score: 0.92, CI[0.87, 0.98]","Computational Method","",""
605,"605.84","Salmonella enterica subsp. enterica serovar Pullorum CVCC 1795","chloramphenicol","Susceptible","","","","","","","","","","","SIR XGBoost Model","202503101","F1 score: 0.90, CI[0.88, 0.91]","Computational Method","",""
605,"605.84","Salmonella enterica subsp. enterica serovar Pullorum CVCC 1795","ciprofloxacin","Susceptible","","","","","","","","","","","SIR XGBoost Model","202503101","F1 score: 0.95, CI[0.93, 0.96]","Computational Method","",""
605,"605.84","Salmonella enterica subsp. enterica serovar Pullorum CVCC 1795","ceftriaxone","Susceptible","","","","","","","","","","","SIR XGBoost Model","202503101","F1 score: 0.98, CI[0.97, 1.00]","Computational Method","",""
605,"605.84","Salmonella enterica subsp. enterica serovar Pullorum CVCC 1795","cefotaxime","Susceptible","","","","","","","","","","","SIR XGBoost Model","202503101","F1 score: 0.95, CI[0.90, 0.99]","Computational Method","",""
605,"605.84","Salmonella enterica subsp. enterica serovar Pullorum CVCC 1795","sulfisoxazole","Susceptible","","","","","","","","","","","SIR XGBoost Model","202503101","F1 score: 0.99, CI[0.98, 1.00]","Computational Method","",""
605,"605.84","Salmonella enterica subsp. enterica serovar Pullorum CVCC 1795","cefoxitin","Susceptible","","","","","","","","","","","SIR XGBoost Model","202503101","F1 score: 0.96, CI[0.93, 0.99]","Computational Method","",""
605,"605.84","Salmonella enterica subsp. enterica serovar Pullorum CVCC 1795","gentamicin","Susceptible","","","","","","","","","","","SIR XGBoost Model","202503101","F1 score: 0.92, CI[0.89, 0.95]","Computational Method","",""
605,"605.84","Salmonella enterica subsp. enterica serovar Pullorum CVCC 1795","kanamycin","Susceptible","","","","","","","","","","","SIR XGBoost Model","202503101","F1 score: 0.86, CI[0.77, 0.95]","Computational Method","",""
605,"605.84","Salmonella enterica subsp. enterica serovar Pullorum CVCC 1795","nalidixic acid","Susceptible","","","","","","","","","","","SIR XGBoost Model","202503101","F1 score: 0.95, CI[0.93, 0.96]","Computational Method","",""
605,"605.84","Salmonella enterica subsp. enterica serovar Pullorum CVCC 1795","pefloxacin","Susceptible","","","","","","","","","","","SIR XGBoost Model","202503101","F1 score: 0.98, CI[0.96, 1.00]","Computational Method","",""
605,"605.84","Salmonella enterica subsp. enterica serovar Pullorum CVCC 1795","sulfamethoxazole","Susceptible","","","","","","","","","","","SIR XGBoost Model","202503101","F1 score: 0.95, CI[0.93, 0.97]","Computational Method","",""
605,"605.84","Salmonella enterica subsp. enterica serovar Pullorum CVCC 1795","spectinomycin","Susceptible","","","","","","","","","","","SIR XGBoost Model","202503101","F1 score: 0.94, CI[0.90, 0.98]","Computational Method","",""
605,"605.84","Salmonella enterica subsp. enterica serovar Pullorum CVCC 1795","streptomycin","Susceptible","","","","","","","","","","","SIR XGBoost Model","202503101","F1 score: 0.94, CI[0.93, 0.96]","Computational Method","",""
605,"605.84","Salmonella enterica subsp. enterica serovar Pullorum CVCC 1795","tetracycline","Susceptible","","","","","","","","","","","SIR XGBoost Model","202503101","F1 score: 0.97, CI[0.96, 0.98]","Computational Method","",""
605,"605.84","Salmonella enterica subsp. enterica serovar Pullorum CVCC 1795","ceftiofur","Susceptible","","","","","","","","","","","SIR XGBoost Model","202503101","F1 score: 0.98, CI[0.97, 1.00]","Computational Method","",""
605,"605.84","Salmonella enterica subsp. enterica serovar Pullorum CVCC 1795","trimethoprim","Susceptible","","","","","","","","","","","SIR XGBoost Model","202503101","F1 score: 0.86, CI[0.78, 0.93]","Computational Method","",""
605,"605.85","Salmonella enterica subsp. enterica serovar Pullorum 20811/12","amoxicillin/clavulanic acid","Susceptible","","","","","","","","","","","SIR XGBoost Model","202503101","F1 score: 0.96, CI[0.95, 0.97]","Computational Method","",""
605,"605.85","Salmonella enterica subsp. enterica serovar Pullorum 20811/12","ampicillin","Susceptible","","","","","","","","","","","SIR XGBoost Model","202503101","F1 score: 0.93, CI[0.92, 0.93]","Computational Method","",""
605,"605.85","Salmonella enterica subsp. enterica serovar Pullorum 20811/12","azithromycin","Susceptible","","","","","","","","","","","SIR XGBoost Model","202503101","F1 score: 0.92, CI[0.87, 0.98]","Computational Method","",""
605,"605.85","Salmonella enterica subsp. enterica serovar Pullorum 20811/12","chloramphenicol","Susceptible","","","","","","","","","","","SIR XGBoost Model","202503101","F1 score: 0.90, CI[0.88, 0.91]","Computational Method","",""
605,"605.85","Salmonella enterica subsp. enterica serovar Pullorum 20811/12","ciprofloxacin","Susceptible","","","","","","","","","","","SIR XGBoost Model","202503101","F1 score: 0.95, CI[0.93, 0.96]","Computational Method","",""
605,"605.85","Salmonella enterica subsp. enterica serovar Pullorum 20811/12","ceftriaxone","Susceptible","","","","","","","","","","","SIR XGBoost Model","202503101","F1 score: 0.98, CI[0.97, 1.00]","Computational Method","",""
605,"605.85","Salmonella enterica subsp. enterica serovar Pullorum 20811/12","cefotaxime","Susceptible","","","","","","","","","","","SIR XGBoost Model","202503101","F1 score: 0.95, CI[0.90, 0.99]","Computational Method","",""
605,"605.85","Salmonella enterica subsp. enterica serovar Pullorum 20811/12","sulfisoxazole","Susceptible","","","","","","","","","","","SIR XGBoost Model","202503101","F1 score: 0.99, CI[0.98, 1.00]","Computational Method","",""
605,"605.85","Salmonella enterica subsp. enterica serovar Pullorum 20811/12","cefoxitin","Susceptible","","","","","","","","","","","SIR XGBoost Model","202503101","F1 score: 0.96, CI[0.93, 0.99]","Computational Method","",""
605,"605.85","Salmonella enterica subsp. enterica serovar Pullorum 20811/12","gentamicin","Susceptible","","","","","","","","","","","SIR XGBoost Model","202503101","F1 score: 0.92, CI[0.89, 0.95]","Computational Method","",""
605,"605.85","Salmonella enterica subsp. enterica serovar Pullorum 20811/12","kanamycin","Susceptible","","","","","","","","","","","SIR XGBoost Model","202503101","F1 score: 0.86, CI[0.77, 0.95]","Computational Method","",""
605,"605.85","Salmonella enterica subsp. enterica serovar Pullorum 20811/12","nalidixic acid","Susceptible","","","","","","","","","","","SIR XGBoost Model","202503101","F1 score: 0.95, CI[0.93, 0.96]","Computational Method","",""
605,"605.85","Salmonella enterica subsp. enterica serovar Pullorum 20811/12","pefloxacin","Susceptible","","","","","","","","","","","SIR XGBoost Model","202503101","F1 score: 0.98, CI[0.96, 1.00]","Computational Method","",""
605,"605.85","Salmonella enterica subsp. enterica serovar Pullorum 20811/12","sulfamethoxazole","Susceptible","","","","","","","","","","","SIR XGBoost Model","202503101","F1 score: 0.95, CI[0.93, 0.97]","Computational Method","",""
605,"605.85","Salmonella enterica subsp. enterica serovar Pullorum 20811/12","spectinomycin","Susceptible","","","","","","","","","","","SIR XGBoost Model","202503101","F1 score: 0.94, CI[0.90, 0.98]","Computational Method","",""
605,"605.85","Salmonella enterica subsp. enterica serovar Pullorum 20811/12","streptomycin","Susceptible","","","","","","","","","","","SIR XGBoost Model","202503101","F1 score: 0.94, CI[0.93, 0.96]","Computational Method","",""
605,"605.85","Salmonella enterica subsp. enterica serovar Pullorum 20811/12","tetracycline","Susceptible","","","","","","","","","","","SIR XGBoost Model","202503101","F1 score: 0.97, CI[0.96, 0.98]","Computational Method","",""
605,"605.85","Salmonella enterica subsp. enterica serovar Pullorum 20811/12","ceftiofur","Susceptible","","","","","","","","","","","SIR XGBoost Model","202503101","F1 score: 0.98, CI[0.97, 1.00]","Computational Method","",""
605,"605.85","Salmonella enterica subsp. enterica serovar Pullorum 20811/12","trimethoprim","Susceptible","","","","","","","","","","","SIR XGBoost Model","202503101","F1 score: 0.86, CI[0.78, 0.93]","Computational Method","",""
605,"605.10","Salmonella enterica subsp. enterica serovar Pullorum strain S4037-07","trimethoprim/sulfamethoxazole","Susceptible","","","","","","","","","","","SIR XGBoost Model","202503101","F1 score: 0.85, CI[0.82, 0.88]","Computational Method","",""
605,"605.100","Salmonella enterica subsp. enterica serovar Pullorum FHC-113","trimethoprim/sulfamethoxazole","Susceptible","","","","","","","","","","","SIR XGBoost Model","202503101","F1 score: 0.85, CI[0.82, 0.88]","Computational Method","",""
605,"605.101","Salmonella enterica subsp. enterica serovar Pullorum FHC-112","trimethoprim/sulfamethoxazole","Resistant","","","","","","","","","","","SIR XGBoost Model","202503101","F1 score: 0.85, CI[0.82, 0.88]","Computational Method","",""
605,"605.102","Salmonella enterica subsp. enterica serovar Pullorum FHC-106","trimethoprim/sulfamethoxazole","Susceptible","","","","","","","","","","","SIR XGBoost Model","202503101","F1 score: 0.85, CI[0.82, 0.88]","Computational Method","",""
605,"605.103","Salmonella enterica subsp. enterica serovar Pullorum FHC-107","trimethoprim/sulfamethoxazole","Susceptible","","","","","","","","","","","SIR XGBoost Model","202503101","F1 score: 0.85, CI[0.82, 0.88]","Computational Method","",""
605,"605.104","Salmonella enterica subsp. enterica serovar Pullorum FHC-109","trimethoprim/sulfamethoxazole","Susceptible","","","","","","","","","","","SIR XGBoost Model","202503101","F1 score: 0.85, CI[0.82, 0.88]","Computational Method","",""
605,"605.105","Salmonella enterica subsp. enterica serovar Pullorum FHC-111","trimethoprim/sulfamethoxazole","Susceptible","","","","","","","","","","","SIR XGBoost Model","202503101","F1 score: 0.85, CI[0.82, 0.88]","Computational Method","",""
605,"605.106","Salmonella enterica subsp. enterica serovar Pullorum FHC-110","trimethoprim/sulfamethoxazole","Susceptible","","","","","","","","","","","SIR XGBoost Model","202503101","F1 score: 0.85, CI[0.82, 0.88]","Computational Method","",""
605,"605.107","Salmonella enterica subsp. enterica serovar Pullorum FHC-104","trimethoprim/sulfamethoxazole","Susceptible","","","","","","","","","","","SIR XGBoost Model","202503101","F1 score: 0.85, CI[0.82, 0.88]","Computational Method","",""
605,"605.108","Salmonella enterica subsp. enterica serovar Pullorum FHC-108","trimethoprim/sulfamethoxazole","Susceptible","","","","","","","","","","","SIR XGBoost Model","202503101","F1 score: 0.85, CI[0.82, 0.88]","Computational Method","",""
605,"605.109","Salmonella enterica subsp. enterica serovar Pullorum FHC-105","trimethoprim/sulfamethoxazole","Susceptible","","","","","","","","","","","SIR XGBoost Model","202503101","F1 score: 0.85, CI[0.82, 0.88]","Computational Method","",""
605,"605.11","Salmonella enterica subsp. enterica serovar Pullorum strain S44987","trimethoprim/sulfamethoxazole","Susceptible","","","","","","","","","","","SIR XGBoost Model","202503101","F1 score: 0.85, CI[0.82, 0.88]","Computational Method","",""
605,"605.110","Salmonella enterica subsp. enterica serovar Pullorum FHC-102","trimethoprim/sulfamethoxazole","Susceptible","","","","","","","","","","","SIR XGBoost Model","202503101","F1 score: 0.85, CI[0.82, 0.88]","Computational Method","",""
605,"605.111","Salmonella enterica subsp. enterica serovar Pullorum FHC-96","trimethoprim/sulfamethoxazole","Susceptible","","","","","","","","","","","SIR XGBoost Model","202503101","F1 score: 0.85, CI[0.82, 0.88]","Computational Method","",""
605,"605.112","Salmonella enterica subsp. enterica serovar Pullorum FHC-94","trimethoprim/sulfamethoxazole","Susceptible","","","","","","","","","","","SIR XGBoost Model","202503101","F1 score: 0.85, CI[0.82, 0.88]","Computational Method","",""
605,"605.113","Salmonella enterica subsp. enterica serovar Pullorum FHC-98","trimethoprim/sulfamethoxazole","Susceptible","","","","","","","","","","","SIR XGBoost Model","202503101","F1 score: 0.85, CI[0.82, 0.88]","Computational Method","",""
605,"605.114","Salmonella enterica subsp. enterica serovar Pullorum FHC-95","trimethoprim/sulfamethoxazole","Susceptible","","","","","","","","","","","SIR XGBoost Model","202503101","F1 score: 0.85, CI[0.82, 0.88]","Computational Method","",""
605,"605.115","Salmonella enterica subsp. enterica serovar Pullorum FHC-99","trimethoprim/sulfamethoxazole","Susceptible","","","","","","","","","","","SIR XGBoost Model","202503101","F1 score: 0.85, CI[0.82, 0.88]","Computational Method","",""
605,"605.116","Salmonella enterica subsp. enterica serovar Pullorum FHC-103","trimethoprim/sulfamethoxazole","Susceptible","","","","","","","","","","","SIR XGBoost Model","202503101","F1 score: 0.85, CI[0.82, 0.88]","Computational Method","",""
605,"605.117","Salmonella enterica subsp. enterica serovar Pullorum FHC-91","trimethoprim/sulfamethoxazole","Susceptible","","","","","","","","","","","SIR XGBoost Model","202503101","F1 score: 0.85, CI[0.82, 0.88]","Computational Method","",""
605,"605.118","Salmonella enterica subsp. enterica serovar Pullorum FHC-70","trimethoprim/sulfamethoxazole","Susceptible","","","","","","","","","","","SIR XGBoost Model","202503101","F1 score: 0.85, CI[0.82, 0.88]","Computational Method","",""
605,"605.119","Salmonella enterica subsp. enterica serovar Pullorum FHC-90","trimethoprim/sulfamethoxazole","Susceptible","","","","","","","","","","","SIR XGBoost Model","202503101","F1 score: 0.85, CI[0.82, 0.88]","Computational Method","",""
605,"605.120","Salmonella enterica subsp. enterica serovar Pullorum FHC-89","trimethoprim/sulfamethoxazole","Susceptible","","","","","","","","","","","SIR XGBoost Model","202503101","F1 score: 0.85, CI[0.82, 0.88]","Computational Method","",""
605,"605.121","Salmonella enterica subsp. enterica serovar Pullorum FHC-92","trimethoprim/sulfamethoxazole","Susceptible","","","","","","","","","","","SIR XGBoost Model","202503101","F1 score: 0.85, CI[0.82, 0.88]","Computational Method","",""
605,"605.122","Salmonella enterica subsp. enterica serovar Pullorum FHC-78","trimethoprim/sulfamethoxazole","Susceptible","","","","","","","","","","","SIR XGBoost Model","202503101","F1 score: 0.85, CI[0.82, 0.88]","Computational Method","",""
605,"605.123","Salmonella enterica subsp. enterica serovar Pullorum FHC-67","trimethoprim/sulfamethoxazole","Susceptible","","","","","","","","","","","SIR XGBoost Model","202503101","F1 score: 0.85, CI[0.82, 0.88]","Computational Method","",""
605,"605.124","Salmonella enterica subsp. enterica serovar Pullorum FHC-82","trimethoprim/sulfamethoxazole","Susceptible","","","","","","","","","","","SIR XGBoost Model","202503101","F1 score: 0.85, CI[0.82, 0.88]","Computational Method","",""
605,"605.125","Salmonella enterica subsp. enterica serovar Pullorum FHC-76","trimethoprim/sulfamethoxazole","Susceptible","","","","","","","","","","","SIR XGBoost Model","202503101","F1 score: 0.85, CI[0.82, 0.88]","Computational Method","",""
605,"605.126","Salmonella enterica subsp. enterica serovar Pullorum FHC-84","trimethoprim/sulfamethoxazole","Susceptible","","","","","","","","","","","SIR XGBoost Model","202503101","F1 score: 0.85, CI[0.82, 0.88]","Computational Method","",""
605,"605.127","Salmonella enterica subsp. enterica serovar Pullorum FHC-88","trimethoprim/sulfamethoxazole","Susceptible","","","","","","","","","","","SIR XGBoost Model","202503101","F1 score: 0.85, CI[0.82, 0.88]","Computational Method","",""
605,"605.128","Salmonella enterica subsp. enterica serovar Pullorum FHC-85","trimethoprim/sulfamethoxazole","Susceptible","","","","","","","","","","","SIR XGBoost Model","202503101","F1 score: 0.85, CI[0.82, 0.88]","Computational Method","",""
605,"605.129","Salmonella enterica subsp. enterica serovar Pullorum FHC-86","trimethoprim/sulfamethoxazole","Susceptible","","","","","","","","","","","SIR XGBoost Model","202503101","F1 score: 0.85, CI[0.82, 0.88]","Computational Method","",""
605,"605.130","Salmonella enterica subsp. enterica serovar Pullorum FHC-87","trimethoprim/sulfamethoxazole","Resistant","","","","","","","","","","","SIR XGBoost Model","202503101","F1 score: 0.85, CI[0.82, 0.88]","Computational Method","",""
605,"605.131","Salmonella enterica subsp. enterica serovar Pullorum FHC-97","trimethoprim/sulfamethoxazole","Susceptible","","","","","","","","","","","SIR XGBoost Model","202503101","F1 score: 0.85, CI[0.82, 0.88]","Computational Method","",""
605,"605.132","Salmonella enterica subsp. enterica serovar Pullorum FHC-4","trimethoprim/sulfamethoxazole","Susceptible","","","","","","","","","","","SIR XGBoost Model","202503101","F1 score: 0.85, CI[0.82, 0.88]","Computational Method","",""
605,"605.133","Salmonella enterica subsp. enterica serovar Pullorum FHC-57","trimethoprim/sulfamethoxazole","Susceptible","","","","","","","","","","","SIR XGBoost Model","202503101","F1 score: 0.85, CI[0.82, 0.88]","Computational Method","",""
605,"605.134","Salmonella enterica subsp. enterica serovar Pullorum FHC-59","trimethoprim/sulfamethoxazole","Susceptible","","","","","","","","","","","SIR XGBoost Model","202503101","F1 score: 0.85, CI[0.82, 0.88]","Computational Method","",""
605,"605.135","Salmonella enterica subsp. enterica serovar Pullorum FHC-66","trimethoprim/sulfamethoxazole","Susceptible","","","","","","","","","","","SIR XGBoost Model","202503101","F1 score: 0.85, CI[0.82, 0.88]","Computational Method","",""
605,"605.136","Salmonella enterica subsp. enterica serovar Pullorum FHC-56","trimethoprim/sulfamethoxazole","Susceptible","","","","","","","","","","","SIR XGBoost Model","202503101","F1 score: 0.85, CI[0.82, 0.88]","Computational Method","",""
605,"605.137","Salmonella enterica subsp. enterica serovar Pullorum FHC-31","trimethoprim/sulfamethoxazole","Susceptible","","","","","","","","","","","SIR XGBoost Model","202503101","F1 score: 0.85, CI[0.82, 0.88]","Computational Method","",""
605,"605.138","Salmonella enterica subsp. enterica serovar Pullorum FHC-7","trimethoprim/sulfamethoxazole","Susceptible","","","","","","","","","","","SIR XGBoost Model","202503101","F1 score: 0.85, CI[0.82, 0.88]","Computational Method","",""
605,"605.139","Salmonella enterica subsp. enterica serovar Pullorum FHC-75","trimethoprim/sulfamethoxazole","Susceptible","","","","","","","","","","","SIR XGBoost Model","202503101","F1 score: 0.85, CI[0.82, 0.88]","Computational Method","",""
605,"605.140","Salmonella enterica subsp. enterica serovar Pullorum FHC-24","trimethoprim/sulfamethoxazole","Susceptible","","","","","","","","","","","SIR XGBoost Model","202503101","F1 score: 0.85, CI[0.82, 0.88]","Computational Method","",""
605,"605.141","Salmonella enterica subsp. enterica serovar Pullorum FHC-23","trimethoprim/sulfamethoxazole","Susceptible","","","","","","","","","","","SIR XGBoost Model","202503101","F1 score: 0.85, CI[0.82, 0.88]","Computational Method","",""
605,"605.142","Salmonella enterica subsp. enterica serovar Pullorum FHC-1","trimethoprim/sulfamethoxazole","Susceptible","","","","","","","","","","","SIR XGBoost Model","202503101","F1 score: 0.85, CI[0.82, 0.88]","Computational Method","",""
605,"605.26","Salmonella enterica subsp. enterica serovar Pullorum strain 449_87","trimethoprim/sulfamethoxazole","Susceptible","","","","","","","","","","","SIR XGBoost Model","202503101","F1 score: 0.85, CI[0.82, 0.88]","Computational Method","",""
605,"605.33","Salmonella enterica subsp. enterica serovar Pullorum strain S06004","trimethoprim/sulfamethoxazole","Susceptible","","","","","","","","","","","SIR XGBoost Model","202503101","F1 score: 0.85, CI[0.82, 0.88]","Computational Method","",""
605,"605.61","Salmonella enterica subsp. enterica serovar Pullorum strain NCTC10705","trimethoprim/sulfamethoxazole","Susceptible","","","","","","","","","","","SIR XGBoost Model","202503101","F1 score: 0.85, CI[0.82, 0.88]","Computational Method","",""
605,"605.62","Salmonella enterica subsp. enterica serovar Pullorum strain QJ-2D-Sal","trimethoprim/sulfamethoxazole","Susceptible","","","","","","","","","","","SIR XGBoost Model","202503101","F1 score: 0.85, CI[0.82, 0.88]","Computational Method","",""
605,"605.78","Salmonella enterica subsp. enterica serovar Pullorum strain CVCC 1795","trimethoprim/sulfamethoxazole","Susceptible","","","","","","","","","","","SIR XGBoost Model","202503101","F1 score: 0.85, CI[0.82, 0.88]","Computational Method","",""
605,"605.81","Salmonella enterica subsp. enterica serovar Pullorum strain CVCC 1795","trimethoprim/sulfamethoxazole","Susceptible","","","","","","","","","","","SIR XGBoost Model","202503101","F1 score: 0.85, CI[0.82, 0.88]","Computational Method","",""
605,"605.82","Salmonella enterica subsp. enterica serovar Pullorum strain CVCC 1795","trimethoprim/sulfamethoxazole","Susceptible","","","","","","","","","","","SIR XGBoost Model","202503101","F1 score: 0.85, CI[0.82, 0.88]","Computational Method","",""
605,"605.83","Salmonella enterica subsp. enterica serovar Pullorum strain CVCC 1795","trimethoprim/sulfamethoxazole","Susceptible","","","","","","","","","","","SIR XGBoost Model","202503101","F1 score: 0.85, CI[0.82, 0.88]","Computational Method","",""
605,"605.84","Salmonella enterica subsp. enterica serovar Pullorum CVCC 1795","trimethoprim/sulfamethoxazole","Susceptible","","","","","","","","","","","SIR XGBoost Model","202503101","F1 score: 0.85, CI[0.82, 0.88]","Computational Method","",""
605,"605.85","Salmonella enterica subsp. enterica serovar Pullorum 20811/12","trimethoprim/sulfamethoxazole","Susceptible","","","","","","","","","","","SIR XGBoost Model","202503101","F1 score: 0.85, CI[0.82, 0.88]","Computational Method","",""
