"Taxon ID","Genome ID","Genome Name","Antibiotic","Resistant Phenotype","Measurement","Measurement Sign","Measurement Value","Measurement Unit","Laboratory Typing Method","Laboratory Typing Method Version","Laboratory Typing Platform","Vendor","Testing Standard","Testing Standard Year","Computational Method","Computational Method Version","Computational Method Performance","Evidence","Source","PubMed"
58096,"58096.44","Salmonella enterica subsp. enterica serovar Bareilly strain 55","ceftriaxone","Susceptible","","","","","Broth dilution","","Sensititre NARMS/CMV3AGNF","Thermo Fisher Scientific","CLSI, NARMS",2015,"","","","Laboratory Method","","[29678910]"
58096,"58096.44","Salmonella enterica subsp. enterica serovar Bareilly strain 55","tetracycline","Susceptible","","","","","Broth dilution","","Sensititre NARMS/CMV3AGNF","Thermo Fisher Scientific","CLSI, NARMS",2015,"","","","Laboratory Method","","[29678910]"
58096,"58096.44","Salmonella enterica subsp. enterica serovar Bareilly strain 55","ciprofloxacin","Susceptible","","","","","Broth dilution","","Sensititre NARMS/CMV3AGNF","Thermo Fisher Scientific","CLSI, NARMS",2015,"","","","Laboratory Method","","[29678910]"
58096,"58096.44","Salmonella enterica subsp. enterica serovar Bareilly strain 55","chloramphenicol","Susceptible","","","","","Broth dilution","","Sensititre NARMS/CMV3AGNF","Thermo Fisher Scientific","CLSI, NARMS",2015,"","","","Laboratory Method","","[29678910]"
58096,"58096.44","Salmonella enterica subsp. enterica serovar Bareilly strain 55","amoxicillin/clavulanic acid","Susceptible","","","","","Broth dilution","","Sensititre NARMS/CMV3AGNF","Thermo Fisher Scientific","CLSI, NARMS",2015,"","","","Laboratory Method","","[29678910]"
58096,"58096.44","Salmonella enterica subsp. enterica serovar Bareilly strain 55","nalidixic acid","Susceptible","","","","","Broth dilution","","Sensititre NARMS/CMV3AGNF","Thermo Fisher Scientific","CLSI, NARMS",2015,"","","","Laboratory Method","","[29678910]"
58096,"58096.44","Salmonella enterica subsp. enterica serovar Bareilly strain 55","streptomycin","Susceptible","","","","","Broth dilution","","Sensititre NARMS/CMV3AGNF","Thermo Fisher Scientific","CLSI, NARMS",2015,"","","","Laboratory Method","","[29678910]"
58096,"58096.44","Salmonella enterica subsp. enterica serovar Bareilly strain 55","azithromycin","Susceptible","","","","","Broth dilution","","Sensititre NARMS/CMV3AGNF","Thermo Fisher Scientific","CLSI, NARMS",2015,"","","","Laboratory Method","","[29678910]"
58096,"58096.44","Salmonella enterica subsp. enterica serovar Bareilly strain 55","cefoxitin","Susceptible","","","","","Broth dilution","","Sensititre NARMS/CMV3AGNF","Thermo Fisher Scientific","CLSI, NARMS",2015,"","","","Laboratory Method","","[29678910]"
58096,"58096.44","Salmonella enterica subsp. enterica serovar Bareilly strain 55","trimethoprim/sulfamethoxazole","Susceptible","","","","","Broth dilution","","Sensititre NARMS/CMV3AGNF","Thermo Fisher Scientific","CLSI, NARMS",2015,"","","","Laboratory Method","","[29678910]"
58096,"58096.44","Salmonella enterica subsp. enterica serovar Bareilly strain 55","ceftiofur","Susceptible","","","","","Broth dilution","","Sensititre NARMS/CMV3AGNF","Thermo Fisher Scientific","CLSI, NARMS",2015,"","","","Laboratory Method","","[29678910]"
58096,"58096.44","Salmonella enterica subsp. enterica serovar Bareilly strain 55","ampicillin","Susceptible","","","","","Broth dilution","","Sensititre NARMS/CMV3AGNF","Thermo Fisher Scientific","CLSI, NARMS",2015,"","","","Laboratory Method","","[29678910]"
58096,"58096.44","Salmonella enterica subsp. enterica serovar Bareilly strain 55","sulfisoxazole","Susceptible","","","","","Broth dilution","","Sensititre NARMS/CMV3AGNF","Thermo Fisher Scientific","CLSI, NARMS",2015,"","","","Laboratory Method","","[29678910]"
58096,"58096.44","Salmonella enterica subsp. enterica serovar Bareilly strain 55","gentamicin","Susceptible","","","","","Broth dilution","","Sensititre NARMS/CMV3AGNF","Thermo Fisher Scientific","CLSI, NARMS",2015,"","","","Laboratory Method","","[29678910]"
58096,"58096.10","Salmonella enterica subsp. enterica serovar Bareilly strain CFSAN045001","amoxicillin/clavulanic acid","","1.0","","1.0","mg/L","","","","","","","MIC XGBoost Model","202503101","W1 score: 0.98, CI[0.96, 0.99]","Computational Method","",""
58096,"58096.10","Salmonella enterica subsp. enterica serovar Bareilly strain CFSAN045001","ampicillin","","2.0","","2.0","mg/L","","","","","","","MIC XGBoost Model","202503101","W1 score: 0.96, CI[0.95, 0.97]","Computational Method","",""
58096,"58096.10","Salmonella enterica subsp. enterica serovar Bareilly strain CFSAN045001","azithromycin","","4.0","","4.0","mg/L","","","","","","","MIC XGBoost Model","202503101","W1 score: 0.99, CI[0.98, 1.00]","Computational Method","",""
58096,"58096.10","Salmonella enterica subsp. enterica serovar Bareilly strain CFSAN045001","ceftazidime","","16.0","","16.0","mg/L","","","","","","","MIC XGBoost Model","202503101","W1 score: 0.93, CI[0.88, 0.99]","Computational Method","",""
58096,"58096.10","Salmonella enterica subsp. enterica serovar Bareilly strain CFSAN045001","chloramphenicol","","8.0","","8.0","mg/L","","","","","","","MIC XGBoost Model","202503101","W1 score: 0.99, CI[0.98, 1.00]","Computational Method","",""
58096,"58096.10","Salmonella enterica subsp. enterica serovar Bareilly strain CFSAN045001","ciprofloxacin","","0.03125","","0.03125","mg/L","","","","","","","MIC XGBoost Model","202503101","W1 score: 0.88, CI[0.86, 0.90]","Computational Method","",""
58096,"58096.10","Salmonella enterica subsp. enterica serovar Bareilly strain CFSAN045001","ceftriaxone","","0.25","","0.25","mg/L","","","","","","","MIC XGBoost Model","202503101","W1 score: 0.95, CI[0.94, 0.96]","Computational Method","",""
58096,"58096.10","Salmonella enterica subsp. enterica serovar Bareilly strain CFSAN045001","cefotaxime","","16.0","","16.0","mg/L","","","","","","","MIC XGBoost Model","202503101","W1 score: 0.95, CI[0.89, 1.00]","Computational Method","",""
58096,"58096.10","Salmonella enterica subsp. enterica serovar Bareilly strain CFSAN045001","sulfisoxazole","","32.0","","32.0","mg/L","","","","","","","MIC XGBoost Model","202503101","W1 score: 0.98, CI[0.97, 0.99]","Computational Method","",""
58096,"58096.10","Salmonella enterica subsp. enterica serovar Bareilly strain CFSAN045001","cefoxitin","","2.0","","2.0","mg/L","","","","","","","MIC XGBoost Model","202503101","W1 score: 0.98, CI[0.97, 1.00]","Computational Method","",""
58096,"58096.10","Salmonella enterica subsp. enterica serovar Bareilly strain CFSAN045001","gentamicin","","1.0","","1.0","mg/L","","","","","","","MIC XGBoost Model","202503101","W1 score: 0.97, CI[0.95, 0.99]","Computational Method","",""
58096,"58096.10","Salmonella enterica subsp. enterica serovar Bareilly strain CFSAN045001","kanamycin","","8.0","","8.0","mg/L","","","","","","","MIC XGBoost Model","202503101","W1 score: 0.99, CI[0.98, 1.01]","Computational Method","",""
58096,"58096.10","Salmonella enterica subsp. enterica serovar Bareilly strain CFSAN045001","meropenem","","0.125","","0.125","mg/L","","","","","","","MIC XGBoost Model","202503101","W1 score: 0.95, CI[0.90, 1.01]","Computational Method","",""
58096,"58096.10","Salmonella enterica subsp. enterica serovar Bareilly strain CFSAN045001","nalidixic acid","","4.0","","4.0","mg/L","","","","","","","MIC XGBoost Model","202503101","W1 score: 0.98, CI[0.97, 0.99]","Computational Method","",""
58096,"58096.10","Salmonella enterica subsp. enterica serovar Bareilly strain CFSAN045001","streptomycin","","16.0","","16.0","mg/L","","","","","","","MIC XGBoost Model","202503101","W1 score: 0.92, CI[0.90, 0.93]","Computational Method","",""
58096,"58096.10","Salmonella enterica subsp. enterica serovar Bareilly strain CFSAN045001","tetracycline","","4.0","","4.0","mg/L","","","","","","","MIC XGBoost Model","202503101","W1 score: 0.99, CI[0.98, 0.99]","Computational Method","",""
58096,"58096.10","Salmonella enterica subsp. enterica serovar Bareilly strain CFSAN045001","ceftiofur","","1.0","","1.0","mg/L","","","","","","","MIC XGBoost Model","202503101","W1 score: 0.99, CI[0.98, 0.99]","Computational Method","",""
58096,"58096.11","Salmonella enterica subsp. enterica serovar Bareilly strain CFSAN045003","amoxicillin/clavulanic acid","","1.0","","1.0","mg/L","","","","","","","MIC XGBoost Model","202503101","W1 score: 0.98, CI[0.96, 0.99]","Computational Method","",""
58096,"58096.11","Salmonella enterica subsp. enterica serovar Bareilly strain CFSAN045003","ampicillin","","2.0","","2.0","mg/L","","","","","","","MIC XGBoost Model","202503101","W1 score: 0.96, CI[0.95, 0.97]","Computational Method","",""
58096,"58096.11","Salmonella enterica subsp. enterica serovar Bareilly strain CFSAN045003","azithromycin","","4.0","","4.0","mg/L","","","","","","","MIC XGBoost Model","202503101","W1 score: 0.99, CI[0.98, 1.00]","Computational Method","",""
58096,"58096.11","Salmonella enterica subsp. enterica serovar Bareilly strain CFSAN045003","ceftazidime","","16.0","","16.0","mg/L","","","","","","","MIC XGBoost Model","202503101","W1 score: 0.93, CI[0.88, 0.99]","Computational Method","",""
58096,"58096.11","Salmonella enterica subsp. enterica serovar Bareilly strain CFSAN045003","chloramphenicol","","8.0","","8.0","mg/L","","","","","","","MIC XGBoost Model","202503101","W1 score: 0.99, CI[0.98, 1.00]","Computational Method","",""
58096,"58096.11","Salmonella enterica subsp. enterica serovar Bareilly strain CFSAN045003","ciprofloxacin","","0.03125","","0.03125","mg/L","","","","","","","MIC XGBoost Model","202503101","W1 score: 0.88, CI[0.86, 0.90]","Computational Method","",""
58096,"58096.11","Salmonella enterica subsp. enterica serovar Bareilly strain CFSAN045003","ceftriaxone","","0.25","","0.25","mg/L","","","","","","","MIC XGBoost Model","202503101","W1 score: 0.95, CI[0.94, 0.96]","Computational Method","",""
58096,"58096.11","Salmonella enterica subsp. enterica serovar Bareilly strain CFSAN045003","cefotaxime","","16.0","","16.0","mg/L","","","","","","","MIC XGBoost Model","202503101","W1 score: 0.95, CI[0.89, 1.00]","Computational Method","",""
58096,"58096.11","Salmonella enterica subsp. enterica serovar Bareilly strain CFSAN045003","sulfisoxazole","","32.0","","32.0","mg/L","","","","","","","MIC XGBoost Model","202503101","W1 score: 0.98, CI[0.97, 0.99]","Computational Method","",""
58096,"58096.11","Salmonella enterica subsp. enterica serovar Bareilly strain CFSAN045003","cefoxitin","","2.0","","2.0","mg/L","","","","","","","MIC XGBoost Model","202503101","W1 score: 0.98, CI[0.97, 1.00]","Computational Method","",""
58096,"58096.11","Salmonella enterica subsp. enterica serovar Bareilly strain CFSAN045003","gentamicin","","1.0","","1.0","mg/L","","","","","","","MIC XGBoost Model","202503101","W1 score: 0.97, CI[0.95, 0.99]","Computational Method","",""
58096,"58096.11","Salmonella enterica subsp. enterica serovar Bareilly strain CFSAN045003","kanamycin","","8.0","","8.0","mg/L","","","","","","","MIC XGBoost Model","202503101","W1 score: 0.99, CI[0.98, 1.01]","Computational Method","",""
58096,"58096.11","Salmonella enterica subsp. enterica serovar Bareilly strain CFSAN045003","meropenem","","0.125","","0.125","mg/L","","","","","","","MIC XGBoost Model","202503101","W1 score: 0.95, CI[0.90, 1.01]","Computational Method","",""
58096,"58096.11","Salmonella enterica subsp. enterica serovar Bareilly strain CFSAN045003","nalidixic acid","","4.0","","4.0","mg/L","","","","","","","MIC XGBoost Model","202503101","W1 score: 0.98, CI[0.97, 0.99]","Computational Method","",""
58096,"58096.11","Salmonella enterica subsp. enterica serovar Bareilly strain CFSAN045003","streptomycin","","16.0","","16.0","mg/L","","","","","","","MIC XGBoost Model","202503101","W1 score: 0.92, CI[0.90, 0.93]","Computational Method","",""
58096,"58096.11","Salmonella enterica subsp. enterica serovar Bareilly strain CFSAN045003","tetracycline","","4.0","","4.0","mg/L","","","","","","","MIC XGBoost Model","202503101","W1 score: 0.99, CI[0.98, 0.99]","Computational Method","",""
58096,"58096.11","Salmonella enterica subsp. enterica serovar Bareilly strain CFSAN045003","ceftiofur","","1.0","","1.0","mg/L","","","","","","","MIC XGBoost Model","202503101","W1 score: 0.99, CI[0.98, 0.99]","Computational Method","",""
58096,"58096.12","Salmonella enterica subsp. enterica serovar Bareilly strain CFSAN045033","amoxicillin/clavulanic acid","","1.0","","1.0","mg/L","","","","","","","MIC XGBoost Model","202503101","W1 score: 0.98, CI[0.96, 0.99]","Computational Method","",""
58096,"58096.12","Salmonella enterica subsp. enterica serovar Bareilly strain CFSAN045033","ampicillin","","2.0","","2.0","mg/L","","","","","","","MIC XGBoost Model","202503101","W1 score: 0.96, CI[0.95, 0.97]","Computational Method","",""
58096,"58096.12","Salmonella enterica subsp. enterica serovar Bareilly strain CFSAN045033","azithromycin","","4.0","","4.0","mg/L","","","","","","","MIC XGBoost Model","202503101","W1 score: 0.99, CI[0.98, 1.00]","Computational Method","",""
58096,"58096.12","Salmonella enterica subsp. enterica serovar Bareilly strain CFSAN045033","ceftazidime","","16.0","","16.0","mg/L","","","","","","","MIC XGBoost Model","202503101","W1 score: 0.93, CI[0.88, 0.99]","Computational Method","",""
58096,"58096.12","Salmonella enterica subsp. enterica serovar Bareilly strain CFSAN045033","chloramphenicol","","8.0","","8.0","mg/L","","","","","","","MIC XGBoost Model","202503101","W1 score: 0.99, CI[0.98, 1.00]","Computational Method","",""
58096,"58096.12","Salmonella enterica subsp. enterica serovar Bareilly strain CFSAN045033","ciprofloxacin","","0.03125","","0.03125","mg/L","","","","","","","MIC XGBoost Model","202503101","W1 score: 0.88, CI[0.86, 0.90]","Computational Method","",""
58096,"58096.12","Salmonella enterica subsp. enterica serovar Bareilly strain CFSAN045033","ceftriaxone","","0.25","","0.25","mg/L","","","","","","","MIC XGBoost Model","202503101","W1 score: 0.95, CI[0.94, 0.96]","Computational Method","",""
58096,"58096.12","Salmonella enterica subsp. enterica serovar Bareilly strain CFSAN045033","cefotaxime","","16.0","","16.0","mg/L","","","","","","","MIC XGBoost Model","202503101","W1 score: 0.95, CI[0.89, 1.00]","Computational Method","",""
58096,"58096.12","Salmonella enterica subsp. enterica serovar Bareilly strain CFSAN045033","sulfisoxazole","","32.0","","32.0","mg/L","","","","","","","MIC XGBoost Model","202503101","W1 score: 0.98, CI[0.97, 0.99]","Computational Method","",""
58096,"58096.12","Salmonella enterica subsp. enterica serovar Bareilly strain CFSAN045033","cefoxitin","","2.0","","2.0","mg/L","","","","","","","MIC XGBoost Model","202503101","W1 score: 0.98, CI[0.97, 1.00]","Computational Method","",""
58096,"58096.12","Salmonella enterica subsp. enterica serovar Bareilly strain CFSAN045033","gentamicin","","1.0","","1.0","mg/L","","","","","","","MIC XGBoost Model","202503101","W1 score: 0.97, CI[0.95, 0.99]","Computational Method","",""
58096,"58096.12","Salmonella enterica subsp. enterica serovar Bareilly strain CFSAN045033","kanamycin","","8.0","","8.0","mg/L","","","","","","","MIC XGBoost Model","202503101","W1 score: 0.99, CI[0.98, 1.01]","Computational Method","",""
58096,"58096.12","Salmonella enterica subsp. enterica serovar Bareilly strain CFSAN045033","meropenem","","0.125","","0.125","mg/L","","","","","","","MIC XGBoost Model","202503101","W1 score: 0.95, CI[0.90, 1.01]","Computational Method","",""
58096,"58096.12","Salmonella enterica subsp. enterica serovar Bareilly strain CFSAN045033","nalidixic acid","","4.0","","4.0","mg/L","","","","","","","MIC XGBoost Model","202503101","W1 score: 0.98, CI[0.97, 0.99]","Computational Method","",""
58096,"58096.12","Salmonella enterica subsp. enterica serovar Bareilly strain CFSAN045033","streptomycin","","16.0","","16.0","mg/L","","","","","","","MIC XGBoost Model","202503101","W1 score: 0.92, CI[0.90, 0.93]","Computational Method","",""
58096,"58096.12","Salmonella enterica subsp. enterica serovar Bareilly strain CFSAN045033","tetracycline","","4.0","","4.0","mg/L","","","","","","","MIC XGBoost Model","202503101","W1 score: 0.99, CI[0.98, 0.99]","Computational Method","",""
58096,"58096.12","Salmonella enterica subsp. enterica serovar Bareilly strain CFSAN045033","ceftiofur","","1.0","","1.0","mg/L","","","","","","","MIC XGBoost Model","202503101","W1 score: 0.99, CI[0.98, 0.99]","Computational Method","",""
58096,"58096.13","Salmonella enterica subsp. enterica serovar Bareilly strain CFSAN045034","amoxicillin/clavulanic acid","","1.0","","1.0","mg/L","","","","","","","MIC XGBoost Model","202503101","W1 score: 0.98, CI[0.96, 0.99]","Computational Method","",""
58096,"58096.13","Salmonella enterica subsp. enterica serovar Bareilly strain CFSAN045034","ampicillin","","2.0","","2.0","mg/L","","","","","","","MIC XGBoost Model","202503101","W1 score: 0.96, CI[0.95, 0.97]","Computational Method","",""
58096,"58096.13","Salmonella enterica subsp. enterica serovar Bareilly strain CFSAN045034","azithromycin","","4.0","","4.0","mg/L","","","","","","","MIC XGBoost Model","202503101","W1 score: 0.99, CI[0.98, 1.00]","Computational Method","",""
58096,"58096.13","Salmonella enterica subsp. enterica serovar Bareilly strain CFSAN045034","ceftazidime","","16.0","","16.0","mg/L","","","","","","","MIC XGBoost Model","202503101","W1 score: 0.93, CI[0.88, 0.99]","Computational Method","",""
58096,"58096.13","Salmonella enterica subsp. enterica serovar Bareilly strain CFSAN045034","chloramphenicol","","8.0","","8.0","mg/L","","","","","","","MIC XGBoost Model","202503101","W1 score: 0.99, CI[0.98, 1.00]","Computational Method","",""
58096,"58096.13","Salmonella enterica subsp. enterica serovar Bareilly strain CFSAN045034","ciprofloxacin","","0.03125","","0.03125","mg/L","","","","","","","MIC XGBoost Model","202503101","W1 score: 0.88, CI[0.86, 0.90]","Computational Method","",""
58096,"58096.13","Salmonella enterica subsp. enterica serovar Bareilly strain CFSAN045034","ceftriaxone","","0.25","","0.25","mg/L","","","","","","","MIC XGBoost Model","202503101","W1 score: 0.95, CI[0.94, 0.96]","Computational Method","",""
58096,"58096.13","Salmonella enterica subsp. enterica serovar Bareilly strain CFSAN045034","cefotaxime","","16.0","","16.0","mg/L","","","","","","","MIC XGBoost Model","202503101","W1 score: 0.95, CI[0.89, 1.00]","Computational Method","",""
58096,"58096.13","Salmonella enterica subsp. enterica serovar Bareilly strain CFSAN045034","sulfisoxazole","","32.0","","32.0","mg/L","","","","","","","MIC XGBoost Model","202503101","W1 score: 0.98, CI[0.97, 0.99]","Computational Method","",""
58096,"58096.13","Salmonella enterica subsp. enterica serovar Bareilly strain CFSAN045034","cefoxitin","","2.0","","2.0","mg/L","","","","","","","MIC XGBoost Model","202503101","W1 score: 0.98, CI[0.97, 1.00]","Computational Method","",""
58096,"58096.13","Salmonella enterica subsp. enterica serovar Bareilly strain CFSAN045034","gentamicin","","1.0","","1.0","mg/L","","","","","","","MIC XGBoost Model","202503101","W1 score: 0.97, CI[0.95, 0.99]","Computational Method","",""
58096,"58096.13","Salmonella enterica subsp. enterica serovar Bareilly strain CFSAN045034","kanamycin","","8.0","","8.0","mg/L","","","","","","","MIC XGBoost Model","202503101","W1 score: 0.99, CI[0.98, 1.01]","Computational Method","",""
58096,"58096.13","Salmonella enterica subsp. enterica serovar Bareilly strain CFSAN045034","meropenem","","0.125","","0.125","mg/L","","","","","","","MIC XGBoost Model","202503101","W1 score: 0.95, CI[0.90, 1.01]","Computational Method","",""
58096,"58096.13","Salmonella enterica subsp. enterica serovar Bareilly strain CFSAN045034","nalidixic acid","","4.0","","4.0","mg/L","","","","","","","MIC XGBoost Model","202503101","W1 score: 0.98, CI[0.97, 0.99]","Computational Method","",""
58096,"58096.13","Salmonella enterica subsp. enterica serovar Bareilly strain CFSAN045034","streptomycin","","16.0","","16.0","mg/L","","","","","","","MIC XGBoost Model","202503101","W1 score: 0.92, CI[0.90, 0.93]","Computational Method","",""
58096,"58096.13","Salmonella enterica subsp. enterica serovar Bareilly strain CFSAN045034","tetracycline","","4.0","","4.0","mg/L","","","","","","","MIC XGBoost Model","202503101","W1 score: 0.99, CI[0.98, 0.99]","Computational Method","",""
58096,"58096.13","Salmonella enterica subsp. enterica serovar Bareilly strain CFSAN045034","ceftiofur","","1.0","","1.0","mg/L","","","","","","","MIC XGBoost Model","202503101","W1 score: 0.99, CI[0.98, 0.99]","Computational Method","",""
58096,"58096.14","Salmonella enterica subsp. enterica serovar Bareilly strain CFSAN044963","amoxicillin/clavulanic acid","","1.0","","1.0","mg/L","","","","","","","MIC XGBoost Model","202503101","W1 score: 0.98, CI[0.96, 0.99]","Computational Method","",""
58096,"58096.14","Salmonella enterica subsp. enterica serovar Bareilly strain CFSAN044963","ampicillin","","2.0","","2.0","mg/L","","","","","","","MIC XGBoost Model","202503101","W1 score: 0.96, CI[0.95, 0.97]","Computational Method","",""
58096,"58096.14","Salmonella enterica subsp. enterica serovar Bareilly strain CFSAN044963","azithromycin","","4.0","","4.0","mg/L","","","","","","","MIC XGBoost Model","202503101","W1 score: 0.99, CI[0.98, 1.00]","Computational Method","",""
58096,"58096.14","Salmonella enterica subsp. enterica serovar Bareilly strain CFSAN044963","ceftazidime","","16.0","","16.0","mg/L","","","","","","","MIC XGBoost Model","202503101","W1 score: 0.93, CI[0.88, 0.99]","Computational Method","",""
58096,"58096.14","Salmonella enterica subsp. enterica serovar Bareilly strain CFSAN044963","chloramphenicol","","8.0","","8.0","mg/L","","","","","","","MIC XGBoost Model","202503101","W1 score: 0.99, CI[0.98, 1.00]","Computational Method","",""
58096,"58096.14","Salmonella enterica subsp. enterica serovar Bareilly strain CFSAN044963","ciprofloxacin","","0.03125","","0.03125","mg/L","","","","","","","MIC XGBoost Model","202503101","W1 score: 0.88, CI[0.86, 0.90]","Computational Method","",""
58096,"58096.14","Salmonella enterica subsp. enterica serovar Bareilly strain CFSAN044963","ceftriaxone","","0.25","","0.25","mg/L","","","","","","","MIC XGBoost Model","202503101","W1 score: 0.95, CI[0.94, 0.96]","Computational Method","",""
58096,"58096.14","Salmonella enterica subsp. enterica serovar Bareilly strain CFSAN044963","cefotaxime","","16.0","","16.0","mg/L","","","","","","","MIC XGBoost Model","202503101","W1 score: 0.95, CI[0.89, 1.00]","Computational Method","",""
58096,"58096.14","Salmonella enterica subsp. enterica serovar Bareilly strain CFSAN044963","sulfisoxazole","","32.0","","32.0","mg/L","","","","","","","MIC XGBoost Model","202503101","W1 score: 0.98, CI[0.97, 0.99]","Computational Method","",""
58096,"58096.14","Salmonella enterica subsp. enterica serovar Bareilly strain CFSAN044963","cefoxitin","","2.0","","2.0","mg/L","","","","","","","MIC XGBoost Model","202503101","W1 score: 0.98, CI[0.97, 1.00]","Computational Method","",""
58096,"58096.14","Salmonella enterica subsp. enterica serovar Bareilly strain CFSAN044963","gentamicin","","1.0","","1.0","mg/L","","","","","","","MIC XGBoost Model","202503101","W1 score: 0.97, CI[0.95, 0.99]","Computational Method","",""
58096,"58096.14","Salmonella enterica subsp. enterica serovar Bareilly strain CFSAN044963","kanamycin","","8.0","","8.0","mg/L","","","","","","","MIC XGBoost Model","202503101","W1 score: 0.99, CI[0.98, 1.01]","Computational Method","",""
58096,"58096.14","Salmonella enterica subsp. enterica serovar Bareilly strain CFSAN044963","meropenem","","0.125","","0.125","mg/L","","","","","","","MIC XGBoost Model","202503101","W1 score: 0.95, CI[0.90, 1.01]","Computational Method","",""
58096,"58096.14","Salmonella enterica subsp. enterica serovar Bareilly strain CFSAN044963","nalidixic acid","","4.0","","4.0","mg/L","","","","","","","MIC XGBoost Model","202503101","W1 score: 0.98, CI[0.97, 0.99]","Computational Method","",""
58096,"58096.14","Salmonella enterica subsp. enterica serovar Bareilly strain CFSAN044963","streptomycin","","16.0","","16.0","mg/L","","","","","","","MIC XGBoost Model","202503101","W1 score: 0.92, CI[0.90, 0.93]","Computational Method","",""
58096,"58096.14","Salmonella enterica subsp. enterica serovar Bareilly strain CFSAN044963","tetracycline","","4.0","","4.0","mg/L","","","","","","","MIC XGBoost Model","202503101","W1 score: 0.99, CI[0.98, 0.99]","Computational Method","",""
58096,"58096.14","Salmonella enterica subsp. enterica serovar Bareilly strain CFSAN044963","ceftiofur","","1.0","","1.0","mg/L","","","","","","","MIC XGBoost Model","202503101","W1 score: 0.99, CI[0.98, 0.99]","Computational Method","",""
58096,"58096.15","Salmonella enterica subsp. enterica serovar Bareilly strain CFSAN045016","amoxicillin/clavulanic acid","","1.0","","1.0","mg/L","","","","","","","MIC XGBoost Model","202503101","W1 score: 0.98, CI[0.96, 0.99]","Computational Method","",""
58096,"58096.15","Salmonella enterica subsp. enterica serovar Bareilly strain CFSAN045016","ampicillin","","2.0","","2.0","mg/L","","","","","","","MIC XGBoost Model","202503101","W1 score: 0.96, CI[0.95, 0.97]","Computational Method","",""
58096,"58096.15","Salmonella enterica subsp. enterica serovar Bareilly strain CFSAN045016","azithromycin","","4.0","","4.0","mg/L","","","","","","","MIC XGBoost Model","202503101","W1 score: 0.99, CI[0.98, 1.00]","Computational Method","",""
58096,"58096.15","Salmonella enterica subsp. enterica serovar Bareilly strain CFSAN045016","ceftazidime","","16.0","","16.0","mg/L","","","","","","","MIC XGBoost Model","202503101","W1 score: 0.93, CI[0.88, 0.99]","Computational Method","",""
58096,"58096.15","Salmonella enterica subsp. enterica serovar Bareilly strain CFSAN045016","chloramphenicol","","8.0","","8.0","mg/L","","","","","","","MIC XGBoost Model","202503101","W1 score: 0.99, CI[0.98, 1.00]","Computational Method","",""
58096,"58096.15","Salmonella enterica subsp. enterica serovar Bareilly strain CFSAN045016","ciprofloxacin","","0.03125","","0.03125","mg/L","","","","","","","MIC XGBoost Model","202503101","W1 score: 0.88, CI[0.86, 0.90]","Computational Method","",""
58096,"58096.15","Salmonella enterica subsp. enterica serovar Bareilly strain CFSAN045016","ceftriaxone","","0.25","","0.25","mg/L","","","","","","","MIC XGBoost Model","202503101","W1 score: 0.95, CI[0.94, 0.96]","Computational Method","",""
58096,"58096.15","Salmonella enterica subsp. enterica serovar Bareilly strain CFSAN045016","cefotaxime","","16.0","","16.0","mg/L","","","","","","","MIC XGBoost Model","202503101","W1 score: 0.95, CI[0.89, 1.00]","Computational Method","",""
58096,"58096.15","Salmonella enterica subsp. enterica serovar Bareilly strain CFSAN045016","sulfisoxazole","","32.0","","32.0","mg/L","","","","","","","MIC XGBoost Model","202503101","W1 score: 0.98, CI[0.97, 0.99]","Computational Method","",""
58096,"58096.15","Salmonella enterica subsp. enterica serovar Bareilly strain CFSAN045016","cefoxitin","","2.0","","2.0","mg/L","","","","","","","MIC XGBoost Model","202503101","W1 score: 0.98, CI[0.97, 1.00]","Computational Method","",""
58096,"58096.15","Salmonella enterica subsp. enterica serovar Bareilly strain CFSAN045016","gentamicin","","1.0","","1.0","mg/L","","","","","","","MIC XGBoost Model","202503101","W1 score: 0.97, CI[0.95, 0.99]","Computational Method","",""
58096,"58096.15","Salmonella enterica subsp. enterica serovar Bareilly strain CFSAN045016","kanamycin","","8.0","","8.0","mg/L","","","","","","","MIC XGBoost Model","202503101","W1 score: 0.99, CI[0.98, 1.01]","Computational Method","",""
58096,"58096.15","Salmonella enterica subsp. enterica serovar Bareilly strain CFSAN045016","meropenem","","0.0625","","0.0625","mg/L","","","","","","","MIC XGBoost Model","202503101","W1 score: 0.95, CI[0.90, 1.01]","Computational Method","",""
58096,"58096.15","Salmonella enterica subsp. enterica serovar Bareilly strain CFSAN045016","nalidixic acid","","4.0","","4.0","mg/L","","","","","","","MIC XGBoost Model","202503101","W1 score: 0.98, CI[0.97, 0.99]","Computational Method","",""
58096,"58096.15","Salmonella enterica subsp. enterica serovar Bareilly strain CFSAN045016","streptomycin","","16.0","","16.0","mg/L","","","","","","","MIC XGBoost Model","202503101","W1 score: 0.92, CI[0.90, 0.93]","Computational Method","",""
58096,"58096.15","Salmonella enterica subsp. enterica serovar Bareilly strain CFSAN045016","tetracycline","","4.0","","4.0","mg/L","","","","","","","MIC XGBoost Model","202503101","W1 score: 0.99, CI[0.98, 0.99]","Computational Method","",""
58096,"58096.15","Salmonella enterica subsp. enterica serovar Bareilly strain CFSAN045016","ceftiofur","","1.0","","1.0","mg/L","","","","","","","MIC XGBoost Model","202503101","W1 score: 0.99, CI[0.98, 0.99]","Computational Method","",""
58096,"58096.16","Salmonella enterica subsp. enterica serovar Bareilly strain CFSAN045026","amoxicillin/clavulanic acid","","1.0","","1.0","mg/L","","","","","","","MIC XGBoost Model","202503101","W1 score: 0.98, CI[0.96, 0.99]","Computational Method","",""
58096,"58096.16","Salmonella enterica subsp. enterica serovar Bareilly strain CFSAN045026","ampicillin","","2.0","","2.0","mg/L","","","","","","","MIC XGBoost Model","202503101","W1 score: 0.96, CI[0.95, 0.97]","Computational Method","",""
58096,"58096.16","Salmonella enterica subsp. enterica serovar Bareilly strain CFSAN045026","azithromycin","","4.0","","4.0","mg/L","","","","","","","MIC XGBoost Model","202503101","W1 score: 0.99, CI[0.98, 1.00]","Computational Method","",""
58096,"58096.16","Salmonella enterica subsp. enterica serovar Bareilly strain CFSAN045026","ceftazidime","","16.0","","16.0","mg/L","","","","","","","MIC XGBoost Model","202503101","W1 score: 0.93, CI[0.88, 0.99]","Computational Method","",""
58096,"58096.16","Salmonella enterica subsp. enterica serovar Bareilly strain CFSAN045026","chloramphenicol","","8.0","","8.0","mg/L","","","","","","","MIC XGBoost Model","202503101","W1 score: 0.99, CI[0.98, 1.00]","Computational Method","",""
58096,"58096.16","Salmonella enterica subsp. enterica serovar Bareilly strain CFSAN045026","ciprofloxacin","","0.03125","","0.03125","mg/L","","","","","","","MIC XGBoost Model","202503101","W1 score: 0.88, CI[0.86, 0.90]","Computational Method","",""
58096,"58096.16","Salmonella enterica subsp. enterica serovar Bareilly strain CFSAN045026","ceftriaxone","","0.25","","0.25","mg/L","","","","","","","MIC XGBoost Model","202503101","W1 score: 0.95, CI[0.94, 0.96]","Computational Method","",""
58096,"58096.16","Salmonella enterica subsp. enterica serovar Bareilly strain CFSAN045026","cefotaxime","","16.0","","16.0","mg/L","","","","","","","MIC XGBoost Model","202503101","W1 score: 0.95, CI[0.89, 1.00]","Computational Method","",""
58096,"58096.16","Salmonella enterica subsp. enterica serovar Bareilly strain CFSAN045026","sulfisoxazole","","32.0","","32.0","mg/L","","","","","","","MIC XGBoost Model","202503101","W1 score: 0.98, CI[0.97, 0.99]","Computational Method","",""
58096,"58096.16","Salmonella enterica subsp. enterica serovar Bareilly strain CFSAN045026","cefoxitin","","2.0","","2.0","mg/L","","","","","","","MIC XGBoost Model","202503101","W1 score: 0.98, CI[0.97, 1.00]","Computational Method","",""
58096,"58096.16","Salmonella enterica subsp. enterica serovar Bareilly strain CFSAN045026","gentamicin","","1.0","","1.0","mg/L","","","","","","","MIC XGBoost Model","202503101","W1 score: 0.97, CI[0.95, 0.99]","Computational Method","",""
58096,"58096.16","Salmonella enterica subsp. enterica serovar Bareilly strain CFSAN045026","kanamycin","","8.0","","8.0","mg/L","","","","","","","MIC XGBoost Model","202503101","W1 score: 0.99, CI[0.98, 1.01]","Computational Method","",""
58096,"58096.16","Salmonella enterica subsp. enterica serovar Bareilly strain CFSAN045026","meropenem","","0.125","","0.125","mg/L","","","","","","","MIC XGBoost Model","202503101","W1 score: 0.95, CI[0.90, 1.01]","Computational Method","",""
58096,"58096.16","Salmonella enterica subsp. enterica serovar Bareilly strain CFSAN045026","nalidixic acid","","4.0","","4.0","mg/L","","","","","","","MIC XGBoost Model","202503101","W1 score: 0.98, CI[0.97, 0.99]","Computational Method","",""
58096,"58096.16","Salmonella enterica subsp. enterica serovar Bareilly strain CFSAN045026","streptomycin","","16.0","","16.0","mg/L","","","","","","","MIC XGBoost Model","202503101","W1 score: 0.92, CI[0.90, 0.93]","Computational Method","",""
58096,"58096.16","Salmonella enterica subsp. enterica serovar Bareilly strain CFSAN045026","tetracycline","","4.0","","4.0","mg/L","","","","","","","MIC XGBoost Model","202503101","W1 score: 0.99, CI[0.98, 0.99]","Computational Method","",""
58096,"58096.16","Salmonella enterica subsp. enterica serovar Bareilly strain CFSAN045026","ceftiofur","","1.0","","1.0","mg/L","","","","","","","MIC XGBoost Model","202503101","W1 score: 0.99, CI[0.98, 0.99]","Computational Method","",""
58096,"58096.17","Salmonella enterica subsp. enterica serovar Bareilly strain BCW_2890","amoxicillin/clavulanic acid","","2.0","","2.0","mg/L","","","","","","","MIC XGBoost Model","202503101","W1 score: 0.98, CI[0.96, 0.99]","Computational Method","",""
58096,"58096.17","Salmonella enterica subsp. enterica serovar Bareilly strain BCW_2890","ampicillin","","4.0","","4.0","mg/L","","","","","","","MIC XGBoost Model","202503101","W1 score: 0.96, CI[0.95, 0.97]","Computational Method","",""
58096,"58096.17","Salmonella enterica subsp. enterica serovar Bareilly strain BCW_2890","azithromycin","","4.0","","4.0","mg/L","","","","","","","MIC XGBoost Model","202503101","W1 score: 0.99, CI[0.98, 1.00]","Computational Method","",""
58096,"58096.17","Salmonella enterica subsp. enterica serovar Bareilly strain BCW_2890","ceftazidime","","8.0","","8.0","mg/L","","","","","","","MIC XGBoost Model","202503101","W1 score: 0.93, CI[0.88, 0.99]","Computational Method","",""
58096,"58096.17","Salmonella enterica subsp. enterica serovar Bareilly strain BCW_2890","chloramphenicol","","8.0","","8.0","mg/L","","","","","","","MIC XGBoost Model","202503101","W1 score: 0.99, CI[0.98, 1.00]","Computational Method","",""
58096,"58096.17","Salmonella enterica subsp. enterica serovar Bareilly strain BCW_2890","ciprofloxacin","","0.015625","","0.015625","mg/L","","","","","","","MIC XGBoost Model","202503101","W1 score: 0.88, CI[0.86, 0.90]","Computational Method","",""
58096,"58096.17","Salmonella enterica subsp. enterica serovar Bareilly strain BCW_2890","ceftriaxone","","0.5","","0.5","mg/L","","","","","","","MIC XGBoost Model","202503101","W1 score: 0.95, CI[0.94, 0.96]","Computational Method","",""
58096,"58096.17","Salmonella enterica subsp. enterica serovar Bareilly strain BCW_2890","cefotaxime","","16.0","","16.0","mg/L","","","","","","","MIC XGBoost Model","202503101","W1 score: 0.95, CI[0.89, 1.00]","Computational Method","",""
58096,"58096.17","Salmonella enterica subsp. enterica serovar Bareilly strain BCW_2890","sulfisoxazole","","32.0","","32.0","mg/L","","","","","","","MIC XGBoost Model","202503101","W1 score: 0.98, CI[0.97, 0.99]","Computational Method","",""
58096,"58096.17","Salmonella enterica subsp. enterica serovar Bareilly strain BCW_2890","cefoxitin","","2.0","","2.0","mg/L","","","","","","","MIC XGBoost Model","202503101","W1 score: 0.98, CI[0.97, 1.00]","Computational Method","",""
58096,"58096.17","Salmonella enterica subsp. enterica serovar Bareilly strain BCW_2890","gentamicin","","0.5","","0.5","mg/L","","","","","","","MIC XGBoost Model","202503101","W1 score: 0.97, CI[0.95, 0.99]","Computational Method","",""
58096,"58096.17","Salmonella enterica subsp. enterica serovar Bareilly strain BCW_2890","kanamycin","","8.0","","8.0","mg/L","","","","","","","MIC XGBoost Model","202503101","W1 score: 0.99, CI[0.98, 1.01]","Computational Method","",""
58096,"58096.17","Salmonella enterica subsp. enterica serovar Bareilly strain BCW_2890","meropenem","","0.5","","0.5","mg/L","","","","","","","MIC XGBoost Model","202503101","W1 score: 0.95, CI[0.90, 1.01]","Computational Method","",""
58096,"58096.17","Salmonella enterica subsp. enterica serovar Bareilly strain BCW_2890","nalidixic acid","","4.0","","4.0","mg/L","","","","","","","MIC XGBoost Model","202503101","W1 score: 0.98, CI[0.97, 0.99]","Computational Method","",""
58096,"58096.17","Salmonella enterica subsp. enterica serovar Bareilly strain BCW_2890","streptomycin","","16.0","","16.0","mg/L","","","","","","","MIC XGBoost Model","202503101","W1 score: 0.92, CI[0.90, 0.93]","Computational Method","",""
58096,"58096.17","Salmonella enterica subsp. enterica serovar Bareilly strain BCW_2890","tetracycline","","8.0","","8.0","mg/L","","","","","","","MIC XGBoost Model","202503101","W1 score: 0.99, CI[0.98, 0.99]","Computational Method","",""
58096,"58096.17","Salmonella enterica subsp. enterica serovar Bareilly strain BCW_2890","ceftiofur","","1.0","","1.0","mg/L","","","","","","","MIC XGBoost Model","202503101","W1 score: 0.99, CI[0.98, 0.99]","Computational Method","",""
58096,"58096.18","Salmonella enterica subsp. enterica serovar Bareilly strain BCW_2645","amoxicillin/clavulanic acid","","1.0","","1.0","mg/L","","","","","","","MIC XGBoost Model","202503101","W1 score: 0.98, CI[0.96, 0.99]","Computational Method","",""
58096,"58096.18","Salmonella enterica subsp. enterica serovar Bareilly strain BCW_2645","ampicillin","","4.0","","4.0","mg/L","","","","","","","MIC XGBoost Model","202503101","W1 score: 0.96, CI[0.95, 0.97]","Computational Method","",""
58096,"58096.18","Salmonella enterica subsp. enterica serovar Bareilly strain BCW_2645","azithromycin","","8.0","","8.0","mg/L","","","","","","","MIC XGBoost Model","202503101","W1 score: 0.99, CI[0.98, 1.00]","Computational Method","",""
58096,"58096.18","Salmonella enterica subsp. enterica serovar Bareilly strain BCW_2645","ceftazidime","","8.0","","8.0","mg/L","","","","","","","MIC XGBoost Model","202503101","W1 score: 0.93, CI[0.88, 0.99]","Computational Method","",""
58096,"58096.18","Salmonella enterica subsp. enterica serovar Bareilly strain BCW_2645","chloramphenicol","","8.0","","8.0","mg/L","","","","","","","MIC XGBoost Model","202503101","W1 score: 0.99, CI[0.98, 1.00]","Computational Method","",""
58096,"58096.18","Salmonella enterica subsp. enterica serovar Bareilly strain BCW_2645","ciprofloxacin","","0.25","","0.25","mg/L","","","","","","","MIC XGBoost Model","202503101","W1 score: 0.88, CI[0.86, 0.90]","Computational Method","",""
58096,"58096.18","Salmonella enterica subsp. enterica serovar Bareilly strain BCW_2645","ceftriaxone","","0.25","","0.25","mg/L","","","","","","","MIC XGBoost Model","202503101","W1 score: 0.95, CI[0.94, 0.96]","Computational Method","",""
58096,"58096.18","Salmonella enterica subsp. enterica serovar Bareilly strain BCW_2645","cefotaxime","","8.0","","8.0","mg/L","","","","","","","MIC XGBoost Model","202503101","W1 score: 0.95, CI[0.89, 1.00]","Computational Method","",""
58096,"58096.18","Salmonella enterica subsp. enterica serovar Bareilly strain BCW_2645","sulfisoxazole","","32.0","","32.0","mg/L","","","","","","","MIC XGBoost Model","202503101","W1 score: 0.98, CI[0.97, 0.99]","Computational Method","",""
58096,"58096.18","Salmonella enterica subsp. enterica serovar Bareilly strain BCW_2645","cefoxitin","","2.0","","2.0","mg/L","","","","","","","MIC XGBoost Model","202503101","W1 score: 0.98, CI[0.97, 1.00]","Computational Method","",""
58096,"58096.18","Salmonella enterica subsp. enterica serovar Bareilly strain BCW_2645","gentamicin","","0.5","","0.5","mg/L","","","","","","","MIC XGBoost Model","202503101","W1 score: 0.97, CI[0.95, 0.99]","Computational Method","",""
58096,"58096.18","Salmonella enterica subsp. enterica serovar Bareilly strain BCW_2645","kanamycin","","8.0","","8.0","mg/L","","","","","","","MIC XGBoost Model","202503101","W1 score: 0.99, CI[0.98, 1.01]","Computational Method","",""
58096,"58096.18","Salmonella enterica subsp. enterica serovar Bareilly strain BCW_2645","meropenem","","0.5","","0.5","mg/L","","","","","","","MIC XGBoost Model","202503101","W1 score: 0.95, CI[0.90, 1.01]","Computational Method","",""
58096,"58096.18","Salmonella enterica subsp. enterica serovar Bareilly strain BCW_2645","nalidixic acid","","16.0","","16.0","mg/L","","","","","","","MIC XGBoost Model","202503101","W1 score: 0.98, CI[0.97, 0.99]","Computational Method","",""
58096,"58096.18","Salmonella enterica subsp. enterica serovar Bareilly strain BCW_2645","streptomycin","","16.0","","16.0","mg/L","","","","","","","MIC XGBoost Model","202503101","W1 score: 0.92, CI[0.90, 0.93]","Computational Method","",""
58096,"58096.18","Salmonella enterica subsp. enterica serovar Bareilly strain BCW_2645","tetracycline","","4.0","","4.0","mg/L","","","","","","","MIC XGBoost Model","202503101","W1 score: 0.99, CI[0.98, 0.99]","Computational Method","",""
58096,"58096.18","Salmonella enterica subsp. enterica serovar Bareilly strain BCW_2645","ceftiofur","","1.0","","1.0","mg/L","","","","","","","MIC XGBoost Model","202503101","W1 score: 0.99, CI[0.98, 0.99]","Computational Method","",""
58096,"58096.44","Salmonella enterica subsp. enterica serovar Bareilly strain 55","amoxicillin/clavulanic acid","","1.0","","1.0","mg/L","","","","","","","MIC XGBoost Model","202503101","W1 score: 0.98, CI[0.96, 0.99]","Computational Method","",""
58096,"58096.44","Salmonella enterica subsp. enterica serovar Bareilly strain 55","ampicillin","","2.0","","2.0","mg/L","","","","","","","MIC XGBoost Model","202503101","W1 score: 0.96, CI[0.95, 0.97]","Computational Method","",""
58096,"58096.44","Salmonella enterica subsp. enterica serovar Bareilly strain 55","azithromycin","","4.0","","4.0","mg/L","","","","","","","MIC XGBoost Model","202503101","W1 score: 0.99, CI[0.98, 1.00]","Computational Method","",""
58096,"58096.44","Salmonella enterica subsp. enterica serovar Bareilly strain 55","ceftazidime","","16.0","","16.0","mg/L","","","","","","","MIC XGBoost Model","202503101","W1 score: 0.93, CI[0.88, 0.99]","Computational Method","",""
58096,"58096.44","Salmonella enterica subsp. enterica serovar Bareilly strain 55","chloramphenicol","","4.0","","4.0","mg/L","","","","","","","MIC XGBoost Model","202503101","W1 score: 0.99, CI[0.98, 1.00]","Computational Method","",""
58096,"58096.44","Salmonella enterica subsp. enterica serovar Bareilly strain 55","ciprofloxacin","","0.03125","","0.03125","mg/L","","","","","","","MIC XGBoost Model","202503101","W1 score: 0.88, CI[0.86, 0.90]","Computational Method","",""
58096,"58096.44","Salmonella enterica subsp. enterica serovar Bareilly strain 55","ceftriaxone","","0.25","","0.25","mg/L","","","","","","","MIC XGBoost Model","202503101","W1 score: 0.95, CI[0.94, 0.96]","Computational Method","",""
58096,"58096.44","Salmonella enterica subsp. enterica serovar Bareilly strain 55","cefotaxime","","8.0","","8.0","mg/L","","","","","","","MIC XGBoost Model","202503101","W1 score: 0.95, CI[0.89, 1.00]","Computational Method","",""
58096,"58096.44","Salmonella enterica subsp. enterica serovar Bareilly strain 55","sulfisoxazole","","32.0","","32.0","mg/L","","","","","","","MIC XGBoost Model","202503101","W1 score: 0.98, CI[0.97, 0.99]","Computational Method","",""
58096,"58096.44","Salmonella enterica subsp. enterica serovar Bareilly strain 55","cefoxitin","","2.0","","2.0","mg/L","","","","","","","MIC XGBoost Model","202503101","W1 score: 0.98, CI[0.97, 1.00]","Computational Method","",""
58096,"58096.44","Salmonella enterica subsp. enterica serovar Bareilly strain 55","gentamicin","","4.0","","4.0","mg/L","","","","","","","MIC XGBoost Model","202503101","W1 score: 0.97, CI[0.95, 0.99]","Computational Method","",""
58096,"58096.44","Salmonella enterica subsp. enterica serovar Bareilly strain 55","kanamycin","","8.0","","8.0","mg/L","","","","","","","MIC XGBoost Model","202503101","W1 score: 0.99, CI[0.98, 1.01]","Computational Method","",""
58096,"58096.44","Salmonella enterica subsp. enterica serovar Bareilly strain 55","meropenem","","0.125","","0.125","mg/L","","","","","","","MIC XGBoost Model","202503101","W1 score: 0.95, CI[0.90, 1.01]","Computational Method","",""
58096,"58096.44","Salmonella enterica subsp. enterica serovar Bareilly strain 55","nalidixic acid","","4.0","","4.0","mg/L","","","","","","","MIC XGBoost Model","202503101","W1 score: 0.98, CI[0.97, 0.99]","Computational Method","",""
58096,"58096.44","Salmonella enterica subsp. enterica serovar Bareilly strain 55","streptomycin","","16.0","","16.0","mg/L","","","","","","","MIC XGBoost Model","202503101","W1 score: 0.92, CI[0.90, 0.93]","Computational Method","",""
58096,"58096.44","Salmonella enterica subsp. enterica serovar Bareilly strain 55","tetracycline","","4.0","","4.0","mg/L","","","","","","","MIC XGBoost Model","202503101","W1 score: 0.99, CI[0.98, 0.99]","Computational Method","",""
58096,"58096.44","Salmonella enterica subsp. enterica serovar Bareilly strain 55","ceftiofur","","1.0","","1.0","mg/L","","","","","","","MIC XGBoost Model","202503101","W1 score: 0.99, CI[0.98, 0.99]","Computational Method","",""
58096,"58096.47","Salmonella enterica subsp. enterica serovar Bareilly strain RSE03","amoxicillin/clavulanic acid","","1.0","","1.0","mg/L","","","","","","","MIC XGBoost Model","202503101","W1 score: 0.98, CI[0.96, 0.99]","Computational Method","",""
58096,"58096.47","Salmonella enterica subsp. enterica serovar Bareilly strain RSE03","ampicillin","","2.0","","2.0","mg/L","","","","","","","MIC XGBoost Model","202503101","W1 score: 0.96, CI[0.95, 0.97]","Computational Method","",""
58096,"58096.47","Salmonella enterica subsp. enterica serovar Bareilly strain RSE03","azithromycin","","4.0","","4.0","mg/L","","","","","","","MIC XGBoost Model","202503101","W1 score: 0.99, CI[0.98, 1.00]","Computational Method","",""
58096,"58096.47","Salmonella enterica subsp. enterica serovar Bareilly strain RSE03","ceftazidime","","8.0","","8.0","mg/L","","","","","","","MIC XGBoost Model","202503101","W1 score: 0.93, CI[0.88, 0.99]","Computational Method","",""
58096,"58096.47","Salmonella enterica subsp. enterica serovar Bareilly strain RSE03","chloramphenicol","","8.0","","8.0","mg/L","","","","","","","MIC XGBoost Model","202503101","W1 score: 0.99, CI[0.98, 1.00]","Computational Method","",""
58096,"58096.47","Salmonella enterica subsp. enterica serovar Bareilly strain RSE03","ciprofloxacin","","0.015625","","0.015625","mg/L","","","","","","","MIC XGBoost Model","202503101","W1 score: 0.88, CI[0.86, 0.90]","Computational Method","",""
58096,"58096.47","Salmonella enterica subsp. enterica serovar Bareilly strain RSE03","ceftriaxone","","1.0","","1.0","mg/L","","","","","","","MIC XGBoost Model","202503101","W1 score: 0.95, CI[0.94, 0.96]","Computational Method","",""
58096,"58096.47","Salmonella enterica subsp. enterica serovar Bareilly strain RSE03","cefotaxime","","16.0","","16.0","mg/L","","","","","","","MIC XGBoost Model","202503101","W1 score: 0.95, CI[0.89, 1.00]","Computational Method","",""
58096,"58096.47","Salmonella enterica subsp. enterica serovar Bareilly strain RSE03","sulfisoxazole","","32.0","","32.0","mg/L","","","","","","","MIC XGBoost Model","202503101","W1 score: 0.98, CI[0.97, 0.99]","Computational Method","",""
58096,"58096.47","Salmonella enterica subsp. enterica serovar Bareilly strain RSE03","cefoxitin","","4.0","","4.0","mg/L","","","","","","","MIC XGBoost Model","202503101","W1 score: 0.98, CI[0.97, 1.00]","Computational Method","",""
58096,"58096.47","Salmonella enterica subsp. enterica serovar Bareilly strain RSE03","gentamicin","","0.5","","0.5","mg/L","","","","","","","MIC XGBoost Model","202503101","W1 score: 0.97, CI[0.95, 0.99]","Computational Method","",""
58096,"58096.47","Salmonella enterica subsp. enterica serovar Bareilly strain RSE03","kanamycin","","8.0","","8.0","mg/L","","","","","","","MIC XGBoost Model","202503101","W1 score: 0.99, CI[0.98, 1.01]","Computational Method","",""
58096,"58096.47","Salmonella enterica subsp. enterica serovar Bareilly strain RSE03","meropenem","","2.0","","2.0","mg/L","","","","","","","MIC XGBoost Model","202503101","W1 score: 0.95, CI[0.90, 1.01]","Computational Method","",""
58096,"58096.47","Salmonella enterica subsp. enterica serovar Bareilly strain RSE03","nalidixic acid","","4.0","","4.0","mg/L","","","","","","","MIC XGBoost Model","202503101","W1 score: 0.98, CI[0.97, 0.99]","Computational Method","",""
58096,"58096.47","Salmonella enterica subsp. enterica serovar Bareilly strain RSE03","streptomycin","","16.0","","16.0","mg/L","","","","","","","MIC XGBoost Model","202503101","W1 score: 0.92, CI[0.90, 0.93]","Computational Method","",""
58096,"58096.47","Salmonella enterica subsp. enterica serovar Bareilly strain RSE03","tetracycline","","8.0","","8.0","mg/L","","","","","","","MIC XGBoost Model","202503101","W1 score: 0.99, CI[0.98, 0.99]","Computational Method","",""
58096,"58096.47","Salmonella enterica subsp. enterica serovar Bareilly strain RSE03","ceftiofur","","1.0","","1.0","mg/L","","","","","","","MIC XGBoost Model","202503101","W1 score: 0.99, CI[0.98, 0.99]","Computational Method","",""
58096,"58096.56","Salmonella enterica subsp. enterica serovar Bareilly strain HIY0302","amoxicillin/clavulanic acid","","1.0","","1.0","mg/L","","","","","","","MIC XGBoost Model","202503101","W1 score: 0.98, CI[0.96, 0.99]","Computational Method","",""
58096,"58096.56","Salmonella enterica subsp. enterica serovar Bareilly strain HIY0302","ampicillin","","2.0","","2.0","mg/L","","","","","","","MIC XGBoost Model","202503101","W1 score: 0.96, CI[0.95, 0.97]","Computational Method","",""
58096,"58096.56","Salmonella enterica subsp. enterica serovar Bareilly strain HIY0302","azithromycin","","4.0","","4.0","mg/L","","","","","","","MIC XGBoost Model","202503101","W1 score: 0.99, CI[0.98, 1.00]","Computational Method","",""
58096,"58096.56","Salmonella enterica subsp. enterica serovar Bareilly strain HIY0302","ceftazidime","","4.0","","4.0","mg/L","","","","","","","MIC XGBoost Model","202503101","W1 score: 0.93, CI[0.88, 0.99]","Computational Method","",""
58096,"58096.56","Salmonella enterica subsp. enterica serovar Bareilly strain HIY0302","chloramphenicol","","8.0","","8.0","mg/L","","","","","","","MIC XGBoost Model","202503101","W1 score: 0.99, CI[0.98, 1.00]","Computational Method","",""
58096,"58096.56","Salmonella enterica subsp. enterica serovar Bareilly strain HIY0302","ciprofloxacin","","0.03125","","0.03125","mg/L","","","","","","","MIC XGBoost Model","202503101","W1 score: 0.88, CI[0.86, 0.90]","Computational Method","",""
58096,"58096.56","Salmonella enterica subsp. enterica serovar Bareilly strain HIY0302","ceftriaxone","","0.25","","0.25","mg/L","","","","","","","MIC XGBoost Model","202503101","W1 score: 0.95, CI[0.94, 0.96]","Computational Method","",""
58096,"58096.56","Salmonella enterica subsp. enterica serovar Bareilly strain HIY0302","cefotaxime","","16.0","","16.0","mg/L","","","","","","","MIC XGBoost Model","202503101","W1 score: 0.95, CI[0.89, 1.00]","Computational Method","",""
58096,"58096.56","Salmonella enterica subsp. enterica serovar Bareilly strain HIY0302","sulfisoxazole","","32.0","","32.0","mg/L","","","","","","","MIC XGBoost Model","202503101","W1 score: 0.98, CI[0.97, 0.99]","Computational Method","",""
58096,"58096.56","Salmonella enterica subsp. enterica serovar Bareilly strain HIY0302","cefoxitin","","4.0","","4.0","mg/L","","","","","","","MIC XGBoost Model","202503101","W1 score: 0.98, CI[0.97, 1.00]","Computational Method","",""
58096,"58096.56","Salmonella enterica subsp. enterica serovar Bareilly strain HIY0302","gentamicin","","0.5","","0.5","mg/L","","","","","","","MIC XGBoost Model","202503101","W1 score: 0.97, CI[0.95, 0.99]","Computational Method","",""
58096,"58096.56","Salmonella enterica subsp. enterica serovar Bareilly strain HIY0302","kanamycin","","8.0","","8.0","mg/L","","","","","","","MIC XGBoost Model","202503101","W1 score: 0.99, CI[0.98, 1.01]","Computational Method","",""
58096,"58096.56","Salmonella enterica subsp. enterica serovar Bareilly strain HIY0302","meropenem","","0.125","","0.125","mg/L","","","","","","","MIC XGBoost Model","202503101","W1 score: 0.95, CI[0.90, 1.01]","Computational Method","",""
58096,"58096.56","Salmonella enterica subsp. enterica serovar Bareilly strain HIY0302","nalidixic acid","","4.0","","4.0","mg/L","","","","","","","MIC XGBoost Model","202503101","W1 score: 0.98, CI[0.97, 0.99]","Computational Method","",""
58096,"58096.56","Salmonella enterica subsp. enterica serovar Bareilly strain HIY0302","streptomycin","","16.0","","16.0","mg/L","","","","","","","MIC XGBoost Model","202503101","W1 score: 0.92, CI[0.90, 0.93]","Computational Method","",""
58096,"58096.56","Salmonella enterica subsp. enterica serovar Bareilly strain HIY0302","tetracycline","","8.0","","8.0","mg/L","","","","","","","MIC XGBoost Model","202503101","W1 score: 0.99, CI[0.98, 0.99]","Computational Method","",""
58096,"58096.56","Salmonella enterica subsp. enterica serovar Bareilly strain HIY0302","ceftiofur","","1.0","","1.0","mg/L","","","","","","","MIC XGBoost Model","202503101","W1 score: 0.99, CI[0.98, 0.99]","Computational Method","",""
58096,"58096.57","Salmonella enterica subsp. enterica serovar Bareilly strain HIY0304","amoxicillin/clavulanic acid","","1.0","","1.0","mg/L","","","","","","","MIC XGBoost Model","202503101","W1 score: 0.98, CI[0.96, 0.99]","Computational Method","",""
58096,"58096.57","Salmonella enterica subsp. enterica serovar Bareilly strain HIY0304","ampicillin","","2.0","","2.0","mg/L","","","","","","","MIC XGBoost Model","202503101","W1 score: 0.96, CI[0.95, 0.97]","Computational Method","",""
58096,"58096.57","Salmonella enterica subsp. enterica serovar Bareilly strain HIY0304","azithromycin","","4.0","","4.0","mg/L","","","","","","","MIC XGBoost Model","202503101","W1 score: 0.99, CI[0.98, 1.00]","Computational Method","",""
58096,"58096.57","Salmonella enterica subsp. enterica serovar Bareilly strain HIY0304","ceftazidime","","4.0","","4.0","mg/L","","","","","","","MIC XGBoost Model","202503101","W1 score: 0.93, CI[0.88, 0.99]","Computational Method","",""
58096,"58096.57","Salmonella enterica subsp. enterica serovar Bareilly strain HIY0304","chloramphenicol","","8.0","","8.0","mg/L","","","","","","","MIC XGBoost Model","202503101","W1 score: 0.99, CI[0.98, 1.00]","Computational Method","",""
58096,"58096.57","Salmonella enterica subsp. enterica serovar Bareilly strain HIY0304","ciprofloxacin","","0.03125","","0.03125","mg/L","","","","","","","MIC XGBoost Model","202503101","W1 score: 0.88, CI[0.86, 0.90]","Computational Method","",""
58096,"58096.57","Salmonella enterica subsp. enterica serovar Bareilly strain HIY0304","ceftriaxone","","0.25","","0.25","mg/L","","","","","","","MIC XGBoost Model","202503101","W1 score: 0.95, CI[0.94, 0.96]","Computational Method","",""
58096,"58096.57","Salmonella enterica subsp. enterica serovar Bareilly strain HIY0304","cefotaxime","","16.0","","16.0","mg/L","","","","","","","MIC XGBoost Model","202503101","W1 score: 0.95, CI[0.89, 1.00]","Computational Method","",""
58096,"58096.57","Salmonella enterica subsp. enterica serovar Bareilly strain HIY0304","sulfisoxazole","","32.0","","32.0","mg/L","","","","","","","MIC XGBoost Model","202503101","W1 score: 0.98, CI[0.97, 0.99]","Computational Method","",""
58096,"58096.57","Salmonella enterica subsp. enterica serovar Bareilly strain HIY0304","cefoxitin","","4.0","","4.0","mg/L","","","","","","","MIC XGBoost Model","202503101","W1 score: 0.98, CI[0.97, 1.00]","Computational Method","",""
58096,"58096.57","Salmonella enterica subsp. enterica serovar Bareilly strain HIY0304","gentamicin","","0.5","","0.5","mg/L","","","","","","","MIC XGBoost Model","202503101","W1 score: 0.97, CI[0.95, 0.99]","Computational Method","",""
58096,"58096.57","Salmonella enterica subsp. enterica serovar Bareilly strain HIY0304","kanamycin","","8.0","","8.0","mg/L","","","","","","","MIC XGBoost Model","202503101","W1 score: 0.99, CI[0.98, 1.01]","Computational Method","",""
58096,"58096.57","Salmonella enterica subsp. enterica serovar Bareilly strain HIY0304","meropenem","","0.125","","0.125","mg/L","","","","","","","MIC XGBoost Model","202503101","W1 score: 0.95, CI[0.90, 1.01]","Computational Method","",""
58096,"58096.57","Salmonella enterica subsp. enterica serovar Bareilly strain HIY0304","nalidixic acid","","4.0","","4.0","mg/L","","","","","","","MIC XGBoost Model","202503101","W1 score: 0.98, CI[0.97, 0.99]","Computational Method","",""
58096,"58096.57","Salmonella enterica subsp. enterica serovar Bareilly strain HIY0304","streptomycin","","16.0","","16.0","mg/L","","","","","","","MIC XGBoost Model","202503101","W1 score: 0.92, CI[0.90, 0.93]","Computational Method","",""
58096,"58096.57","Salmonella enterica subsp. enterica serovar Bareilly strain HIY0304","tetracycline","","8.0","","8.0","mg/L","","","","","","","MIC XGBoost Model","202503101","W1 score: 0.99, CI[0.98, 0.99]","Computational Method","",""
58096,"58096.57","Salmonella enterica subsp. enterica serovar Bareilly strain HIY0304","ceftiofur","","1.0","","1.0","mg/L","","","","","","","MIC XGBoost Model","202503101","W1 score: 0.99, CI[0.98, 0.99]","Computational Method","",""
58096,"58096.58","Salmonella enterica subsp. enterica serovar Bareilly strain HIY0286","amoxicillin/clavulanic acid","","1.0","","1.0","mg/L","","","","","","","MIC XGBoost Model","202503101","W1 score: 0.98, CI[0.96, 0.99]","Computational Method","",""
58096,"58096.58","Salmonella enterica subsp. enterica serovar Bareilly strain HIY0286","ampicillin","","2.0","","2.0","mg/L","","","","","","","MIC XGBoost Model","202503101","W1 score: 0.96, CI[0.95, 0.97]","Computational Method","",""
58096,"58096.58","Salmonella enterica subsp. enterica serovar Bareilly strain HIY0286","azithromycin","","4.0","","4.0","mg/L","","","","","","","MIC XGBoost Model","202503101","W1 score: 0.99, CI[0.98, 1.00]","Computational Method","",""
58096,"58096.58","Salmonella enterica subsp. enterica serovar Bareilly strain HIY0286","ceftazidime","","4.0","","4.0","mg/L","","","","","","","MIC XGBoost Model","202503101","W1 score: 0.93, CI[0.88, 0.99]","Computational Method","",""
58096,"58096.58","Salmonella enterica subsp. enterica serovar Bareilly strain HIY0286","chloramphenicol","","8.0","","8.0","mg/L","","","","","","","MIC XGBoost Model","202503101","W1 score: 0.99, CI[0.98, 1.00]","Computational Method","",""
58096,"58096.58","Salmonella enterica subsp. enterica serovar Bareilly strain HIY0286","ciprofloxacin","","0.03125","","0.03125","mg/L","","","","","","","MIC XGBoost Model","202503101","W1 score: 0.88, CI[0.86, 0.90]","Computational Method","",""
58096,"58096.58","Salmonella enterica subsp. enterica serovar Bareilly strain HIY0286","ceftriaxone","","0.25","","0.25","mg/L","","","","","","","MIC XGBoost Model","202503101","W1 score: 0.95, CI[0.94, 0.96]","Computational Method","",""
58096,"58096.58","Salmonella enterica subsp. enterica serovar Bareilly strain HIY0286","cefotaxime","","16.0","","16.0","mg/L","","","","","","","MIC XGBoost Model","202503101","W1 score: 0.95, CI[0.89, 1.00]","Computational Method","",""
58096,"58096.58","Salmonella enterica subsp. enterica serovar Bareilly strain HIY0286","sulfisoxazole","","32.0","","32.0","mg/L","","","","","","","MIC XGBoost Model","202503101","W1 score: 0.98, CI[0.97, 0.99]","Computational Method","",""
58096,"58096.58","Salmonella enterica subsp. enterica serovar Bareilly strain HIY0286","cefoxitin","","4.0","","4.0","mg/L","","","","","","","MIC XGBoost Model","202503101","W1 score: 0.98, CI[0.97, 1.00]","Computational Method","",""
58096,"58096.58","Salmonella enterica subsp. enterica serovar Bareilly strain HIY0286","gentamicin","","0.5","","0.5","mg/L","","","","","","","MIC XGBoost Model","202503101","W1 score: 0.97, CI[0.95, 0.99]","Computational Method","",""
58096,"58096.58","Salmonella enterica subsp. enterica serovar Bareilly strain HIY0286","kanamycin","","8.0","","8.0","mg/L","","","","","","","MIC XGBoost Model","202503101","W1 score: 0.99, CI[0.98, 1.01]","Computational Method","",""
58096,"58096.58","Salmonella enterica subsp. enterica serovar Bareilly strain HIY0286","meropenem","","0.125","","0.125","mg/L","","","","","","","MIC XGBoost Model","202503101","W1 score: 0.95, CI[0.90, 1.01]","Computational Method","",""
58096,"58096.58","Salmonella enterica subsp. enterica serovar Bareilly strain HIY0286","nalidixic acid","","4.0","","4.0","mg/L","","","","","","","MIC XGBoost Model","202503101","W1 score: 0.98, CI[0.97, 0.99]","Computational Method","",""
58096,"58096.58","Salmonella enterica subsp. enterica serovar Bareilly strain HIY0286","streptomycin","","16.0","","16.0","mg/L","","","","","","","MIC XGBoost Model","202503101","W1 score: 0.92, CI[0.90, 0.93]","Computational Method","",""
58096,"58096.58","Salmonella enterica subsp. enterica serovar Bareilly strain HIY0286","tetracycline","","8.0","","8.0","mg/L","","","","","","","MIC XGBoost Model","202503101","W1 score: 0.99, CI[0.98, 0.99]","Computational Method","",""
58096,"58096.58","Salmonella enterica subsp. enterica serovar Bareilly strain HIY0286","ceftiofur","","1.0","","1.0","mg/L","","","","","","","MIC XGBoost Model","202503101","W1 score: 0.99, CI[0.98, 0.99]","Computational Method","",""
58096,"58096.69","Salmonella enterica subsp. enterica serovar Bareilly strain FC745","amoxicillin/clavulanic acid","","64.0","","64.0","mg/L","","","","","","","MIC XGBoost Model","202503101","W1 score: 0.98, CI[0.96, 0.99]","Computational Method","",""
58096,"58096.69","Salmonella enterica subsp. enterica serovar Bareilly strain FC745","ampicillin","","64.0","","64.0","mg/L","","","","","","","MIC XGBoost Model","202503101","W1 score: 0.96, CI[0.95, 0.97]","Computational Method","",""
58096,"58096.69","Salmonella enterica subsp. enterica serovar Bareilly strain FC745","azithromycin","","4.0","","4.0","mg/L","","","","","","","MIC XGBoost Model","202503101","W1 score: 0.99, CI[0.98, 1.00]","Computational Method","",""
58096,"58096.69","Salmonella enterica subsp. enterica serovar Bareilly strain FC745","ceftazidime","","16.0","","16.0","mg/L","","","","","","","MIC XGBoost Model","202503101","W1 score: 0.93, CI[0.88, 0.99]","Computational Method","",""
58096,"58096.69","Salmonella enterica subsp. enterica serovar Bareilly strain FC745","chloramphenicol","","8.0","","8.0","mg/L","","","","","","","MIC XGBoost Model","202503101","W1 score: 0.99, CI[0.98, 1.00]","Computational Method","",""
58096,"58096.69","Salmonella enterica subsp. enterica serovar Bareilly strain FC745","ciprofloxacin","","0.03125","","0.03125","mg/L","","","","","","","MIC XGBoost Model","202503101","W1 score: 0.88, CI[0.86, 0.90]","Computational Method","",""
58096,"58096.69","Salmonella enterica subsp. enterica serovar Bareilly strain FC745","ceftriaxone","","16.0","","16.0","mg/L","","","","","","","MIC XGBoost Model","202503101","W1 score: 0.95, CI[0.94, 0.96]","Computational Method","",""
58096,"58096.69","Salmonella enterica subsp. enterica serovar Bareilly strain FC745","cefotaxime","","32.0","","32.0","mg/L","","","","","","","MIC XGBoost Model","202503101","W1 score: 0.95, CI[0.89, 1.00]","Computational Method","",""
58096,"58096.69","Salmonella enterica subsp. enterica serovar Bareilly strain FC745","sulfisoxazole","","256.0","","256.0","mg/L","","","","","","","MIC XGBoost Model","202503101","W1 score: 0.98, CI[0.97, 0.99]","Computational Method","",""
58096,"58096.69","Salmonella enterica subsp. enterica serovar Bareilly strain FC745","cefoxitin","","32.0","","32.0","mg/L","","","","","","","MIC XGBoost Model","202503101","W1 score: 0.98, CI[0.97, 1.00]","Computational Method","",""
58096,"58096.69","Salmonella enterica subsp. enterica serovar Bareilly strain FC745","gentamicin","","1.0","","1.0","mg/L","","","","","","","MIC XGBoost Model","202503101","W1 score: 0.97, CI[0.95, 0.99]","Computational Method","",""
58096,"58096.69","Salmonella enterica subsp. enterica serovar Bareilly strain FC745","kanamycin","","8.0","","8.0","mg/L","","","","","","","MIC XGBoost Model","202503101","W1 score: 0.99, CI[0.98, 1.01]","Computational Method","",""
58096,"58096.69","Salmonella enterica subsp. enterica serovar Bareilly strain FC745","meropenem","","0.5","","0.5","mg/L","","","","","","","MIC XGBoost Model","202503101","W1 score: 0.95, CI[0.90, 1.01]","Computational Method","",""
58096,"58096.69","Salmonella enterica subsp. enterica serovar Bareilly strain FC745","nalidixic acid","","4.0","","4.0","mg/L","","","","","","","MIC XGBoost Model","202503101","W1 score: 0.98, CI[0.97, 0.99]","Computational Method","",""
58096,"58096.69","Salmonella enterica subsp. enterica serovar Bareilly strain FC745","streptomycin","","32.0","","32.0","mg/L","","","","","","","MIC XGBoost Model","202503101","W1 score: 0.92, CI[0.90, 0.93]","Computational Method","",""
58096,"58096.69","Salmonella enterica subsp. enterica serovar Bareilly strain FC745","tetracycline","","8.0","","8.0","mg/L","","","","","","","MIC XGBoost Model","202503101","W1 score: 0.99, CI[0.98, 0.99]","Computational Method","",""
58096,"58096.69","Salmonella enterica subsp. enterica serovar Bareilly strain FC745","ceftiofur","","8.0","","8.0","mg/L","","","","","","","MIC XGBoost Model","202503101","W1 score: 0.99, CI[0.98, 0.99]","Computational Method","",""
58096,"58096.76","Salmonella enterica subsp. enterica serovar Bareilly AMRIR00190","amoxicillin/clavulanic acid","","64.0","","64.0","mg/L","","","","","","","MIC XGBoost Model","202503101","W1 score: 0.98, CI[0.96, 0.99]","Computational Method","",""
58096,"58096.76","Salmonella enterica subsp. enterica serovar Bareilly AMRIR00190","ampicillin","","64.0","","64.0","mg/L","","","","","","","MIC XGBoost Model","202503101","W1 score: 0.96, CI[0.95, 0.97]","Computational Method","",""
58096,"58096.76","Salmonella enterica subsp. enterica serovar Bareilly AMRIR00190","azithromycin","","4.0","","4.0","mg/L","","","","","","","MIC XGBoost Model","202503101","W1 score: 0.99, CI[0.98, 1.00]","Computational Method","",""
58096,"58096.76","Salmonella enterica subsp. enterica serovar Bareilly AMRIR00190","ceftazidime","","32.0","","32.0","mg/L","","","","","","","MIC XGBoost Model","202503101","W1 score: 0.93, CI[0.88, 0.99]","Computational Method","",""
58096,"58096.76","Salmonella enterica subsp. enterica serovar Bareilly AMRIR00190","chloramphenicol","","8.0","","8.0","mg/L","","","","","","","MIC XGBoost Model","202503101","W1 score: 0.99, CI[0.98, 1.00]","Computational Method","",""
58096,"58096.76","Salmonella enterica subsp. enterica serovar Bareilly AMRIR00190","ciprofloxacin","","0.03125","","0.03125","mg/L","","","","","","","MIC XGBoost Model","202503101","W1 score: 0.88, CI[0.86, 0.90]","Computational Method","",""
58096,"58096.76","Salmonella enterica subsp. enterica serovar Bareilly AMRIR00190","ceftriaxone","","16.0","","16.0","mg/L","","","","","","","MIC XGBoost Model","202503101","W1 score: 0.95, CI[0.94, 0.96]","Computational Method","",""
58096,"58096.76","Salmonella enterica subsp. enterica serovar Bareilly AMRIR00190","cefotaxime","","32.0","","32.0","mg/L","","","","","","","MIC XGBoost Model","202503101","W1 score: 0.95, CI[0.89, 1.00]","Computational Method","",""
58096,"58096.76","Salmonella enterica subsp. enterica serovar Bareilly AMRIR00190","sulfisoxazole","","256.0","","256.0","mg/L","","","","","","","MIC XGBoost Model","202503101","W1 score: 0.98, CI[0.97, 0.99]","Computational Method","",""
58096,"58096.76","Salmonella enterica subsp. enterica serovar Bareilly AMRIR00190","cefoxitin","","32.0","","32.0","mg/L","","","","","","","MIC XGBoost Model","202503101","W1 score: 0.98, CI[0.97, 1.00]","Computational Method","",""
58096,"58096.76","Salmonella enterica subsp. enterica serovar Bareilly AMRIR00190","gentamicin","","1.0","","1.0","mg/L","","","","","","","MIC XGBoost Model","202503101","W1 score: 0.97, CI[0.95, 0.99]","Computational Method","",""
58096,"58096.76","Salmonella enterica subsp. enterica serovar Bareilly AMRIR00190","kanamycin","","8.0","","8.0","mg/L","","","","","","","MIC XGBoost Model","202503101","W1 score: 0.99, CI[0.98, 1.01]","Computational Method","",""
58096,"58096.76","Salmonella enterica subsp. enterica serovar Bareilly AMRIR00190","meropenem","","0.5","","0.5","mg/L","","","","","","","MIC XGBoost Model","202503101","W1 score: 0.95, CI[0.90, 1.01]","Computational Method","",""
58096,"58096.76","Salmonella enterica subsp. enterica serovar Bareilly AMRIR00190","nalidixic acid","","4.0","","4.0","mg/L","","","","","","","MIC XGBoost Model","202503101","W1 score: 0.98, CI[0.97, 0.99]","Computational Method","",""
58096,"58096.76","Salmonella enterica subsp. enterica serovar Bareilly AMRIR00190","streptomycin","","16.0","","16.0","mg/L","","","","","","","MIC XGBoost Model","202503101","W1 score: 0.92, CI[0.90, 0.93]","Computational Method","",""
58096,"58096.76","Salmonella enterica subsp. enterica serovar Bareilly AMRIR00190","tetracycline","","8.0","","8.0","mg/L","","","","","","","MIC XGBoost Model","202503101","W1 score: 0.99, CI[0.98, 0.99]","Computational Method","",""
58096,"58096.76","Salmonella enterica subsp. enterica serovar Bareilly AMRIR00190","ceftiofur","","8.0","","8.0","mg/L","","","","","","","MIC XGBoost Model","202503101","W1 score: 0.99, CI[0.98, 0.99]","Computational Method","",""
58096,"58096.8","Salmonella enterica subsp. enterica serovar Bareilly strain CFSAN044959","amoxicillin/clavulanic acid","","1.0","","1.0","mg/L","","","","","","","MIC XGBoost Model","202503101","W1 score: 0.98, CI[0.96, 0.99]","Computational Method","",""
58096,"58096.8","Salmonella enterica subsp. enterica serovar Bareilly strain CFSAN044959","ampicillin","","2.0","","2.0","mg/L","","","","","","","MIC XGBoost Model","202503101","W1 score: 0.96, CI[0.95, 0.97]","Computational Method","",""
58096,"58096.8","Salmonella enterica subsp. enterica serovar Bareilly strain CFSAN044959","azithromycin","","4.0","","4.0","mg/L","","","","","","","MIC XGBoost Model","202503101","W1 score: 0.99, CI[0.98, 1.00]","Computational Method","",""
58096,"58096.8","Salmonella enterica subsp. enterica serovar Bareilly strain CFSAN044959","ceftazidime","","16.0","","16.0","mg/L","","","","","","","MIC XGBoost Model","202503101","W1 score: 0.93, CI[0.88, 0.99]","Computational Method","",""
58096,"58096.8","Salmonella enterica subsp. enterica serovar Bareilly strain CFSAN044959","chloramphenicol","","8.0","","8.0","mg/L","","","","","","","MIC XGBoost Model","202503101","W1 score: 0.99, CI[0.98, 1.00]","Computational Method","",""
58096,"58096.8","Salmonella enterica subsp. enterica serovar Bareilly strain CFSAN044959","ciprofloxacin","","0.03125","","0.03125","mg/L","","","","","","","MIC XGBoost Model","202503101","W1 score: 0.88, CI[0.86, 0.90]","Computational Method","",""
58096,"58096.8","Salmonella enterica subsp. enterica serovar Bareilly strain CFSAN044959","ceftriaxone","","0.25","","0.25","mg/L","","","","","","","MIC XGBoost Model","202503101","W1 score: 0.95, CI[0.94, 0.96]","Computational Method","",""
58096,"58096.8","Salmonella enterica subsp. enterica serovar Bareilly strain CFSAN044959","cefotaxime","","16.0","","16.0","mg/L","","","","","","","MIC XGBoost Model","202503101","W1 score: 0.95, CI[0.89, 1.00]","Computational Method","",""
58096,"58096.8","Salmonella enterica subsp. enterica serovar Bareilly strain CFSAN044959","sulfisoxazole","","32.0","","32.0","mg/L","","","","","","","MIC XGBoost Model","202503101","W1 score: 0.98, CI[0.97, 0.99]","Computational Method","",""
58096,"58096.8","Salmonella enterica subsp. enterica serovar Bareilly strain CFSAN044959","cefoxitin","","2.0","","2.0","mg/L","","","","","","","MIC XGBoost Model","202503101","W1 score: 0.98, CI[0.97, 1.00]","Computational Method","",""
58096,"58096.8","Salmonella enterica subsp. enterica serovar Bareilly strain CFSAN044959","gentamicin","","1.0","","1.0","mg/L","","","","","","","MIC XGBoost Model","202503101","W1 score: 0.97, CI[0.95, 0.99]","Computational Method","",""
58096,"58096.8","Salmonella enterica subsp. enterica serovar Bareilly strain CFSAN044959","kanamycin","","8.0","","8.0","mg/L","","","","","","","MIC XGBoost Model","202503101","W1 score: 0.99, CI[0.98, 1.01]","Computational Method","",""
58096,"58096.8","Salmonella enterica subsp. enterica serovar Bareilly strain CFSAN044959","meropenem","","0.125","","0.125","mg/L","","","","","","","MIC XGBoost Model","202503101","W1 score: 0.95, CI[0.90, 1.01]","Computational Method","",""
58096,"58096.8","Salmonella enterica subsp. enterica serovar Bareilly strain CFSAN044959","nalidixic acid","","4.0","","4.0","mg/L","","","","","","","MIC XGBoost Model","202503101","W1 score: 0.98, CI[0.97, 0.99]","Computational Method","",""
58096,"58096.8","Salmonella enterica subsp. enterica serovar Bareilly strain CFSAN044959","streptomycin","","16.0","","16.0","mg/L","","","","","","","MIC XGBoost Model","202503101","W1 score: 0.92, CI[0.90, 0.93]","Computational Method","",""
58096,"58096.8","Salmonella enterica subsp. enterica serovar Bareilly strain CFSAN044959","tetracycline","","4.0","","4.0","mg/L","","","","","","","MIC XGBoost Model","202503101","W1 score: 0.99, CI[0.98, 0.99]","Computational Method","",""
58096,"58096.8","Salmonella enterica subsp. enterica serovar Bareilly strain CFSAN044959","ceftiofur","","1.0","","1.0","mg/L","","","","","","","MIC XGBoost Model","202503101","W1 score: 0.99, CI[0.98, 0.99]","Computational Method","",""
58096,"58096.9","Salmonella enterica subsp. enterica serovar Bareilly strain CFSAN044960","amoxicillin/clavulanic acid","","1.0","","1.0","mg/L","","","","","","","MIC XGBoost Model","202503101","W1 score: 0.98, CI[0.96, 0.99]","Computational Method","",""
58096,"58096.9","Salmonella enterica subsp. enterica serovar Bareilly strain CFSAN044960","ampicillin","","2.0","","2.0","mg/L","","","","","","","MIC XGBoost Model","202503101","W1 score: 0.96, CI[0.95, 0.97]","Computational Method","",""
58096,"58096.9","Salmonella enterica subsp. enterica serovar Bareilly strain CFSAN044960","azithromycin","","4.0","","4.0","mg/L","","","","","","","MIC XGBoost Model","202503101","W1 score: 0.99, CI[0.98, 1.00]","Computational Method","",""
58096,"58096.9","Salmonella enterica subsp. enterica serovar Bareilly strain CFSAN044960","ceftazidime","","16.0","","16.0","mg/L","","","","","","","MIC XGBoost Model","202503101","W1 score: 0.93, CI[0.88, 0.99]","Computational Method","",""
58096,"58096.9","Salmonella enterica subsp. enterica serovar Bareilly strain CFSAN044960","chloramphenicol","","8.0","","8.0","mg/L","","","","","","","MIC XGBoost Model","202503101","W1 score: 0.99, CI[0.98, 1.00]","Computational Method","",""
58096,"58096.9","Salmonella enterica subsp. enterica serovar Bareilly strain CFSAN044960","ciprofloxacin","","0.03125","","0.03125","mg/L","","","","","","","MIC XGBoost Model","202503101","W1 score: 0.88, CI[0.86, 0.90]","Computational Method","",""
58096,"58096.9","Salmonella enterica subsp. enterica serovar Bareilly strain CFSAN044960","ceftriaxone","","0.25","","0.25","mg/L","","","","","","","MIC XGBoost Model","202503101","W1 score: 0.95, CI[0.94, 0.96]","Computational Method","",""
58096,"58096.9","Salmonella enterica subsp. enterica serovar Bareilly strain CFSAN044960","cefotaxime","","16.0","","16.0","mg/L","","","","","","","MIC XGBoost Model","202503101","W1 score: 0.95, CI[0.89, 1.00]","Computational Method","",""
58096,"58096.9","Salmonella enterica subsp. enterica serovar Bareilly strain CFSAN044960","sulfisoxazole","","32.0","","32.0","mg/L","","","","","","","MIC XGBoost Model","202503101","W1 score: 0.98, CI[0.97, 0.99]","Computational Method","",""
58096,"58096.9","Salmonella enterica subsp. enterica serovar Bareilly strain CFSAN044960","cefoxitin","","2.0","","2.0","mg/L","","","","","","","MIC XGBoost Model","202503101","W1 score: 0.98, CI[0.97, 1.00]","Computational Method","",""
58096,"58096.9","Salmonella enterica subsp. enterica serovar Bareilly strain CFSAN044960","gentamicin","","1.0","","1.0","mg/L","","","","","","","MIC XGBoost Model","202503101","W1 score: 0.97, CI[0.95, 0.99]","Computational Method","",""
58096,"58096.9","Salmonella enterica subsp. enterica serovar Bareilly strain CFSAN044960","kanamycin","","8.0","","8.0","mg/L","","","","","","","MIC XGBoost Model","202503101","W1 score: 0.99, CI[0.98, 1.01]","Computational Method","",""
58096,"58096.9","Salmonella enterica subsp. enterica serovar Bareilly strain CFSAN044960","meropenem","","0.125","","0.125","mg/L","","","","","","","MIC XGBoost Model","202503101","W1 score: 0.95, CI[0.90, 1.01]","Computational Method","",""
58096,"58096.9","Salmonella enterica subsp. enterica serovar Bareilly strain CFSAN044960","nalidixic acid","","4.0","","4.0","mg/L","","","","","","","MIC XGBoost Model","202503101","W1 score: 0.98, CI[0.97, 0.99]","Computational Method","",""
58096,"58096.9","Salmonella enterica subsp. enterica serovar Bareilly strain CFSAN044960","streptomycin","","16.0","","16.0","mg/L","","","","","","","MIC XGBoost Model","202503101","W1 score: 0.92, CI[0.90, 0.93]","Computational Method","",""
58096,"58096.9","Salmonella enterica subsp. enterica serovar Bareilly strain CFSAN044960","tetracycline","","4.0","","4.0","mg/L","","","","","","","MIC XGBoost Model","202503101","W1 score: 0.99, CI[0.98, 0.99]","Computational Method","",""
58096,"58096.9","Salmonella enterica subsp. enterica serovar Bareilly strain CFSAN044960","ceftiofur","","1.0","","1.0","mg/L","","","","","","","MIC XGBoost Model","202503101","W1 score: 0.99, CI[0.98, 0.99]","Computational Method","",""
58096,"58096.10","Salmonella enterica subsp. enterica serovar Bareilly strain CFSAN045001","trimethoprim/sulfamethoxazole","","0.125","","0.125","mg/L","","","","","","","MIC XGBoost Model","202503101","W1 score: 0.96, CI[0.95, 0.97]","Computational Method","",""
58096,"58096.11","Salmonella enterica subsp. enterica serovar Bareilly strain CFSAN045003","trimethoprim/sulfamethoxazole","","0.125","","0.125","mg/L","","","","","","","MIC XGBoost Model","202503101","W1 score: 0.96, CI[0.95, 0.97]","Computational Method","",""
58096,"58096.12","Salmonella enterica subsp. enterica serovar Bareilly strain CFSAN045033","trimethoprim/sulfamethoxazole","","0.125","","0.125","mg/L","","","","","","","MIC XGBoost Model","202503101","W1 score: 0.96, CI[0.95, 0.97]","Computational Method","",""
58096,"58096.13","Salmonella enterica subsp. enterica serovar Bareilly strain CFSAN045034","trimethoprim/sulfamethoxazole","","0.125","","0.125","mg/L","","","","","","","MIC XGBoost Model","202503101","W1 score: 0.96, CI[0.95, 0.97]","Computational Method","",""
58096,"58096.14","Salmonella enterica subsp. enterica serovar Bareilly strain CFSAN044963","trimethoprim/sulfamethoxazole","","0.125","","0.125","mg/L","","","","","","","MIC XGBoost Model","202503101","W1 score: 0.96, CI[0.95, 0.97]","Computational Method","",""
58096,"58096.15","Salmonella enterica subsp. enterica serovar Bareilly strain CFSAN045016","trimethoprim/sulfamethoxazole","","0.125","","0.125","mg/L","","","","","","","MIC XGBoost Model","202503101","W1 score: 0.96, CI[0.95, 0.97]","Computational Method","",""
58096,"58096.16","Salmonella enterica subsp. enterica serovar Bareilly strain CFSAN045026","trimethoprim/sulfamethoxazole","","0.125","","0.125","mg/L","","","","","","","MIC XGBoost Model","202503101","W1 score: 0.96, CI[0.95, 0.97]","Computational Method","",""
58096,"58096.17","Salmonella enterica subsp. enterica serovar Bareilly strain BCW_2890","trimethoprim/sulfamethoxazole","","0.25","","0.25","mg/L","","","","","","","MIC XGBoost Model","202503101","W1 score: 0.96, CI[0.95, 0.97]","Computational Method","",""
58096,"58096.18","Salmonella enterica subsp. enterica serovar Bareilly strain BCW_2645","trimethoprim/sulfamethoxazole","","0.125","","0.125","mg/L","","","","","","","MIC XGBoost Model","202503101","W1 score: 0.96, CI[0.95, 0.97]","Computational Method","",""
58096,"58096.44","Salmonella enterica subsp. enterica serovar Bareilly strain 55","trimethoprim/sulfamethoxazole","","0.25","","0.25","mg/L","","","","","","","MIC XGBoost Model","202503101","W1 score: 0.96, CI[0.95, 0.97]","Computational Method","",""
58096,"58096.47","Salmonella enterica subsp. enterica serovar Bareilly strain RSE03","trimethoprim/sulfamethoxazole","","0.125","","0.125","mg/L","","","","","","","MIC XGBoost Model","202503101","W1 score: 0.96, CI[0.95, 0.97]","Computational Method","",""
58096,"58096.56","Salmonella enterica subsp. enterica serovar Bareilly strain HIY0302","trimethoprim/sulfamethoxazole","","0.25","","0.25","mg/L","","","","","","","MIC XGBoost Model","202503101","W1 score: 0.96, CI[0.95, 0.97]","Computational Method","",""
58096,"58096.57","Salmonella enterica subsp. enterica serovar Bareilly strain HIY0304","trimethoprim/sulfamethoxazole","","0.25","","0.25","mg/L","","","","","","","MIC XGBoost Model","202503101","W1 score: 0.96, CI[0.95, 0.97]","Computational Method","",""
58096,"58096.58","Salmonella enterica subsp. enterica serovar Bareilly strain HIY0286","trimethoprim/sulfamethoxazole","","0.25","","0.25","mg/L","","","","","","","MIC XGBoost Model","202503101","W1 score: 0.96, CI[0.95, 0.97]","Computational Method","",""
58096,"58096.69","Salmonella enterica subsp. enterica serovar Bareilly strain FC745","trimethoprim/sulfamethoxazole","","4.0","","4.0","mg/L","","","","","","","MIC XGBoost Model","202503101","W1 score: 0.96, CI[0.95, 0.97]","Computational Method","",""
58096,"58096.76","Salmonella enterica subsp. enterica serovar Bareilly AMRIR00190","trimethoprim/sulfamethoxazole","","0.5","","0.5","mg/L","","","","","","","MIC XGBoost Model","202503101","W1 score: 0.96, CI[0.95, 0.97]","Computational Method","",""
58096,"58096.8","Salmonella enterica subsp. enterica serovar Bareilly strain CFSAN044959","trimethoprim/sulfamethoxazole","","0.125","","0.125","mg/L","","","","","","","MIC XGBoost Model","202503101","W1 score: 0.96, CI[0.95, 0.97]","Computational Method","",""
58096,"58096.9","Salmonella enterica subsp. enterica serovar Bareilly strain CFSAN044960","trimethoprim/sulfamethoxazole","","0.125","","0.125","mg/L","","","","","","","MIC XGBoost Model","202503101","W1 score: 0.96, CI[0.95, 0.97]","Computational Method","",""
58096,"58096.10","Salmonella enterica subsp. enterica serovar Bareilly strain CFSAN045001","amoxicillin/clavulanic acid","Susceptible","","","","","","","","","","","SIR XGBoost Model","202503101","F1 score: 0.96, CI[0.95, 0.97]","Computational Method","",""
58096,"58096.10","Salmonella enterica subsp. enterica serovar Bareilly strain CFSAN045001","ampicillin","Susceptible","","","","","","","","","","","SIR XGBoost Model","202503101","F1 score: 0.93, CI[0.92, 0.93]","Computational Method","",""
58096,"58096.10","Salmonella enterica subsp. enterica serovar Bareilly strain CFSAN045001","azithromycin","Susceptible","","","","","","","","","","","SIR XGBoost Model","202503101","F1 score: 0.92, CI[0.87, 0.98]","Computational Method","",""
58096,"58096.10","Salmonella enterica subsp. enterica serovar Bareilly strain CFSAN045001","chloramphenicol","Susceptible","","","","","","","","","","","SIR XGBoost Model","202503101","F1 score: 0.90, CI[0.88, 0.91]","Computational Method","",""
58096,"58096.10","Salmonella enterica subsp. enterica serovar Bareilly strain CFSAN045001","ciprofloxacin","Susceptible","","","","","","","","","","","SIR XGBoost Model","202503101","F1 score: 0.95, CI[0.93, 0.96]","Computational Method","",""
58096,"58096.10","Salmonella enterica subsp. enterica serovar Bareilly strain CFSAN045001","ceftriaxone","Susceptible","","","","","","","","","","","SIR XGBoost Model","202503101","F1 score: 0.98, CI[0.97, 1.00]","Computational Method","",""
58096,"58096.10","Salmonella enterica subsp. enterica serovar Bareilly strain CFSAN045001","cefotaxime","Susceptible","","","","","","","","","","","SIR XGBoost Model","202503101","F1 score: 0.95, CI[0.90, 0.99]","Computational Method","",""
58096,"58096.10","Salmonella enterica subsp. enterica serovar Bareilly strain CFSAN045001","sulfisoxazole","Susceptible","","","","","","","","","","","SIR XGBoost Model","202503101","F1 score: 0.99, CI[0.98, 1.00]","Computational Method","",""
58096,"58096.10","Salmonella enterica subsp. enterica serovar Bareilly strain CFSAN045001","cefoxitin","Susceptible","","","","","","","","","","","SIR XGBoost Model","202503101","F1 score: 0.96, CI[0.93, 0.99]","Computational Method","",""
58096,"58096.10","Salmonella enterica subsp. enterica serovar Bareilly strain CFSAN045001","gentamicin","Susceptible","","","","","","","","","","","SIR XGBoost Model","202503101","F1 score: 0.92, CI[0.89, 0.95]","Computational Method","",""
58096,"58096.10","Salmonella enterica subsp. enterica serovar Bareilly strain CFSAN045001","kanamycin","Susceptible","","","","","","","","","","","SIR XGBoost Model","202503101","F1 score: 0.86, CI[0.77, 0.95]","Computational Method","",""
58096,"58096.10","Salmonella enterica subsp. enterica serovar Bareilly strain CFSAN045001","nalidixic acid","Susceptible","","","","","","","","","","","SIR XGBoost Model","202503101","F1 score: 0.95, CI[0.93, 0.96]","Computational Method","",""
58096,"58096.10","Salmonella enterica subsp. enterica serovar Bareilly strain CFSAN045001","pefloxacin","Susceptible","","","","","","","","","","","SIR XGBoost Model","202503101","F1 score: 0.98, CI[0.96, 1.00]","Computational Method","",""
58096,"58096.10","Salmonella enterica subsp. enterica serovar Bareilly strain CFSAN045001","sulfamethoxazole","Susceptible","","","","","","","","","","","SIR XGBoost Model","202503101","F1 score: 0.95, CI[0.93, 0.97]","Computational Method","",""
58096,"58096.10","Salmonella enterica subsp. enterica serovar Bareilly strain CFSAN045001","spectinomycin","Susceptible","","","","","","","","","","","SIR XGBoost Model","202503101","F1 score: 0.94, CI[0.90, 0.98]","Computational Method","",""
58096,"58096.10","Salmonella enterica subsp. enterica serovar Bareilly strain CFSAN045001","streptomycin","Susceptible","","","","","","","","","","","SIR XGBoost Model","202503101","F1 score: 0.94, CI[0.93, 0.96]","Computational Method","",""
58096,"58096.10","Salmonella enterica subsp. enterica serovar Bareilly strain CFSAN045001","tetracycline","Susceptible","","","","","","","","","","","SIR XGBoost Model","202503101","F1 score: 0.97, CI[0.96, 0.98]","Computational Method","",""
58096,"58096.10","Salmonella enterica subsp. enterica serovar Bareilly strain CFSAN045001","ceftiofur","Susceptible","","","","","","","","","","","SIR XGBoost Model","202503101","F1 score: 0.98, CI[0.97, 1.00]","Computational Method","",""
58096,"58096.10","Salmonella enterica subsp. enterica serovar Bareilly strain CFSAN045001","trimethoprim","Susceptible","","","","","","","","","","","SIR XGBoost Model","202503101","F1 score: 0.86, CI[0.78, 0.93]","Computational Method","",""
58096,"58096.11","Salmonella enterica subsp. enterica serovar Bareilly strain CFSAN045003","amoxicillin/clavulanic acid","Susceptible","","","","","","","","","","","SIR XGBoost Model","202503101","F1 score: 0.96, CI[0.95, 0.97]","Computational Method","",""
58096,"58096.11","Salmonella enterica subsp. enterica serovar Bareilly strain CFSAN045003","ampicillin","Susceptible","","","","","","","","","","","SIR XGBoost Model","202503101","F1 score: 0.93, CI[0.92, 0.93]","Computational Method","",""
58096,"58096.11","Salmonella enterica subsp. enterica serovar Bareilly strain CFSAN045003","azithromycin","Susceptible","","","","","","","","","","","SIR XGBoost Model","202503101","F1 score: 0.92, CI[0.87, 0.98]","Computational Method","",""
58096,"58096.11","Salmonella enterica subsp. enterica serovar Bareilly strain CFSAN045003","chloramphenicol","Susceptible","","","","","","","","","","","SIR XGBoost Model","202503101","F1 score: 0.90, CI[0.88, 0.91]","Computational Method","",""
58096,"58096.11","Salmonella enterica subsp. enterica serovar Bareilly strain CFSAN045003","ciprofloxacin","Susceptible","","","","","","","","","","","SIR XGBoost Model","202503101","F1 score: 0.95, CI[0.93, 0.96]","Computational Method","",""
58096,"58096.11","Salmonella enterica subsp. enterica serovar Bareilly strain CFSAN045003","ceftriaxone","Susceptible","","","","","","","","","","","SIR XGBoost Model","202503101","F1 score: 0.98, CI[0.97, 1.00]","Computational Method","",""
58096,"58096.11","Salmonella enterica subsp. enterica serovar Bareilly strain CFSAN045003","cefotaxime","Susceptible","","","","","","","","","","","SIR XGBoost Model","202503101","F1 score: 0.95, CI[0.90, 0.99]","Computational Method","",""
58096,"58096.11","Salmonella enterica subsp. enterica serovar Bareilly strain CFSAN045003","sulfisoxazole","Susceptible","","","","","","","","","","","SIR XGBoost Model","202503101","F1 score: 0.99, CI[0.98, 1.00]","Computational Method","",""
58096,"58096.11","Salmonella enterica subsp. enterica serovar Bareilly strain CFSAN045003","cefoxitin","Susceptible","","","","","","","","","","","SIR XGBoost Model","202503101","F1 score: 0.96, CI[0.93, 0.99]","Computational Method","",""
58096,"58096.11","Salmonella enterica subsp. enterica serovar Bareilly strain CFSAN045003","gentamicin","Susceptible","","","","","","","","","","","SIR XGBoost Model","202503101","F1 score: 0.92, CI[0.89, 0.95]","Computational Method","",""
58096,"58096.11","Salmonella enterica subsp. enterica serovar Bareilly strain CFSAN045003","kanamycin","Susceptible","","","","","","","","","","","SIR XGBoost Model","202503101","F1 score: 0.86, CI[0.77, 0.95]","Computational Method","",""
58096,"58096.11","Salmonella enterica subsp. enterica serovar Bareilly strain CFSAN045003","nalidixic acid","Susceptible","","","","","","","","","","","SIR XGBoost Model","202503101","F1 score: 0.95, CI[0.93, 0.96]","Computational Method","",""
58096,"58096.11","Salmonella enterica subsp. enterica serovar Bareilly strain CFSAN045003","pefloxacin","Susceptible","","","","","","","","","","","SIR XGBoost Model","202503101","F1 score: 0.98, CI[0.96, 1.00]","Computational Method","",""
58096,"58096.11","Salmonella enterica subsp. enterica serovar Bareilly strain CFSAN045003","sulfamethoxazole","Susceptible","","","","","","","","","","","SIR XGBoost Model","202503101","F1 score: 0.95, CI[0.93, 0.97]","Computational Method","",""
58096,"58096.11","Salmonella enterica subsp. enterica serovar Bareilly strain CFSAN045003","spectinomycin","Susceptible","","","","","","","","","","","SIR XGBoost Model","202503101","F1 score: 0.94, CI[0.90, 0.98]","Computational Method","",""
58096,"58096.11","Salmonella enterica subsp. enterica serovar Bareilly strain CFSAN045003","streptomycin","Susceptible","","","","","","","","","","","SIR XGBoost Model","202503101","F1 score: 0.94, CI[0.93, 0.96]","Computational Method","",""
58096,"58096.11","Salmonella enterica subsp. enterica serovar Bareilly strain CFSAN045003","tetracycline","Susceptible","","","","","","","","","","","SIR XGBoost Model","202503101","F1 score: 0.97, CI[0.96, 0.98]","Computational Method","",""
58096,"58096.11","Salmonella enterica subsp. enterica serovar Bareilly strain CFSAN045003","ceftiofur","Susceptible","","","","","","","","","","","SIR XGBoost Model","202503101","F1 score: 0.98, CI[0.97, 1.00]","Computational Method","",""
58096,"58096.11","Salmonella enterica subsp. enterica serovar Bareilly strain CFSAN045003","trimethoprim","Susceptible","","","","","","","","","","","SIR XGBoost Model","202503101","F1 score: 0.86, CI[0.78, 0.93]","Computational Method","",""
58096,"58096.12","Salmonella enterica subsp. enterica serovar Bareilly strain CFSAN045033","amoxicillin/clavulanic acid","Susceptible","","","","","","","","","","","SIR XGBoost Model","202503101","F1 score: 0.96, CI[0.95, 0.97]","Computational Method","",""
58096,"58096.12","Salmonella enterica subsp. enterica serovar Bareilly strain CFSAN045033","ampicillin","Susceptible","","","","","","","","","","","SIR XGBoost Model","202503101","F1 score: 0.93, CI[0.92, 0.93]","Computational Method","",""
58096,"58096.12","Salmonella enterica subsp. enterica serovar Bareilly strain CFSAN045033","azithromycin","Susceptible","","","","","","","","","","","SIR XGBoost Model","202503101","F1 score: 0.92, CI[0.87, 0.98]","Computational Method","",""
58096,"58096.12","Salmonella enterica subsp. enterica serovar Bareilly strain CFSAN045033","chloramphenicol","Susceptible","","","","","","","","","","","SIR XGBoost Model","202503101","F1 score: 0.90, CI[0.88, 0.91]","Computational Method","",""
58096,"58096.12","Salmonella enterica subsp. enterica serovar Bareilly strain CFSAN045033","ciprofloxacin","Susceptible","","","","","","","","","","","SIR XGBoost Model","202503101","F1 score: 0.95, CI[0.93, 0.96]","Computational Method","",""
58096,"58096.12","Salmonella enterica subsp. enterica serovar Bareilly strain CFSAN045033","ceftriaxone","Susceptible","","","","","","","","","","","SIR XGBoost Model","202503101","F1 score: 0.98, CI[0.97, 1.00]","Computational Method","",""
58096,"58096.12","Salmonella enterica subsp. enterica serovar Bareilly strain CFSAN045033","cefotaxime","Susceptible","","","","","","","","","","","SIR XGBoost Model","202503101","F1 score: 0.95, CI[0.90, 0.99]","Computational Method","",""
58096,"58096.12","Salmonella enterica subsp. enterica serovar Bareilly strain CFSAN045033","sulfisoxazole","Susceptible","","","","","","","","","","","SIR XGBoost Model","202503101","F1 score: 0.99, CI[0.98, 1.00]","Computational Method","",""
58096,"58096.12","Salmonella enterica subsp. enterica serovar Bareilly strain CFSAN045033","cefoxitin","Susceptible","","","","","","","","","","","SIR XGBoost Model","202503101","F1 score: 0.96, CI[0.93, 0.99]","Computational Method","",""
58096,"58096.12","Salmonella enterica subsp. enterica serovar Bareilly strain CFSAN045033","gentamicin","Susceptible","","","","","","","","","","","SIR XGBoost Model","202503101","F1 score: 0.92, CI[0.89, 0.95]","Computational Method","",""
58096,"58096.12","Salmonella enterica subsp. enterica serovar Bareilly strain CFSAN045033","kanamycin","Susceptible","","","","","","","","","","","SIR XGBoost Model","202503101","F1 score: 0.86, CI[0.77, 0.95]","Computational Method","",""
58096,"58096.12","Salmonella enterica subsp. enterica serovar Bareilly strain CFSAN045033","nalidixic acid","Susceptible","","","","","","","","","","","SIR XGBoost Model","202503101","F1 score: 0.95, CI[0.93, 0.96]","Computational Method","",""
58096,"58096.12","Salmonella enterica subsp. enterica serovar Bareilly strain CFSAN045033","pefloxacin","Susceptible","","","","","","","","","","","SIR XGBoost Model","202503101","F1 score: 0.98, CI[0.96, 1.00]","Computational Method","",""
58096,"58096.12","Salmonella enterica subsp. enterica serovar Bareilly strain CFSAN045033","sulfamethoxazole","Susceptible","","","","","","","","","","","SIR XGBoost Model","202503101","F1 score: 0.95, CI[0.93, 0.97]","Computational Method","",""
58096,"58096.12","Salmonella enterica subsp. enterica serovar Bareilly strain CFSAN045033","spectinomycin","Susceptible","","","","","","","","","","","SIR XGBoost Model","202503101","F1 score: 0.94, CI[0.90, 0.98]","Computational Method","",""
58096,"58096.12","Salmonella enterica subsp. enterica serovar Bareilly strain CFSAN045033","streptomycin","Susceptible","","","","","","","","","","","SIR XGBoost Model","202503101","F1 score: 0.94, CI[0.93, 0.96]","Computational Method","",""
58096,"58096.12","Salmonella enterica subsp. enterica serovar Bareilly strain CFSAN045033","tetracycline","Susceptible","","","","","","","","","","","SIR XGBoost Model","202503101","F1 score: 0.97, CI[0.96, 0.98]","Computational Method","",""
58096,"58096.12","Salmonella enterica subsp. enterica serovar Bareilly strain CFSAN045033","ceftiofur","Susceptible","","","","","","","","","","","SIR XGBoost Model","202503101","F1 score: 0.98, CI[0.97, 1.00]","Computational Method","",""
58096,"58096.12","Salmonella enterica subsp. enterica serovar Bareilly strain CFSAN045033","trimethoprim","Susceptible","","","","","","","","","","","SIR XGBoost Model","202503101","F1 score: 0.86, CI[0.78, 0.93]","Computational Method","",""
58096,"58096.13","Salmonella enterica subsp. enterica serovar Bareilly strain CFSAN045034","amoxicillin/clavulanic acid","Susceptible","","","","","","","","","","","SIR XGBoost Model","202503101","F1 score: 0.96, CI[0.95, 0.97]","Computational Method","",""
58096,"58096.13","Salmonella enterica subsp. enterica serovar Bareilly strain CFSAN045034","ampicillin","Susceptible","","","","","","","","","","","SIR XGBoost Model","202503101","F1 score: 0.93, CI[0.92, 0.93]","Computational Method","",""
58096,"58096.13","Salmonella enterica subsp. enterica serovar Bareilly strain CFSAN045034","azithromycin","Susceptible","","","","","","","","","","","SIR XGBoost Model","202503101","F1 score: 0.92, CI[0.87, 0.98]","Computational Method","",""
58096,"58096.13","Salmonella enterica subsp. enterica serovar Bareilly strain CFSAN045034","chloramphenicol","Susceptible","","","","","","","","","","","SIR XGBoost Model","202503101","F1 score: 0.90, CI[0.88, 0.91]","Computational Method","",""
58096,"58096.13","Salmonella enterica subsp. enterica serovar Bareilly strain CFSAN045034","ciprofloxacin","Susceptible","","","","","","","","","","","SIR XGBoost Model","202503101","F1 score: 0.95, CI[0.93, 0.96]","Computational Method","",""
58096,"58096.13","Salmonella enterica subsp. enterica serovar Bareilly strain CFSAN045034","ceftriaxone","Susceptible","","","","","","","","","","","SIR XGBoost Model","202503101","F1 score: 0.98, CI[0.97, 1.00]","Computational Method","",""
58096,"58096.13","Salmonella enterica subsp. enterica serovar Bareilly strain CFSAN045034","cefotaxime","Susceptible","","","","","","","","","","","SIR XGBoost Model","202503101","F1 score: 0.95, CI[0.90, 0.99]","Computational Method","",""
58096,"58096.13","Salmonella enterica subsp. enterica serovar Bareilly strain CFSAN045034","sulfisoxazole","Susceptible","","","","","","","","","","","SIR XGBoost Model","202503101","F1 score: 0.99, CI[0.98, 1.00]","Computational Method","",""
58096,"58096.13","Salmonella enterica subsp. enterica serovar Bareilly strain CFSAN045034","cefoxitin","Susceptible","","","","","","","","","","","SIR XGBoost Model","202503101","F1 score: 0.96, CI[0.93, 0.99]","Computational Method","",""
58096,"58096.13","Salmonella enterica subsp. enterica serovar Bareilly strain CFSAN045034","gentamicin","Susceptible","","","","","","","","","","","SIR XGBoost Model","202503101","F1 score: 0.92, CI[0.89, 0.95]","Computational Method","",""
58096,"58096.13","Salmonella enterica subsp. enterica serovar Bareilly strain CFSAN045034","kanamycin","Susceptible","","","","","","","","","","","SIR XGBoost Model","202503101","F1 score: 0.86, CI[0.77, 0.95]","Computational Method","",""
58096,"58096.13","Salmonella enterica subsp. enterica serovar Bareilly strain CFSAN045034","nalidixic acid","Susceptible","","","","","","","","","","","SIR XGBoost Model","202503101","F1 score: 0.95, CI[0.93, 0.96]","Computational Method","",""
58096,"58096.13","Salmonella enterica subsp. enterica serovar Bareilly strain CFSAN045034","pefloxacin","Susceptible","","","","","","","","","","","SIR XGBoost Model","202503101","F1 score: 0.98, CI[0.96, 1.00]","Computational Method","",""
58096,"58096.13","Salmonella enterica subsp. enterica serovar Bareilly strain CFSAN045034","sulfamethoxazole","Susceptible","","","","","","","","","","","SIR XGBoost Model","202503101","F1 score: 0.95, CI[0.93, 0.97]","Computational Method","",""
58096,"58096.13","Salmonella enterica subsp. enterica serovar Bareilly strain CFSAN045034","spectinomycin","Susceptible","","","","","","","","","","","SIR XGBoost Model","202503101","F1 score: 0.94, CI[0.90, 0.98]","Computational Method","",""
58096,"58096.13","Salmonella enterica subsp. enterica serovar Bareilly strain CFSAN045034","streptomycin","Susceptible","","","","","","","","","","","SIR XGBoost Model","202503101","F1 score: 0.94, CI[0.93, 0.96]","Computational Method","",""
58096,"58096.13","Salmonella enterica subsp. enterica serovar Bareilly strain CFSAN045034","tetracycline","Susceptible","","","","","","","","","","","SIR XGBoost Model","202503101","F1 score: 0.97, CI[0.96, 0.98]","Computational Method","",""
58096,"58096.13","Salmonella enterica subsp. enterica serovar Bareilly strain CFSAN045034","ceftiofur","Susceptible","","","","","","","","","","","SIR XGBoost Model","202503101","F1 score: 0.98, CI[0.97, 1.00]","Computational Method","",""
58096,"58096.13","Salmonella enterica subsp. enterica serovar Bareilly strain CFSAN045034","trimethoprim","Susceptible","","","","","","","","","","","SIR XGBoost Model","202503101","F1 score: 0.86, CI[0.78, 0.93]","Computational Method","",""
58096,"58096.14","Salmonella enterica subsp. enterica serovar Bareilly strain CFSAN044963","amoxicillin/clavulanic acid","Susceptible","","","","","","","","","","","SIR XGBoost Model","202503101","F1 score: 0.96, CI[0.95, 0.97]","Computational Method","",""
58096,"58096.14","Salmonella enterica subsp. enterica serovar Bareilly strain CFSAN044963","ampicillin","Susceptible","","","","","","","","","","","SIR XGBoost Model","202503101","F1 score: 0.93, CI[0.92, 0.93]","Computational Method","",""
58096,"58096.14","Salmonella enterica subsp. enterica serovar Bareilly strain CFSAN044963","azithromycin","Susceptible","","","","","","","","","","","SIR XGBoost Model","202503101","F1 score: 0.92, CI[0.87, 0.98]","Computational Method","",""
58096,"58096.14","Salmonella enterica subsp. enterica serovar Bareilly strain CFSAN044963","chloramphenicol","Susceptible","","","","","","","","","","","SIR XGBoost Model","202503101","F1 score: 0.90, CI[0.88, 0.91]","Computational Method","",""
58096,"58096.14","Salmonella enterica subsp. enterica serovar Bareilly strain CFSAN044963","ciprofloxacin","Susceptible","","","","","","","","","","","SIR XGBoost Model","202503101","F1 score: 0.95, CI[0.93, 0.96]","Computational Method","",""
58096,"58096.14","Salmonella enterica subsp. enterica serovar Bareilly strain CFSAN044963","ceftriaxone","Susceptible","","","","","","","","","","","SIR XGBoost Model","202503101","F1 score: 0.98, CI[0.97, 1.00]","Computational Method","",""
58096,"58096.14","Salmonella enterica subsp. enterica serovar Bareilly strain CFSAN044963","cefotaxime","Susceptible","","","","","","","","","","","SIR XGBoost Model","202503101","F1 score: 0.95, CI[0.90, 0.99]","Computational Method","",""
58096,"58096.14","Salmonella enterica subsp. enterica serovar Bareilly strain CFSAN044963","sulfisoxazole","Susceptible","","","","","","","","","","","SIR XGBoost Model","202503101","F1 score: 0.99, CI[0.98, 1.00]","Computational Method","",""
58096,"58096.14","Salmonella enterica subsp. enterica serovar Bareilly strain CFSAN044963","cefoxitin","Susceptible","","","","","","","","","","","SIR XGBoost Model","202503101","F1 score: 0.96, CI[0.93, 0.99]","Computational Method","",""
58096,"58096.14","Salmonella enterica subsp. enterica serovar Bareilly strain CFSAN044963","gentamicin","Susceptible","","","","","","","","","","","SIR XGBoost Model","202503101","F1 score: 0.92, CI[0.89, 0.95]","Computational Method","",""
58096,"58096.14","Salmonella enterica subsp. enterica serovar Bareilly strain CFSAN044963","kanamycin","Susceptible","","","","","","","","","","","SIR XGBoost Model","202503101","F1 score: 0.86, CI[0.77, 0.95]","Computational Method","",""
58096,"58096.14","Salmonella enterica subsp. enterica serovar Bareilly strain CFSAN044963","nalidixic acid","Susceptible","","","","","","","","","","","SIR XGBoost Model","202503101","F1 score: 0.95, CI[0.93, 0.96]","Computational Method","",""
58096,"58096.14","Salmonella enterica subsp. enterica serovar Bareilly strain CFSAN044963","pefloxacin","Susceptible","","","","","","","","","","","SIR XGBoost Model","202503101","F1 score: 0.98, CI[0.96, 1.00]","Computational Method","",""
58096,"58096.14","Salmonella enterica subsp. enterica serovar Bareilly strain CFSAN044963","sulfamethoxazole","Susceptible","","","","","","","","","","","SIR XGBoost Model","202503101","F1 score: 0.95, CI[0.93, 0.97]","Computational Method","",""
58096,"58096.14","Salmonella enterica subsp. enterica serovar Bareilly strain CFSAN044963","spectinomycin","Susceptible","","","","","","","","","","","SIR XGBoost Model","202503101","F1 score: 0.94, CI[0.90, 0.98]","Computational Method","",""
58096,"58096.14","Salmonella enterica subsp. enterica serovar Bareilly strain CFSAN044963","streptomycin","Susceptible","","","","","","","","","","","SIR XGBoost Model","202503101","F1 score: 0.94, CI[0.93, 0.96]","Computational Method","",""
58096,"58096.14","Salmonella enterica subsp. enterica serovar Bareilly strain CFSAN044963","tetracycline","Susceptible","","","","","","","","","","","SIR XGBoost Model","202503101","F1 score: 0.97, CI[0.96, 0.98]","Computational Method","",""
58096,"58096.14","Salmonella enterica subsp. enterica serovar Bareilly strain CFSAN044963","ceftiofur","Susceptible","","","","","","","","","","","SIR XGBoost Model","202503101","F1 score: 0.98, CI[0.97, 1.00]","Computational Method","",""
58096,"58096.14","Salmonella enterica subsp. enterica serovar Bareilly strain CFSAN044963","trimethoprim","Susceptible","","","","","","","","","","","SIR XGBoost Model","202503101","F1 score: 0.86, CI[0.78, 0.93]","Computational Method","",""
58096,"58096.15","Salmonella enterica subsp. enterica serovar Bareilly strain CFSAN045016","amoxicillin/clavulanic acid","Susceptible","","","","","","","","","","","SIR XGBoost Model","202503101","F1 score: 0.96, CI[0.95, 0.97]","Computational Method","",""
58096,"58096.15","Salmonella enterica subsp. enterica serovar Bareilly strain CFSAN045016","ampicillin","Susceptible","","","","","","","","","","","SIR XGBoost Model","202503101","F1 score: 0.93, CI[0.92, 0.93]","Computational Method","",""
58096,"58096.15","Salmonella enterica subsp. enterica serovar Bareilly strain CFSAN045016","azithromycin","Susceptible","","","","","","","","","","","SIR XGBoost Model","202503101","F1 score: 0.92, CI[0.87, 0.98]","Computational Method","",""
58096,"58096.15","Salmonella enterica subsp. enterica serovar Bareilly strain CFSAN045016","chloramphenicol","Susceptible","","","","","","","","","","","SIR XGBoost Model","202503101","F1 score: 0.90, CI[0.88, 0.91]","Computational Method","",""
58096,"58096.15","Salmonella enterica subsp. enterica serovar Bareilly strain CFSAN045016","ciprofloxacin","Susceptible","","","","","","","","","","","SIR XGBoost Model","202503101","F1 score: 0.95, CI[0.93, 0.96]","Computational Method","",""
58096,"58096.15","Salmonella enterica subsp. enterica serovar Bareilly strain CFSAN045016","ceftriaxone","Susceptible","","","","","","","","","","","SIR XGBoost Model","202503101","F1 score: 0.98, CI[0.97, 1.00]","Computational Method","",""
58096,"58096.15","Salmonella enterica subsp. enterica serovar Bareilly strain CFSAN045016","cefotaxime","Susceptible","","","","","","","","","","","SIR XGBoost Model","202503101","F1 score: 0.95, CI[0.90, 0.99]","Computational Method","",""
58096,"58096.15","Salmonella enterica subsp. enterica serovar Bareilly strain CFSAN045016","sulfisoxazole","Susceptible","","","","","","","","","","","SIR XGBoost Model","202503101","F1 score: 0.99, CI[0.98, 1.00]","Computational Method","",""
58096,"58096.15","Salmonella enterica subsp. enterica serovar Bareilly strain CFSAN045016","cefoxitin","Susceptible","","","","","","","","","","","SIR XGBoost Model","202503101","F1 score: 0.96, CI[0.93, 0.99]","Computational Method","",""
58096,"58096.15","Salmonella enterica subsp. enterica serovar Bareilly strain CFSAN045016","gentamicin","Susceptible","","","","","","","","","","","SIR XGBoost Model","202503101","F1 score: 0.92, CI[0.89, 0.95]","Computational Method","",""
58096,"58096.15","Salmonella enterica subsp. enterica serovar Bareilly strain CFSAN045016","kanamycin","Susceptible","","","","","","","","","","","SIR XGBoost Model","202503101","F1 score: 0.86, CI[0.77, 0.95]","Computational Method","",""
58096,"58096.15","Salmonella enterica subsp. enterica serovar Bareilly strain CFSAN045016","nalidixic acid","Susceptible","","","","","","","","","","","SIR XGBoost Model","202503101","F1 score: 0.95, CI[0.93, 0.96]","Computational Method","",""
58096,"58096.15","Salmonella enterica subsp. enterica serovar Bareilly strain CFSAN045016","pefloxacin","Susceptible","","","","","","","","","","","SIR XGBoost Model","202503101","F1 score: 0.98, CI[0.96, 1.00]","Computational Method","",""
58096,"58096.15","Salmonella enterica subsp. enterica serovar Bareilly strain CFSAN045016","sulfamethoxazole","Susceptible","","","","","","","","","","","SIR XGBoost Model","202503101","F1 score: 0.95, CI[0.93, 0.97]","Computational Method","",""
58096,"58096.15","Salmonella enterica subsp. enterica serovar Bareilly strain CFSAN045016","spectinomycin","Susceptible","","","","","","","","","","","SIR XGBoost Model","202503101","F1 score: 0.94, CI[0.90, 0.98]","Computational Method","",""
58096,"58096.15","Salmonella enterica subsp. enterica serovar Bareilly strain CFSAN045016","streptomycin","Susceptible","","","","","","","","","","","SIR XGBoost Model","202503101","F1 score: 0.94, CI[0.93, 0.96]","Computational Method","",""
58096,"58096.15","Salmonella enterica subsp. enterica serovar Bareilly strain CFSAN045016","tetracycline","Susceptible","","","","","","","","","","","SIR XGBoost Model","202503101","F1 score: 0.97, CI[0.96, 0.98]","Computational Method","",""
58096,"58096.15","Salmonella enterica subsp. enterica serovar Bareilly strain CFSAN045016","ceftiofur","Susceptible","","","","","","","","","","","SIR XGBoost Model","202503101","F1 score: 0.98, CI[0.97, 1.00]","Computational Method","",""
58096,"58096.15","Salmonella enterica subsp. enterica serovar Bareilly strain CFSAN045016","trimethoprim","Susceptible","","","","","","","","","","","SIR XGBoost Model","202503101","F1 score: 0.86, CI[0.78, 0.93]","Computational Method","",""
58096,"58096.16","Salmonella enterica subsp. enterica serovar Bareilly strain CFSAN045026","amoxicillin/clavulanic acid","Susceptible","","","","","","","","","","","SIR XGBoost Model","202503101","F1 score: 0.96, CI[0.95, 0.97]","Computational Method","",""
58096,"58096.16","Salmonella enterica subsp. enterica serovar Bareilly strain CFSAN045026","ampicillin","Susceptible","","","","","","","","","","","SIR XGBoost Model","202503101","F1 score: 0.93, CI[0.92, 0.93]","Computational Method","",""
58096,"58096.16","Salmonella enterica subsp. enterica serovar Bareilly strain CFSAN045026","azithromycin","Susceptible","","","","","","","","","","","SIR XGBoost Model","202503101","F1 score: 0.92, CI[0.87, 0.98]","Computational Method","",""
58096,"58096.16","Salmonella enterica subsp. enterica serovar Bareilly strain CFSAN045026","chloramphenicol","Susceptible","","","","","","","","","","","SIR XGBoost Model","202503101","F1 score: 0.90, CI[0.88, 0.91]","Computational Method","",""
58096,"58096.16","Salmonella enterica subsp. enterica serovar Bareilly strain CFSAN045026","ciprofloxacin","Susceptible","","","","","","","","","","","SIR XGBoost Model","202503101","F1 score: 0.95, CI[0.93, 0.96]","Computational Method","",""
58096,"58096.16","Salmonella enterica subsp. enterica serovar Bareilly strain CFSAN045026","ceftriaxone","Susceptible","","","","","","","","","","","SIR XGBoost Model","202503101","F1 score: 0.98, CI[0.97, 1.00]","Computational Method","",""
58096,"58096.16","Salmonella enterica subsp. enterica serovar Bareilly strain CFSAN045026","cefotaxime","Susceptible","","","","","","","","","","","SIR XGBoost Model","202503101","F1 score: 0.95, CI[0.90, 0.99]","Computational Method","",""
58096,"58096.16","Salmonella enterica subsp. enterica serovar Bareilly strain CFSAN045026","sulfisoxazole","Susceptible","","","","","","","","","","","SIR XGBoost Model","202503101","F1 score: 0.99, CI[0.98, 1.00]","Computational Method","",""
58096,"58096.16","Salmonella enterica subsp. enterica serovar Bareilly strain CFSAN045026","cefoxitin","Susceptible","","","","","","","","","","","SIR XGBoost Model","202503101","F1 score: 0.96, CI[0.93, 0.99]","Computational Method","",""
58096,"58096.16","Salmonella enterica subsp. enterica serovar Bareilly strain CFSAN045026","gentamicin","Susceptible","","","","","","","","","","","SIR XGBoost Model","202503101","F1 score: 0.92, CI[0.89, 0.95]","Computational Method","",""
58096,"58096.16","Salmonella enterica subsp. enterica serovar Bareilly strain CFSAN045026","kanamycin","Susceptible","","","","","","","","","","","SIR XGBoost Model","202503101","F1 score: 0.86, CI[0.77, 0.95]","Computational Method","",""
58096,"58096.16","Salmonella enterica subsp. enterica serovar Bareilly strain CFSAN045026","nalidixic acid","Susceptible","","","","","","","","","","","SIR XGBoost Model","202503101","F1 score: 0.95, CI[0.93, 0.96]","Computational Method","",""
58096,"58096.16","Salmonella enterica subsp. enterica serovar Bareilly strain CFSAN045026","pefloxacin","Susceptible","","","","","","","","","","","SIR XGBoost Model","202503101","F1 score: 0.98, CI[0.96, 1.00]","Computational Method","",""
58096,"58096.16","Salmonella enterica subsp. enterica serovar Bareilly strain CFSAN045026","sulfamethoxazole","Susceptible","","","","","","","","","","","SIR XGBoost Model","202503101","F1 score: 0.95, CI[0.93, 0.97]","Computational Method","",""
58096,"58096.16","Salmonella enterica subsp. enterica serovar Bareilly strain CFSAN045026","spectinomycin","Susceptible","","","","","","","","","","","SIR XGBoost Model","202503101","F1 score: 0.94, CI[0.90, 0.98]","Computational Method","",""
58096,"58096.16","Salmonella enterica subsp. enterica serovar Bareilly strain CFSAN045026","streptomycin","Susceptible","","","","","","","","","","","SIR XGBoost Model","202503101","F1 score: 0.94, CI[0.93, 0.96]","Computational Method","",""
58096,"58096.16","Salmonella enterica subsp. enterica serovar Bareilly strain CFSAN045026","tetracycline","Susceptible","","","","","","","","","","","SIR XGBoost Model","202503101","F1 score: 0.97, CI[0.96, 0.98]","Computational Method","",""
58096,"58096.16","Salmonella enterica subsp. enterica serovar Bareilly strain CFSAN045026","ceftiofur","Susceptible","","","","","","","","","","","SIR XGBoost Model","202503101","F1 score: 0.98, CI[0.97, 1.00]","Computational Method","",""
58096,"58096.16","Salmonella enterica subsp. enterica serovar Bareilly strain CFSAN045026","trimethoprim","Susceptible","","","","","","","","","","","SIR XGBoost Model","202503101","F1 score: 0.86, CI[0.78, 0.93]","Computational Method","",""
58096,"58096.17","Salmonella enterica subsp. enterica serovar Bareilly strain BCW_2890","amoxicillin/clavulanic acid","Susceptible","","","","","","","","","","","SIR XGBoost Model","202503101","F1 score: 0.96, CI[0.95, 0.97]","Computational Method","",""
58096,"58096.17","Salmonella enterica subsp. enterica serovar Bareilly strain BCW_2890","ampicillin","Susceptible","","","","","","","","","","","SIR XGBoost Model","202503101","F1 score: 0.93, CI[0.92, 0.93]","Computational Method","",""
58096,"58096.17","Salmonella enterica subsp. enterica serovar Bareilly strain BCW_2890","azithromycin","Susceptible","","","","","","","","","","","SIR XGBoost Model","202503101","F1 score: 0.92, CI[0.87, 0.98]","Computational Method","",""
58096,"58096.17","Salmonella enterica subsp. enterica serovar Bareilly strain BCW_2890","chloramphenicol","Susceptible","","","","","","","","","","","SIR XGBoost Model","202503101","F1 score: 0.90, CI[0.88, 0.91]","Computational Method","",""
58096,"58096.17","Salmonella enterica subsp. enterica serovar Bareilly strain BCW_2890","ciprofloxacin","Susceptible","","","","","","","","","","","SIR XGBoost Model","202503101","F1 score: 0.95, CI[0.93, 0.96]","Computational Method","",""
58096,"58096.17","Salmonella enterica subsp. enterica serovar Bareilly strain BCW_2890","ceftriaxone","Resistant","","","","","","","","","","","SIR XGBoost Model","202503101","F1 score: 0.98, CI[0.97, 1.00]","Computational Method","",""
58096,"58096.17","Salmonella enterica subsp. enterica serovar Bareilly strain BCW_2890","cefotaxime","Susceptible","","","","","","","","","","","SIR XGBoost Model","202503101","F1 score: 0.95, CI[0.90, 0.99]","Computational Method","",""
58096,"58096.17","Salmonella enterica subsp. enterica serovar Bareilly strain BCW_2890","sulfisoxazole","Susceptible","","","","","","","","","","","SIR XGBoost Model","202503101","F1 score: 0.99, CI[0.98, 1.00]","Computational Method","",""
58096,"58096.17","Salmonella enterica subsp. enterica serovar Bareilly strain BCW_2890","cefoxitin","Susceptible","","","","","","","","","","","SIR XGBoost Model","202503101","F1 score: 0.96, CI[0.93, 0.99]","Computational Method","",""
58096,"58096.17","Salmonella enterica subsp. enterica serovar Bareilly strain BCW_2890","gentamicin","Susceptible","","","","","","","","","","","SIR XGBoost Model","202503101","F1 score: 0.92, CI[0.89, 0.95]","Computational Method","",""
58096,"58096.17","Salmonella enterica subsp. enterica serovar Bareilly strain BCW_2890","kanamycin","Susceptible","","","","","","","","","","","SIR XGBoost Model","202503101","F1 score: 0.86, CI[0.77, 0.95]","Computational Method","",""
58096,"58096.17","Salmonella enterica subsp. enterica serovar Bareilly strain BCW_2890","nalidixic acid","Susceptible","","","","","","","","","","","SIR XGBoost Model","202503101","F1 score: 0.95, CI[0.93, 0.96]","Computational Method","",""
58096,"58096.17","Salmonella enterica subsp. enterica serovar Bareilly strain BCW_2890","pefloxacin","Susceptible","","","","","","","","","","","SIR XGBoost Model","202503101","F1 score: 0.98, CI[0.96, 1.00]","Computational Method","",""
58096,"58096.17","Salmonella enterica subsp. enterica serovar Bareilly strain BCW_2890","sulfamethoxazole","Susceptible","","","","","","","","","","","SIR XGBoost Model","202503101","F1 score: 0.95, CI[0.93, 0.97]","Computational Method","",""
58096,"58096.17","Salmonella enterica subsp. enterica serovar Bareilly strain BCW_2890","spectinomycin","Susceptible","","","","","","","","","","","SIR XGBoost Model","202503101","F1 score: 0.94, CI[0.90, 0.98]","Computational Method","",""
58096,"58096.17","Salmonella enterica subsp. enterica serovar Bareilly strain BCW_2890","streptomycin","Susceptible","","","","","","","","","","","SIR XGBoost Model","202503101","F1 score: 0.94, CI[0.93, 0.96]","Computational Method","",""
58096,"58096.17","Salmonella enterica subsp. enterica serovar Bareilly strain BCW_2890","tetracycline","Susceptible","","","","","","","","","","","SIR XGBoost Model","202503101","F1 score: 0.97, CI[0.96, 0.98]","Computational Method","",""
58096,"58096.17","Salmonella enterica subsp. enterica serovar Bareilly strain BCW_2890","ceftiofur","Susceptible","","","","","","","","","","","SIR XGBoost Model","202503101","F1 score: 0.98, CI[0.97, 1.00]","Computational Method","",""
58096,"58096.17","Salmonella enterica subsp. enterica serovar Bareilly strain BCW_2890","trimethoprim","Susceptible","","","","","","","","","","","SIR XGBoost Model","202503101","F1 score: 0.86, CI[0.78, 0.93]","Computational Method","",""
58096,"58096.18","Salmonella enterica subsp. enterica serovar Bareilly strain BCW_2645","amoxicillin/clavulanic acid","Susceptible","","","","","","","","","","","SIR XGBoost Model","202503101","F1 score: 0.96, CI[0.95, 0.97]","Computational Method","",""
58096,"58096.18","Salmonella enterica subsp. enterica serovar Bareilly strain BCW_2645","ampicillin","Susceptible","","","","","","","","","","","SIR XGBoost Model","202503101","F1 score: 0.93, CI[0.92, 0.93]","Computational Method","",""
58096,"58096.18","Salmonella enterica subsp. enterica serovar Bareilly strain BCW_2645","azithromycin","Susceptible","","","","","","","","","","","SIR XGBoost Model","202503101","F1 score: 0.92, CI[0.87, 0.98]","Computational Method","",""
58096,"58096.18","Salmonella enterica subsp. enterica serovar Bareilly strain BCW_2645","chloramphenicol","Susceptible","","","","","","","","","","","SIR XGBoost Model","202503101","F1 score: 0.90, CI[0.88, 0.91]","Computational Method","",""
58096,"58096.18","Salmonella enterica subsp. enterica serovar Bareilly strain BCW_2645","ciprofloxacin","Susceptible","","","","","","","","","","","SIR XGBoost Model","202503101","F1 score: 0.95, CI[0.93, 0.96]","Computational Method","",""
58096,"58096.18","Salmonella enterica subsp. enterica serovar Bareilly strain BCW_2645","ceftriaxone","Susceptible","","","","","","","","","","","SIR XGBoost Model","202503101","F1 score: 0.98, CI[0.97, 1.00]","Computational Method","",""
58096,"58096.18","Salmonella enterica subsp. enterica serovar Bareilly strain BCW_2645","cefotaxime","Susceptible","","","","","","","","","","","SIR XGBoost Model","202503101","F1 score: 0.95, CI[0.90, 0.99]","Computational Method","",""
58096,"58096.18","Salmonella enterica subsp. enterica serovar Bareilly strain BCW_2645","sulfisoxazole","Susceptible","","","","","","","","","","","SIR XGBoost Model","202503101","F1 score: 0.99, CI[0.98, 1.00]","Computational Method","",""
58096,"58096.18","Salmonella enterica subsp. enterica serovar Bareilly strain BCW_2645","cefoxitin","Susceptible","","","","","","","","","","","SIR XGBoost Model","202503101","F1 score: 0.96, CI[0.93, 0.99]","Computational Method","",""
58096,"58096.18","Salmonella enterica subsp. enterica serovar Bareilly strain BCW_2645","gentamicin","Susceptible","","","","","","","","","","","SIR XGBoost Model","202503101","F1 score: 0.92, CI[0.89, 0.95]","Computational Method","",""
58096,"58096.18","Salmonella enterica subsp. enterica serovar Bareilly strain BCW_2645","kanamycin","Susceptible","","","","","","","","","","","SIR XGBoost Model","202503101","F1 score: 0.86, CI[0.77, 0.95]","Computational Method","",""
58096,"58096.18","Salmonella enterica subsp. enterica serovar Bareilly strain BCW_2645","nalidixic acid","Resistant","","","","","","","","","","","SIR XGBoost Model","202503101","F1 score: 0.95, CI[0.93, 0.96]","Computational Method","",""
58096,"58096.18","Salmonella enterica subsp. enterica serovar Bareilly strain BCW_2645","pefloxacin","Resistant","","","","","","","","","","","SIR XGBoost Model","202503101","F1 score: 0.98, CI[0.96, 1.00]","Computational Method","",""
58096,"58096.18","Salmonella enterica subsp. enterica serovar Bareilly strain BCW_2645","sulfamethoxazole","Susceptible","","","","","","","","","","","SIR XGBoost Model","202503101","F1 score: 0.95, CI[0.93, 0.97]","Computational Method","",""
58096,"58096.18","Salmonella enterica subsp. enterica serovar Bareilly strain BCW_2645","spectinomycin","Susceptible","","","","","","","","","","","SIR XGBoost Model","202503101","F1 score: 0.94, CI[0.90, 0.98]","Computational Method","",""
58096,"58096.18","Salmonella enterica subsp. enterica serovar Bareilly strain BCW_2645","streptomycin","Susceptible","","","","","","","","","","","SIR XGBoost Model","202503101","F1 score: 0.94, CI[0.93, 0.96]","Computational Method","",""
58096,"58096.18","Salmonella enterica subsp. enterica serovar Bareilly strain BCW_2645","tetracycline","Susceptible","","","","","","","","","","","SIR XGBoost Model","202503101","F1 score: 0.97, CI[0.96, 0.98]","Computational Method","",""
58096,"58096.18","Salmonella enterica subsp. enterica serovar Bareilly strain BCW_2645","ceftiofur","Susceptible","","","","","","","","","","","SIR XGBoost Model","202503101","F1 score: 0.98, CI[0.97, 1.00]","Computational Method","",""
58096,"58096.18","Salmonella enterica subsp. enterica serovar Bareilly strain BCW_2645","trimethoprim","Susceptible","","","","","","","","","","","SIR XGBoost Model","202503101","F1 score: 0.86, CI[0.78, 0.93]","Computational Method","",""
58096,"58096.44","Salmonella enterica subsp. enterica serovar Bareilly strain 55","amoxicillin/clavulanic acid","Susceptible","","","","","","","","","","","SIR XGBoost Model","202503101","F1 score: 0.96, CI[0.95, 0.97]","Computational Method","",""
58096,"58096.44","Salmonella enterica subsp. enterica serovar Bareilly strain 55","ampicillin","Susceptible","","","","","","","","","","","SIR XGBoost Model","202503101","F1 score: 0.93, CI[0.92, 0.93]","Computational Method","",""
58096,"58096.44","Salmonella enterica subsp. enterica serovar Bareilly strain 55","azithromycin","Susceptible","","","","","","","","","","","SIR XGBoost Model","202503101","F1 score: 0.92, CI[0.87, 0.98]","Computational Method","",""
58096,"58096.44","Salmonella enterica subsp. enterica serovar Bareilly strain 55","chloramphenicol","Susceptible","","","","","","","","","","","SIR XGBoost Model","202503101","F1 score: 0.90, CI[0.88, 0.91]","Computational Method","",""
58096,"58096.44","Salmonella enterica subsp. enterica serovar Bareilly strain 55","ciprofloxacin","Susceptible","","","","","","","","","","","SIR XGBoost Model","202503101","F1 score: 0.95, CI[0.93, 0.96]","Computational Method","",""
58096,"58096.44","Salmonella enterica subsp. enterica serovar Bareilly strain 55","ceftriaxone","Susceptible","","","","","","","","","","","SIR XGBoost Model","202503101","F1 score: 0.98, CI[0.97, 1.00]","Computational Method","",""
58096,"58096.44","Salmonella enterica subsp. enterica serovar Bareilly strain 55","cefotaxime","Susceptible","","","","","","","","","","","SIR XGBoost Model","202503101","F1 score: 0.95, CI[0.90, 0.99]","Computational Method","",""
58096,"58096.44","Salmonella enterica subsp. enterica serovar Bareilly strain 55","sulfisoxazole","Susceptible","","","","","","","","","","","SIR XGBoost Model","202503101","F1 score: 0.99, CI[0.98, 1.00]","Computational Method","",""
58096,"58096.44","Salmonella enterica subsp. enterica serovar Bareilly strain 55","cefoxitin","Susceptible","","","","","","","","","","","SIR XGBoost Model","202503101","F1 score: 0.96, CI[0.93, 0.99]","Computational Method","",""
58096,"58096.44","Salmonella enterica subsp. enterica serovar Bareilly strain 55","gentamicin","Susceptible","","","","","","","","","","","SIR XGBoost Model","202503101","F1 score: 0.92, CI[0.89, 0.95]","Computational Method","",""
58096,"58096.44","Salmonella enterica subsp. enterica serovar Bareilly strain 55","kanamycin","Susceptible","","","","","","","","","","","SIR XGBoost Model","202503101","F1 score: 0.86, CI[0.77, 0.95]","Computational Method","",""
58096,"58096.44","Salmonella enterica subsp. enterica serovar Bareilly strain 55","nalidixic acid","Susceptible","","","","","","","","","","","SIR XGBoost Model","202503101","F1 score: 0.95, CI[0.93, 0.96]","Computational Method","",""
58096,"58096.44","Salmonella enterica subsp. enterica serovar Bareilly strain 55","pefloxacin","Susceptible","","","","","","","","","","","SIR XGBoost Model","202503101","F1 score: 0.98, CI[0.96, 1.00]","Computational Method","",""
58096,"58096.44","Salmonella enterica subsp. enterica serovar Bareilly strain 55","sulfamethoxazole","Susceptible","","","","","","","","","","","SIR XGBoost Model","202503101","F1 score: 0.95, CI[0.93, 0.97]","Computational Method","",""
58096,"58096.44","Salmonella enterica subsp. enterica serovar Bareilly strain 55","spectinomycin","Susceptible","","","","","","","","","","","SIR XGBoost Model","202503101","F1 score: 0.94, CI[0.90, 0.98]","Computational Method","",""
58096,"58096.44","Salmonella enterica subsp. enterica serovar Bareilly strain 55","streptomycin","Susceptible","","","","","","","","","","","SIR XGBoost Model","202503101","F1 score: 0.94, CI[0.93, 0.96]","Computational Method","",""
58096,"58096.44","Salmonella enterica subsp. enterica serovar Bareilly strain 55","tetracycline","Susceptible","","","","","","","","","","","SIR XGBoost Model","202503101","F1 score: 0.97, CI[0.96, 0.98]","Computational Method","",""
58096,"58096.44","Salmonella enterica subsp. enterica serovar Bareilly strain 55","ceftiofur","Susceptible","","","","","","","","","","","SIR XGBoost Model","202503101","F1 score: 0.98, CI[0.97, 1.00]","Computational Method","",""
58096,"58096.44","Salmonella enterica subsp. enterica serovar Bareilly strain 55","trimethoprim","Susceptible","","","","","","","","","","","SIR XGBoost Model","202503101","F1 score: 0.86, CI[0.78, 0.93]","Computational Method","",""
58096,"58096.47","Salmonella enterica subsp. enterica serovar Bareilly strain RSE03","amoxicillin/clavulanic acid","Susceptible","","","","","","","","","","","SIR XGBoost Model","202503101","F1 score: 0.96, CI[0.95, 0.97]","Computational Method","",""
58096,"58096.47","Salmonella enterica subsp. enterica serovar Bareilly strain RSE03","ampicillin","Susceptible","","","","","","","","","","","SIR XGBoost Model","202503101","F1 score: 0.93, CI[0.92, 0.93]","Computational Method","",""
58096,"58096.47","Salmonella enterica subsp. enterica serovar Bareilly strain RSE03","azithromycin","Susceptible","","","","","","","","","","","SIR XGBoost Model","202503101","F1 score: 0.92, CI[0.87, 0.98]","Computational Method","",""
58096,"58096.47","Salmonella enterica subsp. enterica serovar Bareilly strain RSE03","chloramphenicol","Susceptible","","","","","","","","","","","SIR XGBoost Model","202503101","F1 score: 0.90, CI[0.88, 0.91]","Computational Method","",""
58096,"58096.47","Salmonella enterica subsp. enterica serovar Bareilly strain RSE03","ciprofloxacin","Susceptible","","","","","","","","","","","SIR XGBoost Model","202503101","F1 score: 0.95, CI[0.93, 0.96]","Computational Method","",""
58096,"58096.47","Salmonella enterica subsp. enterica serovar Bareilly strain RSE03","ceftriaxone","Susceptible","","","","","","","","","","","SIR XGBoost Model","202503101","F1 score: 0.98, CI[0.97, 1.00]","Computational Method","",""
58096,"58096.47","Salmonella enterica subsp. enterica serovar Bareilly strain RSE03","cefotaxime","Susceptible","","","","","","","","","","","SIR XGBoost Model","202503101","F1 score: 0.95, CI[0.90, 0.99]","Computational Method","",""
58096,"58096.47","Salmonella enterica subsp. enterica serovar Bareilly strain RSE03","sulfisoxazole","Susceptible","","","","","","","","","","","SIR XGBoost Model","202503101","F1 score: 0.99, CI[0.98, 1.00]","Computational Method","",""
58096,"58096.47","Salmonella enterica subsp. enterica serovar Bareilly strain RSE03","cefoxitin","Susceptible","","","","","","","","","","","SIR XGBoost Model","202503101","F1 score: 0.96, CI[0.93, 0.99]","Computational Method","",""
58096,"58096.47","Salmonella enterica subsp. enterica serovar Bareilly strain RSE03","gentamicin","Susceptible","","","","","","","","","","","SIR XGBoost Model","202503101","F1 score: 0.92, CI[0.89, 0.95]","Computational Method","",""
58096,"58096.47","Salmonella enterica subsp. enterica serovar Bareilly strain RSE03","kanamycin","Susceptible","","","","","","","","","","","SIR XGBoost Model","202503101","F1 score: 0.86, CI[0.77, 0.95]","Computational Method","",""
58096,"58096.47","Salmonella enterica subsp. enterica serovar Bareilly strain RSE03","nalidixic acid","Susceptible","","","","","","","","","","","SIR XGBoost Model","202503101","F1 score: 0.95, CI[0.93, 0.96]","Computational Method","",""
58096,"58096.47","Salmonella enterica subsp. enterica serovar Bareilly strain RSE03","pefloxacin","Susceptible","","","","","","","","","","","SIR XGBoost Model","202503101","F1 score: 0.98, CI[0.96, 1.00]","Computational Method","",""
58096,"58096.47","Salmonella enterica subsp. enterica serovar Bareilly strain RSE03","sulfamethoxazole","Susceptible","","","","","","","","","","","SIR XGBoost Model","202503101","F1 score: 0.95, CI[0.93, 0.97]","Computational Method","",""
58096,"58096.47","Salmonella enterica subsp. enterica serovar Bareilly strain RSE03","spectinomycin","Susceptible","","","","","","","","","","","SIR XGBoost Model","202503101","F1 score: 0.94, CI[0.90, 0.98]","Computational Method","",""
58096,"58096.47","Salmonella enterica subsp. enterica serovar Bareilly strain RSE03","streptomycin","Susceptible","","","","","","","","","","","SIR XGBoost Model","202503101","F1 score: 0.94, CI[0.93, 0.96]","Computational Method","",""
58096,"58096.47","Salmonella enterica subsp. enterica serovar Bareilly strain RSE03","tetracycline","Susceptible","","","","","","","","","","","SIR XGBoost Model","202503101","F1 score: 0.97, CI[0.96, 0.98]","Computational Method","",""
58096,"58096.47","Salmonella enterica subsp. enterica serovar Bareilly strain RSE03","ceftiofur","Susceptible","","","","","","","","","","","SIR XGBoost Model","202503101","F1 score: 0.98, CI[0.97, 1.00]","Computational Method","",""
58096,"58096.47","Salmonella enterica subsp. enterica serovar Bareilly strain RSE03","trimethoprim","Susceptible","","","","","","","","","","","SIR XGBoost Model","202503101","F1 score: 0.86, CI[0.78, 0.93]","Computational Method","",""
58096,"58096.56","Salmonella enterica subsp. enterica serovar Bareilly strain HIY0302","amoxicillin/clavulanic acid","Susceptible","","","","","","","","","","","SIR XGBoost Model","202503101","F1 score: 0.96, CI[0.95, 0.97]","Computational Method","",""
58096,"58096.56","Salmonella enterica subsp. enterica serovar Bareilly strain HIY0302","ampicillin","Susceptible","","","","","","","","","","","SIR XGBoost Model","202503101","F1 score: 0.93, CI[0.92, 0.93]","Computational Method","",""
58096,"58096.56","Salmonella enterica subsp. enterica serovar Bareilly strain HIY0302","azithromycin","Susceptible","","","","","","","","","","","SIR XGBoost Model","202503101","F1 score: 0.92, CI[0.87, 0.98]","Computational Method","",""
58096,"58096.56","Salmonella enterica subsp. enterica serovar Bareilly strain HIY0302","chloramphenicol","Susceptible","","","","","","","","","","","SIR XGBoost Model","202503101","F1 score: 0.90, CI[0.88, 0.91]","Computational Method","",""
58096,"58096.56","Salmonella enterica subsp. enterica serovar Bareilly strain HIY0302","ciprofloxacin","Susceptible","","","","","","","","","","","SIR XGBoost Model","202503101","F1 score: 0.95, CI[0.93, 0.96]","Computational Method","",""
58096,"58096.56","Salmonella enterica subsp. enterica serovar Bareilly strain HIY0302","ceftriaxone","Susceptible","","","","","","","","","","","SIR XGBoost Model","202503101","F1 score: 0.98, CI[0.97, 1.00]","Computational Method","",""
58096,"58096.56","Salmonella enterica subsp. enterica serovar Bareilly strain HIY0302","cefotaxime","Susceptible","","","","","","","","","","","SIR XGBoost Model","202503101","F1 score: 0.95, CI[0.90, 0.99]","Computational Method","",""
58096,"58096.56","Salmonella enterica subsp. enterica serovar Bareilly strain HIY0302","sulfisoxazole","Susceptible","","","","","","","","","","","SIR XGBoost Model","202503101","F1 score: 0.99, CI[0.98, 1.00]","Computational Method","",""
58096,"58096.56","Salmonella enterica subsp. enterica serovar Bareilly strain HIY0302","cefoxitin","Susceptible","","","","","","","","","","","SIR XGBoost Model","202503101","F1 score: 0.96, CI[0.93, 0.99]","Computational Method","",""
58096,"58096.56","Salmonella enterica subsp. enterica serovar Bareilly strain HIY0302","gentamicin","Susceptible","","","","","","","","","","","SIR XGBoost Model","202503101","F1 score: 0.92, CI[0.89, 0.95]","Computational Method","",""
58096,"58096.56","Salmonella enterica subsp. enterica serovar Bareilly strain HIY0302","kanamycin","Susceptible","","","","","","","","","","","SIR XGBoost Model","202503101","F1 score: 0.86, CI[0.77, 0.95]","Computational Method","",""
58096,"58096.56","Salmonella enterica subsp. enterica serovar Bareilly strain HIY0302","nalidixic acid","Susceptible","","","","","","","","","","","SIR XGBoost Model","202503101","F1 score: 0.95, CI[0.93, 0.96]","Computational Method","",""
58096,"58096.56","Salmonella enterica subsp. enterica serovar Bareilly strain HIY0302","pefloxacin","Susceptible","","","","","","","","","","","SIR XGBoost Model","202503101","F1 score: 0.98, CI[0.96, 1.00]","Computational Method","",""
58096,"58096.56","Salmonella enterica subsp. enterica serovar Bareilly strain HIY0302","sulfamethoxazole","Susceptible","","","","","","","","","","","SIR XGBoost Model","202503101","F1 score: 0.95, CI[0.93, 0.97]","Computational Method","",""
58096,"58096.56","Salmonella enterica subsp. enterica serovar Bareilly strain HIY0302","spectinomycin","Susceptible","","","","","","","","","","","SIR XGBoost Model","202503101","F1 score: 0.94, CI[0.90, 0.98]","Computational Method","",""
58096,"58096.56","Salmonella enterica subsp. enterica serovar Bareilly strain HIY0302","streptomycin","Susceptible","","","","","","","","","","","SIR XGBoost Model","202503101","F1 score: 0.94, CI[0.93, 0.96]","Computational Method","",""
58096,"58096.56","Salmonella enterica subsp. enterica serovar Bareilly strain HIY0302","tetracycline","Susceptible","","","","","","","","","","","SIR XGBoost Model","202503101","F1 score: 0.97, CI[0.96, 0.98]","Computational Method","",""
58096,"58096.56","Salmonella enterica subsp. enterica serovar Bareilly strain HIY0302","ceftiofur","Susceptible","","","","","","","","","","","SIR XGBoost Model","202503101","F1 score: 0.98, CI[0.97, 1.00]","Computational Method","",""
58096,"58096.56","Salmonella enterica subsp. enterica serovar Bareilly strain HIY0302","trimethoprim","Susceptible","","","","","","","","","","","SIR XGBoost Model","202503101","F1 score: 0.86, CI[0.78, 0.93]","Computational Method","",""
58096,"58096.57","Salmonella enterica subsp. enterica serovar Bareilly strain HIY0304","amoxicillin/clavulanic acid","Susceptible","","","","","","","","","","","SIR XGBoost Model","202503101","F1 score: 0.96, CI[0.95, 0.97]","Computational Method","",""
58096,"58096.57","Salmonella enterica subsp. enterica serovar Bareilly strain HIY0304","ampicillin","Susceptible","","","","","","","","","","","SIR XGBoost Model","202503101","F1 score: 0.93, CI[0.92, 0.93]","Computational Method","",""
58096,"58096.57","Salmonella enterica subsp. enterica serovar Bareilly strain HIY0304","azithromycin","Susceptible","","","","","","","","","","","SIR XGBoost Model","202503101","F1 score: 0.92, CI[0.87, 0.98]","Computational Method","",""
58096,"58096.57","Salmonella enterica subsp. enterica serovar Bareilly strain HIY0304","chloramphenicol","Susceptible","","","","","","","","","","","SIR XGBoost Model","202503101","F1 score: 0.90, CI[0.88, 0.91]","Computational Method","",""
58096,"58096.57","Salmonella enterica subsp. enterica serovar Bareilly strain HIY0304","ciprofloxacin","Susceptible","","","","","","","","","","","SIR XGBoost Model","202503101","F1 score: 0.95, CI[0.93, 0.96]","Computational Method","",""
58096,"58096.57","Salmonella enterica subsp. enterica serovar Bareilly strain HIY0304","ceftriaxone","Susceptible","","","","","","","","","","","SIR XGBoost Model","202503101","F1 score: 0.98, CI[0.97, 1.00]","Computational Method","",""
58096,"58096.57","Salmonella enterica subsp. enterica serovar Bareilly strain HIY0304","cefotaxime","Susceptible","","","","","","","","","","","SIR XGBoost Model","202503101","F1 score: 0.95, CI[0.90, 0.99]","Computational Method","",""
58096,"58096.57","Salmonella enterica subsp. enterica serovar Bareilly strain HIY0304","sulfisoxazole","Susceptible","","","","","","","","","","","SIR XGBoost Model","202503101","F1 score: 0.99, CI[0.98, 1.00]","Computational Method","",""
58096,"58096.57","Salmonella enterica subsp. enterica serovar Bareilly strain HIY0304","cefoxitin","Susceptible","","","","","","","","","","","SIR XGBoost Model","202503101","F1 score: 0.96, CI[0.93, 0.99]","Computational Method","",""
58096,"58096.57","Salmonella enterica subsp. enterica serovar Bareilly strain HIY0304","gentamicin","Susceptible","","","","","","","","","","","SIR XGBoost Model","202503101","F1 score: 0.92, CI[0.89, 0.95]","Computational Method","",""
58096,"58096.57","Salmonella enterica subsp. enterica serovar Bareilly strain HIY0304","kanamycin","Susceptible","","","","","","","","","","","SIR XGBoost Model","202503101","F1 score: 0.86, CI[0.77, 0.95]","Computational Method","",""
58096,"58096.57","Salmonella enterica subsp. enterica serovar Bareilly strain HIY0304","nalidixic acid","Susceptible","","","","","","","","","","","SIR XGBoost Model","202503101","F1 score: 0.95, CI[0.93, 0.96]","Computational Method","",""
58096,"58096.57","Salmonella enterica subsp. enterica serovar Bareilly strain HIY0304","pefloxacin","Susceptible","","","","","","","","","","","SIR XGBoost Model","202503101","F1 score: 0.98, CI[0.96, 1.00]","Computational Method","",""
58096,"58096.57","Salmonella enterica subsp. enterica serovar Bareilly strain HIY0304","sulfamethoxazole","Susceptible","","","","","","","","","","","SIR XGBoost Model","202503101","F1 score: 0.95, CI[0.93, 0.97]","Computational Method","",""
58096,"58096.57","Salmonella enterica subsp. enterica serovar Bareilly strain HIY0304","spectinomycin","Susceptible","","","","","","","","","","","SIR XGBoost Model","202503101","F1 score: 0.94, CI[0.90, 0.98]","Computational Method","",""
58096,"58096.57","Salmonella enterica subsp. enterica serovar Bareilly strain HIY0304","streptomycin","Susceptible","","","","","","","","","","","SIR XGBoost Model","202503101","F1 score: 0.94, CI[0.93, 0.96]","Computational Method","",""
58096,"58096.57","Salmonella enterica subsp. enterica serovar Bareilly strain HIY0304","tetracycline","Susceptible","","","","","","","","","","","SIR XGBoost Model","202503101","F1 score: 0.97, CI[0.96, 0.98]","Computational Method","",""
58096,"58096.57","Salmonella enterica subsp. enterica serovar Bareilly strain HIY0304","ceftiofur","Susceptible","","","","","","","","","","","SIR XGBoost Model","202503101","F1 score: 0.98, CI[0.97, 1.00]","Computational Method","",""
58096,"58096.57","Salmonella enterica subsp. enterica serovar Bareilly strain HIY0304","trimethoprim","Susceptible","","","","","","","","","","","SIR XGBoost Model","202503101","F1 score: 0.86, CI[0.78, 0.93]","Computational Method","",""
58096,"58096.58","Salmonella enterica subsp. enterica serovar Bareilly strain HIY0286","amoxicillin/clavulanic acid","Susceptible","","","","","","","","","","","SIR XGBoost Model","202503101","F1 score: 0.96, CI[0.95, 0.97]","Computational Method","",""
58096,"58096.58","Salmonella enterica subsp. enterica serovar Bareilly strain HIY0286","ampicillin","Susceptible","","","","","","","","","","","SIR XGBoost Model","202503101","F1 score: 0.93, CI[0.92, 0.93]","Computational Method","",""
58096,"58096.58","Salmonella enterica subsp. enterica serovar Bareilly strain HIY0286","azithromycin","Susceptible","","","","","","","","","","","SIR XGBoost Model","202503101","F1 score: 0.92, CI[0.87, 0.98]","Computational Method","",""
58096,"58096.58","Salmonella enterica subsp. enterica serovar Bareilly strain HIY0286","chloramphenicol","Susceptible","","","","","","","","","","","SIR XGBoost Model","202503101","F1 score: 0.90, CI[0.88, 0.91]","Computational Method","",""
58096,"58096.58","Salmonella enterica subsp. enterica serovar Bareilly strain HIY0286","ciprofloxacin","Susceptible","","","","","","","","","","","SIR XGBoost Model","202503101","F1 score: 0.95, CI[0.93, 0.96]","Computational Method","",""
58096,"58096.58","Salmonella enterica subsp. enterica serovar Bareilly strain HIY0286","ceftriaxone","Susceptible","","","","","","","","","","","SIR XGBoost Model","202503101","F1 score: 0.98, CI[0.97, 1.00]","Computational Method","",""
58096,"58096.58","Salmonella enterica subsp. enterica serovar Bareilly strain HIY0286","cefotaxime","Susceptible","","","","","","","","","","","SIR XGBoost Model","202503101","F1 score: 0.95, CI[0.90, 0.99]","Computational Method","",""
58096,"58096.58","Salmonella enterica subsp. enterica serovar Bareilly strain HIY0286","sulfisoxazole","Susceptible","","","","","","","","","","","SIR XGBoost Model","202503101","F1 score: 0.99, CI[0.98, 1.00]","Computational Method","",""
58096,"58096.58","Salmonella enterica subsp. enterica serovar Bareilly strain HIY0286","cefoxitin","Susceptible","","","","","","","","","","","SIR XGBoost Model","202503101","F1 score: 0.96, CI[0.93, 0.99]","Computational Method","",""
58096,"58096.58","Salmonella enterica subsp. enterica serovar Bareilly strain HIY0286","gentamicin","Susceptible","","","","","","","","","","","SIR XGBoost Model","202503101","F1 score: 0.92, CI[0.89, 0.95]","Computational Method","",""
58096,"58096.58","Salmonella enterica subsp. enterica serovar Bareilly strain HIY0286","kanamycin","Susceptible","","","","","","","","","","","SIR XGBoost Model","202503101","F1 score: 0.86, CI[0.77, 0.95]","Computational Method","",""
58096,"58096.58","Salmonella enterica subsp. enterica serovar Bareilly strain HIY0286","nalidixic acid","Susceptible","","","","","","","","","","","SIR XGBoost Model","202503101","F1 score: 0.95, CI[0.93, 0.96]","Computational Method","",""
58096,"58096.58","Salmonella enterica subsp. enterica serovar Bareilly strain HIY0286","pefloxacin","Susceptible","","","","","","","","","","","SIR XGBoost Model","202503101","F1 score: 0.98, CI[0.96, 1.00]","Computational Method","",""
58096,"58096.58","Salmonella enterica subsp. enterica serovar Bareilly strain HIY0286","sulfamethoxazole","Susceptible","","","","","","","","","","","SIR XGBoost Model","202503101","F1 score: 0.95, CI[0.93, 0.97]","Computational Method","",""
58096,"58096.58","Salmonella enterica subsp. enterica serovar Bareilly strain HIY0286","spectinomycin","Susceptible","","","","","","","","","","","SIR XGBoost Model","202503101","F1 score: 0.94, CI[0.90, 0.98]","Computational Method","",""
58096,"58096.58","Salmonella enterica subsp. enterica serovar Bareilly strain HIY0286","streptomycin","Susceptible","","","","","","","","","","","SIR XGBoost Model","202503101","F1 score: 0.94, CI[0.93, 0.96]","Computational Method","",""
58096,"58096.58","Salmonella enterica subsp. enterica serovar Bareilly strain HIY0286","tetracycline","Susceptible","","","","","","","","","","","SIR XGBoost Model","202503101","F1 score: 0.97, CI[0.96, 0.98]","Computational Method","",""
58096,"58096.58","Salmonella enterica subsp. enterica serovar Bareilly strain HIY0286","ceftiofur","Susceptible","","","","","","","","","","","SIR XGBoost Model","202503101","F1 score: 0.98, CI[0.97, 1.00]","Computational Method","",""
58096,"58096.58","Salmonella enterica subsp. enterica serovar Bareilly strain HIY0286","trimethoprim","Susceptible","","","","","","","","","","","SIR XGBoost Model","202503101","F1 score: 0.86, CI[0.78, 0.93]","Computational Method","",""
58096,"58096.69","Salmonella enterica subsp. enterica serovar Bareilly strain FC745","amoxicillin/clavulanic acid","Resistant","","","","","","","","","","","SIR XGBoost Model","202503101","F1 score: 0.96, CI[0.95, 0.97]","Computational Method","",""
58096,"58096.69","Salmonella enterica subsp. enterica serovar Bareilly strain FC745","ampicillin","Resistant","","","","","","","","","","","SIR XGBoost Model","202503101","F1 score: 0.93, CI[0.92, 0.93]","Computational Method","",""
58096,"58096.69","Salmonella enterica subsp. enterica serovar Bareilly strain FC745","azithromycin","Susceptible","","","","","","","","","","","SIR XGBoost Model","202503101","F1 score: 0.92, CI[0.87, 0.98]","Computational Method","",""
58096,"58096.69","Salmonella enterica subsp. enterica serovar Bareilly strain FC745","chloramphenicol","Susceptible","","","","","","","","","","","SIR XGBoost Model","202503101","F1 score: 0.90, CI[0.88, 0.91]","Computational Method","",""
58096,"58096.69","Salmonella enterica subsp. enterica serovar Bareilly strain FC745","ciprofloxacin","Susceptible","","","","","","","","","","","SIR XGBoost Model","202503101","F1 score: 0.95, CI[0.93, 0.96]","Computational Method","",""
58096,"58096.69","Salmonella enterica subsp. enterica serovar Bareilly strain FC745","ceftriaxone","Resistant","","","","","","","","","","","SIR XGBoost Model","202503101","F1 score: 0.98, CI[0.97, 1.00]","Computational Method","",""
58096,"58096.69","Salmonella enterica subsp. enterica serovar Bareilly strain FC745","cefotaxime","Susceptible","","","","","","","","","","","SIR XGBoost Model","202503101","F1 score: 0.95, CI[0.90, 0.99]","Computational Method","",""
58096,"58096.69","Salmonella enterica subsp. enterica serovar Bareilly strain FC745","sulfisoxazole","Resistant","","","","","","","","","","","SIR XGBoost Model","202503101","F1 score: 0.99, CI[0.98, 1.00]","Computational Method","",""
58096,"58096.69","Salmonella enterica subsp. enterica serovar Bareilly strain FC745","cefoxitin","Resistant","","","","","","","","","","","SIR XGBoost Model","202503101","F1 score: 0.96, CI[0.93, 0.99]","Computational Method","",""
58096,"58096.69","Salmonella enterica subsp. enterica serovar Bareilly strain FC745","gentamicin","Resistant","","","","","","","","","","","SIR XGBoost Model","202503101","F1 score: 0.92, CI[0.89, 0.95]","Computational Method","",""
58096,"58096.69","Salmonella enterica subsp. enterica serovar Bareilly strain FC745","kanamycin","Susceptible","","","","","","","","","","","SIR XGBoost Model","202503101","F1 score: 0.86, CI[0.77, 0.95]","Computational Method","",""
58096,"58096.69","Salmonella enterica subsp. enterica serovar Bareilly strain FC745","nalidixic acid","Susceptible","","","","","","","","","","","SIR XGBoost Model","202503101","F1 score: 0.95, CI[0.93, 0.96]","Computational Method","",""
58096,"58096.69","Salmonella enterica subsp. enterica serovar Bareilly strain FC745","pefloxacin","Susceptible","","","","","","","","","","","SIR XGBoost Model","202503101","F1 score: 0.98, CI[0.96, 1.00]","Computational Method","",""
58096,"58096.69","Salmonella enterica subsp. enterica serovar Bareilly strain FC745","sulfamethoxazole","Resistant","","","","","","","","","","","SIR XGBoost Model","202503101","F1 score: 0.95, CI[0.93, 0.97]","Computational Method","",""
58096,"58096.69","Salmonella enterica subsp. enterica serovar Bareilly strain FC745","spectinomycin","Resistant","","","","","","","","","","","SIR XGBoost Model","202503101","F1 score: 0.94, CI[0.90, 0.98]","Computational Method","",""
58096,"58096.69","Salmonella enterica subsp. enterica serovar Bareilly strain FC745","streptomycin","Resistant","","","","","","","","","","","SIR XGBoost Model","202503101","F1 score: 0.94, CI[0.93, 0.96]","Computational Method","",""
58096,"58096.69","Salmonella enterica subsp. enterica serovar Bareilly strain FC745","tetracycline","Susceptible","","","","","","","","","","","SIR XGBoost Model","202503101","F1 score: 0.97, CI[0.96, 0.98]","Computational Method","",""
58096,"58096.69","Salmonella enterica subsp. enterica serovar Bareilly strain FC745","ceftiofur","Resistant","","","","","","","","","","","SIR XGBoost Model","202503101","F1 score: 0.98, CI[0.97, 1.00]","Computational Method","",""
58096,"58096.69","Salmonella enterica subsp. enterica serovar Bareilly strain FC745","trimethoprim","Resistant","","","","","","","","","","","SIR XGBoost Model","202503101","F1 score: 0.86, CI[0.78, 0.93]","Computational Method","",""
58096,"58096.76","Salmonella enterica subsp. enterica serovar Bareilly AMRIR00190","amoxicillin/clavulanic acid","Resistant","","","","","","","","","","","SIR XGBoost Model","202503101","F1 score: 0.96, CI[0.95, 0.97]","Computational Method","",""
58096,"58096.76","Salmonella enterica subsp. enterica serovar Bareilly AMRIR00190","ampicillin","Resistant","","","","","","","","","","","SIR XGBoost Model","202503101","F1 score: 0.93, CI[0.92, 0.93]","Computational Method","",""
58096,"58096.76","Salmonella enterica subsp. enterica serovar Bareilly AMRIR00190","azithromycin","Susceptible","","","","","","","","","","","SIR XGBoost Model","202503101","F1 score: 0.92, CI[0.87, 0.98]","Computational Method","",""
58096,"58096.76","Salmonella enterica subsp. enterica serovar Bareilly AMRIR00190","chloramphenicol","Susceptible","","","","","","","","","","","SIR XGBoost Model","202503101","F1 score: 0.90, CI[0.88, 0.91]","Computational Method","",""
58096,"58096.76","Salmonella enterica subsp. enterica serovar Bareilly AMRIR00190","ciprofloxacin","Susceptible","","","","","","","","","","","SIR XGBoost Model","202503101","F1 score: 0.95, CI[0.93, 0.96]","Computational Method","",""
58096,"58096.76","Salmonella enterica subsp. enterica serovar Bareilly AMRIR00190","ceftriaxone","Resistant","","","","","","","","","","","SIR XGBoost Model","202503101","F1 score: 0.98, CI[0.97, 1.00]","Computational Method","",""
58096,"58096.76","Salmonella enterica subsp. enterica serovar Bareilly AMRIR00190","cefotaxime","Susceptible","","","","","","","","","","","SIR XGBoost Model","202503101","F1 score: 0.95, CI[0.90, 0.99]","Computational Method","",""
58096,"58096.76","Salmonella enterica subsp. enterica serovar Bareilly AMRIR00190","sulfisoxazole","Resistant","","","","","","","","","","","SIR XGBoost Model","202503101","F1 score: 0.99, CI[0.98, 1.00]","Computational Method","",""
58096,"58096.76","Salmonella enterica subsp. enterica serovar Bareilly AMRIR00190","cefoxitin","Resistant","","","","","","","","","","","SIR XGBoost Model","202503101","F1 score: 0.96, CI[0.93, 0.99]","Computational Method","",""
58096,"58096.76","Salmonella enterica subsp. enterica serovar Bareilly AMRIR00190","gentamicin","Resistant","","","","","","","","","","","SIR XGBoost Model","202503101","F1 score: 0.92, CI[0.89, 0.95]","Computational Method","",""
58096,"58096.76","Salmonella enterica subsp. enterica serovar Bareilly AMRIR00190","kanamycin","Susceptible","","","","","","","","","","","SIR XGBoost Model","202503101","F1 score: 0.86, CI[0.77, 0.95]","Computational Method","",""
58096,"58096.76","Salmonella enterica subsp. enterica serovar Bareilly AMRIR00190","nalidixic acid","Susceptible","","","","","","","","","","","SIR XGBoost Model","202503101","F1 score: 0.95, CI[0.93, 0.96]","Computational Method","",""
58096,"58096.76","Salmonella enterica subsp. enterica serovar Bareilly AMRIR00190","pefloxacin","Susceptible","","","","","","","","","","","SIR XGBoost Model","202503101","F1 score: 0.98, CI[0.96, 1.00]","Computational Method","",""
58096,"58096.76","Salmonella enterica subsp. enterica serovar Bareilly AMRIR00190","sulfamethoxazole","Resistant","","","","","","","","","","","SIR XGBoost Model","202503101","F1 score: 0.95, CI[0.93, 0.97]","Computational Method","",""
58096,"58096.76","Salmonella enterica subsp. enterica serovar Bareilly AMRIR00190","spectinomycin","Susceptible","","","","","","","","","","","SIR XGBoost Model","202503101","F1 score: 0.94, CI[0.90, 0.98]","Computational Method","",""
58096,"58096.76","Salmonella enterica subsp. enterica serovar Bareilly AMRIR00190","streptomycin","Susceptible","","","","","","","","","","","SIR XGBoost Model","202503101","F1 score: 0.94, CI[0.93, 0.96]","Computational Method","",""
58096,"58096.76","Salmonella enterica subsp. enterica serovar Bareilly AMRIR00190","tetracycline","Susceptible","","","","","","","","","","","SIR XGBoost Model","202503101","F1 score: 0.97, CI[0.96, 0.98]","Computational Method","",""
58096,"58096.76","Salmonella enterica subsp. enterica serovar Bareilly AMRIR00190","ceftiofur","Resistant","","","","","","","","","","","SIR XGBoost Model","202503101","F1 score: 0.98, CI[0.97, 1.00]","Computational Method","",""
58096,"58096.76","Salmonella enterica subsp. enterica serovar Bareilly AMRIR00190","trimethoprim","Susceptible","","","","","","","","","","","SIR XGBoost Model","202503101","F1 score: 0.86, CI[0.78, 0.93]","Computational Method","",""
58096,"58096.8","Salmonella enterica subsp. enterica serovar Bareilly strain CFSAN044959","amoxicillin/clavulanic acid","Susceptible","","","","","","","","","","","SIR XGBoost Model","202503101","F1 score: 0.96, CI[0.95, 0.97]","Computational Method","",""
58096,"58096.8","Salmonella enterica subsp. enterica serovar Bareilly strain CFSAN044959","ampicillin","Susceptible","","","","","","","","","","","SIR XGBoost Model","202503101","F1 score: 0.93, CI[0.92, 0.93]","Computational Method","",""
58096,"58096.8","Salmonella enterica subsp. enterica serovar Bareilly strain CFSAN044959","azithromycin","Susceptible","","","","","","","","","","","SIR XGBoost Model","202503101","F1 score: 0.92, CI[0.87, 0.98]","Computational Method","",""
58096,"58096.8","Salmonella enterica subsp. enterica serovar Bareilly strain CFSAN044959","chloramphenicol","Susceptible","","","","","","","","","","","SIR XGBoost Model","202503101","F1 score: 0.90, CI[0.88, 0.91]","Computational Method","",""
58096,"58096.8","Salmonella enterica subsp. enterica serovar Bareilly strain CFSAN044959","ciprofloxacin","Susceptible","","","","","","","","","","","SIR XGBoost Model","202503101","F1 score: 0.95, CI[0.93, 0.96]","Computational Method","",""
58096,"58096.8","Salmonella enterica subsp. enterica serovar Bareilly strain CFSAN044959","ceftriaxone","Susceptible","","","","","","","","","","","SIR XGBoost Model","202503101","F1 score: 0.98, CI[0.97, 1.00]","Computational Method","",""
58096,"58096.8","Salmonella enterica subsp. enterica serovar Bareilly strain CFSAN044959","cefotaxime","Susceptible","","","","","","","","","","","SIR XGBoost Model","202503101","F1 score: 0.95, CI[0.90, 0.99]","Computational Method","",""
58096,"58096.8","Salmonella enterica subsp. enterica serovar Bareilly strain CFSAN044959","sulfisoxazole","Susceptible","","","","","","","","","","","SIR XGBoost Model","202503101","F1 score: 0.99, CI[0.98, 1.00]","Computational Method","",""
58096,"58096.8","Salmonella enterica subsp. enterica serovar Bareilly strain CFSAN044959","cefoxitin","Susceptible","","","","","","","","","","","SIR XGBoost Model","202503101","F1 score: 0.96, CI[0.93, 0.99]","Computational Method","",""
58096,"58096.8","Salmonella enterica subsp. enterica serovar Bareilly strain CFSAN044959","gentamicin","Susceptible","","","","","","","","","","","SIR XGBoost Model","202503101","F1 score: 0.92, CI[0.89, 0.95]","Computational Method","",""
58096,"58096.8","Salmonella enterica subsp. enterica serovar Bareilly strain CFSAN044959","kanamycin","Susceptible","","","","","","","","","","","SIR XGBoost Model","202503101","F1 score: 0.86, CI[0.77, 0.95]","Computational Method","",""
58096,"58096.8","Salmonella enterica subsp. enterica serovar Bareilly strain CFSAN044959","nalidixic acid","Susceptible","","","","","","","","","","","SIR XGBoost Model","202503101","F1 score: 0.95, CI[0.93, 0.96]","Computational Method","",""
58096,"58096.8","Salmonella enterica subsp. enterica serovar Bareilly strain CFSAN044959","pefloxacin","Susceptible","","","","","","","","","","","SIR XGBoost Model","202503101","F1 score: 0.98, CI[0.96, 1.00]","Computational Method","",""
58096,"58096.8","Salmonella enterica subsp. enterica serovar Bareilly strain CFSAN044959","sulfamethoxazole","Susceptible","","","","","","","","","","","SIR XGBoost Model","202503101","F1 score: 0.95, CI[0.93, 0.97]","Computational Method","",""
58096,"58096.8","Salmonella enterica subsp. enterica serovar Bareilly strain CFSAN044959","spectinomycin","Susceptible","","","","","","","","","","","SIR XGBoost Model","202503101","F1 score: 0.94, CI[0.90, 0.98]","Computational Method","",""
58096,"58096.8","Salmonella enterica subsp. enterica serovar Bareilly strain CFSAN044959","streptomycin","Susceptible","","","","","","","","","","","SIR XGBoost Model","202503101","F1 score: 0.94, CI[0.93, 0.96]","Computational Method","",""
58096,"58096.8","Salmonella enterica subsp. enterica serovar Bareilly strain CFSAN044959","tetracycline","Susceptible","","","","","","","","","","","SIR XGBoost Model","202503101","F1 score: 0.97, CI[0.96, 0.98]","Computational Method","",""
58096,"58096.8","Salmonella enterica subsp. enterica serovar Bareilly strain CFSAN044959","ceftiofur","Susceptible","","","","","","","","","","","SIR XGBoost Model","202503101","F1 score: 0.98, CI[0.97, 1.00]","Computational Method","",""
58096,"58096.8","Salmonella enterica subsp. enterica serovar Bareilly strain CFSAN044959","trimethoprim","Susceptible","","","","","","","","","","","SIR XGBoost Model","202503101","F1 score: 0.86, CI[0.78, 0.93]","Computational Method","",""
58096,"58096.9","Salmonella enterica subsp. enterica serovar Bareilly strain CFSAN044960","amoxicillin/clavulanic acid","Susceptible","","","","","","","","","","","SIR XGBoost Model","202503101","F1 score: 0.96, CI[0.95, 0.97]","Computational Method","",""
58096,"58096.9","Salmonella enterica subsp. enterica serovar Bareilly strain CFSAN044960","ampicillin","Susceptible","","","","","","","","","","","SIR XGBoost Model","202503101","F1 score: 0.93, CI[0.92, 0.93]","Computational Method","",""
58096,"58096.9","Salmonella enterica subsp. enterica serovar Bareilly strain CFSAN044960","azithromycin","Susceptible","","","","","","","","","","","SIR XGBoost Model","202503101","F1 score: 0.92, CI[0.87, 0.98]","Computational Method","",""
58096,"58096.9","Salmonella enterica subsp. enterica serovar Bareilly strain CFSAN044960","chloramphenicol","Susceptible","","","","","","","","","","","SIR XGBoost Model","202503101","F1 score: 0.90, CI[0.88, 0.91]","Computational Method","",""
58096,"58096.9","Salmonella enterica subsp. enterica serovar Bareilly strain CFSAN044960","ciprofloxacin","Susceptible","","","","","","","","","","","SIR XGBoost Model","202503101","F1 score: 0.95, CI[0.93, 0.96]","Computational Method","",""
58096,"58096.9","Salmonella enterica subsp. enterica serovar Bareilly strain CFSAN044960","ceftriaxone","Susceptible","","","","","","","","","","","SIR XGBoost Model","202503101","F1 score: 0.98, CI[0.97, 1.00]","Computational Method","",""
58096,"58096.9","Salmonella enterica subsp. enterica serovar Bareilly strain CFSAN044960","cefotaxime","Susceptible","","","","","","","","","","","SIR XGBoost Model","202503101","F1 score: 0.95, CI[0.90, 0.99]","Computational Method","",""
58096,"58096.9","Salmonella enterica subsp. enterica serovar Bareilly strain CFSAN044960","sulfisoxazole","Susceptible","","","","","","","","","","","SIR XGBoost Model","202503101","F1 score: 0.99, CI[0.98, 1.00]","Computational Method","",""
58096,"58096.9","Salmonella enterica subsp. enterica serovar Bareilly strain CFSAN044960","cefoxitin","Susceptible","","","","","","","","","","","SIR XGBoost Model","202503101","F1 score: 0.96, CI[0.93, 0.99]","Computational Method","",""
58096,"58096.9","Salmonella enterica subsp. enterica serovar Bareilly strain CFSAN044960","gentamicin","Susceptible","","","","","","","","","","","SIR XGBoost Model","202503101","F1 score: 0.92, CI[0.89, 0.95]","Computational Method","",""
58096,"58096.9","Salmonella enterica subsp. enterica serovar Bareilly strain CFSAN044960","kanamycin","Susceptible","","","","","","","","","","","SIR XGBoost Model","202503101","F1 score: 0.86, CI[0.77, 0.95]","Computational Method","",""
58096,"58096.9","Salmonella enterica subsp. enterica serovar Bareilly strain CFSAN044960","nalidixic acid","Susceptible","","","","","","","","","","","SIR XGBoost Model","202503101","F1 score: 0.95, CI[0.93, 0.96]","Computational Method","",""
58096,"58096.9","Salmonella enterica subsp. enterica serovar Bareilly strain CFSAN044960","pefloxacin","Susceptible","","","","","","","","","","","SIR XGBoost Model","202503101","F1 score: 0.98, CI[0.96, 1.00]","Computational Method","",""
58096,"58096.9","Salmonella enterica subsp. enterica serovar Bareilly strain CFSAN044960","sulfamethoxazole","Susceptible","","","","","","","","","","","SIR XGBoost Model","202503101","F1 score: 0.95, CI[0.93, 0.97]","Computational Method","",""
58096,"58096.9","Salmonella enterica subsp. enterica serovar Bareilly strain CFSAN044960","spectinomycin","Susceptible","","","","","","","","","","","SIR XGBoost Model","202503101","F1 score: 0.94, CI[0.90, 0.98]","Computational Method","",""
58096,"58096.9","Salmonella enterica subsp. enterica serovar Bareilly strain CFSAN044960","streptomycin","Susceptible","","","","","","","","","","","SIR XGBoost Model","202503101","F1 score: 0.94, CI[0.93, 0.96]","Computational Method","",""
58096,"58096.9","Salmonella enterica subsp. enterica serovar Bareilly strain CFSAN044960","tetracycline","Susceptible","","","","","","","","","","","SIR XGBoost Model","202503101","F1 score: 0.97, CI[0.96, 0.98]","Computational Method","",""
58096,"58096.9","Salmonella enterica subsp. enterica serovar Bareilly strain CFSAN044960","ceftiofur","Susceptible","","","","","","","","","","","SIR XGBoost Model","202503101","F1 score: 0.98, CI[0.97, 1.00]","Computational Method","",""
58096,"58096.9","Salmonella enterica subsp. enterica serovar Bareilly strain CFSAN044960","trimethoprim","Susceptible","","","","","","","","","","","SIR XGBoost Model","202503101","F1 score: 0.86, CI[0.78, 0.93]","Computational Method","",""
58096,"58096.10","Salmonella enterica subsp. enterica serovar Bareilly strain CFSAN045001","trimethoprim/sulfamethoxazole","Susceptible","","","","","","","","","","","SIR XGBoost Model","202503101","F1 score: 0.85, CI[0.82, 0.88]","Computational Method","",""
58096,"58096.11","Salmonella enterica subsp. enterica serovar Bareilly strain CFSAN045003","trimethoprim/sulfamethoxazole","Susceptible","","","","","","","","","","","SIR XGBoost Model","202503101","F1 score: 0.85, CI[0.82, 0.88]","Computational Method","",""
58096,"58096.12","Salmonella enterica subsp. enterica serovar Bareilly strain CFSAN045033","trimethoprim/sulfamethoxazole","Susceptible","","","","","","","","","","","SIR XGBoost Model","202503101","F1 score: 0.85, CI[0.82, 0.88]","Computational Method","",""
58096,"58096.13","Salmonella enterica subsp. enterica serovar Bareilly strain CFSAN045034","trimethoprim/sulfamethoxazole","Susceptible","","","","","","","","","","","SIR XGBoost Model","202503101","F1 score: 0.85, CI[0.82, 0.88]","Computational Method","",""
58096,"58096.14","Salmonella enterica subsp. enterica serovar Bareilly strain CFSAN044963","trimethoprim/sulfamethoxazole","Susceptible","","","","","","","","","","","SIR XGBoost Model","202503101","F1 score: 0.85, CI[0.82, 0.88]","Computational Method","",""
58096,"58096.15","Salmonella enterica subsp. enterica serovar Bareilly strain CFSAN045016","trimethoprim/sulfamethoxazole","Susceptible","","","","","","","","","","","SIR XGBoost Model","202503101","F1 score: 0.85, CI[0.82, 0.88]","Computational Method","",""
58096,"58096.16","Salmonella enterica subsp. enterica serovar Bareilly strain CFSAN045026","trimethoprim/sulfamethoxazole","Susceptible","","","","","","","","","","","SIR XGBoost Model","202503101","F1 score: 0.85, CI[0.82, 0.88]","Computational Method","",""
58096,"58096.17","Salmonella enterica subsp. enterica serovar Bareilly strain BCW_2890","trimethoprim/sulfamethoxazole","Susceptible","","","","","","","","","","","SIR XGBoost Model","202503101","F1 score: 0.85, CI[0.82, 0.88]","Computational Method","",""
58096,"58096.18","Salmonella enterica subsp. enterica serovar Bareilly strain BCW_2645","trimethoprim/sulfamethoxazole","Susceptible","","","","","","","","","","","SIR XGBoost Model","202503101","F1 score: 0.85, CI[0.82, 0.88]","Computational Method","",""
58096,"58096.44","Salmonella enterica subsp. enterica serovar Bareilly strain 55","trimethoprim/sulfamethoxazole","Susceptible","","","","","","","","","","","SIR XGBoost Model","202503101","F1 score: 0.85, CI[0.82, 0.88]","Computational Method","",""
58096,"58096.47","Salmonella enterica subsp. enterica serovar Bareilly strain RSE03","trimethoprim/sulfamethoxazole","Susceptible","","","","","","","","","","","SIR XGBoost Model","202503101","F1 score: 0.85, CI[0.82, 0.88]","Computational Method","",""
58096,"58096.56","Salmonella enterica subsp. enterica serovar Bareilly strain HIY0302","trimethoprim/sulfamethoxazole","Susceptible","","","","","","","","","","","SIR XGBoost Model","202503101","F1 score: 0.85, CI[0.82, 0.88]","Computational Method","",""
58096,"58096.57","Salmonella enterica subsp. enterica serovar Bareilly strain HIY0304","trimethoprim/sulfamethoxazole","Susceptible","","","","","","","","","","","SIR XGBoost Model","202503101","F1 score: 0.85, CI[0.82, 0.88]","Computational Method","",""
58096,"58096.58","Salmonella enterica subsp. enterica serovar Bareilly strain HIY0286","trimethoprim/sulfamethoxazole","Susceptible","","","","","","","","","","","SIR XGBoost Model","202503101","F1 score: 0.85, CI[0.82, 0.88]","Computational Method","",""
58096,"58096.69","Salmonella enterica subsp. enterica serovar Bareilly strain FC745","trimethoprim/sulfamethoxazole","Resistant","","","","","","","","","","","SIR XGBoost Model","202503101","F1 score: 0.85, CI[0.82, 0.88]","Computational Method","",""
58096,"58096.76","Salmonella enterica subsp. enterica serovar Bareilly AMRIR00190","trimethoprim/sulfamethoxazole","Resistant","","","","","","","","","","","SIR XGBoost Model","202503101","F1 score: 0.85, CI[0.82, 0.88]","Computational Method","",""
58096,"58096.8","Salmonella enterica subsp. enterica serovar Bareilly strain CFSAN044959","trimethoprim/sulfamethoxazole","Susceptible","","","","","","","","","","","SIR XGBoost Model","202503101","F1 score: 0.85, CI[0.82, 0.88]","Computational Method","",""
58096,"58096.9","Salmonella enterica subsp. enterica serovar Bareilly strain CFSAN044960","trimethoprim/sulfamethoxazole","Susceptible","","","","","","","","","","","SIR XGBoost Model","202503101","F1 score: 0.85, CI[0.82, 0.88]","Computational Method","",""
58096,"58096.88","Salmonella enterica subsp. enterica serovar Bareilly s33423","ampicillin_clavulanic_acid","","1.0","","1.0","mg/L","","","","BVBRC","","","MIC XGBoost Model","20250225","W1 score: 0.98, CI[0.96, 0.99]","Computational Method","",""
58096,"58096.88","Salmonella enterica subsp. enterica serovar Bareilly s33423","ampicillin","","2.0","","2.0","mg/L","","","","BVBRC","","","MIC XGBoost Model","20250225","W1 score: 0.96, CI[0.95, 0.97]","Computational Method","",""
58096,"58096.88","Salmonella enterica subsp. enterica serovar Bareilly s33423","azithromycin","","4.0","","4.0","mg/L","","","","BVBRC","","","MIC XGBoost Model","20250225","W1 score: 0.99, CI[0.98, 1]","Computational Method","",""
58096,"58096.88","Salmonella enterica subsp. enterica serovar Bareilly s33423","ceftazidime","","32.0","","32.0","mg/L","","","","BVBRC","","","MIC XGBoost Model","20250225","W1 score: 0.93, CI[0.88, 0.99]","Computational Method","",""
58096,"58096.88","Salmonella enterica subsp. enterica serovar Bareilly s33423","chloramphenicol","","8.0","","8.0","mg/L","","","","BVBRC","","","MIC XGBoost Model","20250225","W1 score: 0.99, CI[0.98, 1]","Computational Method","",""
58096,"58096.88","Salmonella enterica subsp. enterica serovar Bareilly s33423","ciprofloxacin","","0.0625","","0.0625","mg/L","","","","BVBRC","","","MIC XGBoost Model","20250225","W1 score: 0.88, CI[0.86, 0.9]","Computational Method","",""
58096,"58096.88","Salmonella enterica subsp. enterica serovar Bareilly s33423","ceftriaxone","","1.0","","1.0","mg/L","","","","BVBRC","","","MIC XGBoost Model","20250225","W1 score: 0.95, CI[0.94, 0.96]","Computational Method","",""
58096,"58096.88","Salmonella enterica subsp. enterica serovar Bareilly s33423","cefotaxime","","4.0","","4.0","mg/L","","","","BVBRC","","","MIC XGBoost Model","20250225","W1 score: 0.95, CI[0.89, 1]","Computational Method","",""
58096,"58096.88","Salmonella enterica subsp. enterica serovar Bareilly s33423","sulfisoxazole","","32.0","","32.0","mg/L","","","","BVBRC","","","MIC XGBoost Model","20250225","W1 score: 0.98, CI[0.97, 0.99]","Computational Method","",""
58096,"58096.88","Salmonella enterica subsp. enterica serovar Bareilly s33423","cefoxitin","","2.0","","2.0","mg/L","","","","BVBRC","","","MIC XGBoost Model","20250225","W1 score: 0.98, CI[0.97, 1]","Computational Method","",""
58096,"58096.88","Salmonella enterica subsp. enterica serovar Bareilly s33423","geamycin","","0.5","","0.5","mg/L","","","","BVBRC","","","MIC XGBoost Model","20250225","W1 score: 0.97, CI[0.95, 0.99]","Computational Method","",""
58096,"58096.88","Salmonella enterica subsp. enterica serovar Bareilly s33423","kanamycin","","8.0","","8.0","mg/L","","","","BVBRC","","","MIC XGBoost Model","20250225","W1 score: 0.99, CI[0.98, 1.01]","Computational Method","",""
58096,"58096.88","Salmonella enterica subsp. enterica serovar Bareilly s33423","meropenem","","0.125","","0.125","mg/L","","","","BVBRC","","","MIC XGBoost Model","20250225","W1 score: 0.95, CI[0.9, 1.01]","Computational Method","",""
58096,"58096.88","Salmonella enterica subsp. enterica serovar Bareilly s33423","nalidixic acid","","8.0","","8.0","mg/L","","","","BVBRC","","","MIC XGBoost Model","20250225","W1 score: 0.98, CI[0.97, 0.99]","Computational Method","",""
58096,"58096.88","Salmonella enterica subsp. enterica serovar Bareilly s33423","streptomycin","","16.0","","16.0","mg/L","","","","BVBRC","","","MIC XGBoost Model","20250225","W1 score: 0.92, CI[0.9, 0.93]","Computational Method","",""
58096,"58096.88","Salmonella enterica subsp. enterica serovar Bareilly s33423","co_trimoxazole","","0.25","","0.25","mg/L","","","","BVBRC","","","MIC XGBoost Model","20250225","W1 score: 0.96, CI[0.95, 0.97]","Computational Method","",""
58096,"58096.88","Salmonella enterica subsp. enterica serovar Bareilly s33423","tetracycline","","4.0","","4.0","mg/L","","","","BVBRC","","","MIC XGBoost Model","20250225","W1 score: 0.99, CI[0.98, 0.99]","Computational Method","",""
58096,"58096.88","Salmonella enterica subsp. enterica serovar Bareilly s33423","ceftiofur","","1.0","","1.0","mg/L","","","","BVBRC","","","MIC XGBoost Model","20250225","W1 score: 0.99, CI[0.98, 0.99]","Computational Method","",""
58096,"58096.88","Salmonella enterica subsp. enterica serovar Bareilly s33423","ampicillin_clavulanic_acid","Susceptible","","","","","","","","BVBRC","","","SIR XGBoost Model","20250225","F1 score: 0.96, CI[0.95, 0.97]","Computational Method","",""
58096,"58096.88","Salmonella enterica subsp. enterica serovar Bareilly s33423","ampicillin","Susceptible","","","","","","","","BVBRC","","","SIR XGBoost Model","20250225","F1 score: 0.93, CI[0.92, 0.93]","Computational Method","",""
58096,"58096.88","Salmonella enterica subsp. enterica serovar Bareilly s33423","azithromycin","Susceptible","","","","","","","","BVBRC","","","SIR XGBoost Model","20250225","F1 score: 0.92, CI[0.87, 0.98]","Computational Method","",""
58096,"58096.88","Salmonella enterica subsp. enterica serovar Bareilly s33423","chloramphenicol","Susceptible","","","","","","","","BVBRC","","","SIR XGBoost Model","20250225","F1 score: 0.9, CI[0.88, 0.91]","Computational Method","",""
58096,"58096.88","Salmonella enterica subsp. enterica serovar Bareilly s33423","ciprofloxacin","Susceptible","","","","","","","","BVBRC","","","SIR XGBoost Model","20250225","F1 score: 0.95, CI[0.93, 0.96]","Computational Method","",""
58096,"58096.88","Salmonella enterica subsp. enterica serovar Bareilly s33423","ceftriaxone","Susceptible","","","","","","","","BVBRC","","","SIR XGBoost Model","20250225","F1 score: 0.98, CI[0.97, 1]","Computational Method","",""
58096,"58096.88","Salmonella enterica subsp. enterica serovar Bareilly s33423","cefotaxime","Susceptible","","","","","","","","BVBRC","","","SIR XGBoost Model","20250225","F1 score: 0.95, CI[0.9, 0.99]","Computational Method","",""
58096,"58096.88","Salmonella enterica subsp. enterica serovar Bareilly s33423","sulfisoxazole","Susceptible","","","","","","","","BVBRC","","","SIR XGBoost Model","20250225","F1 score: 0.99, CI[0.98, 1]","Computational Method","",""
58096,"58096.88","Salmonella enterica subsp. enterica serovar Bareilly s33423","cefoxitin","Susceptible","","","","","","","","BVBRC","","","SIR XGBoost Model","20250225","F1 score: 0.96, CI[0.93, 0.99]","Computational Method","",""
58096,"58096.88","Salmonella enterica subsp. enterica serovar Bareilly s33423","geamycin","Susceptible","","","","","","","","BVBRC","","","SIR XGBoost Model","20250225","F1 score: 0.92, CI[0.89, 0.95]","Computational Method","",""
58096,"58096.88","Salmonella enterica subsp. enterica serovar Bareilly s33423","kanamycin","Susceptible","","","","","","","","BVBRC","","","SIR XGBoost Model","20250225","F1 score: 0.86, CI[0.77, 0.95]","Computational Method","",""
58096,"58096.88","Salmonella enterica subsp. enterica serovar Bareilly s33423","nalidixic acid","Susceptible","","","","","","","","BVBRC","","","SIR XGBoost Model","20250225","F1 score: 0.95, CI[0.93, 0.96]","Computational Method","",""
58096,"58096.88","Salmonella enterica subsp. enterica serovar Bareilly s33423","pefloxacin","Susceptible","","","","","","","","BVBRC","","","SIR XGBoost Model","20250225","F1 score: 0.98, CI[0.96, 1]","Computational Method","",""
58096,"58096.88","Salmonella enterica subsp. enterica serovar Bareilly s33423","sulfamethoxazole","Susceptible","","","","","","","","BVBRC","","","SIR XGBoost Model","20250225","F1 score: 0.95, CI[0.93, 0.97]","Computational Method","",""
58096,"58096.88","Salmonella enterica subsp. enterica serovar Bareilly s33423","spectinomycin","Susceptible","","","","","","","","BVBRC","","","SIR XGBoost Model","20250225","F1 score: 0.94, CI[0.9, 0.98]","Computational Method","",""
58096,"58096.88","Salmonella enterica subsp. enterica serovar Bareilly s33423","streptomycin","Susceptible","","","","","","","","BVBRC","","","SIR XGBoost Model","20250225","F1 score: 0.94, CI[0.93, 0.96]","Computational Method","",""
58096,"58096.88","Salmonella enterica subsp. enterica serovar Bareilly s33423","co_trimoxazole","Susceptible","","","","","","","","BVBRC","","","SIR XGBoost Model","20250225","F1 score: 0.85, CI[0.82, 0.88]","Computational Method","",""
58096,"58096.88","Salmonella enterica subsp. enterica serovar Bareilly s33423","tetracycline","Susceptible","","","","","","","","BVBRC","","","SIR XGBoost Model","20250225","F1 score: 0.97, CI[0.96, 0.98]","Computational Method","",""
58096,"58096.88","Salmonella enterica subsp. enterica serovar Bareilly s33423","ceftiofur","Susceptible","","","","","","","","BVBRC","","","SIR XGBoost Model","20250225","F1 score: 0.98, CI[0.97, 1]","Computational Method","",""
58096,"58096.88","Salmonella enterica subsp. enterica serovar Bareilly s33423","trimotheprim","Susceptible","","","","","","","","BVBRC","","","SIR XGBoost Model","20250225","F1 score: 0.86, CI[0.78, 0.93]","Computational Method","",""
58096,"58096.87","Salmonella enterica subsp. enterica serovar Bareilly s34423","ampicillin_clavulanic_acid","","1.0","","1.0","mg/L","","","","BVBRC","","","MIC XGBoost Model","20250225","W1 score: 0.98, CI[0.96, 0.99]","Computational Method","",""
58096,"58096.87","Salmonella enterica subsp. enterica serovar Bareilly s34423","ampicillin","","2.0","","2.0","mg/L","","","","BVBRC","","","MIC XGBoost Model","20250225","W1 score: 0.96, CI[0.95, 0.97]","Computational Method","",""
58096,"58096.87","Salmonella enterica subsp. enterica serovar Bareilly s34423","azithromycin","","4.0","","4.0","mg/L","","","","BVBRC","","","MIC XGBoost Model","20250225","W1 score: 0.99, CI[0.98, 1]","Computational Method","",""
58096,"58096.87","Salmonella enterica subsp. enterica serovar Bareilly s34423","ceftazidime","","8.0","","8.0","mg/L","","","","BVBRC","","","MIC XGBoost Model","20250225","W1 score: 0.93, CI[0.88, 0.99]","Computational Method","",""
58096,"58096.87","Salmonella enterica subsp. enterica serovar Bareilly s34423","chloramphenicol","","8.0","","8.0","mg/L","","","","BVBRC","","","MIC XGBoost Model","20250225","W1 score: 0.99, CI[0.98, 1]","Computational Method","",""
58096,"58096.87","Salmonella enterica subsp. enterica serovar Bareilly s34423","ciprofloxacin","","0.0625","","0.0625","mg/L","","","","BVBRC","","","MIC XGBoost Model","20250225","W1 score: 0.88, CI[0.86, 0.9]","Computational Method","",""
58096,"58096.87","Salmonella enterica subsp. enterica serovar Bareilly s34423","ceftriaxone","","0.25","","0.25","mg/L","","","","BVBRC","","","MIC XGBoost Model","20250225","W1 score: 0.95, CI[0.94, 0.96]","Computational Method","",""
58096,"58096.87","Salmonella enterica subsp. enterica serovar Bareilly s34423","cefotaxime","","4.0","","4.0","mg/L","","","","BVBRC","","","MIC XGBoost Model","20250225","W1 score: 0.95, CI[0.89, 1]","Computational Method","",""
58096,"58096.87","Salmonella enterica subsp. enterica serovar Bareilly s34423","sulfisoxazole","","32.0","","32.0","mg/L","","","","BVBRC","","","MIC XGBoost Model","20250225","W1 score: 0.98, CI[0.97, 0.99]","Computational Method","",""
58096,"58096.87","Salmonella enterica subsp. enterica serovar Bareilly s34423","cefoxitin","","2.0","","2.0","mg/L","","","","BVBRC","","","MIC XGBoost Model","20250225","W1 score: 0.98, CI[0.97, 1]","Computational Method","",""
58096,"58096.87","Salmonella enterica subsp. enterica serovar Bareilly s34423","geamycin","","0.5","","0.5","mg/L","","","","BVBRC","","","MIC XGBoost Model","20250225","W1 score: 0.97, CI[0.95, 0.99]","Computational Method","",""
58096,"58096.87","Salmonella enterica subsp. enterica serovar Bareilly s34423","kanamycin","","8.0","","8.0","mg/L","","","","BVBRC","","","MIC XGBoost Model","20250225","W1 score: 0.99, CI[0.98, 1.01]","Computational Method","",""
58096,"58096.87","Salmonella enterica subsp. enterica serovar Bareilly s34423","meropenem","","0.125","","0.125","mg/L","","","","BVBRC","","","MIC XGBoost Model","20250225","W1 score: 0.95, CI[0.9, 1.01]","Computational Method","",""
58096,"58096.87","Salmonella enterica subsp. enterica serovar Bareilly s34423","nalidixic acid","","8.0","","8.0","mg/L","","","","BVBRC","","","MIC XGBoost Model","20250225","W1 score: 0.98, CI[0.97, 0.99]","Computational Method","",""
58096,"58096.87","Salmonella enterica subsp. enterica serovar Bareilly s34423","streptomycin","","16.0","","16.0","mg/L","","","","BVBRC","","","MIC XGBoost Model","20250225","W1 score: 0.92, CI[0.9, 0.93]","Computational Method","",""
58096,"58096.87","Salmonella enterica subsp. enterica serovar Bareilly s34423","co_trimoxazole","","0.125","","0.125","mg/L","","","","BVBRC","","","MIC XGBoost Model","20250225","W1 score: 0.96, CI[0.95, 0.97]","Computational Method","",""
58096,"58096.87","Salmonella enterica subsp. enterica serovar Bareilly s34423","tetracycline","","4.0","","4.0","mg/L","","","","BVBRC","","","MIC XGBoost Model","20250225","W1 score: 0.99, CI[0.98, 0.99]","Computational Method","",""
58096,"58096.87","Salmonella enterica subsp. enterica serovar Bareilly s34423","ceftiofur","","1.0","","1.0","mg/L","","","","BVBRC","","","MIC XGBoost Model","20250225","W1 score: 0.99, CI[0.98, 0.99]","Computational Method","",""
58096,"58096.87","Salmonella enterica subsp. enterica serovar Bareilly s34423","ampicillin_clavulanic_acid","Susceptible","","","","","","","","BVBRC","","","SIR XGBoost Model","20250225","F1 score: 0.96, CI[0.95, 0.97]","Computational Method","",""
58096,"58096.87","Salmonella enterica subsp. enterica serovar Bareilly s34423","ampicillin","Susceptible","","","","","","","","BVBRC","","","SIR XGBoost Model","20250225","F1 score: 0.93, CI[0.92, 0.93]","Computational Method","",""
58096,"58096.87","Salmonella enterica subsp. enterica serovar Bareilly s34423","azithromycin","Susceptible","","","","","","","","BVBRC","","","SIR XGBoost Model","20250225","F1 score: 0.92, CI[0.87, 0.98]","Computational Method","",""
58096,"58096.87","Salmonella enterica subsp. enterica serovar Bareilly s34423","chloramphenicol","Susceptible","","","","","","","","BVBRC","","","SIR XGBoost Model","20250225","F1 score: 0.9, CI[0.88, 0.91]","Computational Method","",""
58096,"58096.87","Salmonella enterica subsp. enterica serovar Bareilly s34423","ciprofloxacin","Susceptible","","","","","","","","BVBRC","","","SIR XGBoost Model","20250225","F1 score: 0.95, CI[0.93, 0.96]","Computational Method","",""
58096,"58096.87","Salmonella enterica subsp. enterica serovar Bareilly s34423","ceftriaxone","Susceptible","","","","","","","","BVBRC","","","SIR XGBoost Model","20250225","F1 score: 0.98, CI[0.97, 1]","Computational Method","",""
58096,"58096.87","Salmonella enterica subsp. enterica serovar Bareilly s34423","cefotaxime","Susceptible","","","","","","","","BVBRC","","","SIR XGBoost Model","20250225","F1 score: 0.95, CI[0.9, 0.99]","Computational Method","",""
58096,"58096.87","Salmonella enterica subsp. enterica serovar Bareilly s34423","sulfisoxazole","Susceptible","","","","","","","","BVBRC","","","SIR XGBoost Model","20250225","F1 score: 0.99, CI[0.98, 1]","Computational Method","",""
58096,"58096.87","Salmonella enterica subsp. enterica serovar Bareilly s34423","cefoxitin","Susceptible","","","","","","","","BVBRC","","","SIR XGBoost Model","20250225","F1 score: 0.96, CI[0.93, 0.99]","Computational Method","",""
58096,"58096.87","Salmonella enterica subsp. enterica serovar Bareilly s34423","geamycin","Susceptible","","","","","","","","BVBRC","","","SIR XGBoost Model","20250225","F1 score: 0.92, CI[0.89, 0.95]","Computational Method","",""
58096,"58096.87","Salmonella enterica subsp. enterica serovar Bareilly s34423","kanamycin","Susceptible","","","","","","","","BVBRC","","","SIR XGBoost Model","20250225","F1 score: 0.86, CI[0.77, 0.95]","Computational Method","",""
58096,"58096.87","Salmonella enterica subsp. enterica serovar Bareilly s34423","nalidixic acid","Susceptible","","","","","","","","BVBRC","","","SIR XGBoost Model","20250225","F1 score: 0.95, CI[0.93, 0.96]","Computational Method","",""
58096,"58096.87","Salmonella enterica subsp. enterica serovar Bareilly s34423","pefloxacin","Susceptible","","","","","","","","BVBRC","","","SIR XGBoost Model","20250225","F1 score: 0.98, CI[0.96, 1]","Computational Method","",""
58096,"58096.87","Salmonella enterica subsp. enterica serovar Bareilly s34423","sulfamethoxazole","Susceptible","","","","","","","","BVBRC","","","SIR XGBoost Model","20250225","F1 score: 0.95, CI[0.93, 0.97]","Computational Method","",""
58096,"58096.87","Salmonella enterica subsp. enterica serovar Bareilly s34423","spectinomycin","Susceptible","","","","","","","","BVBRC","","","SIR XGBoost Model","20250225","F1 score: 0.94, CI[0.9, 0.98]","Computational Method","",""
58096,"58096.87","Salmonella enterica subsp. enterica serovar Bareilly s34423","streptomycin","Susceptible","","","","","","","","BVBRC","","","SIR XGBoost Model","20250225","F1 score: 0.94, CI[0.93, 0.96]","Computational Method","",""
58096,"58096.87","Salmonella enterica subsp. enterica serovar Bareilly s34423","co_trimoxazole","Susceptible","","","","","","","","BVBRC","","","SIR XGBoost Model","20250225","F1 score: 0.85, CI[0.82, 0.88]","Computational Method","",""
58096,"58096.87","Salmonella enterica subsp. enterica serovar Bareilly s34423","tetracycline","Susceptible","","","","","","","","BVBRC","","","SIR XGBoost Model","20250225","F1 score: 0.97, CI[0.96, 0.98]","Computational Method","",""
58096,"58096.87","Salmonella enterica subsp. enterica serovar Bareilly s34423","ceftiofur","Susceptible","","","","","","","","BVBRC","","","SIR XGBoost Model","20250225","F1 score: 0.98, CI[0.97, 1]","Computational Method","",""
58096,"58096.87","Salmonella enterica subsp. enterica serovar Bareilly s34423","trimotheprim","Susceptible","","","","","","","","BVBRC","","","SIR XGBoost Model","20250225","F1 score: 0.86, CI[0.78, 0.93]","Computational Method","",""
