"Taxon ID","Genome ID","Genome Name","Antibiotic","Resistant Phenotype","Measurement","Measurement Sign","Measurement Value","Measurement Unit","Laboratory Typing Method","Laboratory Typing Method Version","Laboratory Typing Platform","Vendor","Testing Standard","Testing Standard Year","Computational Method","Computational Method Version","Computational Method Performance","Evidence","Source","PubMed"
57045,"57045.47","Salmonella enterica subsp. enterica serovar Paratyphi B strain 12-02552","colistin","Resistant","","","","","Broth dilution","","","","EUCAST","","","","","Laboratory Method","","[28962028]"
57045,"57045.45","Salmonella enterica subsp. enterica serovar Paratyphi B strain 12-00663","colistin","Resistant","","","","","Broth dilution","","","","EUCAST","","","","","Laboratory Method","","[28962028]"
57045,"57045.18","Salmonella enterica subsp. enterica serovar Paratyphi B strain 52","ceftriaxone","Susceptible","","","","","Broth dilution","","Sensititre NARMS/CMV3AGNF","Thermo Fisher Scientific","CLSI, NARMS",2015,"","","","Laboratory Method","","[29678910]"
57045,"57045.18","Salmonella enterica subsp. enterica serovar Paratyphi B strain 52","ampicillin","Susceptible","","","","","Broth dilution","","Sensititre NARMS/CMV3AGNF","Thermo Fisher Scientific","CLSI, NARMS",2015,"","","","Laboratory Method","","[29678910]"
57045,"57045.19","Salmonella enterica subsp. enterica serovar Paratyphi B strain 17","ampicillin","Susceptible","","","","","Broth dilution","","Sensititre NARMS/CMV3AGNF","Thermo Fisher Scientific","CLSI, NARMS",2015,"","","","Laboratory Method","","[29678910]"
57045,"57045.19","Salmonella enterica subsp. enterica serovar Paratyphi B strain 17","nalidixic acid","Susceptible","","","","","Broth dilution","","Sensititre NARMS/CMV3AGNF","Thermo Fisher Scientific","CLSI, NARMS",2015,"","","","Laboratory Method","","[29678910]"
57045,"57045.19","Salmonella enterica subsp. enterica serovar Paratyphi B strain 17","trimethoprim/sulfamethoxazole","Susceptible","","","","","Broth dilution","","Sensititre NARMS/CMV3AGNF","Thermo Fisher Scientific","CLSI, NARMS",2015,"","","","Laboratory Method","","[29678910]"
57045,"57045.40","Salmonella enterica subsp. enterica serovar Paratyphi B strain 12-01549","colistin","Resistant","","","","","Broth dilution","","","","EUCAST","","","","","Laboratory Method","","[28962028]"
57045,"57045.18","Salmonella enterica subsp. enterica serovar Paratyphi B strain 52","amoxicillin/clavulanic acid","Susceptible","","","","","Broth dilution","","Sensititre NARMS/CMV3AGNF","Thermo Fisher Scientific","CLSI, NARMS",2015,"","","","Laboratory Method","","[29678910]"
57045,"57045.18","Salmonella enterica subsp. enterica serovar Paratyphi B strain 52","streptomycin","Susceptible","","","","","Broth dilution","","Sensititre NARMS/CMV3AGNF","Thermo Fisher Scientific","CLSI, NARMS",2015,"","","","Laboratory Method","","[29678910]"
57045,"57045.18","Salmonella enterica subsp. enterica serovar Paratyphi B strain 52","tetracycline","Susceptible","","","","","Broth dilution","","Sensititre NARMS/CMV3AGNF","Thermo Fisher Scientific","CLSI, NARMS",2015,"","","","Laboratory Method","","[29678910]"
57045,"57045.18","Salmonella enterica subsp. enterica serovar Paratyphi B strain 52","sulfisoxazole","Susceptible","","","","","Broth dilution","","Sensititre NARMS/CMV3AGNF","Thermo Fisher Scientific","CLSI, NARMS",2015,"","","","Laboratory Method","","[29678910]"
57045,"57045.46","Salmonella enterica subsp. enterica serovar Paratyphi B strain 12-03724","colistin","Resistant","","","","","Broth dilution","","","","EUCAST","","","","","Laboratory Method","","[28962028]"
57045,"57045.19","Salmonella enterica subsp. enterica serovar Paratyphi B strain 17","tetracycline","Susceptible","","","","","Broth dilution","","Sensititre NARMS/CMV3AGNF","Thermo Fisher Scientific","CLSI, NARMS",2015,"","","","Laboratory Method","","[29678910]"
57045,"57045.55","Salmonella enterica subsp. enterica serovar Paratyphi B strain 12-02546-1","colistin","Resistant","","","","","Broth dilution","","","","EUCAST","","","","","Laboratory Method","","[28962028]"
57045,"57045.18","Salmonella enterica subsp. enterica serovar Paratyphi B strain 52","ceftiofur","Susceptible","","","","","Broth dilution","","Sensititre NARMS/CMV3AGNF","Thermo Fisher Scientific","CLSI, NARMS",2015,"","","","Laboratory Method","","[29678910]"
57045,"57045.18","Salmonella enterica subsp. enterica serovar Paratyphi B strain 52","azithromycin","Susceptible","","","","","Broth dilution","","Sensititre NARMS/CMV3AGNF","Thermo Fisher Scientific","CLSI, NARMS",2015,"","","","Laboratory Method","","[29678910]"
57045,"57045.19","Salmonella enterica subsp. enterica serovar Paratyphi B strain 17","cefoxitin","Susceptible","","","","","Broth dilution","","Sensititre NARMS/CMV3AGNF","Thermo Fisher Scientific","CLSI, NARMS",2015,"","","","Laboratory Method","","[29678910]"
57045,"57045.19","Salmonella enterica subsp. enterica serovar Paratyphi B strain 17","gentamicin","Susceptible","","","","","Broth dilution","","Sensititre NARMS/CMV3AGNF","Thermo Fisher Scientific","CLSI, NARMS",2015,"","","","Laboratory Method","","[29678910]"
57045,"57045.18","Salmonella enterica subsp. enterica serovar Paratyphi B strain 52","ciprofloxacin","Susceptible","","","","","Broth dilution","","Sensititre NARMS/CMV3AGNF","Thermo Fisher Scientific","CLSI, NARMS",2015,"","","","Laboratory Method","","[29678910]"
57045,"57045.19","Salmonella enterica subsp. enterica serovar Paratyphi B strain 17","streptomycin","Susceptible","","","","","Broth dilution","","Sensititre NARMS/CMV3AGNF","Thermo Fisher Scientific","CLSI, NARMS",2015,"","","","Laboratory Method","","[29678910]"
57045,"57045.54","Salmonella enterica subsp. enterica serovar Paratyphi B strain 12-02541","colistin","Resistant","","","","","Broth dilution","","","","EUCAST","","","","","Laboratory Method","","[28962028]"
57045,"57045.19","Salmonella enterica subsp. enterica serovar Paratyphi B strain 17","azithromycin","Susceptible","","","","","Broth dilution","","Sensititre NARMS/CMV3AGNF","Thermo Fisher Scientific","CLSI, NARMS",2015,"","","","Laboratory Method","","[29678910]"
57045,"57045.48","Salmonella enterica subsp. enterica serovar Paratyphi B strain 13-SA01718","colistin","Resistant","","","","","Broth dilution","","","","EUCAST","","","","","Laboratory Method","","[28962028]"
57045,"57045.49","Salmonella enterica subsp. enterica serovar Paratyphi B strain 12-02548","colistin","Resistant","","","","","Broth dilution","","","","EUCAST","","","","","Laboratory Method","","[28962028]"
57045,"57045.18","Salmonella enterica subsp. enterica serovar Paratyphi B strain 52","nalidixic acid","Susceptible","","","","","Broth dilution","","Sensititre NARMS/CMV3AGNF","Thermo Fisher Scientific","CLSI, NARMS",2015,"","","","Laboratory Method","","[29678910]"
57045,"57045.18","Salmonella enterica subsp. enterica serovar Paratyphi B strain 52","gentamicin","Susceptible","","","","","Broth dilution","","Sensititre NARMS/CMV3AGNF","Thermo Fisher Scientific","CLSI, NARMS",2015,"","","","Laboratory Method","","[29678910]"
57045,"57045.52","Salmonella enterica subsp. enterica serovar Paratyphi B strain 12-02539","colistin","Resistant","","","","","Broth dilution","","","","EUCAST","","","","","Laboratory Method","","[28962028]"
57045,"57045.44","Salmonella enterica subsp. enterica serovar Paratyphi B strain 12-01497","colistin","Resistant","","","","","Broth dilution","","","","EUCAST","","","","","Laboratory Method","","[28962028]"
57045,"57045.18","Salmonella enterica subsp. enterica serovar Paratyphi B strain 52","chloramphenicol","Susceptible","","","","","Broth dilution","","Sensititre NARMS/CMV3AGNF","Thermo Fisher Scientific","CLSI, NARMS",2015,"","","","Laboratory Method","","[29678910]"
57045,"57045.19","Salmonella enterica subsp. enterica serovar Paratyphi B strain 17","sulfisoxazole","Susceptible","","","","","Broth dilution","","Sensititre NARMS/CMV3AGNF","Thermo Fisher Scientific","CLSI, NARMS",2015,"","","","Laboratory Method","","[29678910]"
57045,"57045.19","Salmonella enterica subsp. enterica serovar Paratyphi B strain 17","chloramphenicol","Susceptible","","","","","Broth dilution","","Sensititre NARMS/CMV3AGNF","Thermo Fisher Scientific","CLSI, NARMS",2015,"","","","Laboratory Method","","[29678910]"
57045,"57045.50","Salmonella enterica subsp. enterica serovar Paratyphi B strain 12-02546-2","colistin","Resistant","","","","","Broth dilution","","","","EUCAST","","","","","Laboratory Method","","[28962028]"
57045,"57045.19","Salmonella enterica subsp. enterica serovar Paratyphi B strain 17","ceftiofur","Susceptible","","","","","Broth dilution","","Sensititre NARMS/CMV3AGNF","Thermo Fisher Scientific","CLSI, NARMS",2015,"","","","Laboratory Method","","[29678910]"
57045,"57045.19","Salmonella enterica subsp. enterica serovar Paratyphi B strain 17","ceftriaxone","Susceptible","","","","","Broth dilution","","Sensititre NARMS/CMV3AGNF","Thermo Fisher Scientific","CLSI, NARMS",2015,"","","","Laboratory Method","","[29678910]"
57045,"57045.43","Salmonella enterica subsp. enterica serovar Paratyphi B strain 11-00422","colistin","Resistant","","","","","Broth dilution","","","","EUCAST","","","","","Laboratory Method","","[28962028]"
57045,"57045.41","Salmonella enterica subsp. enterica serovar Paratyphi B strain 12-00619","colistin","Resistant","","","","","Broth dilution","","","","EUCAST","","","","","Laboratory Method","","[28962028]"
57045,"57045.56","Salmonella enterica subsp. enterica serovar Paratyphi B strain 12-02544","colistin","Resistant","","","","","Broth dilution","","","","EUCAST","","","","","Laboratory Method","","[28962028]"
57045,"57045.19","Salmonella enterica subsp. enterica serovar Paratyphi B strain 17","ciprofloxacin","Susceptible","","","","","Broth dilution","","Sensititre NARMS/CMV3AGNF","Thermo Fisher Scientific","CLSI, NARMS",2015,"","","","Laboratory Method","","[29678910]"
57045,"57045.42","Salmonella enterica subsp. enterica serovar Paratyphi B strain 12-00618","colistin","Resistant","","","","","Broth dilution","","","","EUCAST","","","","","Laboratory Method","","[28962028]"
57045,"57045.18","Salmonella enterica subsp. enterica serovar Paratyphi B strain 52","trimethoprim/sulfamethoxazole","Susceptible","","","","","Broth dilution","","Sensititre NARMS/CMV3AGNF","Thermo Fisher Scientific","CLSI, NARMS",2015,"","","","Laboratory Method","","[29678910]"
57045,"57045.18","Salmonella enterica subsp. enterica serovar Paratyphi B strain 52","cefoxitin","Susceptible","","","","","Broth dilution","","Sensititre NARMS/CMV3AGNF","Thermo Fisher Scientific","CLSI, NARMS",2015,"","","","Laboratory Method","","[29678910]"
57045,"57045.19","Salmonella enterica subsp. enterica serovar Paratyphi B strain 17","amoxicillin/clavulanic acid","Susceptible","","","","","Broth dilution","","Sensititre NARMS/CMV3AGNF","Thermo Fisher Scientific","CLSI, NARMS",2015,"","","","Laboratory Method","","[29678910]"
57045,"57045.10","Salmonella enterica subsp. enterica serovar Paratyphi B strain 2010CEB2598SAL","trimethoprim/sulfamethoxazole","","4.0","","4.0","mg/L","","","","","","","MIC XGBoost Model","202503101","W1 score: 0.96, CI[0.95, 0.97]","Computational Method","",""
57045,"57045.100","Salmonella enterica subsp. enterica serovar Paratyphi B B624","trimethoprim/sulfamethoxazole","","32.0","","32.0","mg/L","","","","","","","MIC XGBoost Model","202503101","W1 score: 0.96, CI[0.95, 0.97]","Computational Method","",""
57045,"57045.101","Salmonella enterica subsp. enterica serovar Paratyphi B CIPA214","trimethoprim/sulfamethoxazole","","32.0","","32.0","mg/L","","","","","","","MIC XGBoost Model","202503101","W1 score: 0.96, CI[0.95, 0.97]","Computational Method","",""
57045,"57045.102","Salmonella enterica subsp. enterica serovar Paratyphi B CIP54.100","trimethoprim/sulfamethoxazole","","32.0","","32.0","mg/L","","","","","","","MIC XGBoost Model","202503101","W1 score: 0.96, CI[0.95, 0.97]","Computational Method","",""
57045,"57045.103","Salmonella enterica subsp. enterica serovar Paratyphi B 63-90","trimethoprim/sulfamethoxazole","","32.0","","32.0","mg/L","","","","","","","MIC XGBoost Model","202503101","W1 score: 0.96, CI[0.95, 0.97]","Computational Method","",""
57045,"57045.104","Salmonella enterica subsp. enterica serovar Paratyphi B B76","trimethoprim/sulfamethoxazole","","32.0","","32.0","mg/L","","","","","","","MIC XGBoost Model","202503101","W1 score: 0.96, CI[0.95, 0.97]","Computational Method","",""
57045,"57045.11","Salmonella enterica subsp. enterica serovar Paratyphi B strain 2010CEB2956SAL","trimethoprim/sulfamethoxazole","","2.0","","2.0","mg/L","","","","","","","MIC XGBoost Model","202503101","W1 score: 0.96, CI[0.95, 0.97]","Computational Method","",""
57045,"57045.12","Salmonella enterica subsp. enterica serovar Paratyphi B strain DMS 106/76","trimethoprim/sulfamethoxazole","","0.125","","0.125","mg/L","","","","","","","MIC XGBoost Model","202503101","W1 score: 0.96, CI[0.95, 0.97]","Computational Method","",""
57045,"57045.13","Salmonella enterica subsp. enterica serovar Paratyphi B strain DMS 2471","trimethoprim/sulfamethoxazole","","0.125","","0.125","mg/L","","","","","","","MIC XGBoost Model","202503101","W1 score: 0.96, CI[0.95, 0.97]","Computational Method","",""
57045,"57045.14","Salmonella enterica subsp. enterica serovar Paratyphi B strain DMS 59/81","trimethoprim/sulfamethoxazole","","0.125","","0.125","mg/L","","","","","","","MIC XGBoost Model","202503101","W1 score: 0.96, CI[0.95, 0.97]","Computational Method","",""
57045,"57045.15","Salmonella enterica subsp. enterica serovar Paratyphi B strain DMS 3254/7/81","trimethoprim/sulfamethoxazole","","0.125","","0.125","mg/L","","","","","","","MIC XGBoost Model","202503101","W1 score: 0.96, CI[0.95, 0.97]","Computational Method","",""
57045,"57045.16","Salmonella enterica subsp. enterica serovar Paratyphi B strain BCW_4017","trimethoprim/sulfamethoxazole","","0.125","","0.125","mg/L","","","","","","","MIC XGBoost Model","202503101","W1 score: 0.96, CI[0.95, 0.97]","Computational Method","",""
57045,"57045.17","Salmonella enterica subsp. enterica serovar Paratyphi B strain BCW_2757","trimethoprim/sulfamethoxazole","","0.125","","0.125","mg/L","","","","","","","MIC XGBoost Model","202503101","W1 score: 0.96, CI[0.95, 0.97]","Computational Method","",""
57045,"57045.18","Salmonella enterica subsp. enterica serovar Paratyphi B strain 52","trimethoprim/sulfamethoxazole","","0.125","","0.125","mg/L","","","","","","","MIC XGBoost Model","202503101","W1 score: 0.96, CI[0.95, 0.97]","Computational Method","",""
57045,"57045.19","Salmonella enterica subsp. enterica serovar Paratyphi B strain 17","trimethoprim/sulfamethoxazole","","0.25","","0.25","mg/L","","","","","","","MIC XGBoost Model","202503101","W1 score: 0.96, CI[0.95, 0.97]","Computational Method","",""
57045,"57045.20","Salmonella enterica subsp. enterica serovar Paratyphi B strain RML 7856","trimethoprim/sulfamethoxazole","","1.0","","1.0","mg/L","","","","","","","MIC XGBoost Model","202503101","W1 score: 0.96, CI[0.95, 0.97]","Computational Method","",""
57045,"57045.21","Salmonella enterica subsp. enterica serovar Paratyphi B strain RPO 6464","trimethoprim/sulfamethoxazole","","0.125","","0.125","mg/L","","","","","","","MIC XGBoost Model","202503101","W1 score: 0.96, CI[0.95, 0.97]","Computational Method","",""
57045,"57045.22","Salmonella enterica subsp. enterica serovar Paratyphi B strain JSV 7371","trimethoprim/sulfamethoxazole","","0.125","","0.125","mg/L","","","","","","","MIC XGBoost Model","202503101","W1 score: 0.96, CI[0.95, 0.97]","Computational Method","",""
57045,"57045.23","Salmonella enterica subsp. enterica serovar Paratyphi B strain 7020","trimethoprim/sulfamethoxazole","","0.125","","0.125","mg/L","","","","","","","MIC XGBoost Model","202503101","W1 score: 0.96, CI[0.95, 0.97]","Computational Method","",""
57045,"57045.24","Salmonella enterica subsp. enterica serovar Paratyphi B strain PMP 2097","trimethoprim/sulfamethoxazole","","0.125","","0.125","mg/L","","","","","","","MIC XGBoost Model","202503101","W1 score: 0.96, CI[0.95, 0.97]","Computational Method","",""
57045,"57045.25","Salmonella enterica subsp. enterica serovar Paratyphi B strain MUG 6222","trimethoprim/sulfamethoxazole","","0.125","","0.125","mg/L","","","","","","","MIC XGBoost Model","202503101","W1 score: 0.96, CI[0.95, 0.97]","Computational Method","",""
57045,"57045.26","Salmonella enterica subsp. enterica serovar Paratyphi B strain MNZ 6203","trimethoprim/sulfamethoxazole","","0.125","","0.125","mg/L","","","","","","","MIC XGBoost Model","202503101","W1 score: 0.96, CI[0.95, 0.97]","Computational Method","",""
57045,"57045.27","Salmonella enterica subsp. enterica serovar Paratyphi B strain ELB 6380","trimethoprim/sulfamethoxazole","","0.125","","0.125","mg/L","","","","","","","MIC XGBoost Model","202503101","W1 score: 0.96, CI[0.95, 0.97]","Computational Method","",""
57045,"57045.28","Salmonella enterica subsp. enterica serovar Paratyphi B strain DB 7403","trimethoprim/sulfamethoxazole","","0.125","","0.125","mg/L","","","","","","","MIC XGBoost Model","202503101","W1 score: 0.96, CI[0.95, 0.97]","Computational Method","",""
57045,"57045.29","Salmonella enterica subsp. enterica serovar Paratyphi B strain BAS 9","trimethoprim/sulfamethoxazole","","0.125","","0.125","mg/L","","","","","","","MIC XGBoost Model","202503101","W1 score: 0.96, CI[0.95, 0.97]","Computational Method","",""
57045,"57045.30","Salmonella enterica subsp. enterica serovar Paratyphi B strain FTP 81","trimethoprim/sulfamethoxazole","","0.25","","0.25","mg/L","","","","","","","MIC XGBoost Model","202503101","W1 score: 0.96, CI[0.95, 0.97]","Computational Method","",""
57045,"57045.31","Salmonella enterica subsp. enterica serovar Paratyphi B strain CMF 6999","trimethoprim/sulfamethoxazole","","0.125","","0.125","mg/L","","","","","","","MIC XGBoost Model","202503101","W1 score: 0.96, CI[0.95, 0.97]","Computational Method","",""
57045,"57045.32","Salmonella enterica subsp. enterica serovar Paratyphi B strain 6198","trimethoprim/sulfamethoxazole","","0.125","","0.125","mg/L","","","","","","","MIC XGBoost Model","202503101","W1 score: 0.96, CI[0.95, 0.97]","Computational Method","",""
57045,"57045.33","Salmonella enterica subsp. enterica serovar Paratyphi B strain 5644","trimethoprim/sulfamethoxazole","","0.125","","0.125","mg/L","","","","","","","MIC XGBoost Model","202503101","W1 score: 0.96, CI[0.95, 0.97]","Computational Method","",""
57045,"57045.40","Salmonella enterica subsp. enterica serovar Paratyphi B strain 12-01549","trimethoprim/sulfamethoxazole","","8.0","","8.0","mg/L","","","","","","","MIC XGBoost Model","202503101","W1 score: 0.96, CI[0.95, 0.97]","Computational Method","",""
57045,"57045.41","Salmonella enterica subsp. enterica serovar Paratyphi B strain 12-00619","trimethoprim/sulfamethoxazole","","2.0","","2.0","mg/L","","","","","","","MIC XGBoost Model","202503101","W1 score: 0.96, CI[0.95, 0.97]","Computational Method","",""
57045,"57045.42","Salmonella enterica subsp. enterica serovar Paratyphi B strain 12-00618","trimethoprim/sulfamethoxazole","","8.0","","8.0","mg/L","","","","","","","MIC XGBoost Model","202503101","W1 score: 0.96, CI[0.95, 0.97]","Computational Method","",""
57045,"57045.43","Salmonella enterica subsp. enterica serovar Paratyphi B strain 11-00422","trimethoprim/sulfamethoxazole","","8.0","","8.0","mg/L","","","","","","","MIC XGBoost Model","202503101","W1 score: 0.96, CI[0.95, 0.97]","Computational Method","",""
57045,"57045.44","Salmonella enterica subsp. enterica serovar Paratyphi B strain 12-01497","trimethoprim/sulfamethoxazole","","8.0","","8.0","mg/L","","","","","","","MIC XGBoost Model","202503101","W1 score: 0.96, CI[0.95, 0.97]","Computational Method","",""
57045,"57045.45","Salmonella enterica subsp. enterica serovar Paratyphi B strain 12-00663","trimethoprim/sulfamethoxazole","","8.0","","8.0","mg/L","","","","","","","MIC XGBoost Model","202503101","W1 score: 0.96, CI[0.95, 0.97]","Computational Method","",""
57045,"57045.46","Salmonella enterica subsp. enterica serovar Paratyphi B strain 12-03724","trimethoprim/sulfamethoxazole","","8.0","","8.0","mg/L","","","","","","","MIC XGBoost Model","202503101","W1 score: 0.96, CI[0.95, 0.97]","Computational Method","",""
57045,"57045.47","Salmonella enterica subsp. enterica serovar Paratyphi B strain 12-02552","trimethoprim/sulfamethoxazole","","8.0","","8.0","mg/L","","","","","","","MIC XGBoost Model","202503101","W1 score: 0.96, CI[0.95, 0.97]","Computational Method","",""
57045,"57045.48","Salmonella enterica subsp. enterica serovar Paratyphi B strain 13-SA01718","trimethoprim/sulfamethoxazole","","8.0","","8.0","mg/L","","","","","","","MIC XGBoost Model","202503101","W1 score: 0.96, CI[0.95, 0.97]","Computational Method","",""
57045,"57045.49","Salmonella enterica subsp. enterica serovar Paratyphi B strain 12-02548","trimethoprim/sulfamethoxazole","","8.0","","8.0","mg/L","","","","","","","MIC XGBoost Model","202503101","W1 score: 0.96, CI[0.95, 0.97]","Computational Method","",""
57045,"57045.50","Salmonella enterica subsp. enterica serovar Paratyphi B strain 12-02546-2","trimethoprim/sulfamethoxazole","","8.0","","8.0","mg/L","","","","","","","MIC XGBoost Model","202503101","W1 score: 0.96, CI[0.95, 0.97]","Computational Method","",""
57045,"57045.52","Salmonella enterica subsp. enterica serovar Paratyphi B strain 12-02539","trimethoprim/sulfamethoxazole","","8.0","","8.0","mg/L","","","","","","","MIC XGBoost Model","202503101","W1 score: 0.96, CI[0.95, 0.97]","Computational Method","",""
57045,"57045.54","Salmonella enterica subsp. enterica serovar Paratyphi B strain 12-02541","trimethoprim/sulfamethoxazole","","8.0","","8.0","mg/L","","","","","","","MIC XGBoost Model","202503101","W1 score: 0.96, CI[0.95, 0.97]","Computational Method","",""
57045,"57045.55","Salmonella enterica subsp. enterica serovar Paratyphi B strain 12-02546-1","trimethoprim/sulfamethoxazole","","8.0","","8.0","mg/L","","","","","","","MIC XGBoost Model","202503101","W1 score: 0.96, CI[0.95, 0.97]","Computational Method","",""
57045,"57045.56","Salmonella enterica subsp. enterica serovar Paratyphi B strain 12-02544","trimethoprim/sulfamethoxazole","","8.0","","8.0","mg/L","","","","","","","MIC XGBoost Model","202503101","W1 score: 0.96, CI[0.95, 0.97]","Computational Method","",""
57045,"57045.58","Salmonella enterica subsp. enterica serovar Paratyphi B strain ZC-S1711","trimethoprim/sulfamethoxazole","","0.125","","0.125","mg/L","","","","","","","MIC XGBoost Model","202503101","W1 score: 0.96, CI[0.95, 0.97]","Computational Method","",""
57045,"57045.59","Salmonella enterica subsp. enterica serovar Paratyphi B strain CICC 10437","trimethoprim/sulfamethoxazole","","0.125","","0.125","mg/L","","","","","","","MIC XGBoost Model","202503101","W1 score: 0.96, CI[0.95, 0.97]","Computational Method","",""
57045,"57045.6","Salmonella enterica subsp. enterica serovar Paratyphi B strain 2012CEB2196SAL","trimethoprim/sulfamethoxazole","","4.0","","4.0","mg/L","","","","","","","MIC XGBoost Model","202503101","W1 score: 0.96, CI[0.95, 0.97]","Computational Method","",""
57045,"57045.60","Salmonella enterica subsp. enterica serovar Paratyphi B strain ZC-S1711","trimethoprim/sulfamethoxazole","","0.125","","0.125","mg/L","","","","","","","MIC XGBoost Model","202503101","W1 score: 0.96, CI[0.95, 0.97]","Computational Method","",""
57045,"57045.61","Salmonella enterica subsp. enterica serovar Paratyphi B strain CICC 10437","trimethoprim/sulfamethoxazole","","0.125","","0.125","mg/L","","","","","","","MIC XGBoost Model","202503101","W1 score: 0.96, CI[0.95, 0.97]","Computational Method","",""
57045,"57045.69","Salmonella enterica subsp. enterica serovar Paratyphi B strain ZC-S1711","trimethoprim/sulfamethoxazole","","0.125","","0.125","mg/L","","","","","","","MIC XGBoost Model","202503101","W1 score: 0.96, CI[0.95, 0.97]","Computational Method","",""
57045,"57045.7","Salmonella enterica subsp. enterica serovar Paratyphi B strain 2012CEB4337SAL","trimethoprim/sulfamethoxazole","","0.25","","0.25","mg/L","","","","","","","MIC XGBoost Model","202503101","W1 score: 0.96, CI[0.95, 0.97]","Computational Method","",""
57045,"57045.70","Salmonella enterica subsp. enterica serovar Paratyphi B strain CICC 10437","trimethoprim/sulfamethoxazole","","0.125","","0.125","mg/L","","","","","","","MIC XGBoost Model","202503101","W1 score: 0.96, CI[0.95, 0.97]","Computational Method","",""
57045,"57045.8","Salmonella enterica subsp. enterica serovar Paratyphi B strain 2008CEB2743SAL","trimethoprim/sulfamethoxazole","","4.0","","4.0","mg/L","","","","","","","MIC XGBoost Model","202503101","W1 score: 0.96, CI[0.95, 0.97]","Computational Method","",""
57045,"57045.80","Salmonella enterica subsp. enterica serovar Paratyphi B strain ZC-S1711","trimethoprim/sulfamethoxazole","","0.125","","0.125","mg/L","","","","","","","MIC XGBoost Model","202503101","W1 score: 0.96, CI[0.95, 0.97]","Computational Method","",""
57045,"57045.81","Salmonella enterica subsp. enterica serovar Paratyphi B strain CICC 10437","trimethoprim/sulfamethoxazole","","0.125","","0.125","mg/L","","","","","","","MIC XGBoost Model","202503101","W1 score: 0.96, CI[0.95, 0.97]","Computational Method","",""
57045,"57045.82","Salmonella enterica subsp. enterica serovar Paratyphi B ZC-S1711","trimethoprim/sulfamethoxazole","","0.125","","0.125","mg/L","","","","","","","MIC XGBoost Model","202503101","W1 score: 0.96, CI[0.95, 0.97]","Computational Method","",""
57045,"57045.83","Salmonella enterica subsp. enterica serovar Paratyphi B CICC 10437","trimethoprim/sulfamethoxazole","","0.125","","0.125","mg/L","","","","","","","MIC XGBoost Model","202503101","W1 score: 0.96, CI[0.95, 0.97]","Computational Method","",""
57045,"57045.85","Salmonella enterica subsp. enterica serovar Paratyphi B BMHB596","trimethoprim/sulfamethoxazole","","0.25","","0.25","mg/L","","","","","","","MIC XGBoost Model","202503101","W1 score: 0.96, CI[0.95, 0.97]","Computational Method","",""
57045,"57045.86","Salmonella enterica subsp. enterica serovar Paratyphi B SZ21B23","trimethoprim/sulfamethoxazole","","0.125","","0.125","mg/L","","","","","","","MIC XGBoost Model","202503101","W1 score: 0.96, CI[0.95, 0.97]","Computational Method","",""
57045,"57045.87","Salmonella enterica subsp. enterica serovar Paratyphi B SZ21B16","trimethoprim/sulfamethoxazole","","0.125","","0.125","mg/L","","","","","","","MIC XGBoost Model","202503101","W1 score: 0.96, CI[0.95, 0.97]","Computational Method","",""
57045,"57045.88","Salmonella enterica subsp. enterica serovar Paratyphi B PS_Mu_4_2021","trimethoprim/sulfamethoxazole","","4.0","","4.0","mg/L","","","","","","","MIC XGBoost Model","202503101","W1 score: 0.96, CI[0.95, 0.97]","Computational Method","",""
57045,"57045.89","Salmonella enterica subsp. enterica serovar Paratyphi B 22-SA01722-0","trimethoprim/sulfamethoxazole","","0.125","","0.125","mg/L","","","","","","","MIC XGBoost Model","202503101","W1 score: 0.96, CI[0.95, 0.97]","Computational Method","",""
57045,"57045.9","Salmonella enterica subsp. enterica serovar Paratyphi B strain 2012CEB707SAL","trimethoprim/sulfamethoxazole","","4.0","","4.0","mg/L","","","","","","","MIC XGBoost Model","202503101","W1 score: 0.96, CI[0.95, 0.97]","Computational Method","",""
57045,"57045.90","Salmonella enterica subsp. enterica serovar Paratyphi B 1_2021","trimethoprim/sulfamethoxazole","","4.0","","4.0","mg/L","","","","","","","MIC XGBoost Model","202503101","W1 score: 0.96, CI[0.95, 0.97]","Computational Method","",""
57045,"57045.92","Salmonella enterica subsp. enterica serovar Paratyphi B CRHE79","trimethoprim/sulfamethoxazole","","0.125","","0.125","mg/L","","","","","","","MIC XGBoost Model","202503101","W1 score: 0.96, CI[0.95, 0.97]","Computational Method","",""
57045,"57045.93","Salmonella enterica subsp. enterica serovar Paratyphi B B2590","trimethoprim/sulfamethoxazole","","32.0","","32.0","mg/L","","","","","","","MIC XGBoost Model","202503101","W1 score: 0.96, CI[0.95, 0.97]","Computational Method","",""
57045,"57045.94","Salmonella enterica subsp. enterica serovar Paratyphi B B1655","trimethoprim/sulfamethoxazole","","32.0","","32.0","mg/L","","","","","","","MIC XGBoost Model","202503101","W1 score: 0.96, CI[0.95, 0.97]","Computational Method","",""
57045,"57045.95","Salmonella enterica subsp. enterica serovar Paratyphi B B1727","trimethoprim/sulfamethoxazole","","32.0","","32.0","mg/L","","","","","","","MIC XGBoost Model","202503101","W1 score: 0.96, CI[0.95, 0.97]","Computational Method","",""
57045,"57045.96","Salmonella enterica subsp. enterica serovar Paratyphi B B2227","trimethoprim/sulfamethoxazole","","32.0","","32.0","mg/L","","","","","","","MIC XGBoost Model","202503101","W1 score: 0.96, CI[0.95, 0.97]","Computational Method","",""
57045,"57045.97","Salmonella enterica subsp. enterica serovar Paratyphi B CIP54.115","trimethoprim/sulfamethoxazole","","32.0","","32.0","mg/L","","","","","","","MIC XGBoost Model","202503101","W1 score: 0.96, CI[0.95, 0.97]","Computational Method","",""
57045,"57045.98","Salmonella enterica subsp. enterica serovar Paratyphi B B97","trimethoprim/sulfamethoxazole","","32.0","","32.0","mg/L","","","","","","","MIC XGBoost Model","202503101","W1 score: 0.96, CI[0.95, 0.97]","Computational Method","",""
57045,"57045.99","Salmonella enterica subsp. enterica serovar Paratyphi B B62","trimethoprim/sulfamethoxazole","","32.0","","32.0","mg/L","","","","","","","MIC XGBoost Model","202503101","W1 score: 0.96, CI[0.95, 0.97]","Computational Method","",""
57045,"57045.10","Salmonella enterica subsp. enterica serovar Paratyphi B strain 2010CEB2598SAL","trimethoprim/sulfamethoxazole","Resistant","","","","","","","","","","","SIR XGBoost Model","202503101","F1 score: 0.85, CI[0.82, 0.88]","Computational Method","",""
57045,"57045.100","Salmonella enterica subsp. enterica serovar Paratyphi B B624","trimethoprim/sulfamethoxazole","Susceptible","","","","","","","","","","","SIR XGBoost Model","202503101","F1 score: 0.85, CI[0.82, 0.88]","Computational Method","",""
57045,"57045.101","Salmonella enterica subsp. enterica serovar Paratyphi B CIPA214","trimethoprim/sulfamethoxazole","Susceptible","","","","","","","","","","","SIR XGBoost Model","202503101","F1 score: 0.85, CI[0.82, 0.88]","Computational Method","",""
57045,"57045.102","Salmonella enterica subsp. enterica serovar Paratyphi B CIP54.100","trimethoprim/sulfamethoxazole","Susceptible","","","","","","","","","","","SIR XGBoost Model","202503101","F1 score: 0.85, CI[0.82, 0.88]","Computational Method","",""
57045,"57045.103","Salmonella enterica subsp. enterica serovar Paratyphi B 63-90","trimethoprim/sulfamethoxazole","Susceptible","","","","","","","","","","","SIR XGBoost Model","202503101","F1 score: 0.85, CI[0.82, 0.88]","Computational Method","",""
57045,"57045.104","Salmonella enterica subsp. enterica serovar Paratyphi B B76","trimethoprim/sulfamethoxazole","Susceptible","","","","","","","","","","","SIR XGBoost Model","202503101","F1 score: 0.85, CI[0.82, 0.88]","Computational Method","",""
57045,"57045.11","Salmonella enterica subsp. enterica serovar Paratyphi B strain 2010CEB2956SAL","trimethoprim/sulfamethoxazole","Susceptible","","","","","","","","","","","SIR XGBoost Model","202503101","F1 score: 0.85, CI[0.82, 0.88]","Computational Method","",""
57045,"57045.12","Salmonella enterica subsp. enterica serovar Paratyphi B strain DMS 106/76","trimethoprim/sulfamethoxazole","Susceptible","","","","","","","","","","","SIR XGBoost Model","202503101","F1 score: 0.85, CI[0.82, 0.88]","Computational Method","",""
57045,"57045.13","Salmonella enterica subsp. enterica serovar Paratyphi B strain DMS 2471","trimethoprim/sulfamethoxazole","Susceptible","","","","","","","","","","","SIR XGBoost Model","202503101","F1 score: 0.85, CI[0.82, 0.88]","Computational Method","",""
57045,"57045.14","Salmonella enterica subsp. enterica serovar Paratyphi B strain DMS 59/81","trimethoprim/sulfamethoxazole","Susceptible","","","","","","","","","","","SIR XGBoost Model","202503101","F1 score: 0.85, CI[0.82, 0.88]","Computational Method","",""
57045,"57045.15","Salmonella enterica subsp. enterica serovar Paratyphi B strain DMS 3254/7/81","trimethoprim/sulfamethoxazole","Susceptible","","","","","","","","","","","SIR XGBoost Model","202503101","F1 score: 0.85, CI[0.82, 0.88]","Computational Method","",""
57045,"57045.16","Salmonella enterica subsp. enterica serovar Paratyphi B strain BCW_4017","trimethoprim/sulfamethoxazole","Susceptible","","","","","","","","","","","SIR XGBoost Model","202503101","F1 score: 0.85, CI[0.82, 0.88]","Computational Method","",""
57045,"57045.17","Salmonella enterica subsp. enterica serovar Paratyphi B strain BCW_2757","trimethoprim/sulfamethoxazole","Susceptible","","","","","","","","","","","SIR XGBoost Model","202503101","F1 score: 0.85, CI[0.82, 0.88]","Computational Method","",""
57045,"57045.18","Salmonella enterica subsp. enterica serovar Paratyphi B strain 52","trimethoprim/sulfamethoxazole","Susceptible","","","","","","","","","","","SIR XGBoost Model","202503101","F1 score: 0.85, CI[0.82, 0.88]","Computational Method","",""
57045,"57045.19","Salmonella enterica subsp. enterica serovar Paratyphi B strain 17","trimethoprim/sulfamethoxazole","Susceptible","","","","","","","","","","","SIR XGBoost Model","202503101","F1 score: 0.85, CI[0.82, 0.88]","Computational Method","",""
57045,"57045.20","Salmonella enterica subsp. enterica serovar Paratyphi B strain RML 7856","trimethoprim/sulfamethoxazole","Susceptible","","","","","","","","","","","SIR XGBoost Model","202503101","F1 score: 0.85, CI[0.82, 0.88]","Computational Method","",""
57045,"57045.21","Salmonella enterica subsp. enterica serovar Paratyphi B strain RPO 6464","trimethoprim/sulfamethoxazole","Susceptible","","","","","","","","","","","SIR XGBoost Model","202503101","F1 score: 0.85, CI[0.82, 0.88]","Computational Method","",""
57045,"57045.22","Salmonella enterica subsp. enterica serovar Paratyphi B strain JSV 7371","trimethoprim/sulfamethoxazole","Susceptible","","","","","","","","","","","SIR XGBoost Model","202503101","F1 score: 0.85, CI[0.82, 0.88]","Computational Method","",""
57045,"57045.23","Salmonella enterica subsp. enterica serovar Paratyphi B strain 7020","trimethoprim/sulfamethoxazole","Susceptible","","","","","","","","","","","SIR XGBoost Model","202503101","F1 score: 0.85, CI[0.82, 0.88]","Computational Method","",""
57045,"57045.24","Salmonella enterica subsp. enterica serovar Paratyphi B strain PMP 2097","trimethoprim/sulfamethoxazole","Susceptible","","","","","","","","","","","SIR XGBoost Model","202503101","F1 score: 0.85, CI[0.82, 0.88]","Computational Method","",""
57045,"57045.25","Salmonella enterica subsp. enterica serovar Paratyphi B strain MUG 6222","trimethoprim/sulfamethoxazole","Susceptible","","","","","","","","","","","SIR XGBoost Model","202503101","F1 score: 0.85, CI[0.82, 0.88]","Computational Method","",""
57045,"57045.26","Salmonella enterica subsp. enterica serovar Paratyphi B strain MNZ 6203","trimethoprim/sulfamethoxazole","Susceptible","","","","","","","","","","","SIR XGBoost Model","202503101","F1 score: 0.85, CI[0.82, 0.88]","Computational Method","",""
57045,"57045.27","Salmonella enterica subsp. enterica serovar Paratyphi B strain ELB 6380","trimethoprim/sulfamethoxazole","Susceptible","","","","","","","","","","","SIR XGBoost Model","202503101","F1 score: 0.85, CI[0.82, 0.88]","Computational Method","",""
57045,"57045.28","Salmonella enterica subsp. enterica serovar Paratyphi B strain DB 7403","trimethoprim/sulfamethoxazole","Susceptible","","","","","","","","","","","SIR XGBoost Model","202503101","F1 score: 0.85, CI[0.82, 0.88]","Computational Method","",""
57045,"57045.29","Salmonella enterica subsp. enterica serovar Paratyphi B strain BAS 9","trimethoprim/sulfamethoxazole","Susceptible","","","","","","","","","","","SIR XGBoost Model","202503101","F1 score: 0.85, CI[0.82, 0.88]","Computational Method","",""
57045,"57045.30","Salmonella enterica subsp. enterica serovar Paratyphi B strain FTP 81","trimethoprim/sulfamethoxazole","Susceptible","","","","","","","","","","","SIR XGBoost Model","202503101","F1 score: 0.85, CI[0.82, 0.88]","Computational Method","",""
57045,"57045.31","Salmonella enterica subsp. enterica serovar Paratyphi B strain CMF 6999","trimethoprim/sulfamethoxazole","Susceptible","","","","","","","","","","","SIR XGBoost Model","202503101","F1 score: 0.85, CI[0.82, 0.88]","Computational Method","",""
57045,"57045.32","Salmonella enterica subsp. enterica serovar Paratyphi B strain 6198","trimethoprim/sulfamethoxazole","Susceptible","","","","","","","","","","","SIR XGBoost Model","202503101","F1 score: 0.85, CI[0.82, 0.88]","Computational Method","",""
57045,"57045.33","Salmonella enterica subsp. enterica serovar Paratyphi B strain 5644","trimethoprim/sulfamethoxazole","Susceptible","","","","","","","","","","","SIR XGBoost Model","202503101","F1 score: 0.85, CI[0.82, 0.88]","Computational Method","",""
57045,"57045.40","Salmonella enterica subsp. enterica serovar Paratyphi B strain 12-01549","trimethoprim/sulfamethoxazole","Resistant","","","","","","","","","","","SIR XGBoost Model","202503101","F1 score: 0.85, CI[0.82, 0.88]","Computational Method","",""
57045,"57045.41","Salmonella enterica subsp. enterica serovar Paratyphi B strain 12-00619","trimethoprim/sulfamethoxazole","Susceptible","","","","","","","","","","","SIR XGBoost Model","202503101","F1 score: 0.85, CI[0.82, 0.88]","Computational Method","",""
57045,"57045.42","Salmonella enterica subsp. enterica serovar Paratyphi B strain 12-00618","trimethoprim/sulfamethoxazole","Susceptible","","","","","","","","","","","SIR XGBoost Model","202503101","F1 score: 0.85, CI[0.82, 0.88]","Computational Method","",""
57045,"57045.43","Salmonella enterica subsp. enterica serovar Paratyphi B strain 11-00422","trimethoprim/sulfamethoxazole","Resistant","","","","","","","","","","","SIR XGBoost Model","202503101","F1 score: 0.85, CI[0.82, 0.88]","Computational Method","",""
57045,"57045.44","Salmonella enterica subsp. enterica serovar Paratyphi B strain 12-01497","trimethoprim/sulfamethoxazole","Resistant","","","","","","","","","","","SIR XGBoost Model","202503101","F1 score: 0.85, CI[0.82, 0.88]","Computational Method","",""
57045,"57045.45","Salmonella enterica subsp. enterica serovar Paratyphi B strain 12-00663","trimethoprim/sulfamethoxazole","Susceptible","","","","","","","","","","","SIR XGBoost Model","202503101","F1 score: 0.85, CI[0.82, 0.88]","Computational Method","",""
57045,"57045.46","Salmonella enterica subsp. enterica serovar Paratyphi B strain 12-03724","trimethoprim/sulfamethoxazole","Resistant","","","","","","","","","","","SIR XGBoost Model","202503101","F1 score: 0.85, CI[0.82, 0.88]","Computational Method","",""
57045,"57045.47","Salmonella enterica subsp. enterica serovar Paratyphi B strain 12-02552","trimethoprim/sulfamethoxazole","Susceptible","","","","","","","","","","","SIR XGBoost Model","202503101","F1 score: 0.85, CI[0.82, 0.88]","Computational Method","",""
57045,"57045.48","Salmonella enterica subsp. enterica serovar Paratyphi B strain 13-SA01718","trimethoprim/sulfamethoxazole","Resistant","","","","","","","","","","","SIR XGBoost Model","202503101","F1 score: 0.85, CI[0.82, 0.88]","Computational Method","",""
57045,"57045.49","Salmonella enterica subsp. enterica serovar Paratyphi B strain 12-02548","trimethoprim/sulfamethoxazole","Resistant","","","","","","","","","","","SIR XGBoost Model","202503101","F1 score: 0.85, CI[0.82, 0.88]","Computational Method","",""
57045,"57045.50","Salmonella enterica subsp. enterica serovar Paratyphi B strain 12-02546-2","trimethoprim/sulfamethoxazole","Resistant","","","","","","","","","","","SIR XGBoost Model","202503101","F1 score: 0.85, CI[0.82, 0.88]","Computational Method","",""
57045,"57045.52","Salmonella enterica subsp. enterica serovar Paratyphi B strain 12-02539","trimethoprim/sulfamethoxazole","Susceptible","","","","","","","","","","","SIR XGBoost Model","202503101","F1 score: 0.85, CI[0.82, 0.88]","Computational Method","",""
57045,"57045.54","Salmonella enterica subsp. enterica serovar Paratyphi B strain 12-02541","trimethoprim/sulfamethoxazole","Resistant","","","","","","","","","","","SIR XGBoost Model","202503101","F1 score: 0.85, CI[0.82, 0.88]","Computational Method","",""
57045,"57045.55","Salmonella enterica subsp. enterica serovar Paratyphi B strain 12-02546-1","trimethoprim/sulfamethoxazole","Resistant","","","","","","","","","","","SIR XGBoost Model","202503101","F1 score: 0.85, CI[0.82, 0.88]","Computational Method","",""
57045,"57045.56","Salmonella enterica subsp. enterica serovar Paratyphi B strain 12-02544","trimethoprim/sulfamethoxazole","Resistant","","","","","","","","","","","SIR XGBoost Model","202503101","F1 score: 0.85, CI[0.82, 0.88]","Computational Method","",""
57045,"57045.58","Salmonella enterica subsp. enterica serovar Paratyphi B strain ZC-S1711","trimethoprim/sulfamethoxazole","Susceptible","","","","","","","","","","","SIR XGBoost Model","202503101","F1 score: 0.85, CI[0.82, 0.88]","Computational Method","",""
57045,"57045.59","Salmonella enterica subsp. enterica serovar Paratyphi B strain CICC 10437","trimethoprim/sulfamethoxazole","Susceptible","","","","","","","","","","","SIR XGBoost Model","202503101","F1 score: 0.85, CI[0.82, 0.88]","Computational Method","",""
57045,"57045.6","Salmonella enterica subsp. enterica serovar Paratyphi B strain 2012CEB2196SAL","trimethoprim/sulfamethoxazole","Resistant","","","","","","","","","","","SIR XGBoost Model","202503101","F1 score: 0.85, CI[0.82, 0.88]","Computational Method","",""
57045,"57045.60","Salmonella enterica subsp. enterica serovar Paratyphi B strain ZC-S1711","trimethoprim/sulfamethoxazole","Susceptible","","","","","","","","","","","SIR XGBoost Model","202503101","F1 score: 0.85, CI[0.82, 0.88]","Computational Method","",""
57045,"57045.61","Salmonella enterica subsp. enterica serovar Paratyphi B strain CICC 10437","trimethoprim/sulfamethoxazole","Susceptible","","","","","","","","","","","SIR XGBoost Model","202503101","F1 score: 0.85, CI[0.82, 0.88]","Computational Method","",""
57045,"57045.69","Salmonella enterica subsp. enterica serovar Paratyphi B strain ZC-S1711","trimethoprim/sulfamethoxazole","Susceptible","","","","","","","","","","","SIR XGBoost Model","202503101","F1 score: 0.85, CI[0.82, 0.88]","Computational Method","",""
57045,"57045.7","Salmonella enterica subsp. enterica serovar Paratyphi B strain 2012CEB4337SAL","trimethoprim/sulfamethoxazole","Resistant","","","","","","","","","","","SIR XGBoost Model","202503101","F1 score: 0.85, CI[0.82, 0.88]","Computational Method","",""
57045,"57045.70","Salmonella enterica subsp. enterica serovar Paratyphi B strain CICC 10437","trimethoprim/sulfamethoxazole","Susceptible","","","","","","","","","","","SIR XGBoost Model","202503101","F1 score: 0.85, CI[0.82, 0.88]","Computational Method","",""
57045,"57045.8","Salmonella enterica subsp. enterica serovar Paratyphi B strain 2008CEB2743SAL","trimethoprim/sulfamethoxazole","Resistant","","","","","","","","","","","SIR XGBoost Model","202503101","F1 score: 0.85, CI[0.82, 0.88]","Computational Method","",""
57045,"57045.80","Salmonella enterica subsp. enterica serovar Paratyphi B strain ZC-S1711","trimethoprim/sulfamethoxazole","Susceptible","","","","","","","","","","","SIR XGBoost Model","202503101","F1 score: 0.85, CI[0.82, 0.88]","Computational Method","",""
57045,"57045.81","Salmonella enterica subsp. enterica serovar Paratyphi B strain CICC 10437","trimethoprim/sulfamethoxazole","Susceptible","","","","","","","","","","","SIR XGBoost Model","202503101","F1 score: 0.85, CI[0.82, 0.88]","Computational Method","",""
57045,"57045.82","Salmonella enterica subsp. enterica serovar Paratyphi B ZC-S1711","trimethoprim/sulfamethoxazole","Susceptible","","","","","","","","","","","SIR XGBoost Model","202503101","F1 score: 0.85, CI[0.82, 0.88]","Computational Method","",""
57045,"57045.83","Salmonella enterica subsp. enterica serovar Paratyphi B CICC 10437","trimethoprim/sulfamethoxazole","Susceptible","","","","","","","","","","","SIR XGBoost Model","202503101","F1 score: 0.85, CI[0.82, 0.88]","Computational Method","",""
57045,"57045.85","Salmonella enterica subsp. enterica serovar Paratyphi B BMHB596","trimethoprim/sulfamethoxazole","Susceptible","","","","","","","","","","","SIR XGBoost Model","202503101","F1 score: 0.85, CI[0.82, 0.88]","Computational Method","",""
57045,"57045.86","Salmonella enterica subsp. enterica serovar Paratyphi B SZ21B23","trimethoprim/sulfamethoxazole","Susceptible","","","","","","","","","","","SIR XGBoost Model","202503101","F1 score: 0.85, CI[0.82, 0.88]","Computational Method","",""
57045,"57045.87","Salmonella enterica subsp. enterica serovar Paratyphi B SZ21B16","trimethoprim/sulfamethoxazole","Susceptible","","","","","","","","","","","SIR XGBoost Model","202503101","F1 score: 0.85, CI[0.82, 0.88]","Computational Method","",""
57045,"57045.88","Salmonella enterica subsp. enterica serovar Paratyphi B PS_Mu_4_2021","trimethoprim/sulfamethoxazole","Resistant","","","","","","","","","","","SIR XGBoost Model","202503101","F1 score: 0.85, CI[0.82, 0.88]","Computational Method","",""
57045,"57045.89","Salmonella enterica subsp. enterica serovar Paratyphi B 22-SA01722-0","trimethoprim/sulfamethoxazole","Susceptible","","","","","","","","","","","SIR XGBoost Model","202503101","F1 score: 0.85, CI[0.82, 0.88]","Computational Method","",""
57045,"57045.9","Salmonella enterica subsp. enterica serovar Paratyphi B strain 2012CEB707SAL","trimethoprim/sulfamethoxazole","Resistant","","","","","","","","","","","SIR XGBoost Model","202503101","F1 score: 0.85, CI[0.82, 0.88]","Computational Method","",""
57045,"57045.90","Salmonella enterica subsp. enterica serovar Paratyphi B 1_2021","trimethoprim/sulfamethoxazole","Resistant","","","","","","","","","","","SIR XGBoost Model","202503101","F1 score: 0.85, CI[0.82, 0.88]","Computational Method","",""
57045,"57045.92","Salmonella enterica subsp. enterica serovar Paratyphi B CRHE79","trimethoprim/sulfamethoxazole","Susceptible","","","","","","","","","","","SIR XGBoost Model","202503101","F1 score: 0.85, CI[0.82, 0.88]","Computational Method","",""
57045,"57045.93","Salmonella enterica subsp. enterica serovar Paratyphi B B2590","trimethoprim/sulfamethoxazole","Susceptible","","","","","","","","","","","SIR XGBoost Model","202503101","F1 score: 0.85, CI[0.82, 0.88]","Computational Method","",""
57045,"57045.94","Salmonella enterica subsp. enterica serovar Paratyphi B B1655","trimethoprim/sulfamethoxazole","Susceptible","","","","","","","","","","","SIR XGBoost Model","202503101","F1 score: 0.85, CI[0.82, 0.88]","Computational Method","",""
57045,"57045.95","Salmonella enterica subsp. enterica serovar Paratyphi B B1727","trimethoprim/sulfamethoxazole","Susceptible","","","","","","","","","","","SIR XGBoost Model","202503101","F1 score: 0.85, CI[0.82, 0.88]","Computational Method","",""
57045,"57045.96","Salmonella enterica subsp. enterica serovar Paratyphi B B2227","trimethoprim/sulfamethoxazole","Susceptible","","","","","","","","","","","SIR XGBoost Model","202503101","F1 score: 0.85, CI[0.82, 0.88]","Computational Method","",""
57045,"57045.97","Salmonella enterica subsp. enterica serovar Paratyphi B CIP54.115","trimethoprim/sulfamethoxazole","Susceptible","","","","","","","","","","","SIR XGBoost Model","202503101","F1 score: 0.85, CI[0.82, 0.88]","Computational Method","",""
57045,"57045.98","Salmonella enterica subsp. enterica serovar Paratyphi B B97","trimethoprim/sulfamethoxazole","Susceptible","","","","","","","","","","","SIR XGBoost Model","202503101","F1 score: 0.85, CI[0.82, 0.88]","Computational Method","",""
57045,"57045.99","Salmonella enterica subsp. enterica serovar Paratyphi B B62","trimethoprim/sulfamethoxazole","Susceptible","","","","","","","","","","","SIR XGBoost Model","202503101","F1 score: 0.85, CI[0.82, 0.88]","Computational Method","",""
57045,"57045.10","Salmonella enterica subsp. enterica serovar Paratyphi B strain 2010CEB2598SAL","amoxicillin/clavulanic acid","","8.0","","8.0","mg/L","","","","","","","MIC XGBoost Model","202503101","W1 score: 0.98, CI[0.96, 0.99]","Computational Method","",""
57045,"57045.10","Salmonella enterica subsp. enterica serovar Paratyphi B strain 2010CEB2598SAL","ampicillin","","32.0","","32.0","mg/L","","","","","","","MIC XGBoost Model","202503101","W1 score: 0.96, CI[0.95, 0.97]","Computational Method","",""
57045,"57045.10","Salmonella enterica subsp. enterica serovar Paratyphi B strain 2010CEB2598SAL","azithromycin","","4.0","","4.0","mg/L","","","","","","","MIC XGBoost Model","202503101","W1 score: 0.99, CI[0.98, 1.00]","Computational Method","",""
57045,"57045.10","Salmonella enterica subsp. enterica serovar Paratyphi B strain 2010CEB2598SAL","ceftazidime","","2.0","","2.0","mg/L","","","","","","","MIC XGBoost Model","202503101","W1 score: 0.93, CI[0.88, 0.99]","Computational Method","",""
57045,"57045.10","Salmonella enterica subsp. enterica serovar Paratyphi B strain 2010CEB2598SAL","chloramphenicol","","8.0","","8.0","mg/L","","","","","","","MIC XGBoost Model","202503101","W1 score: 0.99, CI[0.98, 1.00]","Computational Method","",""
57045,"57045.10","Salmonella enterica subsp. enterica serovar Paratyphi B strain 2010CEB2598SAL","ciprofloxacin","","0.5","","0.5","mg/L","","","","","","","MIC XGBoost Model","202503101","W1 score: 0.88, CI[0.86, 0.90]","Computational Method","",""
57045,"57045.10","Salmonella enterica subsp. enterica serovar Paratyphi B strain 2010CEB2598SAL","ceftriaxone","","1.0","","1.0","mg/L","","","","","","","MIC XGBoost Model","202503101","W1 score: 0.95, CI[0.94, 0.96]","Computational Method","",""
57045,"57045.10","Salmonella enterica subsp. enterica serovar Paratyphi B strain 2010CEB2598SAL","cefotaxime","","16.0","","16.0","mg/L","","","","","","","MIC XGBoost Model","202503101","W1 score: 0.95, CI[0.89, 1.00]","Computational Method","",""
57045,"57045.10","Salmonella enterica subsp. enterica serovar Paratyphi B strain 2010CEB2598SAL","sulfisoxazole","","256.0","","256.0","mg/L","","","","","","","MIC XGBoost Model","202503101","W1 score: 0.98, CI[0.97, 0.99]","Computational Method","",""
57045,"57045.10","Salmonella enterica subsp. enterica serovar Paratyphi B strain 2010CEB2598SAL","cefoxitin","","4.0","","4.0","mg/L","","","","","","","MIC XGBoost Model","202503101","W1 score: 0.98, CI[0.97, 1.00]","Computational Method","",""
57045,"57045.10","Salmonella enterica subsp. enterica serovar Paratyphi B strain 2010CEB2598SAL","gentamicin","","4.0","","4.0","mg/L","","","","","","","MIC XGBoost Model","202503101","W1 score: 0.97, CI[0.95, 0.99]","Computational Method","",""
57045,"57045.10","Salmonella enterica subsp. enterica serovar Paratyphi B strain 2010CEB2598SAL","kanamycin","","8.0","","8.0","mg/L","","","","","","","MIC XGBoost Model","202503101","W1 score: 0.99, CI[0.98, 1.01]","Computational Method","",""
57045,"57045.10","Salmonella enterica subsp. enterica serovar Paratyphi B strain 2010CEB2598SAL","meropenem","","0.5","","0.5","mg/L","","","","","","","MIC XGBoost Model","202503101","W1 score: 0.95, CI[0.90, 1.01]","Computational Method","",""
57045,"57045.10","Salmonella enterica subsp. enterica serovar Paratyphi B strain 2010CEB2598SAL","nalidixic acid","","16.0","","16.0","mg/L","","","","","","","MIC XGBoost Model","202503101","W1 score: 0.98, CI[0.97, 0.99]","Computational Method","",""
57045,"57045.10","Salmonella enterica subsp. enterica serovar Paratyphi B strain 2010CEB2598SAL","streptomycin","","64.0","","64.0","mg/L","","","","","","","MIC XGBoost Model","202503101","W1 score: 0.92, CI[0.90, 0.93]","Computational Method","",""
57045,"57045.10","Salmonella enterica subsp. enterica serovar Paratyphi B strain 2010CEB2598SAL","tetracycline","","32.0","","32.0","mg/L","","","","","","","MIC XGBoost Model","202503101","W1 score: 0.99, CI[0.98, 0.99]","Computational Method","",""
57045,"57045.10","Salmonella enterica subsp. enterica serovar Paratyphi B strain 2010CEB2598SAL","ceftiofur","","1.0","","1.0","mg/L","","","","","","","MIC XGBoost Model","202503101","W1 score: 0.99, CI[0.98, 0.99]","Computational Method","",""
57045,"57045.100","Salmonella enterica subsp. enterica serovar Paratyphi B B624","amoxicillin/clavulanic acid","","8.0","","8.0","mg/L","","","","","","","MIC XGBoost Model","202503101","W1 score: 0.98, CI[0.96, 0.99]","Computational Method","",""
57045,"57045.100","Salmonella enterica subsp. enterica serovar Paratyphi B B624","ampicillin","","32.0","","32.0","mg/L","","","","","","","MIC XGBoost Model","202503101","W1 score: 0.96, CI[0.95, 0.97]","Computational Method","",""
57045,"57045.100","Salmonella enterica subsp. enterica serovar Paratyphi B B624","azithromycin","","4.0","","4.0","mg/L","","","","","","","MIC XGBoost Model","202503101","W1 score: 0.99, CI[0.98, 1.00]","Computational Method","",""
57045,"57045.100","Salmonella enterica subsp. enterica serovar Paratyphi B B624","ceftazidime","","32.0","","32.0","mg/L","","","","","","","MIC XGBoost Model","202503101","W1 score: 0.93, CI[0.88, 0.99]","Computational Method","",""
57045,"57045.100","Salmonella enterica subsp. enterica serovar Paratyphi B B624","chloramphenicol","","32.0","","32.0","mg/L","","","","","","","MIC XGBoost Model","202503101","W1 score: 0.99, CI[0.98, 1.00]","Computational Method","",""
57045,"57045.100","Salmonella enterica subsp. enterica serovar Paratyphi B B624","ciprofloxacin","","0.5","","0.5","mg/L","","","","","","","MIC XGBoost Model","202503101","W1 score: 0.88, CI[0.86, 0.90]","Computational Method","",""
57045,"57045.100","Salmonella enterica subsp. enterica serovar Paratyphi B B624","ceftriaxone","","64.0","","64.0","mg/L","","","","","","","MIC XGBoost Model","202503101","W1 score: 0.95, CI[0.94, 0.96]","Computational Method","",""
57045,"57045.100","Salmonella enterica subsp. enterica serovar Paratyphi B B624","cefotaxime","","32.0","","32.0","mg/L","","","","","","","MIC XGBoost Model","202503101","W1 score: 0.95, CI[0.89, 1.00]","Computational Method","",""
57045,"57045.100","Salmonella enterica subsp. enterica serovar Paratyphi B B624","sulfisoxazole","","32.0","","32.0","mg/L","","","","","","","MIC XGBoost Model","202503101","W1 score: 0.98, CI[0.97, 0.99]","Computational Method","",""
57045,"57045.100","Salmonella enterica subsp. enterica serovar Paratyphi B B624","cefoxitin","","8.0","","8.0","mg/L","","","","","","","MIC XGBoost Model","202503101","W1 score: 0.98, CI[0.97, 1.00]","Computational Method","",""
57045,"57045.100","Salmonella enterica subsp. enterica serovar Paratyphi B B624","gentamicin","","0.5","","0.5","mg/L","","","","","","","MIC XGBoost Model","202503101","W1 score: 0.97, CI[0.95, 0.99]","Computational Method","",""
57045,"57045.100","Salmonella enterica subsp. enterica serovar Paratyphi B B624","kanamycin","","16.0","","16.0","mg/L","","","","","","","MIC XGBoost Model","202503101","W1 score: 0.99, CI[0.98, 1.01]","Computational Method","",""
57045,"57045.100","Salmonella enterica subsp. enterica serovar Paratyphi B B624","meropenem","","32.0","","32.0","mg/L","","","","","","","MIC XGBoost Model","202503101","W1 score: 0.95, CI[0.90, 1.01]","Computational Method","",""
57045,"57045.100","Salmonella enterica subsp. enterica serovar Paratyphi B B624","nalidixic acid","","8.0","","8.0","mg/L","","","","","","","MIC XGBoost Model","202503101","W1 score: 0.98, CI[0.97, 0.99]","Computational Method","",""
57045,"57045.100","Salmonella enterica subsp. enterica serovar Paratyphi B B624","streptomycin","","2.0","","2.0","mg/L","","","","","","","MIC XGBoost Model","202503101","W1 score: 0.92, CI[0.90, 0.93]","Computational Method","",""
57045,"57045.100","Salmonella enterica subsp. enterica serovar Paratyphi B B624","tetracycline","","32.0","","32.0","mg/L","","","","","","","MIC XGBoost Model","202503101","W1 score: 0.99, CI[0.98, 0.99]","Computational Method","",""
57045,"57045.100","Salmonella enterica subsp. enterica serovar Paratyphi B B624","ceftiofur","","1.0","","1.0","mg/L","","","","","","","MIC XGBoost Model","202503101","W1 score: 0.99, CI[0.98, 0.99]","Computational Method","",""
57045,"57045.101","Salmonella enterica subsp. enterica serovar Paratyphi B CIPA214","amoxicillin/clavulanic acid","","8.0","","8.0","mg/L","","","","","","","MIC XGBoost Model","202503101","W1 score: 0.98, CI[0.96, 0.99]","Computational Method","",""
57045,"57045.101","Salmonella enterica subsp. enterica serovar Paratyphi B CIPA214","ampicillin","","32.0","","32.0","mg/L","","","","","","","MIC XGBoost Model","202503101","W1 score: 0.96, CI[0.95, 0.97]","Computational Method","",""
57045,"57045.101","Salmonella enterica subsp. enterica serovar Paratyphi B CIPA214","azithromycin","","4.0","","4.0","mg/L","","","","","","","MIC XGBoost Model","202503101","W1 score: 0.99, CI[0.98, 1.00]","Computational Method","",""
57045,"57045.101","Salmonella enterica subsp. enterica serovar Paratyphi B CIPA214","ceftazidime","","32.0","","32.0","mg/L","","","","","","","MIC XGBoost Model","202503101","W1 score: 0.93, CI[0.88, 0.99]","Computational Method","",""
57045,"57045.101","Salmonella enterica subsp. enterica serovar Paratyphi B CIPA214","chloramphenicol","","32.0","","32.0","mg/L","","","","","","","MIC XGBoost Model","202503101","W1 score: 0.99, CI[0.98, 1.00]","Computational Method","",""
57045,"57045.101","Salmonella enterica subsp. enterica serovar Paratyphi B CIPA214","ciprofloxacin","","0.5","","0.5","mg/L","","","","","","","MIC XGBoost Model","202503101","W1 score: 0.88, CI[0.86, 0.90]","Computational Method","",""
57045,"57045.101","Salmonella enterica subsp. enterica serovar Paratyphi B CIPA214","ceftriaxone","","64.0","","64.0","mg/L","","","","","","","MIC XGBoost Model","202503101","W1 score: 0.95, CI[0.94, 0.96]","Computational Method","",""
57045,"57045.101","Salmonella enterica subsp. enterica serovar Paratyphi B CIPA214","cefotaxime","","32.0","","32.0","mg/L","","","","","","","MIC XGBoost Model","202503101","W1 score: 0.95, CI[0.89, 1.00]","Computational Method","",""
57045,"57045.101","Salmonella enterica subsp. enterica serovar Paratyphi B CIPA214","sulfisoxazole","","32.0","","32.0","mg/L","","","","","","","MIC XGBoost Model","202503101","W1 score: 0.98, CI[0.97, 0.99]","Computational Method","",""
57045,"57045.101","Salmonella enterica subsp. enterica serovar Paratyphi B CIPA214","cefoxitin","","8.0","","8.0","mg/L","","","","","","","MIC XGBoost Model","202503101","W1 score: 0.98, CI[0.97, 1.00]","Computational Method","",""
57045,"57045.101","Salmonella enterica subsp. enterica serovar Paratyphi B CIPA214","gentamicin","","0.5","","0.5","mg/L","","","","","","","MIC XGBoost Model","202503101","W1 score: 0.97, CI[0.95, 0.99]","Computational Method","",""
57045,"57045.101","Salmonella enterica subsp. enterica serovar Paratyphi B CIPA214","kanamycin","","16.0","","16.0","mg/L","","","","","","","MIC XGBoost Model","202503101","W1 score: 0.99, CI[0.98, 1.01]","Computational Method","",""
57045,"57045.101","Salmonella enterica subsp. enterica serovar Paratyphi B CIPA214","meropenem","","32.0","","32.0","mg/L","","","","","","","MIC XGBoost Model","202503101","W1 score: 0.95, CI[0.90, 1.01]","Computational Method","",""
57045,"57045.101","Salmonella enterica subsp. enterica serovar Paratyphi B CIPA214","nalidixic acid","","8.0","","8.0","mg/L","","","","","","","MIC XGBoost Model","202503101","W1 score: 0.98, CI[0.97, 0.99]","Computational Method","",""
57045,"57045.101","Salmonella enterica subsp. enterica serovar Paratyphi B CIPA214","streptomycin","","2.0","","2.0","mg/L","","","","","","","MIC XGBoost Model","202503101","W1 score: 0.92, CI[0.90, 0.93]","Computational Method","",""
57045,"57045.101","Salmonella enterica subsp. enterica serovar Paratyphi B CIPA214","tetracycline","","32.0","","32.0","mg/L","","","","","","","MIC XGBoost Model","202503101","W1 score: 0.99, CI[0.98, 0.99]","Computational Method","",""
57045,"57045.101","Salmonella enterica subsp. enterica serovar Paratyphi B CIPA214","ceftiofur","","1.0","","1.0","mg/L","","","","","","","MIC XGBoost Model","202503101","W1 score: 0.99, CI[0.98, 0.99]","Computational Method","",""
57045,"57045.102","Salmonella enterica subsp. enterica serovar Paratyphi B CIP54.100","amoxicillin/clavulanic acid","","8.0","","8.0","mg/L","","","","","","","MIC XGBoost Model","202503101","W1 score: 0.98, CI[0.96, 0.99]","Computational Method","",""
57045,"57045.102","Salmonella enterica subsp. enterica serovar Paratyphi B CIP54.100","ampicillin","","32.0","","32.0","mg/L","","","","","","","MIC XGBoost Model","202503101","W1 score: 0.96, CI[0.95, 0.97]","Computational Method","",""
57045,"57045.102","Salmonella enterica subsp. enterica serovar Paratyphi B CIP54.100","azithromycin","","4.0","","4.0","mg/L","","","","","","","MIC XGBoost Model","202503101","W1 score: 0.99, CI[0.98, 1.00]","Computational Method","",""
57045,"57045.102","Salmonella enterica subsp. enterica serovar Paratyphi B CIP54.100","ceftazidime","","32.0","","32.0","mg/L","","","","","","","MIC XGBoost Model","202503101","W1 score: 0.93, CI[0.88, 0.99]","Computational Method","",""
57045,"57045.102","Salmonella enterica subsp. enterica serovar Paratyphi B CIP54.100","chloramphenicol","","32.0","","32.0","mg/L","","","","","","","MIC XGBoost Model","202503101","W1 score: 0.99, CI[0.98, 1.00]","Computational Method","",""
57045,"57045.102","Salmonella enterica subsp. enterica serovar Paratyphi B CIP54.100","ciprofloxacin","","0.5","","0.5","mg/L","","","","","","","MIC XGBoost Model","202503101","W1 score: 0.88, CI[0.86, 0.90]","Computational Method","",""
57045,"57045.102","Salmonella enterica subsp. enterica serovar Paratyphi B CIP54.100","ceftriaxone","","64.0","","64.0","mg/L","","","","","","","MIC XGBoost Model","202503101","W1 score: 0.95, CI[0.94, 0.96]","Computational Method","",""
57045,"57045.102","Salmonella enterica subsp. enterica serovar Paratyphi B CIP54.100","cefotaxime","","32.0","","32.0","mg/L","","","","","","","MIC XGBoost Model","202503101","W1 score: 0.95, CI[0.89, 1.00]","Computational Method","",""
57045,"57045.102","Salmonella enterica subsp. enterica serovar Paratyphi B CIP54.100","sulfisoxazole","","32.0","","32.0","mg/L","","","","","","","MIC XGBoost Model","202503101","W1 score: 0.98, CI[0.97, 0.99]","Computational Method","",""
57045,"57045.102","Salmonella enterica subsp. enterica serovar Paratyphi B CIP54.100","cefoxitin","","8.0","","8.0","mg/L","","","","","","","MIC XGBoost Model","202503101","W1 score: 0.98, CI[0.97, 1.00]","Computational Method","",""
57045,"57045.102","Salmonella enterica subsp. enterica serovar Paratyphi B CIP54.100","gentamicin","","0.5","","0.5","mg/L","","","","","","","MIC XGBoost Model","202503101","W1 score: 0.97, CI[0.95, 0.99]","Computational Method","",""
57045,"57045.102","Salmonella enterica subsp. enterica serovar Paratyphi B CIP54.100","kanamycin","","16.0","","16.0","mg/L","","","","","","","MIC XGBoost Model","202503101","W1 score: 0.99, CI[0.98, 1.01]","Computational Method","",""
57045,"57045.102","Salmonella enterica subsp. enterica serovar Paratyphi B CIP54.100","meropenem","","32.0","","32.0","mg/L","","","","","","","MIC XGBoost Model","202503101","W1 score: 0.95, CI[0.90, 1.01]","Computational Method","",""
57045,"57045.102","Salmonella enterica subsp. enterica serovar Paratyphi B CIP54.100","nalidixic acid","","8.0","","8.0","mg/L","","","","","","","MIC XGBoost Model","202503101","W1 score: 0.98, CI[0.97, 0.99]","Computational Method","",""
57045,"57045.102","Salmonella enterica subsp. enterica serovar Paratyphi B CIP54.100","streptomycin","","2.0","","2.0","mg/L","","","","","","","MIC XGBoost Model","202503101","W1 score: 0.92, CI[0.90, 0.93]","Computational Method","",""
57045,"57045.102","Salmonella enterica subsp. enterica serovar Paratyphi B CIP54.100","tetracycline","","32.0","","32.0","mg/L","","","","","","","MIC XGBoost Model","202503101","W1 score: 0.99, CI[0.98, 0.99]","Computational Method","",""
57045,"57045.102","Salmonella enterica subsp. enterica serovar Paratyphi B CIP54.100","ceftiofur","","1.0","","1.0","mg/L","","","","","","","MIC XGBoost Model","202503101","W1 score: 0.99, CI[0.98, 0.99]","Computational Method","",""
57045,"57045.103","Salmonella enterica subsp. enterica serovar Paratyphi B 63-90","amoxicillin/clavulanic acid","","8.0","","8.0","mg/L","","","","","","","MIC XGBoost Model","202503101","W1 score: 0.98, CI[0.96, 0.99]","Computational Method","",""
57045,"57045.103","Salmonella enterica subsp. enterica serovar Paratyphi B 63-90","ampicillin","","32.0","","32.0","mg/L","","","","","","","MIC XGBoost Model","202503101","W1 score: 0.96, CI[0.95, 0.97]","Computational Method","",""
57045,"57045.103","Salmonella enterica subsp. enterica serovar Paratyphi B 63-90","azithromycin","","4.0","","4.0","mg/L","","","","","","","MIC XGBoost Model","202503101","W1 score: 0.99, CI[0.98, 1.00]","Computational Method","",""
57045,"57045.103","Salmonella enterica subsp. enterica serovar Paratyphi B 63-90","ceftazidime","","32.0","","32.0","mg/L","","","","","","","MIC XGBoost Model","202503101","W1 score: 0.93, CI[0.88, 0.99]","Computational Method","",""
57045,"57045.103","Salmonella enterica subsp. enterica serovar Paratyphi B 63-90","chloramphenicol","","32.0","","32.0","mg/L","","","","","","","MIC XGBoost Model","202503101","W1 score: 0.99, CI[0.98, 1.00]","Computational Method","",""
57045,"57045.103","Salmonella enterica subsp. enterica serovar Paratyphi B 63-90","ciprofloxacin","","0.5","","0.5","mg/L","","","","","","","MIC XGBoost Model","202503101","W1 score: 0.88, CI[0.86, 0.90]","Computational Method","",""
57045,"57045.103","Salmonella enterica subsp. enterica serovar Paratyphi B 63-90","ceftriaxone","","64.0","","64.0","mg/L","","","","","","","MIC XGBoost Model","202503101","W1 score: 0.95, CI[0.94, 0.96]","Computational Method","",""
57045,"57045.103","Salmonella enterica subsp. enterica serovar Paratyphi B 63-90","cefotaxime","","32.0","","32.0","mg/L","","","","","","","MIC XGBoost Model","202503101","W1 score: 0.95, CI[0.89, 1.00]","Computational Method","",""
57045,"57045.103","Salmonella enterica subsp. enterica serovar Paratyphi B 63-90","sulfisoxazole","","32.0","","32.0","mg/L","","","","","","","MIC XGBoost Model","202503101","W1 score: 0.98, CI[0.97, 0.99]","Computational Method","",""
57045,"57045.103","Salmonella enterica subsp. enterica serovar Paratyphi B 63-90","cefoxitin","","8.0","","8.0","mg/L","","","","","","","MIC XGBoost Model","202503101","W1 score: 0.98, CI[0.97, 1.00]","Computational Method","",""
57045,"57045.103","Salmonella enterica subsp. enterica serovar Paratyphi B 63-90","gentamicin","","0.5","","0.5","mg/L","","","","","","","MIC XGBoost Model","202503101","W1 score: 0.97, CI[0.95, 0.99]","Computational Method","",""
57045,"57045.103","Salmonella enterica subsp. enterica serovar Paratyphi B 63-90","kanamycin","","16.0","","16.0","mg/L","","","","","","","MIC XGBoost Model","202503101","W1 score: 0.99, CI[0.98, 1.01]","Computational Method","",""
57045,"57045.103","Salmonella enterica subsp. enterica serovar Paratyphi B 63-90","meropenem","","32.0","","32.0","mg/L","","","","","","","MIC XGBoost Model","202503101","W1 score: 0.95, CI[0.90, 1.01]","Computational Method","",""
57045,"57045.103","Salmonella enterica subsp. enterica serovar Paratyphi B 63-90","nalidixic acid","","8.0","","8.0","mg/L","","","","","","","MIC XGBoost Model","202503101","W1 score: 0.98, CI[0.97, 0.99]","Computational Method","",""
57045,"57045.103","Salmonella enterica subsp. enterica serovar Paratyphi B 63-90","streptomycin","","2.0","","2.0","mg/L","","","","","","","MIC XGBoost Model","202503101","W1 score: 0.92, CI[0.90, 0.93]","Computational Method","",""
57045,"57045.103","Salmonella enterica subsp. enterica serovar Paratyphi B 63-90","tetracycline","","32.0","","32.0","mg/L","","","","","","","MIC XGBoost Model","202503101","W1 score: 0.99, CI[0.98, 0.99]","Computational Method","",""
57045,"57045.103","Salmonella enterica subsp. enterica serovar Paratyphi B 63-90","ceftiofur","","1.0","","1.0","mg/L","","","","","","","MIC XGBoost Model","202503101","W1 score: 0.99, CI[0.98, 0.99]","Computational Method","",""
57045,"57045.104","Salmonella enterica subsp. enterica serovar Paratyphi B B76","amoxicillin/clavulanic acid","","8.0","","8.0","mg/L","","","","","","","MIC XGBoost Model","202503101","W1 score: 0.98, CI[0.96, 0.99]","Computational Method","",""
57045,"57045.104","Salmonella enterica subsp. enterica serovar Paratyphi B B76","ampicillin","","32.0","","32.0","mg/L","","","","","","","MIC XGBoost Model","202503101","W1 score: 0.96, CI[0.95, 0.97]","Computational Method","",""
57045,"57045.104","Salmonella enterica subsp. enterica serovar Paratyphi B B76","azithromycin","","4.0","","4.0","mg/L","","","","","","","MIC XGBoost Model","202503101","W1 score: 0.99, CI[0.98, 1.00]","Computational Method","",""
57045,"57045.104","Salmonella enterica subsp. enterica serovar Paratyphi B B76","ceftazidime","","32.0","","32.0","mg/L","","","","","","","MIC XGBoost Model","202503101","W1 score: 0.93, CI[0.88, 0.99]","Computational Method","",""
57045,"57045.104","Salmonella enterica subsp. enterica serovar Paratyphi B B76","chloramphenicol","","32.0","","32.0","mg/L","","","","","","","MIC XGBoost Model","202503101","W1 score: 0.99, CI[0.98, 1.00]","Computational Method","",""
57045,"57045.104","Salmonella enterica subsp. enterica serovar Paratyphi B B76","ciprofloxacin","","0.5","","0.5","mg/L","","","","","","","MIC XGBoost Model","202503101","W1 score: 0.88, CI[0.86, 0.90]","Computational Method","",""
57045,"57045.104","Salmonella enterica subsp. enterica serovar Paratyphi B B76","ceftriaxone","","64.0","","64.0","mg/L","","","","","","","MIC XGBoost Model","202503101","W1 score: 0.95, CI[0.94, 0.96]","Computational Method","",""
57045,"57045.104","Salmonella enterica subsp. enterica serovar Paratyphi B B76","cefotaxime","","32.0","","32.0","mg/L","","","","","","","MIC XGBoost Model","202503101","W1 score: 0.95, CI[0.89, 1.00]","Computational Method","",""
57045,"57045.104","Salmonella enterica subsp. enterica serovar Paratyphi B B76","sulfisoxazole","","32.0","","32.0","mg/L","","","","","","","MIC XGBoost Model","202503101","W1 score: 0.98, CI[0.97, 0.99]","Computational Method","",""
57045,"57045.104","Salmonella enterica subsp. enterica serovar Paratyphi B B76","cefoxitin","","8.0","","8.0","mg/L","","","","","","","MIC XGBoost Model","202503101","W1 score: 0.98, CI[0.97, 1.00]","Computational Method","",""
57045,"57045.104","Salmonella enterica subsp. enterica serovar Paratyphi B B76","gentamicin","","0.5","","0.5","mg/L","","","","","","","MIC XGBoost Model","202503101","W1 score: 0.97, CI[0.95, 0.99]","Computational Method","",""
57045,"57045.104","Salmonella enterica subsp. enterica serovar Paratyphi B B76","kanamycin","","16.0","","16.0","mg/L","","","","","","","MIC XGBoost Model","202503101","W1 score: 0.99, CI[0.98, 1.01]","Computational Method","",""
57045,"57045.104","Salmonella enterica subsp. enterica serovar Paratyphi B B76","meropenem","","32.0","","32.0","mg/L","","","","","","","MIC XGBoost Model","202503101","W1 score: 0.95, CI[0.90, 1.01]","Computational Method","",""
57045,"57045.104","Salmonella enterica subsp. enterica serovar Paratyphi B B76","nalidixic acid","","8.0","","8.0","mg/L","","","","","","","MIC XGBoost Model","202503101","W1 score: 0.98, CI[0.97, 0.99]","Computational Method","",""
57045,"57045.104","Salmonella enterica subsp. enterica serovar Paratyphi B B76","streptomycin","","2.0","","2.0","mg/L","","","","","","","MIC XGBoost Model","202503101","W1 score: 0.92, CI[0.90, 0.93]","Computational Method","",""
57045,"57045.104","Salmonella enterica subsp. enterica serovar Paratyphi B B76","tetracycline","","32.0","","32.0","mg/L","","","","","","","MIC XGBoost Model","202503101","W1 score: 0.99, CI[0.98, 0.99]","Computational Method","",""
57045,"57045.104","Salmonella enterica subsp. enterica serovar Paratyphi B B76","ceftiofur","","1.0","","1.0","mg/L","","","","","","","MIC XGBoost Model","202503101","W1 score: 0.99, CI[0.98, 0.99]","Computational Method","",""
57045,"57045.11","Salmonella enterica subsp. enterica serovar Paratyphi B strain 2010CEB2956SAL","amoxicillin/clavulanic acid","","8.0","","8.0","mg/L","","","","","","","MIC XGBoost Model","202503101","W1 score: 0.98, CI[0.96, 0.99]","Computational Method","",""
57045,"57045.11","Salmonella enterica subsp. enterica serovar Paratyphi B strain 2010CEB2956SAL","ampicillin","","32.0","","32.0","mg/L","","","","","","","MIC XGBoost Model","202503101","W1 score: 0.96, CI[0.95, 0.97]","Computational Method","",""
57045,"57045.11","Salmonella enterica subsp. enterica serovar Paratyphi B strain 2010CEB2956SAL","azithromycin","","4.0","","4.0","mg/L","","","","","","","MIC XGBoost Model","202503101","W1 score: 0.99, CI[0.98, 1.00]","Computational Method","",""
57045,"57045.11","Salmonella enterica subsp. enterica serovar Paratyphi B strain 2010CEB2956SAL","ceftazidime","","8.0","","8.0","mg/L","","","","","","","MIC XGBoost Model","202503101","W1 score: 0.93, CI[0.88, 0.99]","Computational Method","",""
57045,"57045.11","Salmonella enterica subsp. enterica serovar Paratyphi B strain 2010CEB2956SAL","chloramphenicol","","8.0","","8.0","mg/L","","","","","","","MIC XGBoost Model","202503101","W1 score: 0.99, CI[0.98, 1.00]","Computational Method","",""
57045,"57045.11","Salmonella enterica subsp. enterica serovar Paratyphi B strain 2010CEB2956SAL","ciprofloxacin","","0.25","","0.25","mg/L","","","","","","","MIC XGBoost Model","202503101","W1 score: 0.88, CI[0.86, 0.90]","Computational Method","",""
57045,"57045.11","Salmonella enterica subsp. enterica serovar Paratyphi B strain 2010CEB2956SAL","ceftriaxone","","0.5","","0.5","mg/L","","","","","","","MIC XGBoost Model","202503101","W1 score: 0.95, CI[0.94, 0.96]","Computational Method","",""
57045,"57045.11","Salmonella enterica subsp. enterica serovar Paratyphi B strain 2010CEB2956SAL","cefotaxime","","16.0","","16.0","mg/L","","","","","","","MIC XGBoost Model","202503101","W1 score: 0.95, CI[0.89, 1.00]","Computational Method","",""
57045,"57045.11","Salmonella enterica subsp. enterica serovar Paratyphi B strain 2010CEB2956SAL","sulfisoxazole","","256.0","","256.0","mg/L","","","","","","","MIC XGBoost Model","202503101","W1 score: 0.98, CI[0.97, 0.99]","Computational Method","",""
57045,"57045.11","Salmonella enterica subsp. enterica serovar Paratyphi B strain 2010CEB2956SAL","cefoxitin","","4.0","","4.0","mg/L","","","","","","","MIC XGBoost Model","202503101","W1 score: 0.98, CI[0.97, 1.00]","Computational Method","",""
57045,"57045.11","Salmonella enterica subsp. enterica serovar Paratyphi B strain 2010CEB2956SAL","gentamicin","","4.0","","4.0","mg/L","","","","","","","MIC XGBoost Model","202503101","W1 score: 0.97, CI[0.95, 0.99]","Computational Method","",""
57045,"57045.11","Salmonella enterica subsp. enterica serovar Paratyphi B strain 2010CEB2956SAL","kanamycin","","8.0","","8.0","mg/L","","","","","","","MIC XGBoost Model","202503101","W1 score: 0.99, CI[0.98, 1.01]","Computational Method","",""
57045,"57045.11","Salmonella enterica subsp. enterica serovar Paratyphi B strain 2010CEB2956SAL","meropenem","","0.25","","0.25","mg/L","","","","","","","MIC XGBoost Model","202503101","W1 score: 0.95, CI[0.90, 1.01]","Computational Method","",""
57045,"57045.11","Salmonella enterica subsp. enterica serovar Paratyphi B strain 2010CEB2956SAL","nalidixic acid","","16.0","","16.0","mg/L","","","","","","","MIC XGBoost Model","202503101","W1 score: 0.98, CI[0.97, 0.99]","Computational Method","",""
57045,"57045.11","Salmonella enterica subsp. enterica serovar Paratyphi B strain 2010CEB2956SAL","streptomycin","","32.0","","32.0","mg/L","","","","","","","MIC XGBoost Model","202503101","W1 score: 0.92, CI[0.90, 0.93]","Computational Method","",""
57045,"57045.11","Salmonella enterica subsp. enterica serovar Paratyphi B strain 2010CEB2956SAL","tetracycline","","4.0","","4.0","mg/L","","","","","","","MIC XGBoost Model","202503101","W1 score: 0.99, CI[0.98, 0.99]","Computational Method","",""
57045,"57045.11","Salmonella enterica subsp. enterica serovar Paratyphi B strain 2010CEB2956SAL","ceftiofur","","1.0","","1.0","mg/L","","","","","","","MIC XGBoost Model","202503101","W1 score: 0.99, CI[0.98, 0.99]","Computational Method","",""
57045,"57045.12","Salmonella enterica subsp. enterica serovar Paratyphi B strain DMS 106/76","amoxicillin/clavulanic acid","","1.0","","1.0","mg/L","","","","","","","MIC XGBoost Model","202503101","W1 score: 0.98, CI[0.96, 0.99]","Computational Method","",""
57045,"57045.12","Salmonella enterica subsp. enterica serovar Paratyphi B strain DMS 106/76","ampicillin","","1.0","","1.0","mg/L","","","","","","","MIC XGBoost Model","202503101","W1 score: 0.96, CI[0.95, 0.97]","Computational Method","",""
57045,"57045.12","Salmonella enterica subsp. enterica serovar Paratyphi B strain DMS 106/76","azithromycin","","4.0","","4.0","mg/L","","","","","","","MIC XGBoost Model","202503101","W1 score: 0.99, CI[0.98, 1.00]","Computational Method","",""
57045,"57045.12","Salmonella enterica subsp. enterica serovar Paratyphi B strain DMS 106/76","ceftazidime","","16.0","","16.0","mg/L","","","","","","","MIC XGBoost Model","202503101","W1 score: 0.93, CI[0.88, 0.99]","Computational Method","",""
57045,"57045.12","Salmonella enterica subsp. enterica serovar Paratyphi B strain DMS 106/76","chloramphenicol","","8.0","","8.0","mg/L","","","","","","","MIC XGBoost Model","202503101","W1 score: 0.99, CI[0.98, 1.00]","Computational Method","",""
57045,"57045.12","Salmonella enterica subsp. enterica serovar Paratyphi B strain DMS 106/76","ciprofloxacin","","0.015625","","0.015625","mg/L","","","","","","","MIC XGBoost Model","202503101","W1 score: 0.88, CI[0.86, 0.90]","Computational Method","",""
57045,"57045.12","Salmonella enterica subsp. enterica serovar Paratyphi B strain DMS 106/76","ceftriaxone","","0.25","","0.25","mg/L","","","","","","","MIC XGBoost Model","202503101","W1 score: 0.95, CI[0.94, 0.96]","Computational Method","",""
57045,"57045.12","Salmonella enterica subsp. enterica serovar Paratyphi B strain DMS 106/76","cefotaxime","","16.0","","16.0","mg/L","","","","","","","MIC XGBoost Model","202503101","W1 score: 0.95, CI[0.89, 1.00]","Computational Method","",""
57045,"57045.12","Salmonella enterica subsp. enterica serovar Paratyphi B strain DMS 106/76","sulfisoxazole","","32.0","","32.0","mg/L","","","","","","","MIC XGBoost Model","202503101","W1 score: 0.98, CI[0.97, 0.99]","Computational Method","",""
57045,"57045.12","Salmonella enterica subsp. enterica serovar Paratyphi B strain DMS 106/76","cefoxitin","","2.0","","2.0","mg/L","","","","","","","MIC XGBoost Model","202503101","W1 score: 0.98, CI[0.97, 1.00]","Computational Method","",""
57045,"57045.12","Salmonella enterica subsp. enterica serovar Paratyphi B strain DMS 106/76","gentamicin","","0.5","","0.5","mg/L","","","","","","","MIC XGBoost Model","202503101","W1 score: 0.97, CI[0.95, 0.99]","Computational Method","",""
57045,"57045.12","Salmonella enterica subsp. enterica serovar Paratyphi B strain DMS 106/76","kanamycin","","8.0","","8.0","mg/L","","","","","","","MIC XGBoost Model","202503101","W1 score: 0.99, CI[0.98, 1.01]","Computational Method","",""
57045,"57045.12","Salmonella enterica subsp. enterica serovar Paratyphi B strain DMS 106/76","meropenem","","0.25","","0.25","mg/L","","","","","","","MIC XGBoost Model","202503101","W1 score: 0.95, CI[0.90, 1.01]","Computational Method","",""
57045,"57045.12","Salmonella enterica subsp. enterica serovar Paratyphi B strain DMS 106/76","nalidixic acid","","4.0","","4.0","mg/L","","","","","","","MIC XGBoost Model","202503101","W1 score: 0.98, CI[0.97, 0.99]","Computational Method","",""
57045,"57045.12","Salmonella enterica subsp. enterica serovar Paratyphi B strain DMS 106/76","streptomycin","","32.0","","32.0","mg/L","","","","","","","MIC XGBoost Model","202503101","W1 score: 0.92, CI[0.90, 0.93]","Computational Method","",""
57045,"57045.12","Salmonella enterica subsp. enterica serovar Paratyphi B strain DMS 106/76","tetracycline","","4.0","","4.0","mg/L","","","","","","","MIC XGBoost Model","202503101","W1 score: 0.99, CI[0.98, 0.99]","Computational Method","",""
57045,"57045.12","Salmonella enterica subsp. enterica serovar Paratyphi B strain DMS 106/76","ceftiofur","","1.0","","1.0","mg/L","","","","","","","MIC XGBoost Model","202503101","W1 score: 0.99, CI[0.98, 0.99]","Computational Method","",""
57045,"57045.13","Salmonella enterica subsp. enterica serovar Paratyphi B strain DMS 2471","amoxicillin/clavulanic acid","","1.0","","1.0","mg/L","","","","","","","MIC XGBoost Model","202503101","W1 score: 0.98, CI[0.96, 0.99]","Computational Method","",""
57045,"57045.13","Salmonella enterica subsp. enterica serovar Paratyphi B strain DMS 2471","ampicillin","","1.0","","1.0","mg/L","","","","","","","MIC XGBoost Model","202503101","W1 score: 0.96, CI[0.95, 0.97]","Computational Method","",""
57045,"57045.13","Salmonella enterica subsp. enterica serovar Paratyphi B strain DMS 2471","azithromycin","","4.0","","4.0","mg/L","","","","","","","MIC XGBoost Model","202503101","W1 score: 0.99, CI[0.98, 1.00]","Computational Method","",""
57045,"57045.13","Salmonella enterica subsp. enterica serovar Paratyphi B strain DMS 2471","ceftazidime","","8.0","","8.0","mg/L","","","","","","","MIC XGBoost Model","202503101","W1 score: 0.93, CI[0.88, 0.99]","Computational Method","",""
57045,"57045.13","Salmonella enterica subsp. enterica serovar Paratyphi B strain DMS 2471","chloramphenicol","","8.0","","8.0","mg/L","","","","","","","MIC XGBoost Model","202503101","W1 score: 0.99, CI[0.98, 1.00]","Computational Method","",""
57045,"57045.13","Salmonella enterica subsp. enterica serovar Paratyphi B strain DMS 2471","ciprofloxacin","","0.015625","","0.015625","mg/L","","","","","","","MIC XGBoost Model","202503101","W1 score: 0.88, CI[0.86, 0.90]","Computational Method","",""
57045,"57045.13","Salmonella enterica subsp. enterica serovar Paratyphi B strain DMS 2471","ceftriaxone","","0.25","","0.25","mg/L","","","","","","","MIC XGBoost Model","202503101","W1 score: 0.95, CI[0.94, 0.96]","Computational Method","",""
57045,"57045.13","Salmonella enterica subsp. enterica serovar Paratyphi B strain DMS 2471","cefotaxime","","32.0","","32.0","mg/L","","","","","","","MIC XGBoost Model","202503101","W1 score: 0.95, CI[0.89, 1.00]","Computational Method","",""
57045,"57045.13","Salmonella enterica subsp. enterica serovar Paratyphi B strain DMS 2471","sulfisoxazole","","32.0","","32.0","mg/L","","","","","","","MIC XGBoost Model","202503101","W1 score: 0.98, CI[0.97, 0.99]","Computational Method","",""
57045,"57045.13","Salmonella enterica subsp. enterica serovar Paratyphi B strain DMS 2471","cefoxitin","","2.0","","2.0","mg/L","","","","","","","MIC XGBoost Model","202503101","W1 score: 0.98, CI[0.97, 1.00]","Computational Method","",""
57045,"57045.13","Salmonella enterica subsp. enterica serovar Paratyphi B strain DMS 2471","gentamicin","","0.5","","0.5","mg/L","","","","","","","MIC XGBoost Model","202503101","W1 score: 0.97, CI[0.95, 0.99]","Computational Method","",""
57045,"57045.13","Salmonella enterica subsp. enterica serovar Paratyphi B strain DMS 2471","kanamycin","","8.0","","8.0","mg/L","","","","","","","MIC XGBoost Model","202503101","W1 score: 0.99, CI[0.98, 1.01]","Computational Method","",""
57045,"57045.13","Salmonella enterica subsp. enterica serovar Paratyphi B strain DMS 2471","meropenem","","0.125","","0.125","mg/L","","","","","","","MIC XGBoost Model","202503101","W1 score: 0.95, CI[0.90, 1.01]","Computational Method","",""
57045,"57045.13","Salmonella enterica subsp. enterica serovar Paratyphi B strain DMS 2471","nalidixic acid","","4.0","","4.0","mg/L","","","","","","","MIC XGBoost Model","202503101","W1 score: 0.98, CI[0.97, 0.99]","Computational Method","",""
57045,"57045.13","Salmonella enterica subsp. enterica serovar Paratyphi B strain DMS 2471","streptomycin","","32.0","","32.0","mg/L","","","","","","","MIC XGBoost Model","202503101","W1 score: 0.92, CI[0.90, 0.93]","Computational Method","",""
57045,"57045.13","Salmonella enterica subsp. enterica serovar Paratyphi B strain DMS 2471","tetracycline","","4.0","","4.0","mg/L","","","","","","","MIC XGBoost Model","202503101","W1 score: 0.99, CI[0.98, 0.99]","Computational Method","",""
57045,"57045.13","Salmonella enterica subsp. enterica serovar Paratyphi B strain DMS 2471","ceftiofur","","1.0","","1.0","mg/L","","","","","","","MIC XGBoost Model","202503101","W1 score: 0.99, CI[0.98, 0.99]","Computational Method","",""
57045,"57045.14","Salmonella enterica subsp. enterica serovar Paratyphi B strain DMS 59/81","amoxicillin/clavulanic acid","","1.0","","1.0","mg/L","","","","","","","MIC XGBoost Model","202503101","W1 score: 0.98, CI[0.96, 0.99]","Computational Method","",""
57045,"57045.14","Salmonella enterica subsp. enterica serovar Paratyphi B strain DMS 59/81","ampicillin","","1.0","","1.0","mg/L","","","","","","","MIC XGBoost Model","202503101","W1 score: 0.96, CI[0.95, 0.97]","Computational Method","",""
57045,"57045.14","Salmonella enterica subsp. enterica serovar Paratyphi B strain DMS 59/81","azithromycin","","4.0","","4.0","mg/L","","","","","","","MIC XGBoost Model","202503101","W1 score: 0.99, CI[0.98, 1.00]","Computational Method","",""
57045,"57045.14","Salmonella enterica subsp. enterica serovar Paratyphi B strain DMS 59/81","ceftazidime","","16.0","","16.0","mg/L","","","","","","","MIC XGBoost Model","202503101","W1 score: 0.93, CI[0.88, 0.99]","Computational Method","",""
57045,"57045.14","Salmonella enterica subsp. enterica serovar Paratyphi B strain DMS 59/81","chloramphenicol","","8.0","","8.0","mg/L","","","","","","","MIC XGBoost Model","202503101","W1 score: 0.99, CI[0.98, 1.00]","Computational Method","",""
57045,"57045.14","Salmonella enterica subsp. enterica serovar Paratyphi B strain DMS 59/81","ciprofloxacin","","0.03125","","0.03125","mg/L","","","","","","","MIC XGBoost Model","202503101","W1 score: 0.88, CI[0.86, 0.90]","Computational Method","",""
57045,"57045.14","Salmonella enterica subsp. enterica serovar Paratyphi B strain DMS 59/81","ceftriaxone","","0.5","","0.5","mg/L","","","","","","","MIC XGBoost Model","202503101","W1 score: 0.95, CI[0.94, 0.96]","Computational Method","",""
57045,"57045.14","Salmonella enterica subsp. enterica serovar Paratyphi B strain DMS 59/81","cefotaxime","","32.0","","32.0","mg/L","","","","","","","MIC XGBoost Model","202503101","W1 score: 0.95, CI[0.89, 1.00]","Computational Method","",""
57045,"57045.14","Salmonella enterica subsp. enterica serovar Paratyphi B strain DMS 59/81","sulfisoxazole","","32.0","","32.0","mg/L","","","","","","","MIC XGBoost Model","202503101","W1 score: 0.98, CI[0.97, 0.99]","Computational Method","",""
57045,"57045.14","Salmonella enterica subsp. enterica serovar Paratyphi B strain DMS 59/81","cefoxitin","","2.0","","2.0","mg/L","","","","","","","MIC XGBoost Model","202503101","W1 score: 0.98, CI[0.97, 1.00]","Computational Method","",""
57045,"57045.14","Salmonella enterica subsp. enterica serovar Paratyphi B strain DMS 59/81","gentamicin","","0.5","","0.5","mg/L","","","","","","","MIC XGBoost Model","202503101","W1 score: 0.97, CI[0.95, 0.99]","Computational Method","",""
57045,"57045.14","Salmonella enterica subsp. enterica serovar Paratyphi B strain DMS 59/81","kanamycin","","8.0","","8.0","mg/L","","","","","","","MIC XGBoost Model","202503101","W1 score: 0.99, CI[0.98, 1.01]","Computational Method","",""
57045,"57045.14","Salmonella enterica subsp. enterica serovar Paratyphi B strain DMS 59/81","meropenem","","0.125","","0.125","mg/L","","","","","","","MIC XGBoost Model","202503101","W1 score: 0.95, CI[0.90, 1.01]","Computational Method","",""
57045,"57045.14","Salmonella enterica subsp. enterica serovar Paratyphi B strain DMS 59/81","nalidixic acid","","4.0","","4.0","mg/L","","","","","","","MIC XGBoost Model","202503101","W1 score: 0.98, CI[0.97, 0.99]","Computational Method","",""
57045,"57045.14","Salmonella enterica subsp. enterica serovar Paratyphi B strain DMS 59/81","streptomycin","","16.0","","16.0","mg/L","","","","","","","MIC XGBoost Model","202503101","W1 score: 0.92, CI[0.90, 0.93]","Computational Method","",""
57045,"57045.14","Salmonella enterica subsp. enterica serovar Paratyphi B strain DMS 59/81","tetracycline","","4.0","","4.0","mg/L","","","","","","","MIC XGBoost Model","202503101","W1 score: 0.99, CI[0.98, 0.99]","Computational Method","",""
57045,"57045.14","Salmonella enterica subsp. enterica serovar Paratyphi B strain DMS 59/81","ceftiofur","","1.0","","1.0","mg/L","","","","","","","MIC XGBoost Model","202503101","W1 score: 0.99, CI[0.98, 0.99]","Computational Method","",""
57045,"57045.15","Salmonella enterica subsp. enterica serovar Paratyphi B strain DMS 3254/7/81","amoxicillin/clavulanic acid","","1.0","","1.0","mg/L","","","","","","","MIC XGBoost Model","202503101","W1 score: 0.98, CI[0.96, 0.99]","Computational Method","",""
57045,"57045.15","Salmonella enterica subsp. enterica serovar Paratyphi B strain DMS 3254/7/81","ampicillin","","1.0","","1.0","mg/L","","","","","","","MIC XGBoost Model","202503101","W1 score: 0.96, CI[0.95, 0.97]","Computational Method","",""
57045,"57045.15","Salmonella enterica subsp. enterica serovar Paratyphi B strain DMS 3254/7/81","azithromycin","","4.0","","4.0","mg/L","","","","","","","MIC XGBoost Model","202503101","W1 score: 0.99, CI[0.98, 1.00]","Computational Method","",""
57045,"57045.15","Salmonella enterica subsp. enterica serovar Paratyphi B strain DMS 3254/7/81","ceftazidime","","16.0","","16.0","mg/L","","","","","","","MIC XGBoost Model","202503101","W1 score: 0.93, CI[0.88, 0.99]","Computational Method","",""
57045,"57045.15","Salmonella enterica subsp. enterica serovar Paratyphi B strain DMS 3254/7/81","chloramphenicol","","8.0","","8.0","mg/L","","","","","","","MIC XGBoost Model","202503101","W1 score: 0.99, CI[0.98, 1.00]","Computational Method","",""
57045,"57045.15","Salmonella enterica subsp. enterica serovar Paratyphi B strain DMS 3254/7/81","ciprofloxacin","","0.03125","","0.03125","mg/L","","","","","","","MIC XGBoost Model","202503101","W1 score: 0.88, CI[0.86, 0.90]","Computational Method","",""
57045,"57045.15","Salmonella enterica subsp. enterica serovar Paratyphi B strain DMS 3254/7/81","ceftriaxone","","0.25","","0.25","mg/L","","","","","","","MIC XGBoost Model","202503101","W1 score: 0.95, CI[0.94, 0.96]","Computational Method","",""
57045,"57045.15","Salmonella enterica subsp. enterica serovar Paratyphi B strain DMS 3254/7/81","cefotaxime","","16.0","","16.0","mg/L","","","","","","","MIC XGBoost Model","202503101","W1 score: 0.95, CI[0.89, 1.00]","Computational Method","",""
57045,"57045.15","Salmonella enterica subsp. enterica serovar Paratyphi B strain DMS 3254/7/81","sulfisoxazole","","32.0","","32.0","mg/L","","","","","","","MIC XGBoost Model","202503101","W1 score: 0.98, CI[0.97, 0.99]","Computational Method","",""
57045,"57045.15","Salmonella enterica subsp. enterica serovar Paratyphi B strain DMS 3254/7/81","cefoxitin","","2.0","","2.0","mg/L","","","","","","","MIC XGBoost Model","202503101","W1 score: 0.98, CI[0.97, 1.00]","Computational Method","",""
57045,"57045.15","Salmonella enterica subsp. enterica serovar Paratyphi B strain DMS 3254/7/81","gentamicin","","0.5","","0.5","mg/L","","","","","","","MIC XGBoost Model","202503101","W1 score: 0.97, CI[0.95, 0.99]","Computational Method","",""
57045,"57045.15","Salmonella enterica subsp. enterica serovar Paratyphi B strain DMS 3254/7/81","kanamycin","","8.0","","8.0","mg/L","","","","","","","MIC XGBoost Model","202503101","W1 score: 0.99, CI[0.98, 1.01]","Computational Method","",""
57045,"57045.15","Salmonella enterica subsp. enterica serovar Paratyphi B strain DMS 3254/7/81","meropenem","","0.125","","0.125","mg/L","","","","","","","MIC XGBoost Model","202503101","W1 score: 0.95, CI[0.90, 1.01]","Computational Method","",""
57045,"57045.15","Salmonella enterica subsp. enterica serovar Paratyphi B strain DMS 3254/7/81","nalidixic acid","","4.0","","4.0","mg/L","","","","","","","MIC XGBoost Model","202503101","W1 score: 0.98, CI[0.97, 0.99]","Computational Method","",""
57045,"57045.15","Salmonella enterica subsp. enterica serovar Paratyphi B strain DMS 3254/7/81","streptomycin","","16.0","","16.0","mg/L","","","","","","","MIC XGBoost Model","202503101","W1 score: 0.92, CI[0.90, 0.93]","Computational Method","",""
57045,"57045.15","Salmonella enterica subsp. enterica serovar Paratyphi B strain DMS 3254/7/81","tetracycline","","4.0","","4.0","mg/L","","","","","","","MIC XGBoost Model","202503101","W1 score: 0.99, CI[0.98, 0.99]","Computational Method","",""
57045,"57045.15","Salmonella enterica subsp. enterica serovar Paratyphi B strain DMS 3254/7/81","ceftiofur","","1.0","","1.0","mg/L","","","","","","","MIC XGBoost Model","202503101","W1 score: 0.99, CI[0.98, 0.99]","Computational Method","",""
57045,"57045.16","Salmonella enterica subsp. enterica serovar Paratyphi B strain BCW_4017","amoxicillin/clavulanic acid","","1.0","","1.0","mg/L","","","","","","","MIC XGBoost Model","202503101","W1 score: 0.98, CI[0.96, 0.99]","Computational Method","",""
57045,"57045.16","Salmonella enterica subsp. enterica serovar Paratyphi B strain BCW_4017","ampicillin","","2.0","","2.0","mg/L","","","","","","","MIC XGBoost Model","202503101","W1 score: 0.96, CI[0.95, 0.97]","Computational Method","",""
57045,"57045.16","Salmonella enterica subsp. enterica serovar Paratyphi B strain BCW_4017","azithromycin","","4.0","","4.0","mg/L","","","","","","","MIC XGBoost Model","202503101","W1 score: 0.99, CI[0.98, 1.00]","Computational Method","",""
57045,"57045.16","Salmonella enterica subsp. enterica serovar Paratyphi B strain BCW_4017","ceftazidime","","16.0","","16.0","mg/L","","","","","","","MIC XGBoost Model","202503101","W1 score: 0.93, CI[0.88, 0.99]","Computational Method","",""
57045,"57045.16","Salmonella enterica subsp. enterica serovar Paratyphi B strain BCW_4017","chloramphenicol","","8.0","","8.0","mg/L","","","","","","","MIC XGBoost Model","202503101","W1 score: 0.99, CI[0.98, 1.00]","Computational Method","",""
57045,"57045.16","Salmonella enterica subsp. enterica serovar Paratyphi B strain BCW_4017","ciprofloxacin","","0.03125","","0.03125","mg/L","","","","","","","MIC XGBoost Model","202503101","W1 score: 0.88, CI[0.86, 0.90]","Computational Method","",""
57045,"57045.16","Salmonella enterica subsp. enterica serovar Paratyphi B strain BCW_4017","ceftriaxone","","0.25","","0.25","mg/L","","","","","","","MIC XGBoost Model","202503101","W1 score: 0.95, CI[0.94, 0.96]","Computational Method","",""
57045,"57045.16","Salmonella enterica subsp. enterica serovar Paratyphi B strain BCW_4017","cefotaxime","","32.0","","32.0","mg/L","","","","","","","MIC XGBoost Model","202503101","W1 score: 0.95, CI[0.89, 1.00]","Computational Method","",""
57045,"57045.16","Salmonella enterica subsp. enterica serovar Paratyphi B strain BCW_4017","sulfisoxazole","","32.0","","32.0","mg/L","","","","","","","MIC XGBoost Model","202503101","W1 score: 0.98, CI[0.97, 0.99]","Computational Method","",""
57045,"57045.16","Salmonella enterica subsp. enterica serovar Paratyphi B strain BCW_4017","cefoxitin","","2.0","","2.0","mg/L","","","","","","","MIC XGBoost Model","202503101","W1 score: 0.98, CI[0.97, 1.00]","Computational Method","",""
57045,"57045.16","Salmonella enterica subsp. enterica serovar Paratyphi B strain BCW_4017","gentamicin","","0.5","","0.5","mg/L","","","","","","","MIC XGBoost Model","202503101","W1 score: 0.97, CI[0.95, 0.99]","Computational Method","",""
57045,"57045.16","Salmonella enterica subsp. enterica serovar Paratyphi B strain BCW_4017","kanamycin","","8.0","","8.0","mg/L","","","","","","","MIC XGBoost Model","202503101","W1 score: 0.99, CI[0.98, 1.01]","Computational Method","",""
57045,"57045.16","Salmonella enterica subsp. enterica serovar Paratyphi B strain BCW_4017","meropenem","","0.125","","0.125","mg/L","","","","","","","MIC XGBoost Model","202503101","W1 score: 0.95, CI[0.90, 1.01]","Computational Method","",""
57045,"57045.16","Salmonella enterica subsp. enterica serovar Paratyphi B strain BCW_4017","nalidixic acid","","4.0","","4.0","mg/L","","","","","","","MIC XGBoost Model","202503101","W1 score: 0.98, CI[0.97, 0.99]","Computational Method","",""
57045,"57045.16","Salmonella enterica subsp. enterica serovar Paratyphi B strain BCW_4017","streptomycin","","16.0","","16.0","mg/L","","","","","","","MIC XGBoost Model","202503101","W1 score: 0.92, CI[0.90, 0.93]","Computational Method","",""
57045,"57045.16","Salmonella enterica subsp. enterica serovar Paratyphi B strain BCW_4017","tetracycline","","4.0","","4.0","mg/L","","","","","","","MIC XGBoost Model","202503101","W1 score: 0.99, CI[0.98, 0.99]","Computational Method","",""
57045,"57045.16","Salmonella enterica subsp. enterica serovar Paratyphi B strain BCW_4017","ceftiofur","","1.0","","1.0","mg/L","","","","","","","MIC XGBoost Model","202503101","W1 score: 0.99, CI[0.98, 0.99]","Computational Method","",""
57045,"57045.17","Salmonella enterica subsp. enterica serovar Paratyphi B strain BCW_2757","amoxicillin/clavulanic acid","","1.0","","1.0","mg/L","","","","","","","MIC XGBoost Model","202503101","W1 score: 0.98, CI[0.96, 0.99]","Computational Method","",""
57045,"57045.17","Salmonella enterica subsp. enterica serovar Paratyphi B strain BCW_2757","ampicillin","","1.0","","1.0","mg/L","","","","","","","MIC XGBoost Model","202503101","W1 score: 0.96, CI[0.95, 0.97]","Computational Method","",""
57045,"57045.17","Salmonella enterica subsp. enterica serovar Paratyphi B strain BCW_2757","azithromycin","","4.0","","4.0","mg/L","","","","","","","MIC XGBoost Model","202503101","W1 score: 0.99, CI[0.98, 1.00]","Computational Method","",""
57045,"57045.17","Salmonella enterica subsp. enterica serovar Paratyphi B strain BCW_2757","ceftazidime","","16.0","","16.0","mg/L","","","","","","","MIC XGBoost Model","202503101","W1 score: 0.93, CI[0.88, 0.99]","Computational Method","",""
57045,"57045.17","Salmonella enterica subsp. enterica serovar Paratyphi B strain BCW_2757","chloramphenicol","","8.0","","8.0","mg/L","","","","","","","MIC XGBoost Model","202503101","W1 score: 0.99, CI[0.98, 1.00]","Computational Method","",""
57045,"57045.17","Salmonella enterica subsp. enterica serovar Paratyphi B strain BCW_2757","ciprofloxacin","","0.015625","","0.015625","mg/L","","","","","","","MIC XGBoost Model","202503101","W1 score: 0.88, CI[0.86, 0.90]","Computational Method","",""
57045,"57045.17","Salmonella enterica subsp. enterica serovar Paratyphi B strain BCW_2757","ceftriaxone","","0.25","","0.25","mg/L","","","","","","","MIC XGBoost Model","202503101","W1 score: 0.95, CI[0.94, 0.96]","Computational Method","",""
57045,"57045.17","Salmonella enterica subsp. enterica serovar Paratyphi B strain BCW_2757","cefotaxime","","32.0","","32.0","mg/L","","","","","","","MIC XGBoost Model","202503101","W1 score: 0.95, CI[0.89, 1.00]","Computational Method","",""
57045,"57045.17","Salmonella enterica subsp. enterica serovar Paratyphi B strain BCW_2757","sulfisoxazole","","32.0","","32.0","mg/L","","","","","","","MIC XGBoost Model","202503101","W1 score: 0.98, CI[0.97, 0.99]","Computational Method","",""
57045,"57045.17","Salmonella enterica subsp. enterica serovar Paratyphi B strain BCW_2757","cefoxitin","","2.0","","2.0","mg/L","","","","","","","MIC XGBoost Model","202503101","W1 score: 0.98, CI[0.97, 1.00]","Computational Method","",""
57045,"57045.17","Salmonella enterica subsp. enterica serovar Paratyphi B strain BCW_2757","gentamicin","","0.5","","0.5","mg/L","","","","","","","MIC XGBoost Model","202503101","W1 score: 0.97, CI[0.95, 0.99]","Computational Method","",""
57045,"57045.17","Salmonella enterica subsp. enterica serovar Paratyphi B strain BCW_2757","kanamycin","","8.0","","8.0","mg/L","","","","","","","MIC XGBoost Model","202503101","W1 score: 0.99, CI[0.98, 1.01]","Computational Method","",""
57045,"57045.17","Salmonella enterica subsp. enterica serovar Paratyphi B strain BCW_2757","meropenem","","0.125","","0.125","mg/L","","","","","","","MIC XGBoost Model","202503101","W1 score: 0.95, CI[0.90, 1.01]","Computational Method","",""
57045,"57045.17","Salmonella enterica subsp. enterica serovar Paratyphi B strain BCW_2757","nalidixic acid","","4.0","","4.0","mg/L","","","","","","","MIC XGBoost Model","202503101","W1 score: 0.98, CI[0.97, 0.99]","Computational Method","",""
57045,"57045.17","Salmonella enterica subsp. enterica serovar Paratyphi B strain BCW_2757","streptomycin","","16.0","","16.0","mg/L","","","","","","","MIC XGBoost Model","202503101","W1 score: 0.92, CI[0.90, 0.93]","Computational Method","",""
57045,"57045.17","Salmonella enterica subsp. enterica serovar Paratyphi B strain BCW_2757","tetracycline","","4.0","","4.0","mg/L","","","","","","","MIC XGBoost Model","202503101","W1 score: 0.99, CI[0.98, 0.99]","Computational Method","",""
57045,"57045.17","Salmonella enterica subsp. enterica serovar Paratyphi B strain BCW_2757","ceftiofur","","1.0","","1.0","mg/L","","","","","","","MIC XGBoost Model","202503101","W1 score: 0.99, CI[0.98, 0.99]","Computational Method","",""
57045,"57045.18","Salmonella enterica subsp. enterica serovar Paratyphi B strain 52","amoxicillin/clavulanic acid","","1.0","","1.0","mg/L","","","","","","","MIC XGBoost Model","202503101","W1 score: 0.98, CI[0.96, 0.99]","Computational Method","",""
57045,"57045.18","Salmonella enterica subsp. enterica serovar Paratyphi B strain 52","ampicillin","","2.0","","2.0","mg/L","","","","","","","MIC XGBoost Model","202503101","W1 score: 0.96, CI[0.95, 0.97]","Computational Method","",""
57045,"57045.18","Salmonella enterica subsp. enterica serovar Paratyphi B strain 52","azithromycin","","4.0","","4.0","mg/L","","","","","","","MIC XGBoost Model","202503101","W1 score: 0.99, CI[0.98, 1.00]","Computational Method","",""
57045,"57045.18","Salmonella enterica subsp. enterica serovar Paratyphi B strain 52","ceftazidime","","8.0","","8.0","mg/L","","","","","","","MIC XGBoost Model","202503101","W1 score: 0.93, CI[0.88, 0.99]","Computational Method","",""
57045,"57045.18","Salmonella enterica subsp. enterica serovar Paratyphi B strain 52","chloramphenicol","","8.0","","8.0","mg/L","","","","","","","MIC XGBoost Model","202503101","W1 score: 0.99, CI[0.98, 1.00]","Computational Method","",""
57045,"57045.18","Salmonella enterica subsp. enterica serovar Paratyphi B strain 52","ciprofloxacin","","0.015625","","0.015625","mg/L","","","","","","","MIC XGBoost Model","202503101","W1 score: 0.88, CI[0.86, 0.90]","Computational Method","",""
57045,"57045.18","Salmonella enterica subsp. enterica serovar Paratyphi B strain 52","ceftriaxone","","0.25","","0.25","mg/L","","","","","","","MIC XGBoost Model","202503101","W1 score: 0.95, CI[0.94, 0.96]","Computational Method","",""
57045,"57045.18","Salmonella enterica subsp. enterica serovar Paratyphi B strain 52","cefotaxime","","16.0","","16.0","mg/L","","","","","","","MIC XGBoost Model","202503101","W1 score: 0.95, CI[0.89, 1.00]","Computational Method","",""
57045,"57045.18","Salmonella enterica subsp. enterica serovar Paratyphi B strain 52","sulfisoxazole","","32.0","","32.0","mg/L","","","","","","","MIC XGBoost Model","202503101","W1 score: 0.98, CI[0.97, 0.99]","Computational Method","",""
57045,"57045.18","Salmonella enterica subsp. enterica serovar Paratyphi B strain 52","cefoxitin","","2.0","","2.0","mg/L","","","","","","","MIC XGBoost Model","202503101","W1 score: 0.98, CI[0.97, 1.00]","Computational Method","",""
57045,"57045.18","Salmonella enterica subsp. enterica serovar Paratyphi B strain 52","gentamicin","","0.5","","0.5","mg/L","","","","","","","MIC XGBoost Model","202503101","W1 score: 0.97, CI[0.95, 0.99]","Computational Method","",""
57045,"57045.18","Salmonella enterica subsp. enterica serovar Paratyphi B strain 52","kanamycin","","8.0","","8.0","mg/L","","","","","","","MIC XGBoost Model","202503101","W1 score: 0.99, CI[0.98, 1.01]","Computational Method","",""
57045,"57045.18","Salmonella enterica subsp. enterica serovar Paratyphi B strain 52","meropenem","","0.25","","0.25","mg/L","","","","","","","MIC XGBoost Model","202503101","W1 score: 0.95, CI[0.90, 1.01]","Computational Method","",""
57045,"57045.18","Salmonella enterica subsp. enterica serovar Paratyphi B strain 52","nalidixic acid","","4.0","","4.0","mg/L","","","","","","","MIC XGBoost Model","202503101","W1 score: 0.98, CI[0.97, 0.99]","Computational Method","",""
57045,"57045.18","Salmonella enterica subsp. enterica serovar Paratyphi B strain 52","streptomycin","","16.0","","16.0","mg/L","","","","","","","MIC XGBoost Model","202503101","W1 score: 0.92, CI[0.90, 0.93]","Computational Method","",""
57045,"57045.18","Salmonella enterica subsp. enterica serovar Paratyphi B strain 52","tetracycline","","8.0","","8.0","mg/L","","","","","","","MIC XGBoost Model","202503101","W1 score: 0.99, CI[0.98, 0.99]","Computational Method","",""
57045,"57045.18","Salmonella enterica subsp. enterica serovar Paratyphi B strain 52","ceftiofur","","1.0","","1.0","mg/L","","","","","","","MIC XGBoost Model","202503101","W1 score: 0.99, CI[0.98, 0.99]","Computational Method","",""
57045,"57045.19","Salmonella enterica subsp. enterica serovar Paratyphi B strain 17","amoxicillin/clavulanic acid","","1.0","","1.0","mg/L","","","","","","","MIC XGBoost Model","202503101","W1 score: 0.98, CI[0.96, 0.99]","Computational Method","",""
57045,"57045.19","Salmonella enterica subsp. enterica serovar Paratyphi B strain 17","ampicillin","","2.0","","2.0","mg/L","","","","","","","MIC XGBoost Model","202503101","W1 score: 0.96, CI[0.95, 0.97]","Computational Method","",""
57045,"57045.19","Salmonella enterica subsp. enterica serovar Paratyphi B strain 17","azithromycin","","4.0","","4.0","mg/L","","","","","","","MIC XGBoost Model","202503101","W1 score: 0.99, CI[0.98, 1.00]","Computational Method","",""
57045,"57045.19","Salmonella enterica subsp. enterica serovar Paratyphi B strain 17","ceftazidime","","16.0","","16.0","mg/L","","","","","","","MIC XGBoost Model","202503101","W1 score: 0.93, CI[0.88, 0.99]","Computational Method","",""
57045,"57045.19","Salmonella enterica subsp. enterica serovar Paratyphi B strain 17","chloramphenicol","","8.0","","8.0","mg/L","","","","","","","MIC XGBoost Model","202503101","W1 score: 0.99, CI[0.98, 1.00]","Computational Method","",""
57045,"57045.19","Salmonella enterica subsp. enterica serovar Paratyphi B strain 17","ciprofloxacin","","0.015625","","0.015625","mg/L","","","","","","","MIC XGBoost Model","202503101","W1 score: 0.88, CI[0.86, 0.90]","Computational Method","",""
57045,"57045.19","Salmonella enterica subsp. enterica serovar Paratyphi B strain 17","ceftriaxone","","0.25","","0.25","mg/L","","","","","","","MIC XGBoost Model","202503101","W1 score: 0.95, CI[0.94, 0.96]","Computational Method","",""
57045,"57045.19","Salmonella enterica subsp. enterica serovar Paratyphi B strain 17","cefotaxime","","16.0","","16.0","mg/L","","","","","","","MIC XGBoost Model","202503101","W1 score: 0.95, CI[0.89, 1.00]","Computational Method","",""
57045,"57045.19","Salmonella enterica subsp. enterica serovar Paratyphi B strain 17","sulfisoxazole","","32.0","","32.0","mg/L","","","","","","","MIC XGBoost Model","202503101","W1 score: 0.98, CI[0.97, 0.99]","Computational Method","",""
57045,"57045.19","Salmonella enterica subsp. enterica serovar Paratyphi B strain 17","cefoxitin","","2.0","","2.0","mg/L","","","","","","","MIC XGBoost Model","202503101","W1 score: 0.98, CI[0.97, 1.00]","Computational Method","",""
57045,"57045.19","Salmonella enterica subsp. enterica serovar Paratyphi B strain 17","gentamicin","","0.5","","0.5","mg/L","","","","","","","MIC XGBoost Model","202503101","W1 score: 0.97, CI[0.95, 0.99]","Computational Method","",""
57045,"57045.19","Salmonella enterica subsp. enterica serovar Paratyphi B strain 17","kanamycin","","8.0","","8.0","mg/L","","","","","","","MIC XGBoost Model","202503101","W1 score: 0.99, CI[0.98, 1.01]","Computational Method","",""
57045,"57045.19","Salmonella enterica subsp. enterica serovar Paratyphi B strain 17","meropenem","","0.25","","0.25","mg/L","","","","","","","MIC XGBoost Model","202503101","W1 score: 0.95, CI[0.90, 1.01]","Computational Method","",""
57045,"57045.19","Salmonella enterica subsp. enterica serovar Paratyphi B strain 17","nalidixic acid","","4.0","","4.0","mg/L","","","","","","","MIC XGBoost Model","202503101","W1 score: 0.98, CI[0.97, 0.99]","Computational Method","",""
57045,"57045.19","Salmonella enterica subsp. enterica serovar Paratyphi B strain 17","streptomycin","","16.0","","16.0","mg/L","","","","","","","MIC XGBoost Model","202503101","W1 score: 0.92, CI[0.90, 0.93]","Computational Method","",""
57045,"57045.19","Salmonella enterica subsp. enterica serovar Paratyphi B strain 17","tetracycline","","8.0","","8.0","mg/L","","","","","","","MIC XGBoost Model","202503101","W1 score: 0.99, CI[0.98, 0.99]","Computational Method","",""
57045,"57045.19","Salmonella enterica subsp. enterica serovar Paratyphi B strain 17","ceftiofur","","1.0","","1.0","mg/L","","","","","","","MIC XGBoost Model","202503101","W1 score: 0.99, CI[0.98, 0.99]","Computational Method","",""
57045,"57045.20","Salmonella enterica subsp. enterica serovar Paratyphi B strain RML 7856","amoxicillin/clavulanic acid","","1.0","","1.0","mg/L","","","","","","","MIC XGBoost Model","202503101","W1 score: 0.98, CI[0.96, 0.99]","Computational Method","",""
57045,"57045.20","Salmonella enterica subsp. enterica serovar Paratyphi B strain RML 7856","ampicillin","","1.0","","1.0","mg/L","","","","","","","MIC XGBoost Model","202503101","W1 score: 0.96, CI[0.95, 0.97]","Computational Method","",""
57045,"57045.20","Salmonella enterica subsp. enterica serovar Paratyphi B strain RML 7856","azithromycin","","4.0","","4.0","mg/L","","","","","","","MIC XGBoost Model","202503101","W1 score: 0.99, CI[0.98, 1.00]","Computational Method","",""
57045,"57045.20","Salmonella enterica subsp. enterica serovar Paratyphi B strain RML 7856","ceftazidime","","16.0","","16.0","mg/L","","","","","","","MIC XGBoost Model","202503101","W1 score: 0.93, CI[0.88, 0.99]","Computational Method","",""
57045,"57045.20","Salmonella enterica subsp. enterica serovar Paratyphi B strain RML 7856","chloramphenicol","","8.0","","8.0","mg/L","","","","","","","MIC XGBoost Model","202503101","W1 score: 0.99, CI[0.98, 1.00]","Computational Method","",""
57045,"57045.20","Salmonella enterica subsp. enterica serovar Paratyphi B strain RML 7856","ciprofloxacin","","0.03125","","0.03125","mg/L","","","","","","","MIC XGBoost Model","202503101","W1 score: 0.88, CI[0.86, 0.90]","Computational Method","",""
57045,"57045.20","Salmonella enterica subsp. enterica serovar Paratyphi B strain RML 7856","ceftriaxone","","0.25","","0.25","mg/L","","","","","","","MIC XGBoost Model","202503101","W1 score: 0.95, CI[0.94, 0.96]","Computational Method","",""
57045,"57045.20","Salmonella enterica subsp. enterica serovar Paratyphi B strain RML 7856","cefotaxime","","16.0","","16.0","mg/L","","","","","","","MIC XGBoost Model","202503101","W1 score: 0.95, CI[0.89, 1.00]","Computational Method","",""
57045,"57045.20","Salmonella enterica subsp. enterica serovar Paratyphi B strain RML 7856","sulfisoxazole","","32.0","","32.0","mg/L","","","","","","","MIC XGBoost Model","202503101","W1 score: 0.98, CI[0.97, 0.99]","Computational Method","",""
57045,"57045.20","Salmonella enterica subsp. enterica serovar Paratyphi B strain RML 7856","cefoxitin","","2.0","","2.0","mg/L","","","","","","","MIC XGBoost Model","202503101","W1 score: 0.98, CI[0.97, 1.00]","Computational Method","",""
57045,"57045.20","Salmonella enterica subsp. enterica serovar Paratyphi B strain RML 7856","gentamicin","","0.5","","0.5","mg/L","","","","","","","MIC XGBoost Model","202503101","W1 score: 0.97, CI[0.95, 0.99]","Computational Method","",""
57045,"57045.20","Salmonella enterica subsp. enterica serovar Paratyphi B strain RML 7856","kanamycin","","8.0","","8.0","mg/L","","","","","","","MIC XGBoost Model","202503101","W1 score: 0.99, CI[0.98, 1.01]","Computational Method","",""
57045,"57045.20","Salmonella enterica subsp. enterica serovar Paratyphi B strain RML 7856","meropenem","","0.125","","0.125","mg/L","","","","","","","MIC XGBoost Model","202503101","W1 score: 0.95, CI[0.90, 1.01]","Computational Method","",""
57045,"57045.20","Salmonella enterica subsp. enterica serovar Paratyphi B strain RML 7856","nalidixic acid","","4.0","","4.0","mg/L","","","","","","","MIC XGBoost Model","202503101","W1 score: 0.98, CI[0.97, 0.99]","Computational Method","",""
57045,"57045.20","Salmonella enterica subsp. enterica serovar Paratyphi B strain RML 7856","streptomycin","","16.0","","16.0","mg/L","","","","","","","MIC XGBoost Model","202503101","W1 score: 0.92, CI[0.90, 0.93]","Computational Method","",""
57045,"57045.20","Salmonella enterica subsp. enterica serovar Paratyphi B strain RML 7856","tetracycline","","4.0","","4.0","mg/L","","","","","","","MIC XGBoost Model","202503101","W1 score: 0.99, CI[0.98, 0.99]","Computational Method","",""
57045,"57045.20","Salmonella enterica subsp. enterica serovar Paratyphi B strain RML 7856","ceftiofur","","1.0","","1.0","mg/L","","","","","","","MIC XGBoost Model","202503101","W1 score: 0.99, CI[0.98, 0.99]","Computational Method","",""
57045,"57045.21","Salmonella enterica subsp. enterica serovar Paratyphi B strain RPO 6464","amoxicillin/clavulanic acid","","1.0","","1.0","mg/L","","","","","","","MIC XGBoost Model","202503101","W1 score: 0.98, CI[0.96, 0.99]","Computational Method","",""
57045,"57045.21","Salmonella enterica subsp. enterica serovar Paratyphi B strain RPO 6464","ampicillin","","1.0","","1.0","mg/L","","","","","","","MIC XGBoost Model","202503101","W1 score: 0.96, CI[0.95, 0.97]","Computational Method","",""
57045,"57045.21","Salmonella enterica subsp. enterica serovar Paratyphi B strain RPO 6464","azithromycin","","4.0","","4.0","mg/L","","","","","","","MIC XGBoost Model","202503101","W1 score: 0.99, CI[0.98, 1.00]","Computational Method","",""
57045,"57045.21","Salmonella enterica subsp. enterica serovar Paratyphi B strain RPO 6464","ceftazidime","","16.0","","16.0","mg/L","","","","","","","MIC XGBoost Model","202503101","W1 score: 0.93, CI[0.88, 0.99]","Computational Method","",""
57045,"57045.21","Salmonella enterica subsp. enterica serovar Paratyphi B strain RPO 6464","chloramphenicol","","8.0","","8.0","mg/L","","","","","","","MIC XGBoost Model","202503101","W1 score: 0.99, CI[0.98, 1.00]","Computational Method","",""
57045,"57045.21","Salmonella enterica subsp. enterica serovar Paratyphi B strain RPO 6464","ciprofloxacin","","0.03125","","0.03125","mg/L","","","","","","","MIC XGBoost Model","202503101","W1 score: 0.88, CI[0.86, 0.90]","Computational Method","",""
57045,"57045.21","Salmonella enterica subsp. enterica serovar Paratyphi B strain RPO 6464","ceftriaxone","","0.25","","0.25","mg/L","","","","","","","MIC XGBoost Model","202503101","W1 score: 0.95, CI[0.94, 0.96]","Computational Method","",""
57045,"57045.21","Salmonella enterica subsp. enterica serovar Paratyphi B strain RPO 6464","cefotaxime","","16.0","","16.0","mg/L","","","","","","","MIC XGBoost Model","202503101","W1 score: 0.95, CI[0.89, 1.00]","Computational Method","",""
57045,"57045.21","Salmonella enterica subsp. enterica serovar Paratyphi B strain RPO 6464","sulfisoxazole","","32.0","","32.0","mg/L","","","","","","","MIC XGBoost Model","202503101","W1 score: 0.98, CI[0.97, 0.99]","Computational Method","",""
57045,"57045.21","Salmonella enterica subsp. enterica serovar Paratyphi B strain RPO 6464","cefoxitin","","2.0","","2.0","mg/L","","","","","","","MIC XGBoost Model","202503101","W1 score: 0.98, CI[0.97, 1.00]","Computational Method","",""
57045,"57045.21","Salmonella enterica subsp. enterica serovar Paratyphi B strain RPO 6464","gentamicin","","0.5","","0.5","mg/L","","","","","","","MIC XGBoost Model","202503101","W1 score: 0.97, CI[0.95, 0.99]","Computational Method","",""
57045,"57045.21","Salmonella enterica subsp. enterica serovar Paratyphi B strain RPO 6464","kanamycin","","8.0","","8.0","mg/L","","","","","","","MIC XGBoost Model","202503101","W1 score: 0.99, CI[0.98, 1.01]","Computational Method","",""
57045,"57045.21","Salmonella enterica subsp. enterica serovar Paratyphi B strain RPO 6464","meropenem","","0.125","","0.125","mg/L","","","","","","","MIC XGBoost Model","202503101","W1 score: 0.95, CI[0.90, 1.01]","Computational Method","",""
57045,"57045.21","Salmonella enterica subsp. enterica serovar Paratyphi B strain RPO 6464","nalidixic acid","","4.0","","4.0","mg/L","","","","","","","MIC XGBoost Model","202503101","W1 score: 0.98, CI[0.97, 0.99]","Computational Method","",""
57045,"57045.21","Salmonella enterica subsp. enterica serovar Paratyphi B strain RPO 6464","streptomycin","","32.0","","32.0","mg/L","","","","","","","MIC XGBoost Model","202503101","W1 score: 0.92, CI[0.90, 0.93]","Computational Method","",""
57045,"57045.21","Salmonella enterica subsp. enterica serovar Paratyphi B strain RPO 6464","tetracycline","","4.0","","4.0","mg/L","","","","","","","MIC XGBoost Model","202503101","W1 score: 0.99, CI[0.98, 0.99]","Computational Method","",""
57045,"57045.21","Salmonella enterica subsp. enterica serovar Paratyphi B strain RPO 6464","ceftiofur","","1.0","","1.0","mg/L","","","","","","","MIC XGBoost Model","202503101","W1 score: 0.99, CI[0.98, 0.99]","Computational Method","",""
57045,"57045.22","Salmonella enterica subsp. enterica serovar Paratyphi B strain JSV 7371","amoxicillin/clavulanic acid","","1.0","","1.0","mg/L","","","","","","","MIC XGBoost Model","202503101","W1 score: 0.98, CI[0.96, 0.99]","Computational Method","",""
57045,"57045.22","Salmonella enterica subsp. enterica serovar Paratyphi B strain JSV 7371","ampicillin","","1.0","","1.0","mg/L","","","","","","","MIC XGBoost Model","202503101","W1 score: 0.96, CI[0.95, 0.97]","Computational Method","",""
57045,"57045.22","Salmonella enterica subsp. enterica serovar Paratyphi B strain JSV 7371","azithromycin","","4.0","","4.0","mg/L","","","","","","","MIC XGBoost Model","202503101","W1 score: 0.99, CI[0.98, 1.00]","Computational Method","",""
57045,"57045.22","Salmonella enterica subsp. enterica serovar Paratyphi B strain JSV 7371","ceftazidime","","16.0","","16.0","mg/L","","","","","","","MIC XGBoost Model","202503101","W1 score: 0.93, CI[0.88, 0.99]","Computational Method","",""
57045,"57045.22","Salmonella enterica subsp. enterica serovar Paratyphi B strain JSV 7371","chloramphenicol","","8.0","","8.0","mg/L","","","","","","","MIC XGBoost Model","202503101","W1 score: 0.99, CI[0.98, 1.00]","Computational Method","",""
57045,"57045.22","Salmonella enterica subsp. enterica serovar Paratyphi B strain JSV 7371","ciprofloxacin","","0.03125","","0.03125","mg/L","","","","","","","MIC XGBoost Model","202503101","W1 score: 0.88, CI[0.86, 0.90]","Computational Method","",""
57045,"57045.22","Salmonella enterica subsp. enterica serovar Paratyphi B strain JSV 7371","ceftriaxone","","0.25","","0.25","mg/L","","","","","","","MIC XGBoost Model","202503101","W1 score: 0.95, CI[0.94, 0.96]","Computational Method","",""
57045,"57045.22","Salmonella enterica subsp. enterica serovar Paratyphi B strain JSV 7371","cefotaxime","","16.0","","16.0","mg/L","","","","","","","MIC XGBoost Model","202503101","W1 score: 0.95, CI[0.89, 1.00]","Computational Method","",""
57045,"57045.22","Salmonella enterica subsp. enterica serovar Paratyphi B strain JSV 7371","sulfisoxazole","","32.0","","32.0","mg/L","","","","","","","MIC XGBoost Model","202503101","W1 score: 0.98, CI[0.97, 0.99]","Computational Method","",""
57045,"57045.22","Salmonella enterica subsp. enterica serovar Paratyphi B strain JSV 7371","cefoxitin","","2.0","","2.0","mg/L","","","","","","","MIC XGBoost Model","202503101","W1 score: 0.98, CI[0.97, 1.00]","Computational Method","",""
57045,"57045.22","Salmonella enterica subsp. enterica serovar Paratyphi B strain JSV 7371","gentamicin","","0.5","","0.5","mg/L","","","","","","","MIC XGBoost Model","202503101","W1 score: 0.97, CI[0.95, 0.99]","Computational Method","",""
57045,"57045.22","Salmonella enterica subsp. enterica serovar Paratyphi B strain JSV 7371","kanamycin","","8.0","","8.0","mg/L","","","","","","","MIC XGBoost Model","202503101","W1 score: 0.99, CI[0.98, 1.01]","Computational Method","",""
57045,"57045.22","Salmonella enterica subsp. enterica serovar Paratyphi B strain JSV 7371","meropenem","","0.25","","0.25","mg/L","","","","","","","MIC XGBoost Model","202503101","W1 score: 0.95, CI[0.90, 1.01]","Computational Method","",""
57045,"57045.22","Salmonella enterica subsp. enterica serovar Paratyphi B strain JSV 7371","nalidixic acid","","4.0","","4.0","mg/L","","","","","","","MIC XGBoost Model","202503101","W1 score: 0.98, CI[0.97, 0.99]","Computational Method","",""
57045,"57045.22","Salmonella enterica subsp. enterica serovar Paratyphi B strain JSV 7371","streptomycin","","16.0","","16.0","mg/L","","","","","","","MIC XGBoost Model","202503101","W1 score: 0.92, CI[0.90, 0.93]","Computational Method","",""
57045,"57045.22","Salmonella enterica subsp. enterica serovar Paratyphi B strain JSV 7371","tetracycline","","4.0","","4.0","mg/L","","","","","","","MIC XGBoost Model","202503101","W1 score: 0.99, CI[0.98, 0.99]","Computational Method","",""
57045,"57045.22","Salmonella enterica subsp. enterica serovar Paratyphi B strain JSV 7371","ceftiofur","","1.0","","1.0","mg/L","","","","","","","MIC XGBoost Model","202503101","W1 score: 0.99, CI[0.98, 0.99]","Computational Method","",""
57045,"57045.23","Salmonella enterica subsp. enterica serovar Paratyphi B strain 7020","amoxicillin/clavulanic acid","","1.0","","1.0","mg/L","","","","","","","MIC XGBoost Model","202503101","W1 score: 0.98, CI[0.96, 0.99]","Computational Method","",""
57045,"57045.23","Salmonella enterica subsp. enterica serovar Paratyphi B strain 7020","ampicillin","","1.0","","1.0","mg/L","","","","","","","MIC XGBoost Model","202503101","W1 score: 0.96, CI[0.95, 0.97]","Computational Method","",""
57045,"57045.23","Salmonella enterica subsp. enterica serovar Paratyphi B strain 7020","azithromycin","","4.0","","4.0","mg/L","","","","","","","MIC XGBoost Model","202503101","W1 score: 0.99, CI[0.98, 1.00]","Computational Method","",""
57045,"57045.23","Salmonella enterica subsp. enterica serovar Paratyphi B strain 7020","ceftazidime","","16.0","","16.0","mg/L","","","","","","","MIC XGBoost Model","202503101","W1 score: 0.93, CI[0.88, 0.99]","Computational Method","",""
57045,"57045.23","Salmonella enterica subsp. enterica serovar Paratyphi B strain 7020","chloramphenicol","","8.0","","8.0","mg/L","","","","","","","MIC XGBoost Model","202503101","W1 score: 0.99, CI[0.98, 1.00]","Computational Method","",""
57045,"57045.23","Salmonella enterica subsp. enterica serovar Paratyphi B strain 7020","ciprofloxacin","","0.03125","","0.03125","mg/L","","","","","","","MIC XGBoost Model","202503101","W1 score: 0.88, CI[0.86, 0.90]","Computational Method","",""
57045,"57045.23","Salmonella enterica subsp. enterica serovar Paratyphi B strain 7020","ceftriaxone","","0.25","","0.25","mg/L","","","","","","","MIC XGBoost Model","202503101","W1 score: 0.95, CI[0.94, 0.96]","Computational Method","",""
57045,"57045.23","Salmonella enterica subsp. enterica serovar Paratyphi B strain 7020","cefotaxime","","16.0","","16.0","mg/L","","","","","","","MIC XGBoost Model","202503101","W1 score: 0.95, CI[0.89, 1.00]","Computational Method","",""
57045,"57045.23","Salmonella enterica subsp. enterica serovar Paratyphi B strain 7020","sulfisoxazole","","32.0","","32.0","mg/L","","","","","","","MIC XGBoost Model","202503101","W1 score: 0.98, CI[0.97, 0.99]","Computational Method","",""
57045,"57045.23","Salmonella enterica subsp. enterica serovar Paratyphi B strain 7020","cefoxitin","","2.0","","2.0","mg/L","","","","","","","MIC XGBoost Model","202503101","W1 score: 0.98, CI[0.97, 1.00]","Computational Method","",""
57045,"57045.23","Salmonella enterica subsp. enterica serovar Paratyphi B strain 7020","gentamicin","","0.5","","0.5","mg/L","","","","","","","MIC XGBoost Model","202503101","W1 score: 0.97, CI[0.95, 0.99]","Computational Method","",""
57045,"57045.23","Salmonella enterica subsp. enterica serovar Paratyphi B strain 7020","kanamycin","","8.0","","8.0","mg/L","","","","","","","MIC XGBoost Model","202503101","W1 score: 0.99, CI[0.98, 1.01]","Computational Method","",""
57045,"57045.23","Salmonella enterica subsp. enterica serovar Paratyphi B strain 7020","meropenem","","0.125","","0.125","mg/L","","","","","","","MIC XGBoost Model","202503101","W1 score: 0.95, CI[0.90, 1.01]","Computational Method","",""
57045,"57045.23","Salmonella enterica subsp. enterica serovar Paratyphi B strain 7020","nalidixic acid","","4.0","","4.0","mg/L","","","","","","","MIC XGBoost Model","202503101","W1 score: 0.98, CI[0.97, 0.99]","Computational Method","",""
57045,"57045.23","Salmonella enterica subsp. enterica serovar Paratyphi B strain 7020","streptomycin","","16.0","","16.0","mg/L","","","","","","","MIC XGBoost Model","202503101","W1 score: 0.92, CI[0.90, 0.93]","Computational Method","",""
57045,"57045.23","Salmonella enterica subsp. enterica serovar Paratyphi B strain 7020","tetracycline","","4.0","","4.0","mg/L","","","","","","","MIC XGBoost Model","202503101","W1 score: 0.99, CI[0.98, 0.99]","Computational Method","",""
57045,"57045.23","Salmonella enterica subsp. enterica serovar Paratyphi B strain 7020","ceftiofur","","1.0","","1.0","mg/L","","","","","","","MIC XGBoost Model","202503101","W1 score: 0.99, CI[0.98, 0.99]","Computational Method","",""
57045,"57045.24","Salmonella enterica subsp. enterica serovar Paratyphi B strain PMP 2097","amoxicillin/clavulanic acid","","1.0","","1.0","mg/L","","","","","","","MIC XGBoost Model","202503101","W1 score: 0.98, CI[0.96, 0.99]","Computational Method","",""
57045,"57045.24","Salmonella enterica subsp. enterica serovar Paratyphi B strain PMP 2097","ampicillin","","1.0","","1.0","mg/L","","","","","","","MIC XGBoost Model","202503101","W1 score: 0.96, CI[0.95, 0.97]","Computational Method","",""
57045,"57045.24","Salmonella enterica subsp. enterica serovar Paratyphi B strain PMP 2097","azithromycin","","4.0","","4.0","mg/L","","","","","","","MIC XGBoost Model","202503101","W1 score: 0.99, CI[0.98, 1.00]","Computational Method","",""
57045,"57045.24","Salmonella enterica subsp. enterica serovar Paratyphi B strain PMP 2097","ceftazidime","","16.0","","16.0","mg/L","","","","","","","MIC XGBoost Model","202503101","W1 score: 0.93, CI[0.88, 0.99]","Computational Method","",""
57045,"57045.24","Salmonella enterica subsp. enterica serovar Paratyphi B strain PMP 2097","chloramphenicol","","8.0","","8.0","mg/L","","","","","","","MIC XGBoost Model","202503101","W1 score: 0.99, CI[0.98, 1.00]","Computational Method","",""
57045,"57045.24","Salmonella enterica subsp. enterica serovar Paratyphi B strain PMP 2097","ciprofloxacin","","0.03125","","0.03125","mg/L","","","","","","","MIC XGBoost Model","202503101","W1 score: 0.88, CI[0.86, 0.90]","Computational Method","",""
57045,"57045.24","Salmonella enterica subsp. enterica serovar Paratyphi B strain PMP 2097","ceftriaxone","","0.25","","0.25","mg/L","","","","","","","MIC XGBoost Model","202503101","W1 score: 0.95, CI[0.94, 0.96]","Computational Method","",""
57045,"57045.24","Salmonella enterica subsp. enterica serovar Paratyphi B strain PMP 2097","cefotaxime","","16.0","","16.0","mg/L","","","","","","","MIC XGBoost Model","202503101","W1 score: 0.95, CI[0.89, 1.00]","Computational Method","",""
57045,"57045.24","Salmonella enterica subsp. enterica serovar Paratyphi B strain PMP 2097","sulfisoxazole","","32.0","","32.0","mg/L","","","","","","","MIC XGBoost Model","202503101","W1 score: 0.98, CI[0.97, 0.99]","Computational Method","",""
57045,"57045.24","Salmonella enterica subsp. enterica serovar Paratyphi B strain PMP 2097","cefoxitin","","2.0","","2.0","mg/L","","","","","","","MIC XGBoost Model","202503101","W1 score: 0.98, CI[0.97, 1.00]","Computational Method","",""
57045,"57045.24","Salmonella enterica subsp. enterica serovar Paratyphi B strain PMP 2097","gentamicin","","0.5","","0.5","mg/L","","","","","","","MIC XGBoost Model","202503101","W1 score: 0.97, CI[0.95, 0.99]","Computational Method","",""
57045,"57045.24","Salmonella enterica subsp. enterica serovar Paratyphi B strain PMP 2097","kanamycin","","8.0","","8.0","mg/L","","","","","","","MIC XGBoost Model","202503101","W1 score: 0.99, CI[0.98, 1.01]","Computational Method","",""
57045,"57045.24","Salmonella enterica subsp. enterica serovar Paratyphi B strain PMP 2097","meropenem","","0.25","","0.25","mg/L","","","","","","","MIC XGBoost Model","202503101","W1 score: 0.95, CI[0.90, 1.01]","Computational Method","",""
57045,"57045.24","Salmonella enterica subsp. enterica serovar Paratyphi B strain PMP 2097","nalidixic acid","","4.0","","4.0","mg/L","","","","","","","MIC XGBoost Model","202503101","W1 score: 0.98, CI[0.97, 0.99]","Computational Method","",""
57045,"57045.24","Salmonella enterica subsp. enterica serovar Paratyphi B strain PMP 2097","streptomycin","","16.0","","16.0","mg/L","","","","","","","MIC XGBoost Model","202503101","W1 score: 0.92, CI[0.90, 0.93]","Computational Method","",""
57045,"57045.24","Salmonella enterica subsp. enterica serovar Paratyphi B strain PMP 2097","tetracycline","","4.0","","4.0","mg/L","","","","","","","MIC XGBoost Model","202503101","W1 score: 0.99, CI[0.98, 0.99]","Computational Method","",""
57045,"57045.24","Salmonella enterica subsp. enterica serovar Paratyphi B strain PMP 2097","ceftiofur","","1.0","","1.0","mg/L","","","","","","","MIC XGBoost Model","202503101","W1 score: 0.99, CI[0.98, 0.99]","Computational Method","",""
57045,"57045.25","Salmonella enterica subsp. enterica serovar Paratyphi B strain MUG 6222","amoxicillin/clavulanic acid","","1.0","","1.0","mg/L","","","","","","","MIC XGBoost Model","202503101","W1 score: 0.98, CI[0.96, 0.99]","Computational Method","",""
57045,"57045.25","Salmonella enterica subsp. enterica serovar Paratyphi B strain MUG 6222","ampicillin","","1.0","","1.0","mg/L","","","","","","","MIC XGBoost Model","202503101","W1 score: 0.96, CI[0.95, 0.97]","Computational Method","",""
57045,"57045.25","Salmonella enterica subsp. enterica serovar Paratyphi B strain MUG 6222","azithromycin","","4.0","","4.0","mg/L","","","","","","","MIC XGBoost Model","202503101","W1 score: 0.99, CI[0.98, 1.00]","Computational Method","",""
57045,"57045.25","Salmonella enterica subsp. enterica serovar Paratyphi B strain MUG 6222","ceftazidime","","16.0","","16.0","mg/L","","","","","","","MIC XGBoost Model","202503101","W1 score: 0.93, CI[0.88, 0.99]","Computational Method","",""
57045,"57045.25","Salmonella enterica subsp. enterica serovar Paratyphi B strain MUG 6222","chloramphenicol","","8.0","","8.0","mg/L","","","","","","","MIC XGBoost Model","202503101","W1 score: 0.99, CI[0.98, 1.00]","Computational Method","",""
57045,"57045.25","Salmonella enterica subsp. enterica serovar Paratyphi B strain MUG 6222","ciprofloxacin","","0.015625","","0.015625","mg/L","","","","","","","MIC XGBoost Model","202503101","W1 score: 0.88, CI[0.86, 0.90]","Computational Method","",""
57045,"57045.25","Salmonella enterica subsp. enterica serovar Paratyphi B strain MUG 6222","ceftriaxone","","0.25","","0.25","mg/L","","","","","","","MIC XGBoost Model","202503101","W1 score: 0.95, CI[0.94, 0.96]","Computational Method","",""
57045,"57045.25","Salmonella enterica subsp. enterica serovar Paratyphi B strain MUG 6222","cefotaxime","","16.0","","16.0","mg/L","","","","","","","MIC XGBoost Model","202503101","W1 score: 0.95, CI[0.89, 1.00]","Computational Method","",""
57045,"57045.25","Salmonella enterica subsp. enterica serovar Paratyphi B strain MUG 6222","sulfisoxazole","","32.0","","32.0","mg/L","","","","","","","MIC XGBoost Model","202503101","W1 score: 0.98, CI[0.97, 0.99]","Computational Method","",""
57045,"57045.25","Salmonella enterica subsp. enterica serovar Paratyphi B strain MUG 6222","cefoxitin","","2.0","","2.0","mg/L","","","","","","","MIC XGBoost Model","202503101","W1 score: 0.98, CI[0.97, 1.00]","Computational Method","",""
57045,"57045.25","Salmonella enterica subsp. enterica serovar Paratyphi B strain MUG 6222","gentamicin","","0.5","","0.5","mg/L","","","","","","","MIC XGBoost Model","202503101","W1 score: 0.97, CI[0.95, 0.99]","Computational Method","",""
57045,"57045.25","Salmonella enterica subsp. enterica serovar Paratyphi B strain MUG 6222","kanamycin","","8.0","","8.0","mg/L","","","","","","","MIC XGBoost Model","202503101","W1 score: 0.99, CI[0.98, 1.01]","Computational Method","",""
57045,"57045.25","Salmonella enterica subsp. enterica serovar Paratyphi B strain MUG 6222","meropenem","","0.125","","0.125","mg/L","","","","","","","MIC XGBoost Model","202503101","W1 score: 0.95, CI[0.90, 1.01]","Computational Method","",""
57045,"57045.25","Salmonella enterica subsp. enterica serovar Paratyphi B strain MUG 6222","nalidixic acid","","4.0","","4.0","mg/L","","","","","","","MIC XGBoost Model","202503101","W1 score: 0.98, CI[0.97, 0.99]","Computational Method","",""
57045,"57045.25","Salmonella enterica subsp. enterica serovar Paratyphi B strain MUG 6222","streptomycin","","32.0","","32.0","mg/L","","","","","","","MIC XGBoost Model","202503101","W1 score: 0.92, CI[0.90, 0.93]","Computational Method","",""
57045,"57045.25","Salmonella enterica subsp. enterica serovar Paratyphi B strain MUG 6222","tetracycline","","4.0","","4.0","mg/L","","","","","","","MIC XGBoost Model","202503101","W1 score: 0.99, CI[0.98, 0.99]","Computational Method","",""
57045,"57045.25","Salmonella enterica subsp. enterica serovar Paratyphi B strain MUG 6222","ceftiofur","","1.0","","1.0","mg/L","","","","","","","MIC XGBoost Model","202503101","W1 score: 0.99, CI[0.98, 0.99]","Computational Method","",""
57045,"57045.26","Salmonella enterica subsp. enterica serovar Paratyphi B strain MNZ 6203","amoxicillin/clavulanic acid","","1.0","","1.0","mg/L","","","","","","","MIC XGBoost Model","202503101","W1 score: 0.98, CI[0.96, 0.99]","Computational Method","",""
57045,"57045.26","Salmonella enterica subsp. enterica serovar Paratyphi B strain MNZ 6203","ampicillin","","1.0","","1.0","mg/L","","","","","","","MIC XGBoost Model","202503101","W1 score: 0.96, CI[0.95, 0.97]","Computational Method","",""
57045,"57045.26","Salmonella enterica subsp. enterica serovar Paratyphi B strain MNZ 6203","azithromycin","","4.0","","4.0","mg/L","","","","","","","MIC XGBoost Model","202503101","W1 score: 0.99, CI[0.98, 1.00]","Computational Method","",""
57045,"57045.26","Salmonella enterica subsp. enterica serovar Paratyphi B strain MNZ 6203","ceftazidime","","16.0","","16.0","mg/L","","","","","","","MIC XGBoost Model","202503101","W1 score: 0.93, CI[0.88, 0.99]","Computational Method","",""
57045,"57045.26","Salmonella enterica subsp. enterica serovar Paratyphi B strain MNZ 6203","chloramphenicol","","8.0","","8.0","mg/L","","","","","","","MIC XGBoost Model","202503101","W1 score: 0.99, CI[0.98, 1.00]","Computational Method","",""
57045,"57045.26","Salmonella enterica subsp. enterica serovar Paratyphi B strain MNZ 6203","ciprofloxacin","","0.015625","","0.015625","mg/L","","","","","","","MIC XGBoost Model","202503101","W1 score: 0.88, CI[0.86, 0.90]","Computational Method","",""
57045,"57045.26","Salmonella enterica subsp. enterica serovar Paratyphi B strain MNZ 6203","ceftriaxone","","0.0625","","0.0625","mg/L","","","","","","","MIC XGBoost Model","202503101","W1 score: 0.95, CI[0.94, 0.96]","Computational Method","",""
57045,"57045.26","Salmonella enterica subsp. enterica serovar Paratyphi B strain MNZ 6203","cefotaxime","","32.0","","32.0","mg/L","","","","","","","MIC XGBoost Model","202503101","W1 score: 0.95, CI[0.89, 1.00]","Computational Method","",""
57045,"57045.26","Salmonella enterica subsp. enterica serovar Paratyphi B strain MNZ 6203","sulfisoxazole","","32.0","","32.0","mg/L","","","","","","","MIC XGBoost Model","202503101","W1 score: 0.98, CI[0.97, 0.99]","Computational Method","",""
57045,"57045.26","Salmonella enterica subsp. enterica serovar Paratyphi B strain MNZ 6203","cefoxitin","","2.0","","2.0","mg/L","","","","","","","MIC XGBoost Model","202503101","W1 score: 0.98, CI[0.97, 1.00]","Computational Method","",""
57045,"57045.26","Salmonella enterica subsp. enterica serovar Paratyphi B strain MNZ 6203","gentamicin","","0.5","","0.5","mg/L","","","","","","","MIC XGBoost Model","202503101","W1 score: 0.97, CI[0.95, 0.99]","Computational Method","",""
57045,"57045.26","Salmonella enterica subsp. enterica serovar Paratyphi B strain MNZ 6203","kanamycin","","8.0","","8.0","mg/L","","","","","","","MIC XGBoost Model","202503101","W1 score: 0.99, CI[0.98, 1.01]","Computational Method","",""
57045,"57045.26","Salmonella enterica subsp. enterica serovar Paratyphi B strain MNZ 6203","meropenem","","0.25","","0.25","mg/L","","","","","","","MIC XGBoost Model","202503101","W1 score: 0.95, CI[0.90, 1.01]","Computational Method","",""
57045,"57045.26","Salmonella enterica subsp. enterica serovar Paratyphi B strain MNZ 6203","nalidixic acid","","4.0","","4.0","mg/L","","","","","","","MIC XGBoost Model","202503101","W1 score: 0.98, CI[0.97, 0.99]","Computational Method","",""
57045,"57045.26","Salmonella enterica subsp. enterica serovar Paratyphi B strain MNZ 6203","streptomycin","","32.0","","32.0","mg/L","","","","","","","MIC XGBoost Model","202503101","W1 score: 0.92, CI[0.90, 0.93]","Computational Method","",""
57045,"57045.26","Salmonella enterica subsp. enterica serovar Paratyphi B strain MNZ 6203","tetracycline","","4.0","","4.0","mg/L","","","","","","","MIC XGBoost Model","202503101","W1 score: 0.99, CI[0.98, 0.99]","Computational Method","",""
57045,"57045.26","Salmonella enterica subsp. enterica serovar Paratyphi B strain MNZ 6203","ceftiofur","","1.0","","1.0","mg/L","","","","","","","MIC XGBoost Model","202503101","W1 score: 0.99, CI[0.98, 0.99]","Computational Method","",""
57045,"57045.27","Salmonella enterica subsp. enterica serovar Paratyphi B strain ELB 6380","amoxicillin/clavulanic acid","","1.0","","1.0","mg/L","","","","","","","MIC XGBoost Model","202503101","W1 score: 0.98, CI[0.96, 0.99]","Computational Method","",""
57045,"57045.27","Salmonella enterica subsp. enterica serovar Paratyphi B strain ELB 6380","ampicillin","","1.0","","1.0","mg/L","","","","","","","MIC XGBoost Model","202503101","W1 score: 0.96, CI[0.95, 0.97]","Computational Method","",""
57045,"57045.27","Salmonella enterica subsp. enterica serovar Paratyphi B strain ELB 6380","azithromycin","","4.0","","4.0","mg/L","","","","","","","MIC XGBoost Model","202503101","W1 score: 0.99, CI[0.98, 1.00]","Computational Method","",""
57045,"57045.27","Salmonella enterica subsp. enterica serovar Paratyphi B strain ELB 6380","ceftazidime","","16.0","","16.0","mg/L","","","","","","","MIC XGBoost Model","202503101","W1 score: 0.93, CI[0.88, 0.99]","Computational Method","",""
57045,"57045.27","Salmonella enterica subsp. enterica serovar Paratyphi B strain ELB 6380","chloramphenicol","","8.0","","8.0","mg/L","","","","","","","MIC XGBoost Model","202503101","W1 score: 0.99, CI[0.98, 1.00]","Computational Method","",""
57045,"57045.27","Salmonella enterica subsp. enterica serovar Paratyphi B strain ELB 6380","ciprofloxacin","","0.03125","","0.03125","mg/L","","","","","","","MIC XGBoost Model","202503101","W1 score: 0.88, CI[0.86, 0.90]","Computational Method","",""
57045,"57045.27","Salmonella enterica subsp. enterica serovar Paratyphi B strain ELB 6380","ceftriaxone","","0.25","","0.25","mg/L","","","","","","","MIC XGBoost Model","202503101","W1 score: 0.95, CI[0.94, 0.96]","Computational Method","",""
57045,"57045.27","Salmonella enterica subsp. enterica serovar Paratyphi B strain ELB 6380","cefotaxime","","16.0","","16.0","mg/L","","","","","","","MIC XGBoost Model","202503101","W1 score: 0.95, CI[0.89, 1.00]","Computational Method","",""
57045,"57045.27","Salmonella enterica subsp. enterica serovar Paratyphi B strain ELB 6380","sulfisoxazole","","32.0","","32.0","mg/L","","","","","","","MIC XGBoost Model","202503101","W1 score: 0.98, CI[0.97, 0.99]","Computational Method","",""
57045,"57045.27","Salmonella enterica subsp. enterica serovar Paratyphi B strain ELB 6380","cefoxitin","","2.0","","2.0","mg/L","","","","","","","MIC XGBoost Model","202503101","W1 score: 0.98, CI[0.97, 1.00]","Computational Method","",""
57045,"57045.27","Salmonella enterica subsp. enterica serovar Paratyphi B strain ELB 6380","gentamicin","","0.5","","0.5","mg/L","","","","","","","MIC XGBoost Model","202503101","W1 score: 0.97, CI[0.95, 0.99]","Computational Method","",""
57045,"57045.27","Salmonella enterica subsp. enterica serovar Paratyphi B strain ELB 6380","kanamycin","","8.0","","8.0","mg/L","","","","","","","MIC XGBoost Model","202503101","W1 score: 0.99, CI[0.98, 1.01]","Computational Method","",""
57045,"57045.27","Salmonella enterica subsp. enterica serovar Paratyphi B strain ELB 6380","meropenem","","0.25","","0.25","mg/L","","","","","","","MIC XGBoost Model","202503101","W1 score: 0.95, CI[0.90, 1.01]","Computational Method","",""
57045,"57045.27","Salmonella enterica subsp. enterica serovar Paratyphi B strain ELB 6380","nalidixic acid","","4.0","","4.0","mg/L","","","","","","","MIC XGBoost Model","202503101","W1 score: 0.98, CI[0.97, 0.99]","Computational Method","",""
57045,"57045.27","Salmonella enterica subsp. enterica serovar Paratyphi B strain ELB 6380","streptomycin","","16.0","","16.0","mg/L","","","","","","","MIC XGBoost Model","202503101","W1 score: 0.92, CI[0.90, 0.93]","Computational Method","",""
57045,"57045.27","Salmonella enterica subsp. enterica serovar Paratyphi B strain ELB 6380","tetracycline","","4.0","","4.0","mg/L","","","","","","","MIC XGBoost Model","202503101","W1 score: 0.99, CI[0.98, 0.99]","Computational Method","",""
57045,"57045.27","Salmonella enterica subsp. enterica serovar Paratyphi B strain ELB 6380","ceftiofur","","1.0","","1.0","mg/L","","","","","","","MIC XGBoost Model","202503101","W1 score: 0.99, CI[0.98, 0.99]","Computational Method","",""
57045,"57045.28","Salmonella enterica subsp. enterica serovar Paratyphi B strain DB 7403","amoxicillin/clavulanic acid","","1.0","","1.0","mg/L","","","","","","","MIC XGBoost Model","202503101","W1 score: 0.98, CI[0.96, 0.99]","Computational Method","",""
57045,"57045.28","Salmonella enterica subsp. enterica serovar Paratyphi B strain DB 7403","ampicillin","","1.0","","1.0","mg/L","","","","","","","MIC XGBoost Model","202503101","W1 score: 0.96, CI[0.95, 0.97]","Computational Method","",""
57045,"57045.28","Salmonella enterica subsp. enterica serovar Paratyphi B strain DB 7403","azithromycin","","4.0","","4.0","mg/L","","","","","","","MIC XGBoost Model","202503101","W1 score: 0.99, CI[0.98, 1.00]","Computational Method","",""
57045,"57045.28","Salmonella enterica subsp. enterica serovar Paratyphi B strain DB 7403","ceftazidime","","16.0","","16.0","mg/L","","","","","","","MIC XGBoost Model","202503101","W1 score: 0.93, CI[0.88, 0.99]","Computational Method","",""
57045,"57045.28","Salmonella enterica subsp. enterica serovar Paratyphi B strain DB 7403","chloramphenicol","","8.0","","8.0","mg/L","","","","","","","MIC XGBoost Model","202503101","W1 score: 0.99, CI[0.98, 1.00]","Computational Method","",""
57045,"57045.28","Salmonella enterica subsp. enterica serovar Paratyphi B strain DB 7403","ciprofloxacin","","0.03125","","0.03125","mg/L","","","","","","","MIC XGBoost Model","202503101","W1 score: 0.88, CI[0.86, 0.90]","Computational Method","",""
57045,"57045.28","Salmonella enterica subsp. enterica serovar Paratyphi B strain DB 7403","ceftriaxone","","0.25","","0.25","mg/L","","","","","","","MIC XGBoost Model","202503101","W1 score: 0.95, CI[0.94, 0.96]","Computational Method","",""
57045,"57045.28","Salmonella enterica subsp. enterica serovar Paratyphi B strain DB 7403","cefotaxime","","16.0","","16.0","mg/L","","","","","","","MIC XGBoost Model","202503101","W1 score: 0.95, CI[0.89, 1.00]","Computational Method","",""
57045,"57045.28","Salmonella enterica subsp. enterica serovar Paratyphi B strain DB 7403","sulfisoxazole","","32.0","","32.0","mg/L","","","","","","","MIC XGBoost Model","202503101","W1 score: 0.98, CI[0.97, 0.99]","Computational Method","",""
57045,"57045.28","Salmonella enterica subsp. enterica serovar Paratyphi B strain DB 7403","cefoxitin","","2.0","","2.0","mg/L","","","","","","","MIC XGBoost Model","202503101","W1 score: 0.98, CI[0.97, 1.00]","Computational Method","",""
57045,"57045.28","Salmonella enterica subsp. enterica serovar Paratyphi B strain DB 7403","gentamicin","","0.5","","0.5","mg/L","","","","","","","MIC XGBoost Model","202503101","W1 score: 0.97, CI[0.95, 0.99]","Computational Method","",""
57045,"57045.28","Salmonella enterica subsp. enterica serovar Paratyphi B strain DB 7403","kanamycin","","16.0","","16.0","mg/L","","","","","","","MIC XGBoost Model","202503101","W1 score: 0.99, CI[0.98, 1.01]","Computational Method","",""
57045,"57045.28","Salmonella enterica subsp. enterica serovar Paratyphi B strain DB 7403","meropenem","","0.125","","0.125","mg/L","","","","","","","MIC XGBoost Model","202503101","W1 score: 0.95, CI[0.90, 1.01]","Computational Method","",""
57045,"57045.28","Salmonella enterica subsp. enterica serovar Paratyphi B strain DB 7403","nalidixic acid","","4.0","","4.0","mg/L","","","","","","","MIC XGBoost Model","202503101","W1 score: 0.98, CI[0.97, 0.99]","Computational Method","",""
57045,"57045.28","Salmonella enterica subsp. enterica serovar Paratyphi B strain DB 7403","streptomycin","","32.0","","32.0","mg/L","","","","","","","MIC XGBoost Model","202503101","W1 score: 0.92, CI[0.90, 0.93]","Computational Method","",""
57045,"57045.28","Salmonella enterica subsp. enterica serovar Paratyphi B strain DB 7403","tetracycline","","4.0","","4.0","mg/L","","","","","","","MIC XGBoost Model","202503101","W1 score: 0.99, CI[0.98, 0.99]","Computational Method","",""
57045,"57045.28","Salmonella enterica subsp. enterica serovar Paratyphi B strain DB 7403","ceftiofur","","1.0","","1.0","mg/L","","","","","","","MIC XGBoost Model","202503101","W1 score: 0.99, CI[0.98, 0.99]","Computational Method","",""
57045,"57045.29","Salmonella enterica subsp. enterica serovar Paratyphi B strain BAS 9","amoxicillin/clavulanic acid","","1.0","","1.0","mg/L","","","","","","","MIC XGBoost Model","202503101","W1 score: 0.98, CI[0.96, 0.99]","Computational Method","",""
57045,"57045.29","Salmonella enterica subsp. enterica serovar Paratyphi B strain BAS 9","ampicillin","","1.0","","1.0","mg/L","","","","","","","MIC XGBoost Model","202503101","W1 score: 0.96, CI[0.95, 0.97]","Computational Method","",""
57045,"57045.29","Salmonella enterica subsp. enterica serovar Paratyphi B strain BAS 9","azithromycin","","4.0","","4.0","mg/L","","","","","","","MIC XGBoost Model","202503101","W1 score: 0.99, CI[0.98, 1.00]","Computational Method","",""
57045,"57045.29","Salmonella enterica subsp. enterica serovar Paratyphi B strain BAS 9","ceftazidime","","8.0","","8.0","mg/L","","","","","","","MIC XGBoost Model","202503101","W1 score: 0.93, CI[0.88, 0.99]","Computational Method","",""
57045,"57045.29","Salmonella enterica subsp. enterica serovar Paratyphi B strain BAS 9","chloramphenicol","","8.0","","8.0","mg/L","","","","","","","MIC XGBoost Model","202503101","W1 score: 0.99, CI[0.98, 1.00]","Computational Method","",""
57045,"57045.29","Salmonella enterica subsp. enterica serovar Paratyphi B strain BAS 9","ciprofloxacin","","0.03125","","0.03125","mg/L","","","","","","","MIC XGBoost Model","202503101","W1 score: 0.88, CI[0.86, 0.90]","Computational Method","",""
57045,"57045.29","Salmonella enterica subsp. enterica serovar Paratyphi B strain BAS 9","ceftriaxone","","0.25","","0.25","mg/L","","","","","","","MIC XGBoost Model","202503101","W1 score: 0.95, CI[0.94, 0.96]","Computational Method","",""
57045,"57045.29","Salmonella enterica subsp. enterica serovar Paratyphi B strain BAS 9","cefotaxime","","16.0","","16.0","mg/L","","","","","","","MIC XGBoost Model","202503101","W1 score: 0.95, CI[0.89, 1.00]","Computational Method","",""
57045,"57045.29","Salmonella enterica subsp. enterica serovar Paratyphi B strain BAS 9","sulfisoxazole","","32.0","","32.0","mg/L","","","","","","","MIC XGBoost Model","202503101","W1 score: 0.98, CI[0.97, 0.99]","Computational Method","",""
57045,"57045.29","Salmonella enterica subsp. enterica serovar Paratyphi B strain BAS 9","cefoxitin","","2.0","","2.0","mg/L","","","","","","","MIC XGBoost Model","202503101","W1 score: 0.98, CI[0.97, 1.00]","Computational Method","",""
57045,"57045.29","Salmonella enterica subsp. enterica serovar Paratyphi B strain BAS 9","gentamicin","","0.5","","0.5","mg/L","","","","","","","MIC XGBoost Model","202503101","W1 score: 0.97, CI[0.95, 0.99]","Computational Method","",""
57045,"57045.29","Salmonella enterica subsp. enterica serovar Paratyphi B strain BAS 9","kanamycin","","8.0","","8.0","mg/L","","","","","","","MIC XGBoost Model","202503101","W1 score: 0.99, CI[0.98, 1.01]","Computational Method","",""
57045,"57045.29","Salmonella enterica subsp. enterica serovar Paratyphi B strain BAS 9","meropenem","","0.25","","0.25","mg/L","","","","","","","MIC XGBoost Model","202503101","W1 score: 0.95, CI[0.90, 1.01]","Computational Method","",""
57045,"57045.29","Salmonella enterica subsp. enterica serovar Paratyphi B strain BAS 9","nalidixic acid","","4.0","","4.0","mg/L","","","","","","","MIC XGBoost Model","202503101","W1 score: 0.98, CI[0.97, 0.99]","Computational Method","",""
57045,"57045.29","Salmonella enterica subsp. enterica serovar Paratyphi B strain BAS 9","streptomycin","","32.0","","32.0","mg/L","","","","","","","MIC XGBoost Model","202503101","W1 score: 0.92, CI[0.90, 0.93]","Computational Method","",""
57045,"57045.29","Salmonella enterica subsp. enterica serovar Paratyphi B strain BAS 9","tetracycline","","4.0","","4.0","mg/L","","","","","","","MIC XGBoost Model","202503101","W1 score: 0.99, CI[0.98, 0.99]","Computational Method","",""
57045,"57045.29","Salmonella enterica subsp. enterica serovar Paratyphi B strain BAS 9","ceftiofur","","1.0","","1.0","mg/L","","","","","","","MIC XGBoost Model","202503101","W1 score: 0.99, CI[0.98, 0.99]","Computational Method","",""
57045,"57045.30","Salmonella enterica subsp. enterica serovar Paratyphi B strain FTP 81","amoxicillin/clavulanic acid","","1.0","","1.0","mg/L","","","","","","","MIC XGBoost Model","202503101","W1 score: 0.98, CI[0.96, 0.99]","Computational Method","",""
57045,"57045.30","Salmonella enterica subsp. enterica serovar Paratyphi B strain FTP 81","ampicillin","","2.0","","2.0","mg/L","","","","","","","MIC XGBoost Model","202503101","W1 score: 0.96, CI[0.95, 0.97]","Computational Method","",""
57045,"57045.30","Salmonella enterica subsp. enterica serovar Paratyphi B strain FTP 81","azithromycin","","4.0","","4.0","mg/L","","","","","","","MIC XGBoost Model","202503101","W1 score: 0.99, CI[0.98, 1.00]","Computational Method","",""
57045,"57045.30","Salmonella enterica subsp. enterica serovar Paratyphi B strain FTP 81","ceftazidime","","32.0","","32.0","mg/L","","","","","","","MIC XGBoost Model","202503101","W1 score: 0.93, CI[0.88, 0.99]","Computational Method","",""
57045,"57045.30","Salmonella enterica subsp. enterica serovar Paratyphi B strain FTP 81","chloramphenicol","","8.0","","8.0","mg/L","","","","","","","MIC XGBoost Model","202503101","W1 score: 0.99, CI[0.98, 1.00]","Computational Method","",""
57045,"57045.30","Salmonella enterica subsp. enterica serovar Paratyphi B strain FTP 81","ciprofloxacin","","0.03125","","0.03125","mg/L","","","","","","","MIC XGBoost Model","202503101","W1 score: 0.88, CI[0.86, 0.90]","Computational Method","",""
57045,"57045.30","Salmonella enterica subsp. enterica serovar Paratyphi B strain FTP 81","ceftriaxone","","2.0","","2.0","mg/L","","","","","","","MIC XGBoost Model","202503101","W1 score: 0.95, CI[0.94, 0.96]","Computational Method","",""
57045,"57045.30","Salmonella enterica subsp. enterica serovar Paratyphi B strain FTP 81","cefotaxime","","16.0","","16.0","mg/L","","","","","","","MIC XGBoost Model","202503101","W1 score: 0.95, CI[0.89, 1.00]","Computational Method","",""
57045,"57045.30","Salmonella enterica subsp. enterica serovar Paratyphi B strain FTP 81","sulfisoxazole","","32.0","","32.0","mg/L","","","","","","","MIC XGBoost Model","202503101","W1 score: 0.98, CI[0.97, 0.99]","Computational Method","",""
57045,"57045.30","Salmonella enterica subsp. enterica serovar Paratyphi B strain FTP 81","cefoxitin","","2.0","","2.0","mg/L","","","","","","","MIC XGBoost Model","202503101","W1 score: 0.98, CI[0.97, 1.00]","Computational Method","",""
57045,"57045.30","Salmonella enterica subsp. enterica serovar Paratyphi B strain FTP 81","gentamicin","","0.5","","0.5","mg/L","","","","","","","MIC XGBoost Model","202503101","W1 score: 0.97, CI[0.95, 0.99]","Computational Method","",""
57045,"57045.30","Salmonella enterica subsp. enterica serovar Paratyphi B strain FTP 81","kanamycin","","8.0","","8.0","mg/L","","","","","","","MIC XGBoost Model","202503101","W1 score: 0.99, CI[0.98, 1.01]","Computational Method","",""
57045,"57045.30","Salmonella enterica subsp. enterica serovar Paratyphi B strain FTP 81","meropenem","","0.25","","0.25","mg/L","","","","","","","MIC XGBoost Model","202503101","W1 score: 0.95, CI[0.90, 1.01]","Computational Method","",""
57045,"57045.30","Salmonella enterica subsp. enterica serovar Paratyphi B strain FTP 81","nalidixic acid","","4.0","","4.0","mg/L","","","","","","","MIC XGBoost Model","202503101","W1 score: 0.98, CI[0.97, 0.99]","Computational Method","",""
57045,"57045.30","Salmonella enterica subsp. enterica serovar Paratyphi B strain FTP 81","streptomycin","","16.0","","16.0","mg/L","","","","","","","MIC XGBoost Model","202503101","W1 score: 0.92, CI[0.90, 0.93]","Computational Method","",""
57045,"57045.30","Salmonella enterica subsp. enterica serovar Paratyphi B strain FTP 81","tetracycline","","4.0","","4.0","mg/L","","","","","","","MIC XGBoost Model","202503101","W1 score: 0.99, CI[0.98, 0.99]","Computational Method","",""
57045,"57045.30","Salmonella enterica subsp. enterica serovar Paratyphi B strain FTP 81","ceftiofur","","1.0","","1.0","mg/L","","","","","","","MIC XGBoost Model","202503101","W1 score: 0.99, CI[0.98, 0.99]","Computational Method","",""
57045,"57045.31","Salmonella enterica subsp. enterica serovar Paratyphi B strain CMF 6999","amoxicillin/clavulanic acid","","1.0","","1.0","mg/L","","","","","","","MIC XGBoost Model","202503101","W1 score: 0.98, CI[0.96, 0.99]","Computational Method","",""
57045,"57045.31","Salmonella enterica subsp. enterica serovar Paratyphi B strain CMF 6999","ampicillin","","1.0","","1.0","mg/L","","","","","","","MIC XGBoost Model","202503101","W1 score: 0.96, CI[0.95, 0.97]","Computational Method","",""
57045,"57045.31","Salmonella enterica subsp. enterica serovar Paratyphi B strain CMF 6999","azithromycin","","4.0","","4.0","mg/L","","","","","","","MIC XGBoost Model","202503101","W1 score: 0.99, CI[0.98, 1.00]","Computational Method","",""
57045,"57045.31","Salmonella enterica subsp. enterica serovar Paratyphi B strain CMF 6999","ceftazidime","","16.0","","16.0","mg/L","","","","","","","MIC XGBoost Model","202503101","W1 score: 0.93, CI[0.88, 0.99]","Computational Method","",""
57045,"57045.31","Salmonella enterica subsp. enterica serovar Paratyphi B strain CMF 6999","chloramphenicol","","8.0","","8.0","mg/L","","","","","","","MIC XGBoost Model","202503101","W1 score: 0.99, CI[0.98, 1.00]","Computational Method","",""
57045,"57045.31","Salmonella enterica subsp. enterica serovar Paratyphi B strain CMF 6999","ciprofloxacin","","0.03125","","0.03125","mg/L","","","","","","","MIC XGBoost Model","202503101","W1 score: 0.88, CI[0.86, 0.90]","Computational Method","",""
57045,"57045.31","Salmonella enterica subsp. enterica serovar Paratyphi B strain CMF 6999","ceftriaxone","","0.25","","0.25","mg/L","","","","","","","MIC XGBoost Model","202503101","W1 score: 0.95, CI[0.94, 0.96]","Computational Method","",""
57045,"57045.31","Salmonella enterica subsp. enterica serovar Paratyphi B strain CMF 6999","cefotaxime","","16.0","","16.0","mg/L","","","","","","","MIC XGBoost Model","202503101","W1 score: 0.95, CI[0.89, 1.00]","Computational Method","",""
57045,"57045.31","Salmonella enterica subsp. enterica serovar Paratyphi B strain CMF 6999","sulfisoxazole","","32.0","","32.0","mg/L","","","","","","","MIC XGBoost Model","202503101","W1 score: 0.98, CI[0.97, 0.99]","Computational Method","",""
57045,"57045.31","Salmonella enterica subsp. enterica serovar Paratyphi B strain CMF 6999","cefoxitin","","2.0","","2.0","mg/L","","","","","","","MIC XGBoost Model","202503101","W1 score: 0.98, CI[0.97, 1.00]","Computational Method","",""
57045,"57045.31","Salmonella enterica subsp. enterica serovar Paratyphi B strain CMF 6999","gentamicin","","0.5","","0.5","mg/L","","","","","","","MIC XGBoost Model","202503101","W1 score: 0.97, CI[0.95, 0.99]","Computational Method","",""
57045,"57045.31","Salmonella enterica subsp. enterica serovar Paratyphi B strain CMF 6999","kanamycin","","8.0","","8.0","mg/L","","","","","","","MIC XGBoost Model","202503101","W1 score: 0.99, CI[0.98, 1.01]","Computational Method","",""
57045,"57045.31","Salmonella enterica subsp. enterica serovar Paratyphi B strain CMF 6999","meropenem","","0.125","","0.125","mg/L","","","","","","","MIC XGBoost Model","202503101","W1 score: 0.95, CI[0.90, 1.01]","Computational Method","",""
57045,"57045.31","Salmonella enterica subsp. enterica serovar Paratyphi B strain CMF 6999","nalidixic acid","","4.0","","4.0","mg/L","","","","","","","MIC XGBoost Model","202503101","W1 score: 0.98, CI[0.97, 0.99]","Computational Method","",""
57045,"57045.31","Salmonella enterica subsp. enterica serovar Paratyphi B strain CMF 6999","streptomycin","","16.0","","16.0","mg/L","","","","","","","MIC XGBoost Model","202503101","W1 score: 0.92, CI[0.90, 0.93]","Computational Method","",""
57045,"57045.31","Salmonella enterica subsp. enterica serovar Paratyphi B strain CMF 6999","tetracycline","","4.0","","4.0","mg/L","","","","","","","MIC XGBoost Model","202503101","W1 score: 0.99, CI[0.98, 0.99]","Computational Method","",""
57045,"57045.31","Salmonella enterica subsp. enterica serovar Paratyphi B strain CMF 6999","ceftiofur","","1.0","","1.0","mg/L","","","","","","","MIC XGBoost Model","202503101","W1 score: 0.99, CI[0.98, 0.99]","Computational Method","",""
57045,"57045.32","Salmonella enterica subsp. enterica serovar Paratyphi B strain 6198","amoxicillin/clavulanic acid","","1.0","","1.0","mg/L","","","","","","","MIC XGBoost Model","202503101","W1 score: 0.98, CI[0.96, 0.99]","Computational Method","",""
57045,"57045.32","Salmonella enterica subsp. enterica serovar Paratyphi B strain 6198","ampicillin","","1.0","","1.0","mg/L","","","","","","","MIC XGBoost Model","202503101","W1 score: 0.96, CI[0.95, 0.97]","Computational Method","",""
57045,"57045.32","Salmonella enterica subsp. enterica serovar Paratyphi B strain 6198","azithromycin","","4.0","","4.0","mg/L","","","","","","","MIC XGBoost Model","202503101","W1 score: 0.99, CI[0.98, 1.00]","Computational Method","",""
57045,"57045.32","Salmonella enterica subsp. enterica serovar Paratyphi B strain 6198","ceftazidime","","16.0","","16.0","mg/L","","","","","","","MIC XGBoost Model","202503101","W1 score: 0.93, CI[0.88, 0.99]","Computational Method","",""
57045,"57045.32","Salmonella enterica subsp. enterica serovar Paratyphi B strain 6198","chloramphenicol","","8.0","","8.0","mg/L","","","","","","","MIC XGBoost Model","202503101","W1 score: 0.99, CI[0.98, 1.00]","Computational Method","",""
57045,"57045.32","Salmonella enterica subsp. enterica serovar Paratyphi B strain 6198","ciprofloxacin","","0.015625","","0.015625","mg/L","","","","","","","MIC XGBoost Model","202503101","W1 score: 0.88, CI[0.86, 0.90]","Computational Method","",""
57045,"57045.32","Salmonella enterica subsp. enterica serovar Paratyphi B strain 6198","ceftriaxone","","0.5","","0.5","mg/L","","","","","","","MIC XGBoost Model","202503101","W1 score: 0.95, CI[0.94, 0.96]","Computational Method","",""
57045,"57045.32","Salmonella enterica subsp. enterica serovar Paratyphi B strain 6198","cefotaxime","","16.0","","16.0","mg/L","","","","","","","MIC XGBoost Model","202503101","W1 score: 0.95, CI[0.89, 1.00]","Computational Method","",""
57045,"57045.32","Salmonella enterica subsp. enterica serovar Paratyphi B strain 6198","sulfisoxazole","","32.0","","32.0","mg/L","","","","","","","MIC XGBoost Model","202503101","W1 score: 0.98, CI[0.97, 0.99]","Computational Method","",""
57045,"57045.32","Salmonella enterica subsp. enterica serovar Paratyphi B strain 6198","cefoxitin","","2.0","","2.0","mg/L","","","","","","","MIC XGBoost Model","202503101","W1 score: 0.98, CI[0.97, 1.00]","Computational Method","",""
57045,"57045.32","Salmonella enterica subsp. enterica serovar Paratyphi B strain 6198","gentamicin","","0.5","","0.5","mg/L","","","","","","","MIC XGBoost Model","202503101","W1 score: 0.97, CI[0.95, 0.99]","Computational Method","",""
57045,"57045.32","Salmonella enterica subsp. enterica serovar Paratyphi B strain 6198","kanamycin","","8.0","","8.0","mg/L","","","","","","","MIC XGBoost Model","202503101","W1 score: 0.99, CI[0.98, 1.01]","Computational Method","",""
57045,"57045.32","Salmonella enterica subsp. enterica serovar Paratyphi B strain 6198","meropenem","","0.125","","0.125","mg/L","","","","","","","MIC XGBoost Model","202503101","W1 score: 0.95, CI[0.90, 1.01]","Computational Method","",""
57045,"57045.32","Salmonella enterica subsp. enterica serovar Paratyphi B strain 6198","nalidixic acid","","4.0","","4.0","mg/L","","","","","","","MIC XGBoost Model","202503101","W1 score: 0.98, CI[0.97, 0.99]","Computational Method","",""
57045,"57045.32","Salmonella enterica subsp. enterica serovar Paratyphi B strain 6198","streptomycin","","16.0","","16.0","mg/L","","","","","","","MIC XGBoost Model","202503101","W1 score: 0.92, CI[0.90, 0.93]","Computational Method","",""
57045,"57045.32","Salmonella enterica subsp. enterica serovar Paratyphi B strain 6198","tetracycline","","4.0","","4.0","mg/L","","","","","","","MIC XGBoost Model","202503101","W1 score: 0.99, CI[0.98, 0.99]","Computational Method","",""
57045,"57045.32","Salmonella enterica subsp. enterica serovar Paratyphi B strain 6198","ceftiofur","","1.0","","1.0","mg/L","","","","","","","MIC XGBoost Model","202503101","W1 score: 0.99, CI[0.98, 0.99]","Computational Method","",""
57045,"57045.33","Salmonella enterica subsp. enterica serovar Paratyphi B strain 5644","amoxicillin/clavulanic acid","","1.0","","1.0","mg/L","","","","","","","MIC XGBoost Model","202503101","W1 score: 0.98, CI[0.96, 0.99]","Computational Method","",""
57045,"57045.33","Salmonella enterica subsp. enterica serovar Paratyphi B strain 5644","ampicillin","","1.0","","1.0","mg/L","","","","","","","MIC XGBoost Model","202503101","W1 score: 0.96, CI[0.95, 0.97]","Computational Method","",""
57045,"57045.33","Salmonella enterica subsp. enterica serovar Paratyphi B strain 5644","azithromycin","","4.0","","4.0","mg/L","","","","","","","MIC XGBoost Model","202503101","W1 score: 0.99, CI[0.98, 1.00]","Computational Method","",""
57045,"57045.33","Salmonella enterica subsp. enterica serovar Paratyphi B strain 5644","ceftazidime","","16.0","","16.0","mg/L","","","","","","","MIC XGBoost Model","202503101","W1 score: 0.93, CI[0.88, 0.99]","Computational Method","",""
57045,"57045.33","Salmonella enterica subsp. enterica serovar Paratyphi B strain 5644","chloramphenicol","","8.0","","8.0","mg/L","","","","","","","MIC XGBoost Model","202503101","W1 score: 0.99, CI[0.98, 1.00]","Computational Method","",""
57045,"57045.33","Salmonella enterica subsp. enterica serovar Paratyphi B strain 5644","ciprofloxacin","","0.03125","","0.03125","mg/L","","","","","","","MIC XGBoost Model","202503101","W1 score: 0.88, CI[0.86, 0.90]","Computational Method","",""
57045,"57045.33","Salmonella enterica subsp. enterica serovar Paratyphi B strain 5644","ceftriaxone","","0.25","","0.25","mg/L","","","","","","","MIC XGBoost Model","202503101","W1 score: 0.95, CI[0.94, 0.96]","Computational Method","",""
57045,"57045.33","Salmonella enterica subsp. enterica serovar Paratyphi B strain 5644","cefotaxime","","16.0","","16.0","mg/L","","","","","","","MIC XGBoost Model","202503101","W1 score: 0.95, CI[0.89, 1.00]","Computational Method","",""
57045,"57045.33","Salmonella enterica subsp. enterica serovar Paratyphi B strain 5644","sulfisoxazole","","32.0","","32.0","mg/L","","","","","","","MIC XGBoost Model","202503101","W1 score: 0.98, CI[0.97, 0.99]","Computational Method","",""
57045,"57045.33","Salmonella enterica subsp. enterica serovar Paratyphi B strain 5644","cefoxitin","","2.0","","2.0","mg/L","","","","","","","MIC XGBoost Model","202503101","W1 score: 0.98, CI[0.97, 1.00]","Computational Method","",""
57045,"57045.33","Salmonella enterica subsp. enterica serovar Paratyphi B strain 5644","gentamicin","","0.5","","0.5","mg/L","","","","","","","MIC XGBoost Model","202503101","W1 score: 0.97, CI[0.95, 0.99]","Computational Method","",""
57045,"57045.33","Salmonella enterica subsp. enterica serovar Paratyphi B strain 5644","kanamycin","","8.0","","8.0","mg/L","","","","","","","MIC XGBoost Model","202503101","W1 score: 0.99, CI[0.98, 1.01]","Computational Method","",""
57045,"57045.33","Salmonella enterica subsp. enterica serovar Paratyphi B strain 5644","meropenem","","0.125","","0.125","mg/L","","","","","","","MIC XGBoost Model","202503101","W1 score: 0.95, CI[0.90, 1.01]","Computational Method","",""
57045,"57045.33","Salmonella enterica subsp. enterica serovar Paratyphi B strain 5644","nalidixic acid","","4.0","","4.0","mg/L","","","","","","","MIC XGBoost Model","202503101","W1 score: 0.98, CI[0.97, 0.99]","Computational Method","",""
57045,"57045.33","Salmonella enterica subsp. enterica serovar Paratyphi B strain 5644","streptomycin","","32.0","","32.0","mg/L","","","","","","","MIC XGBoost Model","202503101","W1 score: 0.92, CI[0.90, 0.93]","Computational Method","",""
57045,"57045.33","Salmonella enterica subsp. enterica serovar Paratyphi B strain 5644","tetracycline","","4.0","","4.0","mg/L","","","","","","","MIC XGBoost Model","202503101","W1 score: 0.99, CI[0.98, 0.99]","Computational Method","",""
57045,"57045.33","Salmonella enterica subsp. enterica serovar Paratyphi B strain 5644","ceftiofur","","1.0","","1.0","mg/L","","","","","","","MIC XGBoost Model","202503101","W1 score: 0.99, CI[0.98, 0.99]","Computational Method","",""
57045,"57045.40","Salmonella enterica subsp. enterica serovar Paratyphi B strain 12-01549","amoxicillin/clavulanic acid","","8.0","","8.0","mg/L","","","","","","","MIC XGBoost Model","202503101","W1 score: 0.98, CI[0.96, 0.99]","Computational Method","",""
57045,"57045.40","Salmonella enterica subsp. enterica serovar Paratyphi B strain 12-01549","ampicillin","","64.0","","64.0","mg/L","","","","","","","MIC XGBoost Model","202503101","W1 score: 0.96, CI[0.95, 0.97]","Computational Method","",""
57045,"57045.40","Salmonella enterica subsp. enterica serovar Paratyphi B strain 12-01549","azithromycin","","4.0","","4.0","mg/L","","","","","","","MIC XGBoost Model","202503101","W1 score: 0.99, CI[0.98, 1.00]","Computational Method","",""
57045,"57045.40","Salmonella enterica subsp. enterica serovar Paratyphi B strain 12-01549","ceftazidime","","32.0","","32.0","mg/L","","","","","","","MIC XGBoost Model","202503101","W1 score: 0.93, CI[0.88, 0.99]","Computational Method","",""
57045,"57045.40","Salmonella enterica subsp. enterica serovar Paratyphi B strain 12-01549","chloramphenicol","","16.0","","16.0","mg/L","","","","","","","MIC XGBoost Model","202503101","W1 score: 0.99, CI[0.98, 1.00]","Computational Method","",""
57045,"57045.40","Salmonella enterica subsp. enterica serovar Paratyphi B strain 12-01549","ciprofloxacin","","16.0","","16.0","mg/L","","","","","","","MIC XGBoost Model","202503101","W1 score: 0.88, CI[0.86, 0.90]","Computational Method","",""
57045,"57045.40","Salmonella enterica subsp. enterica serovar Paratyphi B strain 12-01549","ceftriaxone","","2.0","","2.0","mg/L","","","","","","","MIC XGBoost Model","202503101","W1 score: 0.95, CI[0.94, 0.96]","Computational Method","",""
57045,"57045.40","Salmonella enterica subsp. enterica serovar Paratyphi B strain 12-01549","cefotaxime","","16.0","","16.0","mg/L","","","","","","","MIC XGBoost Model","202503101","W1 score: 0.95, CI[0.89, 1.00]","Computational Method","",""
57045,"57045.40","Salmonella enterica subsp. enterica serovar Paratyphi B strain 12-01549","sulfisoxazole","","256.0","","256.0","mg/L","","","","","","","MIC XGBoost Model","202503101","W1 score: 0.98, CI[0.97, 0.99]","Computational Method","",""
57045,"57045.40","Salmonella enterica subsp. enterica serovar Paratyphi B strain 12-01549","cefoxitin","","4.0","","4.0","mg/L","","","","","","","MIC XGBoost Model","202503101","W1 score: 0.98, CI[0.97, 1.00]","Computational Method","",""
57045,"57045.40","Salmonella enterica subsp. enterica serovar Paratyphi B strain 12-01549","gentamicin","","4.0","","4.0","mg/L","","","","","","","MIC XGBoost Model","202503101","W1 score: 0.97, CI[0.95, 0.99]","Computational Method","",""
57045,"57045.40","Salmonella enterica subsp. enterica serovar Paratyphi B strain 12-01549","kanamycin","","8.0","","8.0","mg/L","","","","","","","MIC XGBoost Model","202503101","W1 score: 0.99, CI[0.98, 1.01]","Computational Method","",""
57045,"57045.40","Salmonella enterica subsp. enterica serovar Paratyphi B strain 12-01549","meropenem","","0.25","","0.25","mg/L","","","","","","","MIC XGBoost Model","202503101","W1 score: 0.95, CI[0.90, 1.01]","Computational Method","",""
57045,"57045.40","Salmonella enterica subsp. enterica serovar Paratyphi B strain 12-01549","nalidixic acid","","32.0","","32.0","mg/L","","","","","","","MIC XGBoost Model","202503101","W1 score: 0.98, CI[0.97, 0.99]","Computational Method","",""
57045,"57045.40","Salmonella enterica subsp. enterica serovar Paratyphi B strain 12-01549","streptomycin","","32.0","","32.0","mg/L","","","","","","","MIC XGBoost Model","202503101","W1 score: 0.92, CI[0.90, 0.93]","Computational Method","",""
57045,"57045.40","Salmonella enterica subsp. enterica serovar Paratyphi B strain 12-01549","tetracycline","","32.0","","32.0","mg/L","","","","","","","MIC XGBoost Model","202503101","W1 score: 0.99, CI[0.98, 0.99]","Computational Method","",""
57045,"57045.40","Salmonella enterica subsp. enterica serovar Paratyphi B strain 12-01549","ceftiofur","","1.0","","1.0","mg/L","","","","","","","MIC XGBoost Model","202503101","W1 score: 0.99, CI[0.98, 0.99]","Computational Method","",""
57045,"57045.41","Salmonella enterica subsp. enterica serovar Paratyphi B strain 12-00619","amoxicillin/clavulanic acid","","8.0","","8.0","mg/L","","","","","","","MIC XGBoost Model","202503101","W1 score: 0.98, CI[0.96, 0.99]","Computational Method","",""
57045,"57045.41","Salmonella enterica subsp. enterica serovar Paratyphi B strain 12-00619","ampicillin","","64.0","","64.0","mg/L","","","","","","","MIC XGBoost Model","202503101","W1 score: 0.96, CI[0.95, 0.97]","Computational Method","",""
57045,"57045.41","Salmonella enterica subsp. enterica serovar Paratyphi B strain 12-00619","azithromycin","","4.0","","4.0","mg/L","","","","","","","MIC XGBoost Model","202503101","W1 score: 0.99, CI[0.98, 1.00]","Computational Method","",""
57045,"57045.41","Salmonella enterica subsp. enterica serovar Paratyphi B strain 12-00619","ceftazidime","","16.0","","16.0","mg/L","","","","","","","MIC XGBoost Model","202503101","W1 score: 0.93, CI[0.88, 0.99]","Computational Method","",""
57045,"57045.41","Salmonella enterica subsp. enterica serovar Paratyphi B strain 12-00619","chloramphenicol","","8.0","","8.0","mg/L","","","","","","","MIC XGBoost Model","202503101","W1 score: 0.99, CI[0.98, 1.00]","Computational Method","",""
57045,"57045.41","Salmonella enterica subsp. enterica serovar Paratyphi B strain 12-00619","ciprofloxacin","","0.03125","","0.03125","mg/L","","","","","","","MIC XGBoost Model","202503101","W1 score: 0.88, CI[0.86, 0.90]","Computational Method","",""
57045,"57045.41","Salmonella enterica subsp. enterica serovar Paratyphi B strain 12-00619","ceftriaxone","","1.0","","1.0","mg/L","","","","","","","MIC XGBoost Model","202503101","W1 score: 0.95, CI[0.94, 0.96]","Computational Method","",""
57045,"57045.41","Salmonella enterica subsp. enterica serovar Paratyphi B strain 12-00619","cefotaxime","","16.0","","16.0","mg/L","","","","","","","MIC XGBoost Model","202503101","W1 score: 0.95, CI[0.89, 1.00]","Computational Method","",""
57045,"57045.41","Salmonella enterica subsp. enterica serovar Paratyphi B strain 12-00619","sulfisoxazole","","256.0","","256.0","mg/L","","","","","","","MIC XGBoost Model","202503101","W1 score: 0.98, CI[0.97, 0.99]","Computational Method","",""
57045,"57045.41","Salmonella enterica subsp. enterica serovar Paratyphi B strain 12-00619","cefoxitin","","4.0","","4.0","mg/L","","","","","","","MIC XGBoost Model","202503101","W1 score: 0.98, CI[0.97, 1.00]","Computational Method","",""
57045,"57045.41","Salmonella enterica subsp. enterica serovar Paratyphi B strain 12-00619","gentamicin","","4.0","","4.0","mg/L","","","","","","","MIC XGBoost Model","202503101","W1 score: 0.97, CI[0.95, 0.99]","Computational Method","",""
57045,"57045.41","Salmonella enterica subsp. enterica serovar Paratyphi B strain 12-00619","kanamycin","","8.0","","8.0","mg/L","","","","","","","MIC XGBoost Model","202503101","W1 score: 0.99, CI[0.98, 1.01]","Computational Method","",""
57045,"57045.41","Salmonella enterica subsp. enterica serovar Paratyphi B strain 12-00619","meropenem","","0.25","","0.25","mg/L","","","","","","","MIC XGBoost Model","202503101","W1 score: 0.95, CI[0.90, 1.01]","Computational Method","",""
57045,"57045.41","Salmonella enterica subsp. enterica serovar Paratyphi B strain 12-00619","nalidixic acid","","8.0","","8.0","mg/L","","","","","","","MIC XGBoost Model","202503101","W1 score: 0.98, CI[0.97, 0.99]","Computational Method","",""
57045,"57045.41","Salmonella enterica subsp. enterica serovar Paratyphi B strain 12-00619","streptomycin","","32.0","","32.0","mg/L","","","","","","","MIC XGBoost Model","202503101","W1 score: 0.92, CI[0.90, 0.93]","Computational Method","",""
57045,"57045.41","Salmonella enterica subsp. enterica serovar Paratyphi B strain 12-00619","tetracycline","","32.0","","32.0","mg/L","","","","","","","MIC XGBoost Model","202503101","W1 score: 0.99, CI[0.98, 0.99]","Computational Method","",""
57045,"57045.41","Salmonella enterica subsp. enterica serovar Paratyphi B strain 12-00619","ceftiofur","","1.0","","1.0","mg/L","","","","","","","MIC XGBoost Model","202503101","W1 score: 0.99, CI[0.98, 0.99]","Computational Method","",""
57045,"57045.42","Salmonella enterica subsp. enterica serovar Paratyphi B strain 12-00618","amoxicillin/clavulanic acid","","1.0","","1.0","mg/L","","","","","","","MIC XGBoost Model","202503101","W1 score: 0.98, CI[0.96, 0.99]","Computational Method","",""
57045,"57045.42","Salmonella enterica subsp. enterica serovar Paratyphi B strain 12-00618","ampicillin","","8.0","","8.0","mg/L","","","","","","","MIC XGBoost Model","202503101","W1 score: 0.96, CI[0.95, 0.97]","Computational Method","",""
57045,"57045.42","Salmonella enterica subsp. enterica serovar Paratyphi B strain 12-00618","azithromycin","","4.0","","4.0","mg/L","","","","","","","MIC XGBoost Model","202503101","W1 score: 0.99, CI[0.98, 1.00]","Computational Method","",""
57045,"57045.42","Salmonella enterica subsp. enterica serovar Paratyphi B strain 12-00618","ceftazidime","","32.0","","32.0","mg/L","","","","","","","MIC XGBoost Model","202503101","W1 score: 0.93, CI[0.88, 0.99]","Computational Method","",""
57045,"57045.42","Salmonella enterica subsp. enterica serovar Paratyphi B strain 12-00618","chloramphenicol","","16.0","","16.0","mg/L","","","","","","","MIC XGBoost Model","202503101","W1 score: 0.99, CI[0.98, 1.00]","Computational Method","",""
57045,"57045.42","Salmonella enterica subsp. enterica serovar Paratyphi B strain 12-00618","ciprofloxacin","","16.0","","16.0","mg/L","","","","","","","MIC XGBoost Model","202503101","W1 score: 0.88, CI[0.86, 0.90]","Computational Method","",""
57045,"57045.42","Salmonella enterica subsp. enterica serovar Paratyphi B strain 12-00618","ceftriaxone","","2.0","","2.0","mg/L","","","","","","","MIC XGBoost Model","202503101","W1 score: 0.95, CI[0.94, 0.96]","Computational Method","",""
57045,"57045.42","Salmonella enterica subsp. enterica serovar Paratyphi B strain 12-00618","cefotaxime","","16.0","","16.0","mg/L","","","","","","","MIC XGBoost Model","202503101","W1 score: 0.95, CI[0.89, 1.00]","Computational Method","",""
57045,"57045.42","Salmonella enterica subsp. enterica serovar Paratyphi B strain 12-00618","sulfisoxazole","","32.0","","32.0","mg/L","","","","","","","MIC XGBoost Model","202503101","W1 score: 0.98, CI[0.97, 0.99]","Computational Method","",""
57045,"57045.42","Salmonella enterica subsp. enterica serovar Paratyphi B strain 12-00618","cefoxitin","","4.0","","4.0","mg/L","","","","","","","MIC XGBoost Model","202503101","W1 score: 0.98, CI[0.97, 1.00]","Computational Method","",""
57045,"57045.42","Salmonella enterica subsp. enterica serovar Paratyphi B strain 12-00618","gentamicin","","4.0","","4.0","mg/L","","","","","","","MIC XGBoost Model","202503101","W1 score: 0.97, CI[0.95, 0.99]","Computational Method","",""
57045,"57045.42","Salmonella enterica subsp. enterica serovar Paratyphi B strain 12-00618","kanamycin","","8.0","","8.0","mg/L","","","","","","","MIC XGBoost Model","202503101","W1 score: 0.99, CI[0.98, 1.01]","Computational Method","",""
57045,"57045.42","Salmonella enterica subsp. enterica serovar Paratyphi B strain 12-00618","meropenem","","0.25","","0.25","mg/L","","","","","","","MIC XGBoost Model","202503101","W1 score: 0.95, CI[0.90, 1.01]","Computational Method","",""
57045,"57045.42","Salmonella enterica subsp. enterica serovar Paratyphi B strain 12-00618","nalidixic acid","","16.0","","16.0","mg/L","","","","","","","MIC XGBoost Model","202503101","W1 score: 0.98, CI[0.97, 0.99]","Computational Method","",""
57045,"57045.42","Salmonella enterica subsp. enterica serovar Paratyphi B strain 12-00618","streptomycin","","32.0","","32.0","mg/L","","","","","","","MIC XGBoost Model","202503101","W1 score: 0.92, CI[0.90, 0.93]","Computational Method","",""
57045,"57045.42","Salmonella enterica subsp. enterica serovar Paratyphi B strain 12-00618","tetracycline","","16.0","","16.0","mg/L","","","","","","","MIC XGBoost Model","202503101","W1 score: 0.99, CI[0.98, 0.99]","Computational Method","",""
57045,"57045.42","Salmonella enterica subsp. enterica serovar Paratyphi B strain 12-00618","ceftiofur","","1.0","","1.0","mg/L","","","","","","","MIC XGBoost Model","202503101","W1 score: 0.99, CI[0.98, 0.99]","Computational Method","",""
57045,"57045.43","Salmonella enterica subsp. enterica serovar Paratyphi B strain 11-00422","amoxicillin/clavulanic acid","","8.0","","8.0","mg/L","","","","","","","MIC XGBoost Model","202503101","W1 score: 0.98, CI[0.96, 0.99]","Computational Method","",""
57045,"57045.43","Salmonella enterica subsp. enterica serovar Paratyphi B strain 11-00422","ampicillin","","64.0","","64.0","mg/L","","","","","","","MIC XGBoost Model","202503101","W1 score: 0.96, CI[0.95, 0.97]","Computational Method","",""
57045,"57045.43","Salmonella enterica subsp. enterica serovar Paratyphi B strain 11-00422","azithromycin","","4.0","","4.0","mg/L","","","","","","","MIC XGBoost Model","202503101","W1 score: 0.99, CI[0.98, 1.00]","Computational Method","",""
57045,"57045.43","Salmonella enterica subsp. enterica serovar Paratyphi B strain 11-00422","ceftazidime","","16.0","","16.0","mg/L","","","","","","","MIC XGBoost Model","202503101","W1 score: 0.93, CI[0.88, 0.99]","Computational Method","",""
57045,"57045.43","Salmonella enterica subsp. enterica serovar Paratyphi B strain 11-00422","chloramphenicol","","8.0","","8.0","mg/L","","","","","","","MIC XGBoost Model","202503101","W1 score: 0.99, CI[0.98, 1.00]","Computational Method","",""
57045,"57045.43","Salmonella enterica subsp. enterica serovar Paratyphi B strain 11-00422","ciprofloxacin","","16.0","","16.0","mg/L","","","","","","","MIC XGBoost Model","202503101","W1 score: 0.88, CI[0.86, 0.90]","Computational Method","",""
57045,"57045.43","Salmonella enterica subsp. enterica serovar Paratyphi B strain 11-00422","ceftriaxone","","4.0","","4.0","mg/L","","","","","","","MIC XGBoost Model","202503101","W1 score: 0.95, CI[0.94, 0.96]","Computational Method","",""
57045,"57045.43","Salmonella enterica subsp. enterica serovar Paratyphi B strain 11-00422","cefotaxime","","16.0","","16.0","mg/L","","","","","","","MIC XGBoost Model","202503101","W1 score: 0.95, CI[0.89, 1.00]","Computational Method","",""
57045,"57045.43","Salmonella enterica subsp. enterica serovar Paratyphi B strain 11-00422","sulfisoxazole","","256.0","","256.0","mg/L","","","","","","","MIC XGBoost Model","202503101","W1 score: 0.98, CI[0.97, 0.99]","Computational Method","",""
57045,"57045.43","Salmonella enterica subsp. enterica serovar Paratyphi B strain 11-00422","cefoxitin","","4.0","","4.0","mg/L","","","","","","","MIC XGBoost Model","202503101","W1 score: 0.98, CI[0.97, 1.00]","Computational Method","",""
57045,"57045.43","Salmonella enterica subsp. enterica serovar Paratyphi B strain 11-00422","gentamicin","","8.0","","8.0","mg/L","","","","","","","MIC XGBoost Model","202503101","W1 score: 0.97, CI[0.95, 0.99]","Computational Method","",""
57045,"57045.43","Salmonella enterica subsp. enterica serovar Paratyphi B strain 11-00422","kanamycin","","8.0","","8.0","mg/L","","","","","","","MIC XGBoost Model","202503101","W1 score: 0.99, CI[0.98, 1.01]","Computational Method","",""
57045,"57045.43","Salmonella enterica subsp. enterica serovar Paratyphi B strain 11-00422","meropenem","","0.5","","0.5","mg/L","","","","","","","MIC XGBoost Model","202503101","W1 score: 0.95, CI[0.90, 1.01]","Computational Method","",""
57045,"57045.43","Salmonella enterica subsp. enterica serovar Paratyphi B strain 11-00422","nalidixic acid","","16.0","","16.0","mg/L","","","","","","","MIC XGBoost Model","202503101","W1 score: 0.98, CI[0.97, 0.99]","Computational Method","",""
57045,"57045.43","Salmonella enterica subsp. enterica serovar Paratyphi B strain 11-00422","streptomycin","","32.0","","32.0","mg/L","","","","","","","MIC XGBoost Model","202503101","W1 score: 0.92, CI[0.90, 0.93]","Computational Method","",""
57045,"57045.43","Salmonella enterica subsp. enterica serovar Paratyphi B strain 11-00422","tetracycline","","32.0","","32.0","mg/L","","","","","","","MIC XGBoost Model","202503101","W1 score: 0.99, CI[0.98, 0.99]","Computational Method","",""
57045,"57045.43","Salmonella enterica subsp. enterica serovar Paratyphi B strain 11-00422","ceftiofur","","1.0","","1.0","mg/L","","","","","","","MIC XGBoost Model","202503101","W1 score: 0.99, CI[0.98, 0.99]","Computational Method","",""
57045,"57045.44","Salmonella enterica subsp. enterica serovar Paratyphi B strain 12-01497","amoxicillin/clavulanic acid","","8.0","","8.0","mg/L","","","","","","","MIC XGBoost Model","202503101","W1 score: 0.98, CI[0.96, 0.99]","Computational Method","",""
57045,"57045.44","Salmonella enterica subsp. enterica serovar Paratyphi B strain 12-01497","ampicillin","","64.0","","64.0","mg/L","","","","","","","MIC XGBoost Model","202503101","W1 score: 0.96, CI[0.95, 0.97]","Computational Method","",""
57045,"57045.44","Salmonella enterica subsp. enterica serovar Paratyphi B strain 12-01497","azithromycin","","4.0","","4.0","mg/L","","","","","","","MIC XGBoost Model","202503101","W1 score: 0.99, CI[0.98, 1.00]","Computational Method","",""
57045,"57045.44","Salmonella enterica subsp. enterica serovar Paratyphi B strain 12-01497","ceftazidime","","32.0","","32.0","mg/L","","","","","","","MIC XGBoost Model","202503101","W1 score: 0.93, CI[0.88, 0.99]","Computational Method","",""
57045,"57045.44","Salmonella enterica subsp. enterica serovar Paratyphi B strain 12-01497","chloramphenicol","","16.0","","16.0","mg/L","","","","","","","MIC XGBoost Model","202503101","W1 score: 0.99, CI[0.98, 1.00]","Computational Method","",""
57045,"57045.44","Salmonella enterica subsp. enterica serovar Paratyphi B strain 12-01497","ciprofloxacin","","16.0","","16.0","mg/L","","","","","","","MIC XGBoost Model","202503101","W1 score: 0.88, CI[0.86, 0.90]","Computational Method","",""
57045,"57045.44","Salmonella enterica subsp. enterica serovar Paratyphi B strain 12-01497","ceftriaxone","","2.0","","2.0","mg/L","","","","","","","MIC XGBoost Model","202503101","W1 score: 0.95, CI[0.94, 0.96]","Computational Method","",""
57045,"57045.44","Salmonella enterica subsp. enterica serovar Paratyphi B strain 12-01497","cefotaxime","","16.0","","16.0","mg/L","","","","","","","MIC XGBoost Model","202503101","W1 score: 0.95, CI[0.89, 1.00]","Computational Method","",""
57045,"57045.44","Salmonella enterica subsp. enterica serovar Paratyphi B strain 12-01497","sulfisoxazole","","256.0","","256.0","mg/L","","","","","","","MIC XGBoost Model","202503101","W1 score: 0.98, CI[0.97, 0.99]","Computational Method","",""
57045,"57045.44","Salmonella enterica subsp. enterica serovar Paratyphi B strain 12-01497","cefoxitin","","4.0","","4.0","mg/L","","","","","","","MIC XGBoost Model","202503101","W1 score: 0.98, CI[0.97, 1.00]","Computational Method","",""
57045,"57045.44","Salmonella enterica subsp. enterica serovar Paratyphi B strain 12-01497","gentamicin","","8.0","","8.0","mg/L","","","","","","","MIC XGBoost Model","202503101","W1 score: 0.97, CI[0.95, 0.99]","Computational Method","",""
57045,"57045.44","Salmonella enterica subsp. enterica serovar Paratyphi B strain 12-01497","kanamycin","","8.0","","8.0","mg/L","","","","","","","MIC XGBoost Model","202503101","W1 score: 0.99, CI[0.98, 1.01]","Computational Method","",""
57045,"57045.44","Salmonella enterica subsp. enterica serovar Paratyphi B strain 12-01497","meropenem","","0.5","","0.5","mg/L","","","","","","","MIC XGBoost Model","202503101","W1 score: 0.95, CI[0.90, 1.01]","Computational Method","",""
57045,"57045.44","Salmonella enterica subsp. enterica serovar Paratyphi B strain 12-01497","nalidixic acid","","16.0","","16.0","mg/L","","","","","","","MIC XGBoost Model","202503101","W1 score: 0.98, CI[0.97, 0.99]","Computational Method","",""
57045,"57045.44","Salmonella enterica subsp. enterica serovar Paratyphi B strain 12-01497","streptomycin","","32.0","","32.0","mg/L","","","","","","","MIC XGBoost Model","202503101","W1 score: 0.92, CI[0.90, 0.93]","Computational Method","",""
57045,"57045.44","Salmonella enterica subsp. enterica serovar Paratyphi B strain 12-01497","tetracycline","","32.0","","32.0","mg/L","","","","","","","MIC XGBoost Model","202503101","W1 score: 0.99, CI[0.98, 0.99]","Computational Method","",""
57045,"57045.44","Salmonella enterica subsp. enterica serovar Paratyphi B strain 12-01497","ceftiofur","","1.0","","1.0","mg/L","","","","","","","MIC XGBoost Model","202503101","W1 score: 0.99, CI[0.98, 0.99]","Computational Method","",""
57045,"57045.45","Salmonella enterica subsp. enterica serovar Paratyphi B strain 12-00663","amoxicillin/clavulanic acid","","8.0","","8.0","mg/L","","","","","","","MIC XGBoost Model","202503101","W1 score: 0.98, CI[0.96, 0.99]","Computational Method","",""
57045,"57045.45","Salmonella enterica subsp. enterica serovar Paratyphi B strain 12-00663","ampicillin","","64.0","","64.0","mg/L","","","","","","","MIC XGBoost Model","202503101","W1 score: 0.96, CI[0.95, 0.97]","Computational Method","",""
57045,"57045.45","Salmonella enterica subsp. enterica serovar Paratyphi B strain 12-00663","azithromycin","","4.0","","4.0","mg/L","","","","","","","MIC XGBoost Model","202503101","W1 score: 0.99, CI[0.98, 1.00]","Computational Method","",""
57045,"57045.45","Salmonella enterica subsp. enterica serovar Paratyphi B strain 12-00663","ceftazidime","","32.0","","32.0","mg/L","","","","","","","MIC XGBoost Model","202503101","W1 score: 0.93, CI[0.88, 0.99]","Computational Method","",""
57045,"57045.45","Salmonella enterica subsp. enterica serovar Paratyphi B strain 12-00663","chloramphenicol","","16.0","","16.0","mg/L","","","","","","","MIC XGBoost Model","202503101","W1 score: 0.99, CI[0.98, 1.00]","Computational Method","",""
57045,"57045.45","Salmonella enterica subsp. enterica serovar Paratyphi B strain 12-00663","ciprofloxacin","","16.0","","16.0","mg/L","","","","","","","MIC XGBoost Model","202503101","W1 score: 0.88, CI[0.86, 0.90]","Computational Method","",""
57045,"57045.45","Salmonella enterica subsp. enterica serovar Paratyphi B strain 12-00663","ceftriaxone","","2.0","","2.0","mg/L","","","","","","","MIC XGBoost Model","202503101","W1 score: 0.95, CI[0.94, 0.96]","Computational Method","",""
57045,"57045.45","Salmonella enterica subsp. enterica serovar Paratyphi B strain 12-00663","cefotaxime","","16.0","","16.0","mg/L","","","","","","","MIC XGBoost Model","202503101","W1 score: 0.95, CI[0.89, 1.00]","Computational Method","",""
57045,"57045.45","Salmonella enterica subsp. enterica serovar Paratyphi B strain 12-00663","sulfisoxazole","","256.0","","256.0","mg/L","","","","","","","MIC XGBoost Model","202503101","W1 score: 0.98, CI[0.97, 0.99]","Computational Method","",""
57045,"57045.45","Salmonella enterica subsp. enterica serovar Paratyphi B strain 12-00663","cefoxitin","","4.0","","4.0","mg/L","","","","","","","MIC XGBoost Model","202503101","W1 score: 0.98, CI[0.97, 1.00]","Computational Method","",""
57045,"57045.45","Salmonella enterica subsp. enterica serovar Paratyphi B strain 12-00663","gentamicin","","4.0","","4.0","mg/L","","","","","","","MIC XGBoost Model","202503101","W1 score: 0.97, CI[0.95, 0.99]","Computational Method","",""
57045,"57045.45","Salmonella enterica subsp. enterica serovar Paratyphi B strain 12-00663","kanamycin","","8.0","","8.0","mg/L","","","","","","","MIC XGBoost Model","202503101","W1 score: 0.99, CI[0.98, 1.01]","Computational Method","",""
57045,"57045.45","Salmonella enterica subsp. enterica serovar Paratyphi B strain 12-00663","meropenem","","0.25","","0.25","mg/L","","","","","","","MIC XGBoost Model","202503101","W1 score: 0.95, CI[0.90, 1.01]","Computational Method","",""
57045,"57045.45","Salmonella enterica subsp. enterica serovar Paratyphi B strain 12-00663","nalidixic acid","","32.0","","32.0","mg/L","","","","","","","MIC XGBoost Model","202503101","W1 score: 0.98, CI[0.97, 0.99]","Computational Method","",""
57045,"57045.45","Salmonella enterica subsp. enterica serovar Paratyphi B strain 12-00663","streptomycin","","32.0","","32.0","mg/L","","","","","","","MIC XGBoost Model","202503101","W1 score: 0.92, CI[0.90, 0.93]","Computational Method","",""
57045,"57045.45","Salmonella enterica subsp. enterica serovar Paratyphi B strain 12-00663","tetracycline","","32.0","","32.0","mg/L","","","","","","","MIC XGBoost Model","202503101","W1 score: 0.99, CI[0.98, 0.99]","Computational Method","",""
57045,"57045.45","Salmonella enterica subsp. enterica serovar Paratyphi B strain 12-00663","ceftiofur","","1.0","","1.0","mg/L","","","","","","","MIC XGBoost Model","202503101","W1 score: 0.99, CI[0.98, 0.99]","Computational Method","",""
57045,"57045.46","Salmonella enterica subsp. enterica serovar Paratyphi B strain 12-03724","amoxicillin/clavulanic acid","","8.0","","8.0","mg/L","","","","","","","MIC XGBoost Model","202503101","W1 score: 0.98, CI[0.96, 0.99]","Computational Method","",""
57045,"57045.46","Salmonella enterica subsp. enterica serovar Paratyphi B strain 12-03724","ampicillin","","64.0","","64.0","mg/L","","","","","","","MIC XGBoost Model","202503101","W1 score: 0.96, CI[0.95, 0.97]","Computational Method","",""
57045,"57045.46","Salmonella enterica subsp. enterica serovar Paratyphi B strain 12-03724","azithromycin","","4.0","","4.0","mg/L","","","","","","","MIC XGBoost Model","202503101","W1 score: 0.99, CI[0.98, 1.00]","Computational Method","",""
57045,"57045.46","Salmonella enterica subsp. enterica serovar Paratyphi B strain 12-03724","ceftazidime","","32.0","","32.0","mg/L","","","","","","","MIC XGBoost Model","202503101","W1 score: 0.93, CI[0.88, 0.99]","Computational Method","",""
57045,"57045.46","Salmonella enterica subsp. enterica serovar Paratyphi B strain 12-03724","chloramphenicol","","16.0","","16.0","mg/L","","","","","","","MIC XGBoost Model","202503101","W1 score: 0.99, CI[0.98, 1.00]","Computational Method","",""
57045,"57045.46","Salmonella enterica subsp. enterica serovar Paratyphi B strain 12-03724","ciprofloxacin","","16.0","","16.0","mg/L","","","","","","","MIC XGBoost Model","202503101","W1 score: 0.88, CI[0.86, 0.90]","Computational Method","",""
57045,"57045.46","Salmonella enterica subsp. enterica serovar Paratyphi B strain 12-03724","ceftriaxone","","2.0","","2.0","mg/L","","","","","","","MIC XGBoost Model","202503101","W1 score: 0.95, CI[0.94, 0.96]","Computational Method","",""
57045,"57045.46","Salmonella enterica subsp. enterica serovar Paratyphi B strain 12-03724","cefotaxime","","16.0","","16.0","mg/L","","","","","","","MIC XGBoost Model","202503101","W1 score: 0.95, CI[0.89, 1.00]","Computational Method","",""
57045,"57045.46","Salmonella enterica subsp. enterica serovar Paratyphi B strain 12-03724","sulfisoxazole","","256.0","","256.0","mg/L","","","","","","","MIC XGBoost Model","202503101","W1 score: 0.98, CI[0.97, 0.99]","Computational Method","",""
57045,"57045.46","Salmonella enterica subsp. enterica serovar Paratyphi B strain 12-03724","cefoxitin","","4.0","","4.0","mg/L","","","","","","","MIC XGBoost Model","202503101","W1 score: 0.98, CI[0.97, 1.00]","Computational Method","",""
57045,"57045.46","Salmonella enterica subsp. enterica serovar Paratyphi B strain 12-03724","gentamicin","","8.0","","8.0","mg/L","","","","","","","MIC XGBoost Model","202503101","W1 score: 0.97, CI[0.95, 0.99]","Computational Method","",""
57045,"57045.46","Salmonella enterica subsp. enterica serovar Paratyphi B strain 12-03724","kanamycin","","8.0","","8.0","mg/L","","","","","","","MIC XGBoost Model","202503101","W1 score: 0.99, CI[0.98, 1.01]","Computational Method","",""
57045,"57045.46","Salmonella enterica subsp. enterica serovar Paratyphi B strain 12-03724","meropenem","","0.25","","0.25","mg/L","","","","","","","MIC XGBoost Model","202503101","W1 score: 0.95, CI[0.90, 1.01]","Computational Method","",""
57045,"57045.46","Salmonella enterica subsp. enterica serovar Paratyphi B strain 12-03724","nalidixic acid","","32.0","","32.0","mg/L","","","","","","","MIC XGBoost Model","202503101","W1 score: 0.98, CI[0.97, 0.99]","Computational Method","",""
57045,"57045.46","Salmonella enterica subsp. enterica serovar Paratyphi B strain 12-03724","streptomycin","","32.0","","32.0","mg/L","","","","","","","MIC XGBoost Model","202503101","W1 score: 0.92, CI[0.90, 0.93]","Computational Method","",""
57045,"57045.46","Salmonella enterica subsp. enterica serovar Paratyphi B strain 12-03724","tetracycline","","16.0","","16.0","mg/L","","","","","","","MIC XGBoost Model","202503101","W1 score: 0.99, CI[0.98, 0.99]","Computational Method","",""
57045,"57045.46","Salmonella enterica subsp. enterica serovar Paratyphi B strain 12-03724","ceftiofur","","1.0","","1.0","mg/L","","","","","","","MIC XGBoost Model","202503101","W1 score: 0.99, CI[0.98, 0.99]","Computational Method","",""
57045,"57045.47","Salmonella enterica subsp. enterica serovar Paratyphi B strain 12-02552","amoxicillin/clavulanic acid","","8.0","","8.0","mg/L","","","","","","","MIC XGBoost Model","202503101","W1 score: 0.98, CI[0.96, 0.99]","Computational Method","",""
57045,"57045.47","Salmonella enterica subsp. enterica serovar Paratyphi B strain 12-02552","ampicillin","","64.0","","64.0","mg/L","","","","","","","MIC XGBoost Model","202503101","W1 score: 0.96, CI[0.95, 0.97]","Computational Method","",""
57045,"57045.47","Salmonella enterica subsp. enterica serovar Paratyphi B strain 12-02552","azithromycin","","4.0","","4.0","mg/L","","","","","","","MIC XGBoost Model","202503101","W1 score: 0.99, CI[0.98, 1.00]","Computational Method","",""
57045,"57045.47","Salmonella enterica subsp. enterica serovar Paratyphi B strain 12-02552","ceftazidime","","32.0","","32.0","mg/L","","","","","","","MIC XGBoost Model","202503101","W1 score: 0.93, CI[0.88, 0.99]","Computational Method","",""
57045,"57045.47","Salmonella enterica subsp. enterica serovar Paratyphi B strain 12-02552","chloramphenicol","","16.0","","16.0","mg/L","","","","","","","MIC XGBoost Model","202503101","W1 score: 0.99, CI[0.98, 1.00]","Computational Method","",""
57045,"57045.47","Salmonella enterica subsp. enterica serovar Paratyphi B strain 12-02552","ciprofloxacin","","16.0","","16.0","mg/L","","","","","","","MIC XGBoost Model","202503101","W1 score: 0.88, CI[0.86, 0.90]","Computational Method","",""
57045,"57045.47","Salmonella enterica subsp. enterica serovar Paratyphi B strain 12-02552","ceftriaxone","","2.0","","2.0","mg/L","","","","","","","MIC XGBoost Model","202503101","W1 score: 0.95, CI[0.94, 0.96]","Computational Method","",""
57045,"57045.47","Salmonella enterica subsp. enterica serovar Paratyphi B strain 12-02552","cefotaxime","","16.0","","16.0","mg/L","","","","","","","MIC XGBoost Model","202503101","W1 score: 0.95, CI[0.89, 1.00]","Computational Method","",""
57045,"57045.47","Salmonella enterica subsp. enterica serovar Paratyphi B strain 12-02552","sulfisoxazole","","256.0","","256.0","mg/L","","","","","","","MIC XGBoost Model","202503101","W1 score: 0.98, CI[0.97, 0.99]","Computational Method","",""
57045,"57045.47","Salmonella enterica subsp. enterica serovar Paratyphi B strain 12-02552","cefoxitin","","4.0","","4.0","mg/L","","","","","","","MIC XGBoost Model","202503101","W1 score: 0.98, CI[0.97, 1.00]","Computational Method","",""
57045,"57045.47","Salmonella enterica subsp. enterica serovar Paratyphi B strain 12-02552","gentamicin","","4.0","","4.0","mg/L","","","","","","","MIC XGBoost Model","202503101","W1 score: 0.97, CI[0.95, 0.99]","Computational Method","",""
57045,"57045.47","Salmonella enterica subsp. enterica serovar Paratyphi B strain 12-02552","kanamycin","","8.0","","8.0","mg/L","","","","","","","MIC XGBoost Model","202503101","W1 score: 0.99, CI[0.98, 1.01]","Computational Method","",""
57045,"57045.47","Salmonella enterica subsp. enterica serovar Paratyphi B strain 12-02552","meropenem","","0.5","","0.5","mg/L","","","","","","","MIC XGBoost Model","202503101","W1 score: 0.95, CI[0.90, 1.01]","Computational Method","",""
57045,"57045.47","Salmonella enterica subsp. enterica serovar Paratyphi B strain 12-02552","nalidixic acid","","16.0","","16.0","mg/L","","","","","","","MIC XGBoost Model","202503101","W1 score: 0.98, CI[0.97, 0.99]","Computational Method","",""
57045,"57045.47","Salmonella enterica subsp. enterica serovar Paratyphi B strain 12-02552","streptomycin","","32.0","","32.0","mg/L","","","","","","","MIC XGBoost Model","202503101","W1 score: 0.92, CI[0.90, 0.93]","Computational Method","",""
57045,"57045.47","Salmonella enterica subsp. enterica serovar Paratyphi B strain 12-02552","tetracycline","","32.0","","32.0","mg/L","","","","","","","MIC XGBoost Model","202503101","W1 score: 0.99, CI[0.98, 0.99]","Computational Method","",""
57045,"57045.47","Salmonella enterica subsp. enterica serovar Paratyphi B strain 12-02552","ceftiofur","","1.0","","1.0","mg/L","","","","","","","MIC XGBoost Model","202503101","W1 score: 0.99, CI[0.98, 0.99]","Computational Method","",""
57045,"57045.48","Salmonella enterica subsp. enterica serovar Paratyphi B strain 13-SA01718","amoxicillin/clavulanic acid","","8.0","","8.0","mg/L","","","","","","","MIC XGBoost Model","202503101","W1 score: 0.98, CI[0.96, 0.99]","Computational Method","",""
57045,"57045.48","Salmonella enterica subsp. enterica serovar Paratyphi B strain 13-SA01718","ampicillin","","32.0","","32.0","mg/L","","","","","","","MIC XGBoost Model","202503101","W1 score: 0.96, CI[0.95, 0.97]","Computational Method","",""
57045,"57045.48","Salmonella enterica subsp. enterica serovar Paratyphi B strain 13-SA01718","azithromycin","","4.0","","4.0","mg/L","","","","","","","MIC XGBoost Model","202503101","W1 score: 0.99, CI[0.98, 1.00]","Computational Method","",""
57045,"57045.48","Salmonella enterica subsp. enterica serovar Paratyphi B strain 13-SA01718","ceftazidime","","32.0","","32.0","mg/L","","","","","","","MIC XGBoost Model","202503101","W1 score: 0.93, CI[0.88, 0.99]","Computational Method","",""
57045,"57045.48","Salmonella enterica subsp. enterica serovar Paratyphi B strain 13-SA01718","chloramphenicol","","8.0","","8.0","mg/L","","","","","","","MIC XGBoost Model","202503101","W1 score: 0.99, CI[0.98, 1.00]","Computational Method","",""
57045,"57045.48","Salmonella enterica subsp. enterica serovar Paratyphi B strain 13-SA01718","ciprofloxacin","","16.0","","16.0","mg/L","","","","","","","MIC XGBoost Model","202503101","W1 score: 0.88, CI[0.86, 0.90]","Computational Method","",""
57045,"57045.48","Salmonella enterica subsp. enterica serovar Paratyphi B strain 13-SA01718","ceftriaxone","","0.5","","0.5","mg/L","","","","","","","MIC XGBoost Model","202503101","W1 score: 0.95, CI[0.94, 0.96]","Computational Method","",""
57045,"57045.48","Salmonella enterica subsp. enterica serovar Paratyphi B strain 13-SA01718","cefotaxime","","16.0","","16.0","mg/L","","","","","","","MIC XGBoost Model","202503101","W1 score: 0.95, CI[0.89, 1.00]","Computational Method","",""
57045,"57045.48","Salmonella enterica subsp. enterica serovar Paratyphi B strain 13-SA01718","sulfisoxazole","","256.0","","256.0","mg/L","","","","","","","MIC XGBoost Model","202503101","W1 score: 0.98, CI[0.97, 0.99]","Computational Method","",""
57045,"57045.48","Salmonella enterica subsp. enterica serovar Paratyphi B strain 13-SA01718","cefoxitin","","4.0","","4.0","mg/L","","","","","","","MIC XGBoost Model","202503101","W1 score: 0.98, CI[0.97, 1.00]","Computational Method","",""
57045,"57045.48","Salmonella enterica subsp. enterica serovar Paratyphi B strain 13-SA01718","gentamicin","","8.0","","8.0","mg/L","","","","","","","MIC XGBoost Model","202503101","W1 score: 0.97, CI[0.95, 0.99]","Computational Method","",""
57045,"57045.48","Salmonella enterica subsp. enterica serovar Paratyphi B strain 13-SA01718","kanamycin","","8.0","","8.0","mg/L","","","","","","","MIC XGBoost Model","202503101","W1 score: 0.99, CI[0.98, 1.01]","Computational Method","",""
57045,"57045.48","Salmonella enterica subsp. enterica serovar Paratyphi B strain 13-SA01718","meropenem","","0.5","","0.5","mg/L","","","","","","","MIC XGBoost Model","202503101","W1 score: 0.95, CI[0.90, 1.01]","Computational Method","",""
57045,"57045.48","Salmonella enterica subsp. enterica serovar Paratyphi B strain 13-SA01718","nalidixic acid","","16.0","","16.0","mg/L","","","","","","","MIC XGBoost Model","202503101","W1 score: 0.98, CI[0.97, 0.99]","Computational Method","",""
57045,"57045.48","Salmonella enterica subsp. enterica serovar Paratyphi B strain 13-SA01718","streptomycin","","32.0","","32.0","mg/L","","","","","","","MIC XGBoost Model","202503101","W1 score: 0.92, CI[0.90, 0.93]","Computational Method","",""
57045,"57045.48","Salmonella enterica subsp. enterica serovar Paratyphi B strain 13-SA01718","tetracycline","","64.0","","64.0","mg/L","","","","","","","MIC XGBoost Model","202503101","W1 score: 0.99, CI[0.98, 0.99]","Computational Method","",""
57045,"57045.48","Salmonella enterica subsp. enterica serovar Paratyphi B strain 13-SA01718","ceftiofur","","1.0","","1.0","mg/L","","","","","","","MIC XGBoost Model","202503101","W1 score: 0.99, CI[0.98, 0.99]","Computational Method","",""
57045,"57045.49","Salmonella enterica subsp. enterica serovar Paratyphi B strain 12-02548","amoxicillin/clavulanic acid","","8.0","","8.0","mg/L","","","","","","","MIC XGBoost Model","202503101","W1 score: 0.98, CI[0.96, 0.99]","Computational Method","",""
57045,"57045.49","Salmonella enterica subsp. enterica serovar Paratyphi B strain 12-02548","ampicillin","","64.0","","64.0","mg/L","","","","","","","MIC XGBoost Model","202503101","W1 score: 0.96, CI[0.95, 0.97]","Computational Method","",""
57045,"57045.49","Salmonella enterica subsp. enterica serovar Paratyphi B strain 12-02548","azithromycin","","4.0","","4.0","mg/L","","","","","","","MIC XGBoost Model","202503101","W1 score: 0.99, CI[0.98, 1.00]","Computational Method","",""
57045,"57045.49","Salmonella enterica subsp. enterica serovar Paratyphi B strain 12-02548","ceftazidime","","32.0","","32.0","mg/L","","","","","","","MIC XGBoost Model","202503101","W1 score: 0.93, CI[0.88, 0.99]","Computational Method","",""
57045,"57045.49","Salmonella enterica subsp. enterica serovar Paratyphi B strain 12-02548","chloramphenicol","","16.0","","16.0","mg/L","","","","","","","MIC XGBoost Model","202503101","W1 score: 0.99, CI[0.98, 1.00]","Computational Method","",""
57045,"57045.49","Salmonella enterica subsp. enterica serovar Paratyphi B strain 12-02548","ciprofloxacin","","16.0","","16.0","mg/L","","","","","","","MIC XGBoost Model","202503101","W1 score: 0.88, CI[0.86, 0.90]","Computational Method","",""
57045,"57045.49","Salmonella enterica subsp. enterica serovar Paratyphi B strain 12-02548","ceftriaxone","","2.0","","2.0","mg/L","","","","","","","MIC XGBoost Model","202503101","W1 score: 0.95, CI[0.94, 0.96]","Computational Method","",""
57045,"57045.49","Salmonella enterica subsp. enterica serovar Paratyphi B strain 12-02548","cefotaxime","","16.0","","16.0","mg/L","","","","","","","MIC XGBoost Model","202503101","W1 score: 0.95, CI[0.89, 1.00]","Computational Method","",""
57045,"57045.49","Salmonella enterica subsp. enterica serovar Paratyphi B strain 12-02548","sulfisoxazole","","256.0","","256.0","mg/L","","","","","","","MIC XGBoost Model","202503101","W1 score: 0.98, CI[0.97, 0.99]","Computational Method","",""
57045,"57045.49","Salmonella enterica subsp. enterica serovar Paratyphi B strain 12-02548","cefoxitin","","4.0","","4.0","mg/L","","","","","","","MIC XGBoost Model","202503101","W1 score: 0.98, CI[0.97, 1.00]","Computational Method","",""
57045,"57045.49","Salmonella enterica subsp. enterica serovar Paratyphi B strain 12-02548","gentamicin","","8.0","","8.0","mg/L","","","","","","","MIC XGBoost Model","202503101","W1 score: 0.97, CI[0.95, 0.99]","Computational Method","",""
57045,"57045.49","Salmonella enterica subsp. enterica serovar Paratyphi B strain 12-02548","kanamycin","","8.0","","8.0","mg/L","","","","","","","MIC XGBoost Model","202503101","W1 score: 0.99, CI[0.98, 1.01]","Computational Method","",""
57045,"57045.49","Salmonella enterica subsp. enterica serovar Paratyphi B strain 12-02548","meropenem","","0.5","","0.5","mg/L","","","","","","","MIC XGBoost Model","202503101","W1 score: 0.95, CI[0.90, 1.01]","Computational Method","",""
57045,"57045.49","Salmonella enterica subsp. enterica serovar Paratyphi B strain 12-02548","nalidixic acid","","16.0","","16.0","mg/L","","","","","","","MIC XGBoost Model","202503101","W1 score: 0.98, CI[0.97, 0.99]","Computational Method","",""
57045,"57045.49","Salmonella enterica subsp. enterica serovar Paratyphi B strain 12-02548","streptomycin","","32.0","","32.0","mg/L","","","","","","","MIC XGBoost Model","202503101","W1 score: 0.92, CI[0.90, 0.93]","Computational Method","",""
57045,"57045.49","Salmonella enterica subsp. enterica serovar Paratyphi B strain 12-02548","tetracycline","","32.0","","32.0","mg/L","","","","","","","MIC XGBoost Model","202503101","W1 score: 0.99, CI[0.98, 0.99]","Computational Method","",""
57045,"57045.49","Salmonella enterica subsp. enterica serovar Paratyphi B strain 12-02548","ceftiofur","","1.0","","1.0","mg/L","","","","","","","MIC XGBoost Model","202503101","W1 score: 0.99, CI[0.98, 0.99]","Computational Method","",""
57045,"57045.50","Salmonella enterica subsp. enterica serovar Paratyphi B strain 12-02546-2","amoxicillin/clavulanic acid","","8.0","","8.0","mg/L","","","","","","","MIC XGBoost Model","202503101","W1 score: 0.98, CI[0.96, 0.99]","Computational Method","",""
57045,"57045.50","Salmonella enterica subsp. enterica serovar Paratyphi B strain 12-02546-2","ampicillin","","32.0","","32.0","mg/L","","","","","","","MIC XGBoost Model","202503101","W1 score: 0.96, CI[0.95, 0.97]","Computational Method","",""
57045,"57045.50","Salmonella enterica subsp. enterica serovar Paratyphi B strain 12-02546-2","azithromycin","","4.0","","4.0","mg/L","","","","","","","MIC XGBoost Model","202503101","W1 score: 0.99, CI[0.98, 1.00]","Computational Method","",""
57045,"57045.50","Salmonella enterica subsp. enterica serovar Paratyphi B strain 12-02546-2","ceftazidime","","32.0","","32.0","mg/L","","","","","","","MIC XGBoost Model","202503101","W1 score: 0.93, CI[0.88, 0.99]","Computational Method","",""
57045,"57045.50","Salmonella enterica subsp. enterica serovar Paratyphi B strain 12-02546-2","chloramphenicol","","16.0","","16.0","mg/L","","","","","","","MIC XGBoost Model","202503101","W1 score: 0.99, CI[0.98, 1.00]","Computational Method","",""
57045,"57045.50","Salmonella enterica subsp. enterica serovar Paratyphi B strain 12-02546-2","ciprofloxacin","","16.0","","16.0","mg/L","","","","","","","MIC XGBoost Model","202503101","W1 score: 0.88, CI[0.86, 0.90]","Computational Method","",""
57045,"57045.50","Salmonella enterica subsp. enterica serovar Paratyphi B strain 12-02546-2","ceftriaxone","","2.0","","2.0","mg/L","","","","","","","MIC XGBoost Model","202503101","W1 score: 0.95, CI[0.94, 0.96]","Computational Method","",""
57045,"57045.50","Salmonella enterica subsp. enterica serovar Paratyphi B strain 12-02546-2","cefotaxime","","16.0","","16.0","mg/L","","","","","","","MIC XGBoost Model","202503101","W1 score: 0.95, CI[0.89, 1.00]","Computational Method","",""
57045,"57045.50","Salmonella enterica subsp. enterica serovar Paratyphi B strain 12-02546-2","sulfisoxazole","","256.0","","256.0","mg/L","","","","","","","MIC XGBoost Model","202503101","W1 score: 0.98, CI[0.97, 0.99]","Computational Method","",""
57045,"57045.50","Salmonella enterica subsp. enterica serovar Paratyphi B strain 12-02546-2","cefoxitin","","4.0","","4.0","mg/L","","","","","","","MIC XGBoost Model","202503101","W1 score: 0.98, CI[0.97, 1.00]","Computational Method","",""
57045,"57045.50","Salmonella enterica subsp. enterica serovar Paratyphi B strain 12-02546-2","gentamicin","","8.0","","8.0","mg/L","","","","","","","MIC XGBoost Model","202503101","W1 score: 0.97, CI[0.95, 0.99]","Computational Method","",""
57045,"57045.50","Salmonella enterica subsp. enterica serovar Paratyphi B strain 12-02546-2","kanamycin","","8.0","","8.0","mg/L","","","","","","","MIC XGBoost Model","202503101","W1 score: 0.99, CI[0.98, 1.01]","Computational Method","",""
57045,"57045.50","Salmonella enterica subsp. enterica serovar Paratyphi B strain 12-02546-2","meropenem","","0.25","","0.25","mg/L","","","","","","","MIC XGBoost Model","202503101","W1 score: 0.95, CI[0.90, 1.01]","Computational Method","",""
57045,"57045.50","Salmonella enterica subsp. enterica serovar Paratyphi B strain 12-02546-2","nalidixic acid","","32.0","","32.0","mg/L","","","","","","","MIC XGBoost Model","202503101","W1 score: 0.98, CI[0.97, 0.99]","Computational Method","",""
57045,"57045.50","Salmonella enterica subsp. enterica serovar Paratyphi B strain 12-02546-2","streptomycin","","32.0","","32.0","mg/L","","","","","","","MIC XGBoost Model","202503101","W1 score: 0.92, CI[0.90, 0.93]","Computational Method","",""
57045,"57045.50","Salmonella enterica subsp. enterica serovar Paratyphi B strain 12-02546-2","tetracycline","","32.0","","32.0","mg/L","","","","","","","MIC XGBoost Model","202503101","W1 score: 0.99, CI[0.98, 0.99]","Computational Method","",""
57045,"57045.50","Salmonella enterica subsp. enterica serovar Paratyphi B strain 12-02546-2","ceftiofur","","1.0","","1.0","mg/L","","","","","","","MIC XGBoost Model","202503101","W1 score: 0.99, CI[0.98, 0.99]","Computational Method","",""
57045,"57045.52","Salmonella enterica subsp. enterica serovar Paratyphi B strain 12-02539","amoxicillin/clavulanic acid","","1.0","","1.0","mg/L","","","","","","","MIC XGBoost Model","202503101","W1 score: 0.98, CI[0.96, 0.99]","Computational Method","",""
57045,"57045.52","Salmonella enterica subsp. enterica serovar Paratyphi B strain 12-02539","ampicillin","","8.0","","8.0","mg/L","","","","","","","MIC XGBoost Model","202503101","W1 score: 0.96, CI[0.95, 0.97]","Computational Method","",""
57045,"57045.52","Salmonella enterica subsp. enterica serovar Paratyphi B strain 12-02539","azithromycin","","4.0","","4.0","mg/L","","","","","","","MIC XGBoost Model","202503101","W1 score: 0.99, CI[0.98, 1.00]","Computational Method","",""
57045,"57045.52","Salmonella enterica subsp. enterica serovar Paratyphi B strain 12-02539","ceftazidime","","32.0","","32.0","mg/L","","","","","","","MIC XGBoost Model","202503101","W1 score: 0.93, CI[0.88, 0.99]","Computational Method","",""
57045,"57045.52","Salmonella enterica subsp. enterica serovar Paratyphi B strain 12-02539","chloramphenicol","","16.0","","16.0","mg/L","","","","","","","MIC XGBoost Model","202503101","W1 score: 0.99, CI[0.98, 1.00]","Computational Method","",""
57045,"57045.52","Salmonella enterica subsp. enterica serovar Paratyphi B strain 12-02539","ciprofloxacin","","16.0","","16.0","mg/L","","","","","","","MIC XGBoost Model","202503101","W1 score: 0.88, CI[0.86, 0.90]","Computational Method","",""
57045,"57045.52","Salmonella enterica subsp. enterica serovar Paratyphi B strain 12-02539","ceftriaxone","","2.0","","2.0","mg/L","","","","","","","MIC XGBoost Model","202503101","W1 score: 0.95, CI[0.94, 0.96]","Computational Method","",""
57045,"57045.52","Salmonella enterica subsp. enterica serovar Paratyphi B strain 12-02539","cefotaxime","","16.0","","16.0","mg/L","","","","","","","MIC XGBoost Model","202503101","W1 score: 0.95, CI[0.89, 1.00]","Computational Method","",""
57045,"57045.52","Salmonella enterica subsp. enterica serovar Paratyphi B strain 12-02539","sulfisoxazole","","32.0","","32.0","mg/L","","","","","","","MIC XGBoost Model","202503101","W1 score: 0.98, CI[0.97, 0.99]","Computational Method","",""
57045,"57045.52","Salmonella enterica subsp. enterica serovar Paratyphi B strain 12-02539","cefoxitin","","4.0","","4.0","mg/L","","","","","","","MIC XGBoost Model","202503101","W1 score: 0.98, CI[0.97, 1.00]","Computational Method","",""
57045,"57045.52","Salmonella enterica subsp. enterica serovar Paratyphi B strain 12-02539","gentamicin","","4.0","","4.0","mg/L","","","","","","","MIC XGBoost Model","202503101","W1 score: 0.97, CI[0.95, 0.99]","Computational Method","",""
57045,"57045.52","Salmonella enterica subsp. enterica serovar Paratyphi B strain 12-02539","kanamycin","","8.0","","8.0","mg/L","","","","","","","MIC XGBoost Model","202503101","W1 score: 0.99, CI[0.98, 1.01]","Computational Method","",""
57045,"57045.52","Salmonella enterica subsp. enterica serovar Paratyphi B strain 12-02539","meropenem","","0.25","","0.25","mg/L","","","","","","","MIC XGBoost Model","202503101","W1 score: 0.95, CI[0.90, 1.01]","Computational Method","",""
57045,"57045.52","Salmonella enterica subsp. enterica serovar Paratyphi B strain 12-02539","nalidixic acid","","16.0","","16.0","mg/L","","","","","","","MIC XGBoost Model","202503101","W1 score: 0.98, CI[0.97, 0.99]","Computational Method","",""
57045,"57045.52","Salmonella enterica subsp. enterica serovar Paratyphi B strain 12-02539","streptomycin","","32.0","","32.0","mg/L","","","","","","","MIC XGBoost Model","202503101","W1 score: 0.92, CI[0.90, 0.93]","Computational Method","",""
57045,"57045.52","Salmonella enterica subsp. enterica serovar Paratyphi B strain 12-02539","tetracycline","","16.0","","16.0","mg/L","","","","","","","MIC XGBoost Model","202503101","W1 score: 0.99, CI[0.98, 0.99]","Computational Method","",""
57045,"57045.52","Salmonella enterica subsp. enterica serovar Paratyphi B strain 12-02539","ceftiofur","","1.0","","1.0","mg/L","","","","","","","MIC XGBoost Model","202503101","W1 score: 0.99, CI[0.98, 0.99]","Computational Method","",""
57045,"57045.54","Salmonella enterica subsp. enterica serovar Paratyphi B strain 12-02541","amoxicillin/clavulanic acid","","8.0","","8.0","mg/L","","","","","","","MIC XGBoost Model","202503101","W1 score: 0.98, CI[0.96, 0.99]","Computational Method","",""
57045,"57045.54","Salmonella enterica subsp. enterica serovar Paratyphi B strain 12-02541","ampicillin","","64.0","","64.0","mg/L","","","","","","","MIC XGBoost Model","202503101","W1 score: 0.96, CI[0.95, 0.97]","Computational Method","",""
57045,"57045.54","Salmonella enterica subsp. enterica serovar Paratyphi B strain 12-02541","azithromycin","","4.0","","4.0","mg/L","","","","","","","MIC XGBoost Model","202503101","W1 score: 0.99, CI[0.98, 1.00]","Computational Method","",""
57045,"57045.54","Salmonella enterica subsp. enterica serovar Paratyphi B strain 12-02541","ceftazidime","","32.0","","32.0","mg/L","","","","","","","MIC XGBoost Model","202503101","W1 score: 0.93, CI[0.88, 0.99]","Computational Method","",""
57045,"57045.54","Salmonella enterica subsp. enterica serovar Paratyphi B strain 12-02541","chloramphenicol","","16.0","","16.0","mg/L","","","","","","","MIC XGBoost Model","202503101","W1 score: 0.99, CI[0.98, 1.00]","Computational Method","",""
57045,"57045.54","Salmonella enterica subsp. enterica serovar Paratyphi B strain 12-02541","ciprofloxacin","","16.0","","16.0","mg/L","","","","","","","MIC XGBoost Model","202503101","W1 score: 0.88, CI[0.86, 0.90]","Computational Method","",""
57045,"57045.54","Salmonella enterica subsp. enterica serovar Paratyphi B strain 12-02541","ceftriaxone","","2.0","","2.0","mg/L","","","","","","","MIC XGBoost Model","202503101","W1 score: 0.95, CI[0.94, 0.96]","Computational Method","",""
57045,"57045.54","Salmonella enterica subsp. enterica serovar Paratyphi B strain 12-02541","cefotaxime","","16.0","","16.0","mg/L","","","","","","","MIC XGBoost Model","202503101","W1 score: 0.95, CI[0.89, 1.00]","Computational Method","",""
57045,"57045.54","Salmonella enterica subsp. enterica serovar Paratyphi B strain 12-02541","sulfisoxazole","","256.0","","256.0","mg/L","","","","","","","MIC XGBoost Model","202503101","W1 score: 0.98, CI[0.97, 0.99]","Computational Method","",""
57045,"57045.54","Salmonella enterica subsp. enterica serovar Paratyphi B strain 12-02541","cefoxitin","","4.0","","4.0","mg/L","","","","","","","MIC XGBoost Model","202503101","W1 score: 0.98, CI[0.97, 1.00]","Computational Method","",""
57045,"57045.54","Salmonella enterica subsp. enterica serovar Paratyphi B strain 12-02541","gentamicin","","8.0","","8.0","mg/L","","","","","","","MIC XGBoost Model","202503101","W1 score: 0.97, CI[0.95, 0.99]","Computational Method","",""
57045,"57045.54","Salmonella enterica subsp. enterica serovar Paratyphi B strain 12-02541","kanamycin","","8.0","","8.0","mg/L","","","","","","","MIC XGBoost Model","202503101","W1 score: 0.99, CI[0.98, 1.01]","Computational Method","",""
57045,"57045.54","Salmonella enterica subsp. enterica serovar Paratyphi B strain 12-02541","meropenem","","0.25","","0.25","mg/L","","","","","","","MIC XGBoost Model","202503101","W1 score: 0.95, CI[0.90, 1.01]","Computational Method","",""
57045,"57045.54","Salmonella enterica subsp. enterica serovar Paratyphi B strain 12-02541","nalidixic acid","","32.0","","32.0","mg/L","","","","","","","MIC XGBoost Model","202503101","W1 score: 0.98, CI[0.97, 0.99]","Computational Method","",""
57045,"57045.54","Salmonella enterica subsp. enterica serovar Paratyphi B strain 12-02541","streptomycin","","32.0","","32.0","mg/L","","","","","","","MIC XGBoost Model","202503101","W1 score: 0.92, CI[0.90, 0.93]","Computational Method","",""
57045,"57045.54","Salmonella enterica subsp. enterica serovar Paratyphi B strain 12-02541","tetracycline","","32.0","","32.0","mg/L","","","","","","","MIC XGBoost Model","202503101","W1 score: 0.99, CI[0.98, 0.99]","Computational Method","",""
57045,"57045.54","Salmonella enterica subsp. enterica serovar Paratyphi B strain 12-02541","ceftiofur","","1.0","","1.0","mg/L","","","","","","","MIC XGBoost Model","202503101","W1 score: 0.99, CI[0.98, 0.99]","Computational Method","",""
57045,"57045.55","Salmonella enterica subsp. enterica serovar Paratyphi B strain 12-02546-1","amoxicillin/clavulanic acid","","8.0","","8.0","mg/L","","","","","","","MIC XGBoost Model","202503101","W1 score: 0.98, CI[0.96, 0.99]","Computational Method","",""
57045,"57045.55","Salmonella enterica subsp. enterica serovar Paratyphi B strain 12-02546-1","ampicillin","","64.0","","64.0","mg/L","","","","","","","MIC XGBoost Model","202503101","W1 score: 0.96, CI[0.95, 0.97]","Computational Method","",""
57045,"57045.55","Salmonella enterica subsp. enterica serovar Paratyphi B strain 12-02546-1","azithromycin","","4.0","","4.0","mg/L","","","","","","","MIC XGBoost Model","202503101","W1 score: 0.99, CI[0.98, 1.00]","Computational Method","",""
57045,"57045.55","Salmonella enterica subsp. enterica serovar Paratyphi B strain 12-02546-1","ceftazidime","","32.0","","32.0","mg/L","","","","","","","MIC XGBoost Model","202503101","W1 score: 0.93, CI[0.88, 0.99]","Computational Method","",""
57045,"57045.55","Salmonella enterica subsp. enterica serovar Paratyphi B strain 12-02546-1","chloramphenicol","","16.0","","16.0","mg/L","","","","","","","MIC XGBoost Model","202503101","W1 score: 0.99, CI[0.98, 1.00]","Computational Method","",""
57045,"57045.55","Salmonella enterica subsp. enterica serovar Paratyphi B strain 12-02546-1","ciprofloxacin","","16.0","","16.0","mg/L","","","","","","","MIC XGBoost Model","202503101","W1 score: 0.88, CI[0.86, 0.90]","Computational Method","",""
57045,"57045.55","Salmonella enterica subsp. enterica serovar Paratyphi B strain 12-02546-1","ceftriaxone","","2.0","","2.0","mg/L","","","","","","","MIC XGBoost Model","202503101","W1 score: 0.95, CI[0.94, 0.96]","Computational Method","",""
57045,"57045.55","Salmonella enterica subsp. enterica serovar Paratyphi B strain 12-02546-1","cefotaxime","","16.0","","16.0","mg/L","","","","","","","MIC XGBoost Model","202503101","W1 score: 0.95, CI[0.89, 1.00]","Computational Method","",""
57045,"57045.55","Salmonella enterica subsp. enterica serovar Paratyphi B strain 12-02546-1","sulfisoxazole","","256.0","","256.0","mg/L","","","","","","","MIC XGBoost Model","202503101","W1 score: 0.98, CI[0.97, 0.99]","Computational Method","",""
57045,"57045.55","Salmonella enterica subsp. enterica serovar Paratyphi B strain 12-02546-1","cefoxitin","","4.0","","4.0","mg/L","","","","","","","MIC XGBoost Model","202503101","W1 score: 0.98, CI[0.97, 1.00]","Computational Method","",""
57045,"57045.55","Salmonella enterica subsp. enterica serovar Paratyphi B strain 12-02546-1","gentamicin","","8.0","","8.0","mg/L","","","","","","","MIC XGBoost Model","202503101","W1 score: 0.97, CI[0.95, 0.99]","Computational Method","",""
57045,"57045.55","Salmonella enterica subsp. enterica serovar Paratyphi B strain 12-02546-1","kanamycin","","8.0","","8.0","mg/L","","","","","","","MIC XGBoost Model","202503101","W1 score: 0.99, CI[0.98, 1.01]","Computational Method","",""
57045,"57045.55","Salmonella enterica subsp. enterica serovar Paratyphi B strain 12-02546-1","meropenem","","0.5","","0.5","mg/L","","","","","","","MIC XGBoost Model","202503101","W1 score: 0.95, CI[0.90, 1.01]","Computational Method","",""
57045,"57045.55","Salmonella enterica subsp. enterica serovar Paratyphi B strain 12-02546-1","nalidixic acid","","16.0","","16.0","mg/L","","","","","","","MIC XGBoost Model","202503101","W1 score: 0.98, CI[0.97, 0.99]","Computational Method","",""
57045,"57045.55","Salmonella enterica subsp. enterica serovar Paratyphi B strain 12-02546-1","streptomycin","","32.0","","32.0","mg/L","","","","","","","MIC XGBoost Model","202503101","W1 score: 0.92, CI[0.90, 0.93]","Computational Method","",""
57045,"57045.55","Salmonella enterica subsp. enterica serovar Paratyphi B strain 12-02546-1","tetracycline","","32.0","","32.0","mg/L","","","","","","","MIC XGBoost Model","202503101","W1 score: 0.99, CI[0.98, 0.99]","Computational Method","",""
57045,"57045.55","Salmonella enterica subsp. enterica serovar Paratyphi B strain 12-02546-1","ceftiofur","","1.0","","1.0","mg/L","","","","","","","MIC XGBoost Model","202503101","W1 score: 0.99, CI[0.98, 0.99]","Computational Method","",""
57045,"57045.56","Salmonella enterica subsp. enterica serovar Paratyphi B strain 12-02544","amoxicillin/clavulanic acid","","8.0","","8.0","mg/L","","","","","","","MIC XGBoost Model","202503101","W1 score: 0.98, CI[0.96, 0.99]","Computational Method","",""
57045,"57045.56","Salmonella enterica subsp. enterica serovar Paratyphi B strain 12-02544","ampicillin","","32.0","","32.0","mg/L","","","","","","","MIC XGBoost Model","202503101","W1 score: 0.96, CI[0.95, 0.97]","Computational Method","",""
57045,"57045.56","Salmonella enterica subsp. enterica serovar Paratyphi B strain 12-02544","azithromycin","","4.0","","4.0","mg/L","","","","","","","MIC XGBoost Model","202503101","W1 score: 0.99, CI[0.98, 1.00]","Computational Method","",""
57045,"57045.56","Salmonella enterica subsp. enterica serovar Paratyphi B strain 12-02544","ceftazidime","","32.0","","32.0","mg/L","","","","","","","MIC XGBoost Model","202503101","W1 score: 0.93, CI[0.88, 0.99]","Computational Method","",""
57045,"57045.56","Salmonella enterica subsp. enterica serovar Paratyphi B strain 12-02544","chloramphenicol","","16.0","","16.0","mg/L","","","","","","","MIC XGBoost Model","202503101","W1 score: 0.99, CI[0.98, 1.00]","Computational Method","",""
57045,"57045.56","Salmonella enterica subsp. enterica serovar Paratyphi B strain 12-02544","ciprofloxacin","","16.0","","16.0","mg/L","","","","","","","MIC XGBoost Model","202503101","W1 score: 0.88, CI[0.86, 0.90]","Computational Method","",""
57045,"57045.56","Salmonella enterica subsp. enterica serovar Paratyphi B strain 12-02544","ceftriaxone","","2.0","","2.0","mg/L","","","","","","","MIC XGBoost Model","202503101","W1 score: 0.95, CI[0.94, 0.96]","Computational Method","",""
57045,"57045.56","Salmonella enterica subsp. enterica serovar Paratyphi B strain 12-02544","cefotaxime","","16.0","","16.0","mg/L","","","","","","","MIC XGBoost Model","202503101","W1 score: 0.95, CI[0.89, 1.00]","Computational Method","",""
57045,"57045.56","Salmonella enterica subsp. enterica serovar Paratyphi B strain 12-02544","sulfisoxazole","","256.0","","256.0","mg/L","","","","","","","MIC XGBoost Model","202503101","W1 score: 0.98, CI[0.97, 0.99]","Computational Method","",""
57045,"57045.56","Salmonella enterica subsp. enterica serovar Paratyphi B strain 12-02544","cefoxitin","","4.0","","4.0","mg/L","","","","","","","MIC XGBoost Model","202503101","W1 score: 0.98, CI[0.97, 1.00]","Computational Method","",""
57045,"57045.56","Salmonella enterica subsp. enterica serovar Paratyphi B strain 12-02544","gentamicin","","8.0","","8.0","mg/L","","","","","","","MIC XGBoost Model","202503101","W1 score: 0.97, CI[0.95, 0.99]","Computational Method","",""
57045,"57045.56","Salmonella enterica subsp. enterica serovar Paratyphi B strain 12-02544","kanamycin","","8.0","","8.0","mg/L","","","","","","","MIC XGBoost Model","202503101","W1 score: 0.99, CI[0.98, 1.01]","Computational Method","",""
57045,"57045.56","Salmonella enterica subsp. enterica serovar Paratyphi B strain 12-02544","meropenem","","0.5","","0.5","mg/L","","","","","","","MIC XGBoost Model","202503101","W1 score: 0.95, CI[0.90, 1.01]","Computational Method","",""
57045,"57045.56","Salmonella enterica subsp. enterica serovar Paratyphi B strain 12-02544","nalidixic acid","","16.0","","16.0","mg/L","","","","","","","MIC XGBoost Model","202503101","W1 score: 0.98, CI[0.97, 0.99]","Computational Method","",""
57045,"57045.56","Salmonella enterica subsp. enterica serovar Paratyphi B strain 12-02544","streptomycin","","32.0","","32.0","mg/L","","","","","","","MIC XGBoost Model","202503101","W1 score: 0.92, CI[0.90, 0.93]","Computational Method","",""
57045,"57045.56","Salmonella enterica subsp. enterica serovar Paratyphi B strain 12-02544","tetracycline","","32.0","","32.0","mg/L","","","","","","","MIC XGBoost Model","202503101","W1 score: 0.99, CI[0.98, 0.99]","Computational Method","",""
57045,"57045.56","Salmonella enterica subsp. enterica serovar Paratyphi B strain 12-02544","ceftiofur","","1.0","","1.0","mg/L","","","","","","","MIC XGBoost Model","202503101","W1 score: 0.99, CI[0.98, 0.99]","Computational Method","",""
57045,"57045.58","Salmonella enterica subsp. enterica serovar Paratyphi B strain ZC-S1711","amoxicillin/clavulanic acid","","1.0","","1.0","mg/L","","","","","","","MIC XGBoost Model","202503101","W1 score: 0.98, CI[0.96, 0.99]","Computational Method","",""
57045,"57045.58","Salmonella enterica subsp. enterica serovar Paratyphi B strain ZC-S1711","ampicillin","","1.0","","1.0","mg/L","","","","","","","MIC XGBoost Model","202503101","W1 score: 0.96, CI[0.95, 0.97]","Computational Method","",""
57045,"57045.58","Salmonella enterica subsp. enterica serovar Paratyphi B strain ZC-S1711","azithromycin","","4.0","","4.0","mg/L","","","","","","","MIC XGBoost Model","202503101","W1 score: 0.99, CI[0.98, 1.00]","Computational Method","",""
57045,"57045.58","Salmonella enterica subsp. enterica serovar Paratyphi B strain ZC-S1711","ceftazidime","","16.0","","16.0","mg/L","","","","","","","MIC XGBoost Model","202503101","W1 score: 0.93, CI[0.88, 0.99]","Computational Method","",""
57045,"57045.58","Salmonella enterica subsp. enterica serovar Paratyphi B strain ZC-S1711","chloramphenicol","","8.0","","8.0","mg/L","","","","","","","MIC XGBoost Model","202503101","W1 score: 0.99, CI[0.98, 1.00]","Computational Method","",""
57045,"57045.58","Salmonella enterica subsp. enterica serovar Paratyphi B strain ZC-S1711","ciprofloxacin","","0.015625","","0.015625","mg/L","","","","","","","MIC XGBoost Model","202503101","W1 score: 0.88, CI[0.86, 0.90]","Computational Method","",""
57045,"57045.58","Salmonella enterica subsp. enterica serovar Paratyphi B strain ZC-S1711","ceftriaxone","","0.25","","0.25","mg/L","","","","","","","MIC XGBoost Model","202503101","W1 score: 0.95, CI[0.94, 0.96]","Computational Method","",""
57045,"57045.58","Salmonella enterica subsp. enterica serovar Paratyphi B strain ZC-S1711","cefotaxime","","32.0","","32.0","mg/L","","","","","","","MIC XGBoost Model","202503101","W1 score: 0.95, CI[0.89, 1.00]","Computational Method","",""
57045,"57045.58","Salmonella enterica subsp. enterica serovar Paratyphi B strain ZC-S1711","sulfisoxazole","","32.0","","32.0","mg/L","","","","","","","MIC XGBoost Model","202503101","W1 score: 0.98, CI[0.97, 0.99]","Computational Method","",""
57045,"57045.58","Salmonella enterica subsp. enterica serovar Paratyphi B strain ZC-S1711","cefoxitin","","2.0","","2.0","mg/L","","","","","","","MIC XGBoost Model","202503101","W1 score: 0.98, CI[0.97, 1.00]","Computational Method","",""
57045,"57045.58","Salmonella enterica subsp. enterica serovar Paratyphi B strain ZC-S1711","gentamicin","","0.5","","0.5","mg/L","","","","","","","MIC XGBoost Model","202503101","W1 score: 0.97, CI[0.95, 0.99]","Computational Method","",""
57045,"57045.58","Salmonella enterica subsp. enterica serovar Paratyphi B strain ZC-S1711","kanamycin","","8.0","","8.0","mg/L","","","","","","","MIC XGBoost Model","202503101","W1 score: 0.99, CI[0.98, 1.01]","Computational Method","",""
57045,"57045.58","Salmonella enterica subsp. enterica serovar Paratyphi B strain ZC-S1711","meropenem","","0.25","","0.25","mg/L","","","","","","","MIC XGBoost Model","202503101","W1 score: 0.95, CI[0.90, 1.01]","Computational Method","",""
57045,"57045.58","Salmonella enterica subsp. enterica serovar Paratyphi B strain ZC-S1711","nalidixic acid","","4.0","","4.0","mg/L","","","","","","","MIC XGBoost Model","202503101","W1 score: 0.98, CI[0.97, 0.99]","Computational Method","",""
57045,"57045.58","Salmonella enterica subsp. enterica serovar Paratyphi B strain ZC-S1711","streptomycin","","32.0","","32.0","mg/L","","","","","","","MIC XGBoost Model","202503101","W1 score: 0.92, CI[0.90, 0.93]","Computational Method","",""
57045,"57045.58","Salmonella enterica subsp. enterica serovar Paratyphi B strain ZC-S1711","tetracycline","","4.0","","4.0","mg/L","","","","","","","MIC XGBoost Model","202503101","W1 score: 0.99, CI[0.98, 0.99]","Computational Method","",""
57045,"57045.58","Salmonella enterica subsp. enterica serovar Paratyphi B strain ZC-S1711","ceftiofur","","1.0","","1.0","mg/L","","","","","","","MIC XGBoost Model","202503101","W1 score: 0.99, CI[0.98, 0.99]","Computational Method","",""
57045,"57045.59","Salmonella enterica subsp. enterica serovar Paratyphi B strain CICC 10437","amoxicillin/clavulanic acid","","1.0","","1.0","mg/L","","","","","","","MIC XGBoost Model","202503101","W1 score: 0.98, CI[0.96, 0.99]","Computational Method","",""
57045,"57045.59","Salmonella enterica subsp. enterica serovar Paratyphi B strain CICC 10437","ampicillin","","1.0","","1.0","mg/L","","","","","","","MIC XGBoost Model","202503101","W1 score: 0.96, CI[0.95, 0.97]","Computational Method","",""
57045,"57045.59","Salmonella enterica subsp. enterica serovar Paratyphi B strain CICC 10437","azithromycin","","4.0","","4.0","mg/L","","","","","","","MIC XGBoost Model","202503101","W1 score: 0.99, CI[0.98, 1.00]","Computational Method","",""
57045,"57045.59","Salmonella enterica subsp. enterica serovar Paratyphi B strain CICC 10437","ceftazidime","","16.0","","16.0","mg/L","","","","","","","MIC XGBoost Model","202503101","W1 score: 0.93, CI[0.88, 0.99]","Computational Method","",""
57045,"57045.59","Salmonella enterica subsp. enterica serovar Paratyphi B strain CICC 10437","chloramphenicol","","8.0","","8.0","mg/L","","","","","","","MIC XGBoost Model","202503101","W1 score: 0.99, CI[0.98, 1.00]","Computational Method","",""
57045,"57045.59","Salmonella enterica subsp. enterica serovar Paratyphi B strain CICC 10437","ciprofloxacin","","0.015625","","0.015625","mg/L","","","","","","","MIC XGBoost Model","202503101","W1 score: 0.88, CI[0.86, 0.90]","Computational Method","",""
57045,"57045.59","Salmonella enterica subsp. enterica serovar Paratyphi B strain CICC 10437","ceftriaxone","","0.25","","0.25","mg/L","","","","","","","MIC XGBoost Model","202503101","W1 score: 0.95, CI[0.94, 0.96]","Computational Method","",""
57045,"57045.59","Salmonella enterica subsp. enterica serovar Paratyphi B strain CICC 10437","cefotaxime","","32.0","","32.0","mg/L","","","","","","","MIC XGBoost Model","202503101","W1 score: 0.95, CI[0.89, 1.00]","Computational Method","",""
57045,"57045.59","Salmonella enterica subsp. enterica serovar Paratyphi B strain CICC 10437","sulfisoxazole","","32.0","","32.0","mg/L","","","","","","","MIC XGBoost Model","202503101","W1 score: 0.98, CI[0.97, 0.99]","Computational Method","",""
57045,"57045.59","Salmonella enterica subsp. enterica serovar Paratyphi B strain CICC 10437","cefoxitin","","2.0","","2.0","mg/L","","","","","","","MIC XGBoost Model","202503101","W1 score: 0.98, CI[0.97, 1.00]","Computational Method","",""
57045,"57045.59","Salmonella enterica subsp. enterica serovar Paratyphi B strain CICC 10437","gentamicin","","0.5","","0.5","mg/L","","","","","","","MIC XGBoost Model","202503101","W1 score: 0.97, CI[0.95, 0.99]","Computational Method","",""
57045,"57045.59","Salmonella enterica subsp. enterica serovar Paratyphi B strain CICC 10437","kanamycin","","8.0","","8.0","mg/L","","","","","","","MIC XGBoost Model","202503101","W1 score: 0.99, CI[0.98, 1.01]","Computational Method","",""
57045,"57045.59","Salmonella enterica subsp. enterica serovar Paratyphi B strain CICC 10437","meropenem","","0.25","","0.25","mg/L","","","","","","","MIC XGBoost Model","202503101","W1 score: 0.95, CI[0.90, 1.01]","Computational Method","",""
57045,"57045.59","Salmonella enterica subsp. enterica serovar Paratyphi B strain CICC 10437","nalidixic acid","","4.0","","4.0","mg/L","","","","","","","MIC XGBoost Model","202503101","W1 score: 0.98, CI[0.97, 0.99]","Computational Method","",""
57045,"57045.59","Salmonella enterica subsp. enterica serovar Paratyphi B strain CICC 10437","streptomycin","","32.0","","32.0","mg/L","","","","","","","MIC XGBoost Model","202503101","W1 score: 0.92, CI[0.90, 0.93]","Computational Method","",""
57045,"57045.59","Salmonella enterica subsp. enterica serovar Paratyphi B strain CICC 10437","tetracycline","","4.0","","4.0","mg/L","","","","","","","MIC XGBoost Model","202503101","W1 score: 0.99, CI[0.98, 0.99]","Computational Method","",""
57045,"57045.59","Salmonella enterica subsp. enterica serovar Paratyphi B strain CICC 10437","ceftiofur","","1.0","","1.0","mg/L","","","","","","","MIC XGBoost Model","202503101","W1 score: 0.99, CI[0.98, 0.99]","Computational Method","",""
57045,"57045.6","Salmonella enterica subsp. enterica serovar Paratyphi B strain 2012CEB2196SAL","amoxicillin/clavulanic acid","","8.0","","8.0","mg/L","","","","","","","MIC XGBoost Model","202503101","W1 score: 0.98, CI[0.96, 0.99]","Computational Method","",""
57045,"57045.6","Salmonella enterica subsp. enterica serovar Paratyphi B strain 2012CEB2196SAL","ampicillin","","32.0","","32.0","mg/L","","","","","","","MIC XGBoost Model","202503101","W1 score: 0.96, CI[0.95, 0.97]","Computational Method","",""
57045,"57045.6","Salmonella enterica subsp. enterica serovar Paratyphi B strain 2012CEB2196SAL","azithromycin","","4.0","","4.0","mg/L","","","","","","","MIC XGBoost Model","202503101","W1 score: 0.99, CI[0.98, 1.00]","Computational Method","",""
57045,"57045.6","Salmonella enterica subsp. enterica serovar Paratyphi B strain 2012CEB2196SAL","ceftazidime","","2.0","","2.0","mg/L","","","","","","","MIC XGBoost Model","202503101","W1 score: 0.93, CI[0.88, 0.99]","Computational Method","",""
57045,"57045.6","Salmonella enterica subsp. enterica serovar Paratyphi B strain 2012CEB2196SAL","chloramphenicol","","16.0","","16.0","mg/L","","","","","","","MIC XGBoost Model","202503101","W1 score: 0.99, CI[0.98, 1.00]","Computational Method","",""
57045,"57045.6","Salmonella enterica subsp. enterica serovar Paratyphi B strain 2012CEB2196SAL","ciprofloxacin","","0.03125","","0.03125","mg/L","","","","","","","MIC XGBoost Model","202503101","W1 score: 0.88, CI[0.86, 0.90]","Computational Method","",""
57045,"57045.6","Salmonella enterica subsp. enterica serovar Paratyphi B strain 2012CEB2196SAL","ceftriaxone","","1.0","","1.0","mg/L","","","","","","","MIC XGBoost Model","202503101","W1 score: 0.95, CI[0.94, 0.96]","Computational Method","",""
57045,"57045.6","Salmonella enterica subsp. enterica serovar Paratyphi B strain 2012CEB2196SAL","cefotaxime","","16.0","","16.0","mg/L","","","","","","","MIC XGBoost Model","202503101","W1 score: 0.95, CI[0.89, 1.00]","Computational Method","",""
57045,"57045.6","Salmonella enterica subsp. enterica serovar Paratyphi B strain 2012CEB2196SAL","sulfisoxazole","","256.0","","256.0","mg/L","","","","","","","MIC XGBoost Model","202503101","W1 score: 0.98, CI[0.97, 0.99]","Computational Method","",""
57045,"57045.6","Salmonella enterica subsp. enterica serovar Paratyphi B strain 2012CEB2196SAL","cefoxitin","","4.0","","4.0","mg/L","","","","","","","MIC XGBoost Model","202503101","W1 score: 0.98, CI[0.97, 1.00]","Computational Method","",""
57045,"57045.6","Salmonella enterica subsp. enterica serovar Paratyphi B strain 2012CEB2196SAL","gentamicin","","4.0","","4.0","mg/L","","","","","","","MIC XGBoost Model","202503101","W1 score: 0.97, CI[0.95, 0.99]","Computational Method","",""
57045,"57045.6","Salmonella enterica subsp. enterica serovar Paratyphi B strain 2012CEB2196SAL","kanamycin","","8.0","","8.0","mg/L","","","","","","","MIC XGBoost Model","202503101","W1 score: 0.99, CI[0.98, 1.01]","Computational Method","",""
57045,"57045.6","Salmonella enterica subsp. enterica serovar Paratyphi B strain 2012CEB2196SAL","meropenem","","0.25","","0.25","mg/L","","","","","","","MIC XGBoost Model","202503101","W1 score: 0.95, CI[0.90, 1.01]","Computational Method","",""
57045,"57045.6","Salmonella enterica subsp. enterica serovar Paratyphi B strain 2012CEB2196SAL","nalidixic acid","","8.0","","8.0","mg/L","","","","","","","MIC XGBoost Model","202503101","W1 score: 0.98, CI[0.97, 0.99]","Computational Method","",""
57045,"57045.6","Salmonella enterica subsp. enterica serovar Paratyphi B strain 2012CEB2196SAL","streptomycin","","32.0","","32.0","mg/L","","","","","","","MIC XGBoost Model","202503101","W1 score: 0.92, CI[0.90, 0.93]","Computational Method","",""
57045,"57045.6","Salmonella enterica subsp. enterica serovar Paratyphi B strain 2012CEB2196SAL","tetracycline","","32.0","","32.0","mg/L","","","","","","","MIC XGBoost Model","202503101","W1 score: 0.99, CI[0.98, 0.99]","Computational Method","",""
57045,"57045.6","Salmonella enterica subsp. enterica serovar Paratyphi B strain 2012CEB2196SAL","ceftiofur","","1.0","","1.0","mg/L","","","","","","","MIC XGBoost Model","202503101","W1 score: 0.99, CI[0.98, 0.99]","Computational Method","",""
57045,"57045.60","Salmonella enterica subsp. enterica serovar Paratyphi B strain ZC-S1711","amoxicillin/clavulanic acid","","1.0","","1.0","mg/L","","","","","","","MIC XGBoost Model","202503101","W1 score: 0.98, CI[0.96, 0.99]","Computational Method","",""
57045,"57045.60","Salmonella enterica subsp. enterica serovar Paratyphi B strain ZC-S1711","ampicillin","","1.0","","1.0","mg/L","","","","","","","MIC XGBoost Model","202503101","W1 score: 0.96, CI[0.95, 0.97]","Computational Method","",""
57045,"57045.60","Salmonella enterica subsp. enterica serovar Paratyphi B strain ZC-S1711","azithromycin","","4.0","","4.0","mg/L","","","","","","","MIC XGBoost Model","202503101","W1 score: 0.99, CI[0.98, 1.00]","Computational Method","",""
57045,"57045.60","Salmonella enterica subsp. enterica serovar Paratyphi B strain ZC-S1711","ceftazidime","","16.0","","16.0","mg/L","","","","","","","MIC XGBoost Model","202503101","W1 score: 0.93, CI[0.88, 0.99]","Computational Method","",""
57045,"57045.60","Salmonella enterica subsp. enterica serovar Paratyphi B strain ZC-S1711","chloramphenicol","","8.0","","8.0","mg/L","","","","","","","MIC XGBoost Model","202503101","W1 score: 0.99, CI[0.98, 1.00]","Computational Method","",""
57045,"57045.60","Salmonella enterica subsp. enterica serovar Paratyphi B strain ZC-S1711","ciprofloxacin","","0.015625","","0.015625","mg/L","","","","","","","MIC XGBoost Model","202503101","W1 score: 0.88, CI[0.86, 0.90]","Computational Method","",""
57045,"57045.60","Salmonella enterica subsp. enterica serovar Paratyphi B strain ZC-S1711","ceftriaxone","","0.25","","0.25","mg/L","","","","","","","MIC XGBoost Model","202503101","W1 score: 0.95, CI[0.94, 0.96]","Computational Method","",""
57045,"57045.60","Salmonella enterica subsp. enterica serovar Paratyphi B strain ZC-S1711","cefotaxime","","32.0","","32.0","mg/L","","","","","","","MIC XGBoost Model","202503101","W1 score: 0.95, CI[0.89, 1.00]","Computational Method","",""
57045,"57045.60","Salmonella enterica subsp. enterica serovar Paratyphi B strain ZC-S1711","sulfisoxazole","","32.0","","32.0","mg/L","","","","","","","MIC XGBoost Model","202503101","W1 score: 0.98, CI[0.97, 0.99]","Computational Method","",""
57045,"57045.60","Salmonella enterica subsp. enterica serovar Paratyphi B strain ZC-S1711","cefoxitin","","2.0","","2.0","mg/L","","","","","","","MIC XGBoost Model","202503101","W1 score: 0.98, CI[0.97, 1.00]","Computational Method","",""
57045,"57045.60","Salmonella enterica subsp. enterica serovar Paratyphi B strain ZC-S1711","gentamicin","","0.5","","0.5","mg/L","","","","","","","MIC XGBoost Model","202503101","W1 score: 0.97, CI[0.95, 0.99]","Computational Method","",""
57045,"57045.60","Salmonella enterica subsp. enterica serovar Paratyphi B strain ZC-S1711","kanamycin","","8.0","","8.0","mg/L","","","","","","","MIC XGBoost Model","202503101","W1 score: 0.99, CI[0.98, 1.01]","Computational Method","",""
57045,"57045.60","Salmonella enterica subsp. enterica serovar Paratyphi B strain ZC-S1711","meropenem","","0.25","","0.25","mg/L","","","","","","","MIC XGBoost Model","202503101","W1 score: 0.95, CI[0.90, 1.01]","Computational Method","",""
57045,"57045.60","Salmonella enterica subsp. enterica serovar Paratyphi B strain ZC-S1711","nalidixic acid","","4.0","","4.0","mg/L","","","","","","","MIC XGBoost Model","202503101","W1 score: 0.98, CI[0.97, 0.99]","Computational Method","",""
57045,"57045.60","Salmonella enterica subsp. enterica serovar Paratyphi B strain ZC-S1711","streptomycin","","32.0","","32.0","mg/L","","","","","","","MIC XGBoost Model","202503101","W1 score: 0.92, CI[0.90, 0.93]","Computational Method","",""
57045,"57045.60","Salmonella enterica subsp. enterica serovar Paratyphi B strain ZC-S1711","tetracycline","","4.0","","4.0","mg/L","","","","","","","MIC XGBoost Model","202503101","W1 score: 0.99, CI[0.98, 0.99]","Computational Method","",""
57045,"57045.60","Salmonella enterica subsp. enterica serovar Paratyphi B strain ZC-S1711","ceftiofur","","1.0","","1.0","mg/L","","","","","","","MIC XGBoost Model","202503101","W1 score: 0.99, CI[0.98, 0.99]","Computational Method","",""
57045,"57045.61","Salmonella enterica subsp. enterica serovar Paratyphi B strain CICC 10437","amoxicillin/clavulanic acid","","1.0","","1.0","mg/L","","","","","","","MIC XGBoost Model","202503101","W1 score: 0.98, CI[0.96, 0.99]","Computational Method","",""
57045,"57045.61","Salmonella enterica subsp. enterica serovar Paratyphi B strain CICC 10437","ampicillin","","1.0","","1.0","mg/L","","","","","","","MIC XGBoost Model","202503101","W1 score: 0.96, CI[0.95, 0.97]","Computational Method","",""
57045,"57045.61","Salmonella enterica subsp. enterica serovar Paratyphi B strain CICC 10437","azithromycin","","4.0","","4.0","mg/L","","","","","","","MIC XGBoost Model","202503101","W1 score: 0.99, CI[0.98, 1.00]","Computational Method","",""
57045,"57045.61","Salmonella enterica subsp. enterica serovar Paratyphi B strain CICC 10437","ceftazidime","","16.0","","16.0","mg/L","","","","","","","MIC XGBoost Model","202503101","W1 score: 0.93, CI[0.88, 0.99]","Computational Method","",""
57045,"57045.61","Salmonella enterica subsp. enterica serovar Paratyphi B strain CICC 10437","chloramphenicol","","8.0","","8.0","mg/L","","","","","","","MIC XGBoost Model","202503101","W1 score: 0.99, CI[0.98, 1.00]","Computational Method","",""
57045,"57045.61","Salmonella enterica subsp. enterica serovar Paratyphi B strain CICC 10437","ciprofloxacin","","0.015625","","0.015625","mg/L","","","","","","","MIC XGBoost Model","202503101","W1 score: 0.88, CI[0.86, 0.90]","Computational Method","",""
57045,"57045.61","Salmonella enterica subsp. enterica serovar Paratyphi B strain CICC 10437","ceftriaxone","","0.25","","0.25","mg/L","","","","","","","MIC XGBoost Model","202503101","W1 score: 0.95, CI[0.94, 0.96]","Computational Method","",""
57045,"57045.61","Salmonella enterica subsp. enterica serovar Paratyphi B strain CICC 10437","cefotaxime","","32.0","","32.0","mg/L","","","","","","","MIC XGBoost Model","202503101","W1 score: 0.95, CI[0.89, 1.00]","Computational Method","",""
57045,"57045.61","Salmonella enterica subsp. enterica serovar Paratyphi B strain CICC 10437","sulfisoxazole","","32.0","","32.0","mg/L","","","","","","","MIC XGBoost Model","202503101","W1 score: 0.98, CI[0.97, 0.99]","Computational Method","",""
57045,"57045.61","Salmonella enterica subsp. enterica serovar Paratyphi B strain CICC 10437","cefoxitin","","2.0","","2.0","mg/L","","","","","","","MIC XGBoost Model","202503101","W1 score: 0.98, CI[0.97, 1.00]","Computational Method","",""
57045,"57045.61","Salmonella enterica subsp. enterica serovar Paratyphi B strain CICC 10437","gentamicin","","0.5","","0.5","mg/L","","","","","","","MIC XGBoost Model","202503101","W1 score: 0.97, CI[0.95, 0.99]","Computational Method","",""
57045,"57045.61","Salmonella enterica subsp. enterica serovar Paratyphi B strain CICC 10437","kanamycin","","8.0","","8.0","mg/L","","","","","","","MIC XGBoost Model","202503101","W1 score: 0.99, CI[0.98, 1.01]","Computational Method","",""
57045,"57045.61","Salmonella enterica subsp. enterica serovar Paratyphi B strain CICC 10437","meropenem","","0.25","","0.25","mg/L","","","","","","","MIC XGBoost Model","202503101","W1 score: 0.95, CI[0.90, 1.01]","Computational Method","",""
57045,"57045.61","Salmonella enterica subsp. enterica serovar Paratyphi B strain CICC 10437","nalidixic acid","","4.0","","4.0","mg/L","","","","","","","MIC XGBoost Model","202503101","W1 score: 0.98, CI[0.97, 0.99]","Computational Method","",""
57045,"57045.61","Salmonella enterica subsp. enterica serovar Paratyphi B strain CICC 10437","streptomycin","","32.0","","32.0","mg/L","","","","","","","MIC XGBoost Model","202503101","W1 score: 0.92, CI[0.90, 0.93]","Computational Method","",""
57045,"57045.61","Salmonella enterica subsp. enterica serovar Paratyphi B strain CICC 10437","tetracycline","","4.0","","4.0","mg/L","","","","","","","MIC XGBoost Model","202503101","W1 score: 0.99, CI[0.98, 0.99]","Computational Method","",""
57045,"57045.61","Salmonella enterica subsp. enterica serovar Paratyphi B strain CICC 10437","ceftiofur","","1.0","","1.0","mg/L","","","","","","","MIC XGBoost Model","202503101","W1 score: 0.99, CI[0.98, 0.99]","Computational Method","",""
57045,"57045.69","Salmonella enterica subsp. enterica serovar Paratyphi B strain ZC-S1711","amoxicillin/clavulanic acid","","1.0","","1.0","mg/L","","","","","","","MIC XGBoost Model","202503101","W1 score: 0.98, CI[0.96, 0.99]","Computational Method","",""
57045,"57045.69","Salmonella enterica subsp. enterica serovar Paratyphi B strain ZC-S1711","ampicillin","","1.0","","1.0","mg/L","","","","","","","MIC XGBoost Model","202503101","W1 score: 0.96, CI[0.95, 0.97]","Computational Method","",""
57045,"57045.69","Salmonella enterica subsp. enterica serovar Paratyphi B strain ZC-S1711","azithromycin","","4.0","","4.0","mg/L","","","","","","","MIC XGBoost Model","202503101","W1 score: 0.99, CI[0.98, 1.00]","Computational Method","",""
57045,"57045.69","Salmonella enterica subsp. enterica serovar Paratyphi B strain ZC-S1711","ceftazidime","","16.0","","16.0","mg/L","","","","","","","MIC XGBoost Model","202503101","W1 score: 0.93, CI[0.88, 0.99]","Computational Method","",""
57045,"57045.69","Salmonella enterica subsp. enterica serovar Paratyphi B strain ZC-S1711","chloramphenicol","","8.0","","8.0","mg/L","","","","","","","MIC XGBoost Model","202503101","W1 score: 0.99, CI[0.98, 1.00]","Computational Method","",""
57045,"57045.69","Salmonella enterica subsp. enterica serovar Paratyphi B strain ZC-S1711","ciprofloxacin","","0.015625","","0.015625","mg/L","","","","","","","MIC XGBoost Model","202503101","W1 score: 0.88, CI[0.86, 0.90]","Computational Method","",""
57045,"57045.69","Salmonella enterica subsp. enterica serovar Paratyphi B strain ZC-S1711","ceftriaxone","","0.25","","0.25","mg/L","","","","","","","MIC XGBoost Model","202503101","W1 score: 0.95, CI[0.94, 0.96]","Computational Method","",""
57045,"57045.69","Salmonella enterica subsp. enterica serovar Paratyphi B strain ZC-S1711","cefotaxime","","32.0","","32.0","mg/L","","","","","","","MIC XGBoost Model","202503101","W1 score: 0.95, CI[0.89, 1.00]","Computational Method","",""
57045,"57045.69","Salmonella enterica subsp. enterica serovar Paratyphi B strain ZC-S1711","sulfisoxazole","","32.0","","32.0","mg/L","","","","","","","MIC XGBoost Model","202503101","W1 score: 0.98, CI[0.97, 0.99]","Computational Method","",""
57045,"57045.69","Salmonella enterica subsp. enterica serovar Paratyphi B strain ZC-S1711","cefoxitin","","2.0","","2.0","mg/L","","","","","","","MIC XGBoost Model","202503101","W1 score: 0.98, CI[0.97, 1.00]","Computational Method","",""
57045,"57045.69","Salmonella enterica subsp. enterica serovar Paratyphi B strain ZC-S1711","gentamicin","","0.5","","0.5","mg/L","","","","","","","MIC XGBoost Model","202503101","W1 score: 0.97, CI[0.95, 0.99]","Computational Method","",""
57045,"57045.69","Salmonella enterica subsp. enterica serovar Paratyphi B strain ZC-S1711","kanamycin","","8.0","","8.0","mg/L","","","","","","","MIC XGBoost Model","202503101","W1 score: 0.99, CI[0.98, 1.01]","Computational Method","",""
57045,"57045.69","Salmonella enterica subsp. enterica serovar Paratyphi B strain ZC-S1711","meropenem","","0.25","","0.25","mg/L","","","","","","","MIC XGBoost Model","202503101","W1 score: 0.95, CI[0.90, 1.01]","Computational Method","",""
57045,"57045.69","Salmonella enterica subsp. enterica serovar Paratyphi B strain ZC-S1711","nalidixic acid","","4.0","","4.0","mg/L","","","","","","","MIC XGBoost Model","202503101","W1 score: 0.98, CI[0.97, 0.99]","Computational Method","",""
57045,"57045.69","Salmonella enterica subsp. enterica serovar Paratyphi B strain ZC-S1711","streptomycin","","32.0","","32.0","mg/L","","","","","","","MIC XGBoost Model","202503101","W1 score: 0.92, CI[0.90, 0.93]","Computational Method","",""
57045,"57045.69","Salmonella enterica subsp. enterica serovar Paratyphi B strain ZC-S1711","tetracycline","","4.0","","4.0","mg/L","","","","","","","MIC XGBoost Model","202503101","W1 score: 0.99, CI[0.98, 0.99]","Computational Method","",""
57045,"57045.69","Salmonella enterica subsp. enterica serovar Paratyphi B strain ZC-S1711","ceftiofur","","1.0","","1.0","mg/L","","","","","","","MIC XGBoost Model","202503101","W1 score: 0.99, CI[0.98, 0.99]","Computational Method","",""
57045,"57045.7","Salmonella enterica subsp. enterica serovar Paratyphi B strain 2012CEB4337SAL","amoxicillin/clavulanic acid","","8.0","","8.0","mg/L","","","","","","","MIC XGBoost Model","202503101","W1 score: 0.98, CI[0.96, 0.99]","Computational Method","",""
57045,"57045.7","Salmonella enterica subsp. enterica serovar Paratyphi B strain 2012CEB4337SAL","ampicillin","","32.0","","32.0","mg/L","","","","","","","MIC XGBoost Model","202503101","W1 score: 0.96, CI[0.95, 0.97]","Computational Method","",""
57045,"57045.7","Salmonella enterica subsp. enterica serovar Paratyphi B strain 2012CEB4337SAL","azithromycin","","4.0","","4.0","mg/L","","","","","","","MIC XGBoost Model","202503101","W1 score: 0.99, CI[0.98, 1.00]","Computational Method","",""
57045,"57045.7","Salmonella enterica subsp. enterica serovar Paratyphi B strain 2012CEB4337SAL","ceftazidime","","2.0","","2.0","mg/L","","","","","","","MIC XGBoost Model","202503101","W1 score: 0.93, CI[0.88, 0.99]","Computational Method","",""
57045,"57045.7","Salmonella enterica subsp. enterica serovar Paratyphi B strain 2012CEB4337SAL","chloramphenicol","","16.0","","16.0","mg/L","","","","","","","MIC XGBoost Model","202503101","W1 score: 0.99, CI[0.98, 1.00]","Computational Method","",""
57045,"57045.7","Salmonella enterica subsp. enterica serovar Paratyphi B strain 2012CEB4337SAL","ciprofloxacin","","0.03125","","0.03125","mg/L","","","","","","","MIC XGBoost Model","202503101","W1 score: 0.88, CI[0.86, 0.90]","Computational Method","",""
57045,"57045.7","Salmonella enterica subsp. enterica serovar Paratyphi B strain 2012CEB4337SAL","ceftriaxone","","1.0","","1.0","mg/L","","","","","","","MIC XGBoost Model","202503101","W1 score: 0.95, CI[0.94, 0.96]","Computational Method","",""
57045,"57045.7","Salmonella enterica subsp. enterica serovar Paratyphi B strain 2012CEB4337SAL","cefotaxime","","16.0","","16.0","mg/L","","","","","","","MIC XGBoost Model","202503101","W1 score: 0.95, CI[0.89, 1.00]","Computational Method","",""
57045,"57045.7","Salmonella enterica subsp. enterica serovar Paratyphi B strain 2012CEB4337SAL","sulfisoxazole","","256.0","","256.0","mg/L","","","","","","","MIC XGBoost Model","202503101","W1 score: 0.98, CI[0.97, 0.99]","Computational Method","",""
57045,"57045.7","Salmonella enterica subsp. enterica serovar Paratyphi B strain 2012CEB4337SAL","cefoxitin","","4.0","","4.0","mg/L","","","","","","","MIC XGBoost Model","202503101","W1 score: 0.98, CI[0.97, 1.00]","Computational Method","",""
57045,"57045.7","Salmonella enterica subsp. enterica serovar Paratyphi B strain 2012CEB4337SAL","gentamicin","","4.0","","4.0","mg/L","","","","","","","MIC XGBoost Model","202503101","W1 score: 0.97, CI[0.95, 0.99]","Computational Method","",""
57045,"57045.7","Salmonella enterica subsp. enterica serovar Paratyphi B strain 2012CEB4337SAL","kanamycin","","8.0","","8.0","mg/L","","","","","","","MIC XGBoost Model","202503101","W1 score: 0.99, CI[0.98, 1.01]","Computational Method","",""
57045,"57045.7","Salmonella enterica subsp. enterica serovar Paratyphi B strain 2012CEB4337SAL","meropenem","","0.25","","0.25","mg/L","","","","","","","MIC XGBoost Model","202503101","W1 score: 0.95, CI[0.90, 1.01]","Computational Method","",""
57045,"57045.7","Salmonella enterica subsp. enterica serovar Paratyphi B strain 2012CEB4337SAL","nalidixic acid","","8.0","","8.0","mg/L","","","","","","","MIC XGBoost Model","202503101","W1 score: 0.98, CI[0.97, 0.99]","Computational Method","",""
57045,"57045.7","Salmonella enterica subsp. enterica serovar Paratyphi B strain 2012CEB4337SAL","streptomycin","","32.0","","32.0","mg/L","","","","","","","MIC XGBoost Model","202503101","W1 score: 0.92, CI[0.90, 0.93]","Computational Method","",""
57045,"57045.7","Salmonella enterica subsp. enterica serovar Paratyphi B strain 2012CEB4337SAL","tetracycline","","32.0","","32.0","mg/L","","","","","","","MIC XGBoost Model","202503101","W1 score: 0.99, CI[0.98, 0.99]","Computational Method","",""
57045,"57045.7","Salmonella enterica subsp. enterica serovar Paratyphi B strain 2012CEB4337SAL","ceftiofur","","1.0","","1.0","mg/L","","","","","","","MIC XGBoost Model","202503101","W1 score: 0.99, CI[0.98, 0.99]","Computational Method","",""
57045,"57045.70","Salmonella enterica subsp. enterica serovar Paratyphi B strain CICC 10437","amoxicillin/clavulanic acid","","1.0","","1.0","mg/L","","","","","","","MIC XGBoost Model","202503101","W1 score: 0.98, CI[0.96, 0.99]","Computational Method","",""
57045,"57045.70","Salmonella enterica subsp. enterica serovar Paratyphi B strain CICC 10437","ampicillin","","1.0","","1.0","mg/L","","","","","","","MIC XGBoost Model","202503101","W1 score: 0.96, CI[0.95, 0.97]","Computational Method","",""
57045,"57045.70","Salmonella enterica subsp. enterica serovar Paratyphi B strain CICC 10437","azithromycin","","4.0","","4.0","mg/L","","","","","","","MIC XGBoost Model","202503101","W1 score: 0.99, CI[0.98, 1.00]","Computational Method","",""
57045,"57045.70","Salmonella enterica subsp. enterica serovar Paratyphi B strain CICC 10437","ceftazidime","","16.0","","16.0","mg/L","","","","","","","MIC XGBoost Model","202503101","W1 score: 0.93, CI[0.88, 0.99]","Computational Method","",""
57045,"57045.70","Salmonella enterica subsp. enterica serovar Paratyphi B strain CICC 10437","chloramphenicol","","8.0","","8.0","mg/L","","","","","","","MIC XGBoost Model","202503101","W1 score: 0.99, CI[0.98, 1.00]","Computational Method","",""
57045,"57045.70","Salmonella enterica subsp. enterica serovar Paratyphi B strain CICC 10437","ciprofloxacin","","0.015625","","0.015625","mg/L","","","","","","","MIC XGBoost Model","202503101","W1 score: 0.88, CI[0.86, 0.90]","Computational Method","",""
57045,"57045.70","Salmonella enterica subsp. enterica serovar Paratyphi B strain CICC 10437","ceftriaxone","","0.25","","0.25","mg/L","","","","","","","MIC XGBoost Model","202503101","W1 score: 0.95, CI[0.94, 0.96]","Computational Method","",""
57045,"57045.70","Salmonella enterica subsp. enterica serovar Paratyphi B strain CICC 10437","cefotaxime","","32.0","","32.0","mg/L","","","","","","","MIC XGBoost Model","202503101","W1 score: 0.95, CI[0.89, 1.00]","Computational Method","",""
57045,"57045.70","Salmonella enterica subsp. enterica serovar Paratyphi B strain CICC 10437","sulfisoxazole","","32.0","","32.0","mg/L","","","","","","","MIC XGBoost Model","202503101","W1 score: 0.98, CI[0.97, 0.99]","Computational Method","",""
57045,"57045.70","Salmonella enterica subsp. enterica serovar Paratyphi B strain CICC 10437","cefoxitin","","2.0","","2.0","mg/L","","","","","","","MIC XGBoost Model","202503101","W1 score: 0.98, CI[0.97, 1.00]","Computational Method","",""
57045,"57045.70","Salmonella enterica subsp. enterica serovar Paratyphi B strain CICC 10437","gentamicin","","0.5","","0.5","mg/L","","","","","","","MIC XGBoost Model","202503101","W1 score: 0.97, CI[0.95, 0.99]","Computational Method","",""
57045,"57045.70","Salmonella enterica subsp. enterica serovar Paratyphi B strain CICC 10437","kanamycin","","8.0","","8.0","mg/L","","","","","","","MIC XGBoost Model","202503101","W1 score: 0.99, CI[0.98, 1.01]","Computational Method","",""
57045,"57045.70","Salmonella enterica subsp. enterica serovar Paratyphi B strain CICC 10437","meropenem","","0.25","","0.25","mg/L","","","","","","","MIC XGBoost Model","202503101","W1 score: 0.95, CI[0.90, 1.01]","Computational Method","",""
57045,"57045.70","Salmonella enterica subsp. enterica serovar Paratyphi B strain CICC 10437","nalidixic acid","","4.0","","4.0","mg/L","","","","","","","MIC XGBoost Model","202503101","W1 score: 0.98, CI[0.97, 0.99]","Computational Method","",""
57045,"57045.70","Salmonella enterica subsp. enterica serovar Paratyphi B strain CICC 10437","streptomycin","","32.0","","32.0","mg/L","","","","","","","MIC XGBoost Model","202503101","W1 score: 0.92, CI[0.90, 0.93]","Computational Method","",""
57045,"57045.70","Salmonella enterica subsp. enterica serovar Paratyphi B strain CICC 10437","tetracycline","","4.0","","4.0","mg/L","","","","","","","MIC XGBoost Model","202503101","W1 score: 0.99, CI[0.98, 0.99]","Computational Method","",""
57045,"57045.70","Salmonella enterica subsp. enterica serovar Paratyphi B strain CICC 10437","ceftiofur","","1.0","","1.0","mg/L","","","","","","","MIC XGBoost Model","202503101","W1 score: 0.99, CI[0.98, 0.99]","Computational Method","",""
57045,"57045.8","Salmonella enterica subsp. enterica serovar Paratyphi B strain 2008CEB2743SAL","amoxicillin/clavulanic acid","","8.0","","8.0","mg/L","","","","","","","MIC XGBoost Model","202503101","W1 score: 0.98, CI[0.96, 0.99]","Computational Method","",""
57045,"57045.8","Salmonella enterica subsp. enterica serovar Paratyphi B strain 2008CEB2743SAL","ampicillin","","32.0","","32.0","mg/L","","","","","","","MIC XGBoost Model","202503101","W1 score: 0.96, CI[0.95, 0.97]","Computational Method","",""
57045,"57045.8","Salmonella enterica subsp. enterica serovar Paratyphi B strain 2008CEB2743SAL","azithromycin","","4.0","","4.0","mg/L","","","","","","","MIC XGBoost Model","202503101","W1 score: 0.99, CI[0.98, 1.00]","Computational Method","",""
57045,"57045.8","Salmonella enterica subsp. enterica serovar Paratyphi B strain 2008CEB2743SAL","ceftazidime","","2.0","","2.0","mg/L","","","","","","","MIC XGBoost Model","202503101","W1 score: 0.93, CI[0.88, 0.99]","Computational Method","",""
57045,"57045.8","Salmonella enterica subsp. enterica serovar Paratyphi B strain 2008CEB2743SAL","chloramphenicol","","16.0","","16.0","mg/L","","","","","","","MIC XGBoost Model","202503101","W1 score: 0.99, CI[0.98, 1.00]","Computational Method","",""
57045,"57045.8","Salmonella enterica subsp. enterica serovar Paratyphi B strain 2008CEB2743SAL","ciprofloxacin","","0.03125","","0.03125","mg/L","","","","","","","MIC XGBoost Model","202503101","W1 score: 0.88, CI[0.86, 0.90]","Computational Method","",""
57045,"57045.8","Salmonella enterica subsp. enterica serovar Paratyphi B strain 2008CEB2743SAL","ceftriaxone","","0.5","","0.5","mg/L","","","","","","","MIC XGBoost Model","202503101","W1 score: 0.95, CI[0.94, 0.96]","Computational Method","",""
57045,"57045.8","Salmonella enterica subsp. enterica serovar Paratyphi B strain 2008CEB2743SAL","cefotaxime","","16.0","","16.0","mg/L","","","","","","","MIC XGBoost Model","202503101","W1 score: 0.95, CI[0.89, 1.00]","Computational Method","",""
57045,"57045.8","Salmonella enterica subsp. enterica serovar Paratyphi B strain 2008CEB2743SAL","sulfisoxazole","","128.0","","128.0","mg/L","","","","","","","MIC XGBoost Model","202503101","W1 score: 0.98, CI[0.97, 0.99]","Computational Method","",""
57045,"57045.8","Salmonella enterica subsp. enterica serovar Paratyphi B strain 2008CEB2743SAL","cefoxitin","","4.0","","4.0","mg/L","","","","","","","MIC XGBoost Model","202503101","W1 score: 0.98, CI[0.97, 1.00]","Computational Method","",""
57045,"57045.8","Salmonella enterica subsp. enterica serovar Paratyphi B strain 2008CEB2743SAL","gentamicin","","4.0","","4.0","mg/L","","","","","","","MIC XGBoost Model","202503101","W1 score: 0.97, CI[0.95, 0.99]","Computational Method","",""
57045,"57045.8","Salmonella enterica subsp. enterica serovar Paratyphi B strain 2008CEB2743SAL","kanamycin","","8.0","","8.0","mg/L","","","","","","","MIC XGBoost Model","202503101","W1 score: 0.99, CI[0.98, 1.01]","Computational Method","",""
57045,"57045.8","Salmonella enterica subsp. enterica serovar Paratyphi B strain 2008CEB2743SAL","meropenem","","0.25","","0.25","mg/L","","","","","","","MIC XGBoost Model","202503101","W1 score: 0.95, CI[0.90, 1.01]","Computational Method","",""
57045,"57045.8","Salmonella enterica subsp. enterica serovar Paratyphi B strain 2008CEB2743SAL","nalidixic acid","","8.0","","8.0","mg/L","","","","","","","MIC XGBoost Model","202503101","W1 score: 0.98, CI[0.97, 0.99]","Computational Method","",""
57045,"57045.8","Salmonella enterica subsp. enterica serovar Paratyphi B strain 2008CEB2743SAL","streptomycin","","32.0","","32.0","mg/L","","","","","","","MIC XGBoost Model","202503101","W1 score: 0.92, CI[0.90, 0.93]","Computational Method","",""
57045,"57045.8","Salmonella enterica subsp. enterica serovar Paratyphi B strain 2008CEB2743SAL","tetracycline","","4.0","","4.0","mg/L","","","","","","","MIC XGBoost Model","202503101","W1 score: 0.99, CI[0.98, 0.99]","Computational Method","",""
57045,"57045.8","Salmonella enterica subsp. enterica serovar Paratyphi B strain 2008CEB2743SAL","ceftiofur","","1.0","","1.0","mg/L","","","","","","","MIC XGBoost Model","202503101","W1 score: 0.99, CI[0.98, 0.99]","Computational Method","",""
57045,"57045.80","Salmonella enterica subsp. enterica serovar Paratyphi B strain ZC-S1711","amoxicillin/clavulanic acid","","1.0","","1.0","mg/L","","","","","","","MIC XGBoost Model","202503101","W1 score: 0.98, CI[0.96, 0.99]","Computational Method","",""
57045,"57045.80","Salmonella enterica subsp. enterica serovar Paratyphi B strain ZC-S1711","ampicillin","","1.0","","1.0","mg/L","","","","","","","MIC XGBoost Model","202503101","W1 score: 0.96, CI[0.95, 0.97]","Computational Method","",""
57045,"57045.80","Salmonella enterica subsp. enterica serovar Paratyphi B strain ZC-S1711","azithromycin","","4.0","","4.0","mg/L","","","","","","","MIC XGBoost Model","202503101","W1 score: 0.99, CI[0.98, 1.00]","Computational Method","",""
57045,"57045.80","Salmonella enterica subsp. enterica serovar Paratyphi B strain ZC-S1711","ceftazidime","","16.0","","16.0","mg/L","","","","","","","MIC XGBoost Model","202503101","W1 score: 0.93, CI[0.88, 0.99]","Computational Method","",""
57045,"57045.80","Salmonella enterica subsp. enterica serovar Paratyphi B strain ZC-S1711","chloramphenicol","","8.0","","8.0","mg/L","","","","","","","MIC XGBoost Model","202503101","W1 score: 0.99, CI[0.98, 1.00]","Computational Method","",""
57045,"57045.80","Salmonella enterica subsp. enterica serovar Paratyphi B strain ZC-S1711","ciprofloxacin","","0.015625","","0.015625","mg/L","","","","","","","MIC XGBoost Model","202503101","W1 score: 0.88, CI[0.86, 0.90]","Computational Method","",""
57045,"57045.80","Salmonella enterica subsp. enterica serovar Paratyphi B strain ZC-S1711","ceftriaxone","","0.25","","0.25","mg/L","","","","","","","MIC XGBoost Model","202503101","W1 score: 0.95, CI[0.94, 0.96]","Computational Method","",""
57045,"57045.80","Salmonella enterica subsp. enterica serovar Paratyphi B strain ZC-S1711","cefotaxime","","32.0","","32.0","mg/L","","","","","","","MIC XGBoost Model","202503101","W1 score: 0.95, CI[0.89, 1.00]","Computational Method","",""
57045,"57045.80","Salmonella enterica subsp. enterica serovar Paratyphi B strain ZC-S1711","sulfisoxazole","","32.0","","32.0","mg/L","","","","","","","MIC XGBoost Model","202503101","W1 score: 0.98, CI[0.97, 0.99]","Computational Method","",""
57045,"57045.80","Salmonella enterica subsp. enterica serovar Paratyphi B strain ZC-S1711","cefoxitin","","2.0","","2.0","mg/L","","","","","","","MIC XGBoost Model","202503101","W1 score: 0.98, CI[0.97, 1.00]","Computational Method","",""
57045,"57045.80","Salmonella enterica subsp. enterica serovar Paratyphi B strain ZC-S1711","gentamicin","","0.5","","0.5","mg/L","","","","","","","MIC XGBoost Model","202503101","W1 score: 0.97, CI[0.95, 0.99]","Computational Method","",""
57045,"57045.80","Salmonella enterica subsp. enterica serovar Paratyphi B strain ZC-S1711","kanamycin","","8.0","","8.0","mg/L","","","","","","","MIC XGBoost Model","202503101","W1 score: 0.99, CI[0.98, 1.01]","Computational Method","",""
57045,"57045.80","Salmonella enterica subsp. enterica serovar Paratyphi B strain ZC-S1711","meropenem","","0.25","","0.25","mg/L","","","","","","","MIC XGBoost Model","202503101","W1 score: 0.95, CI[0.90, 1.01]","Computational Method","",""
57045,"57045.80","Salmonella enterica subsp. enterica serovar Paratyphi B strain ZC-S1711","nalidixic acid","","4.0","","4.0","mg/L","","","","","","","MIC XGBoost Model","202503101","W1 score: 0.98, CI[0.97, 0.99]","Computational Method","",""
57045,"57045.80","Salmonella enterica subsp. enterica serovar Paratyphi B strain ZC-S1711","streptomycin","","32.0","","32.0","mg/L","","","","","","","MIC XGBoost Model","202503101","W1 score: 0.92, CI[0.90, 0.93]","Computational Method","",""
57045,"57045.80","Salmonella enterica subsp. enterica serovar Paratyphi B strain ZC-S1711","tetracycline","","4.0","","4.0","mg/L","","","","","","","MIC XGBoost Model","202503101","W1 score: 0.99, CI[0.98, 0.99]","Computational Method","",""
57045,"57045.80","Salmonella enterica subsp. enterica serovar Paratyphi B strain ZC-S1711","ceftiofur","","1.0","","1.0","mg/L","","","","","","","MIC XGBoost Model","202503101","W1 score: 0.99, CI[0.98, 0.99]","Computational Method","",""
57045,"57045.81","Salmonella enterica subsp. enterica serovar Paratyphi B strain CICC 10437","amoxicillin/clavulanic acid","","1.0","","1.0","mg/L","","","","","","","MIC XGBoost Model","202503101","W1 score: 0.98, CI[0.96, 0.99]","Computational Method","",""
57045,"57045.81","Salmonella enterica subsp. enterica serovar Paratyphi B strain CICC 10437","ampicillin","","1.0","","1.0","mg/L","","","","","","","MIC XGBoost Model","202503101","W1 score: 0.96, CI[0.95, 0.97]","Computational Method","",""
57045,"57045.81","Salmonella enterica subsp. enterica serovar Paratyphi B strain CICC 10437","azithromycin","","4.0","","4.0","mg/L","","","","","","","MIC XGBoost Model","202503101","W1 score: 0.99, CI[0.98, 1.00]","Computational Method","",""
57045,"57045.81","Salmonella enterica subsp. enterica serovar Paratyphi B strain CICC 10437","ceftazidime","","16.0","","16.0","mg/L","","","","","","","MIC XGBoost Model","202503101","W1 score: 0.93, CI[0.88, 0.99]","Computational Method","",""
57045,"57045.81","Salmonella enterica subsp. enterica serovar Paratyphi B strain CICC 10437","chloramphenicol","","8.0","","8.0","mg/L","","","","","","","MIC XGBoost Model","202503101","W1 score: 0.99, CI[0.98, 1.00]","Computational Method","",""
57045,"57045.81","Salmonella enterica subsp. enterica serovar Paratyphi B strain CICC 10437","ciprofloxacin","","0.015625","","0.015625","mg/L","","","","","","","MIC XGBoost Model","202503101","W1 score: 0.88, CI[0.86, 0.90]","Computational Method","",""
57045,"57045.81","Salmonella enterica subsp. enterica serovar Paratyphi B strain CICC 10437","ceftriaxone","","0.25","","0.25","mg/L","","","","","","","MIC XGBoost Model","202503101","W1 score: 0.95, CI[0.94, 0.96]","Computational Method","",""
57045,"57045.81","Salmonella enterica subsp. enterica serovar Paratyphi B strain CICC 10437","cefotaxime","","32.0","","32.0","mg/L","","","","","","","MIC XGBoost Model","202503101","W1 score: 0.95, CI[0.89, 1.00]","Computational Method","",""
57045,"57045.81","Salmonella enterica subsp. enterica serovar Paratyphi B strain CICC 10437","sulfisoxazole","","32.0","","32.0","mg/L","","","","","","","MIC XGBoost Model","202503101","W1 score: 0.98, CI[0.97, 0.99]","Computational Method","",""
57045,"57045.81","Salmonella enterica subsp. enterica serovar Paratyphi B strain CICC 10437","cefoxitin","","2.0","","2.0","mg/L","","","","","","","MIC XGBoost Model","202503101","W1 score: 0.98, CI[0.97, 1.00]","Computational Method","",""
57045,"57045.81","Salmonella enterica subsp. enterica serovar Paratyphi B strain CICC 10437","gentamicin","","0.5","","0.5","mg/L","","","","","","","MIC XGBoost Model","202503101","W1 score: 0.97, CI[0.95, 0.99]","Computational Method","",""
57045,"57045.81","Salmonella enterica subsp. enterica serovar Paratyphi B strain CICC 10437","kanamycin","","8.0","","8.0","mg/L","","","","","","","MIC XGBoost Model","202503101","W1 score: 0.99, CI[0.98, 1.01]","Computational Method","",""
57045,"57045.81","Salmonella enterica subsp. enterica serovar Paratyphi B strain CICC 10437","meropenem","","0.25","","0.25","mg/L","","","","","","","MIC XGBoost Model","202503101","W1 score: 0.95, CI[0.90, 1.01]","Computational Method","",""
57045,"57045.81","Salmonella enterica subsp. enterica serovar Paratyphi B strain CICC 10437","nalidixic acid","","4.0","","4.0","mg/L","","","","","","","MIC XGBoost Model","202503101","W1 score: 0.98, CI[0.97, 0.99]","Computational Method","",""
57045,"57045.81","Salmonella enterica subsp. enterica serovar Paratyphi B strain CICC 10437","streptomycin","","32.0","","32.0","mg/L","","","","","","","MIC XGBoost Model","202503101","W1 score: 0.92, CI[0.90, 0.93]","Computational Method","",""
57045,"57045.81","Salmonella enterica subsp. enterica serovar Paratyphi B strain CICC 10437","tetracycline","","4.0","","4.0","mg/L","","","","","","","MIC XGBoost Model","202503101","W1 score: 0.99, CI[0.98, 0.99]","Computational Method","",""
57045,"57045.81","Salmonella enterica subsp. enterica serovar Paratyphi B strain CICC 10437","ceftiofur","","1.0","","1.0","mg/L","","","","","","","MIC XGBoost Model","202503101","W1 score: 0.99, CI[0.98, 0.99]","Computational Method","",""
57045,"57045.82","Salmonella enterica subsp. enterica serovar Paratyphi B ZC-S1711","amoxicillin/clavulanic acid","","1.0","","1.0","mg/L","","","","","","","MIC XGBoost Model","202503101","W1 score: 0.98, CI[0.96, 0.99]","Computational Method","",""
57045,"57045.82","Salmonella enterica subsp. enterica serovar Paratyphi B ZC-S1711","ampicillin","","1.0","","1.0","mg/L","","","","","","","MIC XGBoost Model","202503101","W1 score: 0.96, CI[0.95, 0.97]","Computational Method","",""
57045,"57045.82","Salmonella enterica subsp. enterica serovar Paratyphi B ZC-S1711","azithromycin","","4.0","","4.0","mg/L","","","","","","","MIC XGBoost Model","202503101","W1 score: 0.99, CI[0.98, 1.00]","Computational Method","",""
57045,"57045.82","Salmonella enterica subsp. enterica serovar Paratyphi B ZC-S1711","ceftazidime","","16.0","","16.0","mg/L","","","","","","","MIC XGBoost Model","202503101","W1 score: 0.93, CI[0.88, 0.99]","Computational Method","",""
57045,"57045.82","Salmonella enterica subsp. enterica serovar Paratyphi B ZC-S1711","chloramphenicol","","8.0","","8.0","mg/L","","","","","","","MIC XGBoost Model","202503101","W1 score: 0.99, CI[0.98, 1.00]","Computational Method","",""
57045,"57045.82","Salmonella enterica subsp. enterica serovar Paratyphi B ZC-S1711","ciprofloxacin","","0.015625","","0.015625","mg/L","","","","","","","MIC XGBoost Model","202503101","W1 score: 0.88, CI[0.86, 0.90]","Computational Method","",""
57045,"57045.82","Salmonella enterica subsp. enterica serovar Paratyphi B ZC-S1711","ceftriaxone","","0.25","","0.25","mg/L","","","","","","","MIC XGBoost Model","202503101","W1 score: 0.95, CI[0.94, 0.96]","Computational Method","",""
57045,"57045.82","Salmonella enterica subsp. enterica serovar Paratyphi B ZC-S1711","cefotaxime","","32.0","","32.0","mg/L","","","","","","","MIC XGBoost Model","202503101","W1 score: 0.95, CI[0.89, 1.00]","Computational Method","",""
57045,"57045.82","Salmonella enterica subsp. enterica serovar Paratyphi B ZC-S1711","sulfisoxazole","","32.0","","32.0","mg/L","","","","","","","MIC XGBoost Model","202503101","W1 score: 0.98, CI[0.97, 0.99]","Computational Method","",""
57045,"57045.82","Salmonella enterica subsp. enterica serovar Paratyphi B ZC-S1711","cefoxitin","","2.0","","2.0","mg/L","","","","","","","MIC XGBoost Model","202503101","W1 score: 0.98, CI[0.97, 1.00]","Computational Method","",""
57045,"57045.82","Salmonella enterica subsp. enterica serovar Paratyphi B ZC-S1711","gentamicin","","0.5","","0.5","mg/L","","","","","","","MIC XGBoost Model","202503101","W1 score: 0.97, CI[0.95, 0.99]","Computational Method","",""
57045,"57045.82","Salmonella enterica subsp. enterica serovar Paratyphi B ZC-S1711","kanamycin","","8.0","","8.0","mg/L","","","","","","","MIC XGBoost Model","202503101","W1 score: 0.99, CI[0.98, 1.01]","Computational Method","",""
57045,"57045.82","Salmonella enterica subsp. enterica serovar Paratyphi B ZC-S1711","meropenem","","0.25","","0.25","mg/L","","","","","","","MIC XGBoost Model","202503101","W1 score: 0.95, CI[0.90, 1.01]","Computational Method","",""
57045,"57045.82","Salmonella enterica subsp. enterica serovar Paratyphi B ZC-S1711","nalidixic acid","","4.0","","4.0","mg/L","","","","","","","MIC XGBoost Model","202503101","W1 score: 0.98, CI[0.97, 0.99]","Computational Method","",""
57045,"57045.82","Salmonella enterica subsp. enterica serovar Paratyphi B ZC-S1711","streptomycin","","32.0","","32.0","mg/L","","","","","","","MIC XGBoost Model","202503101","W1 score: 0.92, CI[0.90, 0.93]","Computational Method","",""
57045,"57045.82","Salmonella enterica subsp. enterica serovar Paratyphi B ZC-S1711","tetracycline","","4.0","","4.0","mg/L","","","","","","","MIC XGBoost Model","202503101","W1 score: 0.99, CI[0.98, 0.99]","Computational Method","",""
57045,"57045.82","Salmonella enterica subsp. enterica serovar Paratyphi B ZC-S1711","ceftiofur","","1.0","","1.0","mg/L","","","","","","","MIC XGBoost Model","202503101","W1 score: 0.99, CI[0.98, 0.99]","Computational Method","",""
57045,"57045.83","Salmonella enterica subsp. enterica serovar Paratyphi B CICC 10437","amoxicillin/clavulanic acid","","1.0","","1.0","mg/L","","","","","","","MIC XGBoost Model","202503101","W1 score: 0.98, CI[0.96, 0.99]","Computational Method","",""
57045,"57045.83","Salmonella enterica subsp. enterica serovar Paratyphi B CICC 10437","ampicillin","","1.0","","1.0","mg/L","","","","","","","MIC XGBoost Model","202503101","W1 score: 0.96, CI[0.95, 0.97]","Computational Method","",""
57045,"57045.83","Salmonella enterica subsp. enterica serovar Paratyphi B CICC 10437","azithromycin","","4.0","","4.0","mg/L","","","","","","","MIC XGBoost Model","202503101","W1 score: 0.99, CI[0.98, 1.00]","Computational Method","",""
57045,"57045.83","Salmonella enterica subsp. enterica serovar Paratyphi B CICC 10437","ceftazidime","","16.0","","16.0","mg/L","","","","","","","MIC XGBoost Model","202503101","W1 score: 0.93, CI[0.88, 0.99]","Computational Method","",""
57045,"57045.83","Salmonella enterica subsp. enterica serovar Paratyphi B CICC 10437","chloramphenicol","","8.0","","8.0","mg/L","","","","","","","MIC XGBoost Model","202503101","W1 score: 0.99, CI[0.98, 1.00]","Computational Method","",""
57045,"57045.83","Salmonella enterica subsp. enterica serovar Paratyphi B CICC 10437","ciprofloxacin","","0.015625","","0.015625","mg/L","","","","","","","MIC XGBoost Model","202503101","W1 score: 0.88, CI[0.86, 0.90]","Computational Method","",""
57045,"57045.83","Salmonella enterica subsp. enterica serovar Paratyphi B CICC 10437","ceftriaxone","","0.25","","0.25","mg/L","","","","","","","MIC XGBoost Model","202503101","W1 score: 0.95, CI[0.94, 0.96]","Computational Method","",""
57045,"57045.83","Salmonella enterica subsp. enterica serovar Paratyphi B CICC 10437","cefotaxime","","32.0","","32.0","mg/L","","","","","","","MIC XGBoost Model","202503101","W1 score: 0.95, CI[0.89, 1.00]","Computational Method","",""
57045,"57045.83","Salmonella enterica subsp. enterica serovar Paratyphi B CICC 10437","sulfisoxazole","","32.0","","32.0","mg/L","","","","","","","MIC XGBoost Model","202503101","W1 score: 0.98, CI[0.97, 0.99]","Computational Method","",""
57045,"57045.83","Salmonella enterica subsp. enterica serovar Paratyphi B CICC 10437","cefoxitin","","2.0","","2.0","mg/L","","","","","","","MIC XGBoost Model","202503101","W1 score: 0.98, CI[0.97, 1.00]","Computational Method","",""
57045,"57045.83","Salmonella enterica subsp. enterica serovar Paratyphi B CICC 10437","gentamicin","","0.5","","0.5","mg/L","","","","","","","MIC XGBoost Model","202503101","W1 score: 0.97, CI[0.95, 0.99]","Computational Method","",""
57045,"57045.83","Salmonella enterica subsp. enterica serovar Paratyphi B CICC 10437","kanamycin","","8.0","","8.0","mg/L","","","","","","","MIC XGBoost Model","202503101","W1 score: 0.99, CI[0.98, 1.01]","Computational Method","",""
57045,"57045.83","Salmonella enterica subsp. enterica serovar Paratyphi B CICC 10437","meropenem","","0.25","","0.25","mg/L","","","","","","","MIC XGBoost Model","202503101","W1 score: 0.95, CI[0.90, 1.01]","Computational Method","",""
57045,"57045.83","Salmonella enterica subsp. enterica serovar Paratyphi B CICC 10437","nalidixic acid","","4.0","","4.0","mg/L","","","","","","","MIC XGBoost Model","202503101","W1 score: 0.98, CI[0.97, 0.99]","Computational Method","",""
57045,"57045.83","Salmonella enterica subsp. enterica serovar Paratyphi B CICC 10437","streptomycin","","32.0","","32.0","mg/L","","","","","","","MIC XGBoost Model","202503101","W1 score: 0.92, CI[0.90, 0.93]","Computational Method","",""
57045,"57045.83","Salmonella enterica subsp. enterica serovar Paratyphi B CICC 10437","tetracycline","","4.0","","4.0","mg/L","","","","","","","MIC XGBoost Model","202503101","W1 score: 0.99, CI[0.98, 0.99]","Computational Method","",""
57045,"57045.83","Salmonella enterica subsp. enterica serovar Paratyphi B CICC 10437","ceftiofur","","1.0","","1.0","mg/L","","","","","","","MIC XGBoost Model","202503101","W1 score: 0.99, CI[0.98, 0.99]","Computational Method","",""
57045,"57045.85","Salmonella enterica subsp. enterica serovar Paratyphi B BMHB596","amoxicillin/clavulanic acid","","1.0","","1.0","mg/L","","","","","","","MIC XGBoost Model","202503101","W1 score: 0.98, CI[0.96, 0.99]","Computational Method","",""
57045,"57045.85","Salmonella enterica subsp. enterica serovar Paratyphi B BMHB596","ampicillin","","2.0","","2.0","mg/L","","","","","","","MIC XGBoost Model","202503101","W1 score: 0.96, CI[0.95, 0.97]","Computational Method","",""
57045,"57045.85","Salmonella enterica subsp. enterica serovar Paratyphi B BMHB596","azithromycin","","4.0","","4.0","mg/L","","","","","","","MIC XGBoost Model","202503101","W1 score: 0.99, CI[0.98, 1.00]","Computational Method","",""
57045,"57045.85","Salmonella enterica subsp. enterica serovar Paratyphi B BMHB596","ceftazidime","","32.0","","32.0","mg/L","","","","","","","MIC XGBoost Model","202503101","W1 score: 0.93, CI[0.88, 0.99]","Computational Method","",""
57045,"57045.85","Salmonella enterica subsp. enterica serovar Paratyphi B BMHB596","chloramphenicol","","8.0","","8.0","mg/L","","","","","","","MIC XGBoost Model","202503101","W1 score: 0.99, CI[0.98, 1.00]","Computational Method","",""
57045,"57045.85","Salmonella enterica subsp. enterica serovar Paratyphi B BMHB596","ciprofloxacin","","0.03125","","0.03125","mg/L","","","","","","","MIC XGBoost Model","202503101","W1 score: 0.88, CI[0.86, 0.90]","Computational Method","",""
57045,"57045.85","Salmonella enterica subsp. enterica serovar Paratyphi B BMHB596","ceftriaxone","","1.0","","1.0","mg/L","","","","","","","MIC XGBoost Model","202503101","W1 score: 0.95, CI[0.94, 0.96]","Computational Method","",""
57045,"57045.85","Salmonella enterica subsp. enterica serovar Paratyphi B BMHB596","cefotaxime","","32.0","","32.0","mg/L","","","","","","","MIC XGBoost Model","202503101","W1 score: 0.95, CI[0.89, 1.00]","Computational Method","",""
57045,"57045.85","Salmonella enterica subsp. enterica serovar Paratyphi B BMHB596","sulfisoxazole","","32.0","","32.0","mg/L","","","","","","","MIC XGBoost Model","202503101","W1 score: 0.98, CI[0.97, 0.99]","Computational Method","",""
57045,"57045.85","Salmonella enterica subsp. enterica serovar Paratyphi B BMHB596","cefoxitin","","2.0","","2.0","mg/L","","","","","","","MIC XGBoost Model","202503101","W1 score: 0.98, CI[0.97, 1.00]","Computational Method","",""
57045,"57045.85","Salmonella enterica subsp. enterica serovar Paratyphi B BMHB596","gentamicin","","0.5","","0.5","mg/L","","","","","","","MIC XGBoost Model","202503101","W1 score: 0.97, CI[0.95, 0.99]","Computational Method","",""
57045,"57045.85","Salmonella enterica subsp. enterica serovar Paratyphi B BMHB596","kanamycin","","8.0","","8.0","mg/L","","","","","","","MIC XGBoost Model","202503101","W1 score: 0.99, CI[0.98, 1.01]","Computational Method","",""
57045,"57045.85","Salmonella enterica subsp. enterica serovar Paratyphi B BMHB596","meropenem","","0.125","","0.125","mg/L","","","","","","","MIC XGBoost Model","202503101","W1 score: 0.95, CI[0.90, 1.01]","Computational Method","",""
57045,"57045.85","Salmonella enterica subsp. enterica serovar Paratyphi B BMHB596","nalidixic acid","","4.0","","4.0","mg/L","","","","","","","MIC XGBoost Model","202503101","W1 score: 0.98, CI[0.97, 0.99]","Computational Method","",""
57045,"57045.85","Salmonella enterica subsp. enterica serovar Paratyphi B BMHB596","streptomycin","","32.0","","32.0","mg/L","","","","","","","MIC XGBoost Model","202503101","W1 score: 0.92, CI[0.90, 0.93]","Computational Method","",""
57045,"57045.85","Salmonella enterica subsp. enterica serovar Paratyphi B BMHB596","tetracycline","","4.0","","4.0","mg/L","","","","","","","MIC XGBoost Model","202503101","W1 score: 0.99, CI[0.98, 0.99]","Computational Method","",""
57045,"57045.85","Salmonella enterica subsp. enterica serovar Paratyphi B BMHB596","ceftiofur","","1.0","","1.0","mg/L","","","","","","","MIC XGBoost Model","202503101","W1 score: 0.99, CI[0.98, 0.99]","Computational Method","",""
57045,"57045.86","Salmonella enterica subsp. enterica serovar Paratyphi B SZ21B23","amoxicillin/clavulanic acid","","2.0","","2.0","mg/L","","","","","","","MIC XGBoost Model","202503101","W1 score: 0.98, CI[0.96, 0.99]","Computational Method","",""
57045,"57045.86","Salmonella enterica subsp. enterica serovar Paratyphi B SZ21B23","ampicillin","","2.0","","2.0","mg/L","","","","","","","MIC XGBoost Model","202503101","W1 score: 0.96, CI[0.95, 0.97]","Computational Method","",""
57045,"57045.86","Salmonella enterica subsp. enterica serovar Paratyphi B SZ21B23","azithromycin","","4.0","","4.0","mg/L","","","","","","","MIC XGBoost Model","202503101","W1 score: 0.99, CI[0.98, 1.00]","Computational Method","",""
57045,"57045.86","Salmonella enterica subsp. enterica serovar Paratyphi B SZ21B23","ceftazidime","","8.0","","8.0","mg/L","","","","","","","MIC XGBoost Model","202503101","W1 score: 0.93, CI[0.88, 0.99]","Computational Method","",""
57045,"57045.86","Salmonella enterica subsp. enterica serovar Paratyphi B SZ21B23","chloramphenicol","","8.0","","8.0","mg/L","","","","","","","MIC XGBoost Model","202503101","W1 score: 0.99, CI[0.98, 1.00]","Computational Method","",""
57045,"57045.86","Salmonella enterica subsp. enterica serovar Paratyphi B SZ21B23","ciprofloxacin","","0.015625","","0.015625","mg/L","","","","","","","MIC XGBoost Model","202503101","W1 score: 0.88, CI[0.86, 0.90]","Computational Method","",""
57045,"57045.86","Salmonella enterica subsp. enterica serovar Paratyphi B SZ21B23","ceftriaxone","","4.0","","4.0","mg/L","","","","","","","MIC XGBoost Model","202503101","W1 score: 0.95, CI[0.94, 0.96]","Computational Method","",""
57045,"57045.86","Salmonella enterica subsp. enterica serovar Paratyphi B SZ21B23","cefotaxime","","32.0","","32.0","mg/L","","","","","","","MIC XGBoost Model","202503101","W1 score: 0.95, CI[0.89, 1.00]","Computational Method","",""
57045,"57045.86","Salmonella enterica subsp. enterica serovar Paratyphi B SZ21B23","sulfisoxazole","","256.0","","256.0","mg/L","","","","","","","MIC XGBoost Model","202503101","W1 score: 0.98, CI[0.97, 0.99]","Computational Method","",""
57045,"57045.86","Salmonella enterica subsp. enterica serovar Paratyphi B SZ21B23","cefoxitin","","2.0","","2.0","mg/L","","","","","","","MIC XGBoost Model","202503101","W1 score: 0.98, CI[0.97, 1.00]","Computational Method","",""
57045,"57045.86","Salmonella enterica subsp. enterica serovar Paratyphi B SZ21B23","gentamicin","","0.5","","0.5","mg/L","","","","","","","MIC XGBoost Model","202503101","W1 score: 0.97, CI[0.95, 0.99]","Computational Method","",""
57045,"57045.86","Salmonella enterica subsp. enterica serovar Paratyphi B SZ21B23","kanamycin","","8.0","","8.0","mg/L","","","","","","","MIC XGBoost Model","202503101","W1 score: 0.99, CI[0.98, 1.01]","Computational Method","",""
57045,"57045.86","Salmonella enterica subsp. enterica serovar Paratyphi B SZ21B23","meropenem","","0.25","","0.25","mg/L","","","","","","","MIC XGBoost Model","202503101","W1 score: 0.95, CI[0.90, 1.01]","Computational Method","",""
57045,"57045.86","Salmonella enterica subsp. enterica serovar Paratyphi B SZ21B23","nalidixic acid","","4.0","","4.0","mg/L","","","","","","","MIC XGBoost Model","202503101","W1 score: 0.98, CI[0.97, 0.99]","Computational Method","",""
57045,"57045.86","Salmonella enterica subsp. enterica serovar Paratyphi B SZ21B23","streptomycin","","16.0","","16.0","mg/L","","","","","","","MIC XGBoost Model","202503101","W1 score: 0.92, CI[0.90, 0.93]","Computational Method","",""
57045,"57045.86","Salmonella enterica subsp. enterica serovar Paratyphi B SZ21B23","tetracycline","","4.0","","4.0","mg/L","","","","","","","MIC XGBoost Model","202503101","W1 score: 0.99, CI[0.98, 0.99]","Computational Method","",""
57045,"57045.86","Salmonella enterica subsp. enterica serovar Paratyphi B SZ21B23","ceftiofur","","2.0","","2.0","mg/L","","","","","","","MIC XGBoost Model","202503101","W1 score: 0.99, CI[0.98, 0.99]","Computational Method","",""
57045,"57045.87","Salmonella enterica subsp. enterica serovar Paratyphi B SZ21B16","amoxicillin/clavulanic acid","","1.0","","1.0","mg/L","","","","","","","MIC XGBoost Model","202503101","W1 score: 0.98, CI[0.96, 0.99]","Computational Method","",""
57045,"57045.87","Salmonella enterica subsp. enterica serovar Paratyphi B SZ21B16","ampicillin","","2.0","","2.0","mg/L","","","","","","","MIC XGBoost Model","202503101","W1 score: 0.96, CI[0.95, 0.97]","Computational Method","",""
57045,"57045.87","Salmonella enterica subsp. enterica serovar Paratyphi B SZ21B16","azithromycin","","4.0","","4.0","mg/L","","","","","","","MIC XGBoost Model","202503101","W1 score: 0.99, CI[0.98, 1.00]","Computational Method","",""
57045,"57045.87","Salmonella enterica subsp. enterica serovar Paratyphi B SZ21B16","ceftazidime","","16.0","","16.0","mg/L","","","","","","","MIC XGBoost Model","202503101","W1 score: 0.93, CI[0.88, 0.99]","Computational Method","",""
57045,"57045.87","Salmonella enterica subsp. enterica serovar Paratyphi B SZ21B16","chloramphenicol","","8.0","","8.0","mg/L","","","","","","","MIC XGBoost Model","202503101","W1 score: 0.99, CI[0.98, 1.00]","Computational Method","",""
57045,"57045.87","Salmonella enterica subsp. enterica serovar Paratyphi B SZ21B16","ciprofloxacin","","0.015625","","0.015625","mg/L","","","","","","","MIC XGBoost Model","202503101","W1 score: 0.88, CI[0.86, 0.90]","Computational Method","",""
57045,"57045.87","Salmonella enterica subsp. enterica serovar Paratyphi B SZ21B16","ceftriaxone","","0.25","","0.25","mg/L","","","","","","","MIC XGBoost Model","202503101","W1 score: 0.95, CI[0.94, 0.96]","Computational Method","",""
57045,"57045.87","Salmonella enterica subsp. enterica serovar Paratyphi B SZ21B16","cefotaxime","","32.0","","32.0","mg/L","","","","","","","MIC XGBoost Model","202503101","W1 score: 0.95, CI[0.89, 1.00]","Computational Method","",""
57045,"57045.87","Salmonella enterica subsp. enterica serovar Paratyphi B SZ21B16","sulfisoxazole","","32.0","","32.0","mg/L","","","","","","","MIC XGBoost Model","202503101","W1 score: 0.98, CI[0.97, 0.99]","Computational Method","",""
57045,"57045.87","Salmonella enterica subsp. enterica serovar Paratyphi B SZ21B16","cefoxitin","","2.0","","2.0","mg/L","","","","","","","MIC XGBoost Model","202503101","W1 score: 0.98, CI[0.97, 1.00]","Computational Method","",""
57045,"57045.87","Salmonella enterica subsp. enterica serovar Paratyphi B SZ21B16","gentamicin","","0.5","","0.5","mg/L","","","","","","","MIC XGBoost Model","202503101","W1 score: 0.97, CI[0.95, 0.99]","Computational Method","",""
57045,"57045.87","Salmonella enterica subsp. enterica serovar Paratyphi B SZ21B16","kanamycin","","8.0","","8.0","mg/L","","","","","","","MIC XGBoost Model","202503101","W1 score: 0.99, CI[0.98, 1.01]","Computational Method","",""
57045,"57045.87","Salmonella enterica subsp. enterica serovar Paratyphi B SZ21B16","meropenem","","0.25","","0.25","mg/L","","","","","","","MIC XGBoost Model","202503101","W1 score: 0.95, CI[0.90, 1.01]","Computational Method","",""
57045,"57045.87","Salmonella enterica subsp. enterica serovar Paratyphi B SZ21B16","nalidixic acid","","4.0","","4.0","mg/L","","","","","","","MIC XGBoost Model","202503101","W1 score: 0.98, CI[0.97, 0.99]","Computational Method","",""
57045,"57045.87","Salmonella enterica subsp. enterica serovar Paratyphi B SZ21B16","streptomycin","","16.0","","16.0","mg/L","","","","","","","MIC XGBoost Model","202503101","W1 score: 0.92, CI[0.90, 0.93]","Computational Method","",""
57045,"57045.87","Salmonella enterica subsp. enterica serovar Paratyphi B SZ21B16","tetracycline","","4.0","","4.0","mg/L","","","","","","","MIC XGBoost Model","202503101","W1 score: 0.99, CI[0.98, 0.99]","Computational Method","",""
57045,"57045.87","Salmonella enterica subsp. enterica serovar Paratyphi B SZ21B16","ceftiofur","","1.0","","1.0","mg/L","","","","","","","MIC XGBoost Model","202503101","W1 score: 0.99, CI[0.98, 0.99]","Computational Method","",""
57045,"57045.88","Salmonella enterica subsp. enterica serovar Paratyphi B PS_Mu_4_2021","amoxicillin/clavulanic acid","","2.0","","2.0","mg/L","","","","","","","MIC XGBoost Model","202503101","W1 score: 0.98, CI[0.96, 0.99]","Computational Method","",""
57045,"57045.88","Salmonella enterica subsp. enterica serovar Paratyphi B PS_Mu_4_2021","ampicillin","","4.0","","4.0","mg/L","","","","","","","MIC XGBoost Model","202503101","W1 score: 0.96, CI[0.95, 0.97]","Computational Method","",""
57045,"57045.88","Salmonella enterica subsp. enterica serovar Paratyphi B PS_Mu_4_2021","azithromycin","","4.0","","4.0","mg/L","","","","","","","MIC XGBoost Model","202503101","W1 score: 0.99, CI[0.98, 1.00]","Computational Method","",""
57045,"57045.88","Salmonella enterica subsp. enterica serovar Paratyphi B PS_Mu_4_2021","ceftazidime","","2.0","","2.0","mg/L","","","","","","","MIC XGBoost Model","202503101","W1 score: 0.93, CI[0.88, 0.99]","Computational Method","",""
57045,"57045.88","Salmonella enterica subsp. enterica serovar Paratyphi B PS_Mu_4_2021","chloramphenicol","","4.0","","4.0","mg/L","","","","","","","MIC XGBoost Model","202503101","W1 score: 0.99, CI[0.98, 1.00]","Computational Method","",""
57045,"57045.88","Salmonella enterica subsp. enterica serovar Paratyphi B PS_Mu_4_2021","ciprofloxacin","","0.03125","","0.03125","mg/L","","","","","","","MIC XGBoost Model","202503101","W1 score: 0.88, CI[0.86, 0.90]","Computational Method","",""
57045,"57045.88","Salmonella enterica subsp. enterica serovar Paratyphi B PS_Mu_4_2021","ceftriaxone","","1.0","","1.0","mg/L","","","","","","","MIC XGBoost Model","202503101","W1 score: 0.95, CI[0.94, 0.96]","Computational Method","",""
57045,"57045.88","Salmonella enterica subsp. enterica serovar Paratyphi B PS_Mu_4_2021","cefotaxime","","2.0","","2.0","mg/L","","","","","","","MIC XGBoost Model","202503101","W1 score: 0.95, CI[0.89, 1.00]","Computational Method","",""
57045,"57045.88","Salmonella enterica subsp. enterica serovar Paratyphi B PS_Mu_4_2021","sulfisoxazole","","256.0","","256.0","mg/L","","","","","","","MIC XGBoost Model","202503101","W1 score: 0.98, CI[0.97, 0.99]","Computational Method","",""
57045,"57045.88","Salmonella enterica subsp. enterica serovar Paratyphi B PS_Mu_4_2021","cefoxitin","","2.0","","2.0","mg/L","","","","","","","MIC XGBoost Model","202503101","W1 score: 0.98, CI[0.97, 1.00]","Computational Method","",""
57045,"57045.88","Salmonella enterica subsp. enterica serovar Paratyphi B PS_Mu_4_2021","gentamicin","","2.0","","2.0","mg/L","","","","","","","MIC XGBoost Model","202503101","W1 score: 0.97, CI[0.95, 0.99]","Computational Method","",""
57045,"57045.88","Salmonella enterica subsp. enterica serovar Paratyphi B PS_Mu_4_2021","kanamycin","","8.0","","8.0","mg/L","","","","","","","MIC XGBoost Model","202503101","W1 score: 0.99, CI[0.98, 1.01]","Computational Method","",""
57045,"57045.88","Salmonella enterica subsp. enterica serovar Paratyphi B PS_Mu_4_2021","meropenem","","0.0625","","0.0625","mg/L","","","","","","","MIC XGBoost Model","202503101","W1 score: 0.95, CI[0.90, 1.01]","Computational Method","",""
57045,"57045.88","Salmonella enterica subsp. enterica serovar Paratyphi B PS_Mu_4_2021","nalidixic acid","","4.0","","4.0","mg/L","","","","","","","MIC XGBoost Model","202503101","W1 score: 0.98, CI[0.97, 0.99]","Computational Method","",""
57045,"57045.88","Salmonella enterica subsp. enterica serovar Paratyphi B PS_Mu_4_2021","streptomycin","","32.0","","32.0","mg/L","","","","","","","MIC XGBoost Model","202503101","W1 score: 0.92, CI[0.90, 0.93]","Computational Method","",""
57045,"57045.88","Salmonella enterica subsp. enterica serovar Paratyphi B PS_Mu_4_2021","tetracycline","","32.0","","32.0","mg/L","","","","","","","MIC XGBoost Model","202503101","W1 score: 0.99, CI[0.98, 0.99]","Computational Method","",""
57045,"57045.88","Salmonella enterica subsp. enterica serovar Paratyphi B PS_Mu_4_2021","ceftiofur","","2.0","","2.0","mg/L","","","","","","","MIC XGBoost Model","202503101","W1 score: 0.99, CI[0.98, 0.99]","Computational Method","",""
57045,"57045.89","Salmonella enterica subsp. enterica serovar Paratyphi B 22-SA01722-0","amoxicillin/clavulanic acid","","1.0","","1.0","mg/L","","","","","","","MIC XGBoost Model","202503101","W1 score: 0.98, CI[0.96, 0.99]","Computational Method","",""
57045,"57045.89","Salmonella enterica subsp. enterica serovar Paratyphi B 22-SA01722-0","ampicillin","","1.0","","1.0","mg/L","","","","","","","MIC XGBoost Model","202503101","W1 score: 0.96, CI[0.95, 0.97]","Computational Method","",""
57045,"57045.89","Salmonella enterica subsp. enterica serovar Paratyphi B 22-SA01722-0","azithromycin","","4.0","","4.0","mg/L","","","","","","","MIC XGBoost Model","202503101","W1 score: 0.99, CI[0.98, 1.00]","Computational Method","",""
57045,"57045.89","Salmonella enterica subsp. enterica serovar Paratyphi B 22-SA01722-0","ceftazidime","","16.0","","16.0","mg/L","","","","","","","MIC XGBoost Model","202503101","W1 score: 0.93, CI[0.88, 0.99]","Computational Method","",""
57045,"57045.89","Salmonella enterica subsp. enterica serovar Paratyphi B 22-SA01722-0","chloramphenicol","","8.0","","8.0","mg/L","","","","","","","MIC XGBoost Model","202503101","W1 score: 0.99, CI[0.98, 1.00]","Computational Method","",""
57045,"57045.89","Salmonella enterica subsp. enterica serovar Paratyphi B 22-SA01722-0","ciprofloxacin","","0.03125","","0.03125","mg/L","","","","","","","MIC XGBoost Model","202503101","W1 score: 0.88, CI[0.86, 0.90]","Computational Method","",""
57045,"57045.89","Salmonella enterica subsp. enterica serovar Paratyphi B 22-SA01722-0","ceftriaxone","","0.25","","0.25","mg/L","","","","","","","MIC XGBoost Model","202503101","W1 score: 0.95, CI[0.94, 0.96]","Computational Method","",""
57045,"57045.89","Salmonella enterica subsp. enterica serovar Paratyphi B 22-SA01722-0","cefotaxime","","16.0","","16.0","mg/L","","","","","","","MIC XGBoost Model","202503101","W1 score: 0.95, CI[0.89, 1.00]","Computational Method","",""
57045,"57045.89","Salmonella enterica subsp. enterica serovar Paratyphi B 22-SA01722-0","sulfisoxazole","","32.0","","32.0","mg/L","","","","","","","MIC XGBoost Model","202503101","W1 score: 0.98, CI[0.97, 0.99]","Computational Method","",""
57045,"57045.89","Salmonella enterica subsp. enterica serovar Paratyphi B 22-SA01722-0","cefoxitin","","2.0","","2.0","mg/L","","","","","","","MIC XGBoost Model","202503101","W1 score: 0.98, CI[0.97, 1.00]","Computational Method","",""
57045,"57045.89","Salmonella enterica subsp. enterica serovar Paratyphi B 22-SA01722-0","gentamicin","","0.5","","0.5","mg/L","","","","","","","MIC XGBoost Model","202503101","W1 score: 0.97, CI[0.95, 0.99]","Computational Method","",""
57045,"57045.89","Salmonella enterica subsp. enterica serovar Paratyphi B 22-SA01722-0","kanamycin","","8.0","","8.0","mg/L","","","","","","","MIC XGBoost Model","202503101","W1 score: 0.99, CI[0.98, 1.01]","Computational Method","",""
57045,"57045.89","Salmonella enterica subsp. enterica serovar Paratyphi B 22-SA01722-0","meropenem","","0.125","","0.125","mg/L","","","","","","","MIC XGBoost Model","202503101","W1 score: 0.95, CI[0.90, 1.01]","Computational Method","",""
57045,"57045.89","Salmonella enterica subsp. enterica serovar Paratyphi B 22-SA01722-0","nalidixic acid","","4.0","","4.0","mg/L","","","","","","","MIC XGBoost Model","202503101","W1 score: 0.98, CI[0.97, 0.99]","Computational Method","",""
57045,"57045.89","Salmonella enterica subsp. enterica serovar Paratyphi B 22-SA01722-0","streptomycin","","16.0","","16.0","mg/L","","","","","","","MIC XGBoost Model","202503101","W1 score: 0.92, CI[0.90, 0.93]","Computational Method","",""
57045,"57045.89","Salmonella enterica subsp. enterica serovar Paratyphi B 22-SA01722-0","tetracycline","","4.0","","4.0","mg/L","","","","","","","MIC XGBoost Model","202503101","W1 score: 0.99, CI[0.98, 0.99]","Computational Method","",""
57045,"57045.89","Salmonella enterica subsp. enterica serovar Paratyphi B 22-SA01722-0","ceftiofur","","1.0","","1.0","mg/L","","","","","","","MIC XGBoost Model","202503101","W1 score: 0.99, CI[0.98, 0.99]","Computational Method","",""
57045,"57045.9","Salmonella enterica subsp. enterica serovar Paratyphi B strain 2012CEB707SAL","amoxicillin/clavulanic acid","","8.0","","8.0","mg/L","","","","","","","MIC XGBoost Model","202503101","W1 score: 0.98, CI[0.96, 0.99]","Computational Method","",""
57045,"57045.9","Salmonella enterica subsp. enterica serovar Paratyphi B strain 2012CEB707SAL","ampicillin","","32.0","","32.0","mg/L","","","","","","","MIC XGBoost Model","202503101","W1 score: 0.96, CI[0.95, 0.97]","Computational Method","",""
57045,"57045.9","Salmonella enterica subsp. enterica serovar Paratyphi B strain 2012CEB707SAL","azithromycin","","4.0","","4.0","mg/L","","","","","","","MIC XGBoost Model","202503101","W1 score: 0.99, CI[0.98, 1.00]","Computational Method","",""
57045,"57045.9","Salmonella enterica subsp. enterica serovar Paratyphi B strain 2012CEB707SAL","ceftazidime","","2.0","","2.0","mg/L","","","","","","","MIC XGBoost Model","202503101","W1 score: 0.93, CI[0.88, 0.99]","Computational Method","",""
57045,"57045.9","Salmonella enterica subsp. enterica serovar Paratyphi B strain 2012CEB707SAL","chloramphenicol","","8.0","","8.0","mg/L","","","","","","","MIC XGBoost Model","202503101","W1 score: 0.99, CI[0.98, 1.00]","Computational Method","",""
57045,"57045.9","Salmonella enterica subsp. enterica serovar Paratyphi B strain 2012CEB707SAL","ciprofloxacin","","0.25","","0.25","mg/L","","","","","","","MIC XGBoost Model","202503101","W1 score: 0.88, CI[0.86, 0.90]","Computational Method","",""
57045,"57045.9","Salmonella enterica subsp. enterica serovar Paratyphi B strain 2012CEB707SAL","ceftriaxone","","0.5","","0.5","mg/L","","","","","","","MIC XGBoost Model","202503101","W1 score: 0.95, CI[0.94, 0.96]","Computational Method","",""
57045,"57045.9","Salmonella enterica subsp. enterica serovar Paratyphi B strain 2012CEB707SAL","cefotaxime","","16.0","","16.0","mg/L","","","","","","","MIC XGBoost Model","202503101","W1 score: 0.95, CI[0.89, 1.00]","Computational Method","",""
57045,"57045.9","Salmonella enterica subsp. enterica serovar Paratyphi B strain 2012CEB707SAL","sulfisoxazole","","256.0","","256.0","mg/L","","","","","","","MIC XGBoost Model","202503101","W1 score: 0.98, CI[0.97, 0.99]","Computational Method","",""
57045,"57045.9","Salmonella enterica subsp. enterica serovar Paratyphi B strain 2012CEB707SAL","cefoxitin","","4.0","","4.0","mg/L","","","","","","","MIC XGBoost Model","202503101","W1 score: 0.98, CI[0.97, 1.00]","Computational Method","",""
57045,"57045.9","Salmonella enterica subsp. enterica serovar Paratyphi B strain 2012CEB707SAL","gentamicin","","4.0","","4.0","mg/L","","","","","","","MIC XGBoost Model","202503101","W1 score: 0.97, CI[0.95, 0.99]","Computational Method","",""
57045,"57045.9","Salmonella enterica subsp. enterica serovar Paratyphi B strain 2012CEB707SAL","kanamycin","","8.0","","8.0","mg/L","","","","","","","MIC XGBoost Model","202503101","W1 score: 0.99, CI[0.98, 1.01]","Computational Method","",""
57045,"57045.9","Salmonella enterica subsp. enterica serovar Paratyphi B strain 2012CEB707SAL","meropenem","","0.25","","0.25","mg/L","","","","","","","MIC XGBoost Model","202503101","W1 score: 0.95, CI[0.90, 1.01]","Computational Method","",""
57045,"57045.9","Salmonella enterica subsp. enterica serovar Paratyphi B strain 2012CEB707SAL","nalidixic acid","","16.0","","16.0","mg/L","","","","","","","MIC XGBoost Model","202503101","W1 score: 0.98, CI[0.97, 0.99]","Computational Method","",""
57045,"57045.9","Salmonella enterica subsp. enterica serovar Paratyphi B strain 2012CEB707SAL","streptomycin","","32.0","","32.0","mg/L","","","","","","","MIC XGBoost Model","202503101","W1 score: 0.92, CI[0.90, 0.93]","Computational Method","",""
57045,"57045.9","Salmonella enterica subsp. enterica serovar Paratyphi B strain 2012CEB707SAL","tetracycline","","4.0","","4.0","mg/L","","","","","","","MIC XGBoost Model","202503101","W1 score: 0.99, CI[0.98, 0.99]","Computational Method","",""
57045,"57045.9","Salmonella enterica subsp. enterica serovar Paratyphi B strain 2012CEB707SAL","ceftiofur","","1.0","","1.0","mg/L","","","","","","","MIC XGBoost Model","202503101","W1 score: 0.99, CI[0.98, 0.99]","Computational Method","",""
57045,"57045.90","Salmonella enterica subsp. enterica serovar Paratyphi B 1_2021","amoxicillin/clavulanic acid","","2.0","","2.0","mg/L","","","","","","","MIC XGBoost Model","202503101","W1 score: 0.98, CI[0.96, 0.99]","Computational Method","",""
57045,"57045.90","Salmonella enterica subsp. enterica serovar Paratyphi B 1_2021","ampicillin","","4.0","","4.0","mg/L","","","","","","","MIC XGBoost Model","202503101","W1 score: 0.96, CI[0.95, 0.97]","Computational Method","",""
57045,"57045.90","Salmonella enterica subsp. enterica serovar Paratyphi B 1_2021","azithromycin","","4.0","","4.0","mg/L","","","","","","","MIC XGBoost Model","202503101","W1 score: 0.99, CI[0.98, 1.00]","Computational Method","",""
57045,"57045.90","Salmonella enterica subsp. enterica serovar Paratyphi B 1_2021","ceftazidime","","4.0","","4.0","mg/L","","","","","","","MIC XGBoost Model","202503101","W1 score: 0.93, CI[0.88, 0.99]","Computational Method","",""
57045,"57045.90","Salmonella enterica subsp. enterica serovar Paratyphi B 1_2021","chloramphenicol","","4.0","","4.0","mg/L","","","","","","","MIC XGBoost Model","202503101","W1 score: 0.99, CI[0.98, 1.00]","Computational Method","",""
57045,"57045.90","Salmonella enterica subsp. enterica serovar Paratyphi B 1_2021","ciprofloxacin","","0.03125","","0.03125","mg/L","","","","","","","MIC XGBoost Model","202503101","W1 score: 0.88, CI[0.86, 0.90]","Computational Method","",""
57045,"57045.90","Salmonella enterica subsp. enterica serovar Paratyphi B 1_2021","ceftriaxone","","1.0","","1.0","mg/L","","","","","","","MIC XGBoost Model","202503101","W1 score: 0.95, CI[0.94, 0.96]","Computational Method","",""
57045,"57045.90","Salmonella enterica subsp. enterica serovar Paratyphi B 1_2021","cefotaxime","","2.0","","2.0","mg/L","","","","","","","MIC XGBoost Model","202503101","W1 score: 0.95, CI[0.89, 1.00]","Computational Method","",""
57045,"57045.90","Salmonella enterica subsp. enterica serovar Paratyphi B 1_2021","sulfisoxazole","","256.0","","256.0","mg/L","","","","","","","MIC XGBoost Model","202503101","W1 score: 0.98, CI[0.97, 0.99]","Computational Method","",""
57045,"57045.90","Salmonella enterica subsp. enterica serovar Paratyphi B 1_2021","cefoxitin","","2.0","","2.0","mg/L","","","","","","","MIC XGBoost Model","202503101","W1 score: 0.98, CI[0.97, 1.00]","Computational Method","",""
57045,"57045.90","Salmonella enterica subsp. enterica serovar Paratyphi B 1_2021","gentamicin","","2.0","","2.0","mg/L","","","","","","","MIC XGBoost Model","202503101","W1 score: 0.97, CI[0.95, 0.99]","Computational Method","",""
57045,"57045.90","Salmonella enterica subsp. enterica serovar Paratyphi B 1_2021","kanamycin","","8.0","","8.0","mg/L","","","","","","","MIC XGBoost Model","202503101","W1 score: 0.99, CI[0.98, 1.01]","Computational Method","",""
57045,"57045.90","Salmonella enterica subsp. enterica serovar Paratyphi B 1_2021","meropenem","","0.0625","","0.0625","mg/L","","","","","","","MIC XGBoost Model","202503101","W1 score: 0.95, CI[0.90, 1.01]","Computational Method","",""
57045,"57045.90","Salmonella enterica subsp. enterica serovar Paratyphi B 1_2021","nalidixic acid","","4.0","","4.0","mg/L","","","","","","","MIC XGBoost Model","202503101","W1 score: 0.98, CI[0.97, 0.99]","Computational Method","",""
57045,"57045.90","Salmonella enterica subsp. enterica serovar Paratyphi B 1_2021","streptomycin","","32.0","","32.0","mg/L","","","","","","","MIC XGBoost Model","202503101","W1 score: 0.92, CI[0.90, 0.93]","Computational Method","",""
57045,"57045.90","Salmonella enterica subsp. enterica serovar Paratyphi B 1_2021","tetracycline","","32.0","","32.0","mg/L","","","","","","","MIC XGBoost Model","202503101","W1 score: 0.99, CI[0.98, 0.99]","Computational Method","",""
57045,"57045.90","Salmonella enterica subsp. enterica serovar Paratyphi B 1_2021","ceftiofur","","2.0","","2.0","mg/L","","","","","","","MIC XGBoost Model","202503101","W1 score: 0.99, CI[0.98, 0.99]","Computational Method","",""
57045,"57045.92","Salmonella enterica subsp. enterica serovar Paratyphi B CRHE79","amoxicillin/clavulanic acid","","1.0","","1.0","mg/L","","","","","","","MIC XGBoost Model","202503101","W1 score: 0.98, CI[0.96, 0.99]","Computational Method","",""
57045,"57045.92","Salmonella enterica subsp. enterica serovar Paratyphi B CRHE79","ampicillin","","1.0","","1.0","mg/L","","","","","","","MIC XGBoost Model","202503101","W1 score: 0.96, CI[0.95, 0.97]","Computational Method","",""
57045,"57045.92","Salmonella enterica subsp. enterica serovar Paratyphi B CRHE79","azithromycin","","4.0","","4.0","mg/L","","","","","","","MIC XGBoost Model","202503101","W1 score: 0.99, CI[0.98, 1.00]","Computational Method","",""
57045,"57045.92","Salmonella enterica subsp. enterica serovar Paratyphi B CRHE79","ceftazidime","","4.0","","4.0","mg/L","","","","","","","MIC XGBoost Model","202503101","W1 score: 0.93, CI[0.88, 0.99]","Computational Method","",""
57045,"57045.92","Salmonella enterica subsp. enterica serovar Paratyphi B CRHE79","chloramphenicol","","4.0","","4.0","mg/L","","","","","","","MIC XGBoost Model","202503101","W1 score: 0.99, CI[0.98, 1.00]","Computational Method","",""
57045,"57045.92","Salmonella enterica subsp. enterica serovar Paratyphi B CRHE79","ciprofloxacin","","0.015625","","0.015625","mg/L","","","","","","","MIC XGBoost Model","202503101","W1 score: 0.88, CI[0.86, 0.90]","Computational Method","",""
57045,"57045.92","Salmonella enterica subsp. enterica serovar Paratyphi B CRHE79","ceftriaxone","","0.25","","0.25","mg/L","","","","","","","MIC XGBoost Model","202503101","W1 score: 0.95, CI[0.94, 0.96]","Computational Method","",""
57045,"57045.92","Salmonella enterica subsp. enterica serovar Paratyphi B CRHE79","cefotaxime","","32.0","","32.0","mg/L","","","","","","","MIC XGBoost Model","202503101","W1 score: 0.95, CI[0.89, 1.00]","Computational Method","",""
57045,"57045.92","Salmonella enterica subsp. enterica serovar Paratyphi B CRHE79","sulfisoxazole","","32.0","","32.0","mg/L","","","","","","","MIC XGBoost Model","202503101","W1 score: 0.98, CI[0.97, 0.99]","Computational Method","",""
57045,"57045.92","Salmonella enterica subsp. enterica serovar Paratyphi B CRHE79","cefoxitin","","2.0","","2.0","mg/L","","","","","","","MIC XGBoost Model","202503101","W1 score: 0.98, CI[0.97, 1.00]","Computational Method","",""
57045,"57045.92","Salmonella enterica subsp. enterica serovar Paratyphi B CRHE79","gentamicin","","0.5","","0.5","mg/L","","","","","","","MIC XGBoost Model","202503101","W1 score: 0.97, CI[0.95, 0.99]","Computational Method","",""
57045,"57045.92","Salmonella enterica subsp. enterica serovar Paratyphi B CRHE79","kanamycin","","8.0","","8.0","mg/L","","","","","","","MIC XGBoost Model","202503101","W1 score: 0.99, CI[0.98, 1.01]","Computational Method","",""
57045,"57045.92","Salmonella enterica subsp. enterica serovar Paratyphi B CRHE79","meropenem","","0.125","","0.125","mg/L","","","","","","","MIC XGBoost Model","202503101","W1 score: 0.95, CI[0.90, 1.01]","Computational Method","",""
57045,"57045.92","Salmonella enterica subsp. enterica serovar Paratyphi B CRHE79","nalidixic acid","","4.0","","4.0","mg/L","","","","","","","MIC XGBoost Model","202503101","W1 score: 0.98, CI[0.97, 0.99]","Computational Method","",""
57045,"57045.92","Salmonella enterica subsp. enterica serovar Paratyphi B CRHE79","streptomycin","","32.0","","32.0","mg/L","","","","","","","MIC XGBoost Model","202503101","W1 score: 0.92, CI[0.90, 0.93]","Computational Method","",""
57045,"57045.92","Salmonella enterica subsp. enterica serovar Paratyphi B CRHE79","tetracycline","","4.0","","4.0","mg/L","","","","","","","MIC XGBoost Model","202503101","W1 score: 0.99, CI[0.98, 0.99]","Computational Method","",""
57045,"57045.92","Salmonella enterica subsp. enterica serovar Paratyphi B CRHE79","ceftiofur","","1.0","","1.0","mg/L","","","","","","","MIC XGBoost Model","202503101","W1 score: 0.99, CI[0.98, 0.99]","Computational Method","",""
57045,"57045.93","Salmonella enterica subsp. enterica serovar Paratyphi B B2590","amoxicillin/clavulanic acid","","8.0","","8.0","mg/L","","","","","","","MIC XGBoost Model","202503101","W1 score: 0.98, CI[0.96, 0.99]","Computational Method","",""
57045,"57045.93","Salmonella enterica subsp. enterica serovar Paratyphi B B2590","ampicillin","","32.0","","32.0","mg/L","","","","","","","MIC XGBoost Model","202503101","W1 score: 0.96, CI[0.95, 0.97]","Computational Method","",""
57045,"57045.93","Salmonella enterica subsp. enterica serovar Paratyphi B B2590","azithromycin","","4.0","","4.0","mg/L","","","","","","","MIC XGBoost Model","202503101","W1 score: 0.99, CI[0.98, 1.00]","Computational Method","",""
57045,"57045.93","Salmonella enterica subsp. enterica serovar Paratyphi B B2590","ceftazidime","","32.0","","32.0","mg/L","","","","","","","MIC XGBoost Model","202503101","W1 score: 0.93, CI[0.88, 0.99]","Computational Method","",""
57045,"57045.93","Salmonella enterica subsp. enterica serovar Paratyphi B B2590","chloramphenicol","","32.0","","32.0","mg/L","","","","","","","MIC XGBoost Model","202503101","W1 score: 0.99, CI[0.98, 1.00]","Computational Method","",""
57045,"57045.93","Salmonella enterica subsp. enterica serovar Paratyphi B B2590","ciprofloxacin","","0.5","","0.5","mg/L","","","","","","","MIC XGBoost Model","202503101","W1 score: 0.88, CI[0.86, 0.90]","Computational Method","",""
57045,"57045.93","Salmonella enterica subsp. enterica serovar Paratyphi B B2590","ceftriaxone","","64.0","","64.0","mg/L","","","","","","","MIC XGBoost Model","202503101","W1 score: 0.95, CI[0.94, 0.96]","Computational Method","",""
57045,"57045.93","Salmonella enterica subsp. enterica serovar Paratyphi B B2590","cefotaxime","","32.0","","32.0","mg/L","","","","","","","MIC XGBoost Model","202503101","W1 score: 0.95, CI[0.89, 1.00]","Computational Method","",""
57045,"57045.93","Salmonella enterica subsp. enterica serovar Paratyphi B B2590","sulfisoxazole","","32.0","","32.0","mg/L","","","","","","","MIC XGBoost Model","202503101","W1 score: 0.98, CI[0.97, 0.99]","Computational Method","",""
57045,"57045.93","Salmonella enterica subsp. enterica serovar Paratyphi B B2590","cefoxitin","","8.0","","8.0","mg/L","","","","","","","MIC XGBoost Model","202503101","W1 score: 0.98, CI[0.97, 1.00]","Computational Method","",""
57045,"57045.93","Salmonella enterica subsp. enterica serovar Paratyphi B B2590","gentamicin","","0.5","","0.5","mg/L","","","","","","","MIC XGBoost Model","202503101","W1 score: 0.97, CI[0.95, 0.99]","Computational Method","",""
57045,"57045.93","Salmonella enterica subsp. enterica serovar Paratyphi B B2590","kanamycin","","16.0","","16.0","mg/L","","","","","","","MIC XGBoost Model","202503101","W1 score: 0.99, CI[0.98, 1.01]","Computational Method","",""
57045,"57045.93","Salmonella enterica subsp. enterica serovar Paratyphi B B2590","meropenem","","32.0","","32.0","mg/L","","","","","","","MIC XGBoost Model","202503101","W1 score: 0.95, CI[0.90, 1.01]","Computational Method","",""
57045,"57045.93","Salmonella enterica subsp. enterica serovar Paratyphi B B2590","nalidixic acid","","8.0","","8.0","mg/L","","","","","","","MIC XGBoost Model","202503101","W1 score: 0.98, CI[0.97, 0.99]","Computational Method","",""
57045,"57045.93","Salmonella enterica subsp. enterica serovar Paratyphi B B2590","streptomycin","","2.0","","2.0","mg/L","","","","","","","MIC XGBoost Model","202503101","W1 score: 0.92, CI[0.90, 0.93]","Computational Method","",""
57045,"57045.93","Salmonella enterica subsp. enterica serovar Paratyphi B B2590","tetracycline","","32.0","","32.0","mg/L","","","","","","","MIC XGBoost Model","202503101","W1 score: 0.99, CI[0.98, 0.99]","Computational Method","",""
57045,"57045.93","Salmonella enterica subsp. enterica serovar Paratyphi B B2590","ceftiofur","","1.0","","1.0","mg/L","","","","","","","MIC XGBoost Model","202503101","W1 score: 0.99, CI[0.98, 0.99]","Computational Method","",""
57045,"57045.94","Salmonella enterica subsp. enterica serovar Paratyphi B B1655","amoxicillin/clavulanic acid","","8.0","","8.0","mg/L","","","","","","","MIC XGBoost Model","202503101","W1 score: 0.98, CI[0.96, 0.99]","Computational Method","",""
57045,"57045.94","Salmonella enterica subsp. enterica serovar Paratyphi B B1655","ampicillin","","32.0","","32.0","mg/L","","","","","","","MIC XGBoost Model","202503101","W1 score: 0.96, CI[0.95, 0.97]","Computational Method","",""
57045,"57045.94","Salmonella enterica subsp. enterica serovar Paratyphi B B1655","azithromycin","","4.0","","4.0","mg/L","","","","","","","MIC XGBoost Model","202503101","W1 score: 0.99, CI[0.98, 1.00]","Computational Method","",""
57045,"57045.94","Salmonella enterica subsp. enterica serovar Paratyphi B B1655","ceftazidime","","32.0","","32.0","mg/L","","","","","","","MIC XGBoost Model","202503101","W1 score: 0.93, CI[0.88, 0.99]","Computational Method","",""
57045,"57045.94","Salmonella enterica subsp. enterica serovar Paratyphi B B1655","chloramphenicol","","32.0","","32.0","mg/L","","","","","","","MIC XGBoost Model","202503101","W1 score: 0.99, CI[0.98, 1.00]","Computational Method","",""
57045,"57045.94","Salmonella enterica subsp. enterica serovar Paratyphi B B1655","ciprofloxacin","","0.5","","0.5","mg/L","","","","","","","MIC XGBoost Model","202503101","W1 score: 0.88, CI[0.86, 0.90]","Computational Method","",""
57045,"57045.94","Salmonella enterica subsp. enterica serovar Paratyphi B B1655","ceftriaxone","","64.0","","64.0","mg/L","","","","","","","MIC XGBoost Model","202503101","W1 score: 0.95, CI[0.94, 0.96]","Computational Method","",""
57045,"57045.94","Salmonella enterica subsp. enterica serovar Paratyphi B B1655","cefotaxime","","32.0","","32.0","mg/L","","","","","","","MIC XGBoost Model","202503101","W1 score: 0.95, CI[0.89, 1.00]","Computational Method","",""
57045,"57045.94","Salmonella enterica subsp. enterica serovar Paratyphi B B1655","sulfisoxazole","","32.0","","32.0","mg/L","","","","","","","MIC XGBoost Model","202503101","W1 score: 0.98, CI[0.97, 0.99]","Computational Method","",""
57045,"57045.94","Salmonella enterica subsp. enterica serovar Paratyphi B B1655","cefoxitin","","8.0","","8.0","mg/L","","","","","","","MIC XGBoost Model","202503101","W1 score: 0.98, CI[0.97, 1.00]","Computational Method","",""
57045,"57045.94","Salmonella enterica subsp. enterica serovar Paratyphi B B1655","gentamicin","","0.5","","0.5","mg/L","","","","","","","MIC XGBoost Model","202503101","W1 score: 0.97, CI[0.95, 0.99]","Computational Method","",""
57045,"57045.94","Salmonella enterica subsp. enterica serovar Paratyphi B B1655","kanamycin","","16.0","","16.0","mg/L","","","","","","","MIC XGBoost Model","202503101","W1 score: 0.99, CI[0.98, 1.01]","Computational Method","",""
57045,"57045.94","Salmonella enterica subsp. enterica serovar Paratyphi B B1655","meropenem","","32.0","","32.0","mg/L","","","","","","","MIC XGBoost Model","202503101","W1 score: 0.95, CI[0.90, 1.01]","Computational Method","",""
57045,"57045.94","Salmonella enterica subsp. enterica serovar Paratyphi B B1655","nalidixic acid","","8.0","","8.0","mg/L","","","","","","","MIC XGBoost Model","202503101","W1 score: 0.98, CI[0.97, 0.99]","Computational Method","",""
57045,"57045.94","Salmonella enterica subsp. enterica serovar Paratyphi B B1655","streptomycin","","2.0","","2.0","mg/L","","","","","","","MIC XGBoost Model","202503101","W1 score: 0.92, CI[0.90, 0.93]","Computational Method","",""
57045,"57045.94","Salmonella enterica subsp. enterica serovar Paratyphi B B1655","tetracycline","","32.0","","32.0","mg/L","","","","","","","MIC XGBoost Model","202503101","W1 score: 0.99, CI[0.98, 0.99]","Computational Method","",""
57045,"57045.94","Salmonella enterica subsp. enterica serovar Paratyphi B B1655","ceftiofur","","1.0","","1.0","mg/L","","","","","","","MIC XGBoost Model","202503101","W1 score: 0.99, CI[0.98, 0.99]","Computational Method","",""
57045,"57045.95","Salmonella enterica subsp. enterica serovar Paratyphi B B1727","amoxicillin/clavulanic acid","","8.0","","8.0","mg/L","","","","","","","MIC XGBoost Model","202503101","W1 score: 0.98, CI[0.96, 0.99]","Computational Method","",""
57045,"57045.95","Salmonella enterica subsp. enterica serovar Paratyphi B B1727","ampicillin","","32.0","","32.0","mg/L","","","","","","","MIC XGBoost Model","202503101","W1 score: 0.96, CI[0.95, 0.97]","Computational Method","",""
57045,"57045.95","Salmonella enterica subsp. enterica serovar Paratyphi B B1727","azithromycin","","4.0","","4.0","mg/L","","","","","","","MIC XGBoost Model","202503101","W1 score: 0.99, CI[0.98, 1.00]","Computational Method","",""
57045,"57045.95","Salmonella enterica subsp. enterica serovar Paratyphi B B1727","ceftazidime","","32.0","","32.0","mg/L","","","","","","","MIC XGBoost Model","202503101","W1 score: 0.93, CI[0.88, 0.99]","Computational Method","",""
57045,"57045.95","Salmonella enterica subsp. enterica serovar Paratyphi B B1727","chloramphenicol","","32.0","","32.0","mg/L","","","","","","","MIC XGBoost Model","202503101","W1 score: 0.99, CI[0.98, 1.00]","Computational Method","",""
57045,"57045.95","Salmonella enterica subsp. enterica serovar Paratyphi B B1727","ciprofloxacin","","0.5","","0.5","mg/L","","","","","","","MIC XGBoost Model","202503101","W1 score: 0.88, CI[0.86, 0.90]","Computational Method","",""
57045,"57045.95","Salmonella enterica subsp. enterica serovar Paratyphi B B1727","ceftriaxone","","64.0","","64.0","mg/L","","","","","","","MIC XGBoost Model","202503101","W1 score: 0.95, CI[0.94, 0.96]","Computational Method","",""
57045,"57045.95","Salmonella enterica subsp. enterica serovar Paratyphi B B1727","cefotaxime","","32.0","","32.0","mg/L","","","","","","","MIC XGBoost Model","202503101","W1 score: 0.95, CI[0.89, 1.00]","Computational Method","",""
57045,"57045.95","Salmonella enterica subsp. enterica serovar Paratyphi B B1727","sulfisoxazole","","32.0","","32.0","mg/L","","","","","","","MIC XGBoost Model","202503101","W1 score: 0.98, CI[0.97, 0.99]","Computational Method","",""
57045,"57045.95","Salmonella enterica subsp. enterica serovar Paratyphi B B1727","cefoxitin","","8.0","","8.0","mg/L","","","","","","","MIC XGBoost Model","202503101","W1 score: 0.98, CI[0.97, 1.00]","Computational Method","",""
57045,"57045.95","Salmonella enterica subsp. enterica serovar Paratyphi B B1727","gentamicin","","0.5","","0.5","mg/L","","","","","","","MIC XGBoost Model","202503101","W1 score: 0.97, CI[0.95, 0.99]","Computational Method","",""
57045,"57045.95","Salmonella enterica subsp. enterica serovar Paratyphi B B1727","kanamycin","","16.0","","16.0","mg/L","","","","","","","MIC XGBoost Model","202503101","W1 score: 0.99, CI[0.98, 1.01]","Computational Method","",""
57045,"57045.95","Salmonella enterica subsp. enterica serovar Paratyphi B B1727","meropenem","","32.0","","32.0","mg/L","","","","","","","MIC XGBoost Model","202503101","W1 score: 0.95, CI[0.90, 1.01]","Computational Method","",""
57045,"57045.95","Salmonella enterica subsp. enterica serovar Paratyphi B B1727","nalidixic acid","","8.0","","8.0","mg/L","","","","","","","MIC XGBoost Model","202503101","W1 score: 0.98, CI[0.97, 0.99]","Computational Method","",""
57045,"57045.95","Salmonella enterica subsp. enterica serovar Paratyphi B B1727","streptomycin","","2.0","","2.0","mg/L","","","","","","","MIC XGBoost Model","202503101","W1 score: 0.92, CI[0.90, 0.93]","Computational Method","",""
57045,"57045.95","Salmonella enterica subsp. enterica serovar Paratyphi B B1727","tetracycline","","32.0","","32.0","mg/L","","","","","","","MIC XGBoost Model","202503101","W1 score: 0.99, CI[0.98, 0.99]","Computational Method","",""
57045,"57045.95","Salmonella enterica subsp. enterica serovar Paratyphi B B1727","ceftiofur","","1.0","","1.0","mg/L","","","","","","","MIC XGBoost Model","202503101","W1 score: 0.99, CI[0.98, 0.99]","Computational Method","",""
57045,"57045.96","Salmonella enterica subsp. enterica serovar Paratyphi B B2227","amoxicillin/clavulanic acid","","8.0","","8.0","mg/L","","","","","","","MIC XGBoost Model","202503101","W1 score: 0.98, CI[0.96, 0.99]","Computational Method","",""
57045,"57045.96","Salmonella enterica subsp. enterica serovar Paratyphi B B2227","ampicillin","","32.0","","32.0","mg/L","","","","","","","MIC XGBoost Model","202503101","W1 score: 0.96, CI[0.95, 0.97]","Computational Method","",""
57045,"57045.96","Salmonella enterica subsp. enterica serovar Paratyphi B B2227","azithromycin","","4.0","","4.0","mg/L","","","","","","","MIC XGBoost Model","202503101","W1 score: 0.99, CI[0.98, 1.00]","Computational Method","",""
57045,"57045.96","Salmonella enterica subsp. enterica serovar Paratyphi B B2227","ceftazidime","","32.0","","32.0","mg/L","","","","","","","MIC XGBoost Model","202503101","W1 score: 0.93, CI[0.88, 0.99]","Computational Method","",""
57045,"57045.96","Salmonella enterica subsp. enterica serovar Paratyphi B B2227","chloramphenicol","","32.0","","32.0","mg/L","","","","","","","MIC XGBoost Model","202503101","W1 score: 0.99, CI[0.98, 1.00]","Computational Method","",""
57045,"57045.96","Salmonella enterica subsp. enterica serovar Paratyphi B B2227","ciprofloxacin","","0.5","","0.5","mg/L","","","","","","","MIC XGBoost Model","202503101","W1 score: 0.88, CI[0.86, 0.90]","Computational Method","",""
57045,"57045.96","Salmonella enterica subsp. enterica serovar Paratyphi B B2227","ceftriaxone","","64.0","","64.0","mg/L","","","","","","","MIC XGBoost Model","202503101","W1 score: 0.95, CI[0.94, 0.96]","Computational Method","",""
57045,"57045.96","Salmonella enterica subsp. enterica serovar Paratyphi B B2227","cefotaxime","","32.0","","32.0","mg/L","","","","","","","MIC XGBoost Model","202503101","W1 score: 0.95, CI[0.89, 1.00]","Computational Method","",""
57045,"57045.96","Salmonella enterica subsp. enterica serovar Paratyphi B B2227","sulfisoxazole","","32.0","","32.0","mg/L","","","","","","","MIC XGBoost Model","202503101","W1 score: 0.98, CI[0.97, 0.99]","Computational Method","",""
57045,"57045.96","Salmonella enterica subsp. enterica serovar Paratyphi B B2227","cefoxitin","","8.0","","8.0","mg/L","","","","","","","MIC XGBoost Model","202503101","W1 score: 0.98, CI[0.97, 1.00]","Computational Method","",""
57045,"57045.96","Salmonella enterica subsp. enterica serovar Paratyphi B B2227","gentamicin","","0.5","","0.5","mg/L","","","","","","","MIC XGBoost Model","202503101","W1 score: 0.97, CI[0.95, 0.99]","Computational Method","",""
57045,"57045.96","Salmonella enterica subsp. enterica serovar Paratyphi B B2227","kanamycin","","16.0","","16.0","mg/L","","","","","","","MIC XGBoost Model","202503101","W1 score: 0.99, CI[0.98, 1.01]","Computational Method","",""
57045,"57045.96","Salmonella enterica subsp. enterica serovar Paratyphi B B2227","meropenem","","32.0","","32.0","mg/L","","","","","","","MIC XGBoost Model","202503101","W1 score: 0.95, CI[0.90, 1.01]","Computational Method","",""
57045,"57045.96","Salmonella enterica subsp. enterica serovar Paratyphi B B2227","nalidixic acid","","8.0","","8.0","mg/L","","","","","","","MIC XGBoost Model","202503101","W1 score: 0.98, CI[0.97, 0.99]","Computational Method","",""
57045,"57045.96","Salmonella enterica subsp. enterica serovar Paratyphi B B2227","streptomycin","","2.0","","2.0","mg/L","","","","","","","MIC XGBoost Model","202503101","W1 score: 0.92, CI[0.90, 0.93]","Computational Method","",""
57045,"57045.96","Salmonella enterica subsp. enterica serovar Paratyphi B B2227","tetracycline","","32.0","","32.0","mg/L","","","","","","","MIC XGBoost Model","202503101","W1 score: 0.99, CI[0.98, 0.99]","Computational Method","",""
57045,"57045.96","Salmonella enterica subsp. enterica serovar Paratyphi B B2227","ceftiofur","","1.0","","1.0","mg/L","","","","","","","MIC XGBoost Model","202503101","W1 score: 0.99, CI[0.98, 0.99]","Computational Method","",""
57045,"57045.97","Salmonella enterica subsp. enterica serovar Paratyphi B CIP54.115","amoxicillin/clavulanic acid","","8.0","","8.0","mg/L","","","","","","","MIC XGBoost Model","202503101","W1 score: 0.98, CI[0.96, 0.99]","Computational Method","",""
57045,"57045.97","Salmonella enterica subsp. enterica serovar Paratyphi B CIP54.115","ampicillin","","32.0","","32.0","mg/L","","","","","","","MIC XGBoost Model","202503101","W1 score: 0.96, CI[0.95, 0.97]","Computational Method","",""
57045,"57045.97","Salmonella enterica subsp. enterica serovar Paratyphi B CIP54.115","azithromycin","","4.0","","4.0","mg/L","","","","","","","MIC XGBoost Model","202503101","W1 score: 0.99, CI[0.98, 1.00]","Computational Method","",""
57045,"57045.97","Salmonella enterica subsp. enterica serovar Paratyphi B CIP54.115","ceftazidime","","32.0","","32.0","mg/L","","","","","","","MIC XGBoost Model","202503101","W1 score: 0.93, CI[0.88, 0.99]","Computational Method","",""
57045,"57045.97","Salmonella enterica subsp. enterica serovar Paratyphi B CIP54.115","chloramphenicol","","32.0","","32.0","mg/L","","","","","","","MIC XGBoost Model","202503101","W1 score: 0.99, CI[0.98, 1.00]","Computational Method","",""
57045,"57045.97","Salmonella enterica subsp. enterica serovar Paratyphi B CIP54.115","ciprofloxacin","","0.5","","0.5","mg/L","","","","","","","MIC XGBoost Model","202503101","W1 score: 0.88, CI[0.86, 0.90]","Computational Method","",""
57045,"57045.97","Salmonella enterica subsp. enterica serovar Paratyphi B CIP54.115","ceftriaxone","","64.0","","64.0","mg/L","","","","","","","MIC XGBoost Model","202503101","W1 score: 0.95, CI[0.94, 0.96]","Computational Method","",""
57045,"57045.97","Salmonella enterica subsp. enterica serovar Paratyphi B CIP54.115","cefotaxime","","32.0","","32.0","mg/L","","","","","","","MIC XGBoost Model","202503101","W1 score: 0.95, CI[0.89, 1.00]","Computational Method","",""
57045,"57045.97","Salmonella enterica subsp. enterica serovar Paratyphi B CIP54.115","sulfisoxazole","","32.0","","32.0","mg/L","","","","","","","MIC XGBoost Model","202503101","W1 score: 0.98, CI[0.97, 0.99]","Computational Method","",""
57045,"57045.97","Salmonella enterica subsp. enterica serovar Paratyphi B CIP54.115","cefoxitin","","8.0","","8.0","mg/L","","","","","","","MIC XGBoost Model","202503101","W1 score: 0.98, CI[0.97, 1.00]","Computational Method","",""
57045,"57045.97","Salmonella enterica subsp. enterica serovar Paratyphi B CIP54.115","gentamicin","","0.5","","0.5","mg/L","","","","","","","MIC XGBoost Model","202503101","W1 score: 0.97, CI[0.95, 0.99]","Computational Method","",""
57045,"57045.97","Salmonella enterica subsp. enterica serovar Paratyphi B CIP54.115","kanamycin","","16.0","","16.0","mg/L","","","","","","","MIC XGBoost Model","202503101","W1 score: 0.99, CI[0.98, 1.01]","Computational Method","",""
57045,"57045.97","Salmonella enterica subsp. enterica serovar Paratyphi B CIP54.115","meropenem","","32.0","","32.0","mg/L","","","","","","","MIC XGBoost Model","202503101","W1 score: 0.95, CI[0.90, 1.01]","Computational Method","",""
57045,"57045.97","Salmonella enterica subsp. enterica serovar Paratyphi B CIP54.115","nalidixic acid","","8.0","","8.0","mg/L","","","","","","","MIC XGBoost Model","202503101","W1 score: 0.98, CI[0.97, 0.99]","Computational Method","",""
57045,"57045.97","Salmonella enterica subsp. enterica serovar Paratyphi B CIP54.115","streptomycin","","2.0","","2.0","mg/L","","","","","","","MIC XGBoost Model","202503101","W1 score: 0.92, CI[0.90, 0.93]","Computational Method","",""
57045,"57045.97","Salmonella enterica subsp. enterica serovar Paratyphi B CIP54.115","tetracycline","","32.0","","32.0","mg/L","","","","","","","MIC XGBoost Model","202503101","W1 score: 0.99, CI[0.98, 0.99]","Computational Method","",""
57045,"57045.97","Salmonella enterica subsp. enterica serovar Paratyphi B CIP54.115","ceftiofur","","1.0","","1.0","mg/L","","","","","","","MIC XGBoost Model","202503101","W1 score: 0.99, CI[0.98, 0.99]","Computational Method","",""
57045,"57045.98","Salmonella enterica subsp. enterica serovar Paratyphi B B97","amoxicillin/clavulanic acid","","8.0","","8.0","mg/L","","","","","","","MIC XGBoost Model","202503101","W1 score: 0.98, CI[0.96, 0.99]","Computational Method","",""
57045,"57045.98","Salmonella enterica subsp. enterica serovar Paratyphi B B97","ampicillin","","32.0","","32.0","mg/L","","","","","","","MIC XGBoost Model","202503101","W1 score: 0.96, CI[0.95, 0.97]","Computational Method","",""
57045,"57045.98","Salmonella enterica subsp. enterica serovar Paratyphi B B97","azithromycin","","4.0","","4.0","mg/L","","","","","","","MIC XGBoost Model","202503101","W1 score: 0.99, CI[0.98, 1.00]","Computational Method","",""
57045,"57045.98","Salmonella enterica subsp. enterica serovar Paratyphi B B97","ceftazidime","","32.0","","32.0","mg/L","","","","","","","MIC XGBoost Model","202503101","W1 score: 0.93, CI[0.88, 0.99]","Computational Method","",""
57045,"57045.98","Salmonella enterica subsp. enterica serovar Paratyphi B B97","chloramphenicol","","32.0","","32.0","mg/L","","","","","","","MIC XGBoost Model","202503101","W1 score: 0.99, CI[0.98, 1.00]","Computational Method","",""
57045,"57045.98","Salmonella enterica subsp. enterica serovar Paratyphi B B97","ciprofloxacin","","0.5","","0.5","mg/L","","","","","","","MIC XGBoost Model","202503101","W1 score: 0.88, CI[0.86, 0.90]","Computational Method","",""
57045,"57045.98","Salmonella enterica subsp. enterica serovar Paratyphi B B97","ceftriaxone","","64.0","","64.0","mg/L","","","","","","","MIC XGBoost Model","202503101","W1 score: 0.95, CI[0.94, 0.96]","Computational Method","",""
57045,"57045.98","Salmonella enterica subsp. enterica serovar Paratyphi B B97","cefotaxime","","32.0","","32.0","mg/L","","","","","","","MIC XGBoost Model","202503101","W1 score: 0.95, CI[0.89, 1.00]","Computational Method","",""
57045,"57045.98","Salmonella enterica subsp. enterica serovar Paratyphi B B97","sulfisoxazole","","32.0","","32.0","mg/L","","","","","","","MIC XGBoost Model","202503101","W1 score: 0.98, CI[0.97, 0.99]","Computational Method","",""
57045,"57045.98","Salmonella enterica subsp. enterica serovar Paratyphi B B97","cefoxitin","","8.0","","8.0","mg/L","","","","","","","MIC XGBoost Model","202503101","W1 score: 0.98, CI[0.97, 1.00]","Computational Method","",""
57045,"57045.98","Salmonella enterica subsp. enterica serovar Paratyphi B B97","gentamicin","","0.5","","0.5","mg/L","","","","","","","MIC XGBoost Model","202503101","W1 score: 0.97, CI[0.95, 0.99]","Computational Method","",""
57045,"57045.98","Salmonella enterica subsp. enterica serovar Paratyphi B B97","kanamycin","","16.0","","16.0","mg/L","","","","","","","MIC XGBoost Model","202503101","W1 score: 0.99, CI[0.98, 1.01]","Computational Method","",""
57045,"57045.98","Salmonella enterica subsp. enterica serovar Paratyphi B B97","meropenem","","32.0","","32.0","mg/L","","","","","","","MIC XGBoost Model","202503101","W1 score: 0.95, CI[0.90, 1.01]","Computational Method","",""
57045,"57045.98","Salmonella enterica subsp. enterica serovar Paratyphi B B97","nalidixic acid","","8.0","","8.0","mg/L","","","","","","","MIC XGBoost Model","202503101","W1 score: 0.98, CI[0.97, 0.99]","Computational Method","",""
57045,"57045.98","Salmonella enterica subsp. enterica serovar Paratyphi B B97","streptomycin","","2.0","","2.0","mg/L","","","","","","","MIC XGBoost Model","202503101","W1 score: 0.92, CI[0.90, 0.93]","Computational Method","",""
57045,"57045.98","Salmonella enterica subsp. enterica serovar Paratyphi B B97","tetracycline","","32.0","","32.0","mg/L","","","","","","","MIC XGBoost Model","202503101","W1 score: 0.99, CI[0.98, 0.99]","Computational Method","",""
57045,"57045.98","Salmonella enterica subsp. enterica serovar Paratyphi B B97","ceftiofur","","1.0","","1.0","mg/L","","","","","","","MIC XGBoost Model","202503101","W1 score: 0.99, CI[0.98, 0.99]","Computational Method","",""
57045,"57045.99","Salmonella enterica subsp. enterica serovar Paratyphi B B62","amoxicillin/clavulanic acid","","8.0","","8.0","mg/L","","","","","","","MIC XGBoost Model","202503101","W1 score: 0.98, CI[0.96, 0.99]","Computational Method","",""
57045,"57045.99","Salmonella enterica subsp. enterica serovar Paratyphi B B62","ampicillin","","32.0","","32.0","mg/L","","","","","","","MIC XGBoost Model","202503101","W1 score: 0.96, CI[0.95, 0.97]","Computational Method","",""
57045,"57045.99","Salmonella enterica subsp. enterica serovar Paratyphi B B62","azithromycin","","4.0","","4.0","mg/L","","","","","","","MIC XGBoost Model","202503101","W1 score: 0.99, CI[0.98, 1.00]","Computational Method","",""
57045,"57045.99","Salmonella enterica subsp. enterica serovar Paratyphi B B62","ceftazidime","","32.0","","32.0","mg/L","","","","","","","MIC XGBoost Model","202503101","W1 score: 0.93, CI[0.88, 0.99]","Computational Method","",""
57045,"57045.99","Salmonella enterica subsp. enterica serovar Paratyphi B B62","chloramphenicol","","32.0","","32.0","mg/L","","","","","","","MIC XGBoost Model","202503101","W1 score: 0.99, CI[0.98, 1.00]","Computational Method","",""
57045,"57045.99","Salmonella enterica subsp. enterica serovar Paratyphi B B62","ciprofloxacin","","0.5","","0.5","mg/L","","","","","","","MIC XGBoost Model","202503101","W1 score: 0.88, CI[0.86, 0.90]","Computational Method","",""
57045,"57045.99","Salmonella enterica subsp. enterica serovar Paratyphi B B62","ceftriaxone","","64.0","","64.0","mg/L","","","","","","","MIC XGBoost Model","202503101","W1 score: 0.95, CI[0.94, 0.96]","Computational Method","",""
57045,"57045.99","Salmonella enterica subsp. enterica serovar Paratyphi B B62","cefotaxime","","32.0","","32.0","mg/L","","","","","","","MIC XGBoost Model","202503101","W1 score: 0.95, CI[0.89, 1.00]","Computational Method","",""
57045,"57045.99","Salmonella enterica subsp. enterica serovar Paratyphi B B62","sulfisoxazole","","32.0","","32.0","mg/L","","","","","","","MIC XGBoost Model","202503101","W1 score: 0.98, CI[0.97, 0.99]","Computational Method","",""
57045,"57045.99","Salmonella enterica subsp. enterica serovar Paratyphi B B62","cefoxitin","","8.0","","8.0","mg/L","","","","","","","MIC XGBoost Model","202503101","W1 score: 0.98, CI[0.97, 1.00]","Computational Method","",""
57045,"57045.99","Salmonella enterica subsp. enterica serovar Paratyphi B B62","gentamicin","","0.5","","0.5","mg/L","","","","","","","MIC XGBoost Model","202503101","W1 score: 0.97, CI[0.95, 0.99]","Computational Method","",""
57045,"57045.99","Salmonella enterica subsp. enterica serovar Paratyphi B B62","kanamycin","","16.0","","16.0","mg/L","","","","","","","MIC XGBoost Model","202503101","W1 score: 0.99, CI[0.98, 1.01]","Computational Method","",""
57045,"57045.99","Salmonella enterica subsp. enterica serovar Paratyphi B B62","meropenem","","32.0","","32.0","mg/L","","","","","","","MIC XGBoost Model","202503101","W1 score: 0.95, CI[0.90, 1.01]","Computational Method","",""
57045,"57045.99","Salmonella enterica subsp. enterica serovar Paratyphi B B62","nalidixic acid","","8.0","","8.0","mg/L","","","","","","","MIC XGBoost Model","202503101","W1 score: 0.98, CI[0.97, 0.99]","Computational Method","",""
57045,"57045.99","Salmonella enterica subsp. enterica serovar Paratyphi B B62","streptomycin","","2.0","","2.0","mg/L","","","","","","","MIC XGBoost Model","202503101","W1 score: 0.92, CI[0.90, 0.93]","Computational Method","",""
57045,"57045.99","Salmonella enterica subsp. enterica serovar Paratyphi B B62","tetracycline","","32.0","","32.0","mg/L","","","","","","","MIC XGBoost Model","202503101","W1 score: 0.99, CI[0.98, 0.99]","Computational Method","",""
57045,"57045.99","Salmonella enterica subsp. enterica serovar Paratyphi B B62","ceftiofur","","1.0","","1.0","mg/L","","","","","","","MIC XGBoost Model","202503101","W1 score: 0.99, CI[0.98, 0.99]","Computational Method","",""
57045,"57045.46","Salmonella enterica subsp. enterica serovar Paratyphi B strain 12-03724","colistin","","8","","8","mg/L","Broth dilution","","","","EUCAST","","","","","Laboratory Method","","[28962028]"
57045,"57045.43","Salmonella enterica subsp. enterica serovar Paratyphi B strain 11-00422","colistin","","8","","8","mg/L","Broth dilution","","","","EUCAST","","","","","Laboratory Method","","[28962028]"
57045,"57045.40","Salmonella enterica subsp. enterica serovar Paratyphi B strain 12-01549","colistin","","8","","8","mg/L","Broth dilution","","","","EUCAST","","","","","Laboratory Method","","[28962028]"
57045,"57045.56","Salmonella enterica subsp. enterica serovar Paratyphi B strain 12-02544","colistin","","8","","8","mg/L","Broth dilution","","","","EUCAST","","","","","Laboratory Method","","[28962028]"
57045,"57045.49","Salmonella enterica subsp. enterica serovar Paratyphi B strain 12-02548","colistin","","8","","8","mg/L","Broth dilution","","","","EUCAST","","","","","Laboratory Method","","[28962028]"
57045,"57045.52","Salmonella enterica subsp. enterica serovar Paratyphi B strain 12-02539","colistin","","8","","8","mg/L","Broth dilution","","","","EUCAST","","","","","Laboratory Method","","[28962028]"
57045,"57045.54","Salmonella enterica subsp. enterica serovar Paratyphi B strain 12-02541","colistin","","8","","8","mg/L","Broth dilution","","","","EUCAST","","","","","Laboratory Method","","[28962028]"
57045,"57045.55","Salmonella enterica subsp. enterica serovar Paratyphi B strain 12-02546-1","colistin","","8","","8","mg/L","Broth dilution","","","","EUCAST","","","","","Laboratory Method","","[28962028]"
57045,"57045.48","Salmonella enterica subsp. enterica serovar Paratyphi B strain 13-SA01718","colistin","","8","","8","mg/L","Broth dilution","","","","EUCAST","","","","","Laboratory Method","","[28962028]"
57045,"57045.44","Salmonella enterica subsp. enterica serovar Paratyphi B strain 12-01497","colistin","","8","","8","mg/L","Broth dilution","","","","EUCAST","","","","","Laboratory Method","","[28962028]"
57045,"57045.47","Salmonella enterica subsp. enterica serovar Paratyphi B strain 12-02552","colistin","","8","","8","mg/L","Broth dilution","","","","EUCAST","","","","","Laboratory Method","","[28962028]"
57045,"57045.42","Salmonella enterica subsp. enterica serovar Paratyphi B strain 12-00618","colistin","","8","","8","mg/L","Broth dilution","","","","EUCAST","","","","","Laboratory Method","","[28962028]"
57045,"57045.41","Salmonella enterica subsp. enterica serovar Paratyphi B strain 12-00619","colistin","","8","","8","mg/L","Broth dilution","","","","EUCAST","","","","","Laboratory Method","","[28962028]"
57045,"57045.50","Salmonella enterica subsp. enterica serovar Paratyphi B strain 12-02546-2","colistin","","4","","4","mg/L","Broth dilution","","","","EUCAST","","","","","Laboratory Method","","[28962028]"
57045,"57045.45","Salmonella enterica subsp. enterica serovar Paratyphi B strain 12-00663","colistin","","8","","8","mg/L","Broth dilution","","","","EUCAST","","","","","Laboratory Method","","[28962028]"
57045,"57045.10","Salmonella enterica subsp. enterica serovar Paratyphi B strain 2010CEB2598SAL","amoxicillin/clavulanic acid","Susceptible","","","","","","","","","","","SIR XGBoost Model","202503101","F1 score: 0.96, CI[0.95, 0.97]","Computational Method","",""
57045,"57045.10","Salmonella enterica subsp. enterica serovar Paratyphi B strain 2010CEB2598SAL","ampicillin","Resistant","","","","","","","","","","","SIR XGBoost Model","202503101","F1 score: 0.93, CI[0.92, 0.93]","Computational Method","",""
57045,"57045.10","Salmonella enterica subsp. enterica serovar Paratyphi B strain 2010CEB2598SAL","azithromycin","Susceptible","","","","","","","","","","","SIR XGBoost Model","202503101","F1 score: 0.92, CI[0.87, 0.98]","Computational Method","",""
57045,"57045.10","Salmonella enterica subsp. enterica serovar Paratyphi B strain 2010CEB2598SAL","chloramphenicol","Susceptible","","","","","","","","","","","SIR XGBoost Model","202503101","F1 score: 0.90, CI[0.88, 0.91]","Computational Method","",""
57045,"57045.10","Salmonella enterica subsp. enterica serovar Paratyphi B strain 2010CEB2598SAL","ciprofloxacin","Susceptible","","","","","","","","","","","SIR XGBoost Model","202503101","F1 score: 0.95, CI[0.93, 0.96]","Computational Method","",""
57045,"57045.10","Salmonella enterica subsp. enterica serovar Paratyphi B strain 2010CEB2598SAL","ceftriaxone","Resistant","","","","","","","","","","","SIR XGBoost Model","202503101","F1 score: 0.98, CI[0.97, 1.00]","Computational Method","",""
57045,"57045.10","Salmonella enterica subsp. enterica serovar Paratyphi B strain 2010CEB2598SAL","cefotaxime","Resistant","","","","","","","","","","","SIR XGBoost Model","202503101","F1 score: 0.95, CI[0.90, 0.99]","Computational Method","",""
57045,"57045.10","Salmonella enterica subsp. enterica serovar Paratyphi B strain 2010CEB2598SAL","sulfisoxazole","Resistant","","","","","","","","","","","SIR XGBoost Model","202503101","F1 score: 0.99, CI[0.98, 1.00]","Computational Method","",""
57045,"57045.10","Salmonella enterica subsp. enterica serovar Paratyphi B strain 2010CEB2598SAL","cefoxitin","Susceptible","","","","","","","","","","","SIR XGBoost Model","202503101","F1 score: 0.96, CI[0.93, 0.99]","Computational Method","",""
57045,"57045.10","Salmonella enterica subsp. enterica serovar Paratyphi B strain 2010CEB2598SAL","gentamicin","Resistant","","","","","","","","","","","SIR XGBoost Model","202503101","F1 score: 0.92, CI[0.89, 0.95]","Computational Method","",""
57045,"57045.10","Salmonella enterica subsp. enterica serovar Paratyphi B strain 2010CEB2598SAL","kanamycin","Susceptible","","","","","","","","","","","SIR XGBoost Model","202503101","F1 score: 0.86, CI[0.77, 0.95]","Computational Method","",""
57045,"57045.10","Salmonella enterica subsp. enterica serovar Paratyphi B strain 2010CEB2598SAL","nalidixic acid","Resistant","","","","","","","","","","","SIR XGBoost Model","202503101","F1 score: 0.95, CI[0.93, 0.96]","Computational Method","",""
57045,"57045.10","Salmonella enterica subsp. enterica serovar Paratyphi B strain 2010CEB2598SAL","pefloxacin","Resistant","","","","","","","","","","","SIR XGBoost Model","202503101","F1 score: 0.98, CI[0.96, 1.00]","Computational Method","",""
57045,"57045.10","Salmonella enterica subsp. enterica serovar Paratyphi B strain 2010CEB2598SAL","sulfamethoxazole","Resistant","","","","","","","","","","","SIR XGBoost Model","202503101","F1 score: 0.95, CI[0.93, 0.97]","Computational Method","",""
57045,"57045.10","Salmonella enterica subsp. enterica serovar Paratyphi B strain 2010CEB2598SAL","spectinomycin","Susceptible","","","","","","","","","","","SIR XGBoost Model","202503101","F1 score: 0.94, CI[0.90, 0.98]","Computational Method","",""
57045,"57045.10","Salmonella enterica subsp. enterica serovar Paratyphi B strain 2010CEB2598SAL","streptomycin","Resistant","","","","","","","","","","","SIR XGBoost Model","202503101","F1 score: 0.94, CI[0.93, 0.96]","Computational Method","",""
57045,"57045.10","Salmonella enterica subsp. enterica serovar Paratyphi B strain 2010CEB2598SAL","tetracycline","Resistant","","","","","","","","","","","SIR XGBoost Model","202503101","F1 score: 0.97, CI[0.96, 0.98]","Computational Method","",""
57045,"57045.10","Salmonella enterica subsp. enterica serovar Paratyphi B strain 2010CEB2598SAL","ceftiofur","Susceptible","","","","","","","","","","","SIR XGBoost Model","202503101","F1 score: 0.98, CI[0.97, 1.00]","Computational Method","",""
57045,"57045.10","Salmonella enterica subsp. enterica serovar Paratyphi B strain 2010CEB2598SAL","trimethoprim","Resistant","","","","","","","","","","","SIR XGBoost Model","202503101","F1 score: 0.86, CI[0.78, 0.93]","Computational Method","",""
57045,"57045.100","Salmonella enterica subsp. enterica serovar Paratyphi B B624","amoxicillin/clavulanic acid","Susceptible","","","","","","","","","","","SIR XGBoost Model","202503101","F1 score: 0.96, CI[0.95, 0.97]","Computational Method","",""
57045,"57045.100","Salmonella enterica subsp. enterica serovar Paratyphi B B624","ampicillin","Susceptible","","","","","","","","","","","SIR XGBoost Model","202503101","F1 score: 0.93, CI[0.92, 0.93]","Computational Method","",""
57045,"57045.100","Salmonella enterica subsp. enterica serovar Paratyphi B B624","azithromycin","Susceptible","","","","","","","","","","","SIR XGBoost Model","202503101","F1 score: 0.92, CI[0.87, 0.98]","Computational Method","",""
57045,"57045.100","Salmonella enterica subsp. enterica serovar Paratyphi B B624","chloramphenicol","Resistant","","","","","","","","","","","SIR XGBoost Model","202503101","F1 score: 0.90, CI[0.88, 0.91]","Computational Method","",""
57045,"57045.100","Salmonella enterica subsp. enterica serovar Paratyphi B B624","ciprofloxacin","Susceptible","","","","","","","","","","","SIR XGBoost Model","202503101","F1 score: 0.95, CI[0.93, 0.96]","Computational Method","",""
57045,"57045.100","Salmonella enterica subsp. enterica serovar Paratyphi B B624","ceftriaxone","Susceptible","","","","","","","","","","","SIR XGBoost Model","202503101","F1 score: 0.98, CI[0.97, 1.00]","Computational Method","",""
57045,"57045.100","Salmonella enterica subsp. enterica serovar Paratyphi B B624","cefotaxime","Susceptible","","","","","","","","","","","SIR XGBoost Model","202503101","F1 score: 0.95, CI[0.90, 0.99]","Computational Method","",""
57045,"57045.100","Salmonella enterica subsp. enterica serovar Paratyphi B B624","sulfisoxazole","Susceptible","","","","","","","","","","","SIR XGBoost Model","202503101","F1 score: 0.99, CI[0.98, 1.00]","Computational Method","",""
57045,"57045.100","Salmonella enterica subsp. enterica serovar Paratyphi B B624","cefoxitin","Susceptible","","","","","","","","","","","SIR XGBoost Model","202503101","F1 score: 0.96, CI[0.93, 0.99]","Computational Method","",""
57045,"57045.100","Salmonella enterica subsp. enterica serovar Paratyphi B B624","gentamicin","Resistant","","","","","","","","","","","SIR XGBoost Model","202503101","F1 score: 0.92, CI[0.89, 0.95]","Computational Method","",""
57045,"57045.100","Salmonella enterica subsp. enterica serovar Paratyphi B B624","kanamycin","Susceptible","","","","","","","","","","","SIR XGBoost Model","202503101","F1 score: 0.86, CI[0.77, 0.95]","Computational Method","",""
57045,"57045.100","Salmonella enterica subsp. enterica serovar Paratyphi B B624","nalidixic acid","Resistant","","","","","","","","","","","SIR XGBoost Model","202503101","F1 score: 0.95, CI[0.93, 0.96]","Computational Method","",""
57045,"57045.100","Salmonella enterica subsp. enterica serovar Paratyphi B B624","pefloxacin","Resistant","","","","","","","","","","","SIR XGBoost Model","202503101","F1 score: 0.98, CI[0.96, 1.00]","Computational Method","",""
57045,"57045.100","Salmonella enterica subsp. enterica serovar Paratyphi B B624","sulfamethoxazole","Susceptible","","","","","","","","","","","SIR XGBoost Model","202503101","F1 score: 0.95, CI[0.93, 0.97]","Computational Method","",""
57045,"57045.100","Salmonella enterica subsp. enterica serovar Paratyphi B B624","spectinomycin","Susceptible","","","","","","","","","","","SIR XGBoost Model","202503101","F1 score: 0.94, CI[0.90, 0.98]","Computational Method","",""
57045,"57045.100","Salmonella enterica subsp. enterica serovar Paratyphi B B624","streptomycin","Susceptible","","","","","","","","","","","SIR XGBoost Model","202503101","F1 score: 0.94, CI[0.93, 0.96]","Computational Method","",""
57045,"57045.100","Salmonella enterica subsp. enterica serovar Paratyphi B B624","tetracycline","Susceptible","","","","","","","","","","","SIR XGBoost Model","202503101","F1 score: 0.97, CI[0.96, 0.98]","Computational Method","",""
57045,"57045.100","Salmonella enterica subsp. enterica serovar Paratyphi B B624","ceftiofur","Susceptible","","","","","","","","","","","SIR XGBoost Model","202503101","F1 score: 0.98, CI[0.97, 1.00]","Computational Method","",""
57045,"57045.100","Salmonella enterica subsp. enterica serovar Paratyphi B B624","trimethoprim","Resistant","","","","","","","","","","","SIR XGBoost Model","202503101","F1 score: 0.86, CI[0.78, 0.93]","Computational Method","",""
57045,"57045.101","Salmonella enterica subsp. enterica serovar Paratyphi B CIPA214","amoxicillin/clavulanic acid","Susceptible","","","","","","","","","","","SIR XGBoost Model","202503101","F1 score: 0.96, CI[0.95, 0.97]","Computational Method","",""
57045,"57045.101","Salmonella enterica subsp. enterica serovar Paratyphi B CIPA214","ampicillin","Susceptible","","","","","","","","","","","SIR XGBoost Model","202503101","F1 score: 0.93, CI[0.92, 0.93]","Computational Method","",""
57045,"57045.101","Salmonella enterica subsp. enterica serovar Paratyphi B CIPA214","azithromycin","Susceptible","","","","","","","","","","","SIR XGBoost Model","202503101","F1 score: 0.92, CI[0.87, 0.98]","Computational Method","",""
57045,"57045.101","Salmonella enterica subsp. enterica serovar Paratyphi B CIPA214","chloramphenicol","Resistant","","","","","","","","","","","SIR XGBoost Model","202503101","F1 score: 0.90, CI[0.88, 0.91]","Computational Method","",""
57045,"57045.101","Salmonella enterica subsp. enterica serovar Paratyphi B CIPA214","ciprofloxacin","Susceptible","","","","","","","","","","","SIR XGBoost Model","202503101","F1 score: 0.95, CI[0.93, 0.96]","Computational Method","",""
57045,"57045.101","Salmonella enterica subsp. enterica serovar Paratyphi B CIPA214","ceftriaxone","Susceptible","","","","","","","","","","","SIR XGBoost Model","202503101","F1 score: 0.98, CI[0.97, 1.00]","Computational Method","",""
57045,"57045.101","Salmonella enterica subsp. enterica serovar Paratyphi B CIPA214","cefotaxime","Susceptible","","","","","","","","","","","SIR XGBoost Model","202503101","F1 score: 0.95, CI[0.90, 0.99]","Computational Method","",""
57045,"57045.101","Salmonella enterica subsp. enterica serovar Paratyphi B CIPA214","sulfisoxazole","Susceptible","","","","","","","","","","","SIR XGBoost Model","202503101","F1 score: 0.99, CI[0.98, 1.00]","Computational Method","",""
57045,"57045.101","Salmonella enterica subsp. enterica serovar Paratyphi B CIPA214","cefoxitin","Susceptible","","","","","","","","","","","SIR XGBoost Model","202503101","F1 score: 0.96, CI[0.93, 0.99]","Computational Method","",""
57045,"57045.101","Salmonella enterica subsp. enterica serovar Paratyphi B CIPA214","gentamicin","Resistant","","","","","","","","","","","SIR XGBoost Model","202503101","F1 score: 0.92, CI[0.89, 0.95]","Computational Method","",""
57045,"57045.101","Salmonella enterica subsp. enterica serovar Paratyphi B CIPA214","kanamycin","Susceptible","","","","","","","","","","","SIR XGBoost Model","202503101","F1 score: 0.86, CI[0.77, 0.95]","Computational Method","",""
57045,"57045.101","Salmonella enterica subsp. enterica serovar Paratyphi B CIPA214","nalidixic acid","Resistant","","","","","","","","","","","SIR XGBoost Model","202503101","F1 score: 0.95, CI[0.93, 0.96]","Computational Method","",""
57045,"57045.101","Salmonella enterica subsp. enterica serovar Paratyphi B CIPA214","pefloxacin","Resistant","","","","","","","","","","","SIR XGBoost Model","202503101","F1 score: 0.98, CI[0.96, 1.00]","Computational Method","",""
57045,"57045.101","Salmonella enterica subsp. enterica serovar Paratyphi B CIPA214","sulfamethoxazole","Susceptible","","","","","","","","","","","SIR XGBoost Model","202503101","F1 score: 0.95, CI[0.93, 0.97]","Computational Method","",""
57045,"57045.101","Salmonella enterica subsp. enterica serovar Paratyphi B CIPA214","spectinomycin","Susceptible","","","","","","","","","","","SIR XGBoost Model","202503101","F1 score: 0.94, CI[0.90, 0.98]","Computational Method","",""
57045,"57045.101","Salmonella enterica subsp. enterica serovar Paratyphi B CIPA214","streptomycin","Susceptible","","","","","","","","","","","SIR XGBoost Model","202503101","F1 score: 0.94, CI[0.93, 0.96]","Computational Method","",""
57045,"57045.101","Salmonella enterica subsp. enterica serovar Paratyphi B CIPA214","tetracycline","Susceptible","","","","","","","","","","","SIR XGBoost Model","202503101","F1 score: 0.97, CI[0.96, 0.98]","Computational Method","",""
57045,"57045.101","Salmonella enterica subsp. enterica serovar Paratyphi B CIPA214","ceftiofur","Susceptible","","","","","","","","","","","SIR XGBoost Model","202503101","F1 score: 0.98, CI[0.97, 1.00]","Computational Method","",""
57045,"57045.101","Salmonella enterica subsp. enterica serovar Paratyphi B CIPA214","trimethoprim","Resistant","","","","","","","","","","","SIR XGBoost Model","202503101","F1 score: 0.86, CI[0.78, 0.93]","Computational Method","",""
57045,"57045.102","Salmonella enterica subsp. enterica serovar Paratyphi B CIP54.100","amoxicillin/clavulanic acid","Susceptible","","","","","","","","","","","SIR XGBoost Model","202503101","F1 score: 0.96, CI[0.95, 0.97]","Computational Method","",""
57045,"57045.102","Salmonella enterica subsp. enterica serovar Paratyphi B CIP54.100","ampicillin","Susceptible","","","","","","","","","","","SIR XGBoost Model","202503101","F1 score: 0.93, CI[0.92, 0.93]","Computational Method","",""
57045,"57045.102","Salmonella enterica subsp. enterica serovar Paratyphi B CIP54.100","azithromycin","Susceptible","","","","","","","","","","","SIR XGBoost Model","202503101","F1 score: 0.92, CI[0.87, 0.98]","Computational Method","",""
57045,"57045.102","Salmonella enterica subsp. enterica serovar Paratyphi B CIP54.100","chloramphenicol","Resistant","","","","","","","","","","","SIR XGBoost Model","202503101","F1 score: 0.90, CI[0.88, 0.91]","Computational Method","",""
57045,"57045.102","Salmonella enterica subsp. enterica serovar Paratyphi B CIP54.100","ciprofloxacin","Susceptible","","","","","","","","","","","SIR XGBoost Model","202503101","F1 score: 0.95, CI[0.93, 0.96]","Computational Method","",""
57045,"57045.102","Salmonella enterica subsp. enterica serovar Paratyphi B CIP54.100","ceftriaxone","Susceptible","","","","","","","","","","","SIR XGBoost Model","202503101","F1 score: 0.98, CI[0.97, 1.00]","Computational Method","",""
57045,"57045.102","Salmonella enterica subsp. enterica serovar Paratyphi B CIP54.100","cefotaxime","Susceptible","","","","","","","","","","","SIR XGBoost Model","202503101","F1 score: 0.95, CI[0.90, 0.99]","Computational Method","",""
57045,"57045.102","Salmonella enterica subsp. enterica serovar Paratyphi B CIP54.100","sulfisoxazole","Susceptible","","","","","","","","","","","SIR XGBoost Model","202503101","F1 score: 0.99, CI[0.98, 1.00]","Computational Method","",""
57045,"57045.102","Salmonella enterica subsp. enterica serovar Paratyphi B CIP54.100","cefoxitin","Susceptible","","","","","","","","","","","SIR XGBoost Model","202503101","F1 score: 0.96, CI[0.93, 0.99]","Computational Method","",""
57045,"57045.102","Salmonella enterica subsp. enterica serovar Paratyphi B CIP54.100","gentamicin","Resistant","","","","","","","","","","","SIR XGBoost Model","202503101","F1 score: 0.92, CI[0.89, 0.95]","Computational Method","",""
57045,"57045.102","Salmonella enterica subsp. enterica serovar Paratyphi B CIP54.100","kanamycin","Susceptible","","","","","","","","","","","SIR XGBoost Model","202503101","F1 score: 0.86, CI[0.77, 0.95]","Computational Method","",""
57045,"57045.102","Salmonella enterica subsp. enterica serovar Paratyphi B CIP54.100","nalidixic acid","Resistant","","","","","","","","","","","SIR XGBoost Model","202503101","F1 score: 0.95, CI[0.93, 0.96]","Computational Method","",""
57045,"57045.102","Salmonella enterica subsp. enterica serovar Paratyphi B CIP54.100","pefloxacin","Resistant","","","","","","","","","","","SIR XGBoost Model","202503101","F1 score: 0.98, CI[0.96, 1.00]","Computational Method","",""
57045,"57045.102","Salmonella enterica subsp. enterica serovar Paratyphi B CIP54.100","sulfamethoxazole","Susceptible","","","","","","","","","","","SIR XGBoost Model","202503101","F1 score: 0.95, CI[0.93, 0.97]","Computational Method","",""
57045,"57045.102","Salmonella enterica subsp. enterica serovar Paratyphi B CIP54.100","spectinomycin","Susceptible","","","","","","","","","","","SIR XGBoost Model","202503101","F1 score: 0.94, CI[0.90, 0.98]","Computational Method","",""
57045,"57045.102","Salmonella enterica subsp. enterica serovar Paratyphi B CIP54.100","streptomycin","Susceptible","","","","","","","","","","","SIR XGBoost Model","202503101","F1 score: 0.94, CI[0.93, 0.96]","Computational Method","",""
57045,"57045.102","Salmonella enterica subsp. enterica serovar Paratyphi B CIP54.100","tetracycline","Susceptible","","","","","","","","","","","SIR XGBoost Model","202503101","F1 score: 0.97, CI[0.96, 0.98]","Computational Method","",""
57045,"57045.102","Salmonella enterica subsp. enterica serovar Paratyphi B CIP54.100","ceftiofur","Susceptible","","","","","","","","","","","SIR XGBoost Model","202503101","F1 score: 0.98, CI[0.97, 1.00]","Computational Method","",""
57045,"57045.102","Salmonella enterica subsp. enterica serovar Paratyphi B CIP54.100","trimethoprim","Resistant","","","","","","","","","","","SIR XGBoost Model","202503101","F1 score: 0.86, CI[0.78, 0.93]","Computational Method","",""
57045,"57045.103","Salmonella enterica subsp. enterica serovar Paratyphi B 63-90","amoxicillin/clavulanic acid","Susceptible","","","","","","","","","","","SIR XGBoost Model","202503101","F1 score: 0.96, CI[0.95, 0.97]","Computational Method","",""
57045,"57045.103","Salmonella enterica subsp. enterica serovar Paratyphi B 63-90","ampicillin","Susceptible","","","","","","","","","","","SIR XGBoost Model","202503101","F1 score: 0.93, CI[0.92, 0.93]","Computational Method","",""
57045,"57045.103","Salmonella enterica subsp. enterica serovar Paratyphi B 63-90","azithromycin","Susceptible","","","","","","","","","","","SIR XGBoost Model","202503101","F1 score: 0.92, CI[0.87, 0.98]","Computational Method","",""
57045,"57045.103","Salmonella enterica subsp. enterica serovar Paratyphi B 63-90","chloramphenicol","Resistant","","","","","","","","","","","SIR XGBoost Model","202503101","F1 score: 0.90, CI[0.88, 0.91]","Computational Method","",""
57045,"57045.103","Salmonella enterica subsp. enterica serovar Paratyphi B 63-90","ciprofloxacin","Susceptible","","","","","","","","","","","SIR XGBoost Model","202503101","F1 score: 0.95, CI[0.93, 0.96]","Computational Method","",""
57045,"57045.103","Salmonella enterica subsp. enterica serovar Paratyphi B 63-90","ceftriaxone","Susceptible","","","","","","","","","","","SIR XGBoost Model","202503101","F1 score: 0.98, CI[0.97, 1.00]","Computational Method","",""
57045,"57045.103","Salmonella enterica subsp. enterica serovar Paratyphi B 63-90","cefotaxime","Susceptible","","","","","","","","","","","SIR XGBoost Model","202503101","F1 score: 0.95, CI[0.90, 0.99]","Computational Method","",""
57045,"57045.103","Salmonella enterica subsp. enterica serovar Paratyphi B 63-90","sulfisoxazole","Susceptible","","","","","","","","","","","SIR XGBoost Model","202503101","F1 score: 0.99, CI[0.98, 1.00]","Computational Method","",""
57045,"57045.103","Salmonella enterica subsp. enterica serovar Paratyphi B 63-90","cefoxitin","Susceptible","","","","","","","","","","","SIR XGBoost Model","202503101","F1 score: 0.96, CI[0.93, 0.99]","Computational Method","",""
57045,"57045.103","Salmonella enterica subsp. enterica serovar Paratyphi B 63-90","gentamicin","Resistant","","","","","","","","","","","SIR XGBoost Model","202503101","F1 score: 0.92, CI[0.89, 0.95]","Computational Method","",""
57045,"57045.103","Salmonella enterica subsp. enterica serovar Paratyphi B 63-90","kanamycin","Susceptible","","","","","","","","","","","SIR XGBoost Model","202503101","F1 score: 0.86, CI[0.77, 0.95]","Computational Method","",""
57045,"57045.103","Salmonella enterica subsp. enterica serovar Paratyphi B 63-90","nalidixic acid","Resistant","","","","","","","","","","","SIR XGBoost Model","202503101","F1 score: 0.95, CI[0.93, 0.96]","Computational Method","",""
57045,"57045.103","Salmonella enterica subsp. enterica serovar Paratyphi B 63-90","pefloxacin","Resistant","","","","","","","","","","","SIR XGBoost Model","202503101","F1 score: 0.98, CI[0.96, 1.00]","Computational Method","",""
57045,"57045.103","Salmonella enterica subsp. enterica serovar Paratyphi B 63-90","sulfamethoxazole","Susceptible","","","","","","","","","","","SIR XGBoost Model","202503101","F1 score: 0.95, CI[0.93, 0.97]","Computational Method","",""
57045,"57045.103","Salmonella enterica subsp. enterica serovar Paratyphi B 63-90","spectinomycin","Susceptible","","","","","","","","","","","SIR XGBoost Model","202503101","F1 score: 0.94, CI[0.90, 0.98]","Computational Method","",""
57045,"57045.103","Salmonella enterica subsp. enterica serovar Paratyphi B 63-90","streptomycin","Susceptible","","","","","","","","","","","SIR XGBoost Model","202503101","F1 score: 0.94, CI[0.93, 0.96]","Computational Method","",""
57045,"57045.103","Salmonella enterica subsp. enterica serovar Paratyphi B 63-90","tetracycline","Susceptible","","","","","","","","","","","SIR XGBoost Model","202503101","F1 score: 0.97, CI[0.96, 0.98]","Computational Method","",""
57045,"57045.103","Salmonella enterica subsp. enterica serovar Paratyphi B 63-90","ceftiofur","Susceptible","","","","","","","","","","","SIR XGBoost Model","202503101","F1 score: 0.98, CI[0.97, 1.00]","Computational Method","",""
57045,"57045.103","Salmonella enterica subsp. enterica serovar Paratyphi B 63-90","trimethoprim","Resistant","","","","","","","","","","","SIR XGBoost Model","202503101","F1 score: 0.86, CI[0.78, 0.93]","Computational Method","",""
57045,"57045.104","Salmonella enterica subsp. enterica serovar Paratyphi B B76","amoxicillin/clavulanic acid","Susceptible","","","","","","","","","","","SIR XGBoost Model","202503101","F1 score: 0.96, CI[0.95, 0.97]","Computational Method","",""
57045,"57045.104","Salmonella enterica subsp. enterica serovar Paratyphi B B76","ampicillin","Susceptible","","","","","","","","","","","SIR XGBoost Model","202503101","F1 score: 0.93, CI[0.92, 0.93]","Computational Method","",""
57045,"57045.104","Salmonella enterica subsp. enterica serovar Paratyphi B B76","azithromycin","Susceptible","","","","","","","","","","","SIR XGBoost Model","202503101","F1 score: 0.92, CI[0.87, 0.98]","Computational Method","",""
57045,"57045.104","Salmonella enterica subsp. enterica serovar Paratyphi B B76","chloramphenicol","Resistant","","","","","","","","","","","SIR XGBoost Model","202503101","F1 score: 0.90, CI[0.88, 0.91]","Computational Method","",""
57045,"57045.104","Salmonella enterica subsp. enterica serovar Paratyphi B B76","ciprofloxacin","Susceptible","","","","","","","","","","","SIR XGBoost Model","202503101","F1 score: 0.95, CI[0.93, 0.96]","Computational Method","",""
57045,"57045.104","Salmonella enterica subsp. enterica serovar Paratyphi B B76","ceftriaxone","Susceptible","","","","","","","","","","","SIR XGBoost Model","202503101","F1 score: 0.98, CI[0.97, 1.00]","Computational Method","",""
57045,"57045.104","Salmonella enterica subsp. enterica serovar Paratyphi B B76","cefotaxime","Susceptible","","","","","","","","","","","SIR XGBoost Model","202503101","F1 score: 0.95, CI[0.90, 0.99]","Computational Method","",""
57045,"57045.104","Salmonella enterica subsp. enterica serovar Paratyphi B B76","sulfisoxazole","Susceptible","","","","","","","","","","","SIR XGBoost Model","202503101","F1 score: 0.99, CI[0.98, 1.00]","Computational Method","",""
57045,"57045.104","Salmonella enterica subsp. enterica serovar Paratyphi B B76","cefoxitin","Susceptible","","","","","","","","","","","SIR XGBoost Model","202503101","F1 score: 0.96, CI[0.93, 0.99]","Computational Method","",""
57045,"57045.104","Salmonella enterica subsp. enterica serovar Paratyphi B B76","gentamicin","Resistant","","","","","","","","","","","SIR XGBoost Model","202503101","F1 score: 0.92, CI[0.89, 0.95]","Computational Method","",""
57045,"57045.104","Salmonella enterica subsp. enterica serovar Paratyphi B B76","kanamycin","Susceptible","","","","","","","","","","","SIR XGBoost Model","202503101","F1 score: 0.86, CI[0.77, 0.95]","Computational Method","",""
57045,"57045.104","Salmonella enterica subsp. enterica serovar Paratyphi B B76","nalidixic acid","Resistant","","","","","","","","","","","SIR XGBoost Model","202503101","F1 score: 0.95, CI[0.93, 0.96]","Computational Method","",""
57045,"57045.104","Salmonella enterica subsp. enterica serovar Paratyphi B B76","pefloxacin","Resistant","","","","","","","","","","","SIR XGBoost Model","202503101","F1 score: 0.98, CI[0.96, 1.00]","Computational Method","",""
57045,"57045.104","Salmonella enterica subsp. enterica serovar Paratyphi B B76","sulfamethoxazole","Susceptible","","","","","","","","","","","SIR XGBoost Model","202503101","F1 score: 0.95, CI[0.93, 0.97]","Computational Method","",""
57045,"57045.104","Salmonella enterica subsp. enterica serovar Paratyphi B B76","spectinomycin","Susceptible","","","","","","","","","","","SIR XGBoost Model","202503101","F1 score: 0.94, CI[0.90, 0.98]","Computational Method","",""
57045,"57045.104","Salmonella enterica subsp. enterica serovar Paratyphi B B76","streptomycin","Susceptible","","","","","","","","","","","SIR XGBoost Model","202503101","F1 score: 0.94, CI[0.93, 0.96]","Computational Method","",""
57045,"57045.104","Salmonella enterica subsp. enterica serovar Paratyphi B B76","tetracycline","Susceptible","","","","","","","","","","","SIR XGBoost Model","202503101","F1 score: 0.97, CI[0.96, 0.98]","Computational Method","",""
57045,"57045.104","Salmonella enterica subsp. enterica serovar Paratyphi B B76","ceftiofur","Susceptible","","","","","","","","","","","SIR XGBoost Model","202503101","F1 score: 0.98, CI[0.97, 1.00]","Computational Method","",""
57045,"57045.104","Salmonella enterica subsp. enterica serovar Paratyphi B B76","trimethoprim","Resistant","","","","","","","","","","","SIR XGBoost Model","202503101","F1 score: 0.86, CI[0.78, 0.93]","Computational Method","",""
57045,"57045.11","Salmonella enterica subsp. enterica serovar Paratyphi B strain 2010CEB2956SAL","amoxicillin/clavulanic acid","Susceptible","","","","","","","","","","","SIR XGBoost Model","202503101","F1 score: 0.96, CI[0.95, 0.97]","Computational Method","",""
57045,"57045.11","Salmonella enterica subsp. enterica serovar Paratyphi B strain 2010CEB2956SAL","ampicillin","Resistant","","","","","","","","","","","SIR XGBoost Model","202503101","F1 score: 0.93, CI[0.92, 0.93]","Computational Method","",""
57045,"57045.11","Salmonella enterica subsp. enterica serovar Paratyphi B strain 2010CEB2956SAL","azithromycin","Susceptible","","","","","","","","","","","SIR XGBoost Model","202503101","F1 score: 0.92, CI[0.87, 0.98]","Computational Method","",""
57045,"57045.11","Salmonella enterica subsp. enterica serovar Paratyphi B strain 2010CEB2956SAL","chloramphenicol","Susceptible","","","","","","","","","","","SIR XGBoost Model","202503101","F1 score: 0.90, CI[0.88, 0.91]","Computational Method","",""
57045,"57045.11","Salmonella enterica subsp. enterica serovar Paratyphi B strain 2010CEB2956SAL","ciprofloxacin","Susceptible","","","","","","","","","","","SIR XGBoost Model","202503101","F1 score: 0.95, CI[0.93, 0.96]","Computational Method","",""
57045,"57045.11","Salmonella enterica subsp. enterica serovar Paratyphi B strain 2010CEB2956SAL","ceftriaxone","Susceptible","","","","","","","","","","","SIR XGBoost Model","202503101","F1 score: 0.98, CI[0.97, 1.00]","Computational Method","",""
57045,"57045.11","Salmonella enterica subsp. enterica serovar Paratyphi B strain 2010CEB2956SAL","cefotaxime","Susceptible","","","","","","","","","","","SIR XGBoost Model","202503101","F1 score: 0.95, CI[0.90, 0.99]","Computational Method","",""
57045,"57045.11","Salmonella enterica subsp. enterica serovar Paratyphi B strain 2010CEB2956SAL","sulfisoxazole","Resistant","","","","","","","","","","","SIR XGBoost Model","202503101","F1 score: 0.99, CI[0.98, 1.00]","Computational Method","",""
57045,"57045.11","Salmonella enterica subsp. enterica serovar Paratyphi B strain 2010CEB2956SAL","cefoxitin","Susceptible","","","","","","","","","","","SIR XGBoost Model","202503101","F1 score: 0.96, CI[0.93, 0.99]","Computational Method","",""
57045,"57045.11","Salmonella enterica subsp. enterica serovar Paratyphi B strain 2010CEB2956SAL","gentamicin","Susceptible","","","","","","","","","","","SIR XGBoost Model","202503101","F1 score: 0.92, CI[0.89, 0.95]","Computational Method","",""
57045,"57045.11","Salmonella enterica subsp. enterica serovar Paratyphi B strain 2010CEB2956SAL","kanamycin","Susceptible","","","","","","","","","","","SIR XGBoost Model","202503101","F1 score: 0.86, CI[0.77, 0.95]","Computational Method","",""
57045,"57045.11","Salmonella enterica subsp. enterica serovar Paratyphi B strain 2010CEB2956SAL","nalidixic acid","Resistant","","","","","","","","","","","SIR XGBoost Model","202503101","F1 score: 0.95, CI[0.93, 0.96]","Computational Method","",""
57045,"57045.11","Salmonella enterica subsp. enterica serovar Paratyphi B strain 2010CEB2956SAL","pefloxacin","Resistant","","","","","","","","","","","SIR XGBoost Model","202503101","F1 score: 0.98, CI[0.96, 1.00]","Computational Method","",""
57045,"57045.11","Salmonella enterica subsp. enterica serovar Paratyphi B strain 2010CEB2956SAL","sulfamethoxazole","Susceptible","","","","","","","","","","","SIR XGBoost Model","202503101","F1 score: 0.95, CI[0.93, 0.97]","Computational Method","",""
57045,"57045.11","Salmonella enterica subsp. enterica serovar Paratyphi B strain 2010CEB2956SAL","spectinomycin","Susceptible","","","","","","","","","","","SIR XGBoost Model","202503101","F1 score: 0.94, CI[0.90, 0.98]","Computational Method","",""
57045,"57045.11","Salmonella enterica subsp. enterica serovar Paratyphi B strain 2010CEB2956SAL","streptomycin","Susceptible","","","","","","","","","","","SIR XGBoost Model","202503101","F1 score: 0.94, CI[0.93, 0.96]","Computational Method","",""
57045,"57045.11","Salmonella enterica subsp. enterica serovar Paratyphi B strain 2010CEB2956SAL","tetracycline","Susceptible","","","","","","","","","","","SIR XGBoost Model","202503101","F1 score: 0.97, CI[0.96, 0.98]","Computational Method","",""
57045,"57045.11","Salmonella enterica subsp. enterica serovar Paratyphi B strain 2010CEB2956SAL","ceftiofur","Susceptible","","","","","","","","","","","SIR XGBoost Model","202503101","F1 score: 0.98, CI[0.97, 1.00]","Computational Method","",""
57045,"57045.11","Salmonella enterica subsp. enterica serovar Paratyphi B strain 2010CEB2956SAL","trimethoprim","Susceptible","","","","","","","","","","","SIR XGBoost Model","202503101","F1 score: 0.86, CI[0.78, 0.93]","Computational Method","",""
57045,"57045.12","Salmonella enterica subsp. enterica serovar Paratyphi B strain DMS 106/76","amoxicillin/clavulanic acid","Susceptible","","","","","","","","","","","SIR XGBoost Model","202503101","F1 score: 0.96, CI[0.95, 0.97]","Computational Method","",""
57045,"57045.12","Salmonella enterica subsp. enterica serovar Paratyphi B strain DMS 106/76","ampicillin","Susceptible","","","","","","","","","","","SIR XGBoost Model","202503101","F1 score: 0.93, CI[0.92, 0.93]","Computational Method","",""
57045,"57045.12","Salmonella enterica subsp. enterica serovar Paratyphi B strain DMS 106/76","azithromycin","Susceptible","","","","","","","","","","","SIR XGBoost Model","202503101","F1 score: 0.92, CI[0.87, 0.98]","Computational Method","",""
57045,"57045.12","Salmonella enterica subsp. enterica serovar Paratyphi B strain DMS 106/76","chloramphenicol","Susceptible","","","","","","","","","","","SIR XGBoost Model","202503101","F1 score: 0.90, CI[0.88, 0.91]","Computational Method","",""
57045,"57045.12","Salmonella enterica subsp. enterica serovar Paratyphi B strain DMS 106/76","ciprofloxacin","Susceptible","","","","","","","","","","","SIR XGBoost Model","202503101","F1 score: 0.95, CI[0.93, 0.96]","Computational Method","",""
57045,"57045.12","Salmonella enterica subsp. enterica serovar Paratyphi B strain DMS 106/76","ceftriaxone","Susceptible","","","","","","","","","","","SIR XGBoost Model","202503101","F1 score: 0.98, CI[0.97, 1.00]","Computational Method","",""
57045,"57045.12","Salmonella enterica subsp. enterica serovar Paratyphi B strain DMS 106/76","cefotaxime","Susceptible","","","","","","","","","","","SIR XGBoost Model","202503101","F1 score: 0.95, CI[0.90, 0.99]","Computational Method","",""
57045,"57045.12","Salmonella enterica subsp. enterica serovar Paratyphi B strain DMS 106/76","sulfisoxazole","Susceptible","","","","","","","","","","","SIR XGBoost Model","202503101","F1 score: 0.99, CI[0.98, 1.00]","Computational Method","",""
57045,"57045.12","Salmonella enterica subsp. enterica serovar Paratyphi B strain DMS 106/76","cefoxitin","Susceptible","","","","","","","","","","","SIR XGBoost Model","202503101","F1 score: 0.96, CI[0.93, 0.99]","Computational Method","",""
57045,"57045.12","Salmonella enterica subsp. enterica serovar Paratyphi B strain DMS 106/76","gentamicin","Susceptible","","","","","","","","","","","SIR XGBoost Model","202503101","F1 score: 0.92, CI[0.89, 0.95]","Computational Method","",""
57045,"57045.12","Salmonella enterica subsp. enterica serovar Paratyphi B strain DMS 106/76","kanamycin","Susceptible","","","","","","","","","","","SIR XGBoost Model","202503101","F1 score: 0.86, CI[0.77, 0.95]","Computational Method","",""
57045,"57045.12","Salmonella enterica subsp. enterica serovar Paratyphi B strain DMS 106/76","nalidixic acid","Susceptible","","","","","","","","","","","SIR XGBoost Model","202503101","F1 score: 0.95, CI[0.93, 0.96]","Computational Method","",""
57045,"57045.12","Salmonella enterica subsp. enterica serovar Paratyphi B strain DMS 106/76","pefloxacin","Susceptible","","","","","","","","","","","SIR XGBoost Model","202503101","F1 score: 0.98, CI[0.96, 1.00]","Computational Method","",""
57045,"57045.12","Salmonella enterica subsp. enterica serovar Paratyphi B strain DMS 106/76","sulfamethoxazole","Susceptible","","","","","","","","","","","SIR XGBoost Model","202503101","F1 score: 0.95, CI[0.93, 0.97]","Computational Method","",""
57045,"57045.12","Salmonella enterica subsp. enterica serovar Paratyphi B strain DMS 106/76","spectinomycin","Susceptible","","","","","","","","","","","SIR XGBoost Model","202503101","F1 score: 0.94, CI[0.90, 0.98]","Computational Method","",""
57045,"57045.12","Salmonella enterica subsp. enterica serovar Paratyphi B strain DMS 106/76","streptomycin","Resistant","","","","","","","","","","","SIR XGBoost Model","202503101","F1 score: 0.94, CI[0.93, 0.96]","Computational Method","",""
57045,"57045.12","Salmonella enterica subsp. enterica serovar Paratyphi B strain DMS 106/76","tetracycline","Susceptible","","","","","","","","","","","SIR XGBoost Model","202503101","F1 score: 0.97, CI[0.96, 0.98]","Computational Method","",""
57045,"57045.12","Salmonella enterica subsp. enterica serovar Paratyphi B strain DMS 106/76","ceftiofur","Susceptible","","","","","","","","","","","SIR XGBoost Model","202503101","F1 score: 0.98, CI[0.97, 1.00]","Computational Method","",""
57045,"57045.12","Salmonella enterica subsp. enterica serovar Paratyphi B strain DMS 106/76","trimethoprim","Susceptible","","","","","","","","","","","SIR XGBoost Model","202503101","F1 score: 0.86, CI[0.78, 0.93]","Computational Method","",""
57045,"57045.13","Salmonella enterica subsp. enterica serovar Paratyphi B strain DMS 2471","amoxicillin/clavulanic acid","Susceptible","","","","","","","","","","","SIR XGBoost Model","202503101","F1 score: 0.96, CI[0.95, 0.97]","Computational Method","",""
57045,"57045.13","Salmonella enterica subsp. enterica serovar Paratyphi B strain DMS 2471","ampicillin","Susceptible","","","","","","","","","","","SIR XGBoost Model","202503101","F1 score: 0.93, CI[0.92, 0.93]","Computational Method","",""
57045,"57045.13","Salmonella enterica subsp. enterica serovar Paratyphi B strain DMS 2471","azithromycin","Susceptible","","","","","","","","","","","SIR XGBoost Model","202503101","F1 score: 0.92, CI[0.87, 0.98]","Computational Method","",""
57045,"57045.13","Salmonella enterica subsp. enterica serovar Paratyphi B strain DMS 2471","chloramphenicol","Susceptible","","","","","","","","","","","SIR XGBoost Model","202503101","F1 score: 0.90, CI[0.88, 0.91]","Computational Method","",""
57045,"57045.13","Salmonella enterica subsp. enterica serovar Paratyphi B strain DMS 2471","ciprofloxacin","Susceptible","","","","","","","","","","","SIR XGBoost Model","202503101","F1 score: 0.95, CI[0.93, 0.96]","Computational Method","",""
57045,"57045.13","Salmonella enterica subsp. enterica serovar Paratyphi B strain DMS 2471","ceftriaxone","Susceptible","","","","","","","","","","","SIR XGBoost Model","202503101","F1 score: 0.98, CI[0.97, 1.00]","Computational Method","",""
57045,"57045.13","Salmonella enterica subsp. enterica serovar Paratyphi B strain DMS 2471","cefotaxime","Susceptible","","","","","","","","","","","SIR XGBoost Model","202503101","F1 score: 0.95, CI[0.90, 0.99]","Computational Method","",""
57045,"57045.13","Salmonella enterica subsp. enterica serovar Paratyphi B strain DMS 2471","sulfisoxazole","Susceptible","","","","","","","","","","","SIR XGBoost Model","202503101","F1 score: 0.99, CI[0.98, 1.00]","Computational Method","",""
57045,"57045.13","Salmonella enterica subsp. enterica serovar Paratyphi B strain DMS 2471","cefoxitin","Susceptible","","","","","","","","","","","SIR XGBoost Model","202503101","F1 score: 0.96, CI[0.93, 0.99]","Computational Method","",""
57045,"57045.13","Salmonella enterica subsp. enterica serovar Paratyphi B strain DMS 2471","gentamicin","Susceptible","","","","","","","","","","","SIR XGBoost Model","202503101","F1 score: 0.92, CI[0.89, 0.95]","Computational Method","",""
57045,"57045.13","Salmonella enterica subsp. enterica serovar Paratyphi B strain DMS 2471","kanamycin","Susceptible","","","","","","","","","","","SIR XGBoost Model","202503101","F1 score: 0.86, CI[0.77, 0.95]","Computational Method","",""
57045,"57045.13","Salmonella enterica subsp. enterica serovar Paratyphi B strain DMS 2471","nalidixic acid","Susceptible","","","","","","","","","","","SIR XGBoost Model","202503101","F1 score: 0.95, CI[0.93, 0.96]","Computational Method","",""
57045,"57045.13","Salmonella enterica subsp. enterica serovar Paratyphi B strain DMS 2471","pefloxacin","Susceptible","","","","","","","","","","","SIR XGBoost Model","202503101","F1 score: 0.98, CI[0.96, 1.00]","Computational Method","",""
57045,"57045.13","Salmonella enterica subsp. enterica serovar Paratyphi B strain DMS 2471","sulfamethoxazole","Susceptible","","","","","","","","","","","SIR XGBoost Model","202503101","F1 score: 0.95, CI[0.93, 0.97]","Computational Method","",""
57045,"57045.13","Salmonella enterica subsp. enterica serovar Paratyphi B strain DMS 2471","spectinomycin","Susceptible","","","","","","","","","","","SIR XGBoost Model","202503101","F1 score: 0.94, CI[0.90, 0.98]","Computational Method","",""
57045,"57045.13","Salmonella enterica subsp. enterica serovar Paratyphi B strain DMS 2471","streptomycin","Susceptible","","","","","","","","","","","SIR XGBoost Model","202503101","F1 score: 0.94, CI[0.93, 0.96]","Computational Method","",""
57045,"57045.13","Salmonella enterica subsp. enterica serovar Paratyphi B strain DMS 2471","tetracycline","Susceptible","","","","","","","","","","","SIR XGBoost Model","202503101","F1 score: 0.97, CI[0.96, 0.98]","Computational Method","",""
57045,"57045.13","Salmonella enterica subsp. enterica serovar Paratyphi B strain DMS 2471","ceftiofur","Susceptible","","","","","","","","","","","SIR XGBoost Model","202503101","F1 score: 0.98, CI[0.97, 1.00]","Computational Method","",""
57045,"57045.13","Salmonella enterica subsp. enterica serovar Paratyphi B strain DMS 2471","trimethoprim","Susceptible","","","","","","","","","","","SIR XGBoost Model","202503101","F1 score: 0.86, CI[0.78, 0.93]","Computational Method","",""
57045,"57045.14","Salmonella enterica subsp. enterica serovar Paratyphi B strain DMS 59/81","amoxicillin/clavulanic acid","Susceptible","","","","","","","","","","","SIR XGBoost Model","202503101","F1 score: 0.96, CI[0.95, 0.97]","Computational Method","",""
57045,"57045.14","Salmonella enterica subsp. enterica serovar Paratyphi B strain DMS 59/81","ampicillin","Susceptible","","","","","","","","","","","SIR XGBoost Model","202503101","F1 score: 0.93, CI[0.92, 0.93]","Computational Method","",""
57045,"57045.14","Salmonella enterica subsp. enterica serovar Paratyphi B strain DMS 59/81","azithromycin","Susceptible","","","","","","","","","","","SIR XGBoost Model","202503101","F1 score: 0.92, CI[0.87, 0.98]","Computational Method","",""
57045,"57045.14","Salmonella enterica subsp. enterica serovar Paratyphi B strain DMS 59/81","chloramphenicol","Susceptible","","","","","","","","","","","SIR XGBoost Model","202503101","F1 score: 0.90, CI[0.88, 0.91]","Computational Method","",""
57045,"57045.14","Salmonella enterica subsp. enterica serovar Paratyphi B strain DMS 59/81","ciprofloxacin","Susceptible","","","","","","","","","","","SIR XGBoost Model","202503101","F1 score: 0.95, CI[0.93, 0.96]","Computational Method","",""
57045,"57045.14","Salmonella enterica subsp. enterica serovar Paratyphi B strain DMS 59/81","ceftriaxone","Susceptible","","","","","","","","","","","SIR XGBoost Model","202503101","F1 score: 0.98, CI[0.97, 1.00]","Computational Method","",""
57045,"57045.14","Salmonella enterica subsp. enterica serovar Paratyphi B strain DMS 59/81","cefotaxime","Susceptible","","","","","","","","","","","SIR XGBoost Model","202503101","F1 score: 0.95, CI[0.90, 0.99]","Computational Method","",""
57045,"57045.14","Salmonella enterica subsp. enterica serovar Paratyphi B strain DMS 59/81","sulfisoxazole","Susceptible","","","","","","","","","","","SIR XGBoost Model","202503101","F1 score: 0.99, CI[0.98, 1.00]","Computational Method","",""
57045,"57045.14","Salmonella enterica subsp. enterica serovar Paratyphi B strain DMS 59/81","cefoxitin","Susceptible","","","","","","","","","","","SIR XGBoost Model","202503101","F1 score: 0.96, CI[0.93, 0.99]","Computational Method","",""
57045,"57045.14","Salmonella enterica subsp. enterica serovar Paratyphi B strain DMS 59/81","gentamicin","Susceptible","","","","","","","","","","","SIR XGBoost Model","202503101","F1 score: 0.92, CI[0.89, 0.95]","Computational Method","",""
57045,"57045.14","Salmonella enterica subsp. enterica serovar Paratyphi B strain DMS 59/81","kanamycin","Susceptible","","","","","","","","","","","SIR XGBoost Model","202503101","F1 score: 0.86, CI[0.77, 0.95]","Computational Method","",""
57045,"57045.14","Salmonella enterica subsp. enterica serovar Paratyphi B strain DMS 59/81","nalidixic acid","Susceptible","","","","","","","","","","","SIR XGBoost Model","202503101","F1 score: 0.95, CI[0.93, 0.96]","Computational Method","",""
57045,"57045.14","Salmonella enterica subsp. enterica serovar Paratyphi B strain DMS 59/81","pefloxacin","Susceptible","","","","","","","","","","","SIR XGBoost Model","202503101","F1 score: 0.98, CI[0.96, 1.00]","Computational Method","",""
57045,"57045.14","Salmonella enterica subsp. enterica serovar Paratyphi B strain DMS 59/81","sulfamethoxazole","Susceptible","","","","","","","","","","","SIR XGBoost Model","202503101","F1 score: 0.95, CI[0.93, 0.97]","Computational Method","",""
57045,"57045.14","Salmonella enterica subsp. enterica serovar Paratyphi B strain DMS 59/81","spectinomycin","Susceptible","","","","","","","","","","","SIR XGBoost Model","202503101","F1 score: 0.94, CI[0.90, 0.98]","Computational Method","",""
57045,"57045.14","Salmonella enterica subsp. enterica serovar Paratyphi B strain DMS 59/81","streptomycin","Susceptible","","","","","","","","","","","SIR XGBoost Model","202503101","F1 score: 0.94, CI[0.93, 0.96]","Computational Method","",""
57045,"57045.14","Salmonella enterica subsp. enterica serovar Paratyphi B strain DMS 59/81","tetracycline","Susceptible","","","","","","","","","","","SIR XGBoost Model","202503101","F1 score: 0.97, CI[0.96, 0.98]","Computational Method","",""
57045,"57045.14","Salmonella enterica subsp. enterica serovar Paratyphi B strain DMS 59/81","ceftiofur","Susceptible","","","","","","","","","","","SIR XGBoost Model","202503101","F1 score: 0.98, CI[0.97, 1.00]","Computational Method","",""
57045,"57045.14","Salmonella enterica subsp. enterica serovar Paratyphi B strain DMS 59/81","trimethoprim","Susceptible","","","","","","","","","","","SIR XGBoost Model","202503101","F1 score: 0.86, CI[0.78, 0.93]","Computational Method","",""
57045,"57045.15","Salmonella enterica subsp. enterica serovar Paratyphi B strain DMS 3254/7/81","amoxicillin/clavulanic acid","Susceptible","","","","","","","","","","","SIR XGBoost Model","202503101","F1 score: 0.96, CI[0.95, 0.97]","Computational Method","",""
57045,"57045.15","Salmonella enterica subsp. enterica serovar Paratyphi B strain DMS 3254/7/81","ampicillin","Susceptible","","","","","","","","","","","SIR XGBoost Model","202503101","F1 score: 0.93, CI[0.92, 0.93]","Computational Method","",""
57045,"57045.15","Salmonella enterica subsp. enterica serovar Paratyphi B strain DMS 3254/7/81","azithromycin","Susceptible","","","","","","","","","","","SIR XGBoost Model","202503101","F1 score: 0.92, CI[0.87, 0.98]","Computational Method","",""
57045,"57045.15","Salmonella enterica subsp. enterica serovar Paratyphi B strain DMS 3254/7/81","chloramphenicol","Susceptible","","","","","","","","","","","SIR XGBoost Model","202503101","F1 score: 0.90, CI[0.88, 0.91]","Computational Method","",""
57045,"57045.15","Salmonella enterica subsp. enterica serovar Paratyphi B strain DMS 3254/7/81","ciprofloxacin","Susceptible","","","","","","","","","","","SIR XGBoost Model","202503101","F1 score: 0.95, CI[0.93, 0.96]","Computational Method","",""
57045,"57045.15","Salmonella enterica subsp. enterica serovar Paratyphi B strain DMS 3254/7/81","ceftriaxone","Susceptible","","","","","","","","","","","SIR XGBoost Model","202503101","F1 score: 0.98, CI[0.97, 1.00]","Computational Method","",""
57045,"57045.15","Salmonella enterica subsp. enterica serovar Paratyphi B strain DMS 3254/7/81","cefotaxime","Susceptible","","","","","","","","","","","SIR XGBoost Model","202503101","F1 score: 0.95, CI[0.90, 0.99]","Computational Method","",""
57045,"57045.15","Salmonella enterica subsp. enterica serovar Paratyphi B strain DMS 3254/7/81","sulfisoxazole","Susceptible","","","","","","","","","","","SIR XGBoost Model","202503101","F1 score: 0.99, CI[0.98, 1.00]","Computational Method","",""
57045,"57045.15","Salmonella enterica subsp. enterica serovar Paratyphi B strain DMS 3254/7/81","cefoxitin","Susceptible","","","","","","","","","","","SIR XGBoost Model","202503101","F1 score: 0.96, CI[0.93, 0.99]","Computational Method","",""
57045,"57045.15","Salmonella enterica subsp. enterica serovar Paratyphi B strain DMS 3254/7/81","gentamicin","Susceptible","","","","","","","","","","","SIR XGBoost Model","202503101","F1 score: 0.92, CI[0.89, 0.95]","Computational Method","",""
57045,"57045.15","Salmonella enterica subsp. enterica serovar Paratyphi B strain DMS 3254/7/81","kanamycin","Susceptible","","","","","","","","","","","SIR XGBoost Model","202503101","F1 score: 0.86, CI[0.77, 0.95]","Computational Method","",""
57045,"57045.15","Salmonella enterica subsp. enterica serovar Paratyphi B strain DMS 3254/7/81","nalidixic acid","Susceptible","","","","","","","","","","","SIR XGBoost Model","202503101","F1 score: 0.95, CI[0.93, 0.96]","Computational Method","",""
57045,"57045.15","Salmonella enterica subsp. enterica serovar Paratyphi B strain DMS 3254/7/81","pefloxacin","Susceptible","","","","","","","","","","","SIR XGBoost Model","202503101","F1 score: 0.98, CI[0.96, 1.00]","Computational Method","",""
57045,"57045.15","Salmonella enterica subsp. enterica serovar Paratyphi B strain DMS 3254/7/81","sulfamethoxazole","Susceptible","","","","","","","","","","","SIR XGBoost Model","202503101","F1 score: 0.95, CI[0.93, 0.97]","Computational Method","",""
57045,"57045.15","Salmonella enterica subsp. enterica serovar Paratyphi B strain DMS 3254/7/81","spectinomycin","Susceptible","","","","","","","","","","","SIR XGBoost Model","202503101","F1 score: 0.94, CI[0.90, 0.98]","Computational Method","",""
57045,"57045.15","Salmonella enterica subsp. enterica serovar Paratyphi B strain DMS 3254/7/81","streptomycin","Susceptible","","","","","","","","","","","SIR XGBoost Model","202503101","F1 score: 0.94, CI[0.93, 0.96]","Computational Method","",""
57045,"57045.15","Salmonella enterica subsp. enterica serovar Paratyphi B strain DMS 3254/7/81","tetracycline","Susceptible","","","","","","","","","","","SIR XGBoost Model","202503101","F1 score: 0.97, CI[0.96, 0.98]","Computational Method","",""
57045,"57045.15","Salmonella enterica subsp. enterica serovar Paratyphi B strain DMS 3254/7/81","ceftiofur","Susceptible","","","","","","","","","","","SIR XGBoost Model","202503101","F1 score: 0.98, CI[0.97, 1.00]","Computational Method","",""
57045,"57045.15","Salmonella enterica subsp. enterica serovar Paratyphi B strain DMS 3254/7/81","trimethoprim","Susceptible","","","","","","","","","","","SIR XGBoost Model","202503101","F1 score: 0.86, CI[0.78, 0.93]","Computational Method","",""
57045,"57045.16","Salmonella enterica subsp. enterica serovar Paratyphi B strain BCW_4017","amoxicillin/clavulanic acid","Susceptible","","","","","","","","","","","SIR XGBoost Model","202503101","F1 score: 0.96, CI[0.95, 0.97]","Computational Method","",""
57045,"57045.16","Salmonella enterica subsp. enterica serovar Paratyphi B strain BCW_4017","ampicillin","Susceptible","","","","","","","","","","","SIR XGBoost Model","202503101","F1 score: 0.93, CI[0.92, 0.93]","Computational Method","",""
57045,"57045.16","Salmonella enterica subsp. enterica serovar Paratyphi B strain BCW_4017","azithromycin","Susceptible","","","","","","","","","","","SIR XGBoost Model","202503101","F1 score: 0.92, CI[0.87, 0.98]","Computational Method","",""
57045,"57045.16","Salmonella enterica subsp. enterica serovar Paratyphi B strain BCW_4017","chloramphenicol","Susceptible","","","","","","","","","","","SIR XGBoost Model","202503101","F1 score: 0.90, CI[0.88, 0.91]","Computational Method","",""
57045,"57045.16","Salmonella enterica subsp. enterica serovar Paratyphi B strain BCW_4017","ciprofloxacin","Susceptible","","","","","","","","","","","SIR XGBoost Model","202503101","F1 score: 0.95, CI[0.93, 0.96]","Computational Method","",""
57045,"57045.16","Salmonella enterica subsp. enterica serovar Paratyphi B strain BCW_4017","ceftriaxone","Susceptible","","","","","","","","","","","SIR XGBoost Model","202503101","F1 score: 0.98, CI[0.97, 1.00]","Computational Method","",""
57045,"57045.16","Salmonella enterica subsp. enterica serovar Paratyphi B strain BCW_4017","cefotaxime","Susceptible","","","","","","","","","","","SIR XGBoost Model","202503101","F1 score: 0.95, CI[0.90, 0.99]","Computational Method","",""
57045,"57045.16","Salmonella enterica subsp. enterica serovar Paratyphi B strain BCW_4017","sulfisoxazole","Susceptible","","","","","","","","","","","SIR XGBoost Model","202503101","F1 score: 0.99, CI[0.98, 1.00]","Computational Method","",""
57045,"57045.16","Salmonella enterica subsp. enterica serovar Paratyphi B strain BCW_4017","cefoxitin","Susceptible","","","","","","","","","","","SIR XGBoost Model","202503101","F1 score: 0.96, CI[0.93, 0.99]","Computational Method","",""
57045,"57045.16","Salmonella enterica subsp. enterica serovar Paratyphi B strain BCW_4017","gentamicin","Susceptible","","","","","","","","","","","SIR XGBoost Model","202503101","F1 score: 0.92, CI[0.89, 0.95]","Computational Method","",""
57045,"57045.16","Salmonella enterica subsp. enterica serovar Paratyphi B strain BCW_4017","kanamycin","Susceptible","","","","","","","","","","","SIR XGBoost Model","202503101","F1 score: 0.86, CI[0.77, 0.95]","Computational Method","",""
57045,"57045.16","Salmonella enterica subsp. enterica serovar Paratyphi B strain BCW_4017","nalidixic acid","Susceptible","","","","","","","","","","","SIR XGBoost Model","202503101","F1 score: 0.95, CI[0.93, 0.96]","Computational Method","",""
57045,"57045.16","Salmonella enterica subsp. enterica serovar Paratyphi B strain BCW_4017","pefloxacin","Susceptible","","","","","","","","","","","SIR XGBoost Model","202503101","F1 score: 0.98, CI[0.96, 1.00]","Computational Method","",""
57045,"57045.16","Salmonella enterica subsp. enterica serovar Paratyphi B strain BCW_4017","sulfamethoxazole","Susceptible","","","","","","","","","","","SIR XGBoost Model","202503101","F1 score: 0.95, CI[0.93, 0.97]","Computational Method","",""
57045,"57045.16","Salmonella enterica subsp. enterica serovar Paratyphi B strain BCW_4017","spectinomycin","Susceptible","","","","","","","","","","","SIR XGBoost Model","202503101","F1 score: 0.94, CI[0.90, 0.98]","Computational Method","",""
57045,"57045.16","Salmonella enterica subsp. enterica serovar Paratyphi B strain BCW_4017","streptomycin","Susceptible","","","","","","","","","","","SIR XGBoost Model","202503101","F1 score: 0.94, CI[0.93, 0.96]","Computational Method","",""
57045,"57045.16","Salmonella enterica subsp. enterica serovar Paratyphi B strain BCW_4017","tetracycline","Susceptible","","","","","","","","","","","SIR XGBoost Model","202503101","F1 score: 0.97, CI[0.96, 0.98]","Computational Method","",""
57045,"57045.16","Salmonella enterica subsp. enterica serovar Paratyphi B strain BCW_4017","ceftiofur","Susceptible","","","","","","","","","","","SIR XGBoost Model","202503101","F1 score: 0.98, CI[0.97, 1.00]","Computational Method","",""
57045,"57045.16","Salmonella enterica subsp. enterica serovar Paratyphi B strain BCW_4017","trimethoprim","Susceptible","","","","","","","","","","","SIR XGBoost Model","202503101","F1 score: 0.86, CI[0.78, 0.93]","Computational Method","",""
57045,"57045.17","Salmonella enterica subsp. enterica serovar Paratyphi B strain BCW_2757","amoxicillin/clavulanic acid","Susceptible","","","","","","","","","","","SIR XGBoost Model","202503101","F1 score: 0.96, CI[0.95, 0.97]","Computational Method","",""
57045,"57045.17","Salmonella enterica subsp. enterica serovar Paratyphi B strain BCW_2757","ampicillin","Susceptible","","","","","","","","","","","SIR XGBoost Model","202503101","F1 score: 0.93, CI[0.92, 0.93]","Computational Method","",""
57045,"57045.17","Salmonella enterica subsp. enterica serovar Paratyphi B strain BCW_2757","azithromycin","Susceptible","","","","","","","","","","","SIR XGBoost Model","202503101","F1 score: 0.92, CI[0.87, 0.98]","Computational Method","",""
57045,"57045.17","Salmonella enterica subsp. enterica serovar Paratyphi B strain BCW_2757","chloramphenicol","Susceptible","","","","","","","","","","","SIR XGBoost Model","202503101","F1 score: 0.90, CI[0.88, 0.91]","Computational Method","",""
57045,"57045.17","Salmonella enterica subsp. enterica serovar Paratyphi B strain BCW_2757","ciprofloxacin","Susceptible","","","","","","","","","","","SIR XGBoost Model","202503101","F1 score: 0.95, CI[0.93, 0.96]","Computational Method","",""
57045,"57045.17","Salmonella enterica subsp. enterica serovar Paratyphi B strain BCW_2757","ceftriaxone","Susceptible","","","","","","","","","","","SIR XGBoost Model","202503101","F1 score: 0.98, CI[0.97, 1.00]","Computational Method","",""
57045,"57045.17","Salmonella enterica subsp. enterica serovar Paratyphi B strain BCW_2757","cefotaxime","Susceptible","","","","","","","","","","","SIR XGBoost Model","202503101","F1 score: 0.95, CI[0.90, 0.99]","Computational Method","",""
57045,"57045.17","Salmonella enterica subsp. enterica serovar Paratyphi B strain BCW_2757","sulfisoxazole","Susceptible","","","","","","","","","","","SIR XGBoost Model","202503101","F1 score: 0.99, CI[0.98, 1.00]","Computational Method","",""
57045,"57045.17","Salmonella enterica subsp. enterica serovar Paratyphi B strain BCW_2757","cefoxitin","Susceptible","","","","","","","","","","","SIR XGBoost Model","202503101","F1 score: 0.96, CI[0.93, 0.99]","Computational Method","",""
57045,"57045.17","Salmonella enterica subsp. enterica serovar Paratyphi B strain BCW_2757","gentamicin","Susceptible","","","","","","","","","","","SIR XGBoost Model","202503101","F1 score: 0.92, CI[0.89, 0.95]","Computational Method","",""
57045,"57045.17","Salmonella enterica subsp. enterica serovar Paratyphi B strain BCW_2757","kanamycin","Susceptible","","","","","","","","","","","SIR XGBoost Model","202503101","F1 score: 0.86, CI[0.77, 0.95]","Computational Method","",""
57045,"57045.17","Salmonella enterica subsp. enterica serovar Paratyphi B strain BCW_2757","nalidixic acid","Susceptible","","","","","","","","","","","SIR XGBoost Model","202503101","F1 score: 0.95, CI[0.93, 0.96]","Computational Method","",""
57045,"57045.17","Salmonella enterica subsp. enterica serovar Paratyphi B strain BCW_2757","pefloxacin","Susceptible","","","","","","","","","","","SIR XGBoost Model","202503101","F1 score: 0.98, CI[0.96, 1.00]","Computational Method","",""
57045,"57045.17","Salmonella enterica subsp. enterica serovar Paratyphi B strain BCW_2757","sulfamethoxazole","Susceptible","","","","","","","","","","","SIR XGBoost Model","202503101","F1 score: 0.95, CI[0.93, 0.97]","Computational Method","",""
57045,"57045.17","Salmonella enterica subsp. enterica serovar Paratyphi B strain BCW_2757","spectinomycin","Susceptible","","","","","","","","","","","SIR XGBoost Model","202503101","F1 score: 0.94, CI[0.90, 0.98]","Computational Method","",""
57045,"57045.17","Salmonella enterica subsp. enterica serovar Paratyphi B strain BCW_2757","streptomycin","Susceptible","","","","","","","","","","","SIR XGBoost Model","202503101","F1 score: 0.94, CI[0.93, 0.96]","Computational Method","",""
57045,"57045.17","Salmonella enterica subsp. enterica serovar Paratyphi B strain BCW_2757","tetracycline","Susceptible","","","","","","","","","","","SIR XGBoost Model","202503101","F1 score: 0.97, CI[0.96, 0.98]","Computational Method","",""
57045,"57045.17","Salmonella enterica subsp. enterica serovar Paratyphi B strain BCW_2757","ceftiofur","Susceptible","","","","","","","","","","","SIR XGBoost Model","202503101","F1 score: 0.98, CI[0.97, 1.00]","Computational Method","",""
57045,"57045.17","Salmonella enterica subsp. enterica serovar Paratyphi B strain BCW_2757","trimethoprim","Susceptible","","","","","","","","","","","SIR XGBoost Model","202503101","F1 score: 0.86, CI[0.78, 0.93]","Computational Method","",""
57045,"57045.18","Salmonella enterica subsp. enterica serovar Paratyphi B strain 52","amoxicillin/clavulanic acid","Susceptible","","","","","","","","","","","SIR XGBoost Model","202503101","F1 score: 0.96, CI[0.95, 0.97]","Computational Method","",""
57045,"57045.18","Salmonella enterica subsp. enterica serovar Paratyphi B strain 52","ampicillin","Susceptible","","","","","","","","","","","SIR XGBoost Model","202503101","F1 score: 0.93, CI[0.92, 0.93]","Computational Method","",""
57045,"57045.18","Salmonella enterica subsp. enterica serovar Paratyphi B strain 52","azithromycin","Susceptible","","","","","","","","","","","SIR XGBoost Model","202503101","F1 score: 0.92, CI[0.87, 0.98]","Computational Method","",""
57045,"57045.18","Salmonella enterica subsp. enterica serovar Paratyphi B strain 52","chloramphenicol","Susceptible","","","","","","","","","","","SIR XGBoost Model","202503101","F1 score: 0.90, CI[0.88, 0.91]","Computational Method","",""
57045,"57045.18","Salmonella enterica subsp. enterica serovar Paratyphi B strain 52","ciprofloxacin","Susceptible","","","","","","","","","","","SIR XGBoost Model","202503101","F1 score: 0.95, CI[0.93, 0.96]","Computational Method","",""
57045,"57045.18","Salmonella enterica subsp. enterica serovar Paratyphi B strain 52","ceftriaxone","Susceptible","","","","","","","","","","","SIR XGBoost Model","202503101","F1 score: 0.98, CI[0.97, 1.00]","Computational Method","",""
57045,"57045.18","Salmonella enterica subsp. enterica serovar Paratyphi B strain 52","cefotaxime","Susceptible","","","","","","","","","","","SIR XGBoost Model","202503101","F1 score: 0.95, CI[0.90, 0.99]","Computational Method","",""
57045,"57045.18","Salmonella enterica subsp. enterica serovar Paratyphi B strain 52","sulfisoxazole","Susceptible","","","","","","","","","","","SIR XGBoost Model","202503101","F1 score: 0.99, CI[0.98, 1.00]","Computational Method","",""
57045,"57045.18","Salmonella enterica subsp. enterica serovar Paratyphi B strain 52","cefoxitin","Susceptible","","","","","","","","","","","SIR XGBoost Model","202503101","F1 score: 0.96, CI[0.93, 0.99]","Computational Method","",""
57045,"57045.18","Salmonella enterica subsp. enterica serovar Paratyphi B strain 52","gentamicin","Susceptible","","","","","","","","","","","SIR XGBoost Model","202503101","F1 score: 0.92, CI[0.89, 0.95]","Computational Method","",""
57045,"57045.18","Salmonella enterica subsp. enterica serovar Paratyphi B strain 52","kanamycin","Susceptible","","","","","","","","","","","SIR XGBoost Model","202503101","F1 score: 0.86, CI[0.77, 0.95]","Computational Method","",""
57045,"57045.18","Salmonella enterica subsp. enterica serovar Paratyphi B strain 52","nalidixic acid","Susceptible","","","","","","","","","","","SIR XGBoost Model","202503101","F1 score: 0.95, CI[0.93, 0.96]","Computational Method","",""
57045,"57045.18","Salmonella enterica subsp. enterica serovar Paratyphi B strain 52","pefloxacin","Susceptible","","","","","","","","","","","SIR XGBoost Model","202503101","F1 score: 0.98, CI[0.96, 1.00]","Computational Method","",""
57045,"57045.18","Salmonella enterica subsp. enterica serovar Paratyphi B strain 52","sulfamethoxazole","Susceptible","","","","","","","","","","","SIR XGBoost Model","202503101","F1 score: 0.95, CI[0.93, 0.97]","Computational Method","",""
57045,"57045.18","Salmonella enterica subsp. enterica serovar Paratyphi B strain 52","spectinomycin","Susceptible","","","","","","","","","","","SIR XGBoost Model","202503101","F1 score: 0.94, CI[0.90, 0.98]","Computational Method","",""
57045,"57045.18","Salmonella enterica subsp. enterica serovar Paratyphi B strain 52","streptomycin","Susceptible","","","","","","","","","","","SIR XGBoost Model","202503101","F1 score: 0.94, CI[0.93, 0.96]","Computational Method","",""
57045,"57045.18","Salmonella enterica subsp. enterica serovar Paratyphi B strain 52","tetracycline","Susceptible","","","","","","","","","","","SIR XGBoost Model","202503101","F1 score: 0.97, CI[0.96, 0.98]","Computational Method","",""
57045,"57045.18","Salmonella enterica subsp. enterica serovar Paratyphi B strain 52","ceftiofur","Susceptible","","","","","","","","","","","SIR XGBoost Model","202503101","F1 score: 0.98, CI[0.97, 1.00]","Computational Method","",""
57045,"57045.18","Salmonella enterica subsp. enterica serovar Paratyphi B strain 52","trimethoprim","Susceptible","","","","","","","","","","","SIR XGBoost Model","202503101","F1 score: 0.86, CI[0.78, 0.93]","Computational Method","",""
57045,"57045.19","Salmonella enterica subsp. enterica serovar Paratyphi B strain 17","amoxicillin/clavulanic acid","Susceptible","","","","","","","","","","","SIR XGBoost Model","202503101","F1 score: 0.96, CI[0.95, 0.97]","Computational Method","",""
57045,"57045.19","Salmonella enterica subsp. enterica serovar Paratyphi B strain 17","ampicillin","Susceptible","","","","","","","","","","","SIR XGBoost Model","202503101","F1 score: 0.93, CI[0.92, 0.93]","Computational Method","",""
57045,"57045.19","Salmonella enterica subsp. enterica serovar Paratyphi B strain 17","azithromycin","Susceptible","","","","","","","","","","","SIR XGBoost Model","202503101","F1 score: 0.92, CI[0.87, 0.98]","Computational Method","",""
57045,"57045.19","Salmonella enterica subsp. enterica serovar Paratyphi B strain 17","chloramphenicol","Susceptible","","","","","","","","","","","SIR XGBoost Model","202503101","F1 score: 0.90, CI[0.88, 0.91]","Computational Method","",""
57045,"57045.19","Salmonella enterica subsp. enterica serovar Paratyphi B strain 17","ciprofloxacin","Susceptible","","","","","","","","","","","SIR XGBoost Model","202503101","F1 score: 0.95, CI[0.93, 0.96]","Computational Method","",""
57045,"57045.19","Salmonella enterica subsp. enterica serovar Paratyphi B strain 17","ceftriaxone","Susceptible","","","","","","","","","","","SIR XGBoost Model","202503101","F1 score: 0.98, CI[0.97, 1.00]","Computational Method","",""
57045,"57045.19","Salmonella enterica subsp. enterica serovar Paratyphi B strain 17","cefotaxime","Susceptible","","","","","","","","","","","SIR XGBoost Model","202503101","F1 score: 0.95, CI[0.90, 0.99]","Computational Method","",""
57045,"57045.19","Salmonella enterica subsp. enterica serovar Paratyphi B strain 17","sulfisoxazole","Susceptible","","","","","","","","","","","SIR XGBoost Model","202503101","F1 score: 0.99, CI[0.98, 1.00]","Computational Method","",""
57045,"57045.19","Salmonella enterica subsp. enterica serovar Paratyphi B strain 17","cefoxitin","Susceptible","","","","","","","","","","","SIR XGBoost Model","202503101","F1 score: 0.96, CI[0.93, 0.99]","Computational Method","",""
57045,"57045.19","Salmonella enterica subsp. enterica serovar Paratyphi B strain 17","gentamicin","Susceptible","","","","","","","","","","","SIR XGBoost Model","202503101","F1 score: 0.92, CI[0.89, 0.95]","Computational Method","",""
57045,"57045.19","Salmonella enterica subsp. enterica serovar Paratyphi B strain 17","kanamycin","Susceptible","","","","","","","","","","","SIR XGBoost Model","202503101","F1 score: 0.86, CI[0.77, 0.95]","Computational Method","",""
57045,"57045.19","Salmonella enterica subsp. enterica serovar Paratyphi B strain 17","nalidixic acid","Susceptible","","","","","","","","","","","SIR XGBoost Model","202503101","F1 score: 0.95, CI[0.93, 0.96]","Computational Method","",""
57045,"57045.19","Salmonella enterica subsp. enterica serovar Paratyphi B strain 17","pefloxacin","Susceptible","","","","","","","","","","","SIR XGBoost Model","202503101","F1 score: 0.98, CI[0.96, 1.00]","Computational Method","",""
57045,"57045.19","Salmonella enterica subsp. enterica serovar Paratyphi B strain 17","sulfamethoxazole","Susceptible","","","","","","","","","","","SIR XGBoost Model","202503101","F1 score: 0.95, CI[0.93, 0.97]","Computational Method","",""
57045,"57045.19","Salmonella enterica subsp. enterica serovar Paratyphi B strain 17","spectinomycin","Susceptible","","","","","","","","","","","SIR XGBoost Model","202503101","F1 score: 0.94, CI[0.90, 0.98]","Computational Method","",""
57045,"57045.19","Salmonella enterica subsp. enterica serovar Paratyphi B strain 17","streptomycin","Susceptible","","","","","","","","","","","SIR XGBoost Model","202503101","F1 score: 0.94, CI[0.93, 0.96]","Computational Method","",""
57045,"57045.19","Salmonella enterica subsp. enterica serovar Paratyphi B strain 17","tetracycline","Susceptible","","","","","","","","","","","SIR XGBoost Model","202503101","F1 score: 0.97, CI[0.96, 0.98]","Computational Method","",""
57045,"57045.19","Salmonella enterica subsp. enterica serovar Paratyphi B strain 17","ceftiofur","Susceptible","","","","","","","","","","","SIR XGBoost Model","202503101","F1 score: 0.98, CI[0.97, 1.00]","Computational Method","",""
57045,"57045.19","Salmonella enterica subsp. enterica serovar Paratyphi B strain 17","trimethoprim","Susceptible","","","","","","","","","","","SIR XGBoost Model","202503101","F1 score: 0.86, CI[0.78, 0.93]","Computational Method","",""
57045,"57045.20","Salmonella enterica subsp. enterica serovar Paratyphi B strain RML 7856","amoxicillin/clavulanic acid","Susceptible","","","","","","","","","","","SIR XGBoost Model","202503101","F1 score: 0.96, CI[0.95, 0.97]","Computational Method","",""
57045,"57045.20","Salmonella enterica subsp. enterica serovar Paratyphi B strain RML 7856","ampicillin","Susceptible","","","","","","","","","","","SIR XGBoost Model","202503101","F1 score: 0.93, CI[0.92, 0.93]","Computational Method","",""
57045,"57045.20","Salmonella enterica subsp. enterica serovar Paratyphi B strain RML 7856","azithromycin","Susceptible","","","","","","","","","","","SIR XGBoost Model","202503101","F1 score: 0.92, CI[0.87, 0.98]","Computational Method","",""
57045,"57045.20","Salmonella enterica subsp. enterica serovar Paratyphi B strain RML 7856","chloramphenicol","Susceptible","","","","","","","","","","","SIR XGBoost Model","202503101","F1 score: 0.90, CI[0.88, 0.91]","Computational Method","",""
57045,"57045.20","Salmonella enterica subsp. enterica serovar Paratyphi B strain RML 7856","ciprofloxacin","Susceptible","","","","","","","","","","","SIR XGBoost Model","202503101","F1 score: 0.95, CI[0.93, 0.96]","Computational Method","",""
57045,"57045.20","Salmonella enterica subsp. enterica serovar Paratyphi B strain RML 7856","ceftriaxone","Susceptible","","","","","","","","","","","SIR XGBoost Model","202503101","F1 score: 0.98, CI[0.97, 1.00]","Computational Method","",""
57045,"57045.20","Salmonella enterica subsp. enterica serovar Paratyphi B strain RML 7856","cefotaxime","Susceptible","","","","","","","","","","","SIR XGBoost Model","202503101","F1 score: 0.95, CI[0.90, 0.99]","Computational Method","",""
57045,"57045.20","Salmonella enterica subsp. enterica serovar Paratyphi B strain RML 7856","sulfisoxazole","Susceptible","","","","","","","","","","","SIR XGBoost Model","202503101","F1 score: 0.99, CI[0.98, 1.00]","Computational Method","",""
57045,"57045.20","Salmonella enterica subsp. enterica serovar Paratyphi B strain RML 7856","cefoxitin","Susceptible","","","","","","","","","","","SIR XGBoost Model","202503101","F1 score: 0.96, CI[0.93, 0.99]","Computational Method","",""
57045,"57045.20","Salmonella enterica subsp. enterica serovar Paratyphi B strain RML 7856","gentamicin","Susceptible","","","","","","","","","","","SIR XGBoost Model","202503101","F1 score: 0.92, CI[0.89, 0.95]","Computational Method","",""
57045,"57045.20","Salmonella enterica subsp. enterica serovar Paratyphi B strain RML 7856","kanamycin","Susceptible","","","","","","","","","","","SIR XGBoost Model","202503101","F1 score: 0.86, CI[0.77, 0.95]","Computational Method","",""
57045,"57045.20","Salmonella enterica subsp. enterica serovar Paratyphi B strain RML 7856","nalidixic acid","Susceptible","","","","","","","","","","","SIR XGBoost Model","202503101","F1 score: 0.95, CI[0.93, 0.96]","Computational Method","",""
57045,"57045.20","Salmonella enterica subsp. enterica serovar Paratyphi B strain RML 7856","pefloxacin","Susceptible","","","","","","","","","","","SIR XGBoost Model","202503101","F1 score: 0.98, CI[0.96, 1.00]","Computational Method","",""
57045,"57045.20","Salmonella enterica subsp. enterica serovar Paratyphi B strain RML 7856","sulfamethoxazole","Susceptible","","","","","","","","","","","SIR XGBoost Model","202503101","F1 score: 0.95, CI[0.93, 0.97]","Computational Method","",""
57045,"57045.20","Salmonella enterica subsp. enterica serovar Paratyphi B strain RML 7856","spectinomycin","Susceptible","","","","","","","","","","","SIR XGBoost Model","202503101","F1 score: 0.94, CI[0.90, 0.98]","Computational Method","",""
57045,"57045.20","Salmonella enterica subsp. enterica serovar Paratyphi B strain RML 7856","streptomycin","Susceptible","","","","","","","","","","","SIR XGBoost Model","202503101","F1 score: 0.94, CI[0.93, 0.96]","Computational Method","",""
57045,"57045.20","Salmonella enterica subsp. enterica serovar Paratyphi B strain RML 7856","tetracycline","Susceptible","","","","","","","","","","","SIR XGBoost Model","202503101","F1 score: 0.97, CI[0.96, 0.98]","Computational Method","",""
57045,"57045.20","Salmonella enterica subsp. enterica serovar Paratyphi B strain RML 7856","ceftiofur","Susceptible","","","","","","","","","","","SIR XGBoost Model","202503101","F1 score: 0.98, CI[0.97, 1.00]","Computational Method","",""
57045,"57045.20","Salmonella enterica subsp. enterica serovar Paratyphi B strain RML 7856","trimethoprim","Susceptible","","","","","","","","","","","SIR XGBoost Model","202503101","F1 score: 0.86, CI[0.78, 0.93]","Computational Method","",""
57045,"57045.21","Salmonella enterica subsp. enterica serovar Paratyphi B strain RPO 6464","amoxicillin/clavulanic acid","Susceptible","","","","","","","","","","","SIR XGBoost Model","202503101","F1 score: 0.96, CI[0.95, 0.97]","Computational Method","",""
57045,"57045.21","Salmonella enterica subsp. enterica serovar Paratyphi B strain RPO 6464","ampicillin","Susceptible","","","","","","","","","","","SIR XGBoost Model","202503101","F1 score: 0.93, CI[0.92, 0.93]","Computational Method","",""
57045,"57045.21","Salmonella enterica subsp. enterica serovar Paratyphi B strain RPO 6464","azithromycin","Susceptible","","","","","","","","","","","SIR XGBoost Model","202503101","F1 score: 0.92, CI[0.87, 0.98]","Computational Method","",""
57045,"57045.21","Salmonella enterica subsp. enterica serovar Paratyphi B strain RPO 6464","chloramphenicol","Susceptible","","","","","","","","","","","SIR XGBoost Model","202503101","F1 score: 0.90, CI[0.88, 0.91]","Computational Method","",""
57045,"57045.21","Salmonella enterica subsp. enterica serovar Paratyphi B strain RPO 6464","ciprofloxacin","Susceptible","","","","","","","","","","","SIR XGBoost Model","202503101","F1 score: 0.95, CI[0.93, 0.96]","Computational Method","",""
57045,"57045.21","Salmonella enterica subsp. enterica serovar Paratyphi B strain RPO 6464","ceftriaxone","Susceptible","","","","","","","","","","","SIR XGBoost Model","202503101","F1 score: 0.98, CI[0.97, 1.00]","Computational Method","",""
57045,"57045.21","Salmonella enterica subsp. enterica serovar Paratyphi B strain RPO 6464","cefotaxime","Susceptible","","","","","","","","","","","SIR XGBoost Model","202503101","F1 score: 0.95, CI[0.90, 0.99]","Computational Method","",""
57045,"57045.21","Salmonella enterica subsp. enterica serovar Paratyphi B strain RPO 6464","sulfisoxazole","Susceptible","","","","","","","","","","","SIR XGBoost Model","202503101","F1 score: 0.99, CI[0.98, 1.00]","Computational Method","",""
57045,"57045.21","Salmonella enterica subsp. enterica serovar Paratyphi B strain RPO 6464","cefoxitin","Susceptible","","","","","","","","","","","SIR XGBoost Model","202503101","F1 score: 0.96, CI[0.93, 0.99]","Computational Method","",""
57045,"57045.21","Salmonella enterica subsp. enterica serovar Paratyphi B strain RPO 6464","gentamicin","Susceptible","","","","","","","","","","","SIR XGBoost Model","202503101","F1 score: 0.92, CI[0.89, 0.95]","Computational Method","",""
57045,"57045.21","Salmonella enterica subsp. enterica serovar Paratyphi B strain RPO 6464","kanamycin","Susceptible","","","","","","","","","","","SIR XGBoost Model","202503101","F1 score: 0.86, CI[0.77, 0.95]","Computational Method","",""
57045,"57045.21","Salmonella enterica subsp. enterica serovar Paratyphi B strain RPO 6464","nalidixic acid","Susceptible","","","","","","","","","","","SIR XGBoost Model","202503101","F1 score: 0.95, CI[0.93, 0.96]","Computational Method","",""
57045,"57045.21","Salmonella enterica subsp. enterica serovar Paratyphi B strain RPO 6464","pefloxacin","Susceptible","","","","","","","","","","","SIR XGBoost Model","202503101","F1 score: 0.98, CI[0.96, 1.00]","Computational Method","",""
57045,"57045.21","Salmonella enterica subsp. enterica serovar Paratyphi B strain RPO 6464","sulfamethoxazole","Susceptible","","","","","","","","","","","SIR XGBoost Model","202503101","F1 score: 0.95, CI[0.93, 0.97]","Computational Method","",""
57045,"57045.21","Salmonella enterica subsp. enterica serovar Paratyphi B strain RPO 6464","spectinomycin","Susceptible","","","","","","","","","","","SIR XGBoost Model","202503101","F1 score: 0.94, CI[0.90, 0.98]","Computational Method","",""
57045,"57045.21","Salmonella enterica subsp. enterica serovar Paratyphi B strain RPO 6464","streptomycin","Susceptible","","","","","","","","","","","SIR XGBoost Model","202503101","F1 score: 0.94, CI[0.93, 0.96]","Computational Method","",""
57045,"57045.21","Salmonella enterica subsp. enterica serovar Paratyphi B strain RPO 6464","tetracycline","Susceptible","","","","","","","","","","","SIR XGBoost Model","202503101","F1 score: 0.97, CI[0.96, 0.98]","Computational Method","",""
57045,"57045.21","Salmonella enterica subsp. enterica serovar Paratyphi B strain RPO 6464","ceftiofur","Susceptible","","","","","","","","","","","SIR XGBoost Model","202503101","F1 score: 0.98, CI[0.97, 1.00]","Computational Method","",""
57045,"57045.21","Salmonella enterica subsp. enterica serovar Paratyphi B strain RPO 6464","trimethoprim","Susceptible","","","","","","","","","","","SIR XGBoost Model","202503101","F1 score: 0.86, CI[0.78, 0.93]","Computational Method","",""
57045,"57045.22","Salmonella enterica subsp. enterica serovar Paratyphi B strain JSV 7371","amoxicillin/clavulanic acid","Susceptible","","","","","","","","","","","SIR XGBoost Model","202503101","F1 score: 0.96, CI[0.95, 0.97]","Computational Method","",""
57045,"57045.22","Salmonella enterica subsp. enterica serovar Paratyphi B strain JSV 7371","ampicillin","Susceptible","","","","","","","","","","","SIR XGBoost Model","202503101","F1 score: 0.93, CI[0.92, 0.93]","Computational Method","",""
57045,"57045.22","Salmonella enterica subsp. enterica serovar Paratyphi B strain JSV 7371","azithromycin","Susceptible","","","","","","","","","","","SIR XGBoost Model","202503101","F1 score: 0.92, CI[0.87, 0.98]","Computational Method","",""
57045,"57045.22","Salmonella enterica subsp. enterica serovar Paratyphi B strain JSV 7371","chloramphenicol","Susceptible","","","","","","","","","","","SIR XGBoost Model","202503101","F1 score: 0.90, CI[0.88, 0.91]","Computational Method","",""
57045,"57045.22","Salmonella enterica subsp. enterica serovar Paratyphi B strain JSV 7371","ciprofloxacin","Susceptible","","","","","","","","","","","SIR XGBoost Model","202503101","F1 score: 0.95, CI[0.93, 0.96]","Computational Method","",""
57045,"57045.22","Salmonella enterica subsp. enterica serovar Paratyphi B strain JSV 7371","ceftriaxone","Susceptible","","","","","","","","","","","SIR XGBoost Model","202503101","F1 score: 0.98, CI[0.97, 1.00]","Computational Method","",""
57045,"57045.22","Salmonella enterica subsp. enterica serovar Paratyphi B strain JSV 7371","cefotaxime","Susceptible","","","","","","","","","","","SIR XGBoost Model","202503101","F1 score: 0.95, CI[0.90, 0.99]","Computational Method","",""
57045,"57045.22","Salmonella enterica subsp. enterica serovar Paratyphi B strain JSV 7371","sulfisoxazole","Susceptible","","","","","","","","","","","SIR XGBoost Model","202503101","F1 score: 0.99, CI[0.98, 1.00]","Computational Method","",""
57045,"57045.22","Salmonella enterica subsp. enterica serovar Paratyphi B strain JSV 7371","cefoxitin","Susceptible","","","","","","","","","","","SIR XGBoost Model","202503101","F1 score: 0.96, CI[0.93, 0.99]","Computational Method","",""
57045,"57045.22","Salmonella enterica subsp. enterica serovar Paratyphi B strain JSV 7371","gentamicin","Susceptible","","","","","","","","","","","SIR XGBoost Model","202503101","F1 score: 0.92, CI[0.89, 0.95]","Computational Method","",""
57045,"57045.22","Salmonella enterica subsp. enterica serovar Paratyphi B strain JSV 7371","kanamycin","Susceptible","","","","","","","","","","","SIR XGBoost Model","202503101","F1 score: 0.86, CI[0.77, 0.95]","Computational Method","",""
57045,"57045.22","Salmonella enterica subsp. enterica serovar Paratyphi B strain JSV 7371","nalidixic acid","Susceptible","","","","","","","","","","","SIR XGBoost Model","202503101","F1 score: 0.95, CI[0.93, 0.96]","Computational Method","",""
57045,"57045.22","Salmonella enterica subsp. enterica serovar Paratyphi B strain JSV 7371","pefloxacin","Susceptible","","","","","","","","","","","SIR XGBoost Model","202503101","F1 score: 0.98, CI[0.96, 1.00]","Computational Method","",""
57045,"57045.22","Salmonella enterica subsp. enterica serovar Paratyphi B strain JSV 7371","sulfamethoxazole","Susceptible","","","","","","","","","","","SIR XGBoost Model","202503101","F1 score: 0.95, CI[0.93, 0.97]","Computational Method","",""
57045,"57045.22","Salmonella enterica subsp. enterica serovar Paratyphi B strain JSV 7371","spectinomycin","Susceptible","","","","","","","","","","","SIR XGBoost Model","202503101","F1 score: 0.94, CI[0.90, 0.98]","Computational Method","",""
57045,"57045.22","Salmonella enterica subsp. enterica serovar Paratyphi B strain JSV 7371","streptomycin","Susceptible","","","","","","","","","","","SIR XGBoost Model","202503101","F1 score: 0.94, CI[0.93, 0.96]","Computational Method","",""
57045,"57045.22","Salmonella enterica subsp. enterica serovar Paratyphi B strain JSV 7371","tetracycline","Susceptible","","","","","","","","","","","SIR XGBoost Model","202503101","F1 score: 0.97, CI[0.96, 0.98]","Computational Method","",""
57045,"57045.22","Salmonella enterica subsp. enterica serovar Paratyphi B strain JSV 7371","ceftiofur","Susceptible","","","","","","","","","","","SIR XGBoost Model","202503101","F1 score: 0.98, CI[0.97, 1.00]","Computational Method","",""
57045,"57045.22","Salmonella enterica subsp. enterica serovar Paratyphi B strain JSV 7371","trimethoprim","Susceptible","","","","","","","","","","","SIR XGBoost Model","202503101","F1 score: 0.86, CI[0.78, 0.93]","Computational Method","",""
57045,"57045.23","Salmonella enterica subsp. enterica serovar Paratyphi B strain 7020","amoxicillin/clavulanic acid","Susceptible","","","","","","","","","","","SIR XGBoost Model","202503101","F1 score: 0.96, CI[0.95, 0.97]","Computational Method","",""
57045,"57045.23","Salmonella enterica subsp. enterica serovar Paratyphi B strain 7020","ampicillin","Susceptible","","","","","","","","","","","SIR XGBoost Model","202503101","F1 score: 0.93, CI[0.92, 0.93]","Computational Method","",""
57045,"57045.23","Salmonella enterica subsp. enterica serovar Paratyphi B strain 7020","azithromycin","Susceptible","","","","","","","","","","","SIR XGBoost Model","202503101","F1 score: 0.92, CI[0.87, 0.98]","Computational Method","",""
57045,"57045.23","Salmonella enterica subsp. enterica serovar Paratyphi B strain 7020","chloramphenicol","Susceptible","","","","","","","","","","","SIR XGBoost Model","202503101","F1 score: 0.90, CI[0.88, 0.91]","Computational Method","",""
57045,"57045.23","Salmonella enterica subsp. enterica serovar Paratyphi B strain 7020","ciprofloxacin","Susceptible","","","","","","","","","","","SIR XGBoost Model","202503101","F1 score: 0.95, CI[0.93, 0.96]","Computational Method","",""
57045,"57045.23","Salmonella enterica subsp. enterica serovar Paratyphi B strain 7020","ceftriaxone","Susceptible","","","","","","","","","","","SIR XGBoost Model","202503101","F1 score: 0.98, CI[0.97, 1.00]","Computational Method","",""
57045,"57045.23","Salmonella enterica subsp. enterica serovar Paratyphi B strain 7020","cefotaxime","Susceptible","","","","","","","","","","","SIR XGBoost Model","202503101","F1 score: 0.95, CI[0.90, 0.99]","Computational Method","",""
57045,"57045.23","Salmonella enterica subsp. enterica serovar Paratyphi B strain 7020","sulfisoxazole","Susceptible","","","","","","","","","","","SIR XGBoost Model","202503101","F1 score: 0.99, CI[0.98, 1.00]","Computational Method","",""
57045,"57045.23","Salmonella enterica subsp. enterica serovar Paratyphi B strain 7020","cefoxitin","Susceptible","","","","","","","","","","","SIR XGBoost Model","202503101","F1 score: 0.96, CI[0.93, 0.99]","Computational Method","",""
57045,"57045.23","Salmonella enterica subsp. enterica serovar Paratyphi B strain 7020","gentamicin","Susceptible","","","","","","","","","","","SIR XGBoost Model","202503101","F1 score: 0.92, CI[0.89, 0.95]","Computational Method","",""
57045,"57045.23","Salmonella enterica subsp. enterica serovar Paratyphi B strain 7020","kanamycin","Susceptible","","","","","","","","","","","SIR XGBoost Model","202503101","F1 score: 0.86, CI[0.77, 0.95]","Computational Method","",""
57045,"57045.23","Salmonella enterica subsp. enterica serovar Paratyphi B strain 7020","nalidixic acid","Susceptible","","","","","","","","","","","SIR XGBoost Model","202503101","F1 score: 0.95, CI[0.93, 0.96]","Computational Method","",""
57045,"57045.23","Salmonella enterica subsp. enterica serovar Paratyphi B strain 7020","pefloxacin","Susceptible","","","","","","","","","","","SIR XGBoost Model","202503101","F1 score: 0.98, CI[0.96, 1.00]","Computational Method","",""
57045,"57045.23","Salmonella enterica subsp. enterica serovar Paratyphi B strain 7020","sulfamethoxazole","Susceptible","","","","","","","","","","","SIR XGBoost Model","202503101","F1 score: 0.95, CI[0.93, 0.97]","Computational Method","",""
57045,"57045.23","Salmonella enterica subsp. enterica serovar Paratyphi B strain 7020","spectinomycin","Susceptible","","","","","","","","","","","SIR XGBoost Model","202503101","F1 score: 0.94, CI[0.90, 0.98]","Computational Method","",""
57045,"57045.23","Salmonella enterica subsp. enterica serovar Paratyphi B strain 7020","streptomycin","Susceptible","","","","","","","","","","","SIR XGBoost Model","202503101","F1 score: 0.94, CI[0.93, 0.96]","Computational Method","",""
57045,"57045.23","Salmonella enterica subsp. enterica serovar Paratyphi B strain 7020","tetracycline","Susceptible","","","","","","","","","","","SIR XGBoost Model","202503101","F1 score: 0.97, CI[0.96, 0.98]","Computational Method","",""
57045,"57045.23","Salmonella enterica subsp. enterica serovar Paratyphi B strain 7020","ceftiofur","Susceptible","","","","","","","","","","","SIR XGBoost Model","202503101","F1 score: 0.98, CI[0.97, 1.00]","Computational Method","",""
57045,"57045.23","Salmonella enterica subsp. enterica serovar Paratyphi B strain 7020","trimethoprim","Susceptible","","","","","","","","","","","SIR XGBoost Model","202503101","F1 score: 0.86, CI[0.78, 0.93]","Computational Method","",""
57045,"57045.24","Salmonella enterica subsp. enterica serovar Paratyphi B strain PMP 2097","amoxicillin/clavulanic acid","Susceptible","","","","","","","","","","","SIR XGBoost Model","202503101","F1 score: 0.96, CI[0.95, 0.97]","Computational Method","",""
57045,"57045.24","Salmonella enterica subsp. enterica serovar Paratyphi B strain PMP 2097","ampicillin","Susceptible","","","","","","","","","","","SIR XGBoost Model","202503101","F1 score: 0.93, CI[0.92, 0.93]","Computational Method","",""
57045,"57045.24","Salmonella enterica subsp. enterica serovar Paratyphi B strain PMP 2097","azithromycin","Susceptible","","","","","","","","","","","SIR XGBoost Model","202503101","F1 score: 0.92, CI[0.87, 0.98]","Computational Method","",""
57045,"57045.24","Salmonella enterica subsp. enterica serovar Paratyphi B strain PMP 2097","chloramphenicol","Susceptible","","","","","","","","","","","SIR XGBoost Model","202503101","F1 score: 0.90, CI[0.88, 0.91]","Computational Method","",""
57045,"57045.24","Salmonella enterica subsp. enterica serovar Paratyphi B strain PMP 2097","ciprofloxacin","Susceptible","","","","","","","","","","","SIR XGBoost Model","202503101","F1 score: 0.95, CI[0.93, 0.96]","Computational Method","",""
57045,"57045.24","Salmonella enterica subsp. enterica serovar Paratyphi B strain PMP 2097","ceftriaxone","Susceptible","","","","","","","","","","","SIR XGBoost Model","202503101","F1 score: 0.98, CI[0.97, 1.00]","Computational Method","",""
57045,"57045.24","Salmonella enterica subsp. enterica serovar Paratyphi B strain PMP 2097","cefotaxime","Susceptible","","","","","","","","","","","SIR XGBoost Model","202503101","F1 score: 0.95, CI[0.90, 0.99]","Computational Method","",""
57045,"57045.24","Salmonella enterica subsp. enterica serovar Paratyphi B strain PMP 2097","sulfisoxazole","Susceptible","","","","","","","","","","","SIR XGBoost Model","202503101","F1 score: 0.99, CI[0.98, 1.00]","Computational Method","",""
57045,"57045.24","Salmonella enterica subsp. enterica serovar Paratyphi B strain PMP 2097","cefoxitin","Susceptible","","","","","","","","","","","SIR XGBoost Model","202503101","F1 score: 0.96, CI[0.93, 0.99]","Computational Method","",""
57045,"57045.24","Salmonella enterica subsp. enterica serovar Paratyphi B strain PMP 2097","gentamicin","Susceptible","","","","","","","","","","","SIR XGBoost Model","202503101","F1 score: 0.92, CI[0.89, 0.95]","Computational Method","",""
57045,"57045.24","Salmonella enterica subsp. enterica serovar Paratyphi B strain PMP 2097","kanamycin","Susceptible","","","","","","","","","","","SIR XGBoost Model","202503101","F1 score: 0.86, CI[0.77, 0.95]","Computational Method","",""
57045,"57045.24","Salmonella enterica subsp. enterica serovar Paratyphi B strain PMP 2097","nalidixic acid","Susceptible","","","","","","","","","","","SIR XGBoost Model","202503101","F1 score: 0.95, CI[0.93, 0.96]","Computational Method","",""
57045,"57045.24","Salmonella enterica subsp. enterica serovar Paratyphi B strain PMP 2097","pefloxacin","Susceptible","","","","","","","","","","","SIR XGBoost Model","202503101","F1 score: 0.98, CI[0.96, 1.00]","Computational Method","",""
57045,"57045.24","Salmonella enterica subsp. enterica serovar Paratyphi B strain PMP 2097","sulfamethoxazole","Susceptible","","","","","","","","","","","SIR XGBoost Model","202503101","F1 score: 0.95, CI[0.93, 0.97]","Computational Method","",""
57045,"57045.24","Salmonella enterica subsp. enterica serovar Paratyphi B strain PMP 2097","spectinomycin","Susceptible","","","","","","","","","","","SIR XGBoost Model","202503101","F1 score: 0.94, CI[0.90, 0.98]","Computational Method","",""
57045,"57045.24","Salmonella enterica subsp. enterica serovar Paratyphi B strain PMP 2097","streptomycin","Susceptible","","","","","","","","","","","SIR XGBoost Model","202503101","F1 score: 0.94, CI[0.93, 0.96]","Computational Method","",""
57045,"57045.24","Salmonella enterica subsp. enterica serovar Paratyphi B strain PMP 2097","tetracycline","Susceptible","","","","","","","","","","","SIR XGBoost Model","202503101","F1 score: 0.97, CI[0.96, 0.98]","Computational Method","",""
57045,"57045.24","Salmonella enterica subsp. enterica serovar Paratyphi B strain PMP 2097","ceftiofur","Susceptible","","","","","","","","","","","SIR XGBoost Model","202503101","F1 score: 0.98, CI[0.97, 1.00]","Computational Method","",""
57045,"57045.24","Salmonella enterica subsp. enterica serovar Paratyphi B strain PMP 2097","trimethoprim","Susceptible","","","","","","","","","","","SIR XGBoost Model","202503101","F1 score: 0.86, CI[0.78, 0.93]","Computational Method","",""
57045,"57045.25","Salmonella enterica subsp. enterica serovar Paratyphi B strain MUG 6222","amoxicillin/clavulanic acid","Susceptible","","","","","","","","","","","SIR XGBoost Model","202503101","F1 score: 0.96, CI[0.95, 0.97]","Computational Method","",""
57045,"57045.25","Salmonella enterica subsp. enterica serovar Paratyphi B strain MUG 6222","ampicillin","Susceptible","","","","","","","","","","","SIR XGBoost Model","202503101","F1 score: 0.93, CI[0.92, 0.93]","Computational Method","",""
57045,"57045.25","Salmonella enterica subsp. enterica serovar Paratyphi B strain MUG 6222","azithromycin","Susceptible","","","","","","","","","","","SIR XGBoost Model","202503101","F1 score: 0.92, CI[0.87, 0.98]","Computational Method","",""
57045,"57045.25","Salmonella enterica subsp. enterica serovar Paratyphi B strain MUG 6222","chloramphenicol","Susceptible","","","","","","","","","","","SIR XGBoost Model","202503101","F1 score: 0.90, CI[0.88, 0.91]","Computational Method","",""
57045,"57045.25","Salmonella enterica subsp. enterica serovar Paratyphi B strain MUG 6222","ciprofloxacin","Susceptible","","","","","","","","","","","SIR XGBoost Model","202503101","F1 score: 0.95, CI[0.93, 0.96]","Computational Method","",""
57045,"57045.25","Salmonella enterica subsp. enterica serovar Paratyphi B strain MUG 6222","ceftriaxone","Susceptible","","","","","","","","","","","SIR XGBoost Model","202503101","F1 score: 0.98, CI[0.97, 1.00]","Computational Method","",""
57045,"57045.25","Salmonella enterica subsp. enterica serovar Paratyphi B strain MUG 6222","cefotaxime","Susceptible","","","","","","","","","","","SIR XGBoost Model","202503101","F1 score: 0.95, CI[0.90, 0.99]","Computational Method","",""
57045,"57045.25","Salmonella enterica subsp. enterica serovar Paratyphi B strain MUG 6222","sulfisoxazole","Susceptible","","","","","","","","","","","SIR XGBoost Model","202503101","F1 score: 0.99, CI[0.98, 1.00]","Computational Method","",""
57045,"57045.25","Salmonella enterica subsp. enterica serovar Paratyphi B strain MUG 6222","cefoxitin","Susceptible","","","","","","","","","","","SIR XGBoost Model","202503101","F1 score: 0.96, CI[0.93, 0.99]","Computational Method","",""
57045,"57045.25","Salmonella enterica subsp. enterica serovar Paratyphi B strain MUG 6222","gentamicin","Susceptible","","","","","","","","","","","SIR XGBoost Model","202503101","F1 score: 0.92, CI[0.89, 0.95]","Computational Method","",""
57045,"57045.25","Salmonella enterica subsp. enterica serovar Paratyphi B strain MUG 6222","kanamycin","Susceptible","","","","","","","","","","","SIR XGBoost Model","202503101","F1 score: 0.86, CI[0.77, 0.95]","Computational Method","",""
57045,"57045.25","Salmonella enterica subsp. enterica serovar Paratyphi B strain MUG 6222","nalidixic acid","Susceptible","","","","","","","","","","","SIR XGBoost Model","202503101","F1 score: 0.95, CI[0.93, 0.96]","Computational Method","",""
57045,"57045.25","Salmonella enterica subsp. enterica serovar Paratyphi B strain MUG 6222","pefloxacin","Susceptible","","","","","","","","","","","SIR XGBoost Model","202503101","F1 score: 0.98, CI[0.96, 1.00]","Computational Method","",""
57045,"57045.25","Salmonella enterica subsp. enterica serovar Paratyphi B strain MUG 6222","sulfamethoxazole","Susceptible","","","","","","","","","","","SIR XGBoost Model","202503101","F1 score: 0.95, CI[0.93, 0.97]","Computational Method","",""
57045,"57045.25","Salmonella enterica subsp. enterica serovar Paratyphi B strain MUG 6222","spectinomycin","Susceptible","","","","","","","","","","","SIR XGBoost Model","202503101","F1 score: 0.94, CI[0.90, 0.98]","Computational Method","",""
57045,"57045.25","Salmonella enterica subsp. enterica serovar Paratyphi B strain MUG 6222","streptomycin","Susceptible","","","","","","","","","","","SIR XGBoost Model","202503101","F1 score: 0.94, CI[0.93, 0.96]","Computational Method","",""
57045,"57045.25","Salmonella enterica subsp. enterica serovar Paratyphi B strain MUG 6222","tetracycline","Susceptible","","","","","","","","","","","SIR XGBoost Model","202503101","F1 score: 0.97, CI[0.96, 0.98]","Computational Method","",""
57045,"57045.25","Salmonella enterica subsp. enterica serovar Paratyphi B strain MUG 6222","ceftiofur","Susceptible","","","","","","","","","","","SIR XGBoost Model","202503101","F1 score: 0.98, CI[0.97, 1.00]","Computational Method","",""
57045,"57045.25","Salmonella enterica subsp. enterica serovar Paratyphi B strain MUG 6222","trimethoprim","Susceptible","","","","","","","","","","","SIR XGBoost Model","202503101","F1 score: 0.86, CI[0.78, 0.93]","Computational Method","",""
57045,"57045.26","Salmonella enterica subsp. enterica serovar Paratyphi B strain MNZ 6203","amoxicillin/clavulanic acid","Susceptible","","","","","","","","","","","SIR XGBoost Model","202503101","F1 score: 0.96, CI[0.95, 0.97]","Computational Method","",""
57045,"57045.26","Salmonella enterica subsp. enterica serovar Paratyphi B strain MNZ 6203","ampicillin","Susceptible","","","","","","","","","","","SIR XGBoost Model","202503101","F1 score: 0.93, CI[0.92, 0.93]","Computational Method","",""
57045,"57045.26","Salmonella enterica subsp. enterica serovar Paratyphi B strain MNZ 6203","azithromycin","Susceptible","","","","","","","","","","","SIR XGBoost Model","202503101","F1 score: 0.92, CI[0.87, 0.98]","Computational Method","",""
57045,"57045.26","Salmonella enterica subsp. enterica serovar Paratyphi B strain MNZ 6203","chloramphenicol","Susceptible","","","","","","","","","","","SIR XGBoost Model","202503101","F1 score: 0.90, CI[0.88, 0.91]","Computational Method","",""
57045,"57045.26","Salmonella enterica subsp. enterica serovar Paratyphi B strain MNZ 6203","ciprofloxacin","Susceptible","","","","","","","","","","","SIR XGBoost Model","202503101","F1 score: 0.95, CI[0.93, 0.96]","Computational Method","",""
57045,"57045.26","Salmonella enterica subsp. enterica serovar Paratyphi B strain MNZ 6203","ceftriaxone","Susceptible","","","","","","","","","","","SIR XGBoost Model","202503101","F1 score: 0.98, CI[0.97, 1.00]","Computational Method","",""
57045,"57045.26","Salmonella enterica subsp. enterica serovar Paratyphi B strain MNZ 6203","cefotaxime","Susceptible","","","","","","","","","","","SIR XGBoost Model","202503101","F1 score: 0.95, CI[0.90, 0.99]","Computational Method","",""
57045,"57045.26","Salmonella enterica subsp. enterica serovar Paratyphi B strain MNZ 6203","sulfisoxazole","Susceptible","","","","","","","","","","","SIR XGBoost Model","202503101","F1 score: 0.99, CI[0.98, 1.00]","Computational Method","",""
57045,"57045.26","Salmonella enterica subsp. enterica serovar Paratyphi B strain MNZ 6203","cefoxitin","Susceptible","","","","","","","","","","","SIR XGBoost Model","202503101","F1 score: 0.96, CI[0.93, 0.99]","Computational Method","",""
57045,"57045.26","Salmonella enterica subsp. enterica serovar Paratyphi B strain MNZ 6203","gentamicin","Susceptible","","","","","","","","","","","SIR XGBoost Model","202503101","F1 score: 0.92, CI[0.89, 0.95]","Computational Method","",""
57045,"57045.26","Salmonella enterica subsp. enterica serovar Paratyphi B strain MNZ 6203","kanamycin","Susceptible","","","","","","","","","","","SIR XGBoost Model","202503101","F1 score: 0.86, CI[0.77, 0.95]","Computational Method","",""
57045,"57045.26","Salmonella enterica subsp. enterica serovar Paratyphi B strain MNZ 6203","nalidixic acid","Susceptible","","","","","","","","","","","SIR XGBoost Model","202503101","F1 score: 0.95, CI[0.93, 0.96]","Computational Method","",""
57045,"57045.26","Salmonella enterica subsp. enterica serovar Paratyphi B strain MNZ 6203","pefloxacin","Susceptible","","","","","","","","","","","SIR XGBoost Model","202503101","F1 score: 0.98, CI[0.96, 1.00]","Computational Method","",""
57045,"57045.26","Salmonella enterica subsp. enterica serovar Paratyphi B strain MNZ 6203","sulfamethoxazole","Susceptible","","","","","","","","","","","SIR XGBoost Model","202503101","F1 score: 0.95, CI[0.93, 0.97]","Computational Method","",""
57045,"57045.26","Salmonella enterica subsp. enterica serovar Paratyphi B strain MNZ 6203","spectinomycin","Susceptible","","","","","","","","","","","SIR XGBoost Model","202503101","F1 score: 0.94, CI[0.90, 0.98]","Computational Method","",""
57045,"57045.26","Salmonella enterica subsp. enterica serovar Paratyphi B strain MNZ 6203","streptomycin","Susceptible","","","","","","","","","","","SIR XGBoost Model","202503101","F1 score: 0.94, CI[0.93, 0.96]","Computational Method","",""
57045,"57045.26","Salmonella enterica subsp. enterica serovar Paratyphi B strain MNZ 6203","tetracycline","Susceptible","","","","","","","","","","","SIR XGBoost Model","202503101","F1 score: 0.97, CI[0.96, 0.98]","Computational Method","",""
57045,"57045.26","Salmonella enterica subsp. enterica serovar Paratyphi B strain MNZ 6203","ceftiofur","Susceptible","","","","","","","","","","","SIR XGBoost Model","202503101","F1 score: 0.98, CI[0.97, 1.00]","Computational Method","",""
57045,"57045.26","Salmonella enterica subsp. enterica serovar Paratyphi B strain MNZ 6203","trimethoprim","Susceptible","","","","","","","","","","","SIR XGBoost Model","202503101","F1 score: 0.86, CI[0.78, 0.93]","Computational Method","",""
57045,"57045.27","Salmonella enterica subsp. enterica serovar Paratyphi B strain ELB 6380","amoxicillin/clavulanic acid","Susceptible","","","","","","","","","","","SIR XGBoost Model","202503101","F1 score: 0.96, CI[0.95, 0.97]","Computational Method","",""
57045,"57045.27","Salmonella enterica subsp. enterica serovar Paratyphi B strain ELB 6380","ampicillin","Susceptible","","","","","","","","","","","SIR XGBoost Model","202503101","F1 score: 0.93, CI[0.92, 0.93]","Computational Method","",""
57045,"57045.27","Salmonella enterica subsp. enterica serovar Paratyphi B strain ELB 6380","azithromycin","Susceptible","","","","","","","","","","","SIR XGBoost Model","202503101","F1 score: 0.92, CI[0.87, 0.98]","Computational Method","",""
57045,"57045.27","Salmonella enterica subsp. enterica serovar Paratyphi B strain ELB 6380","chloramphenicol","Susceptible","","","","","","","","","","","SIR XGBoost Model","202503101","F1 score: 0.90, CI[0.88, 0.91]","Computational Method","",""
57045,"57045.27","Salmonella enterica subsp. enterica serovar Paratyphi B strain ELB 6380","ciprofloxacin","Susceptible","","","","","","","","","","","SIR XGBoost Model","202503101","F1 score: 0.95, CI[0.93, 0.96]","Computational Method","",""
57045,"57045.27","Salmonella enterica subsp. enterica serovar Paratyphi B strain ELB 6380","ceftriaxone","Susceptible","","","","","","","","","","","SIR XGBoost Model","202503101","F1 score: 0.98, CI[0.97, 1.00]","Computational Method","",""
57045,"57045.27","Salmonella enterica subsp. enterica serovar Paratyphi B strain ELB 6380","cefotaxime","Susceptible","","","","","","","","","","","SIR XGBoost Model","202503101","F1 score: 0.95, CI[0.90, 0.99]","Computational Method","",""
57045,"57045.27","Salmonella enterica subsp. enterica serovar Paratyphi B strain ELB 6380","sulfisoxazole","Susceptible","","","","","","","","","","","SIR XGBoost Model","202503101","F1 score: 0.99, CI[0.98, 1.00]","Computational Method","",""
57045,"57045.27","Salmonella enterica subsp. enterica serovar Paratyphi B strain ELB 6380","cefoxitin","Susceptible","","","","","","","","","","","SIR XGBoost Model","202503101","F1 score: 0.96, CI[0.93, 0.99]","Computational Method","",""
57045,"57045.27","Salmonella enterica subsp. enterica serovar Paratyphi B strain ELB 6380","gentamicin","Susceptible","","","","","","","","","","","SIR XGBoost Model","202503101","F1 score: 0.92, CI[0.89, 0.95]","Computational Method","",""
57045,"57045.27","Salmonella enterica subsp. enterica serovar Paratyphi B strain ELB 6380","kanamycin","Susceptible","","","","","","","","","","","SIR XGBoost Model","202503101","F1 score: 0.86, CI[0.77, 0.95]","Computational Method","",""
57045,"57045.27","Salmonella enterica subsp. enterica serovar Paratyphi B strain ELB 6380","nalidixic acid","Susceptible","","","","","","","","","","","SIR XGBoost Model","202503101","F1 score: 0.95, CI[0.93, 0.96]","Computational Method","",""
57045,"57045.27","Salmonella enterica subsp. enterica serovar Paratyphi B strain ELB 6380","pefloxacin","Susceptible","","","","","","","","","","","SIR XGBoost Model","202503101","F1 score: 0.98, CI[0.96, 1.00]","Computational Method","",""
57045,"57045.27","Salmonella enterica subsp. enterica serovar Paratyphi B strain ELB 6380","sulfamethoxazole","Susceptible","","","","","","","","","","","SIR XGBoost Model","202503101","F1 score: 0.95, CI[0.93, 0.97]","Computational Method","",""
57045,"57045.27","Salmonella enterica subsp. enterica serovar Paratyphi B strain ELB 6380","spectinomycin","Susceptible","","","","","","","","","","","SIR XGBoost Model","202503101","F1 score: 0.94, CI[0.90, 0.98]","Computational Method","",""
57045,"57045.27","Salmonella enterica subsp. enterica serovar Paratyphi B strain ELB 6380","streptomycin","Susceptible","","","","","","","","","","","SIR XGBoost Model","202503101","F1 score: 0.94, CI[0.93, 0.96]","Computational Method","",""
57045,"57045.27","Salmonella enterica subsp. enterica serovar Paratyphi B strain ELB 6380","tetracycline","Susceptible","","","","","","","","","","","SIR XGBoost Model","202503101","F1 score: 0.97, CI[0.96, 0.98]","Computational Method","",""
57045,"57045.27","Salmonella enterica subsp. enterica serovar Paratyphi B strain ELB 6380","ceftiofur","Susceptible","","","","","","","","","","","SIR XGBoost Model","202503101","F1 score: 0.98, CI[0.97, 1.00]","Computational Method","",""
57045,"57045.27","Salmonella enterica subsp. enterica serovar Paratyphi B strain ELB 6380","trimethoprim","Susceptible","","","","","","","","","","","SIR XGBoost Model","202503101","F1 score: 0.86, CI[0.78, 0.93]","Computational Method","",""
57045,"57045.28","Salmonella enterica subsp. enterica serovar Paratyphi B strain DB 7403","amoxicillin/clavulanic acid","Susceptible","","","","","","","","","","","SIR XGBoost Model","202503101","F1 score: 0.96, CI[0.95, 0.97]","Computational Method","",""
57045,"57045.28","Salmonella enterica subsp. enterica serovar Paratyphi B strain DB 7403","ampicillin","Susceptible","","","","","","","","","","","SIR XGBoost Model","202503101","F1 score: 0.93, CI[0.92, 0.93]","Computational Method","",""
57045,"57045.28","Salmonella enterica subsp. enterica serovar Paratyphi B strain DB 7403","azithromycin","Susceptible","","","","","","","","","","","SIR XGBoost Model","202503101","F1 score: 0.92, CI[0.87, 0.98]","Computational Method","",""
57045,"57045.28","Salmonella enterica subsp. enterica serovar Paratyphi B strain DB 7403","chloramphenicol","Susceptible","","","","","","","","","","","SIR XGBoost Model","202503101","F1 score: 0.90, CI[0.88, 0.91]","Computational Method","",""
57045,"57045.28","Salmonella enterica subsp. enterica serovar Paratyphi B strain DB 7403","ciprofloxacin","Susceptible","","","","","","","","","","","SIR XGBoost Model","202503101","F1 score: 0.95, CI[0.93, 0.96]","Computational Method","",""
57045,"57045.28","Salmonella enterica subsp. enterica serovar Paratyphi B strain DB 7403","ceftriaxone","Susceptible","","","","","","","","","","","SIR XGBoost Model","202503101","F1 score: 0.98, CI[0.97, 1.00]","Computational Method","",""
57045,"57045.28","Salmonella enterica subsp. enterica serovar Paratyphi B strain DB 7403","cefotaxime","Susceptible","","","","","","","","","","","SIR XGBoost Model","202503101","F1 score: 0.95, CI[0.90, 0.99]","Computational Method","",""
57045,"57045.28","Salmonella enterica subsp. enterica serovar Paratyphi B strain DB 7403","sulfisoxazole","Susceptible","","","","","","","","","","","SIR XGBoost Model","202503101","F1 score: 0.99, CI[0.98, 1.00]","Computational Method","",""
57045,"57045.28","Salmonella enterica subsp. enterica serovar Paratyphi B strain DB 7403","cefoxitin","Susceptible","","","","","","","","","","","SIR XGBoost Model","202503101","F1 score: 0.96, CI[0.93, 0.99]","Computational Method","",""
57045,"57045.28","Salmonella enterica subsp. enterica serovar Paratyphi B strain DB 7403","gentamicin","Susceptible","","","","","","","","","","","SIR XGBoost Model","202503101","F1 score: 0.92, CI[0.89, 0.95]","Computational Method","",""
57045,"57045.28","Salmonella enterica subsp. enterica serovar Paratyphi B strain DB 7403","kanamycin","Susceptible","","","","","","","","","","","SIR XGBoost Model","202503101","F1 score: 0.86, CI[0.77, 0.95]","Computational Method","",""
57045,"57045.28","Salmonella enterica subsp. enterica serovar Paratyphi B strain DB 7403","nalidixic acid","Susceptible","","","","","","","","","","","SIR XGBoost Model","202503101","F1 score: 0.95, CI[0.93, 0.96]","Computational Method","",""
57045,"57045.28","Salmonella enterica subsp. enterica serovar Paratyphi B strain DB 7403","pefloxacin","Susceptible","","","","","","","","","","","SIR XGBoost Model","202503101","F1 score: 0.98, CI[0.96, 1.00]","Computational Method","",""
57045,"57045.28","Salmonella enterica subsp. enterica serovar Paratyphi B strain DB 7403","sulfamethoxazole","Susceptible","","","","","","","","","","","SIR XGBoost Model","202503101","F1 score: 0.95, CI[0.93, 0.97]","Computational Method","",""
57045,"57045.28","Salmonella enterica subsp. enterica serovar Paratyphi B strain DB 7403","spectinomycin","Susceptible","","","","","","","","","","","SIR XGBoost Model","202503101","F1 score: 0.94, CI[0.90, 0.98]","Computational Method","",""
57045,"57045.28","Salmonella enterica subsp. enterica serovar Paratyphi B strain DB 7403","streptomycin","Susceptible","","","","","","","","","","","SIR XGBoost Model","202503101","F1 score: 0.94, CI[0.93, 0.96]","Computational Method","",""
57045,"57045.28","Salmonella enterica subsp. enterica serovar Paratyphi B strain DB 7403","tetracycline","Susceptible","","","","","","","","","","","SIR XGBoost Model","202503101","F1 score: 0.97, CI[0.96, 0.98]","Computational Method","",""
57045,"57045.28","Salmonella enterica subsp. enterica serovar Paratyphi B strain DB 7403","ceftiofur","Susceptible","","","","","","","","","","","SIR XGBoost Model","202503101","F1 score: 0.98, CI[0.97, 1.00]","Computational Method","",""
57045,"57045.28","Salmonella enterica subsp. enterica serovar Paratyphi B strain DB 7403","trimethoprim","Susceptible","","","","","","","","","","","SIR XGBoost Model","202503101","F1 score: 0.86, CI[0.78, 0.93]","Computational Method","",""
57045,"57045.29","Salmonella enterica subsp. enterica serovar Paratyphi B strain BAS 9","amoxicillin/clavulanic acid","Susceptible","","","","","","","","","","","SIR XGBoost Model","202503101","F1 score: 0.96, CI[0.95, 0.97]","Computational Method","",""
57045,"57045.29","Salmonella enterica subsp. enterica serovar Paratyphi B strain BAS 9","ampicillin","Susceptible","","","","","","","","","","","SIR XGBoost Model","202503101","F1 score: 0.93, CI[0.92, 0.93]","Computational Method","",""
57045,"57045.29","Salmonella enterica subsp. enterica serovar Paratyphi B strain BAS 9","azithromycin","Susceptible","","","","","","","","","","","SIR XGBoost Model","202503101","F1 score: 0.92, CI[0.87, 0.98]","Computational Method","",""
57045,"57045.29","Salmonella enterica subsp. enterica serovar Paratyphi B strain BAS 9","chloramphenicol","Susceptible","","","","","","","","","","","SIR XGBoost Model","202503101","F1 score: 0.90, CI[0.88, 0.91]","Computational Method","",""
57045,"57045.29","Salmonella enterica subsp. enterica serovar Paratyphi B strain BAS 9","ciprofloxacin","Susceptible","","","","","","","","","","","SIR XGBoost Model","202503101","F1 score: 0.95, CI[0.93, 0.96]","Computational Method","",""
57045,"57045.29","Salmonella enterica subsp. enterica serovar Paratyphi B strain BAS 9","ceftriaxone","Susceptible","","","","","","","","","","","SIR XGBoost Model","202503101","F1 score: 0.98, CI[0.97, 1.00]","Computational Method","",""
57045,"57045.29","Salmonella enterica subsp. enterica serovar Paratyphi B strain BAS 9","cefotaxime","Susceptible","","","","","","","","","","","SIR XGBoost Model","202503101","F1 score: 0.95, CI[0.90, 0.99]","Computational Method","",""
57045,"57045.29","Salmonella enterica subsp. enterica serovar Paratyphi B strain BAS 9","sulfisoxazole","Susceptible","","","","","","","","","","","SIR XGBoost Model","202503101","F1 score: 0.99, CI[0.98, 1.00]","Computational Method","",""
57045,"57045.29","Salmonella enterica subsp. enterica serovar Paratyphi B strain BAS 9","cefoxitin","Susceptible","","","","","","","","","","","SIR XGBoost Model","202503101","F1 score: 0.96, CI[0.93, 0.99]","Computational Method","",""
57045,"57045.29","Salmonella enterica subsp. enterica serovar Paratyphi B strain BAS 9","gentamicin","Susceptible","","","","","","","","","","","SIR XGBoost Model","202503101","F1 score: 0.92, CI[0.89, 0.95]","Computational Method","",""
57045,"57045.29","Salmonella enterica subsp. enterica serovar Paratyphi B strain BAS 9","kanamycin","Susceptible","","","","","","","","","","","SIR XGBoost Model","202503101","F1 score: 0.86, CI[0.77, 0.95]","Computational Method","",""
57045,"57045.29","Salmonella enterica subsp. enterica serovar Paratyphi B strain BAS 9","nalidixic acid","Susceptible","","","","","","","","","","","SIR XGBoost Model","202503101","F1 score: 0.95, CI[0.93, 0.96]","Computational Method","",""
57045,"57045.29","Salmonella enterica subsp. enterica serovar Paratyphi B strain BAS 9","pefloxacin","Susceptible","","","","","","","","","","","SIR XGBoost Model","202503101","F1 score: 0.98, CI[0.96, 1.00]","Computational Method","",""
57045,"57045.29","Salmonella enterica subsp. enterica serovar Paratyphi B strain BAS 9","sulfamethoxazole","Susceptible","","","","","","","","","","","SIR XGBoost Model","202503101","F1 score: 0.95, CI[0.93, 0.97]","Computational Method","",""
57045,"57045.29","Salmonella enterica subsp. enterica serovar Paratyphi B strain BAS 9","spectinomycin","Susceptible","","","","","","","","","","","SIR XGBoost Model","202503101","F1 score: 0.94, CI[0.90, 0.98]","Computational Method","",""
57045,"57045.29","Salmonella enterica subsp. enterica serovar Paratyphi B strain BAS 9","streptomycin","Susceptible","","","","","","","","","","","SIR XGBoost Model","202503101","F1 score: 0.94, CI[0.93, 0.96]","Computational Method","",""
57045,"57045.29","Salmonella enterica subsp. enterica serovar Paratyphi B strain BAS 9","tetracycline","Susceptible","","","","","","","","","","","SIR XGBoost Model","202503101","F1 score: 0.97, CI[0.96, 0.98]","Computational Method","",""
57045,"57045.29","Salmonella enterica subsp. enterica serovar Paratyphi B strain BAS 9","ceftiofur","Susceptible","","","","","","","","","","","SIR XGBoost Model","202503101","F1 score: 0.98, CI[0.97, 1.00]","Computational Method","",""
57045,"57045.29","Salmonella enterica subsp. enterica serovar Paratyphi B strain BAS 9","trimethoprim","Susceptible","","","","","","","","","","","SIR XGBoost Model","202503101","F1 score: 0.86, CI[0.78, 0.93]","Computational Method","",""
57045,"57045.30","Salmonella enterica subsp. enterica serovar Paratyphi B strain FTP 81","amoxicillin/clavulanic acid","Susceptible","","","","","","","","","","","SIR XGBoost Model","202503101","F1 score: 0.96, CI[0.95, 0.97]","Computational Method","",""
57045,"57045.30","Salmonella enterica subsp. enterica serovar Paratyphi B strain FTP 81","ampicillin","Susceptible","","","","","","","","","","","SIR XGBoost Model","202503101","F1 score: 0.93, CI[0.92, 0.93]","Computational Method","",""
57045,"57045.30","Salmonella enterica subsp. enterica serovar Paratyphi B strain FTP 81","azithromycin","Susceptible","","","","","","","","","","","SIR XGBoost Model","202503101","F1 score: 0.92, CI[0.87, 0.98]","Computational Method","",""
57045,"57045.30","Salmonella enterica subsp. enterica serovar Paratyphi B strain FTP 81","chloramphenicol","Susceptible","","","","","","","","","","","SIR XGBoost Model","202503101","F1 score: 0.90, CI[0.88, 0.91]","Computational Method","",""
57045,"57045.30","Salmonella enterica subsp. enterica serovar Paratyphi B strain FTP 81","ciprofloxacin","Susceptible","","","","","","","","","","","SIR XGBoost Model","202503101","F1 score: 0.95, CI[0.93, 0.96]","Computational Method","",""
57045,"57045.30","Salmonella enterica subsp. enterica serovar Paratyphi B strain FTP 81","ceftriaxone","Susceptible","","","","","","","","","","","SIR XGBoost Model","202503101","F1 score: 0.98, CI[0.97, 1.00]","Computational Method","",""
57045,"57045.30","Salmonella enterica subsp. enterica serovar Paratyphi B strain FTP 81","cefotaxime","Susceptible","","","","","","","","","","","SIR XGBoost Model","202503101","F1 score: 0.95, CI[0.90, 0.99]","Computational Method","",""
57045,"57045.30","Salmonella enterica subsp. enterica serovar Paratyphi B strain FTP 81","sulfisoxazole","Susceptible","","","","","","","","","","","SIR XGBoost Model","202503101","F1 score: 0.99, CI[0.98, 1.00]","Computational Method","",""
57045,"57045.30","Salmonella enterica subsp. enterica serovar Paratyphi B strain FTP 81","cefoxitin","Susceptible","","","","","","","","","","","SIR XGBoost Model","202503101","F1 score: 0.96, CI[0.93, 0.99]","Computational Method","",""
57045,"57045.30","Salmonella enterica subsp. enterica serovar Paratyphi B strain FTP 81","gentamicin","Susceptible","","","","","","","","","","","SIR XGBoost Model","202503101","F1 score: 0.92, CI[0.89, 0.95]","Computational Method","",""
57045,"57045.30","Salmonella enterica subsp. enterica serovar Paratyphi B strain FTP 81","kanamycin","Susceptible","","","","","","","","","","","SIR XGBoost Model","202503101","F1 score: 0.86, CI[0.77, 0.95]","Computational Method","",""
57045,"57045.30","Salmonella enterica subsp. enterica serovar Paratyphi B strain FTP 81","nalidixic acid","Susceptible","","","","","","","","","","","SIR XGBoost Model","202503101","F1 score: 0.95, CI[0.93, 0.96]","Computational Method","",""
57045,"57045.30","Salmonella enterica subsp. enterica serovar Paratyphi B strain FTP 81","pefloxacin","Susceptible","","","","","","","","","","","SIR XGBoost Model","202503101","F1 score: 0.98, CI[0.96, 1.00]","Computational Method","",""
57045,"57045.30","Salmonella enterica subsp. enterica serovar Paratyphi B strain FTP 81","sulfamethoxazole","Susceptible","","","","","","","","","","","SIR XGBoost Model","202503101","F1 score: 0.95, CI[0.93, 0.97]","Computational Method","",""
57045,"57045.30","Salmonella enterica subsp. enterica serovar Paratyphi B strain FTP 81","spectinomycin","Susceptible","","","","","","","","","","","SIR XGBoost Model","202503101","F1 score: 0.94, CI[0.90, 0.98]","Computational Method","",""
57045,"57045.30","Salmonella enterica subsp. enterica serovar Paratyphi B strain FTP 81","streptomycin","Susceptible","","","","","","","","","","","SIR XGBoost Model","202503101","F1 score: 0.94, CI[0.93, 0.96]","Computational Method","",""
57045,"57045.30","Salmonella enterica subsp. enterica serovar Paratyphi B strain FTP 81","tetracycline","Susceptible","","","","","","","","","","","SIR XGBoost Model","202503101","F1 score: 0.97, CI[0.96, 0.98]","Computational Method","",""
57045,"57045.30","Salmonella enterica subsp. enterica serovar Paratyphi B strain FTP 81","ceftiofur","Susceptible","","","","","","","","","","","SIR XGBoost Model","202503101","F1 score: 0.98, CI[0.97, 1.00]","Computational Method","",""
57045,"57045.30","Salmonella enterica subsp. enterica serovar Paratyphi B strain FTP 81","trimethoprim","Susceptible","","","","","","","","","","","SIR XGBoost Model","202503101","F1 score: 0.86, CI[0.78, 0.93]","Computational Method","",""
57045,"57045.31","Salmonella enterica subsp. enterica serovar Paratyphi B strain CMF 6999","amoxicillin/clavulanic acid","Susceptible","","","","","","","","","","","SIR XGBoost Model","202503101","F1 score: 0.96, CI[0.95, 0.97]","Computational Method","",""
57045,"57045.31","Salmonella enterica subsp. enterica serovar Paratyphi B strain CMF 6999","ampicillin","Susceptible","","","","","","","","","","","SIR XGBoost Model","202503101","F1 score: 0.93, CI[0.92, 0.93]","Computational Method","",""
57045,"57045.31","Salmonella enterica subsp. enterica serovar Paratyphi B strain CMF 6999","azithromycin","Susceptible","","","","","","","","","","","SIR XGBoost Model","202503101","F1 score: 0.92, CI[0.87, 0.98]","Computational Method","",""
57045,"57045.31","Salmonella enterica subsp. enterica serovar Paratyphi B strain CMF 6999","chloramphenicol","Susceptible","","","","","","","","","","","SIR XGBoost Model","202503101","F1 score: 0.90, CI[0.88, 0.91]","Computational Method","",""
57045,"57045.31","Salmonella enterica subsp. enterica serovar Paratyphi B strain CMF 6999","ciprofloxacin","Susceptible","","","","","","","","","","","SIR XGBoost Model","202503101","F1 score: 0.95, CI[0.93, 0.96]","Computational Method","",""
57045,"57045.31","Salmonella enterica subsp. enterica serovar Paratyphi B strain CMF 6999","ceftriaxone","Susceptible","","","","","","","","","","","SIR XGBoost Model","202503101","F1 score: 0.98, CI[0.97, 1.00]","Computational Method","",""
57045,"57045.31","Salmonella enterica subsp. enterica serovar Paratyphi B strain CMF 6999","cefotaxime","Susceptible","","","","","","","","","","","SIR XGBoost Model","202503101","F1 score: 0.95, CI[0.90, 0.99]","Computational Method","",""
57045,"57045.31","Salmonella enterica subsp. enterica serovar Paratyphi B strain CMF 6999","sulfisoxazole","Susceptible","","","","","","","","","","","SIR XGBoost Model","202503101","F1 score: 0.99, CI[0.98, 1.00]","Computational Method","",""
57045,"57045.31","Salmonella enterica subsp. enterica serovar Paratyphi B strain CMF 6999","cefoxitin","Susceptible","","","","","","","","","","","SIR XGBoost Model","202503101","F1 score: 0.96, CI[0.93, 0.99]","Computational Method","",""
57045,"57045.31","Salmonella enterica subsp. enterica serovar Paratyphi B strain CMF 6999","gentamicin","Susceptible","","","","","","","","","","","SIR XGBoost Model","202503101","F1 score: 0.92, CI[0.89, 0.95]","Computational Method","",""
57045,"57045.31","Salmonella enterica subsp. enterica serovar Paratyphi B strain CMF 6999","kanamycin","Susceptible","","","","","","","","","","","SIR XGBoost Model","202503101","F1 score: 0.86, CI[0.77, 0.95]","Computational Method","",""
57045,"57045.31","Salmonella enterica subsp. enterica serovar Paratyphi B strain CMF 6999","nalidixic acid","Susceptible","","","","","","","","","","","SIR XGBoost Model","202503101","F1 score: 0.95, CI[0.93, 0.96]","Computational Method","",""
57045,"57045.31","Salmonella enterica subsp. enterica serovar Paratyphi B strain CMF 6999","pefloxacin","Susceptible","","","","","","","","","","","SIR XGBoost Model","202503101","F1 score: 0.98, CI[0.96, 1.00]","Computational Method","",""
57045,"57045.31","Salmonella enterica subsp. enterica serovar Paratyphi B strain CMF 6999","sulfamethoxazole","Susceptible","","","","","","","","","","","SIR XGBoost Model","202503101","F1 score: 0.95, CI[0.93, 0.97]","Computational Method","",""
57045,"57045.31","Salmonella enterica subsp. enterica serovar Paratyphi B strain CMF 6999","spectinomycin","Susceptible","","","","","","","","","","","SIR XGBoost Model","202503101","F1 score: 0.94, CI[0.90, 0.98]","Computational Method","",""
57045,"57045.31","Salmonella enterica subsp. enterica serovar Paratyphi B strain CMF 6999","streptomycin","Susceptible","","","","","","","","","","","SIR XGBoost Model","202503101","F1 score: 0.94, CI[0.93, 0.96]","Computational Method","",""
57045,"57045.31","Salmonella enterica subsp. enterica serovar Paratyphi B strain CMF 6999","tetracycline","Susceptible","","","","","","","","","","","SIR XGBoost Model","202503101","F1 score: 0.97, CI[0.96, 0.98]","Computational Method","",""
57045,"57045.31","Salmonella enterica subsp. enterica serovar Paratyphi B strain CMF 6999","ceftiofur","Susceptible","","","","","","","","","","","SIR XGBoost Model","202503101","F1 score: 0.98, CI[0.97, 1.00]","Computational Method","",""
57045,"57045.31","Salmonella enterica subsp. enterica serovar Paratyphi B strain CMF 6999","trimethoprim","Susceptible","","","","","","","","","","","SIR XGBoost Model","202503101","F1 score: 0.86, CI[0.78, 0.93]","Computational Method","",""
57045,"57045.32","Salmonella enterica subsp. enterica serovar Paratyphi B strain 6198","amoxicillin/clavulanic acid","Susceptible","","","","","","","","","","","SIR XGBoost Model","202503101","F1 score: 0.96, CI[0.95, 0.97]","Computational Method","",""
57045,"57045.32","Salmonella enterica subsp. enterica serovar Paratyphi B strain 6198","ampicillin","Susceptible","","","","","","","","","","","SIR XGBoost Model","202503101","F1 score: 0.93, CI[0.92, 0.93]","Computational Method","",""
57045,"57045.32","Salmonella enterica subsp. enterica serovar Paratyphi B strain 6198","azithromycin","Susceptible","","","","","","","","","","","SIR XGBoost Model","202503101","F1 score: 0.92, CI[0.87, 0.98]","Computational Method","",""
57045,"57045.32","Salmonella enterica subsp. enterica serovar Paratyphi B strain 6198","chloramphenicol","Susceptible","","","","","","","","","","","SIR XGBoost Model","202503101","F1 score: 0.90, CI[0.88, 0.91]","Computational Method","",""
57045,"57045.32","Salmonella enterica subsp. enterica serovar Paratyphi B strain 6198","ciprofloxacin","Susceptible","","","","","","","","","","","SIR XGBoost Model","202503101","F1 score: 0.95, CI[0.93, 0.96]","Computational Method","",""
57045,"57045.32","Salmonella enterica subsp. enterica serovar Paratyphi B strain 6198","ceftriaxone","Susceptible","","","","","","","","","","","SIR XGBoost Model","202503101","F1 score: 0.98, CI[0.97, 1.00]","Computational Method","",""
57045,"57045.32","Salmonella enterica subsp. enterica serovar Paratyphi B strain 6198","cefotaxime","Susceptible","","","","","","","","","","","SIR XGBoost Model","202503101","F1 score: 0.95, CI[0.90, 0.99]","Computational Method","",""
57045,"57045.32","Salmonella enterica subsp. enterica serovar Paratyphi B strain 6198","sulfisoxazole","Susceptible","","","","","","","","","","","SIR XGBoost Model","202503101","F1 score: 0.99, CI[0.98, 1.00]","Computational Method","",""
57045,"57045.32","Salmonella enterica subsp. enterica serovar Paratyphi B strain 6198","cefoxitin","Susceptible","","","","","","","","","","","SIR XGBoost Model","202503101","F1 score: 0.96, CI[0.93, 0.99]","Computational Method","",""
57045,"57045.32","Salmonella enterica subsp. enterica serovar Paratyphi B strain 6198","gentamicin","Susceptible","","","","","","","","","","","SIR XGBoost Model","202503101","F1 score: 0.92, CI[0.89, 0.95]","Computational Method","",""
57045,"57045.32","Salmonella enterica subsp. enterica serovar Paratyphi B strain 6198","kanamycin","Susceptible","","","","","","","","","","","SIR XGBoost Model","202503101","F1 score: 0.86, CI[0.77, 0.95]","Computational Method","",""
57045,"57045.32","Salmonella enterica subsp. enterica serovar Paratyphi B strain 6198","nalidixic acid","Susceptible","","","","","","","","","","","SIR XGBoost Model","202503101","F1 score: 0.95, CI[0.93, 0.96]","Computational Method","",""
57045,"57045.32","Salmonella enterica subsp. enterica serovar Paratyphi B strain 6198","pefloxacin","Susceptible","","","","","","","","","","","SIR XGBoost Model","202503101","F1 score: 0.98, CI[0.96, 1.00]","Computational Method","",""
57045,"57045.32","Salmonella enterica subsp. enterica serovar Paratyphi B strain 6198","sulfamethoxazole","Susceptible","","","","","","","","","","","SIR XGBoost Model","202503101","F1 score: 0.95, CI[0.93, 0.97]","Computational Method","",""
57045,"57045.32","Salmonella enterica subsp. enterica serovar Paratyphi B strain 6198","spectinomycin","Susceptible","","","","","","","","","","","SIR XGBoost Model","202503101","F1 score: 0.94, CI[0.90, 0.98]","Computational Method","",""
57045,"57045.32","Salmonella enterica subsp. enterica serovar Paratyphi B strain 6198","streptomycin","Susceptible","","","","","","","","","","","SIR XGBoost Model","202503101","F1 score: 0.94, CI[0.93, 0.96]","Computational Method","",""
57045,"57045.32","Salmonella enterica subsp. enterica serovar Paratyphi B strain 6198","tetracycline","Susceptible","","","","","","","","","","","SIR XGBoost Model","202503101","F1 score: 0.97, CI[0.96, 0.98]","Computational Method","",""
57045,"57045.32","Salmonella enterica subsp. enterica serovar Paratyphi B strain 6198","ceftiofur","Susceptible","","","","","","","","","","","SIR XGBoost Model","202503101","F1 score: 0.98, CI[0.97, 1.00]","Computational Method","",""
57045,"57045.32","Salmonella enterica subsp. enterica serovar Paratyphi B strain 6198","trimethoprim","Susceptible","","","","","","","","","","","SIR XGBoost Model","202503101","F1 score: 0.86, CI[0.78, 0.93]","Computational Method","",""
57045,"57045.33","Salmonella enterica subsp. enterica serovar Paratyphi B strain 5644","amoxicillin/clavulanic acid","Susceptible","","","","","","","","","","","SIR XGBoost Model","202503101","F1 score: 0.96, CI[0.95, 0.97]","Computational Method","",""
57045,"57045.33","Salmonella enterica subsp. enterica serovar Paratyphi B strain 5644","ampicillin","Susceptible","","","","","","","","","","","SIR XGBoost Model","202503101","F1 score: 0.93, CI[0.92, 0.93]","Computational Method","",""
57045,"57045.33","Salmonella enterica subsp. enterica serovar Paratyphi B strain 5644","azithromycin","Susceptible","","","","","","","","","","","SIR XGBoost Model","202503101","F1 score: 0.92, CI[0.87, 0.98]","Computational Method","",""
57045,"57045.33","Salmonella enterica subsp. enterica serovar Paratyphi B strain 5644","chloramphenicol","Susceptible","","","","","","","","","","","SIR XGBoost Model","202503101","F1 score: 0.90, CI[0.88, 0.91]","Computational Method","",""
57045,"57045.33","Salmonella enterica subsp. enterica serovar Paratyphi B strain 5644","ciprofloxacin","Susceptible","","","","","","","","","","","SIR XGBoost Model","202503101","F1 score: 0.95, CI[0.93, 0.96]","Computational Method","",""
57045,"57045.33","Salmonella enterica subsp. enterica serovar Paratyphi B strain 5644","ceftriaxone","Susceptible","","","","","","","","","","","SIR XGBoost Model","202503101","F1 score: 0.98, CI[0.97, 1.00]","Computational Method","",""
57045,"57045.33","Salmonella enterica subsp. enterica serovar Paratyphi B strain 5644","cefotaxime","Susceptible","","","","","","","","","","","SIR XGBoost Model","202503101","F1 score: 0.95, CI[0.90, 0.99]","Computational Method","",""
57045,"57045.33","Salmonella enterica subsp. enterica serovar Paratyphi B strain 5644","sulfisoxazole","Susceptible","","","","","","","","","","","SIR XGBoost Model","202503101","F1 score: 0.99, CI[0.98, 1.00]","Computational Method","",""
57045,"57045.33","Salmonella enterica subsp. enterica serovar Paratyphi B strain 5644","cefoxitin","Susceptible","","","","","","","","","","","SIR XGBoost Model","202503101","F1 score: 0.96, CI[0.93, 0.99]","Computational Method","",""
57045,"57045.33","Salmonella enterica subsp. enterica serovar Paratyphi B strain 5644","gentamicin","Susceptible","","","","","","","","","","","SIR XGBoost Model","202503101","F1 score: 0.92, CI[0.89, 0.95]","Computational Method","",""
57045,"57045.33","Salmonella enterica subsp. enterica serovar Paratyphi B strain 5644","kanamycin","Susceptible","","","","","","","","","","","SIR XGBoost Model","202503101","F1 score: 0.86, CI[0.77, 0.95]","Computational Method","",""
57045,"57045.33","Salmonella enterica subsp. enterica serovar Paratyphi B strain 5644","nalidixic acid","Susceptible","","","","","","","","","","","SIR XGBoost Model","202503101","F1 score: 0.95, CI[0.93, 0.96]","Computational Method","",""
57045,"57045.33","Salmonella enterica subsp. enterica serovar Paratyphi B strain 5644","pefloxacin","Susceptible","","","","","","","","","","","SIR XGBoost Model","202503101","F1 score: 0.98, CI[0.96, 1.00]","Computational Method","",""
57045,"57045.33","Salmonella enterica subsp. enterica serovar Paratyphi B strain 5644","sulfamethoxazole","Susceptible","","","","","","","","","","","SIR XGBoost Model","202503101","F1 score: 0.95, CI[0.93, 0.97]","Computational Method","",""
57045,"57045.33","Salmonella enterica subsp. enterica serovar Paratyphi B strain 5644","spectinomycin","Susceptible","","","","","","","","","","","SIR XGBoost Model","202503101","F1 score: 0.94, CI[0.90, 0.98]","Computational Method","",""
57045,"57045.33","Salmonella enterica subsp. enterica serovar Paratyphi B strain 5644","streptomycin","Susceptible","","","","","","","","","","","SIR XGBoost Model","202503101","F1 score: 0.94, CI[0.93, 0.96]","Computational Method","",""
57045,"57045.33","Salmonella enterica subsp. enterica serovar Paratyphi B strain 5644","tetracycline","Susceptible","","","","","","","","","","","SIR XGBoost Model","202503101","F1 score: 0.97, CI[0.96, 0.98]","Computational Method","",""
57045,"57045.33","Salmonella enterica subsp. enterica serovar Paratyphi B strain 5644","ceftiofur","Susceptible","","","","","","","","","","","SIR XGBoost Model","202503101","F1 score: 0.98, CI[0.97, 1.00]","Computational Method","",""
57045,"57045.33","Salmonella enterica subsp. enterica serovar Paratyphi B strain 5644","trimethoprim","Susceptible","","","","","","","","","","","SIR XGBoost Model","202503101","F1 score: 0.86, CI[0.78, 0.93]","Computational Method","",""
57045,"57045.40","Salmonella enterica subsp. enterica serovar Paratyphi B strain 12-01549","amoxicillin/clavulanic acid","Susceptible","","","","","","","","","","","SIR XGBoost Model","202503101","F1 score: 0.96, CI[0.95, 0.97]","Computational Method","",""
57045,"57045.40","Salmonella enterica subsp. enterica serovar Paratyphi B strain 12-01549","ampicillin","Resistant","","","","","","","","","","","SIR XGBoost Model","202503101","F1 score: 0.93, CI[0.92, 0.93]","Computational Method","",""
57045,"57045.40","Salmonella enterica subsp. enterica serovar Paratyphi B strain 12-01549","azithromycin","Susceptible","","","","","","","","","","","SIR XGBoost Model","202503101","F1 score: 0.92, CI[0.87, 0.98]","Computational Method","",""
57045,"57045.40","Salmonella enterica subsp. enterica serovar Paratyphi B strain 12-01549","chloramphenicol","Susceptible","","","","","","","","","","","SIR XGBoost Model","202503101","F1 score: 0.90, CI[0.88, 0.91]","Computational Method","",""
57045,"57045.40","Salmonella enterica subsp. enterica serovar Paratyphi B strain 12-01549","ciprofloxacin","Susceptible","","","","","","","","","","","SIR XGBoost Model","202503101","F1 score: 0.95, CI[0.93, 0.96]","Computational Method","",""
57045,"57045.40","Salmonella enterica subsp. enterica serovar Paratyphi B strain 12-01549","ceftriaxone","Susceptible","","","","","","","","","","","SIR XGBoost Model","202503101","F1 score: 0.98, CI[0.97, 1.00]","Computational Method","",""
57045,"57045.40","Salmonella enterica subsp. enterica serovar Paratyphi B strain 12-01549","cefotaxime","Susceptible","","","","","","","","","","","SIR XGBoost Model","202503101","F1 score: 0.95, CI[0.90, 0.99]","Computational Method","",""
57045,"57045.40","Salmonella enterica subsp. enterica serovar Paratyphi B strain 12-01549","sulfisoxazole","Resistant","","","","","","","","","","","SIR XGBoost Model","202503101","F1 score: 0.99, CI[0.98, 1.00]","Computational Method","",""
57045,"57045.40","Salmonella enterica subsp. enterica serovar Paratyphi B strain 12-01549","cefoxitin","Susceptible","","","","","","","","","","","SIR XGBoost Model","202503101","F1 score: 0.96, CI[0.93, 0.99]","Computational Method","",""
57045,"57045.40","Salmonella enterica subsp. enterica serovar Paratyphi B strain 12-01549","gentamicin","Susceptible","","","","","","","","","","","SIR XGBoost Model","202503101","F1 score: 0.92, CI[0.89, 0.95]","Computational Method","",""
57045,"57045.40","Salmonella enterica subsp. enterica serovar Paratyphi B strain 12-01549","kanamycin","Susceptible","","","","","","","","","","","SIR XGBoost Model","202503101","F1 score: 0.86, CI[0.77, 0.95]","Computational Method","",""
57045,"57045.40","Salmonella enterica subsp. enterica serovar Paratyphi B strain 12-01549","nalidixic acid","Resistant","","","","","","","","","","","SIR XGBoost Model","202503101","F1 score: 0.95, CI[0.93, 0.96]","Computational Method","",""
57045,"57045.40","Salmonella enterica subsp. enterica serovar Paratyphi B strain 12-01549","pefloxacin","Susceptible","","","","","","","","","","","SIR XGBoost Model","202503101","F1 score: 0.98, CI[0.96, 1.00]","Computational Method","",""
57045,"57045.40","Salmonella enterica subsp. enterica serovar Paratyphi B strain 12-01549","sulfamethoxazole","Resistant","","","","","","","","","","","SIR XGBoost Model","202503101","F1 score: 0.95, CI[0.93, 0.97]","Computational Method","",""
57045,"57045.40","Salmonella enterica subsp. enterica serovar Paratyphi B strain 12-01549","spectinomycin","Susceptible","","","","","","","","","","","SIR XGBoost Model","202503101","F1 score: 0.94, CI[0.90, 0.98]","Computational Method","",""
57045,"57045.40","Salmonella enterica subsp. enterica serovar Paratyphi B strain 12-01549","streptomycin","Resistant","","","","","","","","","","","SIR XGBoost Model","202503101","F1 score: 0.94, CI[0.93, 0.96]","Computational Method","",""
57045,"57045.40","Salmonella enterica subsp. enterica serovar Paratyphi B strain 12-01549","tetracycline","Resistant","","","","","","","","","","","SIR XGBoost Model","202503101","F1 score: 0.97, CI[0.96, 0.98]","Computational Method","",""
57045,"57045.40","Salmonella enterica subsp. enterica serovar Paratyphi B strain 12-01549","ceftiofur","Susceptible","","","","","","","","","","","SIR XGBoost Model","202503101","F1 score: 0.98, CI[0.97, 1.00]","Computational Method","",""
57045,"57045.40","Salmonella enterica subsp. enterica serovar Paratyphi B strain 12-01549","trimethoprim","Resistant","","","","","","","","","","","SIR XGBoost Model","202503101","F1 score: 0.86, CI[0.78, 0.93]","Computational Method","",""
57045,"57045.41","Salmonella enterica subsp. enterica serovar Paratyphi B strain 12-00619","amoxicillin/clavulanic acid","Susceptible","","","","","","","","","","","SIR XGBoost Model","202503101","F1 score: 0.96, CI[0.95, 0.97]","Computational Method","",""
57045,"57045.41","Salmonella enterica subsp. enterica serovar Paratyphi B strain 12-00619","ampicillin","Resistant","","","","","","","","","","","SIR XGBoost Model","202503101","F1 score: 0.93, CI[0.92, 0.93]","Computational Method","",""
57045,"57045.41","Salmonella enterica subsp. enterica serovar Paratyphi B strain 12-00619","azithromycin","Susceptible","","","","","","","","","","","SIR XGBoost Model","202503101","F1 score: 0.92, CI[0.87, 0.98]","Computational Method","",""
57045,"57045.41","Salmonella enterica subsp. enterica serovar Paratyphi B strain 12-00619","chloramphenicol","Susceptible","","","","","","","","","","","SIR XGBoost Model","202503101","F1 score: 0.90, CI[0.88, 0.91]","Computational Method","",""
57045,"57045.41","Salmonella enterica subsp. enterica serovar Paratyphi B strain 12-00619","ciprofloxacin","Susceptible","","","","","","","","","","","SIR XGBoost Model","202503101","F1 score: 0.95, CI[0.93, 0.96]","Computational Method","",""
57045,"57045.41","Salmonella enterica subsp. enterica serovar Paratyphi B strain 12-00619","ceftriaxone","Susceptible","","","","","","","","","","","SIR XGBoost Model","202503101","F1 score: 0.98, CI[0.97, 1.00]","Computational Method","",""
57045,"57045.41","Salmonella enterica subsp. enterica serovar Paratyphi B strain 12-00619","cefotaxime","Susceptible","","","","","","","","","","","SIR XGBoost Model","202503101","F1 score: 0.95, CI[0.90, 0.99]","Computational Method","",""
57045,"57045.41","Salmonella enterica subsp. enterica serovar Paratyphi B strain 12-00619","sulfisoxazole","Resistant","","","","","","","","","","","SIR XGBoost Model","202503101","F1 score: 0.99, CI[0.98, 1.00]","Computational Method","",""
57045,"57045.41","Salmonella enterica subsp. enterica serovar Paratyphi B strain 12-00619","cefoxitin","Susceptible","","","","","","","","","","","SIR XGBoost Model","202503101","F1 score: 0.96, CI[0.93, 0.99]","Computational Method","",""
57045,"57045.41","Salmonella enterica subsp. enterica serovar Paratyphi B strain 12-00619","gentamicin","Susceptible","","","","","","","","","","","SIR XGBoost Model","202503101","F1 score: 0.92, CI[0.89, 0.95]","Computational Method","",""
57045,"57045.41","Salmonella enterica subsp. enterica serovar Paratyphi B strain 12-00619","kanamycin","Susceptible","","","","","","","","","","","SIR XGBoost Model","202503101","F1 score: 0.86, CI[0.77, 0.95]","Computational Method","",""
57045,"57045.41","Salmonella enterica subsp. enterica serovar Paratyphi B strain 12-00619","nalidixic acid","Resistant","","","","","","","","","","","SIR XGBoost Model","202503101","F1 score: 0.95, CI[0.93, 0.96]","Computational Method","",""
57045,"57045.41","Salmonella enterica subsp. enterica serovar Paratyphi B strain 12-00619","pefloxacin","Susceptible","","","","","","","","","","","SIR XGBoost Model","202503101","F1 score: 0.98, CI[0.96, 1.00]","Computational Method","",""
57045,"57045.41","Salmonella enterica subsp. enterica serovar Paratyphi B strain 12-00619","sulfamethoxazole","Susceptible","","","","","","","","","","","SIR XGBoost Model","202503101","F1 score: 0.95, CI[0.93, 0.97]","Computational Method","",""
57045,"57045.41","Salmonella enterica subsp. enterica serovar Paratyphi B strain 12-00619","spectinomycin","Susceptible","","","","","","","","","","","SIR XGBoost Model","202503101","F1 score: 0.94, CI[0.90, 0.98]","Computational Method","",""
57045,"57045.41","Salmonella enterica subsp. enterica serovar Paratyphi B strain 12-00619","streptomycin","Susceptible","","","","","","","","","","","SIR XGBoost Model","202503101","F1 score: 0.94, CI[0.93, 0.96]","Computational Method","",""
57045,"57045.41","Salmonella enterica subsp. enterica serovar Paratyphi B strain 12-00619","tetracycline","Resistant","","","","","","","","","","","SIR XGBoost Model","202503101","F1 score: 0.97, CI[0.96, 0.98]","Computational Method","",""
57045,"57045.41","Salmonella enterica subsp. enterica serovar Paratyphi B strain 12-00619","ceftiofur","Susceptible","","","","","","","","","","","SIR XGBoost Model","202503101","F1 score: 0.98, CI[0.97, 1.00]","Computational Method","",""
57045,"57045.41","Salmonella enterica subsp. enterica serovar Paratyphi B strain 12-00619","trimethoprim","Susceptible","","","","","","","","","","","SIR XGBoost Model","202503101","F1 score: 0.86, CI[0.78, 0.93]","Computational Method","",""
57045,"57045.42","Salmonella enterica subsp. enterica serovar Paratyphi B strain 12-00618","amoxicillin/clavulanic acid","Susceptible","","","","","","","","","","","SIR XGBoost Model","202503101","F1 score: 0.96, CI[0.95, 0.97]","Computational Method","",""
57045,"57045.42","Salmonella enterica subsp. enterica serovar Paratyphi B strain 12-00618","ampicillin","Susceptible","","","","","","","","","","","SIR XGBoost Model","202503101","F1 score: 0.93, CI[0.92, 0.93]","Computational Method","",""
57045,"57045.42","Salmonella enterica subsp. enterica serovar Paratyphi B strain 12-00618","azithromycin","Susceptible","","","","","","","","","","","SIR XGBoost Model","202503101","F1 score: 0.92, CI[0.87, 0.98]","Computational Method","",""
57045,"57045.42","Salmonella enterica subsp. enterica serovar Paratyphi B strain 12-00618","chloramphenicol","Susceptible","","","","","","","","","","","SIR XGBoost Model","202503101","F1 score: 0.90, CI[0.88, 0.91]","Computational Method","",""
57045,"57045.42","Salmonella enterica subsp. enterica serovar Paratyphi B strain 12-00618","ciprofloxacin","Susceptible","","","","","","","","","","","SIR XGBoost Model","202503101","F1 score: 0.95, CI[0.93, 0.96]","Computational Method","",""
57045,"57045.42","Salmonella enterica subsp. enterica serovar Paratyphi B strain 12-00618","ceftriaxone","Susceptible","","","","","","","","","","","SIR XGBoost Model","202503101","F1 score: 0.98, CI[0.97, 1.00]","Computational Method","",""
57045,"57045.42","Salmonella enterica subsp. enterica serovar Paratyphi B strain 12-00618","cefotaxime","Susceptible","","","","","","","","","","","SIR XGBoost Model","202503101","F1 score: 0.95, CI[0.90, 0.99]","Computational Method","",""
57045,"57045.42","Salmonella enterica subsp. enterica serovar Paratyphi B strain 12-00618","sulfisoxazole","Susceptible","","","","","","","","","","","SIR XGBoost Model","202503101","F1 score: 0.99, CI[0.98, 1.00]","Computational Method","",""
57045,"57045.42","Salmonella enterica subsp. enterica serovar Paratyphi B strain 12-00618","cefoxitin","Susceptible","","","","","","","","","","","SIR XGBoost Model","202503101","F1 score: 0.96, CI[0.93, 0.99]","Computational Method","",""
57045,"57045.42","Salmonella enterica subsp. enterica serovar Paratyphi B strain 12-00618","gentamicin","Susceptible","","","","","","","","","","","SIR XGBoost Model","202503101","F1 score: 0.92, CI[0.89, 0.95]","Computational Method","",""
57045,"57045.42","Salmonella enterica subsp. enterica serovar Paratyphi B strain 12-00618","kanamycin","Susceptible","","","","","","","","","","","SIR XGBoost Model","202503101","F1 score: 0.86, CI[0.77, 0.95]","Computational Method","",""
57045,"57045.42","Salmonella enterica subsp. enterica serovar Paratyphi B strain 12-00618","nalidixic acid","Resistant","","","","","","","","","","","SIR XGBoost Model","202503101","F1 score: 0.95, CI[0.93, 0.96]","Computational Method","",""
57045,"57045.42","Salmonella enterica subsp. enterica serovar Paratyphi B strain 12-00618","pefloxacin","Susceptible","","","","","","","","","","","SIR XGBoost Model","202503101","F1 score: 0.98, CI[0.96, 1.00]","Computational Method","",""
57045,"57045.42","Salmonella enterica subsp. enterica serovar Paratyphi B strain 12-00618","sulfamethoxazole","Susceptible","","","","","","","","","","","SIR XGBoost Model","202503101","F1 score: 0.95, CI[0.93, 0.97]","Computational Method","",""
57045,"57045.42","Salmonella enterica subsp. enterica serovar Paratyphi B strain 12-00618","spectinomycin","Susceptible","","","","","","","","","","","SIR XGBoost Model","202503101","F1 score: 0.94, CI[0.90, 0.98]","Computational Method","",""
57045,"57045.42","Salmonella enterica subsp. enterica serovar Paratyphi B strain 12-00618","streptomycin","Susceptible","","","","","","","","","","","SIR XGBoost Model","202503101","F1 score: 0.94, CI[0.93, 0.96]","Computational Method","",""
57045,"57045.42","Salmonella enterica subsp. enterica serovar Paratyphi B strain 12-00618","tetracycline","Susceptible","","","","","","","","","","","SIR XGBoost Model","202503101","F1 score: 0.97, CI[0.96, 0.98]","Computational Method","",""
57045,"57045.42","Salmonella enterica subsp. enterica serovar Paratyphi B strain 12-00618","ceftiofur","Susceptible","","","","","","","","","","","SIR XGBoost Model","202503101","F1 score: 0.98, CI[0.97, 1.00]","Computational Method","",""
57045,"57045.42","Salmonella enterica subsp. enterica serovar Paratyphi B strain 12-00618","trimethoprim","Susceptible","","","","","","","","","","","SIR XGBoost Model","202503101","F1 score: 0.86, CI[0.78, 0.93]","Computational Method","",""
57045,"57045.43","Salmonella enterica subsp. enterica serovar Paratyphi B strain 11-00422","amoxicillin/clavulanic acid","Susceptible","","","","","","","","","","","SIR XGBoost Model","202503101","F1 score: 0.96, CI[0.95, 0.97]","Computational Method","",""
57045,"57045.43","Salmonella enterica subsp. enterica serovar Paratyphi B strain 11-00422","ampicillin","Resistant","","","","","","","","","","","SIR XGBoost Model","202503101","F1 score: 0.93, CI[0.92, 0.93]","Computational Method","",""
57045,"57045.43","Salmonella enterica subsp. enterica serovar Paratyphi B strain 11-00422","azithromycin","Susceptible","","","","","","","","","","","SIR XGBoost Model","202503101","F1 score: 0.92, CI[0.87, 0.98]","Computational Method","",""
57045,"57045.43","Salmonella enterica subsp. enterica serovar Paratyphi B strain 11-00422","chloramphenicol","Susceptible","","","","","","","","","","","SIR XGBoost Model","202503101","F1 score: 0.90, CI[0.88, 0.91]","Computational Method","",""
57045,"57045.43","Salmonella enterica subsp. enterica serovar Paratyphi B strain 11-00422","ciprofloxacin","Susceptible","","","","","","","","","","","SIR XGBoost Model","202503101","F1 score: 0.95, CI[0.93, 0.96]","Computational Method","",""
57045,"57045.43","Salmonella enterica subsp. enterica serovar Paratyphi B strain 11-00422","ceftriaxone","Susceptible","","","","","","","","","","","SIR XGBoost Model","202503101","F1 score: 0.98, CI[0.97, 1.00]","Computational Method","",""
57045,"57045.43","Salmonella enterica subsp. enterica serovar Paratyphi B strain 11-00422","cefotaxime","Susceptible","","","","","","","","","","","SIR XGBoost Model","202503101","F1 score: 0.95, CI[0.90, 0.99]","Computational Method","",""
57045,"57045.43","Salmonella enterica subsp. enterica serovar Paratyphi B strain 11-00422","sulfisoxazole","Resistant","","","","","","","","","","","SIR XGBoost Model","202503101","F1 score: 0.99, CI[0.98, 1.00]","Computational Method","",""
57045,"57045.43","Salmonella enterica subsp. enterica serovar Paratyphi B strain 11-00422","cefoxitin","Susceptible","","","","","","","","","","","SIR XGBoost Model","202503101","F1 score: 0.96, CI[0.93, 0.99]","Computational Method","",""
57045,"57045.43","Salmonella enterica subsp. enterica serovar Paratyphi B strain 11-00422","gentamicin","Susceptible","","","","","","","","","","","SIR XGBoost Model","202503101","F1 score: 0.92, CI[0.89, 0.95]","Computational Method","",""
57045,"57045.43","Salmonella enterica subsp. enterica serovar Paratyphi B strain 11-00422","kanamycin","Susceptible","","","","","","","","","","","SIR XGBoost Model","202503101","F1 score: 0.86, CI[0.77, 0.95]","Computational Method","",""
57045,"57045.43","Salmonella enterica subsp. enterica serovar Paratyphi B strain 11-00422","nalidixic acid","Resistant","","","","","","","","","","","SIR XGBoost Model","202503101","F1 score: 0.95, CI[0.93, 0.96]","Computational Method","",""
57045,"57045.43","Salmonella enterica subsp. enterica serovar Paratyphi B strain 11-00422","pefloxacin","Susceptible","","","","","","","","","","","SIR XGBoost Model","202503101","F1 score: 0.98, CI[0.96, 1.00]","Computational Method","",""
57045,"57045.43","Salmonella enterica subsp. enterica serovar Paratyphi B strain 11-00422","sulfamethoxazole","Resistant","","","","","","","","","","","SIR XGBoost Model","202503101","F1 score: 0.95, CI[0.93, 0.97]","Computational Method","",""
57045,"57045.43","Salmonella enterica subsp. enterica serovar Paratyphi B strain 11-00422","spectinomycin","Susceptible","","","","","","","","","","","SIR XGBoost Model","202503101","F1 score: 0.94, CI[0.90, 0.98]","Computational Method","",""
57045,"57045.43","Salmonella enterica subsp. enterica serovar Paratyphi B strain 11-00422","streptomycin","Resistant","","","","","","","","","","","SIR XGBoost Model","202503101","F1 score: 0.94, CI[0.93, 0.96]","Computational Method","",""
57045,"57045.43","Salmonella enterica subsp. enterica serovar Paratyphi B strain 11-00422","tetracycline","Resistant","","","","","","","","","","","SIR XGBoost Model","202503101","F1 score: 0.97, CI[0.96, 0.98]","Computational Method","",""
57045,"57045.43","Salmonella enterica subsp. enterica serovar Paratyphi B strain 11-00422","ceftiofur","Susceptible","","","","","","","","","","","SIR XGBoost Model","202503101","F1 score: 0.98, CI[0.97, 1.00]","Computational Method","",""
57045,"57045.43","Salmonella enterica subsp. enterica serovar Paratyphi B strain 11-00422","trimethoprim","Resistant","","","","","","","","","","","SIR XGBoost Model","202503101","F1 score: 0.86, CI[0.78, 0.93]","Computational Method","",""
57045,"57045.44","Salmonella enterica subsp. enterica serovar Paratyphi B strain 12-01497","amoxicillin/clavulanic acid","Susceptible","","","","","","","","","","","SIR XGBoost Model","202503101","F1 score: 0.96, CI[0.95, 0.97]","Computational Method","",""
57045,"57045.44","Salmonella enterica subsp. enterica serovar Paratyphi B strain 12-01497","ampicillin","Resistant","","","","","","","","","","","SIR XGBoost Model","202503101","F1 score: 0.93, CI[0.92, 0.93]","Computational Method","",""
57045,"57045.44","Salmonella enterica subsp. enterica serovar Paratyphi B strain 12-01497","azithromycin","Susceptible","","","","","","","","","","","SIR XGBoost Model","202503101","F1 score: 0.92, CI[0.87, 0.98]","Computational Method","",""
57045,"57045.44","Salmonella enterica subsp. enterica serovar Paratyphi B strain 12-01497","chloramphenicol","Susceptible","","","","","","","","","","","SIR XGBoost Model","202503101","F1 score: 0.90, CI[0.88, 0.91]","Computational Method","",""
57045,"57045.44","Salmonella enterica subsp. enterica serovar Paratyphi B strain 12-01497","ciprofloxacin","Susceptible","","","","","","","","","","","SIR XGBoost Model","202503101","F1 score: 0.95, CI[0.93, 0.96]","Computational Method","",""
57045,"57045.44","Salmonella enterica subsp. enterica serovar Paratyphi B strain 12-01497","ceftriaxone","Susceptible","","","","","","","","","","","SIR XGBoost Model","202503101","F1 score: 0.98, CI[0.97, 1.00]","Computational Method","",""
57045,"57045.44","Salmonella enterica subsp. enterica serovar Paratyphi B strain 12-01497","cefotaxime","Susceptible","","","","","","","","","","","SIR XGBoost Model","202503101","F1 score: 0.95, CI[0.90, 0.99]","Computational Method","",""
57045,"57045.44","Salmonella enterica subsp. enterica serovar Paratyphi B strain 12-01497","sulfisoxazole","Resistant","","","","","","","","","","","SIR XGBoost Model","202503101","F1 score: 0.99, CI[0.98, 1.00]","Computational Method","",""
57045,"57045.44","Salmonella enterica subsp. enterica serovar Paratyphi B strain 12-01497","cefoxitin","Susceptible","","","","","","","","","","","SIR XGBoost Model","202503101","F1 score: 0.96, CI[0.93, 0.99]","Computational Method","",""
57045,"57045.44","Salmonella enterica subsp. enterica serovar Paratyphi B strain 12-01497","gentamicin","Susceptible","","","","","","","","","","","SIR XGBoost Model","202503101","F1 score: 0.92, CI[0.89, 0.95]","Computational Method","",""
57045,"57045.44","Salmonella enterica subsp. enterica serovar Paratyphi B strain 12-01497","kanamycin","Susceptible","","","","","","","","","","","SIR XGBoost Model","202503101","F1 score: 0.86, CI[0.77, 0.95]","Computational Method","",""
57045,"57045.44","Salmonella enterica subsp. enterica serovar Paratyphi B strain 12-01497","nalidixic acid","Resistant","","","","","","","","","","","SIR XGBoost Model","202503101","F1 score: 0.95, CI[0.93, 0.96]","Computational Method","",""
57045,"57045.44","Salmonella enterica subsp. enterica serovar Paratyphi B strain 12-01497","pefloxacin","Susceptible","","","","","","","","","","","SIR XGBoost Model","202503101","F1 score: 0.98, CI[0.96, 1.00]","Computational Method","",""
57045,"57045.44","Salmonella enterica subsp. enterica serovar Paratyphi B strain 12-01497","sulfamethoxazole","Resistant","","","","","","","","","","","SIR XGBoost Model","202503101","F1 score: 0.95, CI[0.93, 0.97]","Computational Method","",""
57045,"57045.44","Salmonella enterica subsp. enterica serovar Paratyphi B strain 12-01497","spectinomycin","Susceptible","","","","","","","","","","","SIR XGBoost Model","202503101","F1 score: 0.94, CI[0.90, 0.98]","Computational Method","",""
57045,"57045.44","Salmonella enterica subsp. enterica serovar Paratyphi B strain 12-01497","streptomycin","Resistant","","","","","","","","","","","SIR XGBoost Model","202503101","F1 score: 0.94, CI[0.93, 0.96]","Computational Method","",""
57045,"57045.44","Salmonella enterica subsp. enterica serovar Paratyphi B strain 12-01497","tetracycline","Resistant","","","","","","","","","","","SIR XGBoost Model","202503101","F1 score: 0.97, CI[0.96, 0.98]","Computational Method","",""
57045,"57045.44","Salmonella enterica subsp. enterica serovar Paratyphi B strain 12-01497","ceftiofur","Susceptible","","","","","","","","","","","SIR XGBoost Model","202503101","F1 score: 0.98, CI[0.97, 1.00]","Computational Method","",""
57045,"57045.44","Salmonella enterica subsp. enterica serovar Paratyphi B strain 12-01497","trimethoprim","Resistant","","","","","","","","","","","SIR XGBoost Model","202503101","F1 score: 0.86, CI[0.78, 0.93]","Computational Method","",""
57045,"57045.45","Salmonella enterica subsp. enterica serovar Paratyphi B strain 12-00663","amoxicillin/clavulanic acid","Susceptible","","","","","","","","","","","SIR XGBoost Model","202503101","F1 score: 0.96, CI[0.95, 0.97]","Computational Method","",""
57045,"57045.45","Salmonella enterica subsp. enterica serovar Paratyphi B strain 12-00663","ampicillin","Resistant","","","","","","","","","","","SIR XGBoost Model","202503101","F1 score: 0.93, CI[0.92, 0.93]","Computational Method","",""
57045,"57045.45","Salmonella enterica subsp. enterica serovar Paratyphi B strain 12-00663","azithromycin","Susceptible","","","","","","","","","","","SIR XGBoost Model","202503101","F1 score: 0.92, CI[0.87, 0.98]","Computational Method","",""
57045,"57045.45","Salmonella enterica subsp. enterica serovar Paratyphi B strain 12-00663","chloramphenicol","Susceptible","","","","","","","","","","","SIR XGBoost Model","202503101","F1 score: 0.90, CI[0.88, 0.91]","Computational Method","",""
57045,"57045.45","Salmonella enterica subsp. enterica serovar Paratyphi B strain 12-00663","ciprofloxacin","Susceptible","","","","","","","","","","","SIR XGBoost Model","202503101","F1 score: 0.95, CI[0.93, 0.96]","Computational Method","",""
57045,"57045.45","Salmonella enterica subsp. enterica serovar Paratyphi B strain 12-00663","ceftriaxone","Susceptible","","","","","","","","","","","SIR XGBoost Model","202503101","F1 score: 0.98, CI[0.97, 1.00]","Computational Method","",""
57045,"57045.45","Salmonella enterica subsp. enterica serovar Paratyphi B strain 12-00663","cefotaxime","Susceptible","","","","","","","","","","","SIR XGBoost Model","202503101","F1 score: 0.95, CI[0.90, 0.99]","Computational Method","",""
57045,"57045.45","Salmonella enterica subsp. enterica serovar Paratyphi B strain 12-00663","sulfisoxazole","Resistant","","","","","","","","","","","SIR XGBoost Model","202503101","F1 score: 0.99, CI[0.98, 1.00]","Computational Method","",""
57045,"57045.45","Salmonella enterica subsp. enterica serovar Paratyphi B strain 12-00663","cefoxitin","Susceptible","","","","","","","","","","","SIR XGBoost Model","202503101","F1 score: 0.96, CI[0.93, 0.99]","Computational Method","",""
57045,"57045.45","Salmonella enterica subsp. enterica serovar Paratyphi B strain 12-00663","gentamicin","Susceptible","","","","","","","","","","","SIR XGBoost Model","202503101","F1 score: 0.92, CI[0.89, 0.95]","Computational Method","",""
57045,"57045.45","Salmonella enterica subsp. enterica serovar Paratyphi B strain 12-00663","kanamycin","Susceptible","","","","","","","","","","","SIR XGBoost Model","202503101","F1 score: 0.86, CI[0.77, 0.95]","Computational Method","",""
57045,"57045.45","Salmonella enterica subsp. enterica serovar Paratyphi B strain 12-00663","nalidixic acid","Resistant","","","","","","","","","","","SIR XGBoost Model","202503101","F1 score: 0.95, CI[0.93, 0.96]","Computational Method","",""
57045,"57045.45","Salmonella enterica subsp. enterica serovar Paratyphi B strain 12-00663","pefloxacin","Susceptible","","","","","","","","","","","SIR XGBoost Model","202503101","F1 score: 0.98, CI[0.96, 1.00]","Computational Method","",""
57045,"57045.45","Salmonella enterica subsp. enterica serovar Paratyphi B strain 12-00663","sulfamethoxazole","Susceptible","","","","","","","","","","","SIR XGBoost Model","202503101","F1 score: 0.95, CI[0.93, 0.97]","Computational Method","",""
57045,"57045.45","Salmonella enterica subsp. enterica serovar Paratyphi B strain 12-00663","spectinomycin","Susceptible","","","","","","","","","","","SIR XGBoost Model","202503101","F1 score: 0.94, CI[0.90, 0.98]","Computational Method","",""
57045,"57045.45","Salmonella enterica subsp. enterica serovar Paratyphi B strain 12-00663","streptomycin","Susceptible","","","","","","","","","","","SIR XGBoost Model","202503101","F1 score: 0.94, CI[0.93, 0.96]","Computational Method","",""
57045,"57045.45","Salmonella enterica subsp. enterica serovar Paratyphi B strain 12-00663","tetracycline","Resistant","","","","","","","","","","","SIR XGBoost Model","202503101","F1 score: 0.97, CI[0.96, 0.98]","Computational Method","",""
57045,"57045.45","Salmonella enterica subsp. enterica serovar Paratyphi B strain 12-00663","ceftiofur","Susceptible","","","","","","","","","","","SIR XGBoost Model","202503101","F1 score: 0.98, CI[0.97, 1.00]","Computational Method","",""
57045,"57045.45","Salmonella enterica subsp. enterica serovar Paratyphi B strain 12-00663","trimethoprim","Susceptible","","","","","","","","","","","SIR XGBoost Model","202503101","F1 score: 0.86, CI[0.78, 0.93]","Computational Method","",""
57045,"57045.46","Salmonella enterica subsp. enterica serovar Paratyphi B strain 12-03724","amoxicillin/clavulanic acid","Susceptible","","","","","","","","","","","SIR XGBoost Model","202503101","F1 score: 0.96, CI[0.95, 0.97]","Computational Method","",""
57045,"57045.46","Salmonella enterica subsp. enterica serovar Paratyphi B strain 12-03724","ampicillin","Resistant","","","","","","","","","","","SIR XGBoost Model","202503101","F1 score: 0.93, CI[0.92, 0.93]","Computational Method","",""
57045,"57045.46","Salmonella enterica subsp. enterica serovar Paratyphi B strain 12-03724","azithromycin","Susceptible","","","","","","","","","","","SIR XGBoost Model","202503101","F1 score: 0.92, CI[0.87, 0.98]","Computational Method","",""
57045,"57045.46","Salmonella enterica subsp. enterica serovar Paratyphi B strain 12-03724","chloramphenicol","Susceptible","","","","","","","","","","","SIR XGBoost Model","202503101","F1 score: 0.90, CI[0.88, 0.91]","Computational Method","",""
57045,"57045.46","Salmonella enterica subsp. enterica serovar Paratyphi B strain 12-03724","ciprofloxacin","Susceptible","","","","","","","","","","","SIR XGBoost Model","202503101","F1 score: 0.95, CI[0.93, 0.96]","Computational Method","",""
57045,"57045.46","Salmonella enterica subsp. enterica serovar Paratyphi B strain 12-03724","ceftriaxone","Susceptible","","","","","","","","","","","SIR XGBoost Model","202503101","F1 score: 0.98, CI[0.97, 1.00]","Computational Method","",""
57045,"57045.46","Salmonella enterica subsp. enterica serovar Paratyphi B strain 12-03724","cefotaxime","Susceptible","","","","","","","","","","","SIR XGBoost Model","202503101","F1 score: 0.95, CI[0.90, 0.99]","Computational Method","",""
57045,"57045.46","Salmonella enterica subsp. enterica serovar Paratyphi B strain 12-03724","sulfisoxazole","Resistant","","","","","","","","","","","SIR XGBoost Model","202503101","F1 score: 0.99, CI[0.98, 1.00]","Computational Method","",""
57045,"57045.46","Salmonella enterica subsp. enterica serovar Paratyphi B strain 12-03724","cefoxitin","Susceptible","","","","","","","","","","","SIR XGBoost Model","202503101","F1 score: 0.96, CI[0.93, 0.99]","Computational Method","",""
57045,"57045.46","Salmonella enterica subsp. enterica serovar Paratyphi B strain 12-03724","gentamicin","Susceptible","","","","","","","","","","","SIR XGBoost Model","202503101","F1 score: 0.92, CI[0.89, 0.95]","Computational Method","",""
57045,"57045.46","Salmonella enterica subsp. enterica serovar Paratyphi B strain 12-03724","kanamycin","Susceptible","","","","","","","","","","","SIR XGBoost Model","202503101","F1 score: 0.86, CI[0.77, 0.95]","Computational Method","",""
57045,"57045.46","Salmonella enterica subsp. enterica serovar Paratyphi B strain 12-03724","nalidixic acid","Resistant","","","","","","","","","","","SIR XGBoost Model","202503101","F1 score: 0.95, CI[0.93, 0.96]","Computational Method","",""
57045,"57045.46","Salmonella enterica subsp. enterica serovar Paratyphi B strain 12-03724","pefloxacin","Susceptible","","","","","","","","","","","SIR XGBoost Model","202503101","F1 score: 0.98, CI[0.96, 1.00]","Computational Method","",""
57045,"57045.46","Salmonella enterica subsp. enterica serovar Paratyphi B strain 12-03724","sulfamethoxazole","Resistant","","","","","","","","","","","SIR XGBoost Model","202503101","F1 score: 0.95, CI[0.93, 0.97]","Computational Method","",""
57045,"57045.46","Salmonella enterica subsp. enterica serovar Paratyphi B strain 12-03724","spectinomycin","Susceptible","","","","","","","","","","","SIR XGBoost Model","202503101","F1 score: 0.94, CI[0.90, 0.98]","Computational Method","",""
57045,"57045.46","Salmonella enterica subsp. enterica serovar Paratyphi B strain 12-03724","streptomycin","Resistant","","","","","","","","","","","SIR XGBoost Model","202503101","F1 score: 0.94, CI[0.93, 0.96]","Computational Method","",""
57045,"57045.46","Salmonella enterica subsp. enterica serovar Paratyphi B strain 12-03724","tetracycline","Susceptible","","","","","","","","","","","SIR XGBoost Model","202503101","F1 score: 0.97, CI[0.96, 0.98]","Computational Method","",""
57045,"57045.46","Salmonella enterica subsp. enterica serovar Paratyphi B strain 12-03724","ceftiofur","Susceptible","","","","","","","","","","","SIR XGBoost Model","202503101","F1 score: 0.98, CI[0.97, 1.00]","Computational Method","",""
57045,"57045.46","Salmonella enterica subsp. enterica serovar Paratyphi B strain 12-03724","trimethoprim","Resistant","","","","","","","","","","","SIR XGBoost Model","202503101","F1 score: 0.86, CI[0.78, 0.93]","Computational Method","",""
57045,"57045.47","Salmonella enterica subsp. enterica serovar Paratyphi B strain 12-02552","amoxicillin/clavulanic acid","Susceptible","","","","","","","","","","","SIR XGBoost Model","202503101","F1 score: 0.96, CI[0.95, 0.97]","Computational Method","",""
57045,"57045.47","Salmonella enterica subsp. enterica serovar Paratyphi B strain 12-02552","ampicillin","Resistant","","","","","","","","","","","SIR XGBoost Model","202503101","F1 score: 0.93, CI[0.92, 0.93]","Computational Method","",""
57045,"57045.47","Salmonella enterica subsp. enterica serovar Paratyphi B strain 12-02552","azithromycin","Susceptible","","","","","","","","","","","SIR XGBoost Model","202503101","F1 score: 0.92, CI[0.87, 0.98]","Computational Method","",""
57045,"57045.47","Salmonella enterica subsp. enterica serovar Paratyphi B strain 12-02552","chloramphenicol","Susceptible","","","","","","","","","","","SIR XGBoost Model","202503101","F1 score: 0.90, CI[0.88, 0.91]","Computational Method","",""
57045,"57045.47","Salmonella enterica subsp. enterica serovar Paratyphi B strain 12-02552","ciprofloxacin","Susceptible","","","","","","","","","","","SIR XGBoost Model","202503101","F1 score: 0.95, CI[0.93, 0.96]","Computational Method","",""
57045,"57045.47","Salmonella enterica subsp. enterica serovar Paratyphi B strain 12-02552","ceftriaxone","Susceptible","","","","","","","","","","","SIR XGBoost Model","202503101","F1 score: 0.98, CI[0.97, 1.00]","Computational Method","",""
57045,"57045.47","Salmonella enterica subsp. enterica serovar Paratyphi B strain 12-02552","cefotaxime","Susceptible","","","","","","","","","","","SIR XGBoost Model","202503101","F1 score: 0.95, CI[0.90, 0.99]","Computational Method","",""
57045,"57045.47","Salmonella enterica subsp. enterica serovar Paratyphi B strain 12-02552","sulfisoxazole","Resistant","","","","","","","","","","","SIR XGBoost Model","202503101","F1 score: 0.99, CI[0.98, 1.00]","Computational Method","",""
57045,"57045.47","Salmonella enterica subsp. enterica serovar Paratyphi B strain 12-02552","cefoxitin","Susceptible","","","","","","","","","","","SIR XGBoost Model","202503101","F1 score: 0.96, CI[0.93, 0.99]","Computational Method","",""
57045,"57045.47","Salmonella enterica subsp. enterica serovar Paratyphi B strain 12-02552","gentamicin","Susceptible","","","","","","","","","","","SIR XGBoost Model","202503101","F1 score: 0.92, CI[0.89, 0.95]","Computational Method","",""
57045,"57045.47","Salmonella enterica subsp. enterica serovar Paratyphi B strain 12-02552","kanamycin","Susceptible","","","","","","","","","","","SIR XGBoost Model","202503101","F1 score: 0.86, CI[0.77, 0.95]","Computational Method","",""
57045,"57045.47","Salmonella enterica subsp. enterica serovar Paratyphi B strain 12-02552","nalidixic acid","Resistant","","","","","","","","","","","SIR XGBoost Model","202503101","F1 score: 0.95, CI[0.93, 0.96]","Computational Method","",""
57045,"57045.47","Salmonella enterica subsp. enterica serovar Paratyphi B strain 12-02552","pefloxacin","Susceptible","","","","","","","","","","","SIR XGBoost Model","202503101","F1 score: 0.98, CI[0.96, 1.00]","Computational Method","",""
57045,"57045.47","Salmonella enterica subsp. enterica serovar Paratyphi B strain 12-02552","sulfamethoxazole","Susceptible","","","","","","","","","","","SIR XGBoost Model","202503101","F1 score: 0.95, CI[0.93, 0.97]","Computational Method","",""
57045,"57045.47","Salmonella enterica subsp. enterica serovar Paratyphi B strain 12-02552","spectinomycin","Susceptible","","","","","","","","","","","SIR XGBoost Model","202503101","F1 score: 0.94, CI[0.90, 0.98]","Computational Method","",""
57045,"57045.47","Salmonella enterica subsp. enterica serovar Paratyphi B strain 12-02552","streptomycin","Susceptible","","","","","","","","","","","SIR XGBoost Model","202503101","F1 score: 0.94, CI[0.93, 0.96]","Computational Method","",""
57045,"57045.47","Salmonella enterica subsp. enterica serovar Paratyphi B strain 12-02552","tetracycline","Resistant","","","","","","","","","","","SIR XGBoost Model","202503101","F1 score: 0.97, CI[0.96, 0.98]","Computational Method","",""
57045,"57045.47","Salmonella enterica subsp. enterica serovar Paratyphi B strain 12-02552","ceftiofur","Susceptible","","","","","","","","","","","SIR XGBoost Model","202503101","F1 score: 0.98, CI[0.97, 1.00]","Computational Method","",""
57045,"57045.47","Salmonella enterica subsp. enterica serovar Paratyphi B strain 12-02552","trimethoprim","Susceptible","","","","","","","","","","","SIR XGBoost Model","202503101","F1 score: 0.86, CI[0.78, 0.93]","Computational Method","",""
57045,"57045.48","Salmonella enterica subsp. enterica serovar Paratyphi B strain 13-SA01718","amoxicillin/clavulanic acid","Susceptible","","","","","","","","","","","SIR XGBoost Model","202503101","F1 score: 0.96, CI[0.95, 0.97]","Computational Method","",""
57045,"57045.48","Salmonella enterica subsp. enterica serovar Paratyphi B strain 13-SA01718","ampicillin","Resistant","","","","","","","","","","","SIR XGBoost Model","202503101","F1 score: 0.93, CI[0.92, 0.93]","Computational Method","",""
57045,"57045.48","Salmonella enterica subsp. enterica serovar Paratyphi B strain 13-SA01718","azithromycin","Susceptible","","","","","","","","","","","SIR XGBoost Model","202503101","F1 score: 0.92, CI[0.87, 0.98]","Computational Method","",""
57045,"57045.48","Salmonella enterica subsp. enterica serovar Paratyphi B strain 13-SA01718","chloramphenicol","Susceptible","","","","","","","","","","","SIR XGBoost Model","202503101","F1 score: 0.90, CI[0.88, 0.91]","Computational Method","",""
57045,"57045.48","Salmonella enterica subsp. enterica serovar Paratyphi B strain 13-SA01718","ciprofloxacin","Susceptible","","","","","","","","","","","SIR XGBoost Model","202503101","F1 score: 0.95, CI[0.93, 0.96]","Computational Method","",""
57045,"57045.48","Salmonella enterica subsp. enterica serovar Paratyphi B strain 13-SA01718","ceftriaxone","Susceptible","","","","","","","","","","","SIR XGBoost Model","202503101","F1 score: 0.98, CI[0.97, 1.00]","Computational Method","",""
57045,"57045.48","Salmonella enterica subsp. enterica serovar Paratyphi B strain 13-SA01718","cefotaxime","Susceptible","","","","","","","","","","","SIR XGBoost Model","202503101","F1 score: 0.95, CI[0.90, 0.99]","Computational Method","",""
57045,"57045.48","Salmonella enterica subsp. enterica serovar Paratyphi B strain 13-SA01718","sulfisoxazole","Resistant","","","","","","","","","","","SIR XGBoost Model","202503101","F1 score: 0.99, CI[0.98, 1.00]","Computational Method","",""
57045,"57045.48","Salmonella enterica subsp. enterica serovar Paratyphi B strain 13-SA01718","cefoxitin","Susceptible","","","","","","","","","","","SIR XGBoost Model","202503101","F1 score: 0.96, CI[0.93, 0.99]","Computational Method","",""
57045,"57045.48","Salmonella enterica subsp. enterica serovar Paratyphi B strain 13-SA01718","gentamicin","Susceptible","","","","","","","","","","","SIR XGBoost Model","202503101","F1 score: 0.92, CI[0.89, 0.95]","Computational Method","",""
57045,"57045.48","Salmonella enterica subsp. enterica serovar Paratyphi B strain 13-SA01718","kanamycin","Susceptible","","","","","","","","","","","SIR XGBoost Model","202503101","F1 score: 0.86, CI[0.77, 0.95]","Computational Method","",""
57045,"57045.48","Salmonella enterica subsp. enterica serovar Paratyphi B strain 13-SA01718","nalidixic acid","Resistant","","","","","","","","","","","SIR XGBoost Model","202503101","F1 score: 0.95, CI[0.93, 0.96]","Computational Method","",""
57045,"57045.48","Salmonella enterica subsp. enterica serovar Paratyphi B strain 13-SA01718","pefloxacin","Susceptible","","","","","","","","","","","SIR XGBoost Model","202503101","F1 score: 0.98, CI[0.96, 1.00]","Computational Method","",""
57045,"57045.48","Salmonella enterica subsp. enterica serovar Paratyphi B strain 13-SA01718","sulfamethoxazole","Resistant","","","","","","","","","","","SIR XGBoost Model","202503101","F1 score: 0.95, CI[0.93, 0.97]","Computational Method","",""
57045,"57045.48","Salmonella enterica subsp. enterica serovar Paratyphi B strain 13-SA01718","spectinomycin","Susceptible","","","","","","","","","","","SIR XGBoost Model","202503101","F1 score: 0.94, CI[0.90, 0.98]","Computational Method","",""
57045,"57045.48","Salmonella enterica subsp. enterica serovar Paratyphi B strain 13-SA01718","streptomycin","Resistant","","","","","","","","","","","SIR XGBoost Model","202503101","F1 score: 0.94, CI[0.93, 0.96]","Computational Method","",""
57045,"57045.48","Salmonella enterica subsp. enterica serovar Paratyphi B strain 13-SA01718","tetracycline","Resistant","","","","","","","","","","","SIR XGBoost Model","202503101","F1 score: 0.97, CI[0.96, 0.98]","Computational Method","",""
57045,"57045.48","Salmonella enterica subsp. enterica serovar Paratyphi B strain 13-SA01718","ceftiofur","Susceptible","","","","","","","","","","","SIR XGBoost Model","202503101","F1 score: 0.98, CI[0.97, 1.00]","Computational Method","",""
57045,"57045.48","Salmonella enterica subsp. enterica serovar Paratyphi B strain 13-SA01718","trimethoprim","Resistant","","","","","","","","","","","SIR XGBoost Model","202503101","F1 score: 0.86, CI[0.78, 0.93]","Computational Method","",""
57045,"57045.49","Salmonella enterica subsp. enterica serovar Paratyphi B strain 12-02548","amoxicillin/clavulanic acid","Susceptible","","","","","","","","","","","SIR XGBoost Model","202503101","F1 score: 0.96, CI[0.95, 0.97]","Computational Method","",""
57045,"57045.49","Salmonella enterica subsp. enterica serovar Paratyphi B strain 12-02548","ampicillin","Resistant","","","","","","","","","","","SIR XGBoost Model","202503101","F1 score: 0.93, CI[0.92, 0.93]","Computational Method","",""
57045,"57045.49","Salmonella enterica subsp. enterica serovar Paratyphi B strain 12-02548","azithromycin","Susceptible","","","","","","","","","","","SIR XGBoost Model","202503101","F1 score: 0.92, CI[0.87, 0.98]","Computational Method","",""
57045,"57045.49","Salmonella enterica subsp. enterica serovar Paratyphi B strain 12-02548","chloramphenicol","Susceptible","","","","","","","","","","","SIR XGBoost Model","202503101","F1 score: 0.90, CI[0.88, 0.91]","Computational Method","",""
57045,"57045.49","Salmonella enterica subsp. enterica serovar Paratyphi B strain 12-02548","ciprofloxacin","Susceptible","","","","","","","","","","","SIR XGBoost Model","202503101","F1 score: 0.95, CI[0.93, 0.96]","Computational Method","",""
57045,"57045.49","Salmonella enterica subsp. enterica serovar Paratyphi B strain 12-02548","ceftriaxone","Susceptible","","","","","","","","","","","SIR XGBoost Model","202503101","F1 score: 0.98, CI[0.97, 1.00]","Computational Method","",""
57045,"57045.49","Salmonella enterica subsp. enterica serovar Paratyphi B strain 12-02548","cefotaxime","Susceptible","","","","","","","","","","","SIR XGBoost Model","202503101","F1 score: 0.95, CI[0.90, 0.99]","Computational Method","",""
57045,"57045.49","Salmonella enterica subsp. enterica serovar Paratyphi B strain 12-02548","sulfisoxazole","Resistant","","","","","","","","","","","SIR XGBoost Model","202503101","F1 score: 0.99, CI[0.98, 1.00]","Computational Method","",""
57045,"57045.49","Salmonella enterica subsp. enterica serovar Paratyphi B strain 12-02548","cefoxitin","Susceptible","","","","","","","","","","","SIR XGBoost Model","202503101","F1 score: 0.96, CI[0.93, 0.99]","Computational Method","",""
57045,"57045.49","Salmonella enterica subsp. enterica serovar Paratyphi B strain 12-02548","gentamicin","Susceptible","","","","","","","","","","","SIR XGBoost Model","202503101","F1 score: 0.92, CI[0.89, 0.95]","Computational Method","",""
57045,"57045.49","Salmonella enterica subsp. enterica serovar Paratyphi B strain 12-02548","kanamycin","Susceptible","","","","","","","","","","","SIR XGBoost Model","202503101","F1 score: 0.86, CI[0.77, 0.95]","Computational Method","",""
57045,"57045.49","Salmonella enterica subsp. enterica serovar Paratyphi B strain 12-02548","nalidixic acid","Resistant","","","","","","","","","","","SIR XGBoost Model","202503101","F1 score: 0.95, CI[0.93, 0.96]","Computational Method","",""
57045,"57045.49","Salmonella enterica subsp. enterica serovar Paratyphi B strain 12-02548","pefloxacin","Susceptible","","","","","","","","","","","SIR XGBoost Model","202503101","F1 score: 0.98, CI[0.96, 1.00]","Computational Method","",""
57045,"57045.49","Salmonella enterica subsp. enterica serovar Paratyphi B strain 12-02548","sulfamethoxazole","Resistant","","","","","","","","","","","SIR XGBoost Model","202503101","F1 score: 0.95, CI[0.93, 0.97]","Computational Method","",""
57045,"57045.49","Salmonella enterica subsp. enterica serovar Paratyphi B strain 12-02548","spectinomycin","Susceptible","","","","","","","","","","","SIR XGBoost Model","202503101","F1 score: 0.94, CI[0.90, 0.98]","Computational Method","",""
57045,"57045.49","Salmonella enterica subsp. enterica serovar Paratyphi B strain 12-02548","streptomycin","Resistant","","","","","","","","","","","SIR XGBoost Model","202503101","F1 score: 0.94, CI[0.93, 0.96]","Computational Method","",""
57045,"57045.49","Salmonella enterica subsp. enterica serovar Paratyphi B strain 12-02548","tetracycline","Resistant","","","","","","","","","","","SIR XGBoost Model","202503101","F1 score: 0.97, CI[0.96, 0.98]","Computational Method","",""
57045,"57045.49","Salmonella enterica subsp. enterica serovar Paratyphi B strain 12-02548","ceftiofur","Susceptible","","","","","","","","","","","SIR XGBoost Model","202503101","F1 score: 0.98, CI[0.97, 1.00]","Computational Method","",""
57045,"57045.49","Salmonella enterica subsp. enterica serovar Paratyphi B strain 12-02548","trimethoprim","Resistant","","","","","","","","","","","SIR XGBoost Model","202503101","F1 score: 0.86, CI[0.78, 0.93]","Computational Method","",""
57045,"57045.50","Salmonella enterica subsp. enterica serovar Paratyphi B strain 12-02546-2","amoxicillin/clavulanic acid","Susceptible","","","","","","","","","","","SIR XGBoost Model","202503101","F1 score: 0.96, CI[0.95, 0.97]","Computational Method","",""
57045,"57045.50","Salmonella enterica subsp. enterica serovar Paratyphi B strain 12-02546-2","ampicillin","Resistant","","","","","","","","","","","SIR XGBoost Model","202503101","F1 score: 0.93, CI[0.92, 0.93]","Computational Method","",""
57045,"57045.50","Salmonella enterica subsp. enterica serovar Paratyphi B strain 12-02546-2","azithromycin","Susceptible","","","","","","","","","","","SIR XGBoost Model","202503101","F1 score: 0.92, CI[0.87, 0.98]","Computational Method","",""
57045,"57045.50","Salmonella enterica subsp. enterica serovar Paratyphi B strain 12-02546-2","chloramphenicol","Susceptible","","","","","","","","","","","SIR XGBoost Model","202503101","F1 score: 0.90, CI[0.88, 0.91]","Computational Method","",""
57045,"57045.50","Salmonella enterica subsp. enterica serovar Paratyphi B strain 12-02546-2","ciprofloxacin","Susceptible","","","","","","","","","","","SIR XGBoost Model","202503101","F1 score: 0.95, CI[0.93, 0.96]","Computational Method","",""
57045,"57045.50","Salmonella enterica subsp. enterica serovar Paratyphi B strain 12-02546-2","ceftriaxone","Susceptible","","","","","","","","","","","SIR XGBoost Model","202503101","F1 score: 0.98, CI[0.97, 1.00]","Computational Method","",""
57045,"57045.50","Salmonella enterica subsp. enterica serovar Paratyphi B strain 12-02546-2","cefotaxime","Susceptible","","","","","","","","","","","SIR XGBoost Model","202503101","F1 score: 0.95, CI[0.90, 0.99]","Computational Method","",""
57045,"57045.50","Salmonella enterica subsp. enterica serovar Paratyphi B strain 12-02546-2","sulfisoxazole","Resistant","","","","","","","","","","","SIR XGBoost Model","202503101","F1 score: 0.99, CI[0.98, 1.00]","Computational Method","",""
57045,"57045.50","Salmonella enterica subsp. enterica serovar Paratyphi B strain 12-02546-2","cefoxitin","Susceptible","","","","","","","","","","","SIR XGBoost Model","202503101","F1 score: 0.96, CI[0.93, 0.99]","Computational Method","",""
57045,"57045.50","Salmonella enterica subsp. enterica serovar Paratyphi B strain 12-02546-2","gentamicin","Susceptible","","","","","","","","","","","SIR XGBoost Model","202503101","F1 score: 0.92, CI[0.89, 0.95]","Computational Method","",""
57045,"57045.50","Salmonella enterica subsp. enterica serovar Paratyphi B strain 12-02546-2","kanamycin","Susceptible","","","","","","","","","","","SIR XGBoost Model","202503101","F1 score: 0.86, CI[0.77, 0.95]","Computational Method","",""
57045,"57045.50","Salmonella enterica subsp. enterica serovar Paratyphi B strain 12-02546-2","nalidixic acid","Resistant","","","","","","","","","","","SIR XGBoost Model","202503101","F1 score: 0.95, CI[0.93, 0.96]","Computational Method","",""
57045,"57045.50","Salmonella enterica subsp. enterica serovar Paratyphi B strain 12-02546-2","pefloxacin","Susceptible","","","","","","","","","","","SIR XGBoost Model","202503101","F1 score: 0.98, CI[0.96, 1.00]","Computational Method","",""
57045,"57045.50","Salmonella enterica subsp. enterica serovar Paratyphi B strain 12-02546-2","sulfamethoxazole","Resistant","","","","","","","","","","","SIR XGBoost Model","202503101","F1 score: 0.95, CI[0.93, 0.97]","Computational Method","",""
57045,"57045.50","Salmonella enterica subsp. enterica serovar Paratyphi B strain 12-02546-2","spectinomycin","Susceptible","","","","","","","","","","","SIR XGBoost Model","202503101","F1 score: 0.94, CI[0.90, 0.98]","Computational Method","",""
57045,"57045.50","Salmonella enterica subsp. enterica serovar Paratyphi B strain 12-02546-2","streptomycin","Resistant","","","","","","","","","","","SIR XGBoost Model","202503101","F1 score: 0.94, CI[0.93, 0.96]","Computational Method","",""
57045,"57045.50","Salmonella enterica subsp. enterica serovar Paratyphi B strain 12-02546-2","tetracycline","Resistant","","","","","","","","","","","SIR XGBoost Model","202503101","F1 score: 0.97, CI[0.96, 0.98]","Computational Method","",""
57045,"57045.50","Salmonella enterica subsp. enterica serovar Paratyphi B strain 12-02546-2","ceftiofur","Susceptible","","","","","","","","","","","SIR XGBoost Model","202503101","F1 score: 0.98, CI[0.97, 1.00]","Computational Method","",""
57045,"57045.50","Salmonella enterica subsp. enterica serovar Paratyphi B strain 12-02546-2","trimethoprim","Resistant","","","","","","","","","","","SIR XGBoost Model","202503101","F1 score: 0.86, CI[0.78, 0.93]","Computational Method","",""
57045,"57045.52","Salmonella enterica subsp. enterica serovar Paratyphi B strain 12-02539","amoxicillin/clavulanic acid","Susceptible","","","","","","","","","","","SIR XGBoost Model","202503101","F1 score: 0.96, CI[0.95, 0.97]","Computational Method","",""
57045,"57045.52","Salmonella enterica subsp. enterica serovar Paratyphi B strain 12-02539","ampicillin","Susceptible","","","","","","","","","","","SIR XGBoost Model","202503101","F1 score: 0.93, CI[0.92, 0.93]","Computational Method","",""
57045,"57045.52","Salmonella enterica subsp. enterica serovar Paratyphi B strain 12-02539","azithromycin","Susceptible","","","","","","","","","","","SIR XGBoost Model","202503101","F1 score: 0.92, CI[0.87, 0.98]","Computational Method","",""
57045,"57045.52","Salmonella enterica subsp. enterica serovar Paratyphi B strain 12-02539","chloramphenicol","Susceptible","","","","","","","","","","","SIR XGBoost Model","202503101","F1 score: 0.90, CI[0.88, 0.91]","Computational Method","",""
57045,"57045.52","Salmonella enterica subsp. enterica serovar Paratyphi B strain 12-02539","ciprofloxacin","Susceptible","","","","","","","","","","","SIR XGBoost Model","202503101","F1 score: 0.95, CI[0.93, 0.96]","Computational Method","",""
57045,"57045.52","Salmonella enterica subsp. enterica serovar Paratyphi B strain 12-02539","ceftriaxone","Susceptible","","","","","","","","","","","SIR XGBoost Model","202503101","F1 score: 0.98, CI[0.97, 1.00]","Computational Method","",""
57045,"57045.52","Salmonella enterica subsp. enterica serovar Paratyphi B strain 12-02539","cefotaxime","Susceptible","","","","","","","","","","","SIR XGBoost Model","202503101","F1 score: 0.95, CI[0.90, 0.99]","Computational Method","",""
57045,"57045.52","Salmonella enterica subsp. enterica serovar Paratyphi B strain 12-02539","sulfisoxazole","Susceptible","","","","","","","","","","","SIR XGBoost Model","202503101","F1 score: 0.99, CI[0.98, 1.00]","Computational Method","",""
57045,"57045.52","Salmonella enterica subsp. enterica serovar Paratyphi B strain 12-02539","cefoxitin","Susceptible","","","","","","","","","","","SIR XGBoost Model","202503101","F1 score: 0.96, CI[0.93, 0.99]","Computational Method","",""
57045,"57045.52","Salmonella enterica subsp. enterica serovar Paratyphi B strain 12-02539","gentamicin","Susceptible","","","","","","","","","","","SIR XGBoost Model","202503101","F1 score: 0.92, CI[0.89, 0.95]","Computational Method","",""
57045,"57045.52","Salmonella enterica subsp. enterica serovar Paratyphi B strain 12-02539","kanamycin","Susceptible","","","","","","","","","","","SIR XGBoost Model","202503101","F1 score: 0.86, CI[0.77, 0.95]","Computational Method","",""
57045,"57045.52","Salmonella enterica subsp. enterica serovar Paratyphi B strain 12-02539","nalidixic acid","Resistant","","","","","","","","","","","SIR XGBoost Model","202503101","F1 score: 0.95, CI[0.93, 0.96]","Computational Method","",""
57045,"57045.52","Salmonella enterica subsp. enterica serovar Paratyphi B strain 12-02539","pefloxacin","Susceptible","","","","","","","","","","","SIR XGBoost Model","202503101","F1 score: 0.98, CI[0.96, 1.00]","Computational Method","",""
57045,"57045.52","Salmonella enterica subsp. enterica serovar Paratyphi B strain 12-02539","sulfamethoxazole","Susceptible","","","","","","","","","","","SIR XGBoost Model","202503101","F1 score: 0.95, CI[0.93, 0.97]","Computational Method","",""
57045,"57045.52","Salmonella enterica subsp. enterica serovar Paratyphi B strain 12-02539","spectinomycin","Susceptible","","","","","","","","","","","SIR XGBoost Model","202503101","F1 score: 0.94, CI[0.90, 0.98]","Computational Method","",""
57045,"57045.52","Salmonella enterica subsp. enterica serovar Paratyphi B strain 12-02539","streptomycin","Susceptible","","","","","","","","","","","SIR XGBoost Model","202503101","F1 score: 0.94, CI[0.93, 0.96]","Computational Method","",""
57045,"57045.52","Salmonella enterica subsp. enterica serovar Paratyphi B strain 12-02539","tetracycline","Susceptible","","","","","","","","","","","SIR XGBoost Model","202503101","F1 score: 0.97, CI[0.96, 0.98]","Computational Method","",""
57045,"57045.52","Salmonella enterica subsp. enterica serovar Paratyphi B strain 12-02539","ceftiofur","Susceptible","","","","","","","","","","","SIR XGBoost Model","202503101","F1 score: 0.98, CI[0.97, 1.00]","Computational Method","",""
57045,"57045.52","Salmonella enterica subsp. enterica serovar Paratyphi B strain 12-02539","trimethoprim","Susceptible","","","","","","","","","","","SIR XGBoost Model","202503101","F1 score: 0.86, CI[0.78, 0.93]","Computational Method","",""
57045,"57045.54","Salmonella enterica subsp. enterica serovar Paratyphi B strain 12-02541","amoxicillin/clavulanic acid","Susceptible","","","","","","","","","","","SIR XGBoost Model","202503101","F1 score: 0.96, CI[0.95, 0.97]","Computational Method","",""
57045,"57045.54","Salmonella enterica subsp. enterica serovar Paratyphi B strain 12-02541","ampicillin","Resistant","","","","","","","","","","","SIR XGBoost Model","202503101","F1 score: 0.93, CI[0.92, 0.93]","Computational Method","",""
57045,"57045.54","Salmonella enterica subsp. enterica serovar Paratyphi B strain 12-02541","azithromycin","Susceptible","","","","","","","","","","","SIR XGBoost Model","202503101","F1 score: 0.92, CI[0.87, 0.98]","Computational Method","",""
57045,"57045.54","Salmonella enterica subsp. enterica serovar Paratyphi B strain 12-02541","chloramphenicol","Susceptible","","","","","","","","","","","SIR XGBoost Model","202503101","F1 score: 0.90, CI[0.88, 0.91]","Computational Method","",""
57045,"57045.54","Salmonella enterica subsp. enterica serovar Paratyphi B strain 12-02541","ciprofloxacin","Susceptible","","","","","","","","","","","SIR XGBoost Model","202503101","F1 score: 0.95, CI[0.93, 0.96]","Computational Method","",""
57045,"57045.54","Salmonella enterica subsp. enterica serovar Paratyphi B strain 12-02541","ceftriaxone","Susceptible","","","","","","","","","","","SIR XGBoost Model","202503101","F1 score: 0.98, CI[0.97, 1.00]","Computational Method","",""
57045,"57045.54","Salmonella enterica subsp. enterica serovar Paratyphi B strain 12-02541","cefotaxime","Susceptible","","","","","","","","","","","SIR XGBoost Model","202503101","F1 score: 0.95, CI[0.90, 0.99]","Computational Method","",""
57045,"57045.54","Salmonella enterica subsp. enterica serovar Paratyphi B strain 12-02541","sulfisoxazole","Resistant","","","","","","","","","","","SIR XGBoost Model","202503101","F1 score: 0.99, CI[0.98, 1.00]","Computational Method","",""
57045,"57045.54","Salmonella enterica subsp. enterica serovar Paratyphi B strain 12-02541","cefoxitin","Susceptible","","","","","","","","","","","SIR XGBoost Model","202503101","F1 score: 0.96, CI[0.93, 0.99]","Computational Method","",""
57045,"57045.54","Salmonella enterica subsp. enterica serovar Paratyphi B strain 12-02541","gentamicin","Susceptible","","","","","","","","","","","SIR XGBoost Model","202503101","F1 score: 0.92, CI[0.89, 0.95]","Computational Method","",""
57045,"57045.54","Salmonella enterica subsp. enterica serovar Paratyphi B strain 12-02541","kanamycin","Susceptible","","","","","","","","","","","SIR XGBoost Model","202503101","F1 score: 0.86, CI[0.77, 0.95]","Computational Method","",""
57045,"57045.54","Salmonella enterica subsp. enterica serovar Paratyphi B strain 12-02541","nalidixic acid","Resistant","","","","","","","","","","","SIR XGBoost Model","202503101","F1 score: 0.95, CI[0.93, 0.96]","Computational Method","",""
57045,"57045.54","Salmonella enterica subsp. enterica serovar Paratyphi B strain 12-02541","pefloxacin","Susceptible","","","","","","","","","","","SIR XGBoost Model","202503101","F1 score: 0.98, CI[0.96, 1.00]","Computational Method","",""
57045,"57045.54","Salmonella enterica subsp. enterica serovar Paratyphi B strain 12-02541","sulfamethoxazole","Resistant","","","","","","","","","","","SIR XGBoost Model","202503101","F1 score: 0.95, CI[0.93, 0.97]","Computational Method","",""
57045,"57045.54","Salmonella enterica subsp. enterica serovar Paratyphi B strain 12-02541","spectinomycin","Susceptible","","","","","","","","","","","SIR XGBoost Model","202503101","F1 score: 0.94, CI[0.90, 0.98]","Computational Method","",""
57045,"57045.54","Salmonella enterica subsp. enterica serovar Paratyphi B strain 12-02541","streptomycin","Resistant","","","","","","","","","","","SIR XGBoost Model","202503101","F1 score: 0.94, CI[0.93, 0.96]","Computational Method","",""
57045,"57045.54","Salmonella enterica subsp. enterica serovar Paratyphi B strain 12-02541","tetracycline","Resistant","","","","","","","","","","","SIR XGBoost Model","202503101","F1 score: 0.97, CI[0.96, 0.98]","Computational Method","",""
57045,"57045.54","Salmonella enterica subsp. enterica serovar Paratyphi B strain 12-02541","ceftiofur","Susceptible","","","","","","","","","","","SIR XGBoost Model","202503101","F1 score: 0.98, CI[0.97, 1.00]","Computational Method","",""
57045,"57045.54","Salmonella enterica subsp. enterica serovar Paratyphi B strain 12-02541","trimethoprim","Resistant","","","","","","","","","","","SIR XGBoost Model","202503101","F1 score: 0.86, CI[0.78, 0.93]","Computational Method","",""
57045,"57045.55","Salmonella enterica subsp. enterica serovar Paratyphi B strain 12-02546-1","amoxicillin/clavulanic acid","Susceptible","","","","","","","","","","","SIR XGBoost Model","202503101","F1 score: 0.96, CI[0.95, 0.97]","Computational Method","",""
57045,"57045.55","Salmonella enterica subsp. enterica serovar Paratyphi B strain 12-02546-1","ampicillin","Resistant","","","","","","","","","","","SIR XGBoost Model","202503101","F1 score: 0.93, CI[0.92, 0.93]","Computational Method","",""
57045,"57045.55","Salmonella enterica subsp. enterica serovar Paratyphi B strain 12-02546-1","azithromycin","Susceptible","","","","","","","","","","","SIR XGBoost Model","202503101","F1 score: 0.92, CI[0.87, 0.98]","Computational Method","",""
57045,"57045.55","Salmonella enterica subsp. enterica serovar Paratyphi B strain 12-02546-1","chloramphenicol","Susceptible","","","","","","","","","","","SIR XGBoost Model","202503101","F1 score: 0.90, CI[0.88, 0.91]","Computational Method","",""
57045,"57045.55","Salmonella enterica subsp. enterica serovar Paratyphi B strain 12-02546-1","ciprofloxacin","Susceptible","","","","","","","","","","","SIR XGBoost Model","202503101","F1 score: 0.95, CI[0.93, 0.96]","Computational Method","",""
57045,"57045.55","Salmonella enterica subsp. enterica serovar Paratyphi B strain 12-02546-1","ceftriaxone","Susceptible","","","","","","","","","","","SIR XGBoost Model","202503101","F1 score: 0.98, CI[0.97, 1.00]","Computational Method","",""
57045,"57045.55","Salmonella enterica subsp. enterica serovar Paratyphi B strain 12-02546-1","cefotaxime","Susceptible","","","","","","","","","","","SIR XGBoost Model","202503101","F1 score: 0.95, CI[0.90, 0.99]","Computational Method","",""
57045,"57045.55","Salmonella enterica subsp. enterica serovar Paratyphi B strain 12-02546-1","sulfisoxazole","Resistant","","","","","","","","","","","SIR XGBoost Model","202503101","F1 score: 0.99, CI[0.98, 1.00]","Computational Method","",""
57045,"57045.55","Salmonella enterica subsp. enterica serovar Paratyphi B strain 12-02546-1","cefoxitin","Susceptible","","","","","","","","","","","SIR XGBoost Model","202503101","F1 score: 0.96, CI[0.93, 0.99]","Computational Method","",""
57045,"57045.55","Salmonella enterica subsp. enterica serovar Paratyphi B strain 12-02546-1","gentamicin","Susceptible","","","","","","","","","","","SIR XGBoost Model","202503101","F1 score: 0.92, CI[0.89, 0.95]","Computational Method","",""
57045,"57045.55","Salmonella enterica subsp. enterica serovar Paratyphi B strain 12-02546-1","kanamycin","Susceptible","","","","","","","","","","","SIR XGBoost Model","202503101","F1 score: 0.86, CI[0.77, 0.95]","Computational Method","",""
57045,"57045.55","Salmonella enterica subsp. enterica serovar Paratyphi B strain 12-02546-1","nalidixic acid","Resistant","","","","","","","","","","","SIR XGBoost Model","202503101","F1 score: 0.95, CI[0.93, 0.96]","Computational Method","",""
57045,"57045.55","Salmonella enterica subsp. enterica serovar Paratyphi B strain 12-02546-1","pefloxacin","Susceptible","","","","","","","","","","","SIR XGBoost Model","202503101","F1 score: 0.98, CI[0.96, 1.00]","Computational Method","",""
57045,"57045.55","Salmonella enterica subsp. enterica serovar Paratyphi B strain 12-02546-1","sulfamethoxazole","Resistant","","","","","","","","","","","SIR XGBoost Model","202503101","F1 score: 0.95, CI[0.93, 0.97]","Computational Method","",""
57045,"57045.55","Salmonella enterica subsp. enterica serovar Paratyphi B strain 12-02546-1","spectinomycin","Susceptible","","","","","","","","","","","SIR XGBoost Model","202503101","F1 score: 0.94, CI[0.90, 0.98]","Computational Method","",""
57045,"57045.55","Salmonella enterica subsp. enterica serovar Paratyphi B strain 12-02546-1","streptomycin","Resistant","","","","","","","","","","","SIR XGBoost Model","202503101","F1 score: 0.94, CI[0.93, 0.96]","Computational Method","",""
57045,"57045.55","Salmonella enterica subsp. enterica serovar Paratyphi B strain 12-02546-1","tetracycline","Resistant","","","","","","","","","","","SIR XGBoost Model","202503101","F1 score: 0.97, CI[0.96, 0.98]","Computational Method","",""
57045,"57045.55","Salmonella enterica subsp. enterica serovar Paratyphi B strain 12-02546-1","ceftiofur","Susceptible","","","","","","","","","","","SIR XGBoost Model","202503101","F1 score: 0.98, CI[0.97, 1.00]","Computational Method","",""
57045,"57045.55","Salmonella enterica subsp. enterica serovar Paratyphi B strain 12-02546-1","trimethoprim","Resistant","","","","","","","","","","","SIR XGBoost Model","202503101","F1 score: 0.86, CI[0.78, 0.93]","Computational Method","",""
57045,"57045.56","Salmonella enterica subsp. enterica serovar Paratyphi B strain 12-02544","amoxicillin/clavulanic acid","Susceptible","","","","","","","","","","","SIR XGBoost Model","202503101","F1 score: 0.96, CI[0.95, 0.97]","Computational Method","",""
57045,"57045.56","Salmonella enterica subsp. enterica serovar Paratyphi B strain 12-02544","ampicillin","Resistant","","","","","","","","","","","SIR XGBoost Model","202503101","F1 score: 0.93, CI[0.92, 0.93]","Computational Method","",""
57045,"57045.56","Salmonella enterica subsp. enterica serovar Paratyphi B strain 12-02544","azithromycin","Susceptible","","","","","","","","","","","SIR XGBoost Model","202503101","F1 score: 0.92, CI[0.87, 0.98]","Computational Method","",""
57045,"57045.56","Salmonella enterica subsp. enterica serovar Paratyphi B strain 12-02544","chloramphenicol","Susceptible","","","","","","","","","","","SIR XGBoost Model","202503101","F1 score: 0.90, CI[0.88, 0.91]","Computational Method","",""
57045,"57045.56","Salmonella enterica subsp. enterica serovar Paratyphi B strain 12-02544","ciprofloxacin","Susceptible","","","","","","","","","","","SIR XGBoost Model","202503101","F1 score: 0.95, CI[0.93, 0.96]","Computational Method","",""
57045,"57045.56","Salmonella enterica subsp. enterica serovar Paratyphi B strain 12-02544","ceftriaxone","Susceptible","","","","","","","","","","","SIR XGBoost Model","202503101","F1 score: 0.98, CI[0.97, 1.00]","Computational Method","",""
57045,"57045.56","Salmonella enterica subsp. enterica serovar Paratyphi B strain 12-02544","cefotaxime","Susceptible","","","","","","","","","","","SIR XGBoost Model","202503101","F1 score: 0.95, CI[0.90, 0.99]","Computational Method","",""
57045,"57045.56","Salmonella enterica subsp. enterica serovar Paratyphi B strain 12-02544","sulfisoxazole","Resistant","","","","","","","","","","","SIR XGBoost Model","202503101","F1 score: 0.99, CI[0.98, 1.00]","Computational Method","",""
57045,"57045.56","Salmonella enterica subsp. enterica serovar Paratyphi B strain 12-02544","cefoxitin","Susceptible","","","","","","","","","","","SIR XGBoost Model","202503101","F1 score: 0.96, CI[0.93, 0.99]","Computational Method","",""
57045,"57045.56","Salmonella enterica subsp. enterica serovar Paratyphi B strain 12-02544","gentamicin","Susceptible","","","","","","","","","","","SIR XGBoost Model","202503101","F1 score: 0.92, CI[0.89, 0.95]","Computational Method","",""
57045,"57045.56","Salmonella enterica subsp. enterica serovar Paratyphi B strain 12-02544","kanamycin","Susceptible","","","","","","","","","","","SIR XGBoost Model","202503101","F1 score: 0.86, CI[0.77, 0.95]","Computational Method","",""
57045,"57045.56","Salmonella enterica subsp. enterica serovar Paratyphi B strain 12-02544","nalidixic acid","Resistant","","","","","","","","","","","SIR XGBoost Model","202503101","F1 score: 0.95, CI[0.93, 0.96]","Computational Method","",""
57045,"57045.56","Salmonella enterica subsp. enterica serovar Paratyphi B strain 12-02544","pefloxacin","Susceptible","","","","","","","","","","","SIR XGBoost Model","202503101","F1 score: 0.98, CI[0.96, 1.00]","Computational Method","",""
57045,"57045.56","Salmonella enterica subsp. enterica serovar Paratyphi B strain 12-02544","sulfamethoxazole","Resistant","","","","","","","","","","","SIR XGBoost Model","202503101","F1 score: 0.95, CI[0.93, 0.97]","Computational Method","",""
57045,"57045.56","Salmonella enterica subsp. enterica serovar Paratyphi B strain 12-02544","spectinomycin","Susceptible","","","","","","","","","","","SIR XGBoost Model","202503101","F1 score: 0.94, CI[0.90, 0.98]","Computational Method","",""
57045,"57045.56","Salmonella enterica subsp. enterica serovar Paratyphi B strain 12-02544","streptomycin","Resistant","","","","","","","","","","","SIR XGBoost Model","202503101","F1 score: 0.94, CI[0.93, 0.96]","Computational Method","",""
57045,"57045.56","Salmonella enterica subsp. enterica serovar Paratyphi B strain 12-02544","tetracycline","Resistant","","","","","","","","","","","SIR XGBoost Model","202503101","F1 score: 0.97, CI[0.96, 0.98]","Computational Method","",""
57045,"57045.56","Salmonella enterica subsp. enterica serovar Paratyphi B strain 12-02544","ceftiofur","Susceptible","","","","","","","","","","","SIR XGBoost Model","202503101","F1 score: 0.98, CI[0.97, 1.00]","Computational Method","",""
57045,"57045.56","Salmonella enterica subsp. enterica serovar Paratyphi B strain 12-02544","trimethoprim","Resistant","","","","","","","","","","","SIR XGBoost Model","202503101","F1 score: 0.86, CI[0.78, 0.93]","Computational Method","",""
57045,"57045.58","Salmonella enterica subsp. enterica serovar Paratyphi B strain ZC-S1711","amoxicillin/clavulanic acid","Susceptible","","","","","","","","","","","SIR XGBoost Model","202503101","F1 score: 0.96, CI[0.95, 0.97]","Computational Method","",""
57045,"57045.58","Salmonella enterica subsp. enterica serovar Paratyphi B strain ZC-S1711","ampicillin","Susceptible","","","","","","","","","","","SIR XGBoost Model","202503101","F1 score: 0.93, CI[0.92, 0.93]","Computational Method","",""
57045,"57045.58","Salmonella enterica subsp. enterica serovar Paratyphi B strain ZC-S1711","azithromycin","Susceptible","","","","","","","","","","","SIR XGBoost Model","202503101","F1 score: 0.92, CI[0.87, 0.98]","Computational Method","",""
57045,"57045.58","Salmonella enterica subsp. enterica serovar Paratyphi B strain ZC-S1711","chloramphenicol","Susceptible","","","","","","","","","","","SIR XGBoost Model","202503101","F1 score: 0.90, CI[0.88, 0.91]","Computational Method","",""
57045,"57045.58","Salmonella enterica subsp. enterica serovar Paratyphi B strain ZC-S1711","ciprofloxacin","Susceptible","","","","","","","","","","","SIR XGBoost Model","202503101","F1 score: 0.95, CI[0.93, 0.96]","Computational Method","",""
57045,"57045.58","Salmonella enterica subsp. enterica serovar Paratyphi B strain ZC-S1711","ceftriaxone","Susceptible","","","","","","","","","","","SIR XGBoost Model","202503101","F1 score: 0.98, CI[0.97, 1.00]","Computational Method","",""
57045,"57045.58","Salmonella enterica subsp. enterica serovar Paratyphi B strain ZC-S1711","cefotaxime","Susceptible","","","","","","","","","","","SIR XGBoost Model","202503101","F1 score: 0.95, CI[0.90, 0.99]","Computational Method","",""
57045,"57045.58","Salmonella enterica subsp. enterica serovar Paratyphi B strain ZC-S1711","sulfisoxazole","Susceptible","","","","","","","","","","","SIR XGBoost Model","202503101","F1 score: 0.99, CI[0.98, 1.00]","Computational Method","",""
57045,"57045.58","Salmonella enterica subsp. enterica serovar Paratyphi B strain ZC-S1711","cefoxitin","Susceptible","","","","","","","","","","","SIR XGBoost Model","202503101","F1 score: 0.96, CI[0.93, 0.99]","Computational Method","",""
57045,"57045.58","Salmonella enterica subsp. enterica serovar Paratyphi B strain ZC-S1711","gentamicin","Susceptible","","","","","","","","","","","SIR XGBoost Model","202503101","F1 score: 0.92, CI[0.89, 0.95]","Computational Method","",""
57045,"57045.58","Salmonella enterica subsp. enterica serovar Paratyphi B strain ZC-S1711","kanamycin","Susceptible","","","","","","","","","","","SIR XGBoost Model","202503101","F1 score: 0.86, CI[0.77, 0.95]","Computational Method","",""
57045,"57045.58","Salmonella enterica subsp. enterica serovar Paratyphi B strain ZC-S1711","nalidixic acid","Susceptible","","","","","","","","","","","SIR XGBoost Model","202503101","F1 score: 0.95, CI[0.93, 0.96]","Computational Method","",""
57045,"57045.58","Salmonella enterica subsp. enterica serovar Paratyphi B strain ZC-S1711","pefloxacin","Susceptible","","","","","","","","","","","SIR XGBoost Model","202503101","F1 score: 0.98, CI[0.96, 1.00]","Computational Method","",""
57045,"57045.58","Salmonella enterica subsp. enterica serovar Paratyphi B strain ZC-S1711","sulfamethoxazole","Susceptible","","","","","","","","","","","SIR XGBoost Model","202503101","F1 score: 0.95, CI[0.93, 0.97]","Computational Method","",""
57045,"57045.58","Salmonella enterica subsp. enterica serovar Paratyphi B strain ZC-S1711","spectinomycin","Susceptible","","","","","","","","","","","SIR XGBoost Model","202503101","F1 score: 0.94, CI[0.90, 0.98]","Computational Method","",""
57045,"57045.58","Salmonella enterica subsp. enterica serovar Paratyphi B strain ZC-S1711","streptomycin","Susceptible","","","","","","","","","","","SIR XGBoost Model","202503101","F1 score: 0.94, CI[0.93, 0.96]","Computational Method","",""
57045,"57045.58","Salmonella enterica subsp. enterica serovar Paratyphi B strain ZC-S1711","tetracycline","Susceptible","","","","","","","","","","","SIR XGBoost Model","202503101","F1 score: 0.97, CI[0.96, 0.98]","Computational Method","",""
57045,"57045.58","Salmonella enterica subsp. enterica serovar Paratyphi B strain ZC-S1711","ceftiofur","Susceptible","","","","","","","","","","","SIR XGBoost Model","202503101","F1 score: 0.98, CI[0.97, 1.00]","Computational Method","",""
57045,"57045.58","Salmonella enterica subsp. enterica serovar Paratyphi B strain ZC-S1711","trimethoprim","Susceptible","","","","","","","","","","","SIR XGBoost Model","202503101","F1 score: 0.86, CI[0.78, 0.93]","Computational Method","",""
57045,"57045.59","Salmonella enterica subsp. enterica serovar Paratyphi B strain CICC 10437","amoxicillin/clavulanic acid","Susceptible","","","","","","","","","","","SIR XGBoost Model","202503101","F1 score: 0.96, CI[0.95, 0.97]","Computational Method","",""
57045,"57045.59","Salmonella enterica subsp. enterica serovar Paratyphi B strain CICC 10437","ampicillin","Susceptible","","","","","","","","","","","SIR XGBoost Model","202503101","F1 score: 0.93, CI[0.92, 0.93]","Computational Method","",""
57045,"57045.59","Salmonella enterica subsp. enterica serovar Paratyphi B strain CICC 10437","azithromycin","Susceptible","","","","","","","","","","","SIR XGBoost Model","202503101","F1 score: 0.92, CI[0.87, 0.98]","Computational Method","",""
57045,"57045.59","Salmonella enterica subsp. enterica serovar Paratyphi B strain CICC 10437","chloramphenicol","Susceptible","","","","","","","","","","","SIR XGBoost Model","202503101","F1 score: 0.90, CI[0.88, 0.91]","Computational Method","",""
57045,"57045.59","Salmonella enterica subsp. enterica serovar Paratyphi B strain CICC 10437","ciprofloxacin","Susceptible","","","","","","","","","","","SIR XGBoost Model","202503101","F1 score: 0.95, CI[0.93, 0.96]","Computational Method","",""
57045,"57045.59","Salmonella enterica subsp. enterica serovar Paratyphi B strain CICC 10437","ceftriaxone","Susceptible","","","","","","","","","","","SIR XGBoost Model","202503101","F1 score: 0.98, CI[0.97, 1.00]","Computational Method","",""
57045,"57045.59","Salmonella enterica subsp. enterica serovar Paratyphi B strain CICC 10437","cefotaxime","Susceptible","","","","","","","","","","","SIR XGBoost Model","202503101","F1 score: 0.95, CI[0.90, 0.99]","Computational Method","",""
57045,"57045.59","Salmonella enterica subsp. enterica serovar Paratyphi B strain CICC 10437","sulfisoxazole","Susceptible","","","","","","","","","","","SIR XGBoost Model","202503101","F1 score: 0.99, CI[0.98, 1.00]","Computational Method","",""
57045,"57045.59","Salmonella enterica subsp. enterica serovar Paratyphi B strain CICC 10437","cefoxitin","Susceptible","","","","","","","","","","","SIR XGBoost Model","202503101","F1 score: 0.96, CI[0.93, 0.99]","Computational Method","",""
57045,"57045.59","Salmonella enterica subsp. enterica serovar Paratyphi B strain CICC 10437","gentamicin","Susceptible","","","","","","","","","","","SIR XGBoost Model","202503101","F1 score: 0.92, CI[0.89, 0.95]","Computational Method","",""
57045,"57045.59","Salmonella enterica subsp. enterica serovar Paratyphi B strain CICC 10437","kanamycin","Susceptible","","","","","","","","","","","SIR XGBoost Model","202503101","F1 score: 0.86, CI[0.77, 0.95]","Computational Method","",""
57045,"57045.59","Salmonella enterica subsp. enterica serovar Paratyphi B strain CICC 10437","nalidixic acid","Susceptible","","","","","","","","","","","SIR XGBoost Model","202503101","F1 score: 0.95, CI[0.93, 0.96]","Computational Method","",""
57045,"57045.59","Salmonella enterica subsp. enterica serovar Paratyphi B strain CICC 10437","pefloxacin","Susceptible","","","","","","","","","","","SIR XGBoost Model","202503101","F1 score: 0.98, CI[0.96, 1.00]","Computational Method","",""
57045,"57045.59","Salmonella enterica subsp. enterica serovar Paratyphi B strain CICC 10437","sulfamethoxazole","Susceptible","","","","","","","","","","","SIR XGBoost Model","202503101","F1 score: 0.95, CI[0.93, 0.97]","Computational Method","",""
57045,"57045.59","Salmonella enterica subsp. enterica serovar Paratyphi B strain CICC 10437","spectinomycin","Susceptible","","","","","","","","","","","SIR XGBoost Model","202503101","F1 score: 0.94, CI[0.90, 0.98]","Computational Method","",""
57045,"57045.59","Salmonella enterica subsp. enterica serovar Paratyphi B strain CICC 10437","streptomycin","Susceptible","","","","","","","","","","","SIR XGBoost Model","202503101","F1 score: 0.94, CI[0.93, 0.96]","Computational Method","",""
57045,"57045.59","Salmonella enterica subsp. enterica serovar Paratyphi B strain CICC 10437","tetracycline","Susceptible","","","","","","","","","","","SIR XGBoost Model","202503101","F1 score: 0.97, CI[0.96, 0.98]","Computational Method","",""
57045,"57045.59","Salmonella enterica subsp. enterica serovar Paratyphi B strain CICC 10437","ceftiofur","Susceptible","","","","","","","","","","","SIR XGBoost Model","202503101","F1 score: 0.98, CI[0.97, 1.00]","Computational Method","",""
57045,"57045.59","Salmonella enterica subsp. enterica serovar Paratyphi B strain CICC 10437","trimethoprim","Susceptible","","","","","","","","","","","SIR XGBoost Model","202503101","F1 score: 0.86, CI[0.78, 0.93]","Computational Method","",""
57045,"57045.6","Salmonella enterica subsp. enterica serovar Paratyphi B strain 2012CEB2196SAL","amoxicillin/clavulanic acid","Susceptible","","","","","","","","","","","SIR XGBoost Model","202503101","F1 score: 0.96, CI[0.95, 0.97]","Computational Method","",""
57045,"57045.6","Salmonella enterica subsp. enterica serovar Paratyphi B strain 2012CEB2196SAL","ampicillin","Resistant","","","","","","","","","","","SIR XGBoost Model","202503101","F1 score: 0.93, CI[0.92, 0.93]","Computational Method","",""
57045,"57045.6","Salmonella enterica subsp. enterica serovar Paratyphi B strain 2012CEB2196SAL","azithromycin","Susceptible","","","","","","","","","","","SIR XGBoost Model","202503101","F1 score: 0.92, CI[0.87, 0.98]","Computational Method","",""
57045,"57045.6","Salmonella enterica subsp. enterica serovar Paratyphi B strain 2012CEB2196SAL","chloramphenicol","Resistant","","","","","","","","","","","SIR XGBoost Model","202503101","F1 score: 0.90, CI[0.88, 0.91]","Computational Method","",""
57045,"57045.6","Salmonella enterica subsp. enterica serovar Paratyphi B strain 2012CEB2196SAL","ciprofloxacin","Susceptible","","","","","","","","","","","SIR XGBoost Model","202503101","F1 score: 0.95, CI[0.93, 0.96]","Computational Method","",""
57045,"57045.6","Salmonella enterica subsp. enterica serovar Paratyphi B strain 2012CEB2196SAL","ceftriaxone","Resistant","","","","","","","","","","","SIR XGBoost Model","202503101","F1 score: 0.98, CI[0.97, 1.00]","Computational Method","",""
57045,"57045.6","Salmonella enterica subsp. enterica serovar Paratyphi B strain 2012CEB2196SAL","cefotaxime","Resistant","","","","","","","","","","","SIR XGBoost Model","202503101","F1 score: 0.95, CI[0.90, 0.99]","Computational Method","",""
57045,"57045.6","Salmonella enterica subsp. enterica serovar Paratyphi B strain 2012CEB2196SAL","sulfisoxazole","Resistant","","","","","","","","","","","SIR XGBoost Model","202503101","F1 score: 0.99, CI[0.98, 1.00]","Computational Method","",""
57045,"57045.6","Salmonella enterica subsp. enterica serovar Paratyphi B strain 2012CEB2196SAL","cefoxitin","Susceptible","","","","","","","","","","","SIR XGBoost Model","202503101","F1 score: 0.96, CI[0.93, 0.99]","Computational Method","",""
57045,"57045.6","Salmonella enterica subsp. enterica serovar Paratyphi B strain 2012CEB2196SAL","gentamicin","Resistant","","","","","","","","","","","SIR XGBoost Model","202503101","F1 score: 0.92, CI[0.89, 0.95]","Computational Method","",""
57045,"57045.6","Salmonella enterica subsp. enterica serovar Paratyphi B strain 2012CEB2196SAL","kanamycin","Susceptible","","","","","","","","","","","SIR XGBoost Model","202503101","F1 score: 0.86, CI[0.77, 0.95]","Computational Method","",""
57045,"57045.6","Salmonella enterica subsp. enterica serovar Paratyphi B strain 2012CEB2196SAL","nalidixic acid","Resistant","","","","","","","","","","","SIR XGBoost Model","202503101","F1 score: 0.95, CI[0.93, 0.96]","Computational Method","",""
57045,"57045.6","Salmonella enterica subsp. enterica serovar Paratyphi B strain 2012CEB2196SAL","pefloxacin","Susceptible","","","","","","","","","","","SIR XGBoost Model","202503101","F1 score: 0.98, CI[0.96, 1.00]","Computational Method","",""
57045,"57045.6","Salmonella enterica subsp. enterica serovar Paratyphi B strain 2012CEB2196SAL","sulfamethoxazole","Resistant","","","","","","","","","","","SIR XGBoost Model","202503101","F1 score: 0.95, CI[0.93, 0.97]","Computational Method","",""
57045,"57045.6","Salmonella enterica subsp. enterica serovar Paratyphi B strain 2012CEB2196SAL","spectinomycin","Resistant","","","","","","","","","","","SIR XGBoost Model","202503101","F1 score: 0.94, CI[0.90, 0.98]","Computational Method","",""
57045,"57045.6","Salmonella enterica subsp. enterica serovar Paratyphi B strain 2012CEB2196SAL","streptomycin","Resistant","","","","","","","","","","","SIR XGBoost Model","202503101","F1 score: 0.94, CI[0.93, 0.96]","Computational Method","",""
57045,"57045.6","Salmonella enterica subsp. enterica serovar Paratyphi B strain 2012CEB2196SAL","tetracycline","Resistant","","","","","","","","","","","SIR XGBoost Model","202503101","F1 score: 0.97, CI[0.96, 0.98]","Computational Method","",""
57045,"57045.6","Salmonella enterica subsp. enterica serovar Paratyphi B strain 2012CEB2196SAL","ceftiofur","Susceptible","","","","","","","","","","","SIR XGBoost Model","202503101","F1 score: 0.98, CI[0.97, 1.00]","Computational Method","",""
57045,"57045.6","Salmonella enterica subsp. enterica serovar Paratyphi B strain 2012CEB2196SAL","trimethoprim","Resistant","","","","","","","","","","","SIR XGBoost Model","202503101","F1 score: 0.86, CI[0.78, 0.93]","Computational Method","",""
57045,"57045.60","Salmonella enterica subsp. enterica serovar Paratyphi B strain ZC-S1711","amoxicillin/clavulanic acid","Susceptible","","","","","","","","","","","SIR XGBoost Model","202503101","F1 score: 0.96, CI[0.95, 0.97]","Computational Method","",""
57045,"57045.60","Salmonella enterica subsp. enterica serovar Paratyphi B strain ZC-S1711","ampicillin","Susceptible","","","","","","","","","","","SIR XGBoost Model","202503101","F1 score: 0.93, CI[0.92, 0.93]","Computational Method","",""
57045,"57045.60","Salmonella enterica subsp. enterica serovar Paratyphi B strain ZC-S1711","azithromycin","Susceptible","","","","","","","","","","","SIR XGBoost Model","202503101","F1 score: 0.92, CI[0.87, 0.98]","Computational Method","",""
57045,"57045.60","Salmonella enterica subsp. enterica serovar Paratyphi B strain ZC-S1711","chloramphenicol","Susceptible","","","","","","","","","","","SIR XGBoost Model","202503101","F1 score: 0.90, CI[0.88, 0.91]","Computational Method","",""
57045,"57045.60","Salmonella enterica subsp. enterica serovar Paratyphi B strain ZC-S1711","ciprofloxacin","Susceptible","","","","","","","","","","","SIR XGBoost Model","202503101","F1 score: 0.95, CI[0.93, 0.96]","Computational Method","",""
57045,"57045.60","Salmonella enterica subsp. enterica serovar Paratyphi B strain ZC-S1711","ceftriaxone","Susceptible","","","","","","","","","","","SIR XGBoost Model","202503101","F1 score: 0.98, CI[0.97, 1.00]","Computational Method","",""
57045,"57045.60","Salmonella enterica subsp. enterica serovar Paratyphi B strain ZC-S1711","cefotaxime","Susceptible","","","","","","","","","","","SIR XGBoost Model","202503101","F1 score: 0.95, CI[0.90, 0.99]","Computational Method","",""
57045,"57045.60","Salmonella enterica subsp. enterica serovar Paratyphi B strain ZC-S1711","sulfisoxazole","Susceptible","","","","","","","","","","","SIR XGBoost Model","202503101","F1 score: 0.99, CI[0.98, 1.00]","Computational Method","",""
57045,"57045.60","Salmonella enterica subsp. enterica serovar Paratyphi B strain ZC-S1711","cefoxitin","Susceptible","","","","","","","","","","","SIR XGBoost Model","202503101","F1 score: 0.96, CI[0.93, 0.99]","Computational Method","",""
57045,"57045.60","Salmonella enterica subsp. enterica serovar Paratyphi B strain ZC-S1711","gentamicin","Susceptible","","","","","","","","","","","SIR XGBoost Model","202503101","F1 score: 0.92, CI[0.89, 0.95]","Computational Method","",""
57045,"57045.60","Salmonella enterica subsp. enterica serovar Paratyphi B strain ZC-S1711","kanamycin","Susceptible","","","","","","","","","","","SIR XGBoost Model","202503101","F1 score: 0.86, CI[0.77, 0.95]","Computational Method","",""
57045,"57045.60","Salmonella enterica subsp. enterica serovar Paratyphi B strain ZC-S1711","nalidixic acid","Susceptible","","","","","","","","","","","SIR XGBoost Model","202503101","F1 score: 0.95, CI[0.93, 0.96]","Computational Method","",""
57045,"57045.60","Salmonella enterica subsp. enterica serovar Paratyphi B strain ZC-S1711","pefloxacin","Susceptible","","","","","","","","","","","SIR XGBoost Model","202503101","F1 score: 0.98, CI[0.96, 1.00]","Computational Method","",""
57045,"57045.60","Salmonella enterica subsp. enterica serovar Paratyphi B strain ZC-S1711","sulfamethoxazole","Susceptible","","","","","","","","","","","SIR XGBoost Model","202503101","F1 score: 0.95, CI[0.93, 0.97]","Computational Method","",""
57045,"57045.60","Salmonella enterica subsp. enterica serovar Paratyphi B strain ZC-S1711","spectinomycin","Susceptible","","","","","","","","","","","SIR XGBoost Model","202503101","F1 score: 0.94, CI[0.90, 0.98]","Computational Method","",""
57045,"57045.60","Salmonella enterica subsp. enterica serovar Paratyphi B strain ZC-S1711","streptomycin","Susceptible","","","","","","","","","","","SIR XGBoost Model","202503101","F1 score: 0.94, CI[0.93, 0.96]","Computational Method","",""
57045,"57045.60","Salmonella enterica subsp. enterica serovar Paratyphi B strain ZC-S1711","tetracycline","Susceptible","","","","","","","","","","","SIR XGBoost Model","202503101","F1 score: 0.97, CI[0.96, 0.98]","Computational Method","",""
57045,"57045.60","Salmonella enterica subsp. enterica serovar Paratyphi B strain ZC-S1711","ceftiofur","Susceptible","","","","","","","","","","","SIR XGBoost Model","202503101","F1 score: 0.98, CI[0.97, 1.00]","Computational Method","",""
57045,"57045.60","Salmonella enterica subsp. enterica serovar Paratyphi B strain ZC-S1711","trimethoprim","Susceptible","","","","","","","","","","","SIR XGBoost Model","202503101","F1 score: 0.86, CI[0.78, 0.93]","Computational Method","",""
57045,"57045.61","Salmonella enterica subsp. enterica serovar Paratyphi B strain CICC 10437","amoxicillin/clavulanic acid","Susceptible","","","","","","","","","","","SIR XGBoost Model","202503101","F1 score: 0.96, CI[0.95, 0.97]","Computational Method","",""
57045,"57045.61","Salmonella enterica subsp. enterica serovar Paratyphi B strain CICC 10437","ampicillin","Susceptible","","","","","","","","","","","SIR XGBoost Model","202503101","F1 score: 0.93, CI[0.92, 0.93]","Computational Method","",""
57045,"57045.61","Salmonella enterica subsp. enterica serovar Paratyphi B strain CICC 10437","azithromycin","Susceptible","","","","","","","","","","","SIR XGBoost Model","202503101","F1 score: 0.92, CI[0.87, 0.98]","Computational Method","",""
57045,"57045.61","Salmonella enterica subsp. enterica serovar Paratyphi B strain CICC 10437","chloramphenicol","Susceptible","","","","","","","","","","","SIR XGBoost Model","202503101","F1 score: 0.90, CI[0.88, 0.91]","Computational Method","",""
57045,"57045.61","Salmonella enterica subsp. enterica serovar Paratyphi B strain CICC 10437","ciprofloxacin","Susceptible","","","","","","","","","","","SIR XGBoost Model","202503101","F1 score: 0.95, CI[0.93, 0.96]","Computational Method","",""
57045,"57045.61","Salmonella enterica subsp. enterica serovar Paratyphi B strain CICC 10437","ceftriaxone","Susceptible","","","","","","","","","","","SIR XGBoost Model","202503101","F1 score: 0.98, CI[0.97, 1.00]","Computational Method","",""
57045,"57045.61","Salmonella enterica subsp. enterica serovar Paratyphi B strain CICC 10437","cefotaxime","Susceptible","","","","","","","","","","","SIR XGBoost Model","202503101","F1 score: 0.95, CI[0.90, 0.99]","Computational Method","",""
57045,"57045.61","Salmonella enterica subsp. enterica serovar Paratyphi B strain CICC 10437","sulfisoxazole","Susceptible","","","","","","","","","","","SIR XGBoost Model","202503101","F1 score: 0.99, CI[0.98, 1.00]","Computational Method","",""
57045,"57045.61","Salmonella enterica subsp. enterica serovar Paratyphi B strain CICC 10437","cefoxitin","Susceptible","","","","","","","","","","","SIR XGBoost Model","202503101","F1 score: 0.96, CI[0.93, 0.99]","Computational Method","",""
57045,"57045.61","Salmonella enterica subsp. enterica serovar Paratyphi B strain CICC 10437","gentamicin","Susceptible","","","","","","","","","","","SIR XGBoost Model","202503101","F1 score: 0.92, CI[0.89, 0.95]","Computational Method","",""
57045,"57045.61","Salmonella enterica subsp. enterica serovar Paratyphi B strain CICC 10437","kanamycin","Susceptible","","","","","","","","","","","SIR XGBoost Model","202503101","F1 score: 0.86, CI[0.77, 0.95]","Computational Method","",""
57045,"57045.61","Salmonella enterica subsp. enterica serovar Paratyphi B strain CICC 10437","nalidixic acid","Susceptible","","","","","","","","","","","SIR XGBoost Model","202503101","F1 score: 0.95, CI[0.93, 0.96]","Computational Method","",""
57045,"57045.61","Salmonella enterica subsp. enterica serovar Paratyphi B strain CICC 10437","pefloxacin","Susceptible","","","","","","","","","","","SIR XGBoost Model","202503101","F1 score: 0.98, CI[0.96, 1.00]","Computational Method","",""
57045,"57045.61","Salmonella enterica subsp. enterica serovar Paratyphi B strain CICC 10437","sulfamethoxazole","Susceptible","","","","","","","","","","","SIR XGBoost Model","202503101","F1 score: 0.95, CI[0.93, 0.97]","Computational Method","",""
57045,"57045.61","Salmonella enterica subsp. enterica serovar Paratyphi B strain CICC 10437","spectinomycin","Susceptible","","","","","","","","","","","SIR XGBoost Model","202503101","F1 score: 0.94, CI[0.90, 0.98]","Computational Method","",""
57045,"57045.61","Salmonella enterica subsp. enterica serovar Paratyphi B strain CICC 10437","streptomycin","Susceptible","","","","","","","","","","","SIR XGBoost Model","202503101","F1 score: 0.94, CI[0.93, 0.96]","Computational Method","",""
57045,"57045.61","Salmonella enterica subsp. enterica serovar Paratyphi B strain CICC 10437","tetracycline","Susceptible","","","","","","","","","","","SIR XGBoost Model","202503101","F1 score: 0.97, CI[0.96, 0.98]","Computational Method","",""
57045,"57045.61","Salmonella enterica subsp. enterica serovar Paratyphi B strain CICC 10437","ceftiofur","Susceptible","","","","","","","","","","","SIR XGBoost Model","202503101","F1 score: 0.98, CI[0.97, 1.00]","Computational Method","",""
57045,"57045.61","Salmonella enterica subsp. enterica serovar Paratyphi B strain CICC 10437","trimethoprim","Susceptible","","","","","","","","","","","SIR XGBoost Model","202503101","F1 score: 0.86, CI[0.78, 0.93]","Computational Method","",""
57045,"57045.69","Salmonella enterica subsp. enterica serovar Paratyphi B strain ZC-S1711","amoxicillin/clavulanic acid","Susceptible","","","","","","","","","","","SIR XGBoost Model","202503101","F1 score: 0.96, CI[0.95, 0.97]","Computational Method","",""
57045,"57045.69","Salmonella enterica subsp. enterica serovar Paratyphi B strain ZC-S1711","ampicillin","Susceptible","","","","","","","","","","","SIR XGBoost Model","202503101","F1 score: 0.93, CI[0.92, 0.93]","Computational Method","",""
57045,"57045.69","Salmonella enterica subsp. enterica serovar Paratyphi B strain ZC-S1711","azithromycin","Susceptible","","","","","","","","","","","SIR XGBoost Model","202503101","F1 score: 0.92, CI[0.87, 0.98]","Computational Method","",""
57045,"57045.69","Salmonella enterica subsp. enterica serovar Paratyphi B strain ZC-S1711","chloramphenicol","Susceptible","","","","","","","","","","","SIR XGBoost Model","202503101","F1 score: 0.90, CI[0.88, 0.91]","Computational Method","",""
57045,"57045.69","Salmonella enterica subsp. enterica serovar Paratyphi B strain ZC-S1711","ciprofloxacin","Susceptible","","","","","","","","","","","SIR XGBoost Model","202503101","F1 score: 0.95, CI[0.93, 0.96]","Computational Method","",""
57045,"57045.69","Salmonella enterica subsp. enterica serovar Paratyphi B strain ZC-S1711","ceftriaxone","Susceptible","","","","","","","","","","","SIR XGBoost Model","202503101","F1 score: 0.98, CI[0.97, 1.00]","Computational Method","",""
57045,"57045.69","Salmonella enterica subsp. enterica serovar Paratyphi B strain ZC-S1711","cefotaxime","Susceptible","","","","","","","","","","","SIR XGBoost Model","202503101","F1 score: 0.95, CI[0.90, 0.99]","Computational Method","",""
57045,"57045.69","Salmonella enterica subsp. enterica serovar Paratyphi B strain ZC-S1711","sulfisoxazole","Susceptible","","","","","","","","","","","SIR XGBoost Model","202503101","F1 score: 0.99, CI[0.98, 1.00]","Computational Method","",""
57045,"57045.69","Salmonella enterica subsp. enterica serovar Paratyphi B strain ZC-S1711","cefoxitin","Susceptible","","","","","","","","","","","SIR XGBoost Model","202503101","F1 score: 0.96, CI[0.93, 0.99]","Computational Method","",""
57045,"57045.69","Salmonella enterica subsp. enterica serovar Paratyphi B strain ZC-S1711","gentamicin","Susceptible","","","","","","","","","","","SIR XGBoost Model","202503101","F1 score: 0.92, CI[0.89, 0.95]","Computational Method","",""
57045,"57045.69","Salmonella enterica subsp. enterica serovar Paratyphi B strain ZC-S1711","kanamycin","Susceptible","","","","","","","","","","","SIR XGBoost Model","202503101","F1 score: 0.86, CI[0.77, 0.95]","Computational Method","",""
57045,"57045.69","Salmonella enterica subsp. enterica serovar Paratyphi B strain ZC-S1711","nalidixic acid","Susceptible","","","","","","","","","","","SIR XGBoost Model","202503101","F1 score: 0.95, CI[0.93, 0.96]","Computational Method","",""
57045,"57045.69","Salmonella enterica subsp. enterica serovar Paratyphi B strain ZC-S1711","pefloxacin","Susceptible","","","","","","","","","","","SIR XGBoost Model","202503101","F1 score: 0.98, CI[0.96, 1.00]","Computational Method","",""
57045,"57045.69","Salmonella enterica subsp. enterica serovar Paratyphi B strain ZC-S1711","sulfamethoxazole","Susceptible","","","","","","","","","","","SIR XGBoost Model","202503101","F1 score: 0.95, CI[0.93, 0.97]","Computational Method","",""
57045,"57045.69","Salmonella enterica subsp. enterica serovar Paratyphi B strain ZC-S1711","spectinomycin","Susceptible","","","","","","","","","","","SIR XGBoost Model","202503101","F1 score: 0.94, CI[0.90, 0.98]","Computational Method","",""
57045,"57045.69","Salmonella enterica subsp. enterica serovar Paratyphi B strain ZC-S1711","streptomycin","Susceptible","","","","","","","","","","","SIR XGBoost Model","202503101","F1 score: 0.94, CI[0.93, 0.96]","Computational Method","",""
57045,"57045.69","Salmonella enterica subsp. enterica serovar Paratyphi B strain ZC-S1711","tetracycline","Susceptible","","","","","","","","","","","SIR XGBoost Model","202503101","F1 score: 0.97, CI[0.96, 0.98]","Computational Method","",""
57045,"57045.69","Salmonella enterica subsp. enterica serovar Paratyphi B strain ZC-S1711","ceftiofur","Susceptible","","","","","","","","","","","SIR XGBoost Model","202503101","F1 score: 0.98, CI[0.97, 1.00]","Computational Method","",""
57045,"57045.69","Salmonella enterica subsp. enterica serovar Paratyphi B strain ZC-S1711","trimethoprim","Susceptible","","","","","","","","","","","SIR XGBoost Model","202503101","F1 score: 0.86, CI[0.78, 0.93]","Computational Method","",""
57045,"57045.7","Salmonella enterica subsp. enterica serovar Paratyphi B strain 2012CEB4337SAL","amoxicillin/clavulanic acid","Susceptible","","","","","","","","","","","SIR XGBoost Model","202503101","F1 score: 0.96, CI[0.95, 0.97]","Computational Method","",""
57045,"57045.7","Salmonella enterica subsp. enterica serovar Paratyphi B strain 2012CEB4337SAL","ampicillin","Resistant","","","","","","","","","","","SIR XGBoost Model","202503101","F1 score: 0.93, CI[0.92, 0.93]","Computational Method","",""
57045,"57045.7","Salmonella enterica subsp. enterica serovar Paratyphi B strain 2012CEB4337SAL","azithromycin","Susceptible","","","","","","","","","","","SIR XGBoost Model","202503101","F1 score: 0.92, CI[0.87, 0.98]","Computational Method","",""
57045,"57045.7","Salmonella enterica subsp. enterica serovar Paratyphi B strain 2012CEB4337SAL","chloramphenicol","Resistant","","","","","","","","","","","SIR XGBoost Model","202503101","F1 score: 0.90, CI[0.88, 0.91]","Computational Method","",""
57045,"57045.7","Salmonella enterica subsp. enterica serovar Paratyphi B strain 2012CEB4337SAL","ciprofloxacin","Susceptible","","","","","","","","","","","SIR XGBoost Model","202503101","F1 score: 0.95, CI[0.93, 0.96]","Computational Method","",""
57045,"57045.7","Salmonella enterica subsp. enterica serovar Paratyphi B strain 2012CEB4337SAL","ceftriaxone","Resistant","","","","","","","","","","","SIR XGBoost Model","202503101","F1 score: 0.98, CI[0.97, 1.00]","Computational Method","",""
57045,"57045.7","Salmonella enterica subsp. enterica serovar Paratyphi B strain 2012CEB4337SAL","cefotaxime","Resistant","","","","","","","","","","","SIR XGBoost Model","202503101","F1 score: 0.95, CI[0.90, 0.99]","Computational Method","",""
57045,"57045.7","Salmonella enterica subsp. enterica serovar Paratyphi B strain 2012CEB4337SAL","sulfisoxazole","Resistant","","","","","","","","","","","SIR XGBoost Model","202503101","F1 score: 0.99, CI[0.98, 1.00]","Computational Method","",""
57045,"57045.7","Salmonella enterica subsp. enterica serovar Paratyphi B strain 2012CEB4337SAL","cefoxitin","Susceptible","","","","","","","","","","","SIR XGBoost Model","202503101","F1 score: 0.96, CI[0.93, 0.99]","Computational Method","",""
57045,"57045.7","Salmonella enterica subsp. enterica serovar Paratyphi B strain 2012CEB4337SAL","gentamicin","Resistant","","","","","","","","","","","SIR XGBoost Model","202503101","F1 score: 0.92, CI[0.89, 0.95]","Computational Method","",""
57045,"57045.7","Salmonella enterica subsp. enterica serovar Paratyphi B strain 2012CEB4337SAL","kanamycin","Susceptible","","","","","","","","","","","SIR XGBoost Model","202503101","F1 score: 0.86, CI[0.77, 0.95]","Computational Method","",""
57045,"57045.7","Salmonella enterica subsp. enterica serovar Paratyphi B strain 2012CEB4337SAL","nalidixic acid","Resistant","","","","","","","","","","","SIR XGBoost Model","202503101","F1 score: 0.95, CI[0.93, 0.96]","Computational Method","",""
57045,"57045.7","Salmonella enterica subsp. enterica serovar Paratyphi B strain 2012CEB4337SAL","pefloxacin","Susceptible","","","","","","","","","","","SIR XGBoost Model","202503101","F1 score: 0.98, CI[0.96, 1.00]","Computational Method","",""
57045,"57045.7","Salmonella enterica subsp. enterica serovar Paratyphi B strain 2012CEB4337SAL","sulfamethoxazole","Resistant","","","","","","","","","","","SIR XGBoost Model","202503101","F1 score: 0.95, CI[0.93, 0.97]","Computational Method","",""
57045,"57045.7","Salmonella enterica subsp. enterica serovar Paratyphi B strain 2012CEB4337SAL","spectinomycin","Resistant","","","","","","","","","","","SIR XGBoost Model","202503101","F1 score: 0.94, CI[0.90, 0.98]","Computational Method","",""
57045,"57045.7","Salmonella enterica subsp. enterica serovar Paratyphi B strain 2012CEB4337SAL","streptomycin","Resistant","","","","","","","","","","","SIR XGBoost Model","202503101","F1 score: 0.94, CI[0.93, 0.96]","Computational Method","",""
57045,"57045.7","Salmonella enterica subsp. enterica serovar Paratyphi B strain 2012CEB4337SAL","tetracycline","Resistant","","","","","","","","","","","SIR XGBoost Model","202503101","F1 score: 0.97, CI[0.96, 0.98]","Computational Method","",""
57045,"57045.7","Salmonella enterica subsp. enterica serovar Paratyphi B strain 2012CEB4337SAL","ceftiofur","Susceptible","","","","","","","","","","","SIR XGBoost Model","202503101","F1 score: 0.98, CI[0.97, 1.00]","Computational Method","",""
57045,"57045.7","Salmonella enterica subsp. enterica serovar Paratyphi B strain 2012CEB4337SAL","trimethoprim","Resistant","","","","","","","","","","","SIR XGBoost Model","202503101","F1 score: 0.86, CI[0.78, 0.93]","Computational Method","",""
57045,"57045.70","Salmonella enterica subsp. enterica serovar Paratyphi B strain CICC 10437","amoxicillin/clavulanic acid","Susceptible","","","","","","","","","","","SIR XGBoost Model","202503101","F1 score: 0.96, CI[0.95, 0.97]","Computational Method","",""
57045,"57045.70","Salmonella enterica subsp. enterica serovar Paratyphi B strain CICC 10437","ampicillin","Susceptible","","","","","","","","","","","SIR XGBoost Model","202503101","F1 score: 0.93, CI[0.92, 0.93]","Computational Method","",""
57045,"57045.70","Salmonella enterica subsp. enterica serovar Paratyphi B strain CICC 10437","azithromycin","Susceptible","","","","","","","","","","","SIR XGBoost Model","202503101","F1 score: 0.92, CI[0.87, 0.98]","Computational Method","",""
57045,"57045.70","Salmonella enterica subsp. enterica serovar Paratyphi B strain CICC 10437","chloramphenicol","Susceptible","","","","","","","","","","","SIR XGBoost Model","202503101","F1 score: 0.90, CI[0.88, 0.91]","Computational Method","",""
57045,"57045.70","Salmonella enterica subsp. enterica serovar Paratyphi B strain CICC 10437","ciprofloxacin","Susceptible","","","","","","","","","","","SIR XGBoost Model","202503101","F1 score: 0.95, CI[0.93, 0.96]","Computational Method","",""
57045,"57045.70","Salmonella enterica subsp. enterica serovar Paratyphi B strain CICC 10437","ceftriaxone","Susceptible","","","","","","","","","","","SIR XGBoost Model","202503101","F1 score: 0.98, CI[0.97, 1.00]","Computational Method","",""
57045,"57045.70","Salmonella enterica subsp. enterica serovar Paratyphi B strain CICC 10437","cefotaxime","Susceptible","","","","","","","","","","","SIR XGBoost Model","202503101","F1 score: 0.95, CI[0.90, 0.99]","Computational Method","",""
57045,"57045.70","Salmonella enterica subsp. enterica serovar Paratyphi B strain CICC 10437","sulfisoxazole","Susceptible","","","","","","","","","","","SIR XGBoost Model","202503101","F1 score: 0.99, CI[0.98, 1.00]","Computational Method","",""
57045,"57045.70","Salmonella enterica subsp. enterica serovar Paratyphi B strain CICC 10437","cefoxitin","Susceptible","","","","","","","","","","","SIR XGBoost Model","202503101","F1 score: 0.96, CI[0.93, 0.99]","Computational Method","",""
57045,"57045.70","Salmonella enterica subsp. enterica serovar Paratyphi B strain CICC 10437","gentamicin","Susceptible","","","","","","","","","","","SIR XGBoost Model","202503101","F1 score: 0.92, CI[0.89, 0.95]","Computational Method","",""
57045,"57045.70","Salmonella enterica subsp. enterica serovar Paratyphi B strain CICC 10437","kanamycin","Susceptible","","","","","","","","","","","SIR XGBoost Model","202503101","F1 score: 0.86, CI[0.77, 0.95]","Computational Method","",""
57045,"57045.70","Salmonella enterica subsp. enterica serovar Paratyphi B strain CICC 10437","nalidixic acid","Susceptible","","","","","","","","","","","SIR XGBoost Model","202503101","F1 score: 0.95, CI[0.93, 0.96]","Computational Method","",""
57045,"57045.70","Salmonella enterica subsp. enterica serovar Paratyphi B strain CICC 10437","pefloxacin","Susceptible","","","","","","","","","","","SIR XGBoost Model","202503101","F1 score: 0.98, CI[0.96, 1.00]","Computational Method","",""
57045,"57045.70","Salmonella enterica subsp. enterica serovar Paratyphi B strain CICC 10437","sulfamethoxazole","Susceptible","","","","","","","","","","","SIR XGBoost Model","202503101","F1 score: 0.95, CI[0.93, 0.97]","Computational Method","",""
57045,"57045.70","Salmonella enterica subsp. enterica serovar Paratyphi B strain CICC 10437","spectinomycin","Susceptible","","","","","","","","","","","SIR XGBoost Model","202503101","F1 score: 0.94, CI[0.90, 0.98]","Computational Method","",""
57045,"57045.70","Salmonella enterica subsp. enterica serovar Paratyphi B strain CICC 10437","streptomycin","Susceptible","","","","","","","","","","","SIR XGBoost Model","202503101","F1 score: 0.94, CI[0.93, 0.96]","Computational Method","",""
57045,"57045.70","Salmonella enterica subsp. enterica serovar Paratyphi B strain CICC 10437","tetracycline","Susceptible","","","","","","","","","","","SIR XGBoost Model","202503101","F1 score: 0.97, CI[0.96, 0.98]","Computational Method","",""
57045,"57045.70","Salmonella enterica subsp. enterica serovar Paratyphi B strain CICC 10437","ceftiofur","Susceptible","","","","","","","","","","","SIR XGBoost Model","202503101","F1 score: 0.98, CI[0.97, 1.00]","Computational Method","",""
57045,"57045.70","Salmonella enterica subsp. enterica serovar Paratyphi B strain CICC 10437","trimethoprim","Susceptible","","","","","","","","","","","SIR XGBoost Model","202503101","F1 score: 0.86, CI[0.78, 0.93]","Computational Method","",""
57045,"57045.8","Salmonella enterica subsp. enterica serovar Paratyphi B strain 2008CEB2743SAL","amoxicillin/clavulanic acid","Susceptible","","","","","","","","","","","SIR XGBoost Model","202503101","F1 score: 0.96, CI[0.95, 0.97]","Computational Method","",""
57045,"57045.8","Salmonella enterica subsp. enterica serovar Paratyphi B strain 2008CEB2743SAL","ampicillin","Resistant","","","","","","","","","","","SIR XGBoost Model","202503101","F1 score: 0.93, CI[0.92, 0.93]","Computational Method","",""
57045,"57045.8","Salmonella enterica subsp. enterica serovar Paratyphi B strain 2008CEB2743SAL","azithromycin","Susceptible","","","","","","","","","","","SIR XGBoost Model","202503101","F1 score: 0.92, CI[0.87, 0.98]","Computational Method","",""
57045,"57045.8","Salmonella enterica subsp. enterica serovar Paratyphi B strain 2008CEB2743SAL","chloramphenicol","Resistant","","","","","","","","","","","SIR XGBoost Model","202503101","F1 score: 0.90, CI[0.88, 0.91]","Computational Method","",""
57045,"57045.8","Salmonella enterica subsp. enterica serovar Paratyphi B strain 2008CEB2743SAL","ciprofloxacin","Susceptible","","","","","","","","","","","SIR XGBoost Model","202503101","F1 score: 0.95, CI[0.93, 0.96]","Computational Method","",""
57045,"57045.8","Salmonella enterica subsp. enterica serovar Paratyphi B strain 2008CEB2743SAL","ceftriaxone","Susceptible","","","","","","","","","","","SIR XGBoost Model","202503101","F1 score: 0.98, CI[0.97, 1.00]","Computational Method","",""
57045,"57045.8","Salmonella enterica subsp. enterica serovar Paratyphi B strain 2008CEB2743SAL","cefotaxime","Susceptible","","","","","","","","","","","SIR XGBoost Model","202503101","F1 score: 0.95, CI[0.90, 0.99]","Computational Method","",""
57045,"57045.8","Salmonella enterica subsp. enterica serovar Paratyphi B strain 2008CEB2743SAL","sulfisoxazole","Resistant","","","","","","","","","","","SIR XGBoost Model","202503101","F1 score: 0.99, CI[0.98, 1.00]","Computational Method","",""
57045,"57045.8","Salmonella enterica subsp. enterica serovar Paratyphi B strain 2008CEB2743SAL","cefoxitin","Susceptible","","","","","","","","","","","SIR XGBoost Model","202503101","F1 score: 0.96, CI[0.93, 0.99]","Computational Method","",""
57045,"57045.8","Salmonella enterica subsp. enterica serovar Paratyphi B strain 2008CEB2743SAL","gentamicin","Resistant","","","","","","","","","","","SIR XGBoost Model","202503101","F1 score: 0.92, CI[0.89, 0.95]","Computational Method","",""
57045,"57045.8","Salmonella enterica subsp. enterica serovar Paratyphi B strain 2008CEB2743SAL","kanamycin","Susceptible","","","","","","","","","","","SIR XGBoost Model","202503101","F1 score: 0.86, CI[0.77, 0.95]","Computational Method","",""
57045,"57045.8","Salmonella enterica subsp. enterica serovar Paratyphi B strain 2008CEB2743SAL","nalidixic acid","Resistant","","","","","","","","","","","SIR XGBoost Model","202503101","F1 score: 0.95, CI[0.93, 0.96]","Computational Method","",""
57045,"57045.8","Salmonella enterica subsp. enterica serovar Paratyphi B strain 2008CEB2743SAL","pefloxacin","Susceptible","","","","","","","","","","","SIR XGBoost Model","202503101","F1 score: 0.98, CI[0.96, 1.00]","Computational Method","",""
57045,"57045.8","Salmonella enterica subsp. enterica serovar Paratyphi B strain 2008CEB2743SAL","sulfamethoxazole","Resistant","","","","","","","","","","","SIR XGBoost Model","202503101","F1 score: 0.95, CI[0.93, 0.97]","Computational Method","",""
57045,"57045.8","Salmonella enterica subsp. enterica serovar Paratyphi B strain 2008CEB2743SAL","spectinomycin","Resistant","","","","","","","","","","","SIR XGBoost Model","202503101","F1 score: 0.94, CI[0.90, 0.98]","Computational Method","",""
57045,"57045.8","Salmonella enterica subsp. enterica serovar Paratyphi B strain 2008CEB2743SAL","streptomycin","Resistant","","","","","","","","","","","SIR XGBoost Model","202503101","F1 score: 0.94, CI[0.93, 0.96]","Computational Method","",""
57045,"57045.8","Salmonella enterica subsp. enterica serovar Paratyphi B strain 2008CEB2743SAL","tetracycline","Susceptible","","","","","","","","","","","SIR XGBoost Model","202503101","F1 score: 0.97, CI[0.96, 0.98]","Computational Method","",""
57045,"57045.8","Salmonella enterica subsp. enterica serovar Paratyphi B strain 2008CEB2743SAL","ceftiofur","Susceptible","","","","","","","","","","","SIR XGBoost Model","202503101","F1 score: 0.98, CI[0.97, 1.00]","Computational Method","",""
57045,"57045.8","Salmonella enterica subsp. enterica serovar Paratyphi B strain 2008CEB2743SAL","trimethoprim","Susceptible","","","","","","","","","","","SIR XGBoost Model","202503101","F1 score: 0.86, CI[0.78, 0.93]","Computational Method","",""
57045,"57045.80","Salmonella enterica subsp. enterica serovar Paratyphi B strain ZC-S1711","amoxicillin/clavulanic acid","Susceptible","","","","","","","","","","","SIR XGBoost Model","202503101","F1 score: 0.96, CI[0.95, 0.97]","Computational Method","",""
57045,"57045.80","Salmonella enterica subsp. enterica serovar Paratyphi B strain ZC-S1711","ampicillin","Susceptible","","","","","","","","","","","SIR XGBoost Model","202503101","F1 score: 0.93, CI[0.92, 0.93]","Computational Method","",""
57045,"57045.80","Salmonella enterica subsp. enterica serovar Paratyphi B strain ZC-S1711","azithromycin","Susceptible","","","","","","","","","","","SIR XGBoost Model","202503101","F1 score: 0.92, CI[0.87, 0.98]","Computational Method","",""
57045,"57045.80","Salmonella enterica subsp. enterica serovar Paratyphi B strain ZC-S1711","chloramphenicol","Susceptible","","","","","","","","","","","SIR XGBoost Model","202503101","F1 score: 0.90, CI[0.88, 0.91]","Computational Method","",""
57045,"57045.80","Salmonella enterica subsp. enterica serovar Paratyphi B strain ZC-S1711","ciprofloxacin","Susceptible","","","","","","","","","","","SIR XGBoost Model","202503101","F1 score: 0.95, CI[0.93, 0.96]","Computational Method","",""
57045,"57045.80","Salmonella enterica subsp. enterica serovar Paratyphi B strain ZC-S1711","ceftriaxone","Susceptible","","","","","","","","","","","SIR XGBoost Model","202503101","F1 score: 0.98, CI[0.97, 1.00]","Computational Method","",""
57045,"57045.80","Salmonella enterica subsp. enterica serovar Paratyphi B strain ZC-S1711","cefotaxime","Susceptible","","","","","","","","","","","SIR XGBoost Model","202503101","F1 score: 0.95, CI[0.90, 0.99]","Computational Method","",""
57045,"57045.80","Salmonella enterica subsp. enterica serovar Paratyphi B strain ZC-S1711","sulfisoxazole","Susceptible","","","","","","","","","","","SIR XGBoost Model","202503101","F1 score: 0.99, CI[0.98, 1.00]","Computational Method","",""
57045,"57045.80","Salmonella enterica subsp. enterica serovar Paratyphi B strain ZC-S1711","cefoxitin","Susceptible","","","","","","","","","","","SIR XGBoost Model","202503101","F1 score: 0.96, CI[0.93, 0.99]","Computational Method","",""
57045,"57045.80","Salmonella enterica subsp. enterica serovar Paratyphi B strain ZC-S1711","gentamicin","Susceptible","","","","","","","","","","","SIR XGBoost Model","202503101","F1 score: 0.92, CI[0.89, 0.95]","Computational Method","",""
57045,"57045.80","Salmonella enterica subsp. enterica serovar Paratyphi B strain ZC-S1711","kanamycin","Susceptible","","","","","","","","","","","SIR XGBoost Model","202503101","F1 score: 0.86, CI[0.77, 0.95]","Computational Method","",""
57045,"57045.80","Salmonella enterica subsp. enterica serovar Paratyphi B strain ZC-S1711","nalidixic acid","Susceptible","","","","","","","","","","","SIR XGBoost Model","202503101","F1 score: 0.95, CI[0.93, 0.96]","Computational Method","",""
57045,"57045.80","Salmonella enterica subsp. enterica serovar Paratyphi B strain ZC-S1711","pefloxacin","Susceptible","","","","","","","","","","","SIR XGBoost Model","202503101","F1 score: 0.98, CI[0.96, 1.00]","Computational Method","",""
57045,"57045.80","Salmonella enterica subsp. enterica serovar Paratyphi B strain ZC-S1711","sulfamethoxazole","Susceptible","","","","","","","","","","","SIR XGBoost Model","202503101","F1 score: 0.95, CI[0.93, 0.97]","Computational Method","",""
57045,"57045.80","Salmonella enterica subsp. enterica serovar Paratyphi B strain ZC-S1711","spectinomycin","Susceptible","","","","","","","","","","","SIR XGBoost Model","202503101","F1 score: 0.94, CI[0.90, 0.98]","Computational Method","",""
57045,"57045.80","Salmonella enterica subsp. enterica serovar Paratyphi B strain ZC-S1711","streptomycin","Susceptible","","","","","","","","","","","SIR XGBoost Model","202503101","F1 score: 0.94, CI[0.93, 0.96]","Computational Method","",""
57045,"57045.80","Salmonella enterica subsp. enterica serovar Paratyphi B strain ZC-S1711","tetracycline","Susceptible","","","","","","","","","","","SIR XGBoost Model","202503101","F1 score: 0.97, CI[0.96, 0.98]","Computational Method","",""
57045,"57045.80","Salmonella enterica subsp. enterica serovar Paratyphi B strain ZC-S1711","ceftiofur","Susceptible","","","","","","","","","","","SIR XGBoost Model","202503101","F1 score: 0.98, CI[0.97, 1.00]","Computational Method","",""
57045,"57045.80","Salmonella enterica subsp. enterica serovar Paratyphi B strain ZC-S1711","trimethoprim","Susceptible","","","","","","","","","","","SIR XGBoost Model","202503101","F1 score: 0.86, CI[0.78, 0.93]","Computational Method","",""
57045,"57045.81","Salmonella enterica subsp. enterica serovar Paratyphi B strain CICC 10437","amoxicillin/clavulanic acid","Susceptible","","","","","","","","","","","SIR XGBoost Model","202503101","F1 score: 0.96, CI[0.95, 0.97]","Computational Method","",""
57045,"57045.81","Salmonella enterica subsp. enterica serovar Paratyphi B strain CICC 10437","ampicillin","Susceptible","","","","","","","","","","","SIR XGBoost Model","202503101","F1 score: 0.93, CI[0.92, 0.93]","Computational Method","",""
57045,"57045.81","Salmonella enterica subsp. enterica serovar Paratyphi B strain CICC 10437","azithromycin","Susceptible","","","","","","","","","","","SIR XGBoost Model","202503101","F1 score: 0.92, CI[0.87, 0.98]","Computational Method","",""
57045,"57045.81","Salmonella enterica subsp. enterica serovar Paratyphi B strain CICC 10437","chloramphenicol","Susceptible","","","","","","","","","","","SIR XGBoost Model","202503101","F1 score: 0.90, CI[0.88, 0.91]","Computational Method","",""
57045,"57045.81","Salmonella enterica subsp. enterica serovar Paratyphi B strain CICC 10437","ciprofloxacin","Susceptible","","","","","","","","","","","SIR XGBoost Model","202503101","F1 score: 0.95, CI[0.93, 0.96]","Computational Method","",""
57045,"57045.81","Salmonella enterica subsp. enterica serovar Paratyphi B strain CICC 10437","ceftriaxone","Susceptible","","","","","","","","","","","SIR XGBoost Model","202503101","F1 score: 0.98, CI[0.97, 1.00]","Computational Method","",""
57045,"57045.81","Salmonella enterica subsp. enterica serovar Paratyphi B strain CICC 10437","cefotaxime","Susceptible","","","","","","","","","","","SIR XGBoost Model","202503101","F1 score: 0.95, CI[0.90, 0.99]","Computational Method","",""
57045,"57045.81","Salmonella enterica subsp. enterica serovar Paratyphi B strain CICC 10437","sulfisoxazole","Susceptible","","","","","","","","","","","SIR XGBoost Model","202503101","F1 score: 0.99, CI[0.98, 1.00]","Computational Method","",""
57045,"57045.81","Salmonella enterica subsp. enterica serovar Paratyphi B strain CICC 10437","cefoxitin","Susceptible","","","","","","","","","","","SIR XGBoost Model","202503101","F1 score: 0.96, CI[0.93, 0.99]","Computational Method","",""
57045,"57045.81","Salmonella enterica subsp. enterica serovar Paratyphi B strain CICC 10437","gentamicin","Susceptible","","","","","","","","","","","SIR XGBoost Model","202503101","F1 score: 0.92, CI[0.89, 0.95]","Computational Method","",""
57045,"57045.81","Salmonella enterica subsp. enterica serovar Paratyphi B strain CICC 10437","kanamycin","Susceptible","","","","","","","","","","","SIR XGBoost Model","202503101","F1 score: 0.86, CI[0.77, 0.95]","Computational Method","",""
57045,"57045.81","Salmonella enterica subsp. enterica serovar Paratyphi B strain CICC 10437","nalidixic acid","Susceptible","","","","","","","","","","","SIR XGBoost Model","202503101","F1 score: 0.95, CI[0.93, 0.96]","Computational Method","",""
57045,"57045.81","Salmonella enterica subsp. enterica serovar Paratyphi B strain CICC 10437","pefloxacin","Susceptible","","","","","","","","","","","SIR XGBoost Model","202503101","F1 score: 0.98, CI[0.96, 1.00]","Computational Method","",""
57045,"57045.81","Salmonella enterica subsp. enterica serovar Paratyphi B strain CICC 10437","sulfamethoxazole","Susceptible","","","","","","","","","","","SIR XGBoost Model","202503101","F1 score: 0.95, CI[0.93, 0.97]","Computational Method","",""
57045,"57045.81","Salmonella enterica subsp. enterica serovar Paratyphi B strain CICC 10437","spectinomycin","Susceptible","","","","","","","","","","","SIR XGBoost Model","202503101","F1 score: 0.94, CI[0.90, 0.98]","Computational Method","",""
57045,"57045.81","Salmonella enterica subsp. enterica serovar Paratyphi B strain CICC 10437","streptomycin","Susceptible","","","","","","","","","","","SIR XGBoost Model","202503101","F1 score: 0.94, CI[0.93, 0.96]","Computational Method","",""
57045,"57045.81","Salmonella enterica subsp. enterica serovar Paratyphi B strain CICC 10437","tetracycline","Susceptible","","","","","","","","","","","SIR XGBoost Model","202503101","F1 score: 0.97, CI[0.96, 0.98]","Computational Method","",""
57045,"57045.81","Salmonella enterica subsp. enterica serovar Paratyphi B strain CICC 10437","ceftiofur","Susceptible","","","","","","","","","","","SIR XGBoost Model","202503101","F1 score: 0.98, CI[0.97, 1.00]","Computational Method","",""
57045,"57045.81","Salmonella enterica subsp. enterica serovar Paratyphi B strain CICC 10437","trimethoprim","Susceptible","","","","","","","","","","","SIR XGBoost Model","202503101","F1 score: 0.86, CI[0.78, 0.93]","Computational Method","",""
57045,"57045.82","Salmonella enterica subsp. enterica serovar Paratyphi B ZC-S1711","amoxicillin/clavulanic acid","Susceptible","","","","","","","","","","","SIR XGBoost Model","202503101","F1 score: 0.96, CI[0.95, 0.97]","Computational Method","",""
57045,"57045.82","Salmonella enterica subsp. enterica serovar Paratyphi B ZC-S1711","ampicillin","Susceptible","","","","","","","","","","","SIR XGBoost Model","202503101","F1 score: 0.93, CI[0.92, 0.93]","Computational Method","",""
57045,"57045.82","Salmonella enterica subsp. enterica serovar Paratyphi B ZC-S1711","azithromycin","Susceptible","","","","","","","","","","","SIR XGBoost Model","202503101","F1 score: 0.92, CI[0.87, 0.98]","Computational Method","",""
57045,"57045.82","Salmonella enterica subsp. enterica serovar Paratyphi B ZC-S1711","chloramphenicol","Susceptible","","","","","","","","","","","SIR XGBoost Model","202503101","F1 score: 0.90, CI[0.88, 0.91]","Computational Method","",""
57045,"57045.82","Salmonella enterica subsp. enterica serovar Paratyphi B ZC-S1711","ciprofloxacin","Susceptible","","","","","","","","","","","SIR XGBoost Model","202503101","F1 score: 0.95, CI[0.93, 0.96]","Computational Method","",""
57045,"57045.82","Salmonella enterica subsp. enterica serovar Paratyphi B ZC-S1711","ceftriaxone","Susceptible","","","","","","","","","","","SIR XGBoost Model","202503101","F1 score: 0.98, CI[0.97, 1.00]","Computational Method","",""
57045,"57045.82","Salmonella enterica subsp. enterica serovar Paratyphi B ZC-S1711","cefotaxime","Susceptible","","","","","","","","","","","SIR XGBoost Model","202503101","F1 score: 0.95, CI[0.90, 0.99]","Computational Method","",""
57045,"57045.82","Salmonella enterica subsp. enterica serovar Paratyphi B ZC-S1711","sulfisoxazole","Susceptible","","","","","","","","","","","SIR XGBoost Model","202503101","F1 score: 0.99, CI[0.98, 1.00]","Computational Method","",""
57045,"57045.82","Salmonella enterica subsp. enterica serovar Paratyphi B ZC-S1711","cefoxitin","Susceptible","","","","","","","","","","","SIR XGBoost Model","202503101","F1 score: 0.96, CI[0.93, 0.99]","Computational Method","",""
57045,"57045.82","Salmonella enterica subsp. enterica serovar Paratyphi B ZC-S1711","gentamicin","Susceptible","","","","","","","","","","","SIR XGBoost Model","202503101","F1 score: 0.92, CI[0.89, 0.95]","Computational Method","",""
57045,"57045.82","Salmonella enterica subsp. enterica serovar Paratyphi B ZC-S1711","kanamycin","Susceptible","","","","","","","","","","","SIR XGBoost Model","202503101","F1 score: 0.86, CI[0.77, 0.95]","Computational Method","",""
57045,"57045.82","Salmonella enterica subsp. enterica serovar Paratyphi B ZC-S1711","nalidixic acid","Susceptible","","","","","","","","","","","SIR XGBoost Model","202503101","F1 score: 0.95, CI[0.93, 0.96]","Computational Method","",""
57045,"57045.82","Salmonella enterica subsp. enterica serovar Paratyphi B ZC-S1711","pefloxacin","Susceptible","","","","","","","","","","","SIR XGBoost Model","202503101","F1 score: 0.98, CI[0.96, 1.00]","Computational Method","",""
57045,"57045.82","Salmonella enterica subsp. enterica serovar Paratyphi B ZC-S1711","sulfamethoxazole","Susceptible","","","","","","","","","","","SIR XGBoost Model","202503101","F1 score: 0.95, CI[0.93, 0.97]","Computational Method","",""
57045,"57045.82","Salmonella enterica subsp. enterica serovar Paratyphi B ZC-S1711","spectinomycin","Susceptible","","","","","","","","","","","SIR XGBoost Model","202503101","F1 score: 0.94, CI[0.90, 0.98]","Computational Method","",""
57045,"57045.82","Salmonella enterica subsp. enterica serovar Paratyphi B ZC-S1711","streptomycin","Susceptible","","","","","","","","","","","SIR XGBoost Model","202503101","F1 score: 0.94, CI[0.93, 0.96]","Computational Method","",""
57045,"57045.82","Salmonella enterica subsp. enterica serovar Paratyphi B ZC-S1711","tetracycline","Susceptible","","","","","","","","","","","SIR XGBoost Model","202503101","F1 score: 0.97, CI[0.96, 0.98]","Computational Method","",""
57045,"57045.82","Salmonella enterica subsp. enterica serovar Paratyphi B ZC-S1711","ceftiofur","Susceptible","","","","","","","","","","","SIR XGBoost Model","202503101","F1 score: 0.98, CI[0.97, 1.00]","Computational Method","",""
57045,"57045.82","Salmonella enterica subsp. enterica serovar Paratyphi B ZC-S1711","trimethoprim","Susceptible","","","","","","","","","","","SIR XGBoost Model","202503101","F1 score: 0.86, CI[0.78, 0.93]","Computational Method","",""
57045,"57045.83","Salmonella enterica subsp. enterica serovar Paratyphi B CICC 10437","amoxicillin/clavulanic acid","Susceptible","","","","","","","","","","","SIR XGBoost Model","202503101","F1 score: 0.96, CI[0.95, 0.97]","Computational Method","",""
57045,"57045.83","Salmonella enterica subsp. enterica serovar Paratyphi B CICC 10437","ampicillin","Susceptible","","","","","","","","","","","SIR XGBoost Model","202503101","F1 score: 0.93, CI[0.92, 0.93]","Computational Method","",""
57045,"57045.83","Salmonella enterica subsp. enterica serovar Paratyphi B CICC 10437","azithromycin","Susceptible","","","","","","","","","","","SIR XGBoost Model","202503101","F1 score: 0.92, CI[0.87, 0.98]","Computational Method","",""
57045,"57045.83","Salmonella enterica subsp. enterica serovar Paratyphi B CICC 10437","chloramphenicol","Susceptible","","","","","","","","","","","SIR XGBoost Model","202503101","F1 score: 0.90, CI[0.88, 0.91]","Computational Method","",""
57045,"57045.83","Salmonella enterica subsp. enterica serovar Paratyphi B CICC 10437","ciprofloxacin","Susceptible","","","","","","","","","","","SIR XGBoost Model","202503101","F1 score: 0.95, CI[0.93, 0.96]","Computational Method","",""
57045,"57045.83","Salmonella enterica subsp. enterica serovar Paratyphi B CICC 10437","ceftriaxone","Susceptible","","","","","","","","","","","SIR XGBoost Model","202503101","F1 score: 0.98, CI[0.97, 1.00]","Computational Method","",""
57045,"57045.83","Salmonella enterica subsp. enterica serovar Paratyphi B CICC 10437","cefotaxime","Susceptible","","","","","","","","","","","SIR XGBoost Model","202503101","F1 score: 0.95, CI[0.90, 0.99]","Computational Method","",""
57045,"57045.83","Salmonella enterica subsp. enterica serovar Paratyphi B CICC 10437","sulfisoxazole","Susceptible","","","","","","","","","","","SIR XGBoost Model","202503101","F1 score: 0.99, CI[0.98, 1.00]","Computational Method","",""
57045,"57045.83","Salmonella enterica subsp. enterica serovar Paratyphi B CICC 10437","cefoxitin","Susceptible","","","","","","","","","","","SIR XGBoost Model","202503101","F1 score: 0.96, CI[0.93, 0.99]","Computational Method","",""
57045,"57045.83","Salmonella enterica subsp. enterica serovar Paratyphi B CICC 10437","gentamicin","Susceptible","","","","","","","","","","","SIR XGBoost Model","202503101","F1 score: 0.92, CI[0.89, 0.95]","Computational Method","",""
57045,"57045.83","Salmonella enterica subsp. enterica serovar Paratyphi B CICC 10437","kanamycin","Susceptible","","","","","","","","","","","SIR XGBoost Model","202503101","F1 score: 0.86, CI[0.77, 0.95]","Computational Method","",""
57045,"57045.83","Salmonella enterica subsp. enterica serovar Paratyphi B CICC 10437","nalidixic acid","Susceptible","","","","","","","","","","","SIR XGBoost Model","202503101","F1 score: 0.95, CI[0.93, 0.96]","Computational Method","",""
57045,"57045.83","Salmonella enterica subsp. enterica serovar Paratyphi B CICC 10437","pefloxacin","Susceptible","","","","","","","","","","","SIR XGBoost Model","202503101","F1 score: 0.98, CI[0.96, 1.00]","Computational Method","",""
57045,"57045.83","Salmonella enterica subsp. enterica serovar Paratyphi B CICC 10437","sulfamethoxazole","Susceptible","","","","","","","","","","","SIR XGBoost Model","202503101","F1 score: 0.95, CI[0.93, 0.97]","Computational Method","",""
57045,"57045.83","Salmonella enterica subsp. enterica serovar Paratyphi B CICC 10437","spectinomycin","Susceptible","","","","","","","","","","","SIR XGBoost Model","202503101","F1 score: 0.94, CI[0.90, 0.98]","Computational Method","",""
57045,"57045.83","Salmonella enterica subsp. enterica serovar Paratyphi B CICC 10437","streptomycin","Susceptible","","","","","","","","","","","SIR XGBoost Model","202503101","F1 score: 0.94, CI[0.93, 0.96]","Computational Method","",""
57045,"57045.83","Salmonella enterica subsp. enterica serovar Paratyphi B CICC 10437","tetracycline","Susceptible","","","","","","","","","","","SIR XGBoost Model","202503101","F1 score: 0.97, CI[0.96, 0.98]","Computational Method","",""
57045,"57045.83","Salmonella enterica subsp. enterica serovar Paratyphi B CICC 10437","ceftiofur","Susceptible","","","","","","","","","","","SIR XGBoost Model","202503101","F1 score: 0.98, CI[0.97, 1.00]","Computational Method","",""
57045,"57045.83","Salmonella enterica subsp. enterica serovar Paratyphi B CICC 10437","trimethoprim","Susceptible","","","","","","","","","","","SIR XGBoost Model","202503101","F1 score: 0.86, CI[0.78, 0.93]","Computational Method","",""
57045,"57045.85","Salmonella enterica subsp. enterica serovar Paratyphi B BMHB596","amoxicillin/clavulanic acid","Susceptible","","","","","","","","","","","SIR XGBoost Model","202503101","F1 score: 0.96, CI[0.95, 0.97]","Computational Method","",""
57045,"57045.85","Salmonella enterica subsp. enterica serovar Paratyphi B BMHB596","ampicillin","Susceptible","","","","","","","","","","","SIR XGBoost Model","202503101","F1 score: 0.93, CI[0.92, 0.93]","Computational Method","",""
57045,"57045.85","Salmonella enterica subsp. enterica serovar Paratyphi B BMHB596","azithromycin","Susceptible","","","","","","","","","","","SIR XGBoost Model","202503101","F1 score: 0.92, CI[0.87, 0.98]","Computational Method","",""
57045,"57045.85","Salmonella enterica subsp. enterica serovar Paratyphi B BMHB596","chloramphenicol","Susceptible","","","","","","","","","","","SIR XGBoost Model","202503101","F1 score: 0.90, CI[0.88, 0.91]","Computational Method","",""
57045,"57045.85","Salmonella enterica subsp. enterica serovar Paratyphi B BMHB596","ciprofloxacin","Susceptible","","","","","","","","","","","SIR XGBoost Model","202503101","F1 score: 0.95, CI[0.93, 0.96]","Computational Method","",""
57045,"57045.85","Salmonella enterica subsp. enterica serovar Paratyphi B BMHB596","ceftriaxone","Susceptible","","","","","","","","","","","SIR XGBoost Model","202503101","F1 score: 0.98, CI[0.97, 1.00]","Computational Method","",""
57045,"57045.85","Salmonella enterica subsp. enterica serovar Paratyphi B BMHB596","cefotaxime","Susceptible","","","","","","","","","","","SIR XGBoost Model","202503101","F1 score: 0.95, CI[0.90, 0.99]","Computational Method","",""
57045,"57045.85","Salmonella enterica subsp. enterica serovar Paratyphi B BMHB596","sulfisoxazole","Susceptible","","","","","","","","","","","SIR XGBoost Model","202503101","F1 score: 0.99, CI[0.98, 1.00]","Computational Method","",""
57045,"57045.85","Salmonella enterica subsp. enterica serovar Paratyphi B BMHB596","cefoxitin","Susceptible","","","","","","","","","","","SIR XGBoost Model","202503101","F1 score: 0.96, CI[0.93, 0.99]","Computational Method","",""
57045,"57045.85","Salmonella enterica subsp. enterica serovar Paratyphi B BMHB596","gentamicin","Susceptible","","","","","","","","","","","SIR XGBoost Model","202503101","F1 score: 0.92, CI[0.89, 0.95]","Computational Method","",""
57045,"57045.85","Salmonella enterica subsp. enterica serovar Paratyphi B BMHB596","kanamycin","Susceptible","","","","","","","","","","","SIR XGBoost Model","202503101","F1 score: 0.86, CI[0.77, 0.95]","Computational Method","",""
57045,"57045.85","Salmonella enterica subsp. enterica serovar Paratyphi B BMHB596","nalidixic acid","Susceptible","","","","","","","","","","","SIR XGBoost Model","202503101","F1 score: 0.95, CI[0.93, 0.96]","Computational Method","",""
57045,"57045.85","Salmonella enterica subsp. enterica serovar Paratyphi B BMHB596","pefloxacin","Susceptible","","","","","","","","","","","SIR XGBoost Model","202503101","F1 score: 0.98, CI[0.96, 1.00]","Computational Method","",""
57045,"57045.85","Salmonella enterica subsp. enterica serovar Paratyphi B BMHB596","sulfamethoxazole","Susceptible","","","","","","","","","","","SIR XGBoost Model","202503101","F1 score: 0.95, CI[0.93, 0.97]","Computational Method","",""
57045,"57045.85","Salmonella enterica subsp. enterica serovar Paratyphi B BMHB596","spectinomycin","Susceptible","","","","","","","","","","","SIR XGBoost Model","202503101","F1 score: 0.94, CI[0.90, 0.98]","Computational Method","",""
57045,"57045.85","Salmonella enterica subsp. enterica serovar Paratyphi B BMHB596","streptomycin","Susceptible","","","","","","","","","","","SIR XGBoost Model","202503101","F1 score: 0.94, CI[0.93, 0.96]","Computational Method","",""
57045,"57045.85","Salmonella enterica subsp. enterica serovar Paratyphi B BMHB596","tetracycline","Susceptible","","","","","","","","","","","SIR XGBoost Model","202503101","F1 score: 0.97, CI[0.96, 0.98]","Computational Method","",""
57045,"57045.85","Salmonella enterica subsp. enterica serovar Paratyphi B BMHB596","ceftiofur","Susceptible","","","","","","","","","","","SIR XGBoost Model","202503101","F1 score: 0.98, CI[0.97, 1.00]","Computational Method","",""
57045,"57045.85","Salmonella enterica subsp. enterica serovar Paratyphi B BMHB596","trimethoprim","Susceptible","","","","","","","","","","","SIR XGBoost Model","202503101","F1 score: 0.86, CI[0.78, 0.93]","Computational Method","",""
57045,"57045.86","Salmonella enterica subsp. enterica serovar Paratyphi B SZ21B23","amoxicillin/clavulanic acid","Susceptible","","","","","","","","","","","SIR XGBoost Model","202503101","F1 score: 0.96, CI[0.95, 0.97]","Computational Method","",""
57045,"57045.86","Salmonella enterica subsp. enterica serovar Paratyphi B SZ21B23","ampicillin","Susceptible","","","","","","","","","","","SIR XGBoost Model","202503101","F1 score: 0.93, CI[0.92, 0.93]","Computational Method","",""
57045,"57045.86","Salmonella enterica subsp. enterica serovar Paratyphi B SZ21B23","azithromycin","Susceptible","","","","","","","","","","","SIR XGBoost Model","202503101","F1 score: 0.92, CI[0.87, 0.98]","Computational Method","",""
57045,"57045.86","Salmonella enterica subsp. enterica serovar Paratyphi B SZ21B23","chloramphenicol","Susceptible","","","","","","","","","","","SIR XGBoost Model","202503101","F1 score: 0.90, CI[0.88, 0.91]","Computational Method","",""
57045,"57045.86","Salmonella enterica subsp. enterica serovar Paratyphi B SZ21B23","ciprofloxacin","Susceptible","","","","","","","","","","","SIR XGBoost Model","202503101","F1 score: 0.95, CI[0.93, 0.96]","Computational Method","",""
57045,"57045.86","Salmonella enterica subsp. enterica serovar Paratyphi B SZ21B23","ceftriaxone","Resistant","","","","","","","","","","","SIR XGBoost Model","202503101","F1 score: 0.98, CI[0.97, 1.00]","Computational Method","",""
57045,"57045.86","Salmonella enterica subsp. enterica serovar Paratyphi B SZ21B23","cefotaxime","Susceptible","","","","","","","","","","","SIR XGBoost Model","202503101","F1 score: 0.95, CI[0.90, 0.99]","Computational Method","",""
57045,"57045.86","Salmonella enterica subsp. enterica serovar Paratyphi B SZ21B23","sulfisoxazole","Resistant","","","","","","","","","","","SIR XGBoost Model","202503101","F1 score: 0.99, CI[0.98, 1.00]","Computational Method","",""
57045,"57045.86","Salmonella enterica subsp. enterica serovar Paratyphi B SZ21B23","cefoxitin","Susceptible","","","","","","","","","","","SIR XGBoost Model","202503101","F1 score: 0.96, CI[0.93, 0.99]","Computational Method","",""
57045,"57045.86","Salmonella enterica subsp. enterica serovar Paratyphi B SZ21B23","gentamicin","Susceptible","","","","","","","","","","","SIR XGBoost Model","202503101","F1 score: 0.92, CI[0.89, 0.95]","Computational Method","",""
57045,"57045.86","Salmonella enterica subsp. enterica serovar Paratyphi B SZ21B23","kanamycin","Susceptible","","","","","","","","","","","SIR XGBoost Model","202503101","F1 score: 0.86, CI[0.77, 0.95]","Computational Method","",""
57045,"57045.86","Salmonella enterica subsp. enterica serovar Paratyphi B SZ21B23","nalidixic acid","Susceptible","","","","","","","","","","","SIR XGBoost Model","202503101","F1 score: 0.95, CI[0.93, 0.96]","Computational Method","",""
57045,"57045.86","Salmonella enterica subsp. enterica serovar Paratyphi B SZ21B23","pefloxacin","Susceptible","","","","","","","","","","","SIR XGBoost Model","202503101","F1 score: 0.98, CI[0.96, 1.00]","Computational Method","",""
57045,"57045.86","Salmonella enterica subsp. enterica serovar Paratyphi B SZ21B23","sulfamethoxazole","Susceptible","","","","","","","","","","","SIR XGBoost Model","202503101","F1 score: 0.95, CI[0.93, 0.97]","Computational Method","",""
57045,"57045.86","Salmonella enterica subsp. enterica serovar Paratyphi B SZ21B23","spectinomycin","Susceptible","","","","","","","","","","","SIR XGBoost Model","202503101","F1 score: 0.94, CI[0.90, 0.98]","Computational Method","",""
57045,"57045.86","Salmonella enterica subsp. enterica serovar Paratyphi B SZ21B23","streptomycin","Susceptible","","","","","","","","","","","SIR XGBoost Model","202503101","F1 score: 0.94, CI[0.93, 0.96]","Computational Method","",""
57045,"57045.86","Salmonella enterica subsp. enterica serovar Paratyphi B SZ21B23","tetracycline","Susceptible","","","","","","","","","","","SIR XGBoost Model","202503101","F1 score: 0.97, CI[0.96, 0.98]","Computational Method","",""
57045,"57045.86","Salmonella enterica subsp. enterica serovar Paratyphi B SZ21B23","ceftiofur","Susceptible","","","","","","","","","","","SIR XGBoost Model","202503101","F1 score: 0.98, CI[0.97, 1.00]","Computational Method","",""
57045,"57045.86","Salmonella enterica subsp. enterica serovar Paratyphi B SZ21B23","trimethoprim","Susceptible","","","","","","","","","","","SIR XGBoost Model","202503101","F1 score: 0.86, CI[0.78, 0.93]","Computational Method","",""
57045,"57045.87","Salmonella enterica subsp. enterica serovar Paratyphi B SZ21B16","amoxicillin/clavulanic acid","Susceptible","","","","","","","","","","","SIR XGBoost Model","202503101","F1 score: 0.96, CI[0.95, 0.97]","Computational Method","",""
57045,"57045.87","Salmonella enterica subsp. enterica serovar Paratyphi B SZ21B16","ampicillin","Susceptible","","","","","","","","","","","SIR XGBoost Model","202503101","F1 score: 0.93, CI[0.92, 0.93]","Computational Method","",""
57045,"57045.87","Salmonella enterica subsp. enterica serovar Paratyphi B SZ21B16","azithromycin","Susceptible","","","","","","","","","","","SIR XGBoost Model","202503101","F1 score: 0.92, CI[0.87, 0.98]","Computational Method","",""
57045,"57045.87","Salmonella enterica subsp. enterica serovar Paratyphi B SZ21B16","chloramphenicol","Susceptible","","","","","","","","","","","SIR XGBoost Model","202503101","F1 score: 0.90, CI[0.88, 0.91]","Computational Method","",""
57045,"57045.87","Salmonella enterica subsp. enterica serovar Paratyphi B SZ21B16","ciprofloxacin","Susceptible","","","","","","","","","","","SIR XGBoost Model","202503101","F1 score: 0.95, CI[0.93, 0.96]","Computational Method","",""
57045,"57045.87","Salmonella enterica subsp. enterica serovar Paratyphi B SZ21B16","ceftriaxone","Susceptible","","","","","","","","","","","SIR XGBoost Model","202503101","F1 score: 0.98, CI[0.97, 1.00]","Computational Method","",""
57045,"57045.87","Salmonella enterica subsp. enterica serovar Paratyphi B SZ21B16","cefotaxime","Susceptible","","","","","","","","","","","SIR XGBoost Model","202503101","F1 score: 0.95, CI[0.90, 0.99]","Computational Method","",""
57045,"57045.87","Salmonella enterica subsp. enterica serovar Paratyphi B SZ21B16","sulfisoxazole","Susceptible","","","","","","","","","","","SIR XGBoost Model","202503101","F1 score: 0.99, CI[0.98, 1.00]","Computational Method","",""
57045,"57045.87","Salmonella enterica subsp. enterica serovar Paratyphi B SZ21B16","cefoxitin","Susceptible","","","","","","","","","","","SIR XGBoost Model","202503101","F1 score: 0.96, CI[0.93, 0.99]","Computational Method","",""
57045,"57045.87","Salmonella enterica subsp. enterica serovar Paratyphi B SZ21B16","gentamicin","Susceptible","","","","","","","","","","","SIR XGBoost Model","202503101","F1 score: 0.92, CI[0.89, 0.95]","Computational Method","",""
57045,"57045.87","Salmonella enterica subsp. enterica serovar Paratyphi B SZ21B16","kanamycin","Susceptible","","","","","","","","","","","SIR XGBoost Model","202503101","F1 score: 0.86, CI[0.77, 0.95]","Computational Method","",""
57045,"57045.87","Salmonella enterica subsp. enterica serovar Paratyphi B SZ21B16","nalidixic acid","Susceptible","","","","","","","","","","","SIR XGBoost Model","202503101","F1 score: 0.95, CI[0.93, 0.96]","Computational Method","",""
57045,"57045.87","Salmonella enterica subsp. enterica serovar Paratyphi B SZ21B16","pefloxacin","Susceptible","","","","","","","","","","","SIR XGBoost Model","202503101","F1 score: 0.98, CI[0.96, 1.00]","Computational Method","",""
57045,"57045.87","Salmonella enterica subsp. enterica serovar Paratyphi B SZ21B16","sulfamethoxazole","Susceptible","","","","","","","","","","","SIR XGBoost Model","202503101","F1 score: 0.95, CI[0.93, 0.97]","Computational Method","",""
57045,"57045.87","Salmonella enterica subsp. enterica serovar Paratyphi B SZ21B16","spectinomycin","Susceptible","","","","","","","","","","","SIR XGBoost Model","202503101","F1 score: 0.94, CI[0.90, 0.98]","Computational Method","",""
57045,"57045.87","Salmonella enterica subsp. enterica serovar Paratyphi B SZ21B16","streptomycin","Susceptible","","","","","","","","","","","SIR XGBoost Model","202503101","F1 score: 0.94, CI[0.93, 0.96]","Computational Method","",""
57045,"57045.87","Salmonella enterica subsp. enterica serovar Paratyphi B SZ21B16","tetracycline","Susceptible","","","","","","","","","","","SIR XGBoost Model","202503101","F1 score: 0.97, CI[0.96, 0.98]","Computational Method","",""
57045,"57045.87","Salmonella enterica subsp. enterica serovar Paratyphi B SZ21B16","ceftiofur","Susceptible","","","","","","","","","","","SIR XGBoost Model","202503101","F1 score: 0.98, CI[0.97, 1.00]","Computational Method","",""
57045,"57045.87","Salmonella enterica subsp. enterica serovar Paratyphi B SZ21B16","trimethoprim","Susceptible","","","","","","","","","","","SIR XGBoost Model","202503101","F1 score: 0.86, CI[0.78, 0.93]","Computational Method","",""
57045,"57045.88","Salmonella enterica subsp. enterica serovar Paratyphi B PS_Mu_4_2021","amoxicillin/clavulanic acid","Susceptible","","","","","","","","","","","SIR XGBoost Model","202503101","F1 score: 0.96, CI[0.95, 0.97]","Computational Method","",""
57045,"57045.88","Salmonella enterica subsp. enterica serovar Paratyphi B PS_Mu_4_2021","ampicillin","Susceptible","","","","","","","","","","","SIR XGBoost Model","202503101","F1 score: 0.93, CI[0.92, 0.93]","Computational Method","",""
57045,"57045.88","Salmonella enterica subsp. enterica serovar Paratyphi B PS_Mu_4_2021","azithromycin","Susceptible","","","","","","","","","","","SIR XGBoost Model","202503101","F1 score: 0.92, CI[0.87, 0.98]","Computational Method","",""
57045,"57045.88","Salmonella enterica subsp. enterica serovar Paratyphi B PS_Mu_4_2021","chloramphenicol","Susceptible","","","","","","","","","","","SIR XGBoost Model","202503101","F1 score: 0.90, CI[0.88, 0.91]","Computational Method","",""
57045,"57045.88","Salmonella enterica subsp. enterica serovar Paratyphi B PS_Mu_4_2021","ciprofloxacin","Susceptible","","","","","","","","","","","SIR XGBoost Model","202503101","F1 score: 0.95, CI[0.93, 0.96]","Computational Method","",""
57045,"57045.88","Salmonella enterica subsp. enterica serovar Paratyphi B PS_Mu_4_2021","ceftriaxone","Resistant","","","","","","","","","","","SIR XGBoost Model","202503101","F1 score: 0.98, CI[0.97, 1.00]","Computational Method","",""
57045,"57045.88","Salmonella enterica subsp. enterica serovar Paratyphi B PS_Mu_4_2021","cefotaxime","Susceptible","","","","","","","","","","","SIR XGBoost Model","202503101","F1 score: 0.95, CI[0.90, 0.99]","Computational Method","",""
57045,"57045.88","Salmonella enterica subsp. enterica serovar Paratyphi B PS_Mu_4_2021","sulfisoxazole","Resistant","","","","","","","","","","","SIR XGBoost Model","202503101","F1 score: 0.99, CI[0.98, 1.00]","Computational Method","",""
57045,"57045.88","Salmonella enterica subsp. enterica serovar Paratyphi B PS_Mu_4_2021","cefoxitin","Susceptible","","","","","","","","","","","SIR XGBoost Model","202503101","F1 score: 0.96, CI[0.93, 0.99]","Computational Method","",""
57045,"57045.88","Salmonella enterica subsp. enterica serovar Paratyphi B PS_Mu_4_2021","gentamicin","Susceptible","","","","","","","","","","","SIR XGBoost Model","202503101","F1 score: 0.92, CI[0.89, 0.95]","Computational Method","",""
57045,"57045.88","Salmonella enterica subsp. enterica serovar Paratyphi B PS_Mu_4_2021","kanamycin","Susceptible","","","","","","","","","","","SIR XGBoost Model","202503101","F1 score: 0.86, CI[0.77, 0.95]","Computational Method","",""
57045,"57045.88","Salmonella enterica subsp. enterica serovar Paratyphi B PS_Mu_4_2021","nalidixic acid","Susceptible","","","","","","","","","","","SIR XGBoost Model","202503101","F1 score: 0.95, CI[0.93, 0.96]","Computational Method","",""
57045,"57045.88","Salmonella enterica subsp. enterica serovar Paratyphi B PS_Mu_4_2021","pefloxacin","Susceptible","","","","","","","","","","","SIR XGBoost Model","202503101","F1 score: 0.98, CI[0.96, 1.00]","Computational Method","",""
57045,"57045.88","Salmonella enterica subsp. enterica serovar Paratyphi B PS_Mu_4_2021","sulfamethoxazole","Resistant","","","","","","","","","","","SIR XGBoost Model","202503101","F1 score: 0.95, CI[0.93, 0.97]","Computational Method","",""
57045,"57045.88","Salmonella enterica subsp. enterica serovar Paratyphi B PS_Mu_4_2021","spectinomycin","Susceptible","","","","","","","","","","","SIR XGBoost Model","202503101","F1 score: 0.94, CI[0.90, 0.98]","Computational Method","",""
57045,"57045.88","Salmonella enterica subsp. enterica serovar Paratyphi B PS_Mu_4_2021","streptomycin","Resistant","","","","","","","","","","","SIR XGBoost Model","202503101","F1 score: 0.94, CI[0.93, 0.96]","Computational Method","",""
57045,"57045.88","Salmonella enterica subsp. enterica serovar Paratyphi B PS_Mu_4_2021","tetracycline","Resistant","","","","","","","","","","","SIR XGBoost Model","202503101","F1 score: 0.97, CI[0.96, 0.98]","Computational Method","",""
57045,"57045.88","Salmonella enterica subsp. enterica serovar Paratyphi B PS_Mu_4_2021","ceftiofur","Resistant","","","","","","","","","","","SIR XGBoost Model","202503101","F1 score: 0.98, CI[0.97, 1.00]","Computational Method","",""
57045,"57045.88","Salmonella enterica subsp. enterica serovar Paratyphi B PS_Mu_4_2021","trimethoprim","Susceptible","","","","","","","","","","","SIR XGBoost Model","202503101","F1 score: 0.86, CI[0.78, 0.93]","Computational Method","",""
57045,"57045.89","Salmonella enterica subsp. enterica serovar Paratyphi B 22-SA01722-0","amoxicillin/clavulanic acid","Susceptible","","","","","","","","","","","SIR XGBoost Model","202503101","F1 score: 0.96, CI[0.95, 0.97]","Computational Method","",""
57045,"57045.89","Salmonella enterica subsp. enterica serovar Paratyphi B 22-SA01722-0","ampicillin","Susceptible","","","","","","","","","","","SIR XGBoost Model","202503101","F1 score: 0.93, CI[0.92, 0.93]","Computational Method","",""
57045,"57045.89","Salmonella enterica subsp. enterica serovar Paratyphi B 22-SA01722-0","azithromycin","Susceptible","","","","","","","","","","","SIR XGBoost Model","202503101","F1 score: 0.92, CI[0.87, 0.98]","Computational Method","",""
57045,"57045.89","Salmonella enterica subsp. enterica serovar Paratyphi B 22-SA01722-0","chloramphenicol","Susceptible","","","","","","","","","","","SIR XGBoost Model","202503101","F1 score: 0.90, CI[0.88, 0.91]","Computational Method","",""
57045,"57045.89","Salmonella enterica subsp. enterica serovar Paratyphi B 22-SA01722-0","ciprofloxacin","Susceptible","","","","","","","","","","","SIR XGBoost Model","202503101","F1 score: 0.95, CI[0.93, 0.96]","Computational Method","",""
57045,"57045.89","Salmonella enterica subsp. enterica serovar Paratyphi B 22-SA01722-0","ceftriaxone","Susceptible","","","","","","","","","","","SIR XGBoost Model","202503101","F1 score: 0.98, CI[0.97, 1.00]","Computational Method","",""
57045,"57045.89","Salmonella enterica subsp. enterica serovar Paratyphi B 22-SA01722-0","cefotaxime","Susceptible","","","","","","","","","","","SIR XGBoost Model","202503101","F1 score: 0.95, CI[0.90, 0.99]","Computational Method","",""
57045,"57045.89","Salmonella enterica subsp. enterica serovar Paratyphi B 22-SA01722-0","sulfisoxazole","Susceptible","","","","","","","","","","","SIR XGBoost Model","202503101","F1 score: 0.99, CI[0.98, 1.00]","Computational Method","",""
57045,"57045.89","Salmonella enterica subsp. enterica serovar Paratyphi B 22-SA01722-0","cefoxitin","Susceptible","","","","","","","","","","","SIR XGBoost Model","202503101","F1 score: 0.96, CI[0.93, 0.99]","Computational Method","",""
57045,"57045.89","Salmonella enterica subsp. enterica serovar Paratyphi B 22-SA01722-0","gentamicin","Susceptible","","","","","","","","","","","SIR XGBoost Model","202503101","F1 score: 0.92, CI[0.89, 0.95]","Computational Method","",""
57045,"57045.89","Salmonella enterica subsp. enterica serovar Paratyphi B 22-SA01722-0","kanamycin","Susceptible","","","","","","","","","","","SIR XGBoost Model","202503101","F1 score: 0.86, CI[0.77, 0.95]","Computational Method","",""
57045,"57045.89","Salmonella enterica subsp. enterica serovar Paratyphi B 22-SA01722-0","nalidixic acid","Susceptible","","","","","","","","","","","SIR XGBoost Model","202503101","F1 score: 0.95, CI[0.93, 0.96]","Computational Method","",""
57045,"57045.89","Salmonella enterica subsp. enterica serovar Paratyphi B 22-SA01722-0","pefloxacin","Susceptible","","","","","","","","","","","SIR XGBoost Model","202503101","F1 score: 0.98, CI[0.96, 1.00]","Computational Method","",""
57045,"57045.89","Salmonella enterica subsp. enterica serovar Paratyphi B 22-SA01722-0","sulfamethoxazole","Susceptible","","","","","","","","","","","SIR XGBoost Model","202503101","F1 score: 0.95, CI[0.93, 0.97]","Computational Method","",""
57045,"57045.89","Salmonella enterica subsp. enterica serovar Paratyphi B 22-SA01722-0","spectinomycin","Susceptible","","","","","","","","","","","SIR XGBoost Model","202503101","F1 score: 0.94, CI[0.90, 0.98]","Computational Method","",""
57045,"57045.89","Salmonella enterica subsp. enterica serovar Paratyphi B 22-SA01722-0","streptomycin","Susceptible","","","","","","","","","","","SIR XGBoost Model","202503101","F1 score: 0.94, CI[0.93, 0.96]","Computational Method","",""
57045,"57045.89","Salmonella enterica subsp. enterica serovar Paratyphi B 22-SA01722-0","tetracycline","Susceptible","","","","","","","","","","","SIR XGBoost Model","202503101","F1 score: 0.97, CI[0.96, 0.98]","Computational Method","",""
57045,"57045.89","Salmonella enterica subsp. enterica serovar Paratyphi B 22-SA01722-0","ceftiofur","Susceptible","","","","","","","","","","","SIR XGBoost Model","202503101","F1 score: 0.98, CI[0.97, 1.00]","Computational Method","",""
57045,"57045.89","Salmonella enterica subsp. enterica serovar Paratyphi B 22-SA01722-0","trimethoprim","Susceptible","","","","","","","","","","","SIR XGBoost Model","202503101","F1 score: 0.86, CI[0.78, 0.93]","Computational Method","",""
57045,"57045.9","Salmonella enterica subsp. enterica serovar Paratyphi B strain 2012CEB707SAL","amoxicillin/clavulanic acid","Susceptible","","","","","","","","","","","SIR XGBoost Model","202503101","F1 score: 0.96, CI[0.95, 0.97]","Computational Method","",""
57045,"57045.9","Salmonella enterica subsp. enterica serovar Paratyphi B strain 2012CEB707SAL","ampicillin","Resistant","","","","","","","","","","","SIR XGBoost Model","202503101","F1 score: 0.93, CI[0.92, 0.93]","Computational Method","",""
57045,"57045.9","Salmonella enterica subsp. enterica serovar Paratyphi B strain 2012CEB707SAL","azithromycin","Susceptible","","","","","","","","","","","SIR XGBoost Model","202503101","F1 score: 0.92, CI[0.87, 0.98]","Computational Method","",""
57045,"57045.9","Salmonella enterica subsp. enterica serovar Paratyphi B strain 2012CEB707SAL","chloramphenicol","Susceptible","","","","","","","","","","","SIR XGBoost Model","202503101","F1 score: 0.90, CI[0.88, 0.91]","Computational Method","",""
57045,"57045.9","Salmonella enterica subsp. enterica serovar Paratyphi B strain 2012CEB707SAL","ciprofloxacin","Susceptible","","","","","","","","","","","SIR XGBoost Model","202503101","F1 score: 0.95, CI[0.93, 0.96]","Computational Method","",""
57045,"57045.9","Salmonella enterica subsp. enterica serovar Paratyphi B strain 2012CEB707SAL","ceftriaxone","Susceptible","","","","","","","","","","","SIR XGBoost Model","202503101","F1 score: 0.98, CI[0.97, 1.00]","Computational Method","",""
57045,"57045.9","Salmonella enterica subsp. enterica serovar Paratyphi B strain 2012CEB707SAL","cefotaxime","Susceptible","","","","","","","","","","","SIR XGBoost Model","202503101","F1 score: 0.95, CI[0.90, 0.99]","Computational Method","",""
57045,"57045.9","Salmonella enterica subsp. enterica serovar Paratyphi B strain 2012CEB707SAL","sulfisoxazole","Resistant","","","","","","","","","","","SIR XGBoost Model","202503101","F1 score: 0.99, CI[0.98, 1.00]","Computational Method","",""
57045,"57045.9","Salmonella enterica subsp. enterica serovar Paratyphi B strain 2012CEB707SAL","cefoxitin","Susceptible","","","","","","","","","","","SIR XGBoost Model","202503101","F1 score: 0.96, CI[0.93, 0.99]","Computational Method","",""
57045,"57045.9","Salmonella enterica subsp. enterica serovar Paratyphi B strain 2012CEB707SAL","gentamicin","Resistant","","","","","","","","","","","SIR XGBoost Model","202503101","F1 score: 0.92, CI[0.89, 0.95]","Computational Method","",""
57045,"57045.9","Salmonella enterica subsp. enterica serovar Paratyphi B strain 2012CEB707SAL","kanamycin","Susceptible","","","","","","","","","","","SIR XGBoost Model","202503101","F1 score: 0.86, CI[0.77, 0.95]","Computational Method","",""
57045,"57045.9","Salmonella enterica subsp. enterica serovar Paratyphi B strain 2012CEB707SAL","nalidixic acid","Resistant","","","","","","","","","","","SIR XGBoost Model","202503101","F1 score: 0.95, CI[0.93, 0.96]","Computational Method","",""
57045,"57045.9","Salmonella enterica subsp. enterica serovar Paratyphi B strain 2012CEB707SAL","pefloxacin","Resistant","","","","","","","","","","","SIR XGBoost Model","202503101","F1 score: 0.98, CI[0.96, 1.00]","Computational Method","",""
57045,"57045.9","Salmonella enterica subsp. enterica serovar Paratyphi B strain 2012CEB707SAL","sulfamethoxazole","Resistant","","","","","","","","","","","SIR XGBoost Model","202503101","F1 score: 0.95, CI[0.93, 0.97]","Computational Method","",""
57045,"57045.9","Salmonella enterica subsp. enterica serovar Paratyphi B strain 2012CEB707SAL","spectinomycin","Susceptible","","","","","","","","","","","SIR XGBoost Model","202503101","F1 score: 0.94, CI[0.90, 0.98]","Computational Method","",""
57045,"57045.9","Salmonella enterica subsp. enterica serovar Paratyphi B strain 2012CEB707SAL","streptomycin","Susceptible","","","","","","","","","","","SIR XGBoost Model","202503101","F1 score: 0.94, CI[0.93, 0.96]","Computational Method","",""
57045,"57045.9","Salmonella enterica subsp. enterica serovar Paratyphi B strain 2012CEB707SAL","tetracycline","Susceptible","","","","","","","","","","","SIR XGBoost Model","202503101","F1 score: 0.97, CI[0.96, 0.98]","Computational Method","",""
57045,"57045.9","Salmonella enterica subsp. enterica serovar Paratyphi B strain 2012CEB707SAL","ceftiofur","Susceptible","","","","","","","","","","","SIR XGBoost Model","202503101","F1 score: 0.98, CI[0.97, 1.00]","Computational Method","",""
57045,"57045.9","Salmonella enterica subsp. enterica serovar Paratyphi B strain 2012CEB707SAL","trimethoprim","Resistant","","","","","","","","","","","SIR XGBoost Model","202503101","F1 score: 0.86, CI[0.78, 0.93]","Computational Method","",""
57045,"57045.90","Salmonella enterica subsp. enterica serovar Paratyphi B 1_2021","amoxicillin/clavulanic acid","Susceptible","","","","","","","","","","","SIR XGBoost Model","202503101","F1 score: 0.96, CI[0.95, 0.97]","Computational Method","",""
57045,"57045.90","Salmonella enterica subsp. enterica serovar Paratyphi B 1_2021","ampicillin","Susceptible","","","","","","","","","","","SIR XGBoost Model","202503101","F1 score: 0.93, CI[0.92, 0.93]","Computational Method","",""
57045,"57045.90","Salmonella enterica subsp. enterica serovar Paratyphi B 1_2021","azithromycin","Susceptible","","","","","","","","","","","SIR XGBoost Model","202503101","F1 score: 0.92, CI[0.87, 0.98]","Computational Method","",""
57045,"57045.90","Salmonella enterica subsp. enterica serovar Paratyphi B 1_2021","chloramphenicol","Susceptible","","","","","","","","","","","SIR XGBoost Model","202503101","F1 score: 0.90, CI[0.88, 0.91]","Computational Method","",""
57045,"57045.90","Salmonella enterica subsp. enterica serovar Paratyphi B 1_2021","ciprofloxacin","Susceptible","","","","","","","","","","","SIR XGBoost Model","202503101","F1 score: 0.95, CI[0.93, 0.96]","Computational Method","",""
57045,"57045.90","Salmonella enterica subsp. enterica serovar Paratyphi B 1_2021","ceftriaxone","Resistant","","","","","","","","","","","SIR XGBoost Model","202503101","F1 score: 0.98, CI[0.97, 1.00]","Computational Method","",""
57045,"57045.90","Salmonella enterica subsp. enterica serovar Paratyphi B 1_2021","cefotaxime","Susceptible","","","","","","","","","","","SIR XGBoost Model","202503101","F1 score: 0.95, CI[0.90, 0.99]","Computational Method","",""
57045,"57045.90","Salmonella enterica subsp. enterica serovar Paratyphi B 1_2021","sulfisoxazole","Resistant","","","","","","","","","","","SIR XGBoost Model","202503101","F1 score: 0.99, CI[0.98, 1.00]","Computational Method","",""
57045,"57045.90","Salmonella enterica subsp. enterica serovar Paratyphi B 1_2021","cefoxitin","Susceptible","","","","","","","","","","","SIR XGBoost Model","202503101","F1 score: 0.96, CI[0.93, 0.99]","Computational Method","",""
57045,"57045.90","Salmonella enterica subsp. enterica serovar Paratyphi B 1_2021","gentamicin","Susceptible","","","","","","","","","","","SIR XGBoost Model","202503101","F1 score: 0.92, CI[0.89, 0.95]","Computational Method","",""
57045,"57045.90","Salmonella enterica subsp. enterica serovar Paratyphi B 1_2021","kanamycin","Susceptible","","","","","","","","","","","SIR XGBoost Model","202503101","F1 score: 0.86, CI[0.77, 0.95]","Computational Method","",""
57045,"57045.90","Salmonella enterica subsp. enterica serovar Paratyphi B 1_2021","nalidixic acid","Susceptible","","","","","","","","","","","SIR XGBoost Model","202503101","F1 score: 0.95, CI[0.93, 0.96]","Computational Method","",""
57045,"57045.90","Salmonella enterica subsp. enterica serovar Paratyphi B 1_2021","pefloxacin","Susceptible","","","","","","","","","","","SIR XGBoost Model","202503101","F1 score: 0.98, CI[0.96, 1.00]","Computational Method","",""
57045,"57045.90","Salmonella enterica subsp. enterica serovar Paratyphi B 1_2021","sulfamethoxazole","Resistant","","","","","","","","","","","SIR XGBoost Model","202503101","F1 score: 0.95, CI[0.93, 0.97]","Computational Method","",""
57045,"57045.90","Salmonella enterica subsp. enterica serovar Paratyphi B 1_2021","spectinomycin","Susceptible","","","","","","","","","","","SIR XGBoost Model","202503101","F1 score: 0.94, CI[0.90, 0.98]","Computational Method","",""
57045,"57045.90","Salmonella enterica subsp. enterica serovar Paratyphi B 1_2021","streptomycin","Resistant","","","","","","","","","","","SIR XGBoost Model","202503101","F1 score: 0.94, CI[0.93, 0.96]","Computational Method","",""
57045,"57045.90","Salmonella enterica subsp. enterica serovar Paratyphi B 1_2021","tetracycline","Resistant","","","","","","","","","","","SIR XGBoost Model","202503101","F1 score: 0.97, CI[0.96, 0.98]","Computational Method","",""
57045,"57045.90","Salmonella enterica subsp. enterica serovar Paratyphi B 1_2021","ceftiofur","Resistant","","","","","","","","","","","SIR XGBoost Model","202503101","F1 score: 0.98, CI[0.97, 1.00]","Computational Method","",""
57045,"57045.90","Salmonella enterica subsp. enterica serovar Paratyphi B 1_2021","trimethoprim","Susceptible","","","","","","","","","","","SIR XGBoost Model","202503101","F1 score: 0.86, CI[0.78, 0.93]","Computational Method","",""
57045,"57045.92","Salmonella enterica subsp. enterica serovar Paratyphi B CRHE79","amoxicillin/clavulanic acid","Susceptible","","","","","","","","","","","SIR XGBoost Model","202503101","F1 score: 0.96, CI[0.95, 0.97]","Computational Method","",""
57045,"57045.92","Salmonella enterica subsp. enterica serovar Paratyphi B CRHE79","ampicillin","Susceptible","","","","","","","","","","","SIR XGBoost Model","202503101","F1 score: 0.93, CI[0.92, 0.93]","Computational Method","",""
57045,"57045.92","Salmonella enterica subsp. enterica serovar Paratyphi B CRHE79","azithromycin","Susceptible","","","","","","","","","","","SIR XGBoost Model","202503101","F1 score: 0.92, CI[0.87, 0.98]","Computational Method","",""
57045,"57045.92","Salmonella enterica subsp. enterica serovar Paratyphi B CRHE79","chloramphenicol","Susceptible","","","","","","","","","","","SIR XGBoost Model","202503101","F1 score: 0.90, CI[0.88, 0.91]","Computational Method","",""
57045,"57045.92","Salmonella enterica subsp. enterica serovar Paratyphi B CRHE79","ciprofloxacin","Susceptible","","","","","","","","","","","SIR XGBoost Model","202503101","F1 score: 0.95, CI[0.93, 0.96]","Computational Method","",""
57045,"57045.92","Salmonella enterica subsp. enterica serovar Paratyphi B CRHE79","ceftriaxone","Susceptible","","","","","","","","","","","SIR XGBoost Model","202503101","F1 score: 0.98, CI[0.97, 1.00]","Computational Method","",""
57045,"57045.92","Salmonella enterica subsp. enterica serovar Paratyphi B CRHE79","cefotaxime","Susceptible","","","","","","","","","","","SIR XGBoost Model","202503101","F1 score: 0.95, CI[0.90, 0.99]","Computational Method","",""
57045,"57045.92","Salmonella enterica subsp. enterica serovar Paratyphi B CRHE79","sulfisoxazole","Susceptible","","","","","","","","","","","SIR XGBoost Model","202503101","F1 score: 0.99, CI[0.98, 1.00]","Computational Method","",""
57045,"57045.92","Salmonella enterica subsp. enterica serovar Paratyphi B CRHE79","cefoxitin","Susceptible","","","","","","","","","","","SIR XGBoost Model","202503101","F1 score: 0.96, CI[0.93, 0.99]","Computational Method","",""
57045,"57045.92","Salmonella enterica subsp. enterica serovar Paratyphi B CRHE79","gentamicin","Susceptible","","","","","","","","","","","SIR XGBoost Model","202503101","F1 score: 0.92, CI[0.89, 0.95]","Computational Method","",""
57045,"57045.92","Salmonella enterica subsp. enterica serovar Paratyphi B CRHE79","kanamycin","Susceptible","","","","","","","","","","","SIR XGBoost Model","202503101","F1 score: 0.86, CI[0.77, 0.95]","Computational Method","",""
57045,"57045.92","Salmonella enterica subsp. enterica serovar Paratyphi B CRHE79","nalidixic acid","Susceptible","","","","","","","","","","","SIR XGBoost Model","202503101","F1 score: 0.95, CI[0.93, 0.96]","Computational Method","",""
57045,"57045.92","Salmonella enterica subsp. enterica serovar Paratyphi B CRHE79","pefloxacin","Susceptible","","","","","","","","","","","SIR XGBoost Model","202503101","F1 score: 0.98, CI[0.96, 1.00]","Computational Method","",""
57045,"57045.92","Salmonella enterica subsp. enterica serovar Paratyphi B CRHE79","sulfamethoxazole","Susceptible","","","","","","","","","","","SIR XGBoost Model","202503101","F1 score: 0.95, CI[0.93, 0.97]","Computational Method","",""
57045,"57045.92","Salmonella enterica subsp. enterica serovar Paratyphi B CRHE79","spectinomycin","Susceptible","","","","","","","","","","","SIR XGBoost Model","202503101","F1 score: 0.94, CI[0.90, 0.98]","Computational Method","",""
57045,"57045.92","Salmonella enterica subsp. enterica serovar Paratyphi B CRHE79","streptomycin","Susceptible","","","","","","","","","","","SIR XGBoost Model","202503101","F1 score: 0.94, CI[0.93, 0.96]","Computational Method","",""
57045,"57045.92","Salmonella enterica subsp. enterica serovar Paratyphi B CRHE79","tetracycline","Susceptible","","","","","","","","","","","SIR XGBoost Model","202503101","F1 score: 0.97, CI[0.96, 0.98]","Computational Method","",""
57045,"57045.92","Salmonella enterica subsp. enterica serovar Paratyphi B CRHE79","ceftiofur","Susceptible","","","","","","","","","","","SIR XGBoost Model","202503101","F1 score: 0.98, CI[0.97, 1.00]","Computational Method","",""
57045,"57045.92","Salmonella enterica subsp. enterica serovar Paratyphi B CRHE79","trimethoprim","Susceptible","","","","","","","","","","","SIR XGBoost Model","202503101","F1 score: 0.86, CI[0.78, 0.93]","Computational Method","",""
57045,"57045.93","Salmonella enterica subsp. enterica serovar Paratyphi B B2590","amoxicillin/clavulanic acid","Susceptible","","","","","","","","","","","SIR XGBoost Model","202503101","F1 score: 0.96, CI[0.95, 0.97]","Computational Method","",""
57045,"57045.93","Salmonella enterica subsp. enterica serovar Paratyphi B B2590","ampicillin","Susceptible","","","","","","","","","","","SIR XGBoost Model","202503101","F1 score: 0.93, CI[0.92, 0.93]","Computational Method","",""
57045,"57045.93","Salmonella enterica subsp. enterica serovar Paratyphi B B2590","azithromycin","Susceptible","","","","","","","","","","","SIR XGBoost Model","202503101","F1 score: 0.92, CI[0.87, 0.98]","Computational Method","",""
57045,"57045.93","Salmonella enterica subsp. enterica serovar Paratyphi B B2590","chloramphenicol","Resistant","","","","","","","","","","","SIR XGBoost Model","202503101","F1 score: 0.90, CI[0.88, 0.91]","Computational Method","",""
57045,"57045.93","Salmonella enterica subsp. enterica serovar Paratyphi B B2590","ciprofloxacin","Susceptible","","","","","","","","","","","SIR XGBoost Model","202503101","F1 score: 0.95, CI[0.93, 0.96]","Computational Method","",""
57045,"57045.93","Salmonella enterica subsp. enterica serovar Paratyphi B B2590","ceftriaxone","Susceptible","","","","","","","","","","","SIR XGBoost Model","202503101","F1 score: 0.98, CI[0.97, 1.00]","Computational Method","",""
57045,"57045.93","Salmonella enterica subsp. enterica serovar Paratyphi B B2590","cefotaxime","Susceptible","","","","","","","","","","","SIR XGBoost Model","202503101","F1 score: 0.95, CI[0.90, 0.99]","Computational Method","",""
57045,"57045.93","Salmonella enterica subsp. enterica serovar Paratyphi B B2590","sulfisoxazole","Susceptible","","","","","","","","","","","SIR XGBoost Model","202503101","F1 score: 0.99, CI[0.98, 1.00]","Computational Method","",""
57045,"57045.93","Salmonella enterica subsp. enterica serovar Paratyphi B B2590","cefoxitin","Susceptible","","","","","","","","","","","SIR XGBoost Model","202503101","F1 score: 0.96, CI[0.93, 0.99]","Computational Method","",""
57045,"57045.93","Salmonella enterica subsp. enterica serovar Paratyphi B B2590","gentamicin","Resistant","","","","","","","","","","","SIR XGBoost Model","202503101","F1 score: 0.92, CI[0.89, 0.95]","Computational Method","",""
57045,"57045.93","Salmonella enterica subsp. enterica serovar Paratyphi B B2590","kanamycin","Susceptible","","","","","","","","","","","SIR XGBoost Model","202503101","F1 score: 0.86, CI[0.77, 0.95]","Computational Method","",""
57045,"57045.93","Salmonella enterica subsp. enterica serovar Paratyphi B B2590","nalidixic acid","Resistant","","","","","","","","","","","SIR XGBoost Model","202503101","F1 score: 0.95, CI[0.93, 0.96]","Computational Method","",""
57045,"57045.93","Salmonella enterica subsp. enterica serovar Paratyphi B B2590","pefloxacin","Resistant","","","","","","","","","","","SIR XGBoost Model","202503101","F1 score: 0.98, CI[0.96, 1.00]","Computational Method","",""
57045,"57045.93","Salmonella enterica subsp. enterica serovar Paratyphi B B2590","sulfamethoxazole","Susceptible","","","","","","","","","","","SIR XGBoost Model","202503101","F1 score: 0.95, CI[0.93, 0.97]","Computational Method","",""
57045,"57045.93","Salmonella enterica subsp. enterica serovar Paratyphi B B2590","spectinomycin","Susceptible","","","","","","","","","","","SIR XGBoost Model","202503101","F1 score: 0.94, CI[0.90, 0.98]","Computational Method","",""
57045,"57045.93","Salmonella enterica subsp. enterica serovar Paratyphi B B2590","streptomycin","Susceptible","","","","","","","","","","","SIR XGBoost Model","202503101","F1 score: 0.94, CI[0.93, 0.96]","Computational Method","",""
57045,"57045.93","Salmonella enterica subsp. enterica serovar Paratyphi B B2590","tetracycline","Susceptible","","","","","","","","","","","SIR XGBoost Model","202503101","F1 score: 0.97, CI[0.96, 0.98]","Computational Method","",""
57045,"57045.93","Salmonella enterica subsp. enterica serovar Paratyphi B B2590","ceftiofur","Susceptible","","","","","","","","","","","SIR XGBoost Model","202503101","F1 score: 0.98, CI[0.97, 1.00]","Computational Method","",""
57045,"57045.93","Salmonella enterica subsp. enterica serovar Paratyphi B B2590","trimethoprim","Resistant","","","","","","","","","","","SIR XGBoost Model","202503101","F1 score: 0.86, CI[0.78, 0.93]","Computational Method","",""
57045,"57045.94","Salmonella enterica subsp. enterica serovar Paratyphi B B1655","amoxicillin/clavulanic acid","Susceptible","","","","","","","","","","","SIR XGBoost Model","202503101","F1 score: 0.96, CI[0.95, 0.97]","Computational Method","",""
57045,"57045.94","Salmonella enterica subsp. enterica serovar Paratyphi B B1655","ampicillin","Susceptible","","","","","","","","","","","SIR XGBoost Model","202503101","F1 score: 0.93, CI[0.92, 0.93]","Computational Method","",""
57045,"57045.94","Salmonella enterica subsp. enterica serovar Paratyphi B B1655","azithromycin","Susceptible","","","","","","","","","","","SIR XGBoost Model","202503101","F1 score: 0.92, CI[0.87, 0.98]","Computational Method","",""
57045,"57045.94","Salmonella enterica subsp. enterica serovar Paratyphi B B1655","chloramphenicol","Resistant","","","","","","","","","","","SIR XGBoost Model","202503101","F1 score: 0.90, CI[0.88, 0.91]","Computational Method","",""
57045,"57045.94","Salmonella enterica subsp. enterica serovar Paratyphi B B1655","ciprofloxacin","Susceptible","","","","","","","","","","","SIR XGBoost Model","202503101","F1 score: 0.95, CI[0.93, 0.96]","Computational Method","",""
57045,"57045.94","Salmonella enterica subsp. enterica serovar Paratyphi B B1655","ceftriaxone","Susceptible","","","","","","","","","","","SIR XGBoost Model","202503101","F1 score: 0.98, CI[0.97, 1.00]","Computational Method","",""
57045,"57045.94","Salmonella enterica subsp. enterica serovar Paratyphi B B1655","cefotaxime","Susceptible","","","","","","","","","","","SIR XGBoost Model","202503101","F1 score: 0.95, CI[0.90, 0.99]","Computational Method","",""
57045,"57045.94","Salmonella enterica subsp. enterica serovar Paratyphi B B1655","sulfisoxazole","Susceptible","","","","","","","","","","","SIR XGBoost Model","202503101","F1 score: 0.99, CI[0.98, 1.00]","Computational Method","",""
57045,"57045.94","Salmonella enterica subsp. enterica serovar Paratyphi B B1655","cefoxitin","Susceptible","","","","","","","","","","","SIR XGBoost Model","202503101","F1 score: 0.96, CI[0.93, 0.99]","Computational Method","",""
57045,"57045.94","Salmonella enterica subsp. enterica serovar Paratyphi B B1655","gentamicin","Resistant","","","","","","","","","","","SIR XGBoost Model","202503101","F1 score: 0.92, CI[0.89, 0.95]","Computational Method","",""
57045,"57045.94","Salmonella enterica subsp. enterica serovar Paratyphi B B1655","kanamycin","Susceptible","","","","","","","","","","","SIR XGBoost Model","202503101","F1 score: 0.86, CI[0.77, 0.95]","Computational Method","",""
57045,"57045.94","Salmonella enterica subsp. enterica serovar Paratyphi B B1655","nalidixic acid","Resistant","","","","","","","","","","","SIR XGBoost Model","202503101","F1 score: 0.95, CI[0.93, 0.96]","Computational Method","",""
57045,"57045.94","Salmonella enterica subsp. enterica serovar Paratyphi B B1655","pefloxacin","Resistant","","","","","","","","","","","SIR XGBoost Model","202503101","F1 score: 0.98, CI[0.96, 1.00]","Computational Method","",""
57045,"57045.94","Salmonella enterica subsp. enterica serovar Paratyphi B B1655","sulfamethoxazole","Susceptible","","","","","","","","","","","SIR XGBoost Model","202503101","F1 score: 0.95, CI[0.93, 0.97]","Computational Method","",""
57045,"57045.94","Salmonella enterica subsp. enterica serovar Paratyphi B B1655","spectinomycin","Susceptible","","","","","","","","","","","SIR XGBoost Model","202503101","F1 score: 0.94, CI[0.90, 0.98]","Computational Method","",""
57045,"57045.94","Salmonella enterica subsp. enterica serovar Paratyphi B B1655","streptomycin","Susceptible","","","","","","","","","","","SIR XGBoost Model","202503101","F1 score: 0.94, CI[0.93, 0.96]","Computational Method","",""
57045,"57045.94","Salmonella enterica subsp. enterica serovar Paratyphi B B1655","tetracycline","Susceptible","","","","","","","","","","","SIR XGBoost Model","202503101","F1 score: 0.97, CI[0.96, 0.98]","Computational Method","",""
57045,"57045.94","Salmonella enterica subsp. enterica serovar Paratyphi B B1655","ceftiofur","Susceptible","","","","","","","","","","","SIR XGBoost Model","202503101","F1 score: 0.98, CI[0.97, 1.00]","Computational Method","",""
57045,"57045.94","Salmonella enterica subsp. enterica serovar Paratyphi B B1655","trimethoprim","Resistant","","","","","","","","","","","SIR XGBoost Model","202503101","F1 score: 0.86, CI[0.78, 0.93]","Computational Method","",""
57045,"57045.95","Salmonella enterica subsp. enterica serovar Paratyphi B B1727","amoxicillin/clavulanic acid","Susceptible","","","","","","","","","","","SIR XGBoost Model","202503101","F1 score: 0.96, CI[0.95, 0.97]","Computational Method","",""
57045,"57045.95","Salmonella enterica subsp. enterica serovar Paratyphi B B1727","ampicillin","Susceptible","","","","","","","","","","","SIR XGBoost Model","202503101","F1 score: 0.93, CI[0.92, 0.93]","Computational Method","",""
57045,"57045.95","Salmonella enterica subsp. enterica serovar Paratyphi B B1727","azithromycin","Susceptible","","","","","","","","","","","SIR XGBoost Model","202503101","F1 score: 0.92, CI[0.87, 0.98]","Computational Method","",""
57045,"57045.95","Salmonella enterica subsp. enterica serovar Paratyphi B B1727","chloramphenicol","Resistant","","","","","","","","","","","SIR XGBoost Model","202503101","F1 score: 0.90, CI[0.88, 0.91]","Computational Method","",""
57045,"57045.95","Salmonella enterica subsp. enterica serovar Paratyphi B B1727","ciprofloxacin","Susceptible","","","","","","","","","","","SIR XGBoost Model","202503101","F1 score: 0.95, CI[0.93, 0.96]","Computational Method","",""
57045,"57045.95","Salmonella enterica subsp. enterica serovar Paratyphi B B1727","ceftriaxone","Susceptible","","","","","","","","","","","SIR XGBoost Model","202503101","F1 score: 0.98, CI[0.97, 1.00]","Computational Method","",""
57045,"57045.95","Salmonella enterica subsp. enterica serovar Paratyphi B B1727","cefotaxime","Susceptible","","","","","","","","","","","SIR XGBoost Model","202503101","F1 score: 0.95, CI[0.90, 0.99]","Computational Method","",""
57045,"57045.95","Salmonella enterica subsp. enterica serovar Paratyphi B B1727","sulfisoxazole","Susceptible","","","","","","","","","","","SIR XGBoost Model","202503101","F1 score: 0.99, CI[0.98, 1.00]","Computational Method","",""
57045,"57045.95","Salmonella enterica subsp. enterica serovar Paratyphi B B1727","cefoxitin","Susceptible","","","","","","","","","","","SIR XGBoost Model","202503101","F1 score: 0.96, CI[0.93, 0.99]","Computational Method","",""
57045,"57045.95","Salmonella enterica subsp. enterica serovar Paratyphi B B1727","gentamicin","Resistant","","","","","","","","","","","SIR XGBoost Model","202503101","F1 score: 0.92, CI[0.89, 0.95]","Computational Method","",""
57045,"57045.95","Salmonella enterica subsp. enterica serovar Paratyphi B B1727","kanamycin","Susceptible","","","","","","","","","","","SIR XGBoost Model","202503101","F1 score: 0.86, CI[0.77, 0.95]","Computational Method","",""
57045,"57045.95","Salmonella enterica subsp. enterica serovar Paratyphi B B1727","nalidixic acid","Resistant","","","","","","","","","","","SIR XGBoost Model","202503101","F1 score: 0.95, CI[0.93, 0.96]","Computational Method","",""
57045,"57045.95","Salmonella enterica subsp. enterica serovar Paratyphi B B1727","pefloxacin","Resistant","","","","","","","","","","","SIR XGBoost Model","202503101","F1 score: 0.98, CI[0.96, 1.00]","Computational Method","",""
57045,"57045.95","Salmonella enterica subsp. enterica serovar Paratyphi B B1727","sulfamethoxazole","Susceptible","","","","","","","","","","","SIR XGBoost Model","202503101","F1 score: 0.95, CI[0.93, 0.97]","Computational Method","",""
57045,"57045.95","Salmonella enterica subsp. enterica serovar Paratyphi B B1727","spectinomycin","Susceptible","","","","","","","","","","","SIR XGBoost Model","202503101","F1 score: 0.94, CI[0.90, 0.98]","Computational Method","",""
57045,"57045.95","Salmonella enterica subsp. enterica serovar Paratyphi B B1727","streptomycin","Susceptible","","","","","","","","","","","SIR XGBoost Model","202503101","F1 score: 0.94, CI[0.93, 0.96]","Computational Method","",""
57045,"57045.95","Salmonella enterica subsp. enterica serovar Paratyphi B B1727","tetracycline","Susceptible","","","","","","","","","","","SIR XGBoost Model","202503101","F1 score: 0.97, CI[0.96, 0.98]","Computational Method","",""
57045,"57045.95","Salmonella enterica subsp. enterica serovar Paratyphi B B1727","ceftiofur","Susceptible","","","","","","","","","","","SIR XGBoost Model","202503101","F1 score: 0.98, CI[0.97, 1.00]","Computational Method","",""
57045,"57045.95","Salmonella enterica subsp. enterica serovar Paratyphi B B1727","trimethoprim","Resistant","","","","","","","","","","","SIR XGBoost Model","202503101","F1 score: 0.86, CI[0.78, 0.93]","Computational Method","",""
57045,"57045.96","Salmonella enterica subsp. enterica serovar Paratyphi B B2227","amoxicillin/clavulanic acid","Susceptible","","","","","","","","","","","SIR XGBoost Model","202503101","F1 score: 0.96, CI[0.95, 0.97]","Computational Method","",""
57045,"57045.96","Salmonella enterica subsp. enterica serovar Paratyphi B B2227","ampicillin","Susceptible","","","","","","","","","","","SIR XGBoost Model","202503101","F1 score: 0.93, CI[0.92, 0.93]","Computational Method","",""
57045,"57045.96","Salmonella enterica subsp. enterica serovar Paratyphi B B2227","azithromycin","Susceptible","","","","","","","","","","","SIR XGBoost Model","202503101","F1 score: 0.92, CI[0.87, 0.98]","Computational Method","",""
57045,"57045.96","Salmonella enterica subsp. enterica serovar Paratyphi B B2227","chloramphenicol","Resistant","","","","","","","","","","","SIR XGBoost Model","202503101","F1 score: 0.90, CI[0.88, 0.91]","Computational Method","",""
57045,"57045.96","Salmonella enterica subsp. enterica serovar Paratyphi B B2227","ciprofloxacin","Susceptible","","","","","","","","","","","SIR XGBoost Model","202503101","F1 score: 0.95, CI[0.93, 0.96]","Computational Method","",""
57045,"57045.96","Salmonella enterica subsp. enterica serovar Paratyphi B B2227","ceftriaxone","Susceptible","","","","","","","","","","","SIR XGBoost Model","202503101","F1 score: 0.98, CI[0.97, 1.00]","Computational Method","",""
57045,"57045.96","Salmonella enterica subsp. enterica serovar Paratyphi B B2227","cefotaxime","Susceptible","","","","","","","","","","","SIR XGBoost Model","202503101","F1 score: 0.95, CI[0.90, 0.99]","Computational Method","",""
57045,"57045.96","Salmonella enterica subsp. enterica serovar Paratyphi B B2227","sulfisoxazole","Susceptible","","","","","","","","","","","SIR XGBoost Model","202503101","F1 score: 0.99, CI[0.98, 1.00]","Computational Method","",""
57045,"57045.96","Salmonella enterica subsp. enterica serovar Paratyphi B B2227","cefoxitin","Susceptible","","","","","","","","","","","SIR XGBoost Model","202503101","F1 score: 0.96, CI[0.93, 0.99]","Computational Method","",""
57045,"57045.96","Salmonella enterica subsp. enterica serovar Paratyphi B B2227","gentamicin","Resistant","","","","","","","","","","","SIR XGBoost Model","202503101","F1 score: 0.92, CI[0.89, 0.95]","Computational Method","",""
57045,"57045.96","Salmonella enterica subsp. enterica serovar Paratyphi B B2227","kanamycin","Susceptible","","","","","","","","","","","SIR XGBoost Model","202503101","F1 score: 0.86, CI[0.77, 0.95]","Computational Method","",""
57045,"57045.96","Salmonella enterica subsp. enterica serovar Paratyphi B B2227","nalidixic acid","Resistant","","","","","","","","","","","SIR XGBoost Model","202503101","F1 score: 0.95, CI[0.93, 0.96]","Computational Method","",""
57045,"57045.96","Salmonella enterica subsp. enterica serovar Paratyphi B B2227","pefloxacin","Resistant","","","","","","","","","","","SIR XGBoost Model","202503101","F1 score: 0.98, CI[0.96, 1.00]","Computational Method","",""
57045,"57045.96","Salmonella enterica subsp. enterica serovar Paratyphi B B2227","sulfamethoxazole","Susceptible","","","","","","","","","","","SIR XGBoost Model","202503101","F1 score: 0.95, CI[0.93, 0.97]","Computational Method","",""
57045,"57045.96","Salmonella enterica subsp. enterica serovar Paratyphi B B2227","spectinomycin","Susceptible","","","","","","","","","","","SIR XGBoost Model","202503101","F1 score: 0.94, CI[0.90, 0.98]","Computational Method","",""
57045,"57045.96","Salmonella enterica subsp. enterica serovar Paratyphi B B2227","streptomycin","Susceptible","","","","","","","","","","","SIR XGBoost Model","202503101","F1 score: 0.94, CI[0.93, 0.96]","Computational Method","",""
57045,"57045.96","Salmonella enterica subsp. enterica serovar Paratyphi B B2227","tetracycline","Susceptible","","","","","","","","","","","SIR XGBoost Model","202503101","F1 score: 0.97, CI[0.96, 0.98]","Computational Method","",""
57045,"57045.96","Salmonella enterica subsp. enterica serovar Paratyphi B B2227","ceftiofur","Susceptible","","","","","","","","","","","SIR XGBoost Model","202503101","F1 score: 0.98, CI[0.97, 1.00]","Computational Method","",""
57045,"57045.96","Salmonella enterica subsp. enterica serovar Paratyphi B B2227","trimethoprim","Resistant","","","","","","","","","","","SIR XGBoost Model","202503101","F1 score: 0.86, CI[0.78, 0.93]","Computational Method","",""
57045,"57045.97","Salmonella enterica subsp. enterica serovar Paratyphi B CIP54.115","amoxicillin/clavulanic acid","Susceptible","","","","","","","","","","","SIR XGBoost Model","202503101","F1 score: 0.96, CI[0.95, 0.97]","Computational Method","",""
57045,"57045.97","Salmonella enterica subsp. enterica serovar Paratyphi B CIP54.115","ampicillin","Susceptible","","","","","","","","","","","SIR XGBoost Model","202503101","F1 score: 0.93, CI[0.92, 0.93]","Computational Method","",""
57045,"57045.97","Salmonella enterica subsp. enterica serovar Paratyphi B CIP54.115","azithromycin","Susceptible","","","","","","","","","","","SIR XGBoost Model","202503101","F1 score: 0.92, CI[0.87, 0.98]","Computational Method","",""
57045,"57045.97","Salmonella enterica subsp. enterica serovar Paratyphi B CIP54.115","chloramphenicol","Resistant","","","","","","","","","","","SIR XGBoost Model","202503101","F1 score: 0.90, CI[0.88, 0.91]","Computational Method","",""
57045,"57045.97","Salmonella enterica subsp. enterica serovar Paratyphi B CIP54.115","ciprofloxacin","Susceptible","","","","","","","","","","","SIR XGBoost Model","202503101","F1 score: 0.95, CI[0.93, 0.96]","Computational Method","",""
57045,"57045.97","Salmonella enterica subsp. enterica serovar Paratyphi B CIP54.115","ceftriaxone","Susceptible","","","","","","","","","","","SIR XGBoost Model","202503101","F1 score: 0.98, CI[0.97, 1.00]","Computational Method","",""
57045,"57045.97","Salmonella enterica subsp. enterica serovar Paratyphi B CIP54.115","cefotaxime","Susceptible","","","","","","","","","","","SIR XGBoost Model","202503101","F1 score: 0.95, CI[0.90, 0.99]","Computational Method","",""
57045,"57045.97","Salmonella enterica subsp. enterica serovar Paratyphi B CIP54.115","sulfisoxazole","Susceptible","","","","","","","","","","","SIR XGBoost Model","202503101","F1 score: 0.99, CI[0.98, 1.00]","Computational Method","",""
57045,"57045.97","Salmonella enterica subsp. enterica serovar Paratyphi B CIP54.115","cefoxitin","Susceptible","","","","","","","","","","","SIR XGBoost Model","202503101","F1 score: 0.96, CI[0.93, 0.99]","Computational Method","",""
57045,"57045.97","Salmonella enterica subsp. enterica serovar Paratyphi B CIP54.115","gentamicin","Resistant","","","","","","","","","","","SIR XGBoost Model","202503101","F1 score: 0.92, CI[0.89, 0.95]","Computational Method","",""
57045,"57045.97","Salmonella enterica subsp. enterica serovar Paratyphi B CIP54.115","kanamycin","Susceptible","","","","","","","","","","","SIR XGBoost Model","202503101","F1 score: 0.86, CI[0.77, 0.95]","Computational Method","",""
57045,"57045.97","Salmonella enterica subsp. enterica serovar Paratyphi B CIP54.115","nalidixic acid","Resistant","","","","","","","","","","","SIR XGBoost Model","202503101","F1 score: 0.95, CI[0.93, 0.96]","Computational Method","",""
57045,"57045.97","Salmonella enterica subsp. enterica serovar Paratyphi B CIP54.115","pefloxacin","Resistant","","","","","","","","","","","SIR XGBoost Model","202503101","F1 score: 0.98, CI[0.96, 1.00]","Computational Method","",""
57045,"57045.97","Salmonella enterica subsp. enterica serovar Paratyphi B CIP54.115","sulfamethoxazole","Susceptible","","","","","","","","","","","SIR XGBoost Model","202503101","F1 score: 0.95, CI[0.93, 0.97]","Computational Method","",""
57045,"57045.97","Salmonella enterica subsp. enterica serovar Paratyphi B CIP54.115","spectinomycin","Susceptible","","","","","","","","","","","SIR XGBoost Model","202503101","F1 score: 0.94, CI[0.90, 0.98]","Computational Method","",""
57045,"57045.97","Salmonella enterica subsp. enterica serovar Paratyphi B CIP54.115","streptomycin","Susceptible","","","","","","","","","","","SIR XGBoost Model","202503101","F1 score: 0.94, CI[0.93, 0.96]","Computational Method","",""
57045,"57045.97","Salmonella enterica subsp. enterica serovar Paratyphi B CIP54.115","tetracycline","Susceptible","","","","","","","","","","","SIR XGBoost Model","202503101","F1 score: 0.97, CI[0.96, 0.98]","Computational Method","",""
57045,"57045.97","Salmonella enterica subsp. enterica serovar Paratyphi B CIP54.115","ceftiofur","Susceptible","","","","","","","","","","","SIR XGBoost Model","202503101","F1 score: 0.98, CI[0.97, 1.00]","Computational Method","",""
57045,"57045.97","Salmonella enterica subsp. enterica serovar Paratyphi B CIP54.115","trimethoprim","Resistant","","","","","","","","","","","SIR XGBoost Model","202503101","F1 score: 0.86, CI[0.78, 0.93]","Computational Method","",""
57045,"57045.98","Salmonella enterica subsp. enterica serovar Paratyphi B B97","amoxicillin/clavulanic acid","Susceptible","","","","","","","","","","","SIR XGBoost Model","202503101","F1 score: 0.96, CI[0.95, 0.97]","Computational Method","",""
57045,"57045.98","Salmonella enterica subsp. enterica serovar Paratyphi B B97","ampicillin","Susceptible","","","","","","","","","","","SIR XGBoost Model","202503101","F1 score: 0.93, CI[0.92, 0.93]","Computational Method","",""
57045,"57045.98","Salmonella enterica subsp. enterica serovar Paratyphi B B97","azithromycin","Susceptible","","","","","","","","","","","SIR XGBoost Model","202503101","F1 score: 0.92, CI[0.87, 0.98]","Computational Method","",""
57045,"57045.98","Salmonella enterica subsp. enterica serovar Paratyphi B B97","chloramphenicol","Resistant","","","","","","","","","","","SIR XGBoost Model","202503101","F1 score: 0.90, CI[0.88, 0.91]","Computational Method","",""
57045,"57045.98","Salmonella enterica subsp. enterica serovar Paratyphi B B97","ciprofloxacin","Susceptible","","","","","","","","","","","SIR XGBoost Model","202503101","F1 score: 0.95, CI[0.93, 0.96]","Computational Method","",""
57045,"57045.98","Salmonella enterica subsp. enterica serovar Paratyphi B B97","ceftriaxone","Susceptible","","","","","","","","","","","SIR XGBoost Model","202503101","F1 score: 0.98, CI[0.97, 1.00]","Computational Method","",""
57045,"57045.98","Salmonella enterica subsp. enterica serovar Paratyphi B B97","cefotaxime","Susceptible","","","","","","","","","","","SIR XGBoost Model","202503101","F1 score: 0.95, CI[0.90, 0.99]","Computational Method","",""
57045,"57045.98","Salmonella enterica subsp. enterica serovar Paratyphi B B97","sulfisoxazole","Susceptible","","","","","","","","","","","SIR XGBoost Model","202503101","F1 score: 0.99, CI[0.98, 1.00]","Computational Method","",""
57045,"57045.98","Salmonella enterica subsp. enterica serovar Paratyphi B B97","cefoxitin","Susceptible","","","","","","","","","","","SIR XGBoost Model","202503101","F1 score: 0.96, CI[0.93, 0.99]","Computational Method","",""
57045,"57045.98","Salmonella enterica subsp. enterica serovar Paratyphi B B97","gentamicin","Resistant","","","","","","","","","","","SIR XGBoost Model","202503101","F1 score: 0.92, CI[0.89, 0.95]","Computational Method","",""
57045,"57045.98","Salmonella enterica subsp. enterica serovar Paratyphi B B97","kanamycin","Susceptible","","","","","","","","","","","SIR XGBoost Model","202503101","F1 score: 0.86, CI[0.77, 0.95]","Computational Method","",""
57045,"57045.98","Salmonella enterica subsp. enterica serovar Paratyphi B B97","nalidixic acid","Resistant","","","","","","","","","","","SIR XGBoost Model","202503101","F1 score: 0.95, CI[0.93, 0.96]","Computational Method","",""
57045,"57045.98","Salmonella enterica subsp. enterica serovar Paratyphi B B97","pefloxacin","Resistant","","","","","","","","","","","SIR XGBoost Model","202503101","F1 score: 0.98, CI[0.96, 1.00]","Computational Method","",""
57045,"57045.98","Salmonella enterica subsp. enterica serovar Paratyphi B B97","sulfamethoxazole","Susceptible","","","","","","","","","","","SIR XGBoost Model","202503101","F1 score: 0.95, CI[0.93, 0.97]","Computational Method","",""
57045,"57045.98","Salmonella enterica subsp. enterica serovar Paratyphi B B97","spectinomycin","Susceptible","","","","","","","","","","","SIR XGBoost Model","202503101","F1 score: 0.94, CI[0.90, 0.98]","Computational Method","",""
57045,"57045.98","Salmonella enterica subsp. enterica serovar Paratyphi B B97","streptomycin","Susceptible","","","","","","","","","","","SIR XGBoost Model","202503101","F1 score: 0.94, CI[0.93, 0.96]","Computational Method","",""
57045,"57045.98","Salmonella enterica subsp. enterica serovar Paratyphi B B97","tetracycline","Susceptible","","","","","","","","","","","SIR XGBoost Model","202503101","F1 score: 0.97, CI[0.96, 0.98]","Computational Method","",""
57045,"57045.98","Salmonella enterica subsp. enterica serovar Paratyphi B B97","ceftiofur","Susceptible","","","","","","","","","","","SIR XGBoost Model","202503101","F1 score: 0.98, CI[0.97, 1.00]","Computational Method","",""
57045,"57045.98","Salmonella enterica subsp. enterica serovar Paratyphi B B97","trimethoprim","Resistant","","","","","","","","","","","SIR XGBoost Model","202503101","F1 score: 0.86, CI[0.78, 0.93]","Computational Method","",""
57045,"57045.99","Salmonella enterica subsp. enterica serovar Paratyphi B B62","amoxicillin/clavulanic acid","Susceptible","","","","","","","","","","","SIR XGBoost Model","202503101","F1 score: 0.96, CI[0.95, 0.97]","Computational Method","",""
57045,"57045.99","Salmonella enterica subsp. enterica serovar Paratyphi B B62","ampicillin","Susceptible","","","","","","","","","","","SIR XGBoost Model","202503101","F1 score: 0.93, CI[0.92, 0.93]","Computational Method","",""
57045,"57045.99","Salmonella enterica subsp. enterica serovar Paratyphi B B62","azithromycin","Susceptible","","","","","","","","","","","SIR XGBoost Model","202503101","F1 score: 0.92, CI[0.87, 0.98]","Computational Method","",""
57045,"57045.99","Salmonella enterica subsp. enterica serovar Paratyphi B B62","chloramphenicol","Resistant","","","","","","","","","","","SIR XGBoost Model","202503101","F1 score: 0.90, CI[0.88, 0.91]","Computational Method","",""
57045,"57045.99","Salmonella enterica subsp. enterica serovar Paratyphi B B62","ciprofloxacin","Susceptible","","","","","","","","","","","SIR XGBoost Model","202503101","F1 score: 0.95, CI[0.93, 0.96]","Computational Method","",""
57045,"57045.99","Salmonella enterica subsp. enterica serovar Paratyphi B B62","ceftriaxone","Susceptible","","","","","","","","","","","SIR XGBoost Model","202503101","F1 score: 0.98, CI[0.97, 1.00]","Computational Method","",""
57045,"57045.99","Salmonella enterica subsp. enterica serovar Paratyphi B B62","cefotaxime","Susceptible","","","","","","","","","","","SIR XGBoost Model","202503101","F1 score: 0.95, CI[0.90, 0.99]","Computational Method","",""
57045,"57045.99","Salmonella enterica subsp. enterica serovar Paratyphi B B62","sulfisoxazole","Susceptible","","","","","","","","","","","SIR XGBoost Model","202503101","F1 score: 0.99, CI[0.98, 1.00]","Computational Method","",""
57045,"57045.99","Salmonella enterica subsp. enterica serovar Paratyphi B B62","cefoxitin","Susceptible","","","","","","","","","","","SIR XGBoost Model","202503101","F1 score: 0.96, CI[0.93, 0.99]","Computational Method","",""
57045,"57045.99","Salmonella enterica subsp. enterica serovar Paratyphi B B62","gentamicin","Resistant","","","","","","","","","","","SIR XGBoost Model","202503101","F1 score: 0.92, CI[0.89, 0.95]","Computational Method","",""
57045,"57045.99","Salmonella enterica subsp. enterica serovar Paratyphi B B62","kanamycin","Susceptible","","","","","","","","","","","SIR XGBoost Model","202503101","F1 score: 0.86, CI[0.77, 0.95]","Computational Method","",""
57045,"57045.99","Salmonella enterica subsp. enterica serovar Paratyphi B B62","nalidixic acid","Resistant","","","","","","","","","","","SIR XGBoost Model","202503101","F1 score: 0.95, CI[0.93, 0.96]","Computational Method","",""
57045,"57045.99","Salmonella enterica subsp. enterica serovar Paratyphi B B62","pefloxacin","Resistant","","","","","","","","","","","SIR XGBoost Model","202503101","F1 score: 0.98, CI[0.96, 1.00]","Computational Method","",""
57045,"57045.99","Salmonella enterica subsp. enterica serovar Paratyphi B B62","sulfamethoxazole","Susceptible","","","","","","","","","","","SIR XGBoost Model","202503101","F1 score: 0.95, CI[0.93, 0.97]","Computational Method","",""
57045,"57045.99","Salmonella enterica subsp. enterica serovar Paratyphi B B62","spectinomycin","Susceptible","","","","","","","","","","","SIR XGBoost Model","202503101","F1 score: 0.94, CI[0.90, 0.98]","Computational Method","",""
57045,"57045.99","Salmonella enterica subsp. enterica serovar Paratyphi B B62","streptomycin","Susceptible","","","","","","","","","","","SIR XGBoost Model","202503101","F1 score: 0.94, CI[0.93, 0.96]","Computational Method","",""
57045,"57045.99","Salmonella enterica subsp. enterica serovar Paratyphi B B62","tetracycline","Susceptible","","","","","","","","","","","SIR XGBoost Model","202503101","F1 score: 0.97, CI[0.96, 0.98]","Computational Method","",""
57045,"57045.99","Salmonella enterica subsp. enterica serovar Paratyphi B B62","ceftiofur","Susceptible","","","","","","","","","","","SIR XGBoost Model","202503101","F1 score: 0.98, CI[0.97, 1.00]","Computational Method","",""
57045,"57045.99","Salmonella enterica subsp. enterica serovar Paratyphi B B62","trimethoprim","Resistant","","","","","","","","","","","SIR XGBoost Model","202503101","F1 score: 0.86, CI[0.78, 0.93]","Computational Method","",""
57045,"57045.111","Salmonella enterica subsp. enterica serovar Paratyphi B H.2.2","ampicillin_clavulanic_acid","","1.0","","1.0","mg/L","","","","BVBRC","","","MIC XGBoost Model","20250225","W1 score: 0.98, CI[0.96, 0.99]","Computational Method","",""
57045,"57045.111","Salmonella enterica subsp. enterica serovar Paratyphi B H.2.2","ampicillin","","2.0","","2.0","mg/L","","","","BVBRC","","","MIC XGBoost Model","20250225","W1 score: 0.96, CI[0.95, 0.97]","Computational Method","",""
57045,"57045.111","Salmonella enterica subsp. enterica serovar Paratyphi B H.2.2","azithromycin","","4.0","","4.0","mg/L","","","","BVBRC","","","MIC XGBoost Model","20250225","W1 score: 0.99, CI[0.98, 1]","Computational Method","",""
57045,"57045.111","Salmonella enterica subsp. enterica serovar Paratyphi B H.2.2","ceftazidime","","32.0","","32.0","mg/L","","","","BVBRC","","","MIC XGBoost Model","20250225","W1 score: 0.93, CI[0.88, 0.99]","Computational Method","",""
57045,"57045.111","Salmonella enterica subsp. enterica serovar Paratyphi B H.2.2","chloramphenicol","","8.0","","8.0","mg/L","","","","BVBRC","","","MIC XGBoost Model","20250225","W1 score: 0.99, CI[0.98, 1]","Computational Method","",""
57045,"57045.111","Salmonella enterica subsp. enterica serovar Paratyphi B H.2.2","ciprofloxacin","","0.03125","","0.03125","mg/L","","","","BVBRC","","","MIC XGBoost Model","20250225","W1 score: 0.88, CI[0.86, 0.9]","Computational Method","",""
57045,"57045.111","Salmonella enterica subsp. enterica serovar Paratyphi B H.2.2","ceftriaxone","","0.25","","0.25","mg/L","","","","BVBRC","","","MIC XGBoost Model","20250225","W1 score: 0.95, CI[0.94, 0.96]","Computational Method","",""
57045,"57045.111","Salmonella enterica subsp. enterica serovar Paratyphi B H.2.2","cefotaxime","","32.0","","32.0","mg/L","","","","BVBRC","","","MIC XGBoost Model","20250225","W1 score: 0.95, CI[0.89, 1]","Computational Method","",""
57045,"57045.111","Salmonella enterica subsp. enterica serovar Paratyphi B H.2.2","sulfisoxazole","","32.0","","32.0","mg/L","","","","BVBRC","","","MIC XGBoost Model","20250225","W1 score: 0.98, CI[0.97, 0.99]","Computational Method","",""
57045,"57045.111","Salmonella enterica subsp. enterica serovar Paratyphi B H.2.2","cefoxitin","","2.0","","2.0","mg/L","","","","BVBRC","","","MIC XGBoost Model","20250225","W1 score: 0.98, CI[0.97, 1]","Computational Method","",""
57045,"57045.111","Salmonella enterica subsp. enterica serovar Paratyphi B H.2.2","geamycin","","0.5","","0.5","mg/L","","","","BVBRC","","","MIC XGBoost Model","20250225","W1 score: 0.97, CI[0.95, 0.99]","Computational Method","",""
57045,"57045.111","Salmonella enterica subsp. enterica serovar Paratyphi B H.2.2","kanamycin","","8.0","","8.0","mg/L","","","","BVBRC","","","MIC XGBoost Model","20250225","W1 score: 0.99, CI[0.98, 1.01]","Computational Method","",""
57045,"57045.111","Salmonella enterica subsp. enterica serovar Paratyphi B H.2.2","meropenem","","0.125","","0.125","mg/L","","","","BVBRC","","","MIC XGBoost Model","20250225","W1 score: 0.95, CI[0.9, 1.01]","Computational Method","",""
57045,"57045.111","Salmonella enterica subsp. enterica serovar Paratyphi B H.2.2","nalidixic acid","","4.0","","4.0","mg/L","","","","BVBRC","","","MIC XGBoost Model","20250225","W1 score: 0.98, CI[0.97, 0.99]","Computational Method","",""
57045,"57045.111","Salmonella enterica subsp. enterica serovar Paratyphi B H.2.2","streptomycin","","32.0","","32.0","mg/L","","","","BVBRC","","","MIC XGBoost Model","20250225","W1 score: 0.92, CI[0.9, 0.93]","Computational Method","",""
57045,"57045.111","Salmonella enterica subsp. enterica serovar Paratyphi B H.2.2","co_trimoxazole","","0.25","","0.25","mg/L","","","","BVBRC","","","MIC XGBoost Model","20250225","W1 score: 0.96, CI[0.95, 0.97]","Computational Method","",""
57045,"57045.111","Salmonella enterica subsp. enterica serovar Paratyphi B H.2.2","tetracycline","","4.0","","4.0","mg/L","","","","BVBRC","","","MIC XGBoost Model","20250225","W1 score: 0.99, CI[0.98, 0.99]","Computational Method","",""
57045,"57045.111","Salmonella enterica subsp. enterica serovar Paratyphi B H.2.2","ceftiofur","","1.0","","1.0","mg/L","","","","BVBRC","","","MIC XGBoost Model","20250225","W1 score: 0.99, CI[0.98, 0.99]","Computational Method","",""
57045,"57045.111","Salmonella enterica subsp. enterica serovar Paratyphi B H.2.2","ampicillin_clavulanic_acid","Susceptible","","","","","","","","BVBRC","","","SIR XGBoost Model","20250225","F1 score: 0.96, CI[0.95, 0.97]","Computational Method","",""
57045,"57045.111","Salmonella enterica subsp. enterica serovar Paratyphi B H.2.2","ampicillin","Susceptible","","","","","","","","BVBRC","","","SIR XGBoost Model","20250225","F1 score: 0.93, CI[0.92, 0.93]","Computational Method","",""
57045,"57045.111","Salmonella enterica subsp. enterica serovar Paratyphi B H.2.2","azithromycin","Susceptible","","","","","","","","BVBRC","","","SIR XGBoost Model","20250225","F1 score: 0.92, CI[0.87, 0.98]","Computational Method","",""
57045,"57045.111","Salmonella enterica subsp. enterica serovar Paratyphi B H.2.2","chloramphenicol","Susceptible","","","","","","","","BVBRC","","","SIR XGBoost Model","20250225","F1 score: 0.9, CI[0.88, 0.91]","Computational Method","",""
57045,"57045.111","Salmonella enterica subsp. enterica serovar Paratyphi B H.2.2","ciprofloxacin","Susceptible","","","","","","","","BVBRC","","","SIR XGBoost Model","20250225","F1 score: 0.95, CI[0.93, 0.96]","Computational Method","",""
57045,"57045.111","Salmonella enterica subsp. enterica serovar Paratyphi B H.2.2","ceftriaxone","Susceptible","","","","","","","","BVBRC","","","SIR XGBoost Model","20250225","F1 score: 0.98, CI[0.97, 1]","Computational Method","",""
57045,"57045.111","Salmonella enterica subsp. enterica serovar Paratyphi B H.2.2","cefotaxime","Susceptible","","","","","","","","BVBRC","","","SIR XGBoost Model","20250225","F1 score: 0.95, CI[0.9, 0.99]","Computational Method","",""
57045,"57045.111","Salmonella enterica subsp. enterica serovar Paratyphi B H.2.2","sulfisoxazole","Susceptible","","","","","","","","BVBRC","","","SIR XGBoost Model","20250225","F1 score: 0.99, CI[0.98, 1]","Computational Method","",""
57045,"57045.111","Salmonella enterica subsp. enterica serovar Paratyphi B H.2.2","cefoxitin","Susceptible","","","","","","","","BVBRC","","","SIR XGBoost Model","20250225","F1 score: 0.96, CI[0.93, 0.99]","Computational Method","",""
57045,"57045.111","Salmonella enterica subsp. enterica serovar Paratyphi B H.2.2","geamycin","Susceptible","","","","","","","","BVBRC","","","SIR XGBoost Model","20250225","F1 score: 0.92, CI[0.89, 0.95]","Computational Method","",""
57045,"57045.111","Salmonella enterica subsp. enterica serovar Paratyphi B H.2.2","kanamycin","Susceptible","","","","","","","","BVBRC","","","SIR XGBoost Model","20250225","F1 score: 0.86, CI[0.77, 0.95]","Computational Method","",""
57045,"57045.111","Salmonella enterica subsp. enterica serovar Paratyphi B H.2.2","nalidixic acid","Susceptible","","","","","","","","BVBRC","","","SIR XGBoost Model","20250225","F1 score: 0.95, CI[0.93, 0.96]","Computational Method","",""
57045,"57045.111","Salmonella enterica subsp. enterica serovar Paratyphi B H.2.2","pefloxacin","Susceptible","","","","","","","","BVBRC","","","SIR XGBoost Model","20250225","F1 score: 0.98, CI[0.96, 1]","Computational Method","",""
57045,"57045.111","Salmonella enterica subsp. enterica serovar Paratyphi B H.2.2","sulfamethoxazole","Susceptible","","","","","","","","BVBRC","","","SIR XGBoost Model","20250225","F1 score: 0.95, CI[0.93, 0.97]","Computational Method","",""
57045,"57045.111","Salmonella enterica subsp. enterica serovar Paratyphi B H.2.2","spectinomycin","Susceptible","","","","","","","","BVBRC","","","SIR XGBoost Model","20250225","F1 score: 0.94, CI[0.9, 0.98]","Computational Method","",""
57045,"57045.111","Salmonella enterica subsp. enterica serovar Paratyphi B H.2.2","streptomycin","Susceptible","","","","","","","","BVBRC","","","SIR XGBoost Model","20250225","F1 score: 0.94, CI[0.93, 0.96]","Computational Method","",""
57045,"57045.111","Salmonella enterica subsp. enterica serovar Paratyphi B H.2.2","co_trimoxazole","Susceptible","","","","","","","","BVBRC","","","SIR XGBoost Model","20250225","F1 score: 0.85, CI[0.82, 0.88]","Computational Method","",""
57045,"57045.111","Salmonella enterica subsp. enterica serovar Paratyphi B H.2.2","tetracycline","Susceptible","","","","","","","","BVBRC","","","SIR XGBoost Model","20250225","F1 score: 0.97, CI[0.96, 0.98]","Computational Method","",""
57045,"57045.111","Salmonella enterica subsp. enterica serovar Paratyphi B H.2.2","ceftiofur","Susceptible","","","","","","","","BVBRC","","","SIR XGBoost Model","20250225","F1 score: 0.98, CI[0.97, 1]","Computational Method","",""
57045,"57045.111","Salmonella enterica subsp. enterica serovar Paratyphi B H.2.2","trimotheprim","Susceptible","","","","","","","","BVBRC","","","SIR XGBoost Model","20250225","F1 score: 0.86, CI[0.78, 0.93]","Computational Method","",""
57045,"57045.112","Salmonella enterica subsp. enterica serovar Paratyphi B 202403509","ampicillin_clavulanic_acid","","1.0","","1.0","mg/L","","","","BVBRC","","","MIC XGBoost Model","20250225","W1 score: 0.98, CI[0.96, 0.99]","Computational Method","",""
57045,"57045.112","Salmonella enterica subsp. enterica serovar Paratyphi B 202403509","ampicillin","","1.0","","1.0","mg/L","","","","BVBRC","","","MIC XGBoost Model","20250225","W1 score: 0.96, CI[0.95, 0.97]","Computational Method","",""
57045,"57045.112","Salmonella enterica subsp. enterica serovar Paratyphi B 202403509","azithromycin","","4.0","","4.0","mg/L","","","","BVBRC","","","MIC XGBoost Model","20250225","W1 score: 0.99, CI[0.98, 1]","Computational Method","",""
57045,"57045.112","Salmonella enterica subsp. enterica serovar Paratyphi B 202403509","ceftazidime","","16.0","","16.0","mg/L","","","","BVBRC","","","MIC XGBoost Model","20250225","W1 score: 0.93, CI[0.88, 0.99]","Computational Method","",""
57045,"57045.112","Salmonella enterica subsp. enterica serovar Paratyphi B 202403509","chloramphenicol","","8.0","","8.0","mg/L","","","","BVBRC","","","MIC XGBoost Model","20250225","W1 score: 0.99, CI[0.98, 1]","Computational Method","",""
57045,"57045.112","Salmonella enterica subsp. enterica serovar Paratyphi B 202403509","ciprofloxacin","","0.5","","0.5","mg/L","","","","BVBRC","","","MIC XGBoost Model","20250225","W1 score: 0.88, CI[0.86, 0.9]","Computational Method","",""
57045,"57045.112","Salmonella enterica subsp. enterica serovar Paratyphi B 202403509","ceftriaxone","","0.25","","0.25","mg/L","","","","BVBRC","","","MIC XGBoost Model","20250225","W1 score: 0.95, CI[0.94, 0.96]","Computational Method","",""
57045,"57045.112","Salmonella enterica subsp. enterica serovar Paratyphi B 202403509","cefotaxime","","16.0","","16.0","mg/L","","","","BVBRC","","","MIC XGBoost Model","20250225","W1 score: 0.95, CI[0.89, 1]","Computational Method","",""
57045,"57045.112","Salmonella enterica subsp. enterica serovar Paratyphi B 202403509","sulfisoxazole","","32.0","","32.0","mg/L","","","","BVBRC","","","MIC XGBoost Model","20250225","W1 score: 0.98, CI[0.97, 0.99]","Computational Method","",""
57045,"57045.112","Salmonella enterica subsp. enterica serovar Paratyphi B 202403509","cefoxitin","","2.0","","2.0","mg/L","","","","BVBRC","","","MIC XGBoost Model","20250225","W1 score: 0.98, CI[0.97, 1]","Computational Method","",""
57045,"57045.112","Salmonella enterica subsp. enterica serovar Paratyphi B 202403509","geamycin","","0.5","","0.5","mg/L","","","","BVBRC","","","MIC XGBoost Model","20250225","W1 score: 0.97, CI[0.95, 0.99]","Computational Method","",""
57045,"57045.112","Salmonella enterica subsp. enterica serovar Paratyphi B 202403509","kanamycin","","8.0","","8.0","mg/L","","","","BVBRC","","","MIC XGBoost Model","20250225","W1 score: 0.99, CI[0.98, 1.01]","Computational Method","",""
57045,"57045.112","Salmonella enterica subsp. enterica serovar Paratyphi B 202403509","meropenem","","0.125","","0.125","mg/L","","","","BVBRC","","","MIC XGBoost Model","20250225","W1 score: 0.95, CI[0.9, 1.01]","Computational Method","",""
57045,"57045.112","Salmonella enterica subsp. enterica serovar Paratyphi B 202403509","nalidixic acid","","32.0","","32.0","mg/L","","","","BVBRC","","","MIC XGBoost Model","20250225","W1 score: 0.98, CI[0.97, 0.99]","Computational Method","",""
57045,"57045.112","Salmonella enterica subsp. enterica serovar Paratyphi B 202403509","streptomycin","","16.0","","16.0","mg/L","","","","BVBRC","","","MIC XGBoost Model","20250225","W1 score: 0.92, CI[0.9, 0.93]","Computational Method","",""
57045,"57045.112","Salmonella enterica subsp. enterica serovar Paratyphi B 202403509","co_trimoxazole","","0.125","","0.125","mg/L","","","","BVBRC","","","MIC XGBoost Model","20250225","W1 score: 0.96, CI[0.95, 0.97]","Computational Method","",""
57045,"57045.112","Salmonella enterica subsp. enterica serovar Paratyphi B 202403509","tetracycline","","4.0","","4.0","mg/L","","","","BVBRC","","","MIC XGBoost Model","20250225","W1 score: 0.99, CI[0.98, 0.99]","Computational Method","",""
57045,"57045.112","Salmonella enterica subsp. enterica serovar Paratyphi B 202403509","ceftiofur","","1.0","","1.0","mg/L","","","","BVBRC","","","MIC XGBoost Model","20250225","W1 score: 0.99, CI[0.98, 0.99]","Computational Method","",""
57045,"57045.112","Salmonella enterica subsp. enterica serovar Paratyphi B 202403509","ampicillin_clavulanic_acid","Susceptible","","","","","","","","BVBRC","","","SIR XGBoost Model","20250225","F1 score: 0.96, CI[0.95, 0.97]","Computational Method","",""
57045,"57045.112","Salmonella enterica subsp. enterica serovar Paratyphi B 202403509","ampicillin","Susceptible","","","","","","","","BVBRC","","","SIR XGBoost Model","20250225","F1 score: 0.93, CI[0.92, 0.93]","Computational Method","",""
57045,"57045.112","Salmonella enterica subsp. enterica serovar Paratyphi B 202403509","azithromycin","Susceptible","","","","","","","","BVBRC","","","SIR XGBoost Model","20250225","F1 score: 0.92, CI[0.87, 0.98]","Computational Method","",""
57045,"57045.112","Salmonella enterica subsp. enterica serovar Paratyphi B 202403509","chloramphenicol","Susceptible","","","","","","","","BVBRC","","","SIR XGBoost Model","20250225","F1 score: 0.9, CI[0.88, 0.91]","Computational Method","",""
57045,"57045.112","Salmonella enterica subsp. enterica serovar Paratyphi B 202403509","ciprofloxacin","Susceptible","","","","","","","","BVBRC","","","SIR XGBoost Model","20250225","F1 score: 0.95, CI[0.93, 0.96]","Computational Method","",""
57045,"57045.112","Salmonella enterica subsp. enterica serovar Paratyphi B 202403509","ceftriaxone","Susceptible","","","","","","","","BVBRC","","","SIR XGBoost Model","20250225","F1 score: 0.98, CI[0.97, 1]","Computational Method","",""
57045,"57045.112","Salmonella enterica subsp. enterica serovar Paratyphi B 202403509","cefotaxime","Susceptible","","","","","","","","BVBRC","","","SIR XGBoost Model","20250225","F1 score: 0.95, CI[0.9, 0.99]","Computational Method","",""
57045,"57045.112","Salmonella enterica subsp. enterica serovar Paratyphi B 202403509","sulfisoxazole","Susceptible","","","","","","","","BVBRC","","","SIR XGBoost Model","20250225","F1 score: 0.99, CI[0.98, 1]","Computational Method","",""
57045,"57045.112","Salmonella enterica subsp. enterica serovar Paratyphi B 202403509","cefoxitin","Susceptible","","","","","","","","BVBRC","","","SIR XGBoost Model","20250225","F1 score: 0.96, CI[0.93, 0.99]","Computational Method","",""
57045,"57045.112","Salmonella enterica subsp. enterica serovar Paratyphi B 202403509","geamycin","Susceptible","","","","","","","","BVBRC","","","SIR XGBoost Model","20250225","F1 score: 0.92, CI[0.89, 0.95]","Computational Method","",""
57045,"57045.112","Salmonella enterica subsp. enterica serovar Paratyphi B 202403509","kanamycin","Susceptible","","","","","","","","BVBRC","","","SIR XGBoost Model","20250225","F1 score: 0.86, CI[0.77, 0.95]","Computational Method","",""
57045,"57045.112","Salmonella enterica subsp. enterica serovar Paratyphi B 202403509","nalidixic acid","Resistant","","","","","","","","BVBRC","","","SIR XGBoost Model","20250225","F1 score: 0.95, CI[0.93, 0.96]","Computational Method","",""
57045,"57045.112","Salmonella enterica subsp. enterica serovar Paratyphi B 202403509","pefloxacin","Resistant","","","","","","","","BVBRC","","","SIR XGBoost Model","20250225","F1 score: 0.98, CI[0.96, 1]","Computational Method","",""
57045,"57045.112","Salmonella enterica subsp. enterica serovar Paratyphi B 202403509","sulfamethoxazole","Susceptible","","","","","","","","BVBRC","","","SIR XGBoost Model","20250225","F1 score: 0.95, CI[0.93, 0.97]","Computational Method","",""
57045,"57045.112","Salmonella enterica subsp. enterica serovar Paratyphi B 202403509","spectinomycin","Susceptible","","","","","","","","BVBRC","","","SIR XGBoost Model","20250225","F1 score: 0.94, CI[0.9, 0.98]","Computational Method","",""
57045,"57045.112","Salmonella enterica subsp. enterica serovar Paratyphi B 202403509","streptomycin","Susceptible","","","","","","","","BVBRC","","","SIR XGBoost Model","20250225","F1 score: 0.94, CI[0.93, 0.96]","Computational Method","",""
57045,"57045.112","Salmonella enterica subsp. enterica serovar Paratyphi B 202403509","co_trimoxazole","Susceptible","","","","","","","","BVBRC","","","SIR XGBoost Model","20250225","F1 score: 0.85, CI[0.82, 0.88]","Computational Method","",""
57045,"57045.112","Salmonella enterica subsp. enterica serovar Paratyphi B 202403509","tetracycline","Susceptible","","","","","","","","BVBRC","","","SIR XGBoost Model","20250225","F1 score: 0.97, CI[0.96, 0.98]","Computational Method","",""
57045,"57045.112","Salmonella enterica subsp. enterica serovar Paratyphi B 202403509","ceftiofur","Susceptible","","","","","","","","BVBRC","","","SIR XGBoost Model","20250225","F1 score: 0.98, CI[0.97, 1]","Computational Method","",""
57045,"57045.112","Salmonella enterica subsp. enterica serovar Paratyphi B 202403509","trimotheprim","Susceptible","","","","","","","","BVBRC","","","SIR XGBoost Model","20250225","F1 score: 0.86, CI[0.78, 0.93]","Computational Method","",""
57045,"57045.113","Salmonella enterica subsp. enterica serovar Paratyphi B S22FP06904","ampicillin_clavulanic_acid","","8.0","","8.0","mg/L","","","","BVBRC","","","MIC XGBoost Model","20250225","W1 score: 0.98, CI[0.96, 0.99]","Computational Method","",""
57045,"57045.113","Salmonella enterica subsp. enterica serovar Paratyphi B S22FP06904","ampicillin","","32.0","","32.0","mg/L","","","","BVBRC","","","MIC XGBoost Model","20250225","W1 score: 0.96, CI[0.95, 0.97]","Computational Method","",""
57045,"57045.113","Salmonella enterica subsp. enterica serovar Paratyphi B S22FP06904","azithromycin","","4.0","","4.0","mg/L","","","","BVBRC","","","MIC XGBoost Model","20250225","W1 score: 0.99, CI[0.98, 1]","Computational Method","",""
57045,"57045.113","Salmonella enterica subsp. enterica serovar Paratyphi B S22FP06904","ceftazidime","","16.0","","16.0","mg/L","","","","BVBRC","","","MIC XGBoost Model","20250225","W1 score: 0.93, CI[0.88, 0.99]","Computational Method","",""
57045,"57045.113","Salmonella enterica subsp. enterica serovar Paratyphi B S22FP06904","chloramphenicol","","8.0","","8.0","mg/L","","","","BVBRC","","","MIC XGBoost Model","20250225","W1 score: 0.99, CI[0.98, 1]","Computational Method","",""
57045,"57045.113","Salmonella enterica subsp. enterica serovar Paratyphi B S22FP06904","ciprofloxacin","","0.125","","0.125","mg/L","","","","BVBRC","","","MIC XGBoost Model","20250225","W1 score: 0.88, CI[0.86, 0.9]","Computational Method","",""
57045,"57045.113","Salmonella enterica subsp. enterica serovar Paratyphi B S22FP06904","ceftriaxone","","0.5","","0.5","mg/L","","","","BVBRC","","","MIC XGBoost Model","20250225","W1 score: 0.95, CI[0.94, 0.96]","Computational Method","",""
57045,"57045.113","Salmonella enterica subsp. enterica serovar Paratyphi B S22FP06904","cefotaxime","","16.0","","16.0","mg/L","","","","BVBRC","","","MIC XGBoost Model","20250225","W1 score: 0.95, CI[0.89, 1]","Computational Method","",""
57045,"57045.113","Salmonella enterica subsp. enterica serovar Paratyphi B S22FP06904","sulfisoxazole","","32.0","","32.0","mg/L","","","","BVBRC","","","MIC XGBoost Model","20250225","W1 score: 0.98, CI[0.97, 0.99]","Computational Method","",""
57045,"57045.113","Salmonella enterica subsp. enterica serovar Paratyphi B S22FP06904","cefoxitin","","4.0","","4.0","mg/L","","","","BVBRC","","","MIC XGBoost Model","20250225","W1 score: 0.98, CI[0.97, 1]","Computational Method","",""
57045,"57045.113","Salmonella enterica subsp. enterica serovar Paratyphi B S22FP06904","geamycin","","4.0","","4.0","mg/L","","","","BVBRC","","","MIC XGBoost Model","20250225","W1 score: 0.97, CI[0.95, 0.99]","Computational Method","",""
57045,"57045.113","Salmonella enterica subsp. enterica serovar Paratyphi B S22FP06904","kanamycin","","8.0","","8.0","mg/L","","","","BVBRC","","","MIC XGBoost Model","20250225","W1 score: 0.99, CI[0.98, 1.01]","Computational Method","",""
57045,"57045.113","Salmonella enterica subsp. enterica serovar Paratyphi B S22FP06904","meropenem","","0.25","","0.25","mg/L","","","","BVBRC","","","MIC XGBoost Model","20250225","W1 score: 0.95, CI[0.9, 1.01]","Computational Method","",""
57045,"57045.113","Salmonella enterica subsp. enterica serovar Paratyphi B S22FP06904","nalidixic acid","","16.0","","16.0","mg/L","","","","BVBRC","","","MIC XGBoost Model","20250225","W1 score: 0.98, CI[0.97, 0.99]","Computational Method","",""
57045,"57045.113","Salmonella enterica subsp. enterica serovar Paratyphi B S22FP06904","streptomycin","","32.0","","32.0","mg/L","","","","BVBRC","","","MIC XGBoost Model","20250225","W1 score: 0.92, CI[0.9, 0.93]","Computational Method","",""
57045,"57045.113","Salmonella enterica subsp. enterica serovar Paratyphi B S22FP06904","co_trimoxazole","","4.0","","4.0","mg/L","","","","BVBRC","","","MIC XGBoost Model","20250225","W1 score: 0.96, CI[0.95, 0.97]","Computational Method","",""
57045,"57045.113","Salmonella enterica subsp. enterica serovar Paratyphi B S22FP06904","tetracycline","","4.0","","4.0","mg/L","","","","BVBRC","","","MIC XGBoost Model","20250225","W1 score: 0.99, CI[0.98, 0.99]","Computational Method","",""
57045,"57045.113","Salmonella enterica subsp. enterica serovar Paratyphi B S22FP06904","ceftiofur","","1.0","","1.0","mg/L","","","","BVBRC","","","MIC XGBoost Model","20250225","W1 score: 0.99, CI[0.98, 0.99]","Computational Method","",""
57045,"57045.113","Salmonella enterica subsp. enterica serovar Paratyphi B S22FP06904","ampicillin_clavulanic_acid","Susceptible","","","","","","","","BVBRC","","","SIR XGBoost Model","20250225","F1 score: 0.96, CI[0.95, 0.97]","Computational Method","",""
57045,"57045.113","Salmonella enterica subsp. enterica serovar Paratyphi B S22FP06904","ampicillin","Resistant","","","","","","","","BVBRC","","","SIR XGBoost Model","20250225","F1 score: 0.93, CI[0.92, 0.93]","Computational Method","",""
57045,"57045.113","Salmonella enterica subsp. enterica serovar Paratyphi B S22FP06904","azithromycin","Susceptible","","","","","","","","BVBRC","","","SIR XGBoost Model","20250225","F1 score: 0.92, CI[0.87, 0.98]","Computational Method","",""
57045,"57045.113","Salmonella enterica subsp. enterica serovar Paratyphi B S22FP06904","chloramphenicol","Susceptible","","","","","","","","BVBRC","","","SIR XGBoost Model","20250225","F1 score: 0.9, CI[0.88, 0.91]","Computational Method","",""
57045,"57045.113","Salmonella enterica subsp. enterica serovar Paratyphi B S22FP06904","ciprofloxacin","Susceptible","","","","","","","","BVBRC","","","SIR XGBoost Model","20250225","F1 score: 0.95, CI[0.93, 0.96]","Computational Method","",""
57045,"57045.113","Salmonella enterica subsp. enterica serovar Paratyphi B S22FP06904","ceftriaxone","Susceptible","","","","","","","","BVBRC","","","SIR XGBoost Model","20250225","F1 score: 0.98, CI[0.97, 1]","Computational Method","",""
57045,"57045.113","Salmonella enterica subsp. enterica serovar Paratyphi B S22FP06904","cefotaxime","Susceptible","","","","","","","","BVBRC","","","SIR XGBoost Model","20250225","F1 score: 0.95, CI[0.9, 0.99]","Computational Method","",""
57045,"57045.113","Salmonella enterica subsp. enterica serovar Paratyphi B S22FP06904","sulfisoxazole","Susceptible","","","","","","","","BVBRC","","","SIR XGBoost Model","20250225","F1 score: 0.99, CI[0.98, 1]","Computational Method","",""
57045,"57045.113","Salmonella enterica subsp. enterica serovar Paratyphi B S22FP06904","cefoxitin","Susceptible","","","","","","","","BVBRC","","","SIR XGBoost Model","20250225","F1 score: 0.96, CI[0.93, 0.99]","Computational Method","",""
57045,"57045.113","Salmonella enterica subsp. enterica serovar Paratyphi B S22FP06904","geamycin","Resistant","","","","","","","","BVBRC","","","SIR XGBoost Model","20250225","F1 score: 0.92, CI[0.89, 0.95]","Computational Method","",""
57045,"57045.113","Salmonella enterica subsp. enterica serovar Paratyphi B S22FP06904","kanamycin","Susceptible","","","","","","","","BVBRC","","","SIR XGBoost Model","20250225","F1 score: 0.86, CI[0.77, 0.95]","Computational Method","",""
57045,"57045.113","Salmonella enterica subsp. enterica serovar Paratyphi B S22FP06904","nalidixic acid","Resistant","","","","","","","","BVBRC","","","SIR XGBoost Model","20250225","F1 score: 0.95, CI[0.93, 0.96]","Computational Method","",""
57045,"57045.113","Salmonella enterica subsp. enterica serovar Paratyphi B S22FP06904","pefloxacin","Resistant","","","","","","","","BVBRC","","","SIR XGBoost Model","20250225","F1 score: 0.98, CI[0.96, 1]","Computational Method","",""
57045,"57045.113","Salmonella enterica subsp. enterica serovar Paratyphi B S22FP06904","sulfamethoxazole","Resistant","","","","","","","","BVBRC","","","SIR XGBoost Model","20250225","F1 score: 0.95, CI[0.93, 0.97]","Computational Method","",""
57045,"57045.113","Salmonella enterica subsp. enterica serovar Paratyphi B S22FP06904","spectinomycin","Susceptible","","","","","","","","BVBRC","","","SIR XGBoost Model","20250225","F1 score: 0.94, CI[0.9, 0.98]","Computational Method","",""
57045,"57045.113","Salmonella enterica subsp. enterica serovar Paratyphi B S22FP06904","streptomycin","Resistant","","","","","","","","BVBRC","","","SIR XGBoost Model","20250225","F1 score: 0.94, CI[0.93, 0.96]","Computational Method","",""
57045,"57045.113","Salmonella enterica subsp. enterica serovar Paratyphi B S22FP06904","co_trimoxazole","Resistant","","","","","","","","BVBRC","","","SIR XGBoost Model","20250225","F1 score: 0.85, CI[0.82, 0.88]","Computational Method","",""
57045,"57045.113","Salmonella enterica subsp. enterica serovar Paratyphi B S22FP06904","tetracycline","Susceptible","","","","","","","","BVBRC","","","SIR XGBoost Model","20250225","F1 score: 0.97, CI[0.96, 0.98]","Computational Method","",""
57045,"57045.113","Salmonella enterica subsp. enterica serovar Paratyphi B S22FP06904","ceftiofur","Susceptible","","","","","","","","BVBRC","","","SIR XGBoost Model","20250225","F1 score: 0.98, CI[0.97, 1]","Computational Method","",""
57045,"57045.113","Salmonella enterica subsp. enterica serovar Paratyphi B S22FP06904","trimotheprim","Susceptible","","","","","","","","BVBRC","","","SIR XGBoost Model","20250225","F1 score: 0.86, CI[0.78, 0.93]","Computational Method","",""
