"Taxon ID","Genome ID","Genome Name","Antibiotic","Resistant Phenotype","Measurement","Measurement Sign","Measurement Value","Measurement Unit","Laboratory Typing Method","Laboratory Typing Method Version","Laboratory Typing Platform","Vendor","Testing Standard","Testing Standard Year","Computational Method","Computational Method Version","Computational Method Performance","Evidence","Source","PubMed"
57741,"57741.10","Salmonella enterica subsp. enterica serovar Blockley strain NCTR361","amoxicillin/clavulanic acid","","1.0","","1.0","mg/L","","","","","","","MIC XGBoost Model","202503101","W1 score: 0.98, CI[0.96, 0.99]","Computational Method","",""
57741,"57741.10","Salmonella enterica subsp. enterica serovar Blockley strain NCTR361","ampicillin","","4.0","","4.0","mg/L","","","","","","","MIC XGBoost Model","202503101","W1 score: 0.96, CI[0.95, 0.97]","Computational Method","",""
57741,"57741.10","Salmonella enterica subsp. enterica serovar Blockley strain NCTR361","azithromycin","","4.0","","4.0","mg/L","","","","","","","MIC XGBoost Model","202503101","W1 score: 0.99, CI[0.98, 1.00]","Computational Method","",""
57741,"57741.10","Salmonella enterica subsp. enterica serovar Blockley strain NCTR361","ceftazidime","","1.0","","1.0","mg/L","","","","","","","MIC XGBoost Model","202503101","W1 score: 0.93, CI[0.88, 0.99]","Computational Method","",""
57741,"57741.10","Salmonella enterica subsp. enterica serovar Blockley strain NCTR361","chloramphenicol","","4.0","","4.0","mg/L","","","","","","","MIC XGBoost Model","202503101","W1 score: 0.99, CI[0.98, 1.00]","Computational Method","",""
57741,"57741.10","Salmonella enterica subsp. enterica serovar Blockley strain NCTR361","ciprofloxacin","","0.5","","0.5","mg/L","","","","","","","MIC XGBoost Model","202503101","W1 score: 0.88, CI[0.86, 0.90]","Computational Method","",""
57741,"57741.10","Salmonella enterica subsp. enterica serovar Blockley strain NCTR361","ceftriaxone","","0.25","","0.25","mg/L","","","","","","","MIC XGBoost Model","202503101","W1 score: 0.95, CI[0.94, 0.96]","Computational Method","",""
57741,"57741.10","Salmonella enterica subsp. enterica serovar Blockley strain NCTR361","cefotaxime","","0.5","","0.5","mg/L","","","","","","","MIC XGBoost Model","202503101","W1 score: 0.95, CI[0.89, 1.00]","Computational Method","",""
57741,"57741.10","Salmonella enterica subsp. enterica serovar Blockley strain NCTR361","sulfisoxazole","","64.0","","64.0","mg/L","","","","","","","MIC XGBoost Model","202503101","W1 score: 0.98, CI[0.97, 0.99]","Computational Method","",""
57741,"57741.10","Salmonella enterica subsp. enterica serovar Blockley strain NCTR361","cefoxitin","","2.0","","2.0","mg/L","","","","","","","MIC XGBoost Model","202503101","W1 score: 0.98, CI[0.97, 1.00]","Computational Method","",""
57741,"57741.10","Salmonella enterica subsp. enterica serovar Blockley strain NCTR361","gentamicin","","1.0","","1.0","mg/L","","","","","","","MIC XGBoost Model","202503101","W1 score: 0.97, CI[0.95, 0.99]","Computational Method","",""
57741,"57741.10","Salmonella enterica subsp. enterica serovar Blockley strain NCTR361","kanamycin","","64.0","","64.0","mg/L","","","","","","","MIC XGBoost Model","202503101","W1 score: 0.99, CI[0.98, 1.01]","Computational Method","",""
57741,"57741.10","Salmonella enterica subsp. enterica serovar Blockley strain NCTR361","meropenem","","0.0625","","0.0625","mg/L","","","","","","","MIC XGBoost Model","202503101","W1 score: 0.95, CI[0.90, 1.01]","Computational Method","",""
57741,"57741.10","Salmonella enterica subsp. enterica serovar Blockley strain NCTR361","nalidixic acid","","32.0","","32.0","mg/L","","","","","","","MIC XGBoost Model","202503101","W1 score: 0.98, CI[0.97, 0.99]","Computational Method","",""
57741,"57741.10","Salmonella enterica subsp. enterica serovar Blockley strain NCTR361","streptomycin","","64.0","","64.0","mg/L","","","","","","","MIC XGBoost Model","202503101","W1 score: 0.92, CI[0.90, 0.93]","Computational Method","",""
57741,"57741.10","Salmonella enterica subsp. enterica serovar Blockley strain NCTR361","tetracycline","","32.0","","32.0","mg/L","","","","","","","MIC XGBoost Model","202503101","W1 score: 0.99, CI[0.98, 0.99]","Computational Method","",""
57741,"57741.10","Salmonella enterica subsp. enterica serovar Blockley strain NCTR361","ceftiofur","","1.0","","1.0","mg/L","","","","","","","MIC XGBoost Model","202503101","W1 score: 0.99, CI[0.98, 0.99]","Computational Method","",""
57741,"57741.11","Salmonella enterica subsp. enterica serovar Blockley strain 159838","amoxicillin/clavulanic acid","","1.0","","1.0","mg/L","","","","","","","MIC XGBoost Model","202503101","W1 score: 0.98, CI[0.96, 0.99]","Computational Method","",""
57741,"57741.11","Salmonella enterica subsp. enterica serovar Blockley strain 159838","ampicillin","","4.0","","4.0","mg/L","","","","","","","MIC XGBoost Model","202503101","W1 score: 0.96, CI[0.95, 0.97]","Computational Method","",""
57741,"57741.11","Salmonella enterica subsp. enterica serovar Blockley strain 159838","azithromycin","","4.0","","4.0","mg/L","","","","","","","MIC XGBoost Model","202503101","W1 score: 0.99, CI[0.98, 1.00]","Computational Method","",""
57741,"57741.11","Salmonella enterica subsp. enterica serovar Blockley strain 159838","ceftazidime","","1.0","","1.0","mg/L","","","","","","","MIC XGBoost Model","202503101","W1 score: 0.93, CI[0.88, 0.99]","Computational Method","",""
57741,"57741.11","Salmonella enterica subsp. enterica serovar Blockley strain 159838","chloramphenicol","","4.0","","4.0","mg/L","","","","","","","MIC XGBoost Model","202503101","W1 score: 0.99, CI[0.98, 1.00]","Computational Method","",""
57741,"57741.11","Salmonella enterica subsp. enterica serovar Blockley strain 159838","ciprofloxacin","","0.5","","0.5","mg/L","","","","","","","MIC XGBoost Model","202503101","W1 score: 0.88, CI[0.86, 0.90]","Computational Method","",""
57741,"57741.11","Salmonella enterica subsp. enterica serovar Blockley strain 159838","ceftriaxone","","0.5","","0.5","mg/L","","","","","","","MIC XGBoost Model","202503101","W1 score: 0.95, CI[0.94, 0.96]","Computational Method","",""
57741,"57741.11","Salmonella enterica subsp. enterica serovar Blockley strain 159838","cefotaxime","","0.5","","0.5","mg/L","","","","","","","MIC XGBoost Model","202503101","W1 score: 0.95, CI[0.89, 1.00]","Computational Method","",""
57741,"57741.11","Salmonella enterica subsp. enterica serovar Blockley strain 159838","sulfisoxazole","","32.0","","32.0","mg/L","","","","","","","MIC XGBoost Model","202503101","W1 score: 0.98, CI[0.97, 0.99]","Computational Method","",""
57741,"57741.11","Salmonella enterica subsp. enterica serovar Blockley strain 159838","cefoxitin","","2.0","","2.0","mg/L","","","","","","","MIC XGBoost Model","202503101","W1 score: 0.98, CI[0.97, 1.00]","Computational Method","",""
57741,"57741.11","Salmonella enterica subsp. enterica serovar Blockley strain 159838","gentamicin","","0.5","","0.5","mg/L","","","","","","","MIC XGBoost Model","202503101","W1 score: 0.97, CI[0.95, 0.99]","Computational Method","",""
57741,"57741.11","Salmonella enterica subsp. enterica serovar Blockley strain 159838","kanamycin","","64.0","","64.0","mg/L","","","","","","","MIC XGBoost Model","202503101","W1 score: 0.99, CI[0.98, 1.01]","Computational Method","",""
57741,"57741.11","Salmonella enterica subsp. enterica serovar Blockley strain 159838","meropenem","","0.0625","","0.0625","mg/L","","","","","","","MIC XGBoost Model","202503101","W1 score: 0.95, CI[0.90, 1.01]","Computational Method","",""
57741,"57741.11","Salmonella enterica subsp. enterica serovar Blockley strain 159838","nalidixic acid","","128.0","","128.0","mg/L","","","","","","","MIC XGBoost Model","202503101","W1 score: 0.98, CI[0.97, 0.99]","Computational Method","",""
57741,"57741.11","Salmonella enterica subsp. enterica serovar Blockley strain 159838","streptomycin","","64.0","","64.0","mg/L","","","","","","","MIC XGBoost Model","202503101","W1 score: 0.92, CI[0.90, 0.93]","Computational Method","",""
57741,"57741.11","Salmonella enterica subsp. enterica serovar Blockley strain 159838","tetracycline","","32.0","","32.0","mg/L","","","","","","","MIC XGBoost Model","202503101","W1 score: 0.99, CI[0.98, 0.99]","Computational Method","",""
57741,"57741.11","Salmonella enterica subsp. enterica serovar Blockley strain 159838","ceftiofur","","1.0","","1.0","mg/L","","","","","","","MIC XGBoost Model","202503101","W1 score: 0.99, CI[0.98, 0.99]","Computational Method","",""
57741,"57741.12","Salmonella enterica subsp. enterica serovar Blockley strain 163013","amoxicillin/clavulanic acid","","1.0","","1.0","mg/L","","","","","","","MIC XGBoost Model","202503101","W1 score: 0.98, CI[0.96, 0.99]","Computational Method","",""
57741,"57741.12","Salmonella enterica subsp. enterica serovar Blockley strain 163013","ampicillin","","16.0","","16.0","mg/L","","","","","","","MIC XGBoost Model","202503101","W1 score: 0.96, CI[0.95, 0.97]","Computational Method","",""
57741,"57741.12","Salmonella enterica subsp. enterica serovar Blockley strain 163013","azithromycin","","4.0","","4.0","mg/L","","","","","","","MIC XGBoost Model","202503101","W1 score: 0.99, CI[0.98, 1.00]","Computational Method","",""
57741,"57741.12","Salmonella enterica subsp. enterica serovar Blockley strain 163013","ceftazidime","","4.0","","4.0","mg/L","","","","","","","MIC XGBoost Model","202503101","W1 score: 0.93, CI[0.88, 0.99]","Computational Method","",""
57741,"57741.12","Salmonella enterica subsp. enterica serovar Blockley strain 163013","chloramphenicol","","16.0","","16.0","mg/L","","","","","","","MIC XGBoost Model","202503101","W1 score: 0.99, CI[0.98, 1.00]","Computational Method","",""
57741,"57741.12","Salmonella enterica subsp. enterica serovar Blockley strain 163013","ciprofloxacin","","8.0","","8.0","mg/L","","","","","","","MIC XGBoost Model","202503101","W1 score: 0.88, CI[0.86, 0.90]","Computational Method","",""
57741,"57741.12","Salmonella enterica subsp. enterica serovar Blockley strain 163013","ceftriaxone","","1.0","","1.0","mg/L","","","","","","","MIC XGBoost Model","202503101","W1 score: 0.95, CI[0.94, 0.96]","Computational Method","",""
57741,"57741.12","Salmonella enterica subsp. enterica serovar Blockley strain 163013","cefotaxime","","0.5","","0.5","mg/L","","","","","","","MIC XGBoost Model","202503101","W1 score: 0.95, CI[0.89, 1.00]","Computational Method","",""
57741,"57741.12","Salmonella enterica subsp. enterica serovar Blockley strain 163013","sulfisoxazole","","32.0","","32.0","mg/L","","","","","","","MIC XGBoost Model","202503101","W1 score: 0.98, CI[0.97, 0.99]","Computational Method","",""
57741,"57741.12","Salmonella enterica subsp. enterica serovar Blockley strain 163013","cefoxitin","","2.0","","2.0","mg/L","","","","","","","MIC XGBoost Model","202503101","W1 score: 0.98, CI[0.97, 1.00]","Computational Method","",""
57741,"57741.12","Salmonella enterica subsp. enterica serovar Blockley strain 163013","gentamicin","","0.5","","0.5","mg/L","","","","","","","MIC XGBoost Model","202503101","W1 score: 0.97, CI[0.95, 0.99]","Computational Method","",""
57741,"57741.12","Salmonella enterica subsp. enterica serovar Blockley strain 163013","kanamycin","","64.0","","64.0","mg/L","","","","","","","MIC XGBoost Model","202503101","W1 score: 0.99, CI[0.98, 1.01]","Computational Method","",""
57741,"57741.12","Salmonella enterica subsp. enterica serovar Blockley strain 163013","meropenem","","0.03125","","0.03125","mg/L","","","","","","","MIC XGBoost Model","202503101","W1 score: 0.95, CI[0.90, 1.01]","Computational Method","",""
57741,"57741.12","Salmonella enterica subsp. enterica serovar Blockley strain 163013","nalidixic acid","","64.0","","64.0","mg/L","","","","","","","MIC XGBoost Model","202503101","W1 score: 0.98, CI[0.97, 0.99]","Computational Method","",""
57741,"57741.12","Salmonella enterica subsp. enterica serovar Blockley strain 163013","streptomycin","","64.0","","64.0","mg/L","","","","","","","MIC XGBoost Model","202503101","W1 score: 0.92, CI[0.90, 0.93]","Computational Method","",""
57741,"57741.12","Salmonella enterica subsp. enterica serovar Blockley strain 163013","tetracycline","","64.0","","64.0","mg/L","","","","","","","MIC XGBoost Model","202503101","W1 score: 0.99, CI[0.98, 0.99]","Computational Method","",""
57741,"57741.12","Salmonella enterica subsp. enterica serovar Blockley strain 163013","ceftiofur","","1.0","","1.0","mg/L","","","","","","","MIC XGBoost Model","202503101","W1 score: 0.99, CI[0.98, 0.99]","Computational Method","",""
57741,"57741.13","Salmonella enterica subsp. enterica serovar Blockley strain 159838","amoxicillin/clavulanic acid","","1.0","","1.0","mg/L","","","","","","","MIC XGBoost Model","202503101","W1 score: 0.98, CI[0.96, 0.99]","Computational Method","",""
57741,"57741.13","Salmonella enterica subsp. enterica serovar Blockley strain 159838","ampicillin","","16.0","","16.0","mg/L","","","","","","","MIC XGBoost Model","202503101","W1 score: 0.96, CI[0.95, 0.97]","Computational Method","",""
57741,"57741.13","Salmonella enterica subsp. enterica serovar Blockley strain 159838","azithromycin","","4.0","","4.0","mg/L","","","","","","","MIC XGBoost Model","202503101","W1 score: 0.99, CI[0.98, 1.00]","Computational Method","",""
57741,"57741.13","Salmonella enterica subsp. enterica serovar Blockley strain 159838","ceftazidime","","4.0","","4.0","mg/L","","","","","","","MIC XGBoost Model","202503101","W1 score: 0.93, CI[0.88, 0.99]","Computational Method","",""
57741,"57741.13","Salmonella enterica subsp. enterica serovar Blockley strain 159838","chloramphenicol","","16.0","","16.0","mg/L","","","","","","","MIC XGBoost Model","202503101","W1 score: 0.99, CI[0.98, 1.00]","Computational Method","",""
57741,"57741.13","Salmonella enterica subsp. enterica serovar Blockley strain 159838","ciprofloxacin","","8.0","","8.0","mg/L","","","","","","","MIC XGBoost Model","202503101","W1 score: 0.88, CI[0.86, 0.90]","Computational Method","",""
57741,"57741.13","Salmonella enterica subsp. enterica serovar Blockley strain 159838","ceftriaxone","","1.0","","1.0","mg/L","","","","","","","MIC XGBoost Model","202503101","W1 score: 0.95, CI[0.94, 0.96]","Computational Method","",""
57741,"57741.13","Salmonella enterica subsp. enterica serovar Blockley strain 159838","cefotaxime","","0.5","","0.5","mg/L","","","","","","","MIC XGBoost Model","202503101","W1 score: 0.95, CI[0.89, 1.00]","Computational Method","",""
57741,"57741.13","Salmonella enterica subsp. enterica serovar Blockley strain 159838","sulfisoxazole","","32.0","","32.0","mg/L","","","","","","","MIC XGBoost Model","202503101","W1 score: 0.98, CI[0.97, 0.99]","Computational Method","",""
57741,"57741.13","Salmonella enterica subsp. enterica serovar Blockley strain 159838","cefoxitin","","2.0","","2.0","mg/L","","","","","","","MIC XGBoost Model","202503101","W1 score: 0.98, CI[0.97, 1.00]","Computational Method","",""
57741,"57741.13","Salmonella enterica subsp. enterica serovar Blockley strain 159838","gentamicin","","0.5","","0.5","mg/L","","","","","","","MIC XGBoost Model","202503101","W1 score: 0.97, CI[0.95, 0.99]","Computational Method","",""
57741,"57741.13","Salmonella enterica subsp. enterica serovar Blockley strain 159838","kanamycin","","64.0","","64.0","mg/L","","","","","","","MIC XGBoost Model","202503101","W1 score: 0.99, CI[0.98, 1.01]","Computational Method","",""
57741,"57741.13","Salmonella enterica subsp. enterica serovar Blockley strain 159838","meropenem","","0.0625","","0.0625","mg/L","","","","","","","MIC XGBoost Model","202503101","W1 score: 0.95, CI[0.90, 1.01]","Computational Method","",""
57741,"57741.13","Salmonella enterica subsp. enterica serovar Blockley strain 159838","nalidixic acid","","64.0","","64.0","mg/L","","","","","","","MIC XGBoost Model","202503101","W1 score: 0.98, CI[0.97, 0.99]","Computational Method","",""
57741,"57741.13","Salmonella enterica subsp. enterica serovar Blockley strain 159838","streptomycin","","64.0","","64.0","mg/L","","","","","","","MIC XGBoost Model","202503101","W1 score: 0.92, CI[0.90, 0.93]","Computational Method","",""
57741,"57741.13","Salmonella enterica subsp. enterica serovar Blockley strain 159838","tetracycline","","64.0","","64.0","mg/L","","","","","","","MIC XGBoost Model","202503101","W1 score: 0.99, CI[0.98, 0.99]","Computational Method","",""
57741,"57741.13","Salmonella enterica subsp. enterica serovar Blockley strain 159838","ceftiofur","","1.0","","1.0","mg/L","","","","","","","MIC XGBoost Model","202503101","W1 score: 0.99, CI[0.98, 0.99]","Computational Method","",""
57741,"57741.21","Salmonella enterica subsp. enterica serovar Blockley R18.0186","amoxicillin/clavulanic acid","","2.0","","2.0","mg/L","","","","","","","MIC XGBoost Model","202503101","W1 score: 0.98, CI[0.96, 0.99]","Computational Method","",""
57741,"57741.21","Salmonella enterica subsp. enterica serovar Blockley R18.0186","ampicillin","","2.0","","2.0","mg/L","","","","","","","MIC XGBoost Model","202503101","W1 score: 0.96, CI[0.95, 0.97]","Computational Method","",""
57741,"57741.21","Salmonella enterica subsp. enterica serovar Blockley R18.0186","azithromycin","","4.0","","4.0","mg/L","","","","","","","MIC XGBoost Model","202503101","W1 score: 0.99, CI[0.98, 1.00]","Computational Method","",""
57741,"57741.21","Salmonella enterica subsp. enterica serovar Blockley R18.0186","ceftazidime","","0.5","","0.5","mg/L","","","","","","","MIC XGBoost Model","202503101","W1 score: 0.93, CI[0.88, 0.99]","Computational Method","",""
57741,"57741.21","Salmonella enterica subsp. enterica serovar Blockley R18.0186","chloramphenicol","","16.0","","16.0","mg/L","","","","","","","MIC XGBoost Model","202503101","W1 score: 0.99, CI[0.98, 1.00]","Computational Method","",""
57741,"57741.21","Salmonella enterica subsp. enterica serovar Blockley R18.0186","ciprofloxacin","","0.5","","0.5","mg/L","","","","","","","MIC XGBoost Model","202503101","W1 score: 0.88, CI[0.86, 0.90]","Computational Method","",""
57741,"57741.21","Salmonella enterica subsp. enterica serovar Blockley R18.0186","ceftriaxone","","0.5","","0.5","mg/L","","","","","","","MIC XGBoost Model","202503101","W1 score: 0.95, CI[0.94, 0.96]","Computational Method","",""
57741,"57741.21","Salmonella enterica subsp. enterica serovar Blockley R18.0186","cefotaxime","","0.5","","0.5","mg/L","","","","","","","MIC XGBoost Model","202503101","W1 score: 0.95, CI[0.89, 1.00]","Computational Method","",""
57741,"57741.21","Salmonella enterica subsp. enterica serovar Blockley R18.0186","sulfisoxazole","","64.0","","64.0","mg/L","","","","","","","MIC XGBoost Model","202503101","W1 score: 0.98, CI[0.97, 0.99]","Computational Method","",""
57741,"57741.21","Salmonella enterica subsp. enterica serovar Blockley R18.0186","cefoxitin","","2.0","","2.0","mg/L","","","","","","","MIC XGBoost Model","202503101","W1 score: 0.98, CI[0.97, 1.00]","Computational Method","",""
57741,"57741.21","Salmonella enterica subsp. enterica serovar Blockley R18.0186","gentamicin","","0.5","","0.5","mg/L","","","","","","","MIC XGBoost Model","202503101","W1 score: 0.97, CI[0.95, 0.99]","Computational Method","",""
57741,"57741.21","Salmonella enterica subsp. enterica serovar Blockley R18.0186","kanamycin","","64.0","","64.0","mg/L","","","","","","","MIC XGBoost Model","202503101","W1 score: 0.99, CI[0.98, 1.01]","Computational Method","",""
57741,"57741.21","Salmonella enterica subsp. enterica serovar Blockley R18.0186","meropenem","","0.0625","","0.0625","mg/L","","","","","","","MIC XGBoost Model","202503101","W1 score: 0.95, CI[0.90, 1.01]","Computational Method","",""
57741,"57741.21","Salmonella enterica subsp. enterica serovar Blockley R18.0186","nalidixic acid","","32.0","","32.0","mg/L","","","","","","","MIC XGBoost Model","202503101","W1 score: 0.98, CI[0.97, 0.99]","Computational Method","",""
57741,"57741.21","Salmonella enterica subsp. enterica serovar Blockley R18.0186","streptomycin","","32.0","","32.0","mg/L","","","","","","","MIC XGBoost Model","202503101","W1 score: 0.92, CI[0.90, 0.93]","Computational Method","",""
57741,"57741.21","Salmonella enterica subsp. enterica serovar Blockley R18.0186","tetracycline","","32.0","","32.0","mg/L","","","","","","","MIC XGBoost Model","202503101","W1 score: 0.99, CI[0.98, 0.99]","Computational Method","",""
57741,"57741.21","Salmonella enterica subsp. enterica serovar Blockley R18.0186","ceftiofur","","1.0","","1.0","mg/L","","","","","","","MIC XGBoost Model","202503101","W1 score: 0.99, CI[0.98, 0.99]","Computational Method","",""
57741,"57741.22","Salmonella enterica subsp. enterica serovar Blockley R17.0776","amoxicillin/clavulanic acid","","2.0","","2.0","mg/L","","","","","","","MIC XGBoost Model","202503101","W1 score: 0.98, CI[0.96, 0.99]","Computational Method","",""
57741,"57741.22","Salmonella enterica subsp. enterica serovar Blockley R17.0776","ampicillin","","2.0","","2.0","mg/L","","","","","","","MIC XGBoost Model","202503101","W1 score: 0.96, CI[0.95, 0.97]","Computational Method","",""
57741,"57741.22","Salmonella enterica subsp. enterica serovar Blockley R17.0776","azithromycin","","4.0","","4.0","mg/L","","","","","","","MIC XGBoost Model","202503101","W1 score: 0.99, CI[0.98, 1.00]","Computational Method","",""
57741,"57741.22","Salmonella enterica subsp. enterica serovar Blockley R17.0776","ceftazidime","","0.5","","0.5","mg/L","","","","","","","MIC XGBoost Model","202503101","W1 score: 0.93, CI[0.88, 0.99]","Computational Method","",""
57741,"57741.22","Salmonella enterica subsp. enterica serovar Blockley R17.0776","chloramphenicol","","16.0","","16.0","mg/L","","","","","","","MIC XGBoost Model","202503101","W1 score: 0.99, CI[0.98, 1.00]","Computational Method","",""
57741,"57741.22","Salmonella enterica subsp. enterica serovar Blockley R17.0776","ciprofloxacin","","0.25","","0.25","mg/L","","","","","","","MIC XGBoost Model","202503101","W1 score: 0.88, CI[0.86, 0.90]","Computational Method","",""
57741,"57741.22","Salmonella enterica subsp. enterica serovar Blockley R17.0776","ceftriaxone","","0.5","","0.5","mg/L","","","","","","","MIC XGBoost Model","202503101","W1 score: 0.95, CI[0.94, 0.96]","Computational Method","",""
57741,"57741.22","Salmonella enterica subsp. enterica serovar Blockley R17.0776","cefotaxime","","0.5","","0.5","mg/L","","","","","","","MIC XGBoost Model","202503101","W1 score: 0.95, CI[0.89, 1.00]","Computational Method","",""
57741,"57741.22","Salmonella enterica subsp. enterica serovar Blockley R17.0776","sulfisoxazole","","64.0","","64.0","mg/L","","","","","","","MIC XGBoost Model","202503101","W1 score: 0.98, CI[0.97, 0.99]","Computational Method","",""
57741,"57741.22","Salmonella enterica subsp. enterica serovar Blockley R17.0776","cefoxitin","","2.0","","2.0","mg/L","","","","","","","MIC XGBoost Model","202503101","W1 score: 0.98, CI[0.97, 1.00]","Computational Method","",""
57741,"57741.22","Salmonella enterica subsp. enterica serovar Blockley R17.0776","gentamicin","","0.5","","0.5","mg/L","","","","","","","MIC XGBoost Model","202503101","W1 score: 0.97, CI[0.95, 0.99]","Computational Method","",""
57741,"57741.22","Salmonella enterica subsp. enterica serovar Blockley R17.0776","kanamycin","","64.0","","64.0","mg/L","","","","","","","MIC XGBoost Model","202503101","W1 score: 0.99, CI[0.98, 1.01]","Computational Method","",""
57741,"57741.22","Salmonella enterica subsp. enterica serovar Blockley R17.0776","meropenem","","0.03125","","0.03125","mg/L","","","","","","","MIC XGBoost Model","202503101","W1 score: 0.95, CI[0.90, 1.01]","Computational Method","",""
57741,"57741.22","Salmonella enterica subsp. enterica serovar Blockley R17.0776","nalidixic acid","","32.0","","32.0","mg/L","","","","","","","MIC XGBoost Model","202503101","W1 score: 0.98, CI[0.97, 0.99]","Computational Method","",""
57741,"57741.22","Salmonella enterica subsp. enterica serovar Blockley R17.0776","streptomycin","","32.0","","32.0","mg/L","","","","","","","MIC XGBoost Model","202503101","W1 score: 0.92, CI[0.90, 0.93]","Computational Method","",""
57741,"57741.22","Salmonella enterica subsp. enterica serovar Blockley R17.0776","tetracycline","","32.0","","32.0","mg/L","","","","","","","MIC XGBoost Model","202503101","W1 score: 0.99, CI[0.98, 0.99]","Computational Method","",""
57741,"57741.22","Salmonella enterica subsp. enterica serovar Blockley R17.0776","ceftiofur","","1.0","","1.0","mg/L","","","","","","","MIC XGBoost Model","202503101","W1 score: 0.99, CI[0.98, 0.99]","Computational Method","",""
57741,"57741.3","Salmonella enterica subsp. enterica serovar Blockley strain 86-0206","amoxicillin/clavulanic acid","","1.0","","1.0","mg/L","","","","","","","MIC XGBoost Model","202503101","W1 score: 0.98, CI[0.96, 0.99]","Computational Method","",""
57741,"57741.3","Salmonella enterica subsp. enterica serovar Blockley strain 86-0206","ampicillin","","2.0","","2.0","mg/L","","","","","","","MIC XGBoost Model","202503101","W1 score: 0.96, CI[0.95, 0.97]","Computational Method","",""
57741,"57741.3","Salmonella enterica subsp. enterica serovar Blockley strain 86-0206","azithromycin","","4.0","","4.0","mg/L","","","","","","","MIC XGBoost Model","202503101","W1 score: 0.99, CI[0.98, 1.00]","Computational Method","",""
57741,"57741.3","Salmonella enterica subsp. enterica serovar Blockley strain 86-0206","ceftazidime","","2.0","","2.0","mg/L","","","","","","","MIC XGBoost Model","202503101","W1 score: 0.93, CI[0.88, 0.99]","Computational Method","",""
57741,"57741.3","Salmonella enterica subsp. enterica serovar Blockley strain 86-0206","chloramphenicol","","4.0","","4.0","mg/L","","","","","","","MIC XGBoost Model","202503101","W1 score: 0.99, CI[0.98, 1.00]","Computational Method","",""
57741,"57741.3","Salmonella enterica subsp. enterica serovar Blockley strain 86-0206","ciprofloxacin","","0.03125","","0.03125","mg/L","","","","","","","MIC XGBoost Model","202503101","W1 score: 0.88, CI[0.86, 0.90]","Computational Method","",""
57741,"57741.3","Salmonella enterica subsp. enterica serovar Blockley strain 86-0206","ceftriaxone","","0.25","","0.25","mg/L","","","","","","","MIC XGBoost Model","202503101","W1 score: 0.95, CI[0.94, 0.96]","Computational Method","",""
57741,"57741.3","Salmonella enterica subsp. enterica serovar Blockley strain 86-0206","cefotaxime","","0.5","","0.5","mg/L","","","","","","","MIC XGBoost Model","202503101","W1 score: 0.95, CI[0.89, 1.00]","Computational Method","",""
57741,"57741.3","Salmonella enterica subsp. enterica serovar Blockley strain 86-0206","sulfisoxazole","","32.0","","32.0","mg/L","","","","","","","MIC XGBoost Model","202503101","W1 score: 0.98, CI[0.97, 0.99]","Computational Method","",""
57741,"57741.3","Salmonella enterica subsp. enterica serovar Blockley strain 86-0206","cefoxitin","","2.0","","2.0","mg/L","","","","","","","MIC XGBoost Model","202503101","W1 score: 0.98, CI[0.97, 1.00]","Computational Method","",""
57741,"57741.3","Salmonella enterica subsp. enterica serovar Blockley strain 86-0206","gentamicin","","0.5","","0.5","mg/L","","","","","","","MIC XGBoost Model","202503101","W1 score: 0.97, CI[0.95, 0.99]","Computational Method","",""
57741,"57741.3","Salmonella enterica subsp. enterica serovar Blockley strain 86-0206","kanamycin","","8.0","","8.0","mg/L","","","","","","","MIC XGBoost Model","202503101","W1 score: 0.99, CI[0.98, 1.01]","Computational Method","",""
57741,"57741.3","Salmonella enterica subsp. enterica serovar Blockley strain 86-0206","meropenem","","0.0625","","0.0625","mg/L","","","","","","","MIC XGBoost Model","202503101","W1 score: 0.95, CI[0.90, 1.01]","Computational Method","",""
57741,"57741.3","Salmonella enterica subsp. enterica serovar Blockley strain 86-0206","nalidixic acid","","8.0","","8.0","mg/L","","","","","","","MIC XGBoost Model","202503101","W1 score: 0.98, CI[0.97, 0.99]","Computational Method","",""
57741,"57741.3","Salmonella enterica subsp. enterica serovar Blockley strain 86-0206","streptomycin","","16.0","","16.0","mg/L","","","","","","","MIC XGBoost Model","202503101","W1 score: 0.92, CI[0.90, 0.93]","Computational Method","",""
57741,"57741.3","Salmonella enterica subsp. enterica serovar Blockley strain 86-0206","tetracycline","","4.0","","4.0","mg/L","","","","","","","MIC XGBoost Model","202503101","W1 score: 0.99, CI[0.98, 0.99]","Computational Method","",""
57741,"57741.3","Salmonella enterica subsp. enterica serovar Blockley strain 86-0206","ceftiofur","","1.0","","1.0","mg/L","","","","","","","MIC XGBoost Model","202503101","W1 score: 0.99, CI[0.98, 0.99]","Computational Method","",""
57741,"57741.4","Salmonella enterica subsp. enterica serovar Blockley strain 67-3024","amoxicillin/clavulanic acid","","1.0","","1.0","mg/L","","","","","","","MIC XGBoost Model","202503101","W1 score: 0.98, CI[0.96, 0.99]","Computational Method","",""
57741,"57741.4","Salmonella enterica subsp. enterica serovar Blockley strain 67-3024","ampicillin","","2.0","","2.0","mg/L","","","","","","","MIC XGBoost Model","202503101","W1 score: 0.96, CI[0.95, 0.97]","Computational Method","",""
57741,"57741.4","Salmonella enterica subsp. enterica serovar Blockley strain 67-3024","azithromycin","","4.0","","4.0","mg/L","","","","","","","MIC XGBoost Model","202503101","W1 score: 0.99, CI[0.98, 1.00]","Computational Method","",""
57741,"57741.4","Salmonella enterica subsp. enterica serovar Blockley strain 67-3024","ceftazidime","","1.0","","1.0","mg/L","","","","","","","MIC XGBoost Model","202503101","W1 score: 0.93, CI[0.88, 0.99]","Computational Method","",""
57741,"57741.4","Salmonella enterica subsp. enterica serovar Blockley strain 67-3024","chloramphenicol","","4.0","","4.0","mg/L","","","","","","","MIC XGBoost Model","202503101","W1 score: 0.99, CI[0.98, 1.00]","Computational Method","",""
57741,"57741.4","Salmonella enterica subsp. enterica serovar Blockley strain 67-3024","ciprofloxacin","","0.03125","","0.03125","mg/L","","","","","","","MIC XGBoost Model","202503101","W1 score: 0.88, CI[0.86, 0.90]","Computational Method","",""
57741,"57741.4","Salmonella enterica subsp. enterica serovar Blockley strain 67-3024","ceftriaxone","","0.25","","0.25","mg/L","","","","","","","MIC XGBoost Model","202503101","W1 score: 0.95, CI[0.94, 0.96]","Computational Method","",""
57741,"57741.4","Salmonella enterica subsp. enterica serovar Blockley strain 67-3024","cefotaxime","","0.5","","0.5","mg/L","","","","","","","MIC XGBoost Model","202503101","W1 score: 0.95, CI[0.89, 1.00]","Computational Method","",""
57741,"57741.4","Salmonella enterica subsp. enterica serovar Blockley strain 67-3024","sulfisoxazole","","32.0","","32.0","mg/L","","","","","","","MIC XGBoost Model","202503101","W1 score: 0.98, CI[0.97, 0.99]","Computational Method","",""
57741,"57741.4","Salmonella enterica subsp. enterica serovar Blockley strain 67-3024","cefoxitin","","2.0","","2.0","mg/L","","","","","","","MIC XGBoost Model","202503101","W1 score: 0.98, CI[0.97, 1.00]","Computational Method","",""
57741,"57741.4","Salmonella enterica subsp. enterica serovar Blockley strain 67-3024","gentamicin","","0.5","","0.5","mg/L","","","","","","","MIC XGBoost Model","202503101","W1 score: 0.97, CI[0.95, 0.99]","Computational Method","",""
57741,"57741.4","Salmonella enterica subsp. enterica serovar Blockley strain 67-3024","kanamycin","","8.0","","8.0","mg/L","","","","","","","MIC XGBoost Model","202503101","W1 score: 0.99, CI[0.98, 1.01]","Computational Method","",""
57741,"57741.4","Salmonella enterica subsp. enterica serovar Blockley strain 67-3024","meropenem","","0.0625","","0.0625","mg/L","","","","","","","MIC XGBoost Model","202503101","W1 score: 0.95, CI[0.90, 1.01]","Computational Method","",""
57741,"57741.4","Salmonella enterica subsp. enterica serovar Blockley strain 67-3024","nalidixic acid","","8.0","","8.0","mg/L","","","","","","","MIC XGBoost Model","202503101","W1 score: 0.98, CI[0.97, 0.99]","Computational Method","",""
57741,"57741.4","Salmonella enterica subsp. enterica serovar Blockley strain 67-3024","streptomycin","","32.0","","32.0","mg/L","","","","","","","MIC XGBoost Model","202503101","W1 score: 0.92, CI[0.90, 0.93]","Computational Method","",""
57741,"57741.4","Salmonella enterica subsp. enterica serovar Blockley strain 67-3024","tetracycline","","4.0","","4.0","mg/L","","","","","","","MIC XGBoost Model","202503101","W1 score: 0.99, CI[0.98, 0.99]","Computational Method","",""
57741,"57741.4","Salmonella enterica subsp. enterica serovar Blockley strain 67-3024","ceftiofur","","1.0","","1.0","mg/L","","","","","","","MIC XGBoost Model","202503101","W1 score: 0.99, CI[0.98, 0.99]","Computational Method","",""
57741,"57741.5","Salmonella enterica subsp. enterica serovar Blockley strain 05-0359","amoxicillin/clavulanic acid","","1.0","","1.0","mg/L","","","","","","","MIC XGBoost Model","202503101","W1 score: 0.98, CI[0.96, 0.99]","Computational Method","",""
57741,"57741.5","Salmonella enterica subsp. enterica serovar Blockley strain 05-0359","ampicillin","","2.0","","2.0","mg/L","","","","","","","MIC XGBoost Model","202503101","W1 score: 0.96, CI[0.95, 0.97]","Computational Method","",""
57741,"57741.5","Salmonella enterica subsp. enterica serovar Blockley strain 05-0359","azithromycin","","4.0","","4.0","mg/L","","","","","","","MIC XGBoost Model","202503101","W1 score: 0.99, CI[0.98, 1.00]","Computational Method","",""
57741,"57741.5","Salmonella enterica subsp. enterica serovar Blockley strain 05-0359","ceftazidime","","4.0","","4.0","mg/L","","","","","","","MIC XGBoost Model","202503101","W1 score: 0.93, CI[0.88, 0.99]","Computational Method","",""
57741,"57741.5","Salmonella enterica subsp. enterica serovar Blockley strain 05-0359","chloramphenicol","","4.0","","4.0","mg/L","","","","","","","MIC XGBoost Model","202503101","W1 score: 0.99, CI[0.98, 1.00]","Computational Method","",""
57741,"57741.5","Salmonella enterica subsp. enterica serovar Blockley strain 05-0359","ciprofloxacin","","0.03125","","0.03125","mg/L","","","","","","","MIC XGBoost Model","202503101","W1 score: 0.88, CI[0.86, 0.90]","Computational Method","",""
57741,"57741.5","Salmonella enterica subsp. enterica serovar Blockley strain 05-0359","ceftriaxone","","0.25","","0.25","mg/L","","","","","","","MIC XGBoost Model","202503101","W1 score: 0.95, CI[0.94, 0.96]","Computational Method","",""
57741,"57741.5","Salmonella enterica subsp. enterica serovar Blockley strain 05-0359","cefotaxime","","0.5","","0.5","mg/L","","","","","","","MIC XGBoost Model","202503101","W1 score: 0.95, CI[0.89, 1.00]","Computational Method","",""
57741,"57741.5","Salmonella enterica subsp. enterica serovar Blockley strain 05-0359","sulfisoxazole","","32.0","","32.0","mg/L","","","","","","","MIC XGBoost Model","202503101","W1 score: 0.98, CI[0.97, 0.99]","Computational Method","",""
57741,"57741.5","Salmonella enterica subsp. enterica serovar Blockley strain 05-0359","cefoxitin","","2.0","","2.0","mg/L","","","","","","","MIC XGBoost Model","202503101","W1 score: 0.98, CI[0.97, 1.00]","Computational Method","",""
57741,"57741.5","Salmonella enterica subsp. enterica serovar Blockley strain 05-0359","gentamicin","","0.5","","0.5","mg/L","","","","","","","MIC XGBoost Model","202503101","W1 score: 0.97, CI[0.95, 0.99]","Computational Method","",""
57741,"57741.5","Salmonella enterica subsp. enterica serovar Blockley strain 05-0359","kanamycin","","8.0","","8.0","mg/L","","","","","","","MIC XGBoost Model","202503101","W1 score: 0.99, CI[0.98, 1.01]","Computational Method","",""
57741,"57741.5","Salmonella enterica subsp. enterica serovar Blockley strain 05-0359","meropenem","","0.0625","","0.0625","mg/L","","","","","","","MIC XGBoost Model","202503101","W1 score: 0.95, CI[0.90, 1.01]","Computational Method","",""
57741,"57741.5","Salmonella enterica subsp. enterica serovar Blockley strain 05-0359","nalidixic acid","","8.0","","8.0","mg/L","","","","","","","MIC XGBoost Model","202503101","W1 score: 0.98, CI[0.97, 0.99]","Computational Method","",""
57741,"57741.5","Salmonella enterica subsp. enterica serovar Blockley strain 05-0359","streptomycin","","16.0","","16.0","mg/L","","","","","","","MIC XGBoost Model","202503101","W1 score: 0.92, CI[0.90, 0.93]","Computational Method","",""
57741,"57741.5","Salmonella enterica subsp. enterica serovar Blockley strain 05-0359","tetracycline","","4.0","","4.0","mg/L","","","","","","","MIC XGBoost Model","202503101","W1 score: 0.99, CI[0.98, 0.99]","Computational Method","",""
57741,"57741.5","Salmonella enterica subsp. enterica serovar Blockley strain 05-0359","ceftiofur","","1.0","","1.0","mg/L","","","","","","","MIC XGBoost Model","202503101","W1 score: 0.99, CI[0.98, 0.99]","Computational Method","",""
57741,"57741.6","Salmonella enterica subsp. enterica serovar Blockley strain 06-0637","amoxicillin/clavulanic acid","","2.0","","2.0","mg/L","","","","","","","MIC XGBoost Model","202503101","W1 score: 0.98, CI[0.96, 0.99]","Computational Method","",""
57741,"57741.6","Salmonella enterica subsp. enterica serovar Blockley strain 06-0637","ampicillin","","8.0","","8.0","mg/L","","","","","","","MIC XGBoost Model","202503101","W1 score: 0.96, CI[0.95, 0.97]","Computational Method","",""
57741,"57741.6","Salmonella enterica subsp. enterica serovar Blockley strain 06-0637","azithromycin","","4.0","","4.0","mg/L","","","","","","","MIC XGBoost Model","202503101","W1 score: 0.99, CI[0.98, 1.00]","Computational Method","",""
57741,"57741.6","Salmonella enterica subsp. enterica serovar Blockley strain 06-0637","ceftazidime","","4.0","","4.0","mg/L","","","","","","","MIC XGBoost Model","202503101","W1 score: 0.93, CI[0.88, 0.99]","Computational Method","",""
57741,"57741.6","Salmonella enterica subsp. enterica serovar Blockley strain 06-0637","chloramphenicol","","8.0","","8.0","mg/L","","","","","","","MIC XGBoost Model","202503101","W1 score: 0.99, CI[0.98, 1.00]","Computational Method","",""
57741,"57741.6","Salmonella enterica subsp. enterica serovar Blockley strain 06-0637","ciprofloxacin","","0.015625","","0.015625","mg/L","","","","","","","MIC XGBoost Model","202503101","W1 score: 0.88, CI[0.86, 0.90]","Computational Method","",""
57741,"57741.6","Salmonella enterica subsp. enterica serovar Blockley strain 06-0637","ceftriaxone","","0.25","","0.25","mg/L","","","","","","","MIC XGBoost Model","202503101","W1 score: 0.95, CI[0.94, 0.96]","Computational Method","",""
57741,"57741.6","Salmonella enterica subsp. enterica serovar Blockley strain 06-0637","cefotaxime","","4.0","","4.0","mg/L","","","","","","","MIC XGBoost Model","202503101","W1 score: 0.95, CI[0.89, 1.00]","Computational Method","",""
57741,"57741.6","Salmonella enterica subsp. enterica serovar Blockley strain 06-0637","sulfisoxazole","","32.0","","32.0","mg/L","","","","","","","MIC XGBoost Model","202503101","W1 score: 0.98, CI[0.97, 0.99]","Computational Method","",""
57741,"57741.6","Salmonella enterica subsp. enterica serovar Blockley strain 06-0637","cefoxitin","","4.0","","4.0","mg/L","","","","","","","MIC XGBoost Model","202503101","W1 score: 0.98, CI[0.97, 1.00]","Computational Method","",""
57741,"57741.6","Salmonella enterica subsp. enterica serovar Blockley strain 06-0637","gentamicin","","0.5","","0.5","mg/L","","","","","","","MIC XGBoost Model","202503101","W1 score: 0.97, CI[0.95, 0.99]","Computational Method","",""
57741,"57741.6","Salmonella enterica subsp. enterica serovar Blockley strain 06-0637","kanamycin","","8.0","","8.0","mg/L","","","","","","","MIC XGBoost Model","202503101","W1 score: 0.99, CI[0.98, 1.01]","Computational Method","",""
57741,"57741.6","Salmonella enterica subsp. enterica serovar Blockley strain 06-0637","meropenem","","4.0","","4.0","mg/L","","","","","","","MIC XGBoost Model","202503101","W1 score: 0.95, CI[0.90, 1.01]","Computational Method","",""
57741,"57741.6","Salmonella enterica subsp. enterica serovar Blockley strain 06-0637","nalidixic acid","","4.0","","4.0","mg/L","","","","","","","MIC XGBoost Model","202503101","W1 score: 0.98, CI[0.97, 0.99]","Computational Method","",""
57741,"57741.6","Salmonella enterica subsp. enterica serovar Blockley strain 06-0637","streptomycin","","16.0","","16.0","mg/L","","","","","","","MIC XGBoost Model","202503101","W1 score: 0.92, CI[0.90, 0.93]","Computational Method","",""
57741,"57741.6","Salmonella enterica subsp. enterica serovar Blockley strain 06-0637","tetracycline","","8.0","","8.0","mg/L","","","","","","","MIC XGBoost Model","202503101","W1 score: 0.99, CI[0.98, 0.99]","Computational Method","",""
57741,"57741.6","Salmonella enterica subsp. enterica serovar Blockley strain 06-0637","ceftiofur","","1.0","","1.0","mg/L","","","","","","","MIC XGBoost Model","202503101","W1 score: 0.99, CI[0.98, 0.99]","Computational Method","",""
57741,"57741.7","Salmonella enterica subsp. enterica serovar Blockley strain 79-1229","amoxicillin/clavulanic acid","","1.0","","1.0","mg/L","","","","","","","MIC XGBoost Model","202503101","W1 score: 0.98, CI[0.96, 0.99]","Computational Method","",""
57741,"57741.7","Salmonella enterica subsp. enterica serovar Blockley strain 79-1229","ampicillin","","2.0","","2.0","mg/L","","","","","","","MIC XGBoost Model","202503101","W1 score: 0.96, CI[0.95, 0.97]","Computational Method","",""
57741,"57741.7","Salmonella enterica subsp. enterica serovar Blockley strain 79-1229","azithromycin","","4.0","","4.0","mg/L","","","","","","","MIC XGBoost Model","202503101","W1 score: 0.99, CI[0.98, 1.00]","Computational Method","",""
57741,"57741.7","Salmonella enterica subsp. enterica serovar Blockley strain 79-1229","ceftazidime","","4.0","","4.0","mg/L","","","","","","","MIC XGBoost Model","202503101","W1 score: 0.93, CI[0.88, 0.99]","Computational Method","",""
57741,"57741.7","Salmonella enterica subsp. enterica serovar Blockley strain 79-1229","chloramphenicol","","4.0","","4.0","mg/L","","","","","","","MIC XGBoost Model","202503101","W1 score: 0.99, CI[0.98, 1.00]","Computational Method","",""
57741,"57741.7","Salmonella enterica subsp. enterica serovar Blockley strain 79-1229","ciprofloxacin","","0.03125","","0.03125","mg/L","","","","","","","MIC XGBoost Model","202503101","W1 score: 0.88, CI[0.86, 0.90]","Computational Method","",""
57741,"57741.7","Salmonella enterica subsp. enterica serovar Blockley strain 79-1229","ceftriaxone","","0.25","","0.25","mg/L","","","","","","","MIC XGBoost Model","202503101","W1 score: 0.95, CI[0.94, 0.96]","Computational Method","",""
57741,"57741.7","Salmonella enterica subsp. enterica serovar Blockley strain 79-1229","cefotaxime","","0.5","","0.5","mg/L","","","","","","","MIC XGBoost Model","202503101","W1 score: 0.95, CI[0.89, 1.00]","Computational Method","",""
57741,"57741.7","Salmonella enterica subsp. enterica serovar Blockley strain 79-1229","sulfisoxazole","","32.0","","32.0","mg/L","","","","","","","MIC XGBoost Model","202503101","W1 score: 0.98, CI[0.97, 0.99]","Computational Method","",""
57741,"57741.7","Salmonella enterica subsp. enterica serovar Blockley strain 79-1229","cefoxitin","","2.0","","2.0","mg/L","","","","","","","MIC XGBoost Model","202503101","W1 score: 0.98, CI[0.97, 1.00]","Computational Method","",""
57741,"57741.7","Salmonella enterica subsp. enterica serovar Blockley strain 79-1229","gentamicin","","0.5","","0.5","mg/L","","","","","","","MIC XGBoost Model","202503101","W1 score: 0.97, CI[0.95, 0.99]","Computational Method","",""
57741,"57741.7","Salmonella enterica subsp. enterica serovar Blockley strain 79-1229","kanamycin","","8.0","","8.0","mg/L","","","","","","","MIC XGBoost Model","202503101","W1 score: 0.99, CI[0.98, 1.01]","Computational Method","",""
57741,"57741.7","Salmonella enterica subsp. enterica serovar Blockley strain 79-1229","meropenem","","0.0625","","0.0625","mg/L","","","","","","","MIC XGBoost Model","202503101","W1 score: 0.95, CI[0.90, 1.01]","Computational Method","",""
57741,"57741.7","Salmonella enterica subsp. enterica serovar Blockley strain 79-1229","nalidixic acid","","8.0","","8.0","mg/L","","","","","","","MIC XGBoost Model","202503101","W1 score: 0.98, CI[0.97, 0.99]","Computational Method","",""
57741,"57741.7","Salmonella enterica subsp. enterica serovar Blockley strain 79-1229","streptomycin","","16.0","","16.0","mg/L","","","","","","","MIC XGBoost Model","202503101","W1 score: 0.92, CI[0.90, 0.93]","Computational Method","",""
57741,"57741.7","Salmonella enterica subsp. enterica serovar Blockley strain 79-1229","tetracycline","","4.0","","4.0","mg/L","","","","","","","MIC XGBoost Model","202503101","W1 score: 0.99, CI[0.98, 0.99]","Computational Method","",""
57741,"57741.7","Salmonella enterica subsp. enterica serovar Blockley strain 79-1229","ceftiofur","","1.0","","1.0","mg/L","","","","","","","MIC XGBoost Model","202503101","W1 score: 0.99, CI[0.98, 0.99]","Computational Method","",""
57741,"57741.8","Salmonella enterica subsp. enterica serovar Blockley strain BCW_2880","amoxicillin/clavulanic acid","","16.0","","16.0","mg/L","","","","","","","MIC XGBoost Model","202503101","W1 score: 0.98, CI[0.96, 0.99]","Computational Method","",""
57741,"57741.8","Salmonella enterica subsp. enterica serovar Blockley strain BCW_2880","ampicillin","","64.0","","64.0","mg/L","","","","","","","MIC XGBoost Model","202503101","W1 score: 0.96, CI[0.95, 0.97]","Computational Method","",""
57741,"57741.8","Salmonella enterica subsp. enterica serovar Blockley strain BCW_2880","azithromycin","","4.0","","4.0","mg/L","","","","","","","MIC XGBoost Model","202503101","W1 score: 0.99, CI[0.98, 1.00]","Computational Method","",""
57741,"57741.8","Salmonella enterica subsp. enterica serovar Blockley strain BCW_2880","ceftazidime","","1.0","","1.0","mg/L","","","","","","","MIC XGBoost Model","202503101","W1 score: 0.93, CI[0.88, 0.99]","Computational Method","",""
57741,"57741.8","Salmonella enterica subsp. enterica serovar Blockley strain BCW_2880","chloramphenicol","","4.0","","4.0","mg/L","","","","","","","MIC XGBoost Model","202503101","W1 score: 0.99, CI[0.98, 1.00]","Computational Method","",""
57741,"57741.8","Salmonella enterica subsp. enterica serovar Blockley strain BCW_2880","ciprofloxacin","","0.03125","","0.03125","mg/L","","","","","","","MIC XGBoost Model","202503101","W1 score: 0.88, CI[0.86, 0.90]","Computational Method","",""
57741,"57741.8","Salmonella enterica subsp. enterica serovar Blockley strain BCW_2880","ceftriaxone","","1.0","","1.0","mg/L","","","","","","","MIC XGBoost Model","202503101","W1 score: 0.95, CI[0.94, 0.96]","Computational Method","",""
57741,"57741.8","Salmonella enterica subsp. enterica serovar Blockley strain BCW_2880","cefotaxime","","0.5","","0.5","mg/L","","","","","","","MIC XGBoost Model","202503101","W1 score: 0.95, CI[0.89, 1.00]","Computational Method","",""
57741,"57741.8","Salmonella enterica subsp. enterica serovar Blockley strain BCW_2880","sulfisoxazole","","32.0","","32.0","mg/L","","","","","","","MIC XGBoost Model","202503101","W1 score: 0.98, CI[0.97, 0.99]","Computational Method","",""
57741,"57741.8","Salmonella enterica subsp. enterica serovar Blockley strain BCW_2880","cefoxitin","","2.0","","2.0","mg/L","","","","","","","MIC XGBoost Model","202503101","W1 score: 0.98, CI[0.97, 1.00]","Computational Method","",""
57741,"57741.8","Salmonella enterica subsp. enterica serovar Blockley strain BCW_2880","gentamicin","","0.5","","0.5","mg/L","","","","","","","MIC XGBoost Model","202503101","W1 score: 0.97, CI[0.95, 0.99]","Computational Method","",""
57741,"57741.8","Salmonella enterica subsp. enterica serovar Blockley strain BCW_2880","kanamycin","","8.0","","8.0","mg/L","","","","","","","MIC XGBoost Model","202503101","W1 score: 0.99, CI[0.98, 1.01]","Computational Method","",""
57741,"57741.8","Salmonella enterica subsp. enterica serovar Blockley strain BCW_2880","meropenem","","0.0625","","0.0625","mg/L","","","","","","","MIC XGBoost Model","202503101","W1 score: 0.95, CI[0.90, 1.01]","Computational Method","",""
57741,"57741.8","Salmonella enterica subsp. enterica serovar Blockley strain BCW_2880","nalidixic acid","","4.0","","4.0","mg/L","","","","","","","MIC XGBoost Model","202503101","W1 score: 0.98, CI[0.97, 0.99]","Computational Method","",""
57741,"57741.8","Salmonella enterica subsp. enterica serovar Blockley strain BCW_2880","streptomycin","","16.0","","16.0","mg/L","","","","","","","MIC XGBoost Model","202503101","W1 score: 0.92, CI[0.90, 0.93]","Computational Method","",""
57741,"57741.8","Salmonella enterica subsp. enterica serovar Blockley strain BCW_2880","tetracycline","","8.0","","8.0","mg/L","","","","","","","MIC XGBoost Model","202503101","W1 score: 0.99, CI[0.98, 0.99]","Computational Method","",""
57741,"57741.8","Salmonella enterica subsp. enterica serovar Blockley strain BCW_2880","ceftiofur","","1.0","","1.0","mg/L","","","","","","","MIC XGBoost Model","202503101","W1 score: 0.99, CI[0.98, 0.99]","Computational Method","",""
57741,"57741.9","Salmonella enterica subsp. enterica serovar Blockley strain NCTR341","amoxicillin/clavulanic acid","","1.0","","1.0","mg/L","","","","","","","MIC XGBoost Model","202503101","W1 score: 0.98, CI[0.96, 0.99]","Computational Method","",""
57741,"57741.9","Salmonella enterica subsp. enterica serovar Blockley strain NCTR341","ampicillin","","2.0","","2.0","mg/L","","","","","","","MIC XGBoost Model","202503101","W1 score: 0.96, CI[0.95, 0.97]","Computational Method","",""
57741,"57741.9","Salmonella enterica subsp. enterica serovar Blockley strain NCTR341","azithromycin","","4.0","","4.0","mg/L","","","","","","","MIC XGBoost Model","202503101","W1 score: 0.99, CI[0.98, 1.00]","Computational Method","",""
57741,"57741.9","Salmonella enterica subsp. enterica serovar Blockley strain NCTR341","ceftazidime","","4.0","","4.0","mg/L","","","","","","","MIC XGBoost Model","202503101","W1 score: 0.93, CI[0.88, 0.99]","Computational Method","",""
57741,"57741.9","Salmonella enterica subsp. enterica serovar Blockley strain NCTR341","chloramphenicol","","4.0","","4.0","mg/L","","","","","","","MIC XGBoost Model","202503101","W1 score: 0.99, CI[0.98, 1.00]","Computational Method","",""
57741,"57741.9","Salmonella enterica subsp. enterica serovar Blockley strain NCTR341","ciprofloxacin","","0.5","","0.5","mg/L","","","","","","","MIC XGBoost Model","202503101","W1 score: 0.88, CI[0.86, 0.90]","Computational Method","",""
57741,"57741.9","Salmonella enterica subsp. enterica serovar Blockley strain NCTR341","ceftriaxone","","0.25","","0.25","mg/L","","","","","","","MIC XGBoost Model","202503101","W1 score: 0.95, CI[0.94, 0.96]","Computational Method","",""
57741,"57741.9","Salmonella enterica subsp. enterica serovar Blockley strain NCTR341","cefotaxime","","0.5","","0.5","mg/L","","","","","","","MIC XGBoost Model","202503101","W1 score: 0.95, CI[0.89, 1.00]","Computational Method","",""
57741,"57741.9","Salmonella enterica subsp. enterica serovar Blockley strain NCTR341","sulfisoxazole","","64.0","","64.0","mg/L","","","","","","","MIC XGBoost Model","202503101","W1 score: 0.98, CI[0.97, 0.99]","Computational Method","",""
57741,"57741.9","Salmonella enterica subsp. enterica serovar Blockley strain NCTR341","cefoxitin","","2.0","","2.0","mg/L","","","","","","","MIC XGBoost Model","202503101","W1 score: 0.98, CI[0.97, 1.00]","Computational Method","",""
57741,"57741.9","Salmonella enterica subsp. enterica serovar Blockley strain NCTR341","gentamicin","","1.0","","1.0","mg/L","","","","","","","MIC XGBoost Model","202503101","W1 score: 0.97, CI[0.95, 0.99]","Computational Method","",""
57741,"57741.9","Salmonella enterica subsp. enterica serovar Blockley strain NCTR341","kanamycin","","64.0","","64.0","mg/L","","","","","","","MIC XGBoost Model","202503101","W1 score: 0.99, CI[0.98, 1.01]","Computational Method","",""
57741,"57741.9","Salmonella enterica subsp. enterica serovar Blockley strain NCTR341","meropenem","","0.0625","","0.0625","mg/L","","","","","","","MIC XGBoost Model","202503101","W1 score: 0.95, CI[0.90, 1.01]","Computational Method","",""
57741,"57741.9","Salmonella enterica subsp. enterica serovar Blockley strain NCTR341","nalidixic acid","","16.0","","16.0","mg/L","","","","","","","MIC XGBoost Model","202503101","W1 score: 0.98, CI[0.97, 0.99]","Computational Method","",""
57741,"57741.9","Salmonella enterica subsp. enterica serovar Blockley strain NCTR341","streptomycin","","64.0","","64.0","mg/L","","","","","","","MIC XGBoost Model","202503101","W1 score: 0.92, CI[0.90, 0.93]","Computational Method","",""
57741,"57741.9","Salmonella enterica subsp. enterica serovar Blockley strain NCTR341","tetracycline","","32.0","","32.0","mg/L","","","","","","","MIC XGBoost Model","202503101","W1 score: 0.99, CI[0.98, 0.99]","Computational Method","",""
57741,"57741.9","Salmonella enterica subsp. enterica serovar Blockley strain NCTR341","ceftiofur","","1.0","","1.0","mg/L","","","","","","","MIC XGBoost Model","202503101","W1 score: 0.99, CI[0.98, 0.99]","Computational Method","",""
57741,"57741.10","Salmonella enterica subsp. enterica serovar Blockley strain NCTR361","trimethoprim/sulfamethoxazole","","1.0","","1.0","mg/L","","","","","","","MIC XGBoost Model","202503101","W1 score: 0.96, CI[0.95, 0.97]","Computational Method","",""
57741,"57741.11","Salmonella enterica subsp. enterica serovar Blockley strain 159838","trimethoprim/sulfamethoxazole","","1.0","","1.0","mg/L","","","","","","","MIC XGBoost Model","202503101","W1 score: 0.96, CI[0.95, 0.97]","Computational Method","",""
57741,"57741.12","Salmonella enterica subsp. enterica serovar Blockley strain 163013","trimethoprim/sulfamethoxazole","","32.0","","32.0","mg/L","","","","","","","MIC XGBoost Model","202503101","W1 score: 0.96, CI[0.95, 0.97]","Computational Method","",""
57741,"57741.13","Salmonella enterica subsp. enterica serovar Blockley strain 159838","trimethoprim/sulfamethoxazole","","32.0","","32.0","mg/L","","","","","","","MIC XGBoost Model","202503101","W1 score: 0.96, CI[0.95, 0.97]","Computational Method","",""
57741,"57741.21","Salmonella enterica subsp. enterica serovar Blockley R18.0186","trimethoprim/sulfamethoxazole","","1.0","","1.0","mg/L","","","","","","","MIC XGBoost Model","202503101","W1 score: 0.96, CI[0.95, 0.97]","Computational Method","",""
57741,"57741.22","Salmonella enterica subsp. enterica serovar Blockley R17.0776","trimethoprim/sulfamethoxazole","","1.0","","1.0","mg/L","","","","","","","MIC XGBoost Model","202503101","W1 score: 0.96, CI[0.95, 0.97]","Computational Method","",""
57741,"57741.3","Salmonella enterica subsp. enterica serovar Blockley strain 86-0206","trimethoprim/sulfamethoxazole","","0.25","","0.25","mg/L","","","","","","","MIC XGBoost Model","202503101","W1 score: 0.96, CI[0.95, 0.97]","Computational Method","",""
57741,"57741.4","Salmonella enterica subsp. enterica serovar Blockley strain 67-3024","trimethoprim/sulfamethoxazole","","0.25","","0.25","mg/L","","","","","","","MIC XGBoost Model","202503101","W1 score: 0.96, CI[0.95, 0.97]","Computational Method","",""
57741,"57741.5","Salmonella enterica subsp. enterica serovar Blockley strain 05-0359","trimethoprim/sulfamethoxazole","","0.25","","0.25","mg/L","","","","","","","MIC XGBoost Model","202503101","W1 score: 0.96, CI[0.95, 0.97]","Computational Method","",""
57741,"57741.6","Salmonella enterica subsp. enterica serovar Blockley strain 06-0637","trimethoprim/sulfamethoxazole","","0.25","","0.25","mg/L","","","","","","","MIC XGBoost Model","202503101","W1 score: 0.96, CI[0.95, 0.97]","Computational Method","",""
57741,"57741.7","Salmonella enterica subsp. enterica serovar Blockley strain 79-1229","trimethoprim/sulfamethoxazole","","0.25","","0.25","mg/L","","","","","","","MIC XGBoost Model","202503101","W1 score: 0.96, CI[0.95, 0.97]","Computational Method","",""
57741,"57741.8","Salmonella enterica subsp. enterica serovar Blockley strain BCW_2880","trimethoprim/sulfamethoxazole","","0.25","","0.25","mg/L","","","","","","","MIC XGBoost Model","202503101","W1 score: 0.96, CI[0.95, 0.97]","Computational Method","",""
57741,"57741.9","Salmonella enterica subsp. enterica serovar Blockley strain NCTR341","trimethoprim/sulfamethoxazole","","1.0","","1.0","mg/L","","","","","","","MIC XGBoost Model","202503101","W1 score: 0.96, CI[0.95, 0.97]","Computational Method","",""
57741,"57741.10","Salmonella enterica subsp. enterica serovar Blockley strain NCTR361","trimethoprim/sulfamethoxazole","Susceptible","","","","","","","","","","","SIR XGBoost Model","202503101","F1 score: 0.85, CI[0.82, 0.88]","Computational Method","",""
57741,"57741.11","Salmonella enterica subsp. enterica serovar Blockley strain 159838","trimethoprim/sulfamethoxazole","Susceptible","","","","","","","","","","","SIR XGBoost Model","202503101","F1 score: 0.85, CI[0.82, 0.88]","Computational Method","",""
57741,"57741.12","Salmonella enterica subsp. enterica serovar Blockley strain 163013","trimethoprim/sulfamethoxazole","Susceptible","","","","","","","","","","","SIR XGBoost Model","202503101","F1 score: 0.85, CI[0.82, 0.88]","Computational Method","",""
57741,"57741.13","Salmonella enterica subsp. enterica serovar Blockley strain 159838","trimethoprim/sulfamethoxazole","Susceptible","","","","","","","","","","","SIR XGBoost Model","202503101","F1 score: 0.85, CI[0.82, 0.88]","Computational Method","",""
57741,"57741.21","Salmonella enterica subsp. enterica serovar Blockley R18.0186","trimethoprim/sulfamethoxazole","Susceptible","","","","","","","","","","","SIR XGBoost Model","202503101","F1 score: 0.85, CI[0.82, 0.88]","Computational Method","",""
57741,"57741.22","Salmonella enterica subsp. enterica serovar Blockley R17.0776","trimethoprim/sulfamethoxazole","Susceptible","","","","","","","","","","","SIR XGBoost Model","202503101","F1 score: 0.85, CI[0.82, 0.88]","Computational Method","",""
57741,"57741.3","Salmonella enterica subsp. enterica serovar Blockley strain 86-0206","trimethoprim/sulfamethoxazole","Susceptible","","","","","","","","","","","SIR XGBoost Model","202503101","F1 score: 0.85, CI[0.82, 0.88]","Computational Method","",""
57741,"57741.4","Salmonella enterica subsp. enterica serovar Blockley strain 67-3024","trimethoprim/sulfamethoxazole","Susceptible","","","","","","","","","","","SIR XGBoost Model","202503101","F1 score: 0.85, CI[0.82, 0.88]","Computational Method","",""
57741,"57741.5","Salmonella enterica subsp. enterica serovar Blockley strain 05-0359","trimethoprim/sulfamethoxazole","Susceptible","","","","","","","","","","","SIR XGBoost Model","202503101","F1 score: 0.85, CI[0.82, 0.88]","Computational Method","",""
57741,"57741.6","Salmonella enterica subsp. enterica serovar Blockley strain 06-0637","trimethoprim/sulfamethoxazole","Susceptible","","","","","","","","","","","SIR XGBoost Model","202503101","F1 score: 0.85, CI[0.82, 0.88]","Computational Method","",""
57741,"57741.7","Salmonella enterica subsp. enterica serovar Blockley strain 79-1229","trimethoprim/sulfamethoxazole","Susceptible","","","","","","","","","","","SIR XGBoost Model","202503101","F1 score: 0.85, CI[0.82, 0.88]","Computational Method","",""
57741,"57741.8","Salmonella enterica subsp. enterica serovar Blockley strain BCW_2880","trimethoprim/sulfamethoxazole","Susceptible","","","","","","","","","","","SIR XGBoost Model","202503101","F1 score: 0.85, CI[0.82, 0.88]","Computational Method","",""
57741,"57741.9","Salmonella enterica subsp. enterica serovar Blockley strain NCTR341","trimethoprim/sulfamethoxazole","Susceptible","","","","","","","","","","","SIR XGBoost Model","202503101","F1 score: 0.85, CI[0.82, 0.88]","Computational Method","",""
57741,"57741.10","Salmonella enterica subsp. enterica serovar Blockley strain NCTR361","amoxicillin/clavulanic acid","Susceptible","","","","","","","","","","","SIR XGBoost Model","202503101","F1 score: 0.96, CI[0.95, 0.97]","Computational Method","",""
57741,"57741.10","Salmonella enterica subsp. enterica serovar Blockley strain NCTR361","ampicillin","Susceptible","","","","","","","","","","","SIR XGBoost Model","202503101","F1 score: 0.93, CI[0.92, 0.93]","Computational Method","",""
57741,"57741.10","Salmonella enterica subsp. enterica serovar Blockley strain NCTR361","azithromycin","Resistant","","","","","","","","","","","SIR XGBoost Model","202503101","F1 score: 0.92, CI[0.87, 0.98]","Computational Method","",""
57741,"57741.10","Salmonella enterica subsp. enterica serovar Blockley strain NCTR361","chloramphenicol","Susceptible","","","","","","","","","","","SIR XGBoost Model","202503101","F1 score: 0.90, CI[0.88, 0.91]","Computational Method","",""
57741,"57741.10","Salmonella enterica subsp. enterica serovar Blockley strain NCTR361","ciprofloxacin","Susceptible","","","","","","","","","","","SIR XGBoost Model","202503101","F1 score: 0.95, CI[0.93, 0.96]","Computational Method","",""
57741,"57741.10","Salmonella enterica subsp. enterica serovar Blockley strain NCTR361","ceftriaxone","Resistant","","","","","","","","","","","SIR XGBoost Model","202503101","F1 score: 0.98, CI[0.97, 1.00]","Computational Method","",""
57741,"57741.10","Salmonella enterica subsp. enterica serovar Blockley strain NCTR361","cefotaxime","Susceptible","","","","","","","","","","","SIR XGBoost Model","202503101","F1 score: 0.95, CI[0.90, 0.99]","Computational Method","",""
57741,"57741.10","Salmonella enterica subsp. enterica serovar Blockley strain NCTR361","sulfisoxazole","Susceptible","","","","","","","","","","","SIR XGBoost Model","202503101","F1 score: 0.99, CI[0.98, 1.00]","Computational Method","",""
57741,"57741.10","Salmonella enterica subsp. enterica serovar Blockley strain NCTR361","cefoxitin","Susceptible","","","","","","","","","","","SIR XGBoost Model","202503101","F1 score: 0.96, CI[0.93, 0.99]","Computational Method","",""
57741,"57741.10","Salmonella enterica subsp. enterica serovar Blockley strain NCTR361","gentamicin","Susceptible","","","","","","","","","","","SIR XGBoost Model","202503101","F1 score: 0.92, CI[0.89, 0.95]","Computational Method","",""
57741,"57741.10","Salmonella enterica subsp. enterica serovar Blockley strain NCTR361","kanamycin","Resistant","","","","","","","","","","","SIR XGBoost Model","202503101","F1 score: 0.86, CI[0.77, 0.95]","Computational Method","",""
57741,"57741.10","Salmonella enterica subsp. enterica serovar Blockley strain NCTR361","nalidixic acid","Resistant","","","","","","","","","","","SIR XGBoost Model","202503101","F1 score: 0.95, CI[0.93, 0.96]","Computational Method","",""
57741,"57741.10","Salmonella enterica subsp. enterica serovar Blockley strain NCTR361","pefloxacin","Resistant","","","","","","","","","","","SIR XGBoost Model","202503101","F1 score: 0.98, CI[0.96, 1.00]","Computational Method","",""
57741,"57741.10","Salmonella enterica subsp. enterica serovar Blockley strain NCTR361","sulfamethoxazole","Susceptible","","","","","","","","","","","SIR XGBoost Model","202503101","F1 score: 0.95, CI[0.93, 0.97]","Computational Method","",""
57741,"57741.10","Salmonella enterica subsp. enterica serovar Blockley strain NCTR361","spectinomycin","Susceptible","","","","","","","","","","","SIR XGBoost Model","202503101","F1 score: 0.94, CI[0.90, 0.98]","Computational Method","",""
57741,"57741.10","Salmonella enterica subsp. enterica serovar Blockley strain NCTR361","streptomycin","Resistant","","","","","","","","","","","SIR XGBoost Model","202503101","F1 score: 0.94, CI[0.93, 0.96]","Computational Method","",""
57741,"57741.10","Salmonella enterica subsp. enterica serovar Blockley strain NCTR361","tetracycline","Resistant","","","","","","","","","","","SIR XGBoost Model","202503101","F1 score: 0.97, CI[0.96, 0.98]","Computational Method","",""
57741,"57741.10","Salmonella enterica subsp. enterica serovar Blockley strain NCTR361","ceftiofur","Susceptible","","","","","","","","","","","SIR XGBoost Model","202503101","F1 score: 0.98, CI[0.97, 1.00]","Computational Method","",""
57741,"57741.10","Salmonella enterica subsp. enterica serovar Blockley strain NCTR361","trimethoprim","Susceptible","","","","","","","","","","","SIR XGBoost Model","202503101","F1 score: 0.86, CI[0.78, 0.93]","Computational Method","",""
57741,"57741.11","Salmonella enterica subsp. enterica serovar Blockley strain 159838","amoxicillin/clavulanic acid","Susceptible","","","","","","","","","","","SIR XGBoost Model","202503101","F1 score: 0.96, CI[0.95, 0.97]","Computational Method","",""
57741,"57741.11","Salmonella enterica subsp. enterica serovar Blockley strain 159838","ampicillin","Susceptible","","","","","","","","","","","SIR XGBoost Model","202503101","F1 score: 0.93, CI[0.92, 0.93]","Computational Method","",""
57741,"57741.11","Salmonella enterica subsp. enterica serovar Blockley strain 159838","azithromycin","Resistant","","","","","","","","","","","SIR XGBoost Model","202503101","F1 score: 0.92, CI[0.87, 0.98]","Computational Method","",""
57741,"57741.11","Salmonella enterica subsp. enterica serovar Blockley strain 159838","chloramphenicol","Susceptible","","","","","","","","","","","SIR XGBoost Model","202503101","F1 score: 0.90, CI[0.88, 0.91]","Computational Method","",""
57741,"57741.11","Salmonella enterica subsp. enterica serovar Blockley strain 159838","ciprofloxacin","Susceptible","","","","","","","","","","","SIR XGBoost Model","202503101","F1 score: 0.95, CI[0.93, 0.96]","Computational Method","",""
57741,"57741.11","Salmonella enterica subsp. enterica serovar Blockley strain 159838","ceftriaxone","Resistant","","","","","","","","","","","SIR XGBoost Model","202503101","F1 score: 0.98, CI[0.97, 1.00]","Computational Method","",""
57741,"57741.11","Salmonella enterica subsp. enterica serovar Blockley strain 159838","cefotaxime","Susceptible","","","","","","","","","","","SIR XGBoost Model","202503101","F1 score: 0.95, CI[0.90, 0.99]","Computational Method","",""
57741,"57741.11","Salmonella enterica subsp. enterica serovar Blockley strain 159838","sulfisoxazole","Susceptible","","","","","","","","","","","SIR XGBoost Model","202503101","F1 score: 0.99, CI[0.98, 1.00]","Computational Method","",""
57741,"57741.11","Salmonella enterica subsp. enterica serovar Blockley strain 159838","cefoxitin","Susceptible","","","","","","","","","","","SIR XGBoost Model","202503101","F1 score: 0.96, CI[0.93, 0.99]","Computational Method","",""
57741,"57741.11","Salmonella enterica subsp. enterica serovar Blockley strain 159838","gentamicin","Susceptible","","","","","","","","","","","SIR XGBoost Model","202503101","F1 score: 0.92, CI[0.89, 0.95]","Computational Method","",""
57741,"57741.11","Salmonella enterica subsp. enterica serovar Blockley strain 159838","kanamycin","Resistant","","","","","","","","","","","SIR XGBoost Model","202503101","F1 score: 0.86, CI[0.77, 0.95]","Computational Method","",""
57741,"57741.11","Salmonella enterica subsp. enterica serovar Blockley strain 159838","nalidixic acid","Resistant","","","","","","","","","","","SIR XGBoost Model","202503101","F1 score: 0.95, CI[0.93, 0.96]","Computational Method","",""
57741,"57741.11","Salmonella enterica subsp. enterica serovar Blockley strain 159838","pefloxacin","Resistant","","","","","","","","","","","SIR XGBoost Model","202503101","F1 score: 0.98, CI[0.96, 1.00]","Computational Method","",""
57741,"57741.11","Salmonella enterica subsp. enterica serovar Blockley strain 159838","sulfamethoxazole","Susceptible","","","","","","","","","","","SIR XGBoost Model","202503101","F1 score: 0.95, CI[0.93, 0.97]","Computational Method","",""
57741,"57741.11","Salmonella enterica subsp. enterica serovar Blockley strain 159838","spectinomycin","Susceptible","","","","","","","","","","","SIR XGBoost Model","202503101","F1 score: 0.94, CI[0.90, 0.98]","Computational Method","",""
57741,"57741.11","Salmonella enterica subsp. enterica serovar Blockley strain 159838","streptomycin","Resistant","","","","","","","","","","","SIR XGBoost Model","202503101","F1 score: 0.94, CI[0.93, 0.96]","Computational Method","",""
57741,"57741.11","Salmonella enterica subsp. enterica serovar Blockley strain 159838","tetracycline","Resistant","","","","","","","","","","","SIR XGBoost Model","202503101","F1 score: 0.97, CI[0.96, 0.98]","Computational Method","",""
57741,"57741.11","Salmonella enterica subsp. enterica serovar Blockley strain 159838","ceftiofur","Susceptible","","","","","","","","","","","SIR XGBoost Model","202503101","F1 score: 0.98, CI[0.97, 1.00]","Computational Method","",""
57741,"57741.11","Salmonella enterica subsp. enterica serovar Blockley strain 159838","trimethoprim","Susceptible","","","","","","","","","","","SIR XGBoost Model","202503101","F1 score: 0.86, CI[0.78, 0.93]","Computational Method","",""
57741,"57741.12","Salmonella enterica subsp. enterica serovar Blockley strain 163013","amoxicillin/clavulanic acid","Susceptible","","","","","","","","","","","SIR XGBoost Model","202503101","F1 score: 0.96, CI[0.95, 0.97]","Computational Method","",""
57741,"57741.12","Salmonella enterica subsp. enterica serovar Blockley strain 163013","ampicillin","Susceptible","","","","","","","","","","","SIR XGBoost Model","202503101","F1 score: 0.93, CI[0.92, 0.93]","Computational Method","",""
57741,"57741.12","Salmonella enterica subsp. enterica serovar Blockley strain 163013","azithromycin","Resistant","","","","","","","","","","","SIR XGBoost Model","202503101","F1 score: 0.92, CI[0.87, 0.98]","Computational Method","",""
57741,"57741.12","Salmonella enterica subsp. enterica serovar Blockley strain 163013","chloramphenicol","Susceptible","","","","","","","","","","","SIR XGBoost Model","202503101","F1 score: 0.90, CI[0.88, 0.91]","Computational Method","",""
57741,"57741.12","Salmonella enterica subsp. enterica serovar Blockley strain 163013","ciprofloxacin","Susceptible","","","","","","","","","","","SIR XGBoost Model","202503101","F1 score: 0.95, CI[0.93, 0.96]","Computational Method","",""
57741,"57741.12","Salmonella enterica subsp. enterica serovar Blockley strain 163013","ceftriaxone","Resistant","","","","","","","","","","","SIR XGBoost Model","202503101","F1 score: 0.98, CI[0.97, 1.00]","Computational Method","",""
57741,"57741.12","Salmonella enterica subsp. enterica serovar Blockley strain 163013","cefotaxime","Susceptible","","","","","","","","","","","SIR XGBoost Model","202503101","F1 score: 0.95, CI[0.90, 0.99]","Computational Method","",""
57741,"57741.12","Salmonella enterica subsp. enterica serovar Blockley strain 163013","sulfisoxazole","Susceptible","","","","","","","","","","","SIR XGBoost Model","202503101","F1 score: 0.99, CI[0.98, 1.00]","Computational Method","",""
57741,"57741.12","Salmonella enterica subsp. enterica serovar Blockley strain 163013","cefoxitin","Susceptible","","","","","","","","","","","SIR XGBoost Model","202503101","F1 score: 0.96, CI[0.93, 0.99]","Computational Method","",""
57741,"57741.12","Salmonella enterica subsp. enterica serovar Blockley strain 163013","gentamicin","Susceptible","","","","","","","","","","","SIR XGBoost Model","202503101","F1 score: 0.92, CI[0.89, 0.95]","Computational Method","",""
57741,"57741.12","Salmonella enterica subsp. enterica serovar Blockley strain 163013","kanamycin","Resistant","","","","","","","","","","","SIR XGBoost Model","202503101","F1 score: 0.86, CI[0.77, 0.95]","Computational Method","",""
57741,"57741.12","Salmonella enterica subsp. enterica serovar Blockley strain 163013","nalidixic acid","Resistant","","","","","","","","","","","SIR XGBoost Model","202503101","F1 score: 0.95, CI[0.93, 0.96]","Computational Method","",""
57741,"57741.12","Salmonella enterica subsp. enterica serovar Blockley strain 163013","pefloxacin","Resistant","","","","","","","","","","","SIR XGBoost Model","202503101","F1 score: 0.98, CI[0.96, 1.00]","Computational Method","",""
57741,"57741.12","Salmonella enterica subsp. enterica serovar Blockley strain 163013","sulfamethoxazole","Susceptible","","","","","","","","","","","SIR XGBoost Model","202503101","F1 score: 0.95, CI[0.93, 0.97]","Computational Method","",""
57741,"57741.12","Salmonella enterica subsp. enterica serovar Blockley strain 163013","spectinomycin","Susceptible","","","","","","","","","","","SIR XGBoost Model","202503101","F1 score: 0.94, CI[0.90, 0.98]","Computational Method","",""
57741,"57741.12","Salmonella enterica subsp. enterica serovar Blockley strain 163013","streptomycin","Resistant","","","","","","","","","","","SIR XGBoost Model","202503101","F1 score: 0.94, CI[0.93, 0.96]","Computational Method","",""
57741,"57741.12","Salmonella enterica subsp. enterica serovar Blockley strain 163013","tetracycline","Resistant","","","","","","","","","","","SIR XGBoost Model","202503101","F1 score: 0.97, CI[0.96, 0.98]","Computational Method","",""
57741,"57741.12","Salmonella enterica subsp. enterica serovar Blockley strain 163013","ceftiofur","Susceptible","","","","","","","","","","","SIR XGBoost Model","202503101","F1 score: 0.98, CI[0.97, 1.00]","Computational Method","",""
57741,"57741.12","Salmonella enterica subsp. enterica serovar Blockley strain 163013","trimethoprim","Susceptible","","","","","","","","","","","SIR XGBoost Model","202503101","F1 score: 0.86, CI[0.78, 0.93]","Computational Method","",""
57741,"57741.13","Salmonella enterica subsp. enterica serovar Blockley strain 159838","amoxicillin/clavulanic acid","Susceptible","","","","","","","","","","","SIR XGBoost Model","202503101","F1 score: 0.96, CI[0.95, 0.97]","Computational Method","",""
57741,"57741.13","Salmonella enterica subsp. enterica serovar Blockley strain 159838","ampicillin","Susceptible","","","","","","","","","","","SIR XGBoost Model","202503101","F1 score: 0.93, CI[0.92, 0.93]","Computational Method","",""
57741,"57741.13","Salmonella enterica subsp. enterica serovar Blockley strain 159838","azithromycin","Resistant","","","","","","","","","","","SIR XGBoost Model","202503101","F1 score: 0.92, CI[0.87, 0.98]","Computational Method","",""
57741,"57741.13","Salmonella enterica subsp. enterica serovar Blockley strain 159838","chloramphenicol","Susceptible","","","","","","","","","","","SIR XGBoost Model","202503101","F1 score: 0.90, CI[0.88, 0.91]","Computational Method","",""
57741,"57741.13","Salmonella enterica subsp. enterica serovar Blockley strain 159838","ciprofloxacin","Susceptible","","","","","","","","","","","SIR XGBoost Model","202503101","F1 score: 0.95, CI[0.93, 0.96]","Computational Method","",""
57741,"57741.13","Salmonella enterica subsp. enterica serovar Blockley strain 159838","ceftriaxone","Resistant","","","","","","","","","","","SIR XGBoost Model","202503101","F1 score: 0.98, CI[0.97, 1.00]","Computational Method","",""
57741,"57741.13","Salmonella enterica subsp. enterica serovar Blockley strain 159838","cefotaxime","Susceptible","","","","","","","","","","","SIR XGBoost Model","202503101","F1 score: 0.95, CI[0.90, 0.99]","Computational Method","",""
57741,"57741.13","Salmonella enterica subsp. enterica serovar Blockley strain 159838","sulfisoxazole","Susceptible","","","","","","","","","","","SIR XGBoost Model","202503101","F1 score: 0.99, CI[0.98, 1.00]","Computational Method","",""
57741,"57741.13","Salmonella enterica subsp. enterica serovar Blockley strain 159838","cefoxitin","Susceptible","","","","","","","","","","","SIR XGBoost Model","202503101","F1 score: 0.96, CI[0.93, 0.99]","Computational Method","",""
57741,"57741.13","Salmonella enterica subsp. enterica serovar Blockley strain 159838","gentamicin","Susceptible","","","","","","","","","","","SIR XGBoost Model","202503101","F1 score: 0.92, CI[0.89, 0.95]","Computational Method","",""
57741,"57741.13","Salmonella enterica subsp. enterica serovar Blockley strain 159838","kanamycin","Resistant","","","","","","","","","","","SIR XGBoost Model","202503101","F1 score: 0.86, CI[0.77, 0.95]","Computational Method","",""
57741,"57741.13","Salmonella enterica subsp. enterica serovar Blockley strain 159838","nalidixic acid","Resistant","","","","","","","","","","","SIR XGBoost Model","202503101","F1 score: 0.95, CI[0.93, 0.96]","Computational Method","",""
57741,"57741.13","Salmonella enterica subsp. enterica serovar Blockley strain 159838","pefloxacin","Resistant","","","","","","","","","","","SIR XGBoost Model","202503101","F1 score: 0.98, CI[0.96, 1.00]","Computational Method","",""
57741,"57741.13","Salmonella enterica subsp. enterica serovar Blockley strain 159838","sulfamethoxazole","Susceptible","","","","","","","","","","","SIR XGBoost Model","202503101","F1 score: 0.95, CI[0.93, 0.97]","Computational Method","",""
57741,"57741.13","Salmonella enterica subsp. enterica serovar Blockley strain 159838","spectinomycin","Susceptible","","","","","","","","","","","SIR XGBoost Model","202503101","F1 score: 0.94, CI[0.90, 0.98]","Computational Method","",""
57741,"57741.13","Salmonella enterica subsp. enterica serovar Blockley strain 159838","streptomycin","Resistant","","","","","","","","","","","SIR XGBoost Model","202503101","F1 score: 0.94, CI[0.93, 0.96]","Computational Method","",""
57741,"57741.13","Salmonella enterica subsp. enterica serovar Blockley strain 159838","tetracycline","Resistant","","","","","","","","","","","SIR XGBoost Model","202503101","F1 score: 0.97, CI[0.96, 0.98]","Computational Method","",""
57741,"57741.13","Salmonella enterica subsp. enterica serovar Blockley strain 159838","ceftiofur","Susceptible","","","","","","","","","","","SIR XGBoost Model","202503101","F1 score: 0.98, CI[0.97, 1.00]","Computational Method","",""
57741,"57741.13","Salmonella enterica subsp. enterica serovar Blockley strain 159838","trimethoprim","Susceptible","","","","","","","","","","","SIR XGBoost Model","202503101","F1 score: 0.86, CI[0.78, 0.93]","Computational Method","",""
57741,"57741.21","Salmonella enterica subsp. enterica serovar Blockley R18.0186","amoxicillin/clavulanic acid","Susceptible","","","","","","","","","","","SIR XGBoost Model","202503101","F1 score: 0.96, CI[0.95, 0.97]","Computational Method","",""
57741,"57741.21","Salmonella enterica subsp. enterica serovar Blockley R18.0186","ampicillin","Resistant","","","","","","","","","","","SIR XGBoost Model","202503101","F1 score: 0.93, CI[0.92, 0.93]","Computational Method","",""
57741,"57741.21","Salmonella enterica subsp. enterica serovar Blockley R18.0186","azithromycin","Resistant","","","","","","","","","","","SIR XGBoost Model","202503101","F1 score: 0.92, CI[0.87, 0.98]","Computational Method","",""
57741,"57741.21","Salmonella enterica subsp. enterica serovar Blockley R18.0186","chloramphenicol","Resistant","","","","","","","","","","","SIR XGBoost Model","202503101","F1 score: 0.90, CI[0.88, 0.91]","Computational Method","",""
57741,"57741.21","Salmonella enterica subsp. enterica serovar Blockley R18.0186","ciprofloxacin","Susceptible","","","","","","","","","","","SIR XGBoost Model","202503101","F1 score: 0.95, CI[0.93, 0.96]","Computational Method","",""
57741,"57741.21","Salmonella enterica subsp. enterica serovar Blockley R18.0186","ceftriaxone","Susceptible","","","","","","","","","","","SIR XGBoost Model","202503101","F1 score: 0.98, CI[0.97, 1.00]","Computational Method","",""
57741,"57741.21","Salmonella enterica subsp. enterica serovar Blockley R18.0186","cefotaxime","Susceptible","","","","","","","","","","","SIR XGBoost Model","202503101","F1 score: 0.95, CI[0.90, 0.99]","Computational Method","",""
57741,"57741.21","Salmonella enterica subsp. enterica serovar Blockley R18.0186","sulfisoxazole","Susceptible","","","","","","","","","","","SIR XGBoost Model","202503101","F1 score: 0.99, CI[0.98, 1.00]","Computational Method","",""
57741,"57741.21","Salmonella enterica subsp. enterica serovar Blockley R18.0186","cefoxitin","Susceptible","","","","","","","","","","","SIR XGBoost Model","202503101","F1 score: 0.96, CI[0.93, 0.99]","Computational Method","",""
57741,"57741.21","Salmonella enterica subsp. enterica serovar Blockley R18.0186","gentamicin","Susceptible","","","","","","","","","","","SIR XGBoost Model","202503101","F1 score: 0.92, CI[0.89, 0.95]","Computational Method","",""
57741,"57741.21","Salmonella enterica subsp. enterica serovar Blockley R18.0186","kanamycin","Resistant","","","","","","","","","","","SIR XGBoost Model","202503101","F1 score: 0.86, CI[0.77, 0.95]","Computational Method","",""
57741,"57741.21","Salmonella enterica subsp. enterica serovar Blockley R18.0186","nalidixic acid","Resistant","","","","","","","","","","","SIR XGBoost Model","202503101","F1 score: 0.95, CI[0.93, 0.96]","Computational Method","",""
57741,"57741.21","Salmonella enterica subsp. enterica serovar Blockley R18.0186","pefloxacin","Resistant","","","","","","","","","","","SIR XGBoost Model","202503101","F1 score: 0.98, CI[0.96, 1.00]","Computational Method","",""
57741,"57741.21","Salmonella enterica subsp. enterica serovar Blockley R18.0186","sulfamethoxazole","Susceptible","","","","","","","","","","","SIR XGBoost Model","202503101","F1 score: 0.95, CI[0.93, 0.97]","Computational Method","",""
57741,"57741.21","Salmonella enterica subsp. enterica serovar Blockley R18.0186","spectinomycin","Susceptible","","","","","","","","","","","SIR XGBoost Model","202503101","F1 score: 0.94, CI[0.90, 0.98]","Computational Method","",""
57741,"57741.21","Salmonella enterica subsp. enterica serovar Blockley R18.0186","streptomycin","Resistant","","","","","","","","","","","SIR XGBoost Model","202503101","F1 score: 0.94, CI[0.93, 0.96]","Computational Method","",""
57741,"57741.21","Salmonella enterica subsp. enterica serovar Blockley R18.0186","tetracycline","Resistant","","","","","","","","","","","SIR XGBoost Model","202503101","F1 score: 0.97, CI[0.96, 0.98]","Computational Method","",""
57741,"57741.21","Salmonella enterica subsp. enterica serovar Blockley R18.0186","ceftiofur","Susceptible","","","","","","","","","","","SIR XGBoost Model","202503101","F1 score: 0.98, CI[0.97, 1.00]","Computational Method","",""
57741,"57741.21","Salmonella enterica subsp. enterica serovar Blockley R18.0186","trimethoprim","Susceptible","","","","","","","","","","","SIR XGBoost Model","202503101","F1 score: 0.86, CI[0.78, 0.93]","Computational Method","",""
57741,"57741.22","Salmonella enterica subsp. enterica serovar Blockley R17.0776","amoxicillin/clavulanic acid","Susceptible","","","","","","","","","","","SIR XGBoost Model","202503101","F1 score: 0.96, CI[0.95, 0.97]","Computational Method","",""
57741,"57741.22","Salmonella enterica subsp. enterica serovar Blockley R17.0776","ampicillin","Resistant","","","","","","","","","","","SIR XGBoost Model","202503101","F1 score: 0.93, CI[0.92, 0.93]","Computational Method","",""
57741,"57741.22","Salmonella enterica subsp. enterica serovar Blockley R17.0776","azithromycin","Resistant","","","","","","","","","","","SIR XGBoost Model","202503101","F1 score: 0.92, CI[0.87, 0.98]","Computational Method","",""
57741,"57741.22","Salmonella enterica subsp. enterica serovar Blockley R17.0776","chloramphenicol","Resistant","","","","","","","","","","","SIR XGBoost Model","202503101","F1 score: 0.90, CI[0.88, 0.91]","Computational Method","",""
57741,"57741.22","Salmonella enterica subsp. enterica serovar Blockley R17.0776","ciprofloxacin","Susceptible","","","","","","","","","","","SIR XGBoost Model","202503101","F1 score: 0.95, CI[0.93, 0.96]","Computational Method","",""
57741,"57741.22","Salmonella enterica subsp. enterica serovar Blockley R17.0776","ceftriaxone","Susceptible","","","","","","","","","","","SIR XGBoost Model","202503101","F1 score: 0.98, CI[0.97, 1.00]","Computational Method","",""
57741,"57741.22","Salmonella enterica subsp. enterica serovar Blockley R17.0776","cefotaxime","Susceptible","","","","","","","","","","","SIR XGBoost Model","202503101","F1 score: 0.95, CI[0.90, 0.99]","Computational Method","",""
57741,"57741.22","Salmonella enterica subsp. enterica serovar Blockley R17.0776","sulfisoxazole","Susceptible","","","","","","","","","","","SIR XGBoost Model","202503101","F1 score: 0.99, CI[0.98, 1.00]","Computational Method","",""
57741,"57741.22","Salmonella enterica subsp. enterica serovar Blockley R17.0776","cefoxitin","Susceptible","","","","","","","","","","","SIR XGBoost Model","202503101","F1 score: 0.96, CI[0.93, 0.99]","Computational Method","",""
57741,"57741.22","Salmonella enterica subsp. enterica serovar Blockley R17.0776","gentamicin","Susceptible","","","","","","","","","","","SIR XGBoost Model","202503101","F1 score: 0.92, CI[0.89, 0.95]","Computational Method","",""
57741,"57741.22","Salmonella enterica subsp. enterica serovar Blockley R17.0776","kanamycin","Resistant","","","","","","","","","","","SIR XGBoost Model","202503101","F1 score: 0.86, CI[0.77, 0.95]","Computational Method","",""
57741,"57741.22","Salmonella enterica subsp. enterica serovar Blockley R17.0776","nalidixic acid","Resistant","","","","","","","","","","","SIR XGBoost Model","202503101","F1 score: 0.95, CI[0.93, 0.96]","Computational Method","",""
57741,"57741.22","Salmonella enterica subsp. enterica serovar Blockley R17.0776","pefloxacin","Resistant","","","","","","","","","","","SIR XGBoost Model","202503101","F1 score: 0.98, CI[0.96, 1.00]","Computational Method","",""
57741,"57741.22","Salmonella enterica subsp. enterica serovar Blockley R17.0776","sulfamethoxazole","Susceptible","","","","","","","","","","","SIR XGBoost Model","202503101","F1 score: 0.95, CI[0.93, 0.97]","Computational Method","",""
57741,"57741.22","Salmonella enterica subsp. enterica serovar Blockley R17.0776","spectinomycin","Susceptible","","","","","","","","","","","SIR XGBoost Model","202503101","F1 score: 0.94, CI[0.90, 0.98]","Computational Method","",""
57741,"57741.22","Salmonella enterica subsp. enterica serovar Blockley R17.0776","streptomycin","Resistant","","","","","","","","","","","SIR XGBoost Model","202503101","F1 score: 0.94, CI[0.93, 0.96]","Computational Method","",""
57741,"57741.22","Salmonella enterica subsp. enterica serovar Blockley R17.0776","tetracycline","Resistant","","","","","","","","","","","SIR XGBoost Model","202503101","F1 score: 0.97, CI[0.96, 0.98]","Computational Method","",""
57741,"57741.22","Salmonella enterica subsp. enterica serovar Blockley R17.0776","ceftiofur","Susceptible","","","","","","","","","","","SIR XGBoost Model","202503101","F1 score: 0.98, CI[0.97, 1.00]","Computational Method","",""
57741,"57741.22","Salmonella enterica subsp. enterica serovar Blockley R17.0776","trimethoprim","Susceptible","","","","","","","","","","","SIR XGBoost Model","202503101","F1 score: 0.86, CI[0.78, 0.93]","Computational Method","",""
57741,"57741.3","Salmonella enterica subsp. enterica serovar Blockley strain 86-0206","amoxicillin/clavulanic acid","Susceptible","","","","","","","","","","","SIR XGBoost Model","202503101","F1 score: 0.96, CI[0.95, 0.97]","Computational Method","",""
57741,"57741.3","Salmonella enterica subsp. enterica serovar Blockley strain 86-0206","ampicillin","Susceptible","","","","","","","","","","","SIR XGBoost Model","202503101","F1 score: 0.93, CI[0.92, 0.93]","Computational Method","",""
57741,"57741.3","Salmonella enterica subsp. enterica serovar Blockley strain 86-0206","azithromycin","Susceptible","","","","","","","","","","","SIR XGBoost Model","202503101","F1 score: 0.92, CI[0.87, 0.98]","Computational Method","",""
57741,"57741.3","Salmonella enterica subsp. enterica serovar Blockley strain 86-0206","chloramphenicol","Susceptible","","","","","","","","","","","SIR XGBoost Model","202503101","F1 score: 0.90, CI[0.88, 0.91]","Computational Method","",""
57741,"57741.3","Salmonella enterica subsp. enterica serovar Blockley strain 86-0206","ciprofloxacin","Susceptible","","","","","","","","","","","SIR XGBoost Model","202503101","F1 score: 0.95, CI[0.93, 0.96]","Computational Method","",""
57741,"57741.3","Salmonella enterica subsp. enterica serovar Blockley strain 86-0206","ceftriaxone","Susceptible","","","","","","","","","","","SIR XGBoost Model","202503101","F1 score: 0.98, CI[0.97, 1.00]","Computational Method","",""
57741,"57741.3","Salmonella enterica subsp. enterica serovar Blockley strain 86-0206","cefotaxime","Susceptible","","","","","","","","","","","SIR XGBoost Model","202503101","F1 score: 0.95, CI[0.90, 0.99]","Computational Method","",""
57741,"57741.3","Salmonella enterica subsp. enterica serovar Blockley strain 86-0206","sulfisoxazole","Susceptible","","","","","","","","","","","SIR XGBoost Model","202503101","F1 score: 0.99, CI[0.98, 1.00]","Computational Method","",""
57741,"57741.3","Salmonella enterica subsp. enterica serovar Blockley strain 86-0206","cefoxitin","Susceptible","","","","","","","","","","","SIR XGBoost Model","202503101","F1 score: 0.96, CI[0.93, 0.99]","Computational Method","",""
57741,"57741.3","Salmonella enterica subsp. enterica serovar Blockley strain 86-0206","gentamicin","Susceptible","","","","","","","","","","","SIR XGBoost Model","202503101","F1 score: 0.92, CI[0.89, 0.95]","Computational Method","",""
57741,"57741.3","Salmonella enterica subsp. enterica serovar Blockley strain 86-0206","kanamycin","Susceptible","","","","","","","","","","","SIR XGBoost Model","202503101","F1 score: 0.86, CI[0.77, 0.95]","Computational Method","",""
57741,"57741.3","Salmonella enterica subsp. enterica serovar Blockley strain 86-0206","nalidixic acid","Susceptible","","","","","","","","","","","SIR XGBoost Model","202503101","F1 score: 0.95, CI[0.93, 0.96]","Computational Method","",""
57741,"57741.3","Salmonella enterica subsp. enterica serovar Blockley strain 86-0206","pefloxacin","Susceptible","","","","","","","","","","","SIR XGBoost Model","202503101","F1 score: 0.98, CI[0.96, 1.00]","Computational Method","",""
57741,"57741.3","Salmonella enterica subsp. enterica serovar Blockley strain 86-0206","sulfamethoxazole","Susceptible","","","","","","","","","","","SIR XGBoost Model","202503101","F1 score: 0.95, CI[0.93, 0.97]","Computational Method","",""
57741,"57741.3","Salmonella enterica subsp. enterica serovar Blockley strain 86-0206","spectinomycin","Susceptible","","","","","","","","","","","SIR XGBoost Model","202503101","F1 score: 0.94, CI[0.90, 0.98]","Computational Method","",""
57741,"57741.3","Salmonella enterica subsp. enterica serovar Blockley strain 86-0206","streptomycin","Susceptible","","","","","","","","","","","SIR XGBoost Model","202503101","F1 score: 0.94, CI[0.93, 0.96]","Computational Method","",""
57741,"57741.3","Salmonella enterica subsp. enterica serovar Blockley strain 86-0206","tetracycline","Susceptible","","","","","","","","","","","SIR XGBoost Model","202503101","F1 score: 0.97, CI[0.96, 0.98]","Computational Method","",""
57741,"57741.3","Salmonella enterica subsp. enterica serovar Blockley strain 86-0206","ceftiofur","Susceptible","","","","","","","","","","","SIR XGBoost Model","202503101","F1 score: 0.98, CI[0.97, 1.00]","Computational Method","",""
57741,"57741.3","Salmonella enterica subsp. enterica serovar Blockley strain 86-0206","trimethoprim","Susceptible","","","","","","","","","","","SIR XGBoost Model","202503101","F1 score: 0.86, CI[0.78, 0.93]","Computational Method","",""
57741,"57741.4","Salmonella enterica subsp. enterica serovar Blockley strain 67-3024","amoxicillin/clavulanic acid","Susceptible","","","","","","","","","","","SIR XGBoost Model","202503101","F1 score: 0.96, CI[0.95, 0.97]","Computational Method","",""
57741,"57741.4","Salmonella enterica subsp. enterica serovar Blockley strain 67-3024","ampicillin","Susceptible","","","","","","","","","","","SIR XGBoost Model","202503101","F1 score: 0.93, CI[0.92, 0.93]","Computational Method","",""
57741,"57741.4","Salmonella enterica subsp. enterica serovar Blockley strain 67-3024","azithromycin","Susceptible","","","","","","","","","","","SIR XGBoost Model","202503101","F1 score: 0.92, CI[0.87, 0.98]","Computational Method","",""
57741,"57741.4","Salmonella enterica subsp. enterica serovar Blockley strain 67-3024","chloramphenicol","Susceptible","","","","","","","","","","","SIR XGBoost Model","202503101","F1 score: 0.90, CI[0.88, 0.91]","Computational Method","",""
57741,"57741.4","Salmonella enterica subsp. enterica serovar Blockley strain 67-3024","ciprofloxacin","Susceptible","","","","","","","","","","","SIR XGBoost Model","202503101","F1 score: 0.95, CI[0.93, 0.96]","Computational Method","",""
57741,"57741.4","Salmonella enterica subsp. enterica serovar Blockley strain 67-3024","ceftriaxone","Susceptible","","","","","","","","","","","SIR XGBoost Model","202503101","F1 score: 0.98, CI[0.97, 1.00]","Computational Method","",""
57741,"57741.4","Salmonella enterica subsp. enterica serovar Blockley strain 67-3024","cefotaxime","Susceptible","","","","","","","","","","","SIR XGBoost Model","202503101","F1 score: 0.95, CI[0.90, 0.99]","Computational Method","",""
57741,"57741.4","Salmonella enterica subsp. enterica serovar Blockley strain 67-3024","sulfisoxazole","Susceptible","","","","","","","","","","","SIR XGBoost Model","202503101","F1 score: 0.99, CI[0.98, 1.00]","Computational Method","",""
57741,"57741.4","Salmonella enterica subsp. enterica serovar Blockley strain 67-3024","cefoxitin","Susceptible","","","","","","","","","","","SIR XGBoost Model","202503101","F1 score: 0.96, CI[0.93, 0.99]","Computational Method","",""
57741,"57741.4","Salmonella enterica subsp. enterica serovar Blockley strain 67-3024","gentamicin","Susceptible","","","","","","","","","","","SIR XGBoost Model","202503101","F1 score: 0.92, CI[0.89, 0.95]","Computational Method","",""
57741,"57741.4","Salmonella enterica subsp. enterica serovar Blockley strain 67-3024","kanamycin","Susceptible","","","","","","","","","","","SIR XGBoost Model","202503101","F1 score: 0.86, CI[0.77, 0.95]","Computational Method","",""
57741,"57741.4","Salmonella enterica subsp. enterica serovar Blockley strain 67-3024","nalidixic acid","Susceptible","","","","","","","","","","","SIR XGBoost Model","202503101","F1 score: 0.95, CI[0.93, 0.96]","Computational Method","",""
57741,"57741.4","Salmonella enterica subsp. enterica serovar Blockley strain 67-3024","pefloxacin","Susceptible","","","","","","","","","","","SIR XGBoost Model","202503101","F1 score: 0.98, CI[0.96, 1.00]","Computational Method","",""
57741,"57741.4","Salmonella enterica subsp. enterica serovar Blockley strain 67-3024","sulfamethoxazole","Susceptible","","","","","","","","","","","SIR XGBoost Model","202503101","F1 score: 0.95, CI[0.93, 0.97]","Computational Method","",""
57741,"57741.4","Salmonella enterica subsp. enterica serovar Blockley strain 67-3024","spectinomycin","Susceptible","","","","","","","","","","","SIR XGBoost Model","202503101","F1 score: 0.94, CI[0.90, 0.98]","Computational Method","",""
57741,"57741.4","Salmonella enterica subsp. enterica serovar Blockley strain 67-3024","streptomycin","Resistant","","","","","","","","","","","SIR XGBoost Model","202503101","F1 score: 0.94, CI[0.93, 0.96]","Computational Method","",""
57741,"57741.4","Salmonella enterica subsp. enterica serovar Blockley strain 67-3024","tetracycline","Susceptible","","","","","","","","","","","SIR XGBoost Model","202503101","F1 score: 0.97, CI[0.96, 0.98]","Computational Method","",""
57741,"57741.4","Salmonella enterica subsp. enterica serovar Blockley strain 67-3024","ceftiofur","Susceptible","","","","","","","","","","","SIR XGBoost Model","202503101","F1 score: 0.98, CI[0.97, 1.00]","Computational Method","",""
57741,"57741.4","Salmonella enterica subsp. enterica serovar Blockley strain 67-3024","trimethoprim","Susceptible","","","","","","","","","","","SIR XGBoost Model","202503101","F1 score: 0.86, CI[0.78, 0.93]","Computational Method","",""
57741,"57741.5","Salmonella enterica subsp. enterica serovar Blockley strain 05-0359","amoxicillin/clavulanic acid","Susceptible","","","","","","","","","","","SIR XGBoost Model","202503101","F1 score: 0.96, CI[0.95, 0.97]","Computational Method","",""
57741,"57741.5","Salmonella enterica subsp. enterica serovar Blockley strain 05-0359","ampicillin","Susceptible","","","","","","","","","","","SIR XGBoost Model","202503101","F1 score: 0.93, CI[0.92, 0.93]","Computational Method","",""
57741,"57741.5","Salmonella enterica subsp. enterica serovar Blockley strain 05-0359","azithromycin","Susceptible","","","","","","","","","","","SIR XGBoost Model","202503101","F1 score: 0.92, CI[0.87, 0.98]","Computational Method","",""
57741,"57741.5","Salmonella enterica subsp. enterica serovar Blockley strain 05-0359","chloramphenicol","Susceptible","","","","","","","","","","","SIR XGBoost Model","202503101","F1 score: 0.90, CI[0.88, 0.91]","Computational Method","",""
57741,"57741.5","Salmonella enterica subsp. enterica serovar Blockley strain 05-0359","ciprofloxacin","Susceptible","","","","","","","","","","","SIR XGBoost Model","202503101","F1 score: 0.95, CI[0.93, 0.96]","Computational Method","",""
57741,"57741.5","Salmonella enterica subsp. enterica serovar Blockley strain 05-0359","ceftriaxone","Susceptible","","","","","","","","","","","SIR XGBoost Model","202503101","F1 score: 0.98, CI[0.97, 1.00]","Computational Method","",""
57741,"57741.5","Salmonella enterica subsp. enterica serovar Blockley strain 05-0359","cefotaxime","Susceptible","","","","","","","","","","","SIR XGBoost Model","202503101","F1 score: 0.95, CI[0.90, 0.99]","Computational Method","",""
57741,"57741.5","Salmonella enterica subsp. enterica serovar Blockley strain 05-0359","sulfisoxazole","Susceptible","","","","","","","","","","","SIR XGBoost Model","202503101","F1 score: 0.99, CI[0.98, 1.00]","Computational Method","",""
57741,"57741.5","Salmonella enterica subsp. enterica serovar Blockley strain 05-0359","cefoxitin","Susceptible","","","","","","","","","","","SIR XGBoost Model","202503101","F1 score: 0.96, CI[0.93, 0.99]","Computational Method","",""
57741,"57741.5","Salmonella enterica subsp. enterica serovar Blockley strain 05-0359","gentamicin","Susceptible","","","","","","","","","","","SIR XGBoost Model","202503101","F1 score: 0.92, CI[0.89, 0.95]","Computational Method","",""
57741,"57741.5","Salmonella enterica subsp. enterica serovar Blockley strain 05-0359","kanamycin","Susceptible","","","","","","","","","","","SIR XGBoost Model","202503101","F1 score: 0.86, CI[0.77, 0.95]","Computational Method","",""
57741,"57741.5","Salmonella enterica subsp. enterica serovar Blockley strain 05-0359","nalidixic acid","Susceptible","","","","","","","","","","","SIR XGBoost Model","202503101","F1 score: 0.95, CI[0.93, 0.96]","Computational Method","",""
57741,"57741.5","Salmonella enterica subsp. enterica serovar Blockley strain 05-0359","pefloxacin","Susceptible","","","","","","","","","","","SIR XGBoost Model","202503101","F1 score: 0.98, CI[0.96, 1.00]","Computational Method","",""
57741,"57741.5","Salmonella enterica subsp. enterica serovar Blockley strain 05-0359","sulfamethoxazole","Susceptible","","","","","","","","","","","SIR XGBoost Model","202503101","F1 score: 0.95, CI[0.93, 0.97]","Computational Method","",""
57741,"57741.5","Salmonella enterica subsp. enterica serovar Blockley strain 05-0359","spectinomycin","Susceptible","","","","","","","","","","","SIR XGBoost Model","202503101","F1 score: 0.94, CI[0.90, 0.98]","Computational Method","",""
57741,"57741.5","Salmonella enterica subsp. enterica serovar Blockley strain 05-0359","streptomycin","Susceptible","","","","","","","","","","","SIR XGBoost Model","202503101","F1 score: 0.94, CI[0.93, 0.96]","Computational Method","",""
57741,"57741.5","Salmonella enterica subsp. enterica serovar Blockley strain 05-0359","tetracycline","Susceptible","","","","","","","","","","","SIR XGBoost Model","202503101","F1 score: 0.97, CI[0.96, 0.98]","Computational Method","",""
57741,"57741.5","Salmonella enterica subsp. enterica serovar Blockley strain 05-0359","ceftiofur","Susceptible","","","","","","","","","","","SIR XGBoost Model","202503101","F1 score: 0.98, CI[0.97, 1.00]","Computational Method","",""
57741,"57741.5","Salmonella enterica subsp. enterica serovar Blockley strain 05-0359","trimethoprim","Susceptible","","","","","","","","","","","SIR XGBoost Model","202503101","F1 score: 0.86, CI[0.78, 0.93]","Computational Method","",""
57741,"57741.6","Salmonella enterica subsp. enterica serovar Blockley strain 06-0637","amoxicillin/clavulanic acid","Susceptible","","","","","","","","","","","SIR XGBoost Model","202503101","F1 score: 0.96, CI[0.95, 0.97]","Computational Method","",""
57741,"57741.6","Salmonella enterica subsp. enterica serovar Blockley strain 06-0637","ampicillin","Susceptible","","","","","","","","","","","SIR XGBoost Model","202503101","F1 score: 0.93, CI[0.92, 0.93]","Computational Method","",""
57741,"57741.6","Salmonella enterica subsp. enterica serovar Blockley strain 06-0637","azithromycin","Susceptible","","","","","","","","","","","SIR XGBoost Model","202503101","F1 score: 0.92, CI[0.87, 0.98]","Computational Method","",""
57741,"57741.6","Salmonella enterica subsp. enterica serovar Blockley strain 06-0637","chloramphenicol","Susceptible","","","","","","","","","","","SIR XGBoost Model","202503101","F1 score: 0.90, CI[0.88, 0.91]","Computational Method","",""
57741,"57741.6","Salmonella enterica subsp. enterica serovar Blockley strain 06-0637","ciprofloxacin","Susceptible","","","","","","","","","","","SIR XGBoost Model","202503101","F1 score: 0.95, CI[0.93, 0.96]","Computational Method","",""
57741,"57741.6","Salmonella enterica subsp. enterica serovar Blockley strain 06-0637","ceftriaxone","Susceptible","","","","","","","","","","","SIR XGBoost Model","202503101","F1 score: 0.98, CI[0.97, 1.00]","Computational Method","",""
57741,"57741.6","Salmonella enterica subsp. enterica serovar Blockley strain 06-0637","cefotaxime","Susceptible","","","","","","","","","","","SIR XGBoost Model","202503101","F1 score: 0.95, CI[0.90, 0.99]","Computational Method","",""
57741,"57741.6","Salmonella enterica subsp. enterica serovar Blockley strain 06-0637","sulfisoxazole","Susceptible","","","","","","","","","","","SIR XGBoost Model","202503101","F1 score: 0.99, CI[0.98, 1.00]","Computational Method","",""
57741,"57741.6","Salmonella enterica subsp. enterica serovar Blockley strain 06-0637","cefoxitin","Susceptible","","","","","","","","","","","SIR XGBoost Model","202503101","F1 score: 0.96, CI[0.93, 0.99]","Computational Method","",""
57741,"57741.6","Salmonella enterica subsp. enterica serovar Blockley strain 06-0637","gentamicin","Susceptible","","","","","","","","","","","SIR XGBoost Model","202503101","F1 score: 0.92, CI[0.89, 0.95]","Computational Method","",""
57741,"57741.6","Salmonella enterica subsp. enterica serovar Blockley strain 06-0637","kanamycin","Susceptible","","","","","","","","","","","SIR XGBoost Model","202503101","F1 score: 0.86, CI[0.77, 0.95]","Computational Method","",""
57741,"57741.6","Salmonella enterica subsp. enterica serovar Blockley strain 06-0637","nalidixic acid","Susceptible","","","","","","","","","","","SIR XGBoost Model","202503101","F1 score: 0.95, CI[0.93, 0.96]","Computational Method","",""
57741,"57741.6","Salmonella enterica subsp. enterica serovar Blockley strain 06-0637","pefloxacin","Susceptible","","","","","","","","","","","SIR XGBoost Model","202503101","F1 score: 0.98, CI[0.96, 1.00]","Computational Method","",""
57741,"57741.6","Salmonella enterica subsp. enterica serovar Blockley strain 06-0637","sulfamethoxazole","Susceptible","","","","","","","","","","","SIR XGBoost Model","202503101","F1 score: 0.95, CI[0.93, 0.97]","Computational Method","",""
57741,"57741.6","Salmonella enterica subsp. enterica serovar Blockley strain 06-0637","spectinomycin","Susceptible","","","","","","","","","","","SIR XGBoost Model","202503101","F1 score: 0.94, CI[0.90, 0.98]","Computational Method","",""
57741,"57741.6","Salmonella enterica subsp. enterica serovar Blockley strain 06-0637","streptomycin","Susceptible","","","","","","","","","","","SIR XGBoost Model","202503101","F1 score: 0.94, CI[0.93, 0.96]","Computational Method","",""
57741,"57741.6","Salmonella enterica subsp. enterica serovar Blockley strain 06-0637","tetracycline","Susceptible","","","","","","","","","","","SIR XGBoost Model","202503101","F1 score: 0.97, CI[0.96, 0.98]","Computational Method","",""
57741,"57741.6","Salmonella enterica subsp. enterica serovar Blockley strain 06-0637","ceftiofur","Susceptible","","","","","","","","","","","SIR XGBoost Model","202503101","F1 score: 0.98, CI[0.97, 1.00]","Computational Method","",""
57741,"57741.6","Salmonella enterica subsp. enterica serovar Blockley strain 06-0637","trimethoprim","Susceptible","","","","","","","","","","","SIR XGBoost Model","202503101","F1 score: 0.86, CI[0.78, 0.93]","Computational Method","",""
57741,"57741.7","Salmonella enterica subsp. enterica serovar Blockley strain 79-1229","amoxicillin/clavulanic acid","Susceptible","","","","","","","","","","","SIR XGBoost Model","202503101","F1 score: 0.96, CI[0.95, 0.97]","Computational Method","",""
57741,"57741.7","Salmonella enterica subsp. enterica serovar Blockley strain 79-1229","ampicillin","Susceptible","","","","","","","","","","","SIR XGBoost Model","202503101","F1 score: 0.93, CI[0.92, 0.93]","Computational Method","",""
57741,"57741.7","Salmonella enterica subsp. enterica serovar Blockley strain 79-1229","azithromycin","Susceptible","","","","","","","","","","","SIR XGBoost Model","202503101","F1 score: 0.92, CI[0.87, 0.98]","Computational Method","",""
57741,"57741.7","Salmonella enterica subsp. enterica serovar Blockley strain 79-1229","chloramphenicol","Susceptible","","","","","","","","","","","SIR XGBoost Model","202503101","F1 score: 0.90, CI[0.88, 0.91]","Computational Method","",""
57741,"57741.7","Salmonella enterica subsp. enterica serovar Blockley strain 79-1229","ciprofloxacin","Susceptible","","","","","","","","","","","SIR XGBoost Model","202503101","F1 score: 0.95, CI[0.93, 0.96]","Computational Method","",""
57741,"57741.7","Salmonella enterica subsp. enterica serovar Blockley strain 79-1229","ceftriaxone","Susceptible","","","","","","","","","","","SIR XGBoost Model","202503101","F1 score: 0.98, CI[0.97, 1.00]","Computational Method","",""
57741,"57741.7","Salmonella enterica subsp. enterica serovar Blockley strain 79-1229","cefotaxime","Susceptible","","","","","","","","","","","SIR XGBoost Model","202503101","F1 score: 0.95, CI[0.90, 0.99]","Computational Method","",""
57741,"57741.7","Salmonella enterica subsp. enterica serovar Blockley strain 79-1229","sulfisoxazole","Susceptible","","","","","","","","","","","SIR XGBoost Model","202503101","F1 score: 0.99, CI[0.98, 1.00]","Computational Method","",""
57741,"57741.7","Salmonella enterica subsp. enterica serovar Blockley strain 79-1229","cefoxitin","Susceptible","","","","","","","","","","","SIR XGBoost Model","202503101","F1 score: 0.96, CI[0.93, 0.99]","Computational Method","",""
57741,"57741.7","Salmonella enterica subsp. enterica serovar Blockley strain 79-1229","gentamicin","Susceptible","","","","","","","","","","","SIR XGBoost Model","202503101","F1 score: 0.92, CI[0.89, 0.95]","Computational Method","",""
57741,"57741.7","Salmonella enterica subsp. enterica serovar Blockley strain 79-1229","kanamycin","Susceptible","","","","","","","","","","","SIR XGBoost Model","202503101","F1 score: 0.86, CI[0.77, 0.95]","Computational Method","",""
57741,"57741.7","Salmonella enterica subsp. enterica serovar Blockley strain 79-1229","nalidixic acid","Susceptible","","","","","","","","","","","SIR XGBoost Model","202503101","F1 score: 0.95, CI[0.93, 0.96]","Computational Method","",""
57741,"57741.7","Salmonella enterica subsp. enterica serovar Blockley strain 79-1229","pefloxacin","Susceptible","","","","","","","","","","","SIR XGBoost Model","202503101","F1 score: 0.98, CI[0.96, 1.00]","Computational Method","",""
57741,"57741.7","Salmonella enterica subsp. enterica serovar Blockley strain 79-1229","sulfamethoxazole","Susceptible","","","","","","","","","","","SIR XGBoost Model","202503101","F1 score: 0.95, CI[0.93, 0.97]","Computational Method","",""
57741,"57741.7","Salmonella enterica subsp. enterica serovar Blockley strain 79-1229","spectinomycin","Susceptible","","","","","","","","","","","SIR XGBoost Model","202503101","F1 score: 0.94, CI[0.90, 0.98]","Computational Method","",""
57741,"57741.7","Salmonella enterica subsp. enterica serovar Blockley strain 79-1229","streptomycin","Susceptible","","","","","","","","","","","SIR XGBoost Model","202503101","F1 score: 0.94, CI[0.93, 0.96]","Computational Method","",""
57741,"57741.7","Salmonella enterica subsp. enterica serovar Blockley strain 79-1229","tetracycline","Susceptible","","","","","","","","","","","SIR XGBoost Model","202503101","F1 score: 0.97, CI[0.96, 0.98]","Computational Method","",""
57741,"57741.7","Salmonella enterica subsp. enterica serovar Blockley strain 79-1229","ceftiofur","Susceptible","","","","","","","","","","","SIR XGBoost Model","202503101","F1 score: 0.98, CI[0.97, 1.00]","Computational Method","",""
57741,"57741.7","Salmonella enterica subsp. enterica serovar Blockley strain 79-1229","trimethoprim","Susceptible","","","","","","","","","","","SIR XGBoost Model","202503101","F1 score: 0.86, CI[0.78, 0.93]","Computational Method","",""
57741,"57741.8","Salmonella enterica subsp. enterica serovar Blockley strain BCW_2880","amoxicillin/clavulanic acid","Susceptible","","","","","","","","","","","SIR XGBoost Model","202503101","F1 score: 0.96, CI[0.95, 0.97]","Computational Method","",""
57741,"57741.8","Salmonella enterica subsp. enterica serovar Blockley strain BCW_2880","ampicillin","Resistant","","","","","","","","","","","SIR XGBoost Model","202503101","F1 score: 0.93, CI[0.92, 0.93]","Computational Method","",""
57741,"57741.8","Salmonella enterica subsp. enterica serovar Blockley strain BCW_2880","azithromycin","Susceptible","","","","","","","","","","","SIR XGBoost Model","202503101","F1 score: 0.92, CI[0.87, 0.98]","Computational Method","",""
57741,"57741.8","Salmonella enterica subsp. enterica serovar Blockley strain BCW_2880","chloramphenicol","Susceptible","","","","","","","","","","","SIR XGBoost Model","202503101","F1 score: 0.90, CI[0.88, 0.91]","Computational Method","",""
57741,"57741.8","Salmonella enterica subsp. enterica serovar Blockley strain BCW_2880","ciprofloxacin","Susceptible","","","","","","","","","","","SIR XGBoost Model","202503101","F1 score: 0.95, CI[0.93, 0.96]","Computational Method","",""
57741,"57741.8","Salmonella enterica subsp. enterica serovar Blockley strain BCW_2880","ceftriaxone","Resistant","","","","","","","","","","","SIR XGBoost Model","202503101","F1 score: 0.98, CI[0.97, 1.00]","Computational Method","",""
57741,"57741.8","Salmonella enterica subsp. enterica serovar Blockley strain BCW_2880","cefotaxime","Susceptible","","","","","","","","","","","SIR XGBoost Model","202503101","F1 score: 0.95, CI[0.90, 0.99]","Computational Method","",""
57741,"57741.8","Salmonella enterica subsp. enterica serovar Blockley strain BCW_2880","sulfisoxazole","Susceptible","","","","","","","","","","","SIR XGBoost Model","202503101","F1 score: 0.99, CI[0.98, 1.00]","Computational Method","",""
57741,"57741.8","Salmonella enterica subsp. enterica serovar Blockley strain BCW_2880","cefoxitin","Susceptible","","","","","","","","","","","SIR XGBoost Model","202503101","F1 score: 0.96, CI[0.93, 0.99]","Computational Method","",""
57741,"57741.8","Salmonella enterica subsp. enterica serovar Blockley strain BCW_2880","gentamicin","Susceptible","","","","","","","","","","","SIR XGBoost Model","202503101","F1 score: 0.92, CI[0.89, 0.95]","Computational Method","",""
57741,"57741.8","Salmonella enterica subsp. enterica serovar Blockley strain BCW_2880","kanamycin","Susceptible","","","","","","","","","","","SIR XGBoost Model","202503101","F1 score: 0.86, CI[0.77, 0.95]","Computational Method","",""
57741,"57741.8","Salmonella enterica subsp. enterica serovar Blockley strain BCW_2880","nalidixic acid","Susceptible","","","","","","","","","","","SIR XGBoost Model","202503101","F1 score: 0.95, CI[0.93, 0.96]","Computational Method","",""
57741,"57741.8","Salmonella enterica subsp. enterica serovar Blockley strain BCW_2880","pefloxacin","Susceptible","","","","","","","","","","","SIR XGBoost Model","202503101","F1 score: 0.98, CI[0.96, 1.00]","Computational Method","",""
57741,"57741.8","Salmonella enterica subsp. enterica serovar Blockley strain BCW_2880","sulfamethoxazole","Susceptible","","","","","","","","","","","SIR XGBoost Model","202503101","F1 score: 0.95, CI[0.93, 0.97]","Computational Method","",""
57741,"57741.8","Salmonella enterica subsp. enterica serovar Blockley strain BCW_2880","spectinomycin","Susceptible","","","","","","","","","","","SIR XGBoost Model","202503101","F1 score: 0.94, CI[0.90, 0.98]","Computational Method","",""
57741,"57741.8","Salmonella enterica subsp. enterica serovar Blockley strain BCW_2880","streptomycin","Susceptible","","","","","","","","","","","SIR XGBoost Model","202503101","F1 score: 0.94, CI[0.93, 0.96]","Computational Method","",""
57741,"57741.8","Salmonella enterica subsp. enterica serovar Blockley strain BCW_2880","tetracycline","Susceptible","","","","","","","","","","","SIR XGBoost Model","202503101","F1 score: 0.97, CI[0.96, 0.98]","Computational Method","",""
57741,"57741.8","Salmonella enterica subsp. enterica serovar Blockley strain BCW_2880","ceftiofur","Susceptible","","","","","","","","","","","SIR XGBoost Model","202503101","F1 score: 0.98, CI[0.97, 1.00]","Computational Method","",""
57741,"57741.8","Salmonella enterica subsp. enterica serovar Blockley strain BCW_2880","trimethoprim","Susceptible","","","","","","","","","","","SIR XGBoost Model","202503101","F1 score: 0.86, CI[0.78, 0.93]","Computational Method","",""
57741,"57741.9","Salmonella enterica subsp. enterica serovar Blockley strain NCTR341","amoxicillin/clavulanic acid","Susceptible","","","","","","","","","","","SIR XGBoost Model","202503101","F1 score: 0.96, CI[0.95, 0.97]","Computational Method","",""
57741,"57741.9","Salmonella enterica subsp. enterica serovar Blockley strain NCTR341","ampicillin","Susceptible","","","","","","","","","","","SIR XGBoost Model","202503101","F1 score: 0.93, CI[0.92, 0.93]","Computational Method","",""
57741,"57741.9","Salmonella enterica subsp. enterica serovar Blockley strain NCTR341","azithromycin","Resistant","","","","","","","","","","","SIR XGBoost Model","202503101","F1 score: 0.92, CI[0.87, 0.98]","Computational Method","",""
57741,"57741.9","Salmonella enterica subsp. enterica serovar Blockley strain NCTR341","chloramphenicol","Susceptible","","","","","","","","","","","SIR XGBoost Model","202503101","F1 score: 0.90, CI[0.88, 0.91]","Computational Method","",""
57741,"57741.9","Salmonella enterica subsp. enterica serovar Blockley strain NCTR341","ciprofloxacin","Susceptible","","","","","","","","","","","SIR XGBoost Model","202503101","F1 score: 0.95, CI[0.93, 0.96]","Computational Method","",""
57741,"57741.9","Salmonella enterica subsp. enterica serovar Blockley strain NCTR341","ceftriaxone","Susceptible","","","","","","","","","","","SIR XGBoost Model","202503101","F1 score: 0.98, CI[0.97, 1.00]","Computational Method","",""
57741,"57741.9","Salmonella enterica subsp. enterica serovar Blockley strain NCTR341","cefotaxime","Susceptible","","","","","","","","","","","SIR XGBoost Model","202503101","F1 score: 0.95, CI[0.90, 0.99]","Computational Method","",""
57741,"57741.9","Salmonella enterica subsp. enterica serovar Blockley strain NCTR341","sulfisoxazole","Susceptible","","","","","","","","","","","SIR XGBoost Model","202503101","F1 score: 0.99, CI[0.98, 1.00]","Computational Method","",""
57741,"57741.9","Salmonella enterica subsp. enterica serovar Blockley strain NCTR341","cefoxitin","Susceptible","","","","","","","","","","","SIR XGBoost Model","202503101","F1 score: 0.96, CI[0.93, 0.99]","Computational Method","",""
57741,"57741.9","Salmonella enterica subsp. enterica serovar Blockley strain NCTR341","gentamicin","Susceptible","","","","","","","","","","","SIR XGBoost Model","202503101","F1 score: 0.92, CI[0.89, 0.95]","Computational Method","",""
57741,"57741.9","Salmonella enterica subsp. enterica serovar Blockley strain NCTR341","kanamycin","Resistant","","","","","","","","","","","SIR XGBoost Model","202503101","F1 score: 0.86, CI[0.77, 0.95]","Computational Method","",""
57741,"57741.9","Salmonella enterica subsp. enterica serovar Blockley strain NCTR341","nalidixic acid","Resistant","","","","","","","","","","","SIR XGBoost Model","202503101","F1 score: 0.95, CI[0.93, 0.96]","Computational Method","",""
57741,"57741.9","Salmonella enterica subsp. enterica serovar Blockley strain NCTR341","pefloxacin","Resistant","","","","","","","","","","","SIR XGBoost Model","202503101","F1 score: 0.98, CI[0.96, 1.00]","Computational Method","",""
57741,"57741.9","Salmonella enterica subsp. enterica serovar Blockley strain NCTR341","sulfamethoxazole","Susceptible","","","","","","","","","","","SIR XGBoost Model","202503101","F1 score: 0.95, CI[0.93, 0.97]","Computational Method","",""
57741,"57741.9","Salmonella enterica subsp. enterica serovar Blockley strain NCTR341","spectinomycin","Susceptible","","","","","","","","","","","SIR XGBoost Model","202503101","F1 score: 0.94, CI[0.90, 0.98]","Computational Method","",""
57741,"57741.9","Salmonella enterica subsp. enterica serovar Blockley strain NCTR341","streptomycin","Resistant","","","","","","","","","","","SIR XGBoost Model","202503101","F1 score: 0.94, CI[0.93, 0.96]","Computational Method","",""
57741,"57741.9","Salmonella enterica subsp. enterica serovar Blockley strain NCTR341","tetracycline","Resistant","","","","","","","","","","","SIR XGBoost Model","202503101","F1 score: 0.97, CI[0.96, 0.98]","Computational Method","",""
57741,"57741.9","Salmonella enterica subsp. enterica serovar Blockley strain NCTR341","ceftiofur","Susceptible","","","","","","","","","","","SIR XGBoost Model","202503101","F1 score: 0.98, CI[0.97, 1.00]","Computational Method","",""
57741,"57741.9","Salmonella enterica subsp. enterica serovar Blockley strain NCTR341","trimethoprim","Susceptible","","","","","","","","","","","SIR XGBoost Model","202503101","F1 score: 0.86, CI[0.78, 0.93]","Computational Method","",""
