"Taxon ID","Genome ID","Genome Name","Antibiotic","Resistant Phenotype","Measurement","Measurement Sign","Measurement Value","Measurement Unit","Laboratory Typing Method","Laboratory Typing Method Version","Laboratory Typing Platform","Vendor","Testing Standard","Testing Standard Year","Computational Method","Computational Method Version","Computational Method Performance","Evidence","Source","PubMed"
179997,"179997.18","Salmonella enterica subsp. enterica serovar Havana strain 143","chloramphenicol","Susceptible","","","","","Broth dilution","","Sensititre NARMS/CMV3AGNF","Thermo Fisher Scientific","CLSI, NARMS",2015,"","","","Laboratory Method","","[29678910]"
179997,"179997.18","Salmonella enterica subsp. enterica serovar Havana strain 143","nalidixic acid","Susceptible","","","","","Broth dilution","","Sensititre NARMS/CMV3AGNF","Thermo Fisher Scientific","CLSI, NARMS",2015,"","","","Laboratory Method","","[29678910]"
179997,"179997.18","Salmonella enterica subsp. enterica serovar Havana strain 143","trimethoprim/sulfamethoxazole","Susceptible","","","","","Broth dilution","","Sensititre NARMS/CMV3AGNF","Thermo Fisher Scientific","CLSI, NARMS",2015,"","","","Laboratory Method","","[29678910]"
179997,"179997.18","Salmonella enterica subsp. enterica serovar Havana strain 143","streptomycin","Susceptible","","","","","Broth dilution","","Sensititre NARMS/CMV3AGNF","Thermo Fisher Scientific","CLSI, NARMS",2015,"","","","Laboratory Method","","[29678910]"
179997,"179997.18","Salmonella enterica subsp. enterica serovar Havana strain 143","amoxicillin/clavulanic acid","Susceptible","","","","","Broth dilution","","Sensititre NARMS/CMV3AGNF","Thermo Fisher Scientific","CLSI, NARMS",2015,"","","","Laboratory Method","","[29678910]"
179997,"179997.18","Salmonella enterica subsp. enterica serovar Havana strain 143","ampicillin","Susceptible","","","","","Broth dilution","","Sensititre NARMS/CMV3AGNF","Thermo Fisher Scientific","CLSI, NARMS",2015,"","","","Laboratory Method","","[29678910]"
179997,"179997.18","Salmonella enterica subsp. enterica serovar Havana strain 143","sulfisoxazole","Susceptible","","","","","Broth dilution","","Sensititre NARMS/CMV3AGNF","Thermo Fisher Scientific","CLSI, NARMS",2015,"","","","Laboratory Method","","[29678910]"
179997,"179997.18","Salmonella enterica subsp. enterica serovar Havana strain 143","tetracycline","Susceptible","","","","","Broth dilution","","Sensititre NARMS/CMV3AGNF","Thermo Fisher Scientific","CLSI, NARMS",2015,"","","","Laboratory Method","","[29678910]"
179997,"179997.18","Salmonella enterica subsp. enterica serovar Havana strain 143","cefoxitin","Susceptible","","","","","Broth dilution","","Sensititre NARMS/CMV3AGNF","Thermo Fisher Scientific","CLSI, NARMS",2015,"","","","Laboratory Method","","[29678910]"
179997,"179997.18","Salmonella enterica subsp. enterica serovar Havana strain 143","ceftriaxone","Susceptible","","","","","Broth dilution","","Sensititre NARMS/CMV3AGNF","Thermo Fisher Scientific","CLSI, NARMS",2015,"","","","Laboratory Method","","[29678910]"
179997,"179997.18","Salmonella enterica subsp. enterica serovar Havana strain 143","gentamicin","Susceptible","","","","","Broth dilution","","Sensititre NARMS/CMV3AGNF","Thermo Fisher Scientific","CLSI, NARMS",2015,"","","","Laboratory Method","","[29678910]"
179997,"179997.18","Salmonella enterica subsp. enterica serovar Havana strain 143","azithromycin","Susceptible","","","","","Broth dilution","","Sensititre NARMS/CMV3AGNF","Thermo Fisher Scientific","CLSI, NARMS",2015,"","","","Laboratory Method","","[29678910]"
179997,"179997.18","Salmonella enterica subsp. enterica serovar Havana strain 143","ceftiofur","Susceptible","","","","","Broth dilution","","Sensititre NARMS/CMV3AGNF","Thermo Fisher Scientific","CLSI, NARMS",2015,"","","","Laboratory Method","","[29678910]"
179997,"179997.18","Salmonella enterica subsp. enterica serovar Havana strain 143","ciprofloxacin","Susceptible","","","","","Broth dilution","","Sensititre NARMS/CMV3AGNF","Thermo Fisher Scientific","CLSI, NARMS",2015,"","","","Laboratory Method","","[29678910]"
179997,"179997.10","Salmonella enterica subsp. enterica serovar Havana strain 05-0425","amoxicillin/clavulanic acid","","1.0","","1.0","mg/L","","","","","","","MIC XGBoost Model","202503101","W1 score: 0.98, CI[0.96, 0.99]","Computational Method","",""
179997,"179997.10","Salmonella enterica subsp. enterica serovar Havana strain 05-0425","ampicillin","","2.0","","2.0","mg/L","","","","","","","MIC XGBoost Model","202503101","W1 score: 0.96, CI[0.95, 0.97]","Computational Method","",""
179997,"179997.10","Salmonella enterica subsp. enterica serovar Havana strain 05-0425","azithromycin","","4.0","","4.0","mg/L","","","","","","","MIC XGBoost Model","202503101","W1 score: 0.99, CI[0.98, 1.00]","Computational Method","",""
179997,"179997.10","Salmonella enterica subsp. enterica serovar Havana strain 05-0425","ceftazidime","","4.0","","4.0","mg/L","","","","","","","MIC XGBoost Model","202503101","W1 score: 0.93, CI[0.88, 0.99]","Computational Method","",""
179997,"179997.10","Salmonella enterica subsp. enterica serovar Havana strain 05-0425","chloramphenicol","","8.0","","8.0","mg/L","","","","","","","MIC XGBoost Model","202503101","W1 score: 0.99, CI[0.98, 1.00]","Computational Method","",""
179997,"179997.10","Salmonella enterica subsp. enterica serovar Havana strain 05-0425","ciprofloxacin","","0.03125","","0.03125","mg/L","","","","","","","MIC XGBoost Model","202503101","W1 score: 0.88, CI[0.86, 0.90]","Computational Method","",""
179997,"179997.10","Salmonella enterica subsp. enterica serovar Havana strain 05-0425","ceftriaxone","","0.25","","0.25","mg/L","","","","","","","MIC XGBoost Model","202503101","W1 score: 0.95, CI[0.94, 0.96]","Computational Method","",""
179997,"179997.10","Salmonella enterica subsp. enterica serovar Havana strain 05-0425","cefotaxime","","8.0","","8.0","mg/L","","","","","","","MIC XGBoost Model","202503101","W1 score: 0.95, CI[0.89, 1.00]","Computational Method","",""
179997,"179997.10","Salmonella enterica subsp. enterica serovar Havana strain 05-0425","sulfisoxazole","","32.0","","32.0","mg/L","","","","","","","MIC XGBoost Model","202503101","W1 score: 0.98, CI[0.97, 0.99]","Computational Method","",""
179997,"179997.10","Salmonella enterica subsp. enterica serovar Havana strain 05-0425","cefoxitin","","4.0","","4.0","mg/L","","","","","","","MIC XGBoost Model","202503101","W1 score: 0.98, CI[0.97, 1.00]","Computational Method","",""
179997,"179997.10","Salmonella enterica subsp. enterica serovar Havana strain 05-0425","gentamicin","","0.5","","0.5","mg/L","","","","","","","MIC XGBoost Model","202503101","W1 score: 0.97, CI[0.95, 0.99]","Computational Method","",""
179997,"179997.10","Salmonella enterica subsp. enterica serovar Havana strain 05-0425","kanamycin","","8.0","","8.0","mg/L","","","","","","","MIC XGBoost Model","202503101","W1 score: 0.99, CI[0.98, 1.01]","Computational Method","",""
179997,"179997.10","Salmonella enterica subsp. enterica serovar Havana strain 05-0425","meropenem","","0.125","","0.125","mg/L","","","","","","","MIC XGBoost Model","202503101","W1 score: 0.95, CI[0.90, 1.01]","Computational Method","",""
179997,"179997.10","Salmonella enterica subsp. enterica serovar Havana strain 05-0425","nalidixic acid","","4.0","","4.0","mg/L","","","","","","","MIC XGBoost Model","202503101","W1 score: 0.98, CI[0.97, 0.99]","Computational Method","",""
179997,"179997.10","Salmonella enterica subsp. enterica serovar Havana strain 05-0425","streptomycin","","32.0","","32.0","mg/L","","","","","","","MIC XGBoost Model","202503101","W1 score: 0.92, CI[0.90, 0.93]","Computational Method","",""
179997,"179997.10","Salmonella enterica subsp. enterica serovar Havana strain 05-0425","tetracycline","","4.0","","4.0","mg/L","","","","","","","MIC XGBoost Model","202503101","W1 score: 0.99, CI[0.98, 0.99]","Computational Method","",""
179997,"179997.10","Salmonella enterica subsp. enterica serovar Havana strain 05-0425","ceftiofur","","1.0","","1.0","mg/L","","","","","","","MIC XGBoost Model","202503101","W1 score: 0.99, CI[0.98, 0.99]","Computational Method","",""
179997,"179997.11","Salmonella enterica subsp. enterica serovar Havana strain 06-0477","amoxicillin/clavulanic acid","","1.0","","1.0","mg/L","","","","","","","MIC XGBoost Model","202503101","W1 score: 0.98, CI[0.96, 0.99]","Computational Method","",""
179997,"179997.11","Salmonella enterica subsp. enterica serovar Havana strain 06-0477","ampicillin","","4.0","","4.0","mg/L","","","","","","","MIC XGBoost Model","202503101","W1 score: 0.96, CI[0.95, 0.97]","Computational Method","",""
179997,"179997.11","Salmonella enterica subsp. enterica serovar Havana strain 06-0477","azithromycin","","4.0","","4.0","mg/L","","","","","","","MIC XGBoost Model","202503101","W1 score: 0.99, CI[0.98, 1.00]","Computational Method","",""
179997,"179997.11","Salmonella enterica subsp. enterica serovar Havana strain 06-0477","ceftazidime","","4.0","","4.0","mg/L","","","","","","","MIC XGBoost Model","202503101","W1 score: 0.93, CI[0.88, 0.99]","Computational Method","",""
179997,"179997.11","Salmonella enterica subsp. enterica serovar Havana strain 06-0477","chloramphenicol","","8.0","","8.0","mg/L","","","","","","","MIC XGBoost Model","202503101","W1 score: 0.99, CI[0.98, 1.00]","Computational Method","",""
179997,"179997.11","Salmonella enterica subsp. enterica serovar Havana strain 06-0477","ciprofloxacin","","0.015625","","0.015625","mg/L","","","","","","","MIC XGBoost Model","202503101","W1 score: 0.88, CI[0.86, 0.90]","Computational Method","",""
179997,"179997.11","Salmonella enterica subsp. enterica serovar Havana strain 06-0477","ceftriaxone","","0.25","","0.25","mg/L","","","","","","","MIC XGBoost Model","202503101","W1 score: 0.95, CI[0.94, 0.96]","Computational Method","",""
179997,"179997.11","Salmonella enterica subsp. enterica serovar Havana strain 06-0477","cefotaxime","","8.0","","8.0","mg/L","","","","","","","MIC XGBoost Model","202503101","W1 score: 0.95, CI[0.89, 1.00]","Computational Method","",""
179997,"179997.11","Salmonella enterica subsp. enterica serovar Havana strain 06-0477","sulfisoxazole","","32.0","","32.0","mg/L","","","","","","","MIC XGBoost Model","202503101","W1 score: 0.98, CI[0.97, 0.99]","Computational Method","",""
179997,"179997.11","Salmonella enterica subsp. enterica serovar Havana strain 06-0477","cefoxitin","","4.0","","4.0","mg/L","","","","","","","MIC XGBoost Model","202503101","W1 score: 0.98, CI[0.97, 1.00]","Computational Method","",""
179997,"179997.11","Salmonella enterica subsp. enterica serovar Havana strain 06-0477","gentamicin","","0.5","","0.5","mg/L","","","","","","","MIC XGBoost Model","202503101","W1 score: 0.97, CI[0.95, 0.99]","Computational Method","",""
179997,"179997.11","Salmonella enterica subsp. enterica serovar Havana strain 06-0477","kanamycin","","8.0","","8.0","mg/L","","","","","","","MIC XGBoost Model","202503101","W1 score: 0.99, CI[0.98, 1.01]","Computational Method","",""
179997,"179997.11","Salmonella enterica subsp. enterica serovar Havana strain 06-0477","meropenem","","0.125","","0.125","mg/L","","","","","","","MIC XGBoost Model","202503101","W1 score: 0.95, CI[0.90, 1.01]","Computational Method","",""
179997,"179997.11","Salmonella enterica subsp. enterica serovar Havana strain 06-0477","nalidixic acid","","4.0","","4.0","mg/L","","","","","","","MIC XGBoost Model","202503101","W1 score: 0.98, CI[0.97, 0.99]","Computational Method","",""
179997,"179997.11","Salmonella enterica subsp. enterica serovar Havana strain 06-0477","streptomycin","","32.0","","32.0","mg/L","","","","","","","MIC XGBoost Model","202503101","W1 score: 0.92, CI[0.90, 0.93]","Computational Method","",""
179997,"179997.11","Salmonella enterica subsp. enterica serovar Havana strain 06-0477","tetracycline","","4.0","","4.0","mg/L","","","","","","","MIC XGBoost Model","202503101","W1 score: 0.99, CI[0.98, 0.99]","Computational Method","",""
179997,"179997.11","Salmonella enterica subsp. enterica serovar Havana strain 06-0477","ceftiofur","","1.0","","1.0","mg/L","","","","","","","MIC XGBoost Model","202503101","W1 score: 0.99, CI[0.98, 0.99]","Computational Method","",""
179997,"179997.12","Salmonella enterica subsp. enterica serovar Havana strain BCW_2900","amoxicillin/clavulanic acid","","8.0","","8.0","mg/L","","","","","","","MIC XGBoost Model","202503101","W1 score: 0.98, CI[0.96, 0.99]","Computational Method","",""
179997,"179997.12","Salmonella enterica subsp. enterica serovar Havana strain BCW_2900","ampicillin","","32.0","","32.0","mg/L","","","","","","","MIC XGBoost Model","202503101","W1 score: 0.96, CI[0.95, 0.97]","Computational Method","",""
179997,"179997.12","Salmonella enterica subsp. enterica serovar Havana strain BCW_2900","azithromycin","","4.0","","4.0","mg/L","","","","","","","MIC XGBoost Model","202503101","W1 score: 0.99, CI[0.98, 1.00]","Computational Method","",""
179997,"179997.12","Salmonella enterica subsp. enterica serovar Havana strain BCW_2900","ceftazidime","","16.0","","16.0","mg/L","","","","","","","MIC XGBoost Model","202503101","W1 score: 0.93, CI[0.88, 0.99]","Computational Method","",""
179997,"179997.12","Salmonella enterica subsp. enterica serovar Havana strain BCW_2900","chloramphenicol","","8.0","","8.0","mg/L","","","","","","","MIC XGBoost Model","202503101","W1 score: 0.99, CI[0.98, 1.00]","Computational Method","",""
179997,"179997.12","Salmonella enterica subsp. enterica serovar Havana strain BCW_2900","ciprofloxacin","","0.015625","","0.015625","mg/L","","","","","","","MIC XGBoost Model","202503101","W1 score: 0.88, CI[0.86, 0.90]","Computational Method","",""
179997,"179997.12","Salmonella enterica subsp. enterica serovar Havana strain BCW_2900","ceftriaxone","","1.0","","1.0","mg/L","","","","","","","MIC XGBoost Model","202503101","W1 score: 0.95, CI[0.94, 0.96]","Computational Method","",""
179997,"179997.12","Salmonella enterica subsp. enterica serovar Havana strain BCW_2900","cefotaxime","","8.0","","8.0","mg/L","","","","","","","MIC XGBoost Model","202503101","W1 score: 0.95, CI[0.89, 1.00]","Computational Method","",""
179997,"179997.12","Salmonella enterica subsp. enterica serovar Havana strain BCW_2900","sulfisoxazole","","256.0","","256.0","mg/L","","","","","","","MIC XGBoost Model","202503101","W1 score: 0.98, CI[0.97, 0.99]","Computational Method","",""
179997,"179997.12","Salmonella enterica subsp. enterica serovar Havana strain BCW_2900","cefoxitin","","4.0","","4.0","mg/L","","","","","","","MIC XGBoost Model","202503101","W1 score: 0.98, CI[0.97, 1.00]","Computational Method","",""
179997,"179997.12","Salmonella enterica subsp. enterica serovar Havana strain BCW_2900","gentamicin","","4.0","","4.0","mg/L","","","","","","","MIC XGBoost Model","202503101","W1 score: 0.97, CI[0.95, 0.99]","Computational Method","",""
179997,"179997.12","Salmonella enterica subsp. enterica serovar Havana strain BCW_2900","kanamycin","","8.0","","8.0","mg/L","","","","","","","MIC XGBoost Model","202503101","W1 score: 0.99, CI[0.98, 1.01]","Computational Method","",""
179997,"179997.12","Salmonella enterica subsp. enterica serovar Havana strain BCW_2900","meropenem","","0.25","","0.25","mg/L","","","","","","","MIC XGBoost Model","202503101","W1 score: 0.95, CI[0.90, 1.01]","Computational Method","",""
179997,"179997.12","Salmonella enterica subsp. enterica serovar Havana strain BCW_2900","nalidixic acid","","4.0","","4.0","mg/L","","","","","","","MIC XGBoost Model","202503101","W1 score: 0.98, CI[0.97, 0.99]","Computational Method","",""
179997,"179997.12","Salmonella enterica subsp. enterica serovar Havana strain BCW_2900","streptomycin","","64.0","","64.0","mg/L","","","","","","","MIC XGBoost Model","202503101","W1 score: 0.92, CI[0.90, 0.93]","Computational Method","",""
179997,"179997.12","Salmonella enterica subsp. enterica serovar Havana strain BCW_2900","tetracycline","","8.0","","8.0","mg/L","","","","","","","MIC XGBoost Model","202503101","W1 score: 0.99, CI[0.98, 0.99]","Computational Method","",""
179997,"179997.12","Salmonella enterica subsp. enterica serovar Havana strain BCW_2900","ceftiofur","","1.0","","1.0","mg/L","","","","","","","MIC XGBoost Model","202503101","W1 score: 0.99, CI[0.98, 0.99]","Computational Method","",""
179997,"179997.13","Salmonella enterica subsp. enterica serovar Havana strain BCW_2850","amoxicillin/clavulanic acid","","1.0","","1.0","mg/L","","","","","","","MIC XGBoost Model","202503101","W1 score: 0.98, CI[0.96, 0.99]","Computational Method","",""
179997,"179997.13","Salmonella enterica subsp. enterica serovar Havana strain BCW_2850","ampicillin","","1.0","","1.0","mg/L","","","","","","","MIC XGBoost Model","202503101","W1 score: 0.96, CI[0.95, 0.97]","Computational Method","",""
179997,"179997.13","Salmonella enterica subsp. enterica serovar Havana strain BCW_2850","azithromycin","","4.0","","4.0","mg/L","","","","","","","MIC XGBoost Model","202503101","W1 score: 0.99, CI[0.98, 1.00]","Computational Method","",""
179997,"179997.13","Salmonella enterica subsp. enterica serovar Havana strain BCW_2850","ceftazidime","","64.0","","64.0","mg/L","","","","","","","MIC XGBoost Model","202503101","W1 score: 0.93, CI[0.88, 0.99]","Computational Method","",""
179997,"179997.13","Salmonella enterica subsp. enterica serovar Havana strain BCW_2850","chloramphenicol","","8.0","","8.0","mg/L","","","","","","","MIC XGBoost Model","202503101","W1 score: 0.99, CI[0.98, 1.00]","Computational Method","",""
179997,"179997.13","Salmonella enterica subsp. enterica serovar Havana strain BCW_2850","ciprofloxacin","","0.015625","","0.015625","mg/L","","","","","","","MIC XGBoost Model","202503101","W1 score: 0.88, CI[0.86, 0.90]","Computational Method","",""
179997,"179997.13","Salmonella enterica subsp. enterica serovar Havana strain BCW_2850","ceftriaxone","","1.0","","1.0","mg/L","","","","","","","MIC XGBoost Model","202503101","W1 score: 0.95, CI[0.94, 0.96]","Computational Method","",""
179997,"179997.13","Salmonella enterica subsp. enterica serovar Havana strain BCW_2850","cefotaxime","","64.0","","64.0","mg/L","","","","","","","MIC XGBoost Model","202503101","W1 score: 0.95, CI[0.89, 1.00]","Computational Method","",""
179997,"179997.13","Salmonella enterica subsp. enterica serovar Havana strain BCW_2850","sulfisoxazole","","32.0","","32.0","mg/L","","","","","","","MIC XGBoost Model","202503101","W1 score: 0.98, CI[0.97, 0.99]","Computational Method","",""
179997,"179997.13","Salmonella enterica subsp. enterica serovar Havana strain BCW_2850","cefoxitin","","2.0","","2.0","mg/L","","","","","","","MIC XGBoost Model","202503101","W1 score: 0.98, CI[0.97, 1.00]","Computational Method","",""
179997,"179997.13","Salmonella enterica subsp. enterica serovar Havana strain BCW_2850","gentamicin","","0.5","","0.5","mg/L","","","","","","","MIC XGBoost Model","202503101","W1 score: 0.97, CI[0.95, 0.99]","Computational Method","",""
179997,"179997.13","Salmonella enterica subsp. enterica serovar Havana strain BCW_2850","kanamycin","","8.0","","8.0","mg/L","","","","","","","MIC XGBoost Model","202503101","W1 score: 0.99, CI[0.98, 1.01]","Computational Method","",""
179997,"179997.13","Salmonella enterica subsp. enterica serovar Havana strain BCW_2850","meropenem","","0.125","","0.125","mg/L","","","","","","","MIC XGBoost Model","202503101","W1 score: 0.95, CI[0.90, 1.01]","Computational Method","",""
179997,"179997.13","Salmonella enterica subsp. enterica serovar Havana strain BCW_2850","nalidixic acid","","4.0","","4.0","mg/L","","","","","","","MIC XGBoost Model","202503101","W1 score: 0.98, CI[0.97, 0.99]","Computational Method","",""
179997,"179997.13","Salmonella enterica subsp. enterica serovar Havana strain BCW_2850","streptomycin","","32.0","","32.0","mg/L","","","","","","","MIC XGBoost Model","202503101","W1 score: 0.92, CI[0.90, 0.93]","Computational Method","",""
179997,"179997.13","Salmonella enterica subsp. enterica serovar Havana strain BCW_2850","tetracycline","","4.0","","4.0","mg/L","","","","","","","MIC XGBoost Model","202503101","W1 score: 0.99, CI[0.98, 0.99]","Computational Method","",""
179997,"179997.13","Salmonella enterica subsp. enterica serovar Havana strain BCW_2850","ceftiofur","","1.0","","1.0","mg/L","","","","","","","MIC XGBoost Model","202503101","W1 score: 0.99, CI[0.98, 0.99]","Computational Method","",""
179997,"179997.14","Salmonella enterica subsp. enterica serovar Havana strain BCW_2695","amoxicillin/clavulanic acid","","1.0","","1.0","mg/L","","","","","","","MIC XGBoost Model","202503101","W1 score: 0.98, CI[0.96, 0.99]","Computational Method","",""
179997,"179997.14","Salmonella enterica subsp. enterica serovar Havana strain BCW_2695","ampicillin","","4.0","","4.0","mg/L","","","","","","","MIC XGBoost Model","202503101","W1 score: 0.96, CI[0.95, 0.97]","Computational Method","",""
179997,"179997.14","Salmonella enterica subsp. enterica serovar Havana strain BCW_2695","azithromycin","","4.0","","4.0","mg/L","","","","","","","MIC XGBoost Model","202503101","W1 score: 0.99, CI[0.98, 1.00]","Computational Method","",""
179997,"179997.14","Salmonella enterica subsp. enterica serovar Havana strain BCW_2695","ceftazidime","","16.0","","16.0","mg/L","","","","","","","MIC XGBoost Model","202503101","W1 score: 0.93, CI[0.88, 0.99]","Computational Method","",""
179997,"179997.14","Salmonella enterica subsp. enterica serovar Havana strain BCW_2695","chloramphenicol","","8.0","","8.0","mg/L","","","","","","","MIC XGBoost Model","202503101","W1 score: 0.99, CI[0.98, 1.00]","Computational Method","",""
179997,"179997.14","Salmonella enterica subsp. enterica serovar Havana strain BCW_2695","ciprofloxacin","","0.03125","","0.03125","mg/L","","","","","","","MIC XGBoost Model","202503101","W1 score: 0.88, CI[0.86, 0.90]","Computational Method","",""
179997,"179997.14","Salmonella enterica subsp. enterica serovar Havana strain BCW_2695","ceftriaxone","","0.25","","0.25","mg/L","","","","","","","MIC XGBoost Model","202503101","W1 score: 0.95, CI[0.94, 0.96]","Computational Method","",""
179997,"179997.14","Salmonella enterica subsp. enterica serovar Havana strain BCW_2695","cefotaxime","","16.0","","16.0","mg/L","","","","","","","MIC XGBoost Model","202503101","W1 score: 0.95, CI[0.89, 1.00]","Computational Method","",""
179997,"179997.14","Salmonella enterica subsp. enterica serovar Havana strain BCW_2695","sulfisoxazole","","32.0","","32.0","mg/L","","","","","","","MIC XGBoost Model","202503101","W1 score: 0.98, CI[0.97, 0.99]","Computational Method","",""
179997,"179997.14","Salmonella enterica subsp. enterica serovar Havana strain BCW_2695","cefoxitin","","4.0","","4.0","mg/L","","","","","","","MIC XGBoost Model","202503101","W1 score: 0.98, CI[0.97, 1.00]","Computational Method","",""
179997,"179997.14","Salmonella enterica subsp. enterica serovar Havana strain BCW_2695","gentamicin","","0.5","","0.5","mg/L","","","","","","","MIC XGBoost Model","202503101","W1 score: 0.97, CI[0.95, 0.99]","Computational Method","",""
179997,"179997.14","Salmonella enterica subsp. enterica serovar Havana strain BCW_2695","kanamycin","","8.0","","8.0","mg/L","","","","","","","MIC XGBoost Model","202503101","W1 score: 0.99, CI[0.98, 1.01]","Computational Method","",""
179997,"179997.14","Salmonella enterica subsp. enterica serovar Havana strain BCW_2695","meropenem","","0.25","","0.25","mg/L","","","","","","","MIC XGBoost Model","202503101","W1 score: 0.95, CI[0.90, 1.01]","Computational Method","",""
179997,"179997.14","Salmonella enterica subsp. enterica serovar Havana strain BCW_2695","nalidixic acid","","4.0","","4.0","mg/L","","","","","","","MIC XGBoost Model","202503101","W1 score: 0.98, CI[0.97, 0.99]","Computational Method","",""
179997,"179997.14","Salmonella enterica subsp. enterica serovar Havana strain BCW_2695","streptomycin","","16.0","","16.0","mg/L","","","","","","","MIC XGBoost Model","202503101","W1 score: 0.92, CI[0.90, 0.93]","Computational Method","",""
179997,"179997.14","Salmonella enterica subsp. enterica serovar Havana strain BCW_2695","tetracycline","","4.0","","4.0","mg/L","","","","","","","MIC XGBoost Model","202503101","W1 score: 0.99, CI[0.98, 0.99]","Computational Method","",""
179997,"179997.14","Salmonella enterica subsp. enterica serovar Havana strain BCW_2695","ceftiofur","","1.0","","1.0","mg/L","","","","","","","MIC XGBoost Model","202503101","W1 score: 0.99, CI[0.98, 0.99]","Computational Method","",""
179997,"179997.15","Salmonella enterica subsp. enterica serovar Havana strain BCW_2696","amoxicillin/clavulanic acid","","1.0","","1.0","mg/L","","","","","","","MIC XGBoost Model","202503101","W1 score: 0.98, CI[0.96, 0.99]","Computational Method","",""
179997,"179997.15","Salmonella enterica subsp. enterica serovar Havana strain BCW_2696","ampicillin","","4.0","","4.0","mg/L","","","","","","","MIC XGBoost Model","202503101","W1 score: 0.96, CI[0.95, 0.97]","Computational Method","",""
179997,"179997.15","Salmonella enterica subsp. enterica serovar Havana strain BCW_2696","azithromycin","","4.0","","4.0","mg/L","","","","","","","MIC XGBoost Model","202503101","W1 score: 0.99, CI[0.98, 1.00]","Computational Method","",""
179997,"179997.15","Salmonella enterica subsp. enterica serovar Havana strain BCW_2696","ceftazidime","","32.0","","32.0","mg/L","","","","","","","MIC XGBoost Model","202503101","W1 score: 0.93, CI[0.88, 0.99]","Computational Method","",""
179997,"179997.15","Salmonella enterica subsp. enterica serovar Havana strain BCW_2696","chloramphenicol","","8.0","","8.0","mg/L","","","","","","","MIC XGBoost Model","202503101","W1 score: 0.99, CI[0.98, 1.00]","Computational Method","",""
179997,"179997.15","Salmonella enterica subsp. enterica serovar Havana strain BCW_2696","ciprofloxacin","","0.015625","","0.015625","mg/L","","","","","","","MIC XGBoost Model","202503101","W1 score: 0.88, CI[0.86, 0.90]","Computational Method","",""
179997,"179997.15","Salmonella enterica subsp. enterica serovar Havana strain BCW_2696","ceftriaxone","","0.5","","0.5","mg/L","","","","","","","MIC XGBoost Model","202503101","W1 score: 0.95, CI[0.94, 0.96]","Computational Method","",""
179997,"179997.15","Salmonella enterica subsp. enterica serovar Havana strain BCW_2696","cefotaxime","","32.0","","32.0","mg/L","","","","","","","MIC XGBoost Model","202503101","W1 score: 0.95, CI[0.89, 1.00]","Computational Method","",""
179997,"179997.15","Salmonella enterica subsp. enterica serovar Havana strain BCW_2696","sulfisoxazole","","32.0","","32.0","mg/L","","","","","","","MIC XGBoost Model","202503101","W1 score: 0.98, CI[0.97, 0.99]","Computational Method","",""
179997,"179997.15","Salmonella enterica subsp. enterica serovar Havana strain BCW_2696","cefoxitin","","4.0","","4.0","mg/L","","","","","","","MIC XGBoost Model","202503101","W1 score: 0.98, CI[0.97, 1.00]","Computational Method","",""
179997,"179997.15","Salmonella enterica subsp. enterica serovar Havana strain BCW_2696","gentamicin","","0.5","","0.5","mg/L","","","","","","","MIC XGBoost Model","202503101","W1 score: 0.97, CI[0.95, 0.99]","Computational Method","",""
179997,"179997.15","Salmonella enterica subsp. enterica serovar Havana strain BCW_2696","kanamycin","","8.0","","8.0","mg/L","","","","","","","MIC XGBoost Model","202503101","W1 score: 0.99, CI[0.98, 1.01]","Computational Method","",""
179997,"179997.15","Salmonella enterica subsp. enterica serovar Havana strain BCW_2696","meropenem","","8.0","","8.0","mg/L","","","","","","","MIC XGBoost Model","202503101","W1 score: 0.95, CI[0.90, 1.01]","Computational Method","",""
179997,"179997.15","Salmonella enterica subsp. enterica serovar Havana strain BCW_2696","nalidixic acid","","4.0","","4.0","mg/L","","","","","","","MIC XGBoost Model","202503101","W1 score: 0.98, CI[0.97, 0.99]","Computational Method","",""
179997,"179997.15","Salmonella enterica subsp. enterica serovar Havana strain BCW_2696","streptomycin","","16.0","","16.0","mg/L","","","","","","","MIC XGBoost Model","202503101","W1 score: 0.92, CI[0.90, 0.93]","Computational Method","",""
179997,"179997.15","Salmonella enterica subsp. enterica serovar Havana strain BCW_2696","tetracycline","","4.0","","4.0","mg/L","","","","","","","MIC XGBoost Model","202503101","W1 score: 0.99, CI[0.98, 0.99]","Computational Method","",""
179997,"179997.15","Salmonella enterica subsp. enterica serovar Havana strain BCW_2696","ceftiofur","","1.0","","1.0","mg/L","","","","","","","MIC XGBoost Model","202503101","W1 score: 0.99, CI[0.98, 0.99]","Computational Method","",""
179997,"179997.16","Salmonella enterica subsp. enterica serovar Havana strain BCW_2694","amoxicillin/clavulanic acid","","1.0","","1.0","mg/L","","","","","","","MIC XGBoost Model","202503101","W1 score: 0.98, CI[0.96, 0.99]","Computational Method","",""
179997,"179997.16","Salmonella enterica subsp. enterica serovar Havana strain BCW_2694","ampicillin","","1.0","","1.0","mg/L","","","","","","","MIC XGBoost Model","202503101","W1 score: 0.96, CI[0.95, 0.97]","Computational Method","",""
179997,"179997.16","Salmonella enterica subsp. enterica serovar Havana strain BCW_2694","azithromycin","","4.0","","4.0","mg/L","","","","","","","MIC XGBoost Model","202503101","W1 score: 0.99, CI[0.98, 1.00]","Computational Method","",""
179997,"179997.16","Salmonella enterica subsp. enterica serovar Havana strain BCW_2694","ceftazidime","","128.0","","128.0","mg/L","","","","","","","MIC XGBoost Model","202503101","W1 score: 0.93, CI[0.88, 0.99]","Computational Method","",""
179997,"179997.16","Salmonella enterica subsp. enterica serovar Havana strain BCW_2694","chloramphenicol","","8.0","","8.0","mg/L","","","","","","","MIC XGBoost Model","202503101","W1 score: 0.99, CI[0.98, 1.00]","Computational Method","",""
179997,"179997.16","Salmonella enterica subsp. enterica serovar Havana strain BCW_2694","ciprofloxacin","","0.015625","","0.015625","mg/L","","","","","","","MIC XGBoost Model","202503101","W1 score: 0.88, CI[0.86, 0.90]","Computational Method","",""
179997,"179997.16","Salmonella enterica subsp. enterica serovar Havana strain BCW_2694","ceftriaxone","","1.0","","1.0","mg/L","","","","","","","MIC XGBoost Model","202503101","W1 score: 0.95, CI[0.94, 0.96]","Computational Method","",""
179997,"179997.16","Salmonella enterica subsp. enterica serovar Havana strain BCW_2694","cefotaxime","","64.0","","64.0","mg/L","","","","","","","MIC XGBoost Model","202503101","W1 score: 0.95, CI[0.89, 1.00]","Computational Method","",""
179997,"179997.16","Salmonella enterica subsp. enterica serovar Havana strain BCW_2694","sulfisoxazole","","32.0","","32.0","mg/L","","","","","","","MIC XGBoost Model","202503101","W1 score: 0.98, CI[0.97, 0.99]","Computational Method","",""
179997,"179997.16","Salmonella enterica subsp. enterica serovar Havana strain BCW_2694","cefoxitin","","2.0","","2.0","mg/L","","","","","","","MIC XGBoost Model","202503101","W1 score: 0.98, CI[0.97, 1.00]","Computational Method","",""
179997,"179997.16","Salmonella enterica subsp. enterica serovar Havana strain BCW_2694","gentamicin","","0.5","","0.5","mg/L","","","","","","","MIC XGBoost Model","202503101","W1 score: 0.97, CI[0.95, 0.99]","Computational Method","",""
179997,"179997.16","Salmonella enterica subsp. enterica serovar Havana strain BCW_2694","kanamycin","","8.0","","8.0","mg/L","","","","","","","MIC XGBoost Model","202503101","W1 score: 0.99, CI[0.98, 1.01]","Computational Method","",""
179997,"179997.16","Salmonella enterica subsp. enterica serovar Havana strain BCW_2694","meropenem","","0.125","","0.125","mg/L","","","","","","","MIC XGBoost Model","202503101","W1 score: 0.95, CI[0.90, 1.01]","Computational Method","",""
179997,"179997.16","Salmonella enterica subsp. enterica serovar Havana strain BCW_2694","nalidixic acid","","4.0","","4.0","mg/L","","","","","","","MIC XGBoost Model","202503101","W1 score: 0.98, CI[0.97, 0.99]","Computational Method","",""
179997,"179997.16","Salmonella enterica subsp. enterica serovar Havana strain BCW_2694","streptomycin","","16.0","","16.0","mg/L","","","","","","","MIC XGBoost Model","202503101","W1 score: 0.92, CI[0.90, 0.93]","Computational Method","",""
179997,"179997.16","Salmonella enterica subsp. enterica serovar Havana strain BCW_2694","tetracycline","","4.0","","4.0","mg/L","","","","","","","MIC XGBoost Model","202503101","W1 score: 0.99, CI[0.98, 0.99]","Computational Method","",""
179997,"179997.16","Salmonella enterica subsp. enterica serovar Havana strain BCW_2694","ceftiofur","","1.0","","1.0","mg/L","","","","","","","MIC XGBoost Model","202503101","W1 score: 0.99, CI[0.98, 0.99]","Computational Method","",""
179997,"179997.18","Salmonella enterica subsp. enterica serovar Havana strain 143","amoxicillin/clavulanic acid","","1.0","","1.0","mg/L","","","","","","","MIC XGBoost Model","202503101","W1 score: 0.98, CI[0.96, 0.99]","Computational Method","",""
179997,"179997.18","Salmonella enterica subsp. enterica serovar Havana strain 143","ampicillin","","4.0","","4.0","mg/L","","","","","","","MIC XGBoost Model","202503101","W1 score: 0.96, CI[0.95, 0.97]","Computational Method","",""
179997,"179997.18","Salmonella enterica subsp. enterica serovar Havana strain 143","azithromycin","","4.0","","4.0","mg/L","","","","","","","MIC XGBoost Model","202503101","W1 score: 0.99, CI[0.98, 1.00]","Computational Method","",""
179997,"179997.18","Salmonella enterica subsp. enterica serovar Havana strain 143","ceftazidime","","4.0","","4.0","mg/L","","","","","","","MIC XGBoost Model","202503101","W1 score: 0.93, CI[0.88, 0.99]","Computational Method","",""
179997,"179997.18","Salmonella enterica subsp. enterica serovar Havana strain 143","chloramphenicol","","8.0","","8.0","mg/L","","","","","","","MIC XGBoost Model","202503101","W1 score: 0.99, CI[0.98, 1.00]","Computational Method","",""
179997,"179997.18","Salmonella enterica subsp. enterica serovar Havana strain 143","ciprofloxacin","","0.015625","","0.015625","mg/L","","","","","","","MIC XGBoost Model","202503101","W1 score: 0.88, CI[0.86, 0.90]","Computational Method","",""
179997,"179997.18","Salmonella enterica subsp. enterica serovar Havana strain 143","ceftriaxone","","0.25","","0.25","mg/L","","","","","","","MIC XGBoost Model","202503101","W1 score: 0.95, CI[0.94, 0.96]","Computational Method","",""
179997,"179997.18","Salmonella enterica subsp. enterica serovar Havana strain 143","cefotaxime","","32.0","","32.0","mg/L","","","","","","","MIC XGBoost Model","202503101","W1 score: 0.95, CI[0.89, 1.00]","Computational Method","",""
179997,"179997.18","Salmonella enterica subsp. enterica serovar Havana strain 143","sulfisoxazole","","32.0","","32.0","mg/L","","","","","","","MIC XGBoost Model","202503101","W1 score: 0.98, CI[0.97, 0.99]","Computational Method","",""
179997,"179997.18","Salmonella enterica subsp. enterica serovar Havana strain 143","cefoxitin","","4.0","","4.0","mg/L","","","","","","","MIC XGBoost Model","202503101","W1 score: 0.98, CI[0.97, 1.00]","Computational Method","",""
179997,"179997.18","Salmonella enterica subsp. enterica serovar Havana strain 143","gentamicin","","0.5","","0.5","mg/L","","","","","","","MIC XGBoost Model","202503101","W1 score: 0.97, CI[0.95, 0.99]","Computational Method","",""
179997,"179997.18","Salmonella enterica subsp. enterica serovar Havana strain 143","kanamycin","","8.0","","8.0","mg/L","","","","","","","MIC XGBoost Model","202503101","W1 score: 0.99, CI[0.98, 1.01]","Computational Method","",""
179997,"179997.18","Salmonella enterica subsp. enterica serovar Havana strain 143","meropenem","","0.25","","0.25","mg/L","","","","","","","MIC XGBoost Model","202503101","W1 score: 0.95, CI[0.90, 1.01]","Computational Method","",""
179997,"179997.18","Salmonella enterica subsp. enterica serovar Havana strain 143","nalidixic acid","","4.0","","4.0","mg/L","","","","","","","MIC XGBoost Model","202503101","W1 score: 0.98, CI[0.97, 0.99]","Computational Method","",""
179997,"179997.18","Salmonella enterica subsp. enterica serovar Havana strain 143","streptomycin","","32.0","","32.0","mg/L","","","","","","","MIC XGBoost Model","202503101","W1 score: 0.92, CI[0.90, 0.93]","Computational Method","",""
179997,"179997.18","Salmonella enterica subsp. enterica serovar Havana strain 143","tetracycline","","4.0","","4.0","mg/L","","","","","","","MIC XGBoost Model","202503101","W1 score: 0.99, CI[0.98, 0.99]","Computational Method","",""
179997,"179997.18","Salmonella enterica subsp. enterica serovar Havana strain 143","ceftiofur","","1.0","","1.0","mg/L","","","","","","","MIC XGBoost Model","202503101","W1 score: 0.99, CI[0.98, 0.99]","Computational Method","",""
179997,"179997.19","Salmonella enterica subsp. enterica serovar Havana strain NCTC6086","amoxicillin/clavulanic acid","","1.0","","1.0","mg/L","","","","","","","MIC XGBoost Model","202503101","W1 score: 0.98, CI[0.96, 0.99]","Computational Method","",""
179997,"179997.19","Salmonella enterica subsp. enterica serovar Havana strain NCTC6086","ampicillin","","4.0","","4.0","mg/L","","","","","","","MIC XGBoost Model","202503101","W1 score: 0.96, CI[0.95, 0.97]","Computational Method","",""
179997,"179997.19","Salmonella enterica subsp. enterica serovar Havana strain NCTC6086","azithromycin","","4.0","","4.0","mg/L","","","","","","","MIC XGBoost Model","202503101","W1 score: 0.99, CI[0.98, 1.00]","Computational Method","",""
179997,"179997.19","Salmonella enterica subsp. enterica serovar Havana strain NCTC6086","ceftazidime","","8.0","","8.0","mg/L","","","","","","","MIC XGBoost Model","202503101","W1 score: 0.93, CI[0.88, 0.99]","Computational Method","",""
179997,"179997.19","Salmonella enterica subsp. enterica serovar Havana strain NCTC6086","chloramphenicol","","8.0","","8.0","mg/L","","","","","","","MIC XGBoost Model","202503101","W1 score: 0.99, CI[0.98, 1.00]","Computational Method","",""
179997,"179997.19","Salmonella enterica subsp. enterica serovar Havana strain NCTC6086","ciprofloxacin","","0.015625","","0.015625","mg/L","","","","","","","MIC XGBoost Model","202503101","W1 score: 0.88, CI[0.86, 0.90]","Computational Method","",""
179997,"179997.19","Salmonella enterica subsp. enterica serovar Havana strain NCTC6086","ceftriaxone","","0.25","","0.25","mg/L","","","","","","","MIC XGBoost Model","202503101","W1 score: 0.95, CI[0.94, 0.96]","Computational Method","",""
179997,"179997.19","Salmonella enterica subsp. enterica serovar Havana strain NCTC6086","cefotaxime","","8.0","","8.0","mg/L","","","","","","","MIC XGBoost Model","202503101","W1 score: 0.95, CI[0.89, 1.00]","Computational Method","",""
179997,"179997.19","Salmonella enterica subsp. enterica serovar Havana strain NCTC6086","sulfisoxazole","","32.0","","32.0","mg/L","","","","","","","MIC XGBoost Model","202503101","W1 score: 0.98, CI[0.97, 0.99]","Computational Method","",""
179997,"179997.19","Salmonella enterica subsp. enterica serovar Havana strain NCTC6086","cefoxitin","","4.0","","4.0","mg/L","","","","","","","MIC XGBoost Model","202503101","W1 score: 0.98, CI[0.97, 1.00]","Computational Method","",""
179997,"179997.19","Salmonella enterica subsp. enterica serovar Havana strain NCTC6086","gentamicin","","0.5","","0.5","mg/L","","","","","","","MIC XGBoost Model","202503101","W1 score: 0.97, CI[0.95, 0.99]","Computational Method","",""
179997,"179997.19","Salmonella enterica subsp. enterica serovar Havana strain NCTC6086","kanamycin","","8.0","","8.0","mg/L","","","","","","","MIC XGBoost Model","202503101","W1 score: 0.99, CI[0.98, 1.01]","Computational Method","",""
179997,"179997.19","Salmonella enterica subsp. enterica serovar Havana strain NCTC6086","meropenem","","8.0","","8.0","mg/L","","","","","","","MIC XGBoost Model","202503101","W1 score: 0.95, CI[0.90, 1.01]","Computational Method","",""
179997,"179997.19","Salmonella enterica subsp. enterica serovar Havana strain NCTC6086","nalidixic acid","","4.0","","4.0","mg/L","","","","","","","MIC XGBoost Model","202503101","W1 score: 0.98, CI[0.97, 0.99]","Computational Method","",""
179997,"179997.19","Salmonella enterica subsp. enterica serovar Havana strain NCTC6086","streptomycin","","16.0","","16.0","mg/L","","","","","","","MIC XGBoost Model","202503101","W1 score: 0.92, CI[0.90, 0.93]","Computational Method","",""
179997,"179997.19","Salmonella enterica subsp. enterica serovar Havana strain NCTC6086","tetracycline","","4.0","","4.0","mg/L","","","","","","","MIC XGBoost Model","202503101","W1 score: 0.99, CI[0.98, 0.99]","Computational Method","",""
179997,"179997.19","Salmonella enterica subsp. enterica serovar Havana strain NCTC6086","ceftiofur","","1.0","","1.0","mg/L","","","","","","","MIC XGBoost Model","202503101","W1 score: 0.99, CI[0.98, 0.99]","Computational Method","",""
179997,"179997.23","Salmonella enterica subsp. enterica serovar Havana strain F40","amoxicillin/clavulanic acid","","1.0","","1.0","mg/L","","","","","","","MIC XGBoost Model","202503101","W1 score: 0.98, CI[0.96, 0.99]","Computational Method","",""
179997,"179997.23","Salmonella enterica subsp. enterica serovar Havana strain F40","ampicillin","","4.0","","4.0","mg/L","","","","","","","MIC XGBoost Model","202503101","W1 score: 0.96, CI[0.95, 0.97]","Computational Method","",""
179997,"179997.23","Salmonella enterica subsp. enterica serovar Havana strain F40","azithromycin","","4.0","","4.0","mg/L","","","","","","","MIC XGBoost Model","202503101","W1 score: 0.99, CI[0.98, 1.00]","Computational Method","",""
179997,"179997.23","Salmonella enterica subsp. enterica serovar Havana strain F40","ceftazidime","","16.0","","16.0","mg/L","","","","","","","MIC XGBoost Model","202503101","W1 score: 0.93, CI[0.88, 0.99]","Computational Method","",""
179997,"179997.23","Salmonella enterica subsp. enterica serovar Havana strain F40","chloramphenicol","","8.0","","8.0","mg/L","","","","","","","MIC XGBoost Model","202503101","W1 score: 0.99, CI[0.98, 1.00]","Computational Method","",""
179997,"179997.23","Salmonella enterica subsp. enterica serovar Havana strain F40","ciprofloxacin","","0.03125","","0.03125","mg/L","","","","","","","MIC XGBoost Model","202503101","W1 score: 0.88, CI[0.86, 0.90]","Computational Method","",""
179997,"179997.23","Salmonella enterica subsp. enterica serovar Havana strain F40","ceftriaxone","","1.0","","1.0","mg/L","","","","","","","MIC XGBoost Model","202503101","W1 score: 0.95, CI[0.94, 0.96]","Computational Method","",""
179997,"179997.23","Salmonella enterica subsp. enterica serovar Havana strain F40","cefotaxime","","16.0","","16.0","mg/L","","","","","","","MIC XGBoost Model","202503101","W1 score: 0.95, CI[0.89, 1.00]","Computational Method","",""
179997,"179997.23","Salmonella enterica subsp. enterica serovar Havana strain F40","sulfisoxazole","","256.0","","256.0","mg/L","","","","","","","MIC XGBoost Model","202503101","W1 score: 0.98, CI[0.97, 0.99]","Computational Method","",""
179997,"179997.23","Salmonella enterica subsp. enterica serovar Havana strain F40","cefoxitin","","4.0","","4.0","mg/L","","","","","","","MIC XGBoost Model","202503101","W1 score: 0.98, CI[0.97, 1.00]","Computational Method","",""
179997,"179997.23","Salmonella enterica subsp. enterica serovar Havana strain F40","gentamicin","","1.0","","1.0","mg/L","","","","","","","MIC XGBoost Model","202503101","W1 score: 0.97, CI[0.95, 0.99]","Computational Method","",""
179997,"179997.23","Salmonella enterica subsp. enterica serovar Havana strain F40","kanamycin","","8.0","","8.0","mg/L","","","","","","","MIC XGBoost Model","202503101","W1 score: 0.99, CI[0.98, 1.01]","Computational Method","",""
179997,"179997.23","Salmonella enterica subsp. enterica serovar Havana strain F40","meropenem","","0.5","","0.5","mg/L","","","","","","","MIC XGBoost Model","202503101","W1 score: 0.95, CI[0.90, 1.01]","Computational Method","",""
179997,"179997.23","Salmonella enterica subsp. enterica serovar Havana strain F40","nalidixic acid","","4.0","","4.0","mg/L","","","","","","","MIC XGBoost Model","202503101","W1 score: 0.98, CI[0.97, 0.99]","Computational Method","",""
179997,"179997.23","Salmonella enterica subsp. enterica serovar Havana strain F40","streptomycin","","32.0","","32.0","mg/L","","","","","","","MIC XGBoost Model","202503101","W1 score: 0.92, CI[0.90, 0.93]","Computational Method","",""
179997,"179997.23","Salmonella enterica subsp. enterica serovar Havana strain F40","tetracycline","","32.0","","32.0","mg/L","","","","","","","MIC XGBoost Model","202503101","W1 score: 0.99, CI[0.98, 0.99]","Computational Method","",""
179997,"179997.23","Salmonella enterica subsp. enterica serovar Havana strain F40","ceftiofur","","1.0","","1.0","mg/L","","","","","","","MIC XGBoost Model","202503101","W1 score: 0.99, CI[0.98, 0.99]","Computational Method","",""
179997,"179997.24","Salmonella enterica subsp. enterica serovar Havana strain CVM 20761","amoxicillin/clavulanic acid","","1.0","","1.0","mg/L","","","","","","","MIC XGBoost Model","202503101","W1 score: 0.98, CI[0.96, 0.99]","Computational Method","",""
179997,"179997.24","Salmonella enterica subsp. enterica serovar Havana strain CVM 20761","ampicillin","","1.0","","1.0","mg/L","","","","","","","MIC XGBoost Model","202503101","W1 score: 0.96, CI[0.95, 0.97]","Computational Method","",""
179997,"179997.24","Salmonella enterica subsp. enterica serovar Havana strain CVM 20761","azithromycin","","4.0","","4.0","mg/L","","","","","","","MIC XGBoost Model","202503101","W1 score: 0.99, CI[0.98, 1.00]","Computational Method","",""
179997,"179997.24","Salmonella enterica subsp. enterica serovar Havana strain CVM 20761","ceftazidime","","32.0","","32.0","mg/L","","","","","","","MIC XGBoost Model","202503101","W1 score: 0.93, CI[0.88, 0.99]","Computational Method","",""
179997,"179997.24","Salmonella enterica subsp. enterica serovar Havana strain CVM 20761","chloramphenicol","","16.0","","16.0","mg/L","","","","","","","MIC XGBoost Model","202503101","W1 score: 0.99, CI[0.98, 1.00]","Computational Method","",""
179997,"179997.24","Salmonella enterica subsp. enterica serovar Havana strain CVM 20761","ciprofloxacin","","0.015625","","0.015625","mg/L","","","","","","","MIC XGBoost Model","202503101","W1 score: 0.88, CI[0.86, 0.90]","Computational Method","",""
179997,"179997.24","Salmonella enterica subsp. enterica serovar Havana strain CVM 20761","ceftriaxone","","0.25","","0.25","mg/L","","","","","","","MIC XGBoost Model","202503101","W1 score: 0.95, CI[0.94, 0.96]","Computational Method","",""
179997,"179997.24","Salmonella enterica subsp. enterica serovar Havana strain CVM 20761","cefotaxime","","64.0","","64.0","mg/L","","","","","","","MIC XGBoost Model","202503101","W1 score: 0.95, CI[0.89, 1.00]","Computational Method","",""
179997,"179997.24","Salmonella enterica subsp. enterica serovar Havana strain CVM 20761","sulfisoxazole","","128.0","","128.0","mg/L","","","","","","","MIC XGBoost Model","202503101","W1 score: 0.98, CI[0.97, 0.99]","Computational Method","",""
179997,"179997.24","Salmonella enterica subsp. enterica serovar Havana strain CVM 20761","cefoxitin","","2.0","","2.0","mg/L","","","","","","","MIC XGBoost Model","202503101","W1 score: 0.98, CI[0.97, 1.00]","Computational Method","",""
179997,"179997.24","Salmonella enterica subsp. enterica serovar Havana strain CVM 20761","gentamicin","","4.0","","4.0","mg/L","","","","","","","MIC XGBoost Model","202503101","W1 score: 0.97, CI[0.95, 0.99]","Computational Method","",""
179997,"179997.24","Salmonella enterica subsp. enterica serovar Havana strain CVM 20761","kanamycin","","8.0","","8.0","mg/L","","","","","","","MIC XGBoost Model","202503101","W1 score: 0.99, CI[0.98, 1.01]","Computational Method","",""
179997,"179997.24","Salmonella enterica subsp. enterica serovar Havana strain CVM 20761","meropenem","","0.125","","0.125","mg/L","","","","","","","MIC XGBoost Model","202503101","W1 score: 0.95, CI[0.90, 1.01]","Computational Method","",""
179997,"179997.24","Salmonella enterica subsp. enterica serovar Havana strain CVM 20761","nalidixic acid","","4.0","","4.0","mg/L","","","","","","","MIC XGBoost Model","202503101","W1 score: 0.98, CI[0.97, 0.99]","Computational Method","",""
179997,"179997.24","Salmonella enterica subsp. enterica serovar Havana strain CVM 20761","streptomycin","","32.0","","32.0","mg/L","","","","","","","MIC XGBoost Model","202503101","W1 score: 0.92, CI[0.90, 0.93]","Computational Method","",""
179997,"179997.24","Salmonella enterica subsp. enterica serovar Havana strain CVM 20761","tetracycline","","32.0","","32.0","mg/L","","","","","","","MIC XGBoost Model","202503101","W1 score: 0.99, CI[0.98, 0.99]","Computational Method","",""
179997,"179997.24","Salmonella enterica subsp. enterica serovar Havana strain CVM 20761","ceftiofur","","1.0","","1.0","mg/L","","","","","","","MIC XGBoost Model","202503101","W1 score: 0.99, CI[0.98, 0.99]","Computational Method","",""
179997,"179997.28","Salmonella enterica subsp. enterica serovar Havana SEDGO276B","amoxicillin/clavulanic acid","","1.0","","1.0","mg/L","","","","","","","MIC XGBoost Model","202503101","W1 score: 0.98, CI[0.96, 0.99]","Computational Method","",""
179997,"179997.28","Salmonella enterica subsp. enterica serovar Havana SEDGO276B","ampicillin","","8.0","","8.0","mg/L","","","","","","","MIC XGBoost Model","202503101","W1 score: 0.96, CI[0.95, 0.97]","Computational Method","",""
179997,"179997.28","Salmonella enterica subsp. enterica serovar Havana SEDGO276B","azithromycin","","4.0","","4.0","mg/L","","","","","","","MIC XGBoost Model","202503101","W1 score: 0.99, CI[0.98, 1.00]","Computational Method","",""
179997,"179997.28","Salmonella enterica subsp. enterica serovar Havana SEDGO276B","ceftazidime","","32.0","","32.0","mg/L","","","","","","","MIC XGBoost Model","202503101","W1 score: 0.93, CI[0.88, 0.99]","Computational Method","",""
179997,"179997.28","Salmonella enterica subsp. enterica serovar Havana SEDGO276B","chloramphenicol","","16.0","","16.0","mg/L","","","","","","","MIC XGBoost Model","202503101","W1 score: 0.99, CI[0.98, 1.00]","Computational Method","",""
179997,"179997.28","Salmonella enterica subsp. enterica serovar Havana SEDGO276B","ciprofloxacin","","8.0","","8.0","mg/L","","","","","","","MIC XGBoost Model","202503101","W1 score: 0.88, CI[0.86, 0.90]","Computational Method","",""
179997,"179997.28","Salmonella enterica subsp. enterica serovar Havana SEDGO276B","ceftriaxone","","4.0","","4.0","mg/L","","","","","","","MIC XGBoost Model","202503101","W1 score: 0.95, CI[0.94, 0.96]","Computational Method","",""
179997,"179997.28","Salmonella enterica subsp. enterica serovar Havana SEDGO276B","cefotaxime","","16.0","","16.0","mg/L","","","","","","","MIC XGBoost Model","202503101","W1 score: 0.95, CI[0.89, 1.00]","Computational Method","",""
179997,"179997.28","Salmonella enterica subsp. enterica serovar Havana SEDGO276B","sulfisoxazole","","32.0","","32.0","mg/L","","","","","","","MIC XGBoost Model","202503101","W1 score: 0.98, CI[0.97, 0.99]","Computational Method","",""
179997,"179997.28","Salmonella enterica subsp. enterica serovar Havana SEDGO276B","cefoxitin","","4.0","","4.0","mg/L","","","","","","","MIC XGBoost Model","202503101","W1 score: 0.98, CI[0.97, 1.00]","Computational Method","",""
179997,"179997.28","Salmonella enterica subsp. enterica serovar Havana SEDGO276B","gentamicin","","0.5","","0.5","mg/L","","","","","","","MIC XGBoost Model","202503101","W1 score: 0.97, CI[0.95, 0.99]","Computational Method","",""
179997,"179997.28","Salmonella enterica subsp. enterica serovar Havana SEDGO276B","kanamycin","","8.0","","8.0","mg/L","","","","","","","MIC XGBoost Model","202503101","W1 score: 0.99, CI[0.98, 1.01]","Computational Method","",""
179997,"179997.28","Salmonella enterica subsp. enterica serovar Havana SEDGO276B","meropenem","","0.125","","0.125","mg/L","","","","","","","MIC XGBoost Model","202503101","W1 score: 0.95, CI[0.90, 1.01]","Computational Method","",""
179997,"179997.28","Salmonella enterica subsp. enterica serovar Havana SEDGO276B","nalidixic acid","","16.0","","16.0","mg/L","","","","","","","MIC XGBoost Model","202503101","W1 score: 0.98, CI[0.97, 0.99]","Computational Method","",""
179997,"179997.28","Salmonella enterica subsp. enterica serovar Havana SEDGO276B","streptomycin","","32.0","","32.0","mg/L","","","","","","","MIC XGBoost Model","202503101","W1 score: 0.92, CI[0.90, 0.93]","Computational Method","",""
179997,"179997.28","Salmonella enterica subsp. enterica serovar Havana SEDGO276B","tetracycline","","16.0","","16.0","mg/L","","","","","","","MIC XGBoost Model","202503101","W1 score: 0.99, CI[0.98, 0.99]","Computational Method","",""
179997,"179997.28","Salmonella enterica subsp. enterica serovar Havana SEDGO276B","ceftiofur","","1.0","","1.0","mg/L","","","","","","","MIC XGBoost Model","202503101","W1 score: 0.99, CI[0.98, 0.99]","Computational Method","",""
179997,"179997.7","Salmonella enterica subsp. enterica serovar Havana strain 87-0094","amoxicillin/clavulanic acid","","1.0","","1.0","mg/L","","","","","","","MIC XGBoost Model","202503101","W1 score: 0.98, CI[0.96, 0.99]","Computational Method","",""
179997,"179997.7","Salmonella enterica subsp. enterica serovar Havana strain 87-0094","ampicillin","","4.0","","4.0","mg/L","","","","","","","MIC XGBoost Model","202503101","W1 score: 0.96, CI[0.95, 0.97]","Computational Method","",""
179997,"179997.7","Salmonella enterica subsp. enterica serovar Havana strain 87-0094","azithromycin","","4.0","","4.0","mg/L","","","","","","","MIC XGBoost Model","202503101","W1 score: 0.99, CI[0.98, 1.00]","Computational Method","",""
179997,"179997.7","Salmonella enterica subsp. enterica serovar Havana strain 87-0094","ceftazidime","","16.0","","16.0","mg/L","","","","","","","MIC XGBoost Model","202503101","W1 score: 0.93, CI[0.88, 0.99]","Computational Method","",""
179997,"179997.7","Salmonella enterica subsp. enterica serovar Havana strain 87-0094","chloramphenicol","","8.0","","8.0","mg/L","","","","","","","MIC XGBoost Model","202503101","W1 score: 0.99, CI[0.98, 1.00]","Computational Method","",""
179997,"179997.7","Salmonella enterica subsp. enterica serovar Havana strain 87-0094","ciprofloxacin","","0.015625","","0.015625","mg/L","","","","","","","MIC XGBoost Model","202503101","W1 score: 0.88, CI[0.86, 0.90]","Computational Method","",""
179997,"179997.7","Salmonella enterica subsp. enterica serovar Havana strain 87-0094","ceftriaxone","","1.0","","1.0","mg/L","","","","","","","MIC XGBoost Model","202503101","W1 score: 0.95, CI[0.94, 0.96]","Computational Method","",""
179997,"179997.7","Salmonella enterica subsp. enterica serovar Havana strain 87-0094","cefotaxime","","32.0","","32.0","mg/L","","","","","","","MIC XGBoost Model","202503101","W1 score: 0.95, CI[0.89, 1.00]","Computational Method","",""
179997,"179997.7","Salmonella enterica subsp. enterica serovar Havana strain 87-0094","sulfisoxazole","","32.0","","32.0","mg/L","","","","","","","MIC XGBoost Model","202503101","W1 score: 0.98, CI[0.97, 0.99]","Computational Method","",""
179997,"179997.7","Salmonella enterica subsp. enterica serovar Havana strain 87-0094","cefoxitin","","4.0","","4.0","mg/L","","","","","","","MIC XGBoost Model","202503101","W1 score: 0.98, CI[0.97, 1.00]","Computational Method","",""
179997,"179997.7","Salmonella enterica subsp. enterica serovar Havana strain 87-0094","gentamicin","","0.5","","0.5","mg/L","","","","","","","MIC XGBoost Model","202503101","W1 score: 0.97, CI[0.95, 0.99]","Computational Method","",""
179997,"179997.7","Salmonella enterica subsp. enterica serovar Havana strain 87-0094","kanamycin","","8.0","","8.0","mg/L","","","","","","","MIC XGBoost Model","202503101","W1 score: 0.99, CI[0.98, 1.01]","Computational Method","",""
179997,"179997.7","Salmonella enterica subsp. enterica serovar Havana strain 87-0094","meropenem","","0.25","","0.25","mg/L","","","","","","","MIC XGBoost Model","202503101","W1 score: 0.95, CI[0.90, 1.01]","Computational Method","",""
179997,"179997.7","Salmonella enterica subsp. enterica serovar Havana strain 87-0094","nalidixic acid","","4.0","","4.0","mg/L","","","","","","","MIC XGBoost Model","202503101","W1 score: 0.98, CI[0.97, 0.99]","Computational Method","",""
179997,"179997.7","Salmonella enterica subsp. enterica serovar Havana strain 87-0094","streptomycin","","32.0","","32.0","mg/L","","","","","","","MIC XGBoost Model","202503101","W1 score: 0.92, CI[0.90, 0.93]","Computational Method","",""
179997,"179997.7","Salmonella enterica subsp. enterica serovar Havana strain 87-0094","tetracycline","","4.0","","4.0","mg/L","","","","","","","MIC XGBoost Model","202503101","W1 score: 0.99, CI[0.98, 0.99]","Computational Method","",""
179997,"179997.7","Salmonella enterica subsp. enterica serovar Havana strain 87-0094","ceftiofur","","1.0","","1.0","mg/L","","","","","","","MIC XGBoost Model","202503101","W1 score: 0.99, CI[0.98, 0.99]","Computational Method","",""
179997,"179997.8","Salmonella enterica subsp. enterica serovar Havana strain 97-0232","amoxicillin/clavulanic acid","","1.0","","1.0","mg/L","","","","","","","MIC XGBoost Model","202503101","W1 score: 0.98, CI[0.96, 0.99]","Computational Method","",""
179997,"179997.8","Salmonella enterica subsp. enterica serovar Havana strain 97-0232","ampicillin","","4.0","","4.0","mg/L","","","","","","","MIC XGBoost Model","202503101","W1 score: 0.96, CI[0.95, 0.97]","Computational Method","",""
179997,"179997.8","Salmonella enterica subsp. enterica serovar Havana strain 97-0232","azithromycin","","4.0","","4.0","mg/L","","","","","","","MIC XGBoost Model","202503101","W1 score: 0.99, CI[0.98, 1.00]","Computational Method","",""
179997,"179997.8","Salmonella enterica subsp. enterica serovar Havana strain 97-0232","ceftazidime","","64.0","","64.0","mg/L","","","","","","","MIC XGBoost Model","202503101","W1 score: 0.93, CI[0.88, 0.99]","Computational Method","",""
179997,"179997.8","Salmonella enterica subsp. enterica serovar Havana strain 97-0232","chloramphenicol","","8.0","","8.0","mg/L","","","","","","","MIC XGBoost Model","202503101","W1 score: 0.99, CI[0.98, 1.00]","Computational Method","",""
179997,"179997.8","Salmonella enterica subsp. enterica serovar Havana strain 97-0232","ciprofloxacin","","0.015625","","0.015625","mg/L","","","","","","","MIC XGBoost Model","202503101","W1 score: 0.88, CI[0.86, 0.90]","Computational Method","",""
179997,"179997.8","Salmonella enterica subsp. enterica serovar Havana strain 97-0232","ceftriaxone","","1.0","","1.0","mg/L","","","","","","","MIC XGBoost Model","202503101","W1 score: 0.95, CI[0.94, 0.96]","Computational Method","",""
179997,"179997.8","Salmonella enterica subsp. enterica serovar Havana strain 97-0232","cefotaxime","","64.0","","64.0","mg/L","","","","","","","MIC XGBoost Model","202503101","W1 score: 0.95, CI[0.89, 1.00]","Computational Method","",""
179997,"179997.8","Salmonella enterica subsp. enterica serovar Havana strain 97-0232","sulfisoxazole","","32.0","","32.0","mg/L","","","","","","","MIC XGBoost Model","202503101","W1 score: 0.98, CI[0.97, 0.99]","Computational Method","",""
179997,"179997.8","Salmonella enterica subsp. enterica serovar Havana strain 97-0232","cefoxitin","","2.0","","2.0","mg/L","","","","","","","MIC XGBoost Model","202503101","W1 score: 0.98, CI[0.97, 1.00]","Computational Method","",""
179997,"179997.8","Salmonella enterica subsp. enterica serovar Havana strain 97-0232","gentamicin","","0.5","","0.5","mg/L","","","","","","","MIC XGBoost Model","202503101","W1 score: 0.97, CI[0.95, 0.99]","Computational Method","",""
179997,"179997.8","Salmonella enterica subsp. enterica serovar Havana strain 97-0232","kanamycin","","8.0","","8.0","mg/L","","","","","","","MIC XGBoost Model","202503101","W1 score: 0.99, CI[0.98, 1.01]","Computational Method","",""
179997,"179997.8","Salmonella enterica subsp. enterica serovar Havana strain 97-0232","meropenem","","0.125","","0.125","mg/L","","","","","","","MIC XGBoost Model","202503101","W1 score: 0.95, CI[0.90, 1.01]","Computational Method","",""
179997,"179997.8","Salmonella enterica subsp. enterica serovar Havana strain 97-0232","nalidixic acid","","4.0","","4.0","mg/L","","","","","","","MIC XGBoost Model","202503101","W1 score: 0.98, CI[0.97, 0.99]","Computational Method","",""
179997,"179997.8","Salmonella enterica subsp. enterica serovar Havana strain 97-0232","streptomycin","","32.0","","32.0","mg/L","","","","","","","MIC XGBoost Model","202503101","W1 score: 0.92, CI[0.90, 0.93]","Computational Method","",""
179997,"179997.8","Salmonella enterica subsp. enterica serovar Havana strain 97-0232","tetracycline","","4.0","","4.0","mg/L","","","","","","","MIC XGBoost Model","202503101","W1 score: 0.99, CI[0.98, 0.99]","Computational Method","",""
179997,"179997.8","Salmonella enterica subsp. enterica serovar Havana strain 97-0232","ceftiofur","","1.0","","1.0","mg/L","","","","","","","MIC XGBoost Model","202503101","W1 score: 0.99, CI[0.98, 0.99]","Computational Method","",""
179997,"179997.9","Salmonella enterica subsp. enterica serovar Havana strain 82-0493","amoxicillin/clavulanic acid","","1.0","","1.0","mg/L","","","","","","","MIC XGBoost Model","202503101","W1 score: 0.98, CI[0.96, 0.99]","Computational Method","",""
179997,"179997.9","Salmonella enterica subsp. enterica serovar Havana strain 82-0493","ampicillin","","4.0","","4.0","mg/L","","","","","","","MIC XGBoost Model","202503101","W1 score: 0.96, CI[0.95, 0.97]","Computational Method","",""
179997,"179997.9","Salmonella enterica subsp. enterica serovar Havana strain 82-0493","azithromycin","","4.0","","4.0","mg/L","","","","","","","MIC XGBoost Model","202503101","W1 score: 0.99, CI[0.98, 1.00]","Computational Method","",""
179997,"179997.9","Salmonella enterica subsp. enterica serovar Havana strain 82-0493","ceftazidime","","4.0","","4.0","mg/L","","","","","","","MIC XGBoost Model","202503101","W1 score: 0.93, CI[0.88, 0.99]","Computational Method","",""
179997,"179997.9","Salmonella enterica subsp. enterica serovar Havana strain 82-0493","chloramphenicol","","8.0","","8.0","mg/L","","","","","","","MIC XGBoost Model","202503101","W1 score: 0.99, CI[0.98, 1.00]","Computational Method","",""
179997,"179997.9","Salmonella enterica subsp. enterica serovar Havana strain 82-0493","ciprofloxacin","","0.015625","","0.015625","mg/L","","","","","","","MIC XGBoost Model","202503101","W1 score: 0.88, CI[0.86, 0.90]","Computational Method","",""
179997,"179997.9","Salmonella enterica subsp. enterica serovar Havana strain 82-0493","ceftriaxone","","0.25","","0.25","mg/L","","","","","","","MIC XGBoost Model","202503101","W1 score: 0.95, CI[0.94, 0.96]","Computational Method","",""
179997,"179997.9","Salmonella enterica subsp. enterica serovar Havana strain 82-0493","cefotaxime","","8.0","","8.0","mg/L","","","","","","","MIC XGBoost Model","202503101","W1 score: 0.95, CI[0.89, 1.00]","Computational Method","",""
179997,"179997.9","Salmonella enterica subsp. enterica serovar Havana strain 82-0493","sulfisoxazole","","32.0","","32.0","mg/L","","","","","","","MIC XGBoost Model","202503101","W1 score: 0.98, CI[0.97, 0.99]","Computational Method","",""
179997,"179997.9","Salmonella enterica subsp. enterica serovar Havana strain 82-0493","cefoxitin","","4.0","","4.0","mg/L","","","","","","","MIC XGBoost Model","202503101","W1 score: 0.98, CI[0.97, 1.00]","Computational Method","",""
179997,"179997.9","Salmonella enterica subsp. enterica serovar Havana strain 82-0493","gentamicin","","0.5","","0.5","mg/L","","","","","","","MIC XGBoost Model","202503101","W1 score: 0.97, CI[0.95, 0.99]","Computational Method","",""
179997,"179997.9","Salmonella enterica subsp. enterica serovar Havana strain 82-0493","kanamycin","","8.0","","8.0","mg/L","","","","","","","MIC XGBoost Model","202503101","W1 score: 0.99, CI[0.98, 1.01]","Computational Method","",""
179997,"179997.9","Salmonella enterica subsp. enterica serovar Havana strain 82-0493","meropenem","","0.125","","0.125","mg/L","","","","","","","MIC XGBoost Model","202503101","W1 score: 0.95, CI[0.90, 1.01]","Computational Method","",""
179997,"179997.9","Salmonella enterica subsp. enterica serovar Havana strain 82-0493","nalidixic acid","","4.0","","4.0","mg/L","","","","","","","MIC XGBoost Model","202503101","W1 score: 0.98, CI[0.97, 0.99]","Computational Method","",""
179997,"179997.9","Salmonella enterica subsp. enterica serovar Havana strain 82-0493","streptomycin","","32.0","","32.0","mg/L","","","","","","","MIC XGBoost Model","202503101","W1 score: 0.92, CI[0.90, 0.93]","Computational Method","",""
179997,"179997.9","Salmonella enterica subsp. enterica serovar Havana strain 82-0493","tetracycline","","4.0","","4.0","mg/L","","","","","","","MIC XGBoost Model","202503101","W1 score: 0.99, CI[0.98, 0.99]","Computational Method","",""
179997,"179997.9","Salmonella enterica subsp. enterica serovar Havana strain 82-0493","ceftiofur","","1.0","","1.0","mg/L","","","","","","","MIC XGBoost Model","202503101","W1 score: 0.99, CI[0.98, 0.99]","Computational Method","",""
179997,"179997.10","Salmonella enterica subsp. enterica serovar Havana strain 05-0425","trimethoprim/sulfamethoxazole","","0.25","","0.25","mg/L","","","","","","","MIC XGBoost Model","202503101","W1 score: 0.96, CI[0.95, 0.97]","Computational Method","",""
179997,"179997.11","Salmonella enterica subsp. enterica serovar Havana strain 06-0477","trimethoprim/sulfamethoxazole","","0.125","","0.125","mg/L","","","","","","","MIC XGBoost Model","202503101","W1 score: 0.96, CI[0.95, 0.97]","Computational Method","",""
179997,"179997.12","Salmonella enterica subsp. enterica serovar Havana strain BCW_2900","trimethoprim/sulfamethoxazole","","1.0","","1.0","mg/L","","","","","","","MIC XGBoost Model","202503101","W1 score: 0.96, CI[0.95, 0.97]","Computational Method","",""
179997,"179997.13","Salmonella enterica subsp. enterica serovar Havana strain BCW_2850","trimethoprim/sulfamethoxazole","","0.125","","0.125","mg/L","","","","","","","MIC XGBoost Model","202503101","W1 score: 0.96, CI[0.95, 0.97]","Computational Method","",""
179997,"179997.14","Salmonella enterica subsp. enterica serovar Havana strain BCW_2695","trimethoprim/sulfamethoxazole","","0.25","","0.25","mg/L","","","","","","","MIC XGBoost Model","202503101","W1 score: 0.96, CI[0.95, 0.97]","Computational Method","",""
179997,"179997.15","Salmonella enterica subsp. enterica serovar Havana strain BCW_2696","trimethoprim/sulfamethoxazole","","0.125","","0.125","mg/L","","","","","","","MIC XGBoost Model","202503101","W1 score: 0.96, CI[0.95, 0.97]","Computational Method","",""
179997,"179997.16","Salmonella enterica subsp. enterica serovar Havana strain BCW_2694","trimethoprim/sulfamethoxazole","","0.25","","0.25","mg/L","","","","","","","MIC XGBoost Model","202503101","W1 score: 0.96, CI[0.95, 0.97]","Computational Method","",""
179997,"179997.18","Salmonella enterica subsp. enterica serovar Havana strain 143","trimethoprim/sulfamethoxazole","","0.125","","0.125","mg/L","","","","","","","MIC XGBoost Model","202503101","W1 score: 0.96, CI[0.95, 0.97]","Computational Method","",""
179997,"179997.19","Salmonella enterica subsp. enterica serovar Havana strain NCTC6086","trimethoprim/sulfamethoxazole","","0.125","","0.125","mg/L","","","","","","","MIC XGBoost Model","202503101","W1 score: 0.96, CI[0.95, 0.97]","Computational Method","",""
179997,"179997.23","Salmonella enterica subsp. enterica serovar Havana strain F40","trimethoprim/sulfamethoxazole","","0.25","","0.25","mg/L","","","","","","","MIC XGBoost Model","202503101","W1 score: 0.96, CI[0.95, 0.97]","Computational Method","",""
179997,"179997.24","Salmonella enterica subsp. enterica serovar Havana strain CVM 20761","trimethoprim/sulfamethoxazole","","0.25","","0.25","mg/L","","","","","","","MIC XGBoost Model","202503101","W1 score: 0.96, CI[0.95, 0.97]","Computational Method","",""
179997,"179997.28","Salmonella enterica subsp. enterica serovar Havana SEDGO276B","trimethoprim/sulfamethoxazole","","16.0","","16.0","mg/L","","","","","","","MIC XGBoost Model","202503101","W1 score: 0.96, CI[0.95, 0.97]","Computational Method","",""
179997,"179997.7","Salmonella enterica subsp. enterica serovar Havana strain 87-0094","trimethoprim/sulfamethoxazole","","0.125","","0.125","mg/L","","","","","","","MIC XGBoost Model","202503101","W1 score: 0.96, CI[0.95, 0.97]","Computational Method","",""
179997,"179997.8","Salmonella enterica subsp. enterica serovar Havana strain 97-0232","trimethoprim/sulfamethoxazole","","0.125","","0.125","mg/L","","","","","","","MIC XGBoost Model","202503101","W1 score: 0.96, CI[0.95, 0.97]","Computational Method","",""
179997,"179997.9","Salmonella enterica subsp. enterica serovar Havana strain 82-0493","trimethoprim/sulfamethoxazole","","0.125","","0.125","mg/L","","","","","","","MIC XGBoost Model","202503101","W1 score: 0.96, CI[0.95, 0.97]","Computational Method","",""
179997,"179997.10","Salmonella enterica subsp. enterica serovar Havana strain 05-0425","trimethoprim/sulfamethoxazole","Susceptible","","","","","","","","","","","SIR XGBoost Model","202503101","F1 score: 0.85, CI[0.82, 0.88]","Computational Method","",""
179997,"179997.11","Salmonella enterica subsp. enterica serovar Havana strain 06-0477","trimethoprim/sulfamethoxazole","Susceptible","","","","","","","","","","","SIR XGBoost Model","202503101","F1 score: 0.85, CI[0.82, 0.88]","Computational Method","",""
179997,"179997.12","Salmonella enterica subsp. enterica serovar Havana strain BCW_2900","trimethoprim/sulfamethoxazole","Resistant","","","","","","","","","","","SIR XGBoost Model","202503101","F1 score: 0.85, CI[0.82, 0.88]","Computational Method","",""
179997,"179997.13","Salmonella enterica subsp. enterica serovar Havana strain BCW_2850","trimethoprim/sulfamethoxazole","Susceptible","","","","","","","","","","","SIR XGBoost Model","202503101","F1 score: 0.85, CI[0.82, 0.88]","Computational Method","",""
179997,"179997.14","Salmonella enterica subsp. enterica serovar Havana strain BCW_2695","trimethoprim/sulfamethoxazole","Susceptible","","","","","","","","","","","SIR XGBoost Model","202503101","F1 score: 0.85, CI[0.82, 0.88]","Computational Method","",""
179997,"179997.15","Salmonella enterica subsp. enterica serovar Havana strain BCW_2696","trimethoprim/sulfamethoxazole","Susceptible","","","","","","","","","","","SIR XGBoost Model","202503101","F1 score: 0.85, CI[0.82, 0.88]","Computational Method","",""
179997,"179997.16","Salmonella enterica subsp. enterica serovar Havana strain BCW_2694","trimethoprim/sulfamethoxazole","Susceptible","","","","","","","","","","","SIR XGBoost Model","202503101","F1 score: 0.85, CI[0.82, 0.88]","Computational Method","",""
179997,"179997.18","Salmonella enterica subsp. enterica serovar Havana strain 143","trimethoprim/sulfamethoxazole","Susceptible","","","","","","","","","","","SIR XGBoost Model","202503101","F1 score: 0.85, CI[0.82, 0.88]","Computational Method","",""
179997,"179997.19","Salmonella enterica subsp. enterica serovar Havana strain NCTC6086","trimethoprim/sulfamethoxazole","Susceptible","","","","","","","","","","","SIR XGBoost Model","202503101","F1 score: 0.85, CI[0.82, 0.88]","Computational Method","",""
179997,"179997.23","Salmonella enterica subsp. enterica serovar Havana strain F40","trimethoprim/sulfamethoxazole","Susceptible","","","","","","","","","","","SIR XGBoost Model","202503101","F1 score: 0.85, CI[0.82, 0.88]","Computational Method","",""
179997,"179997.24","Salmonella enterica subsp. enterica serovar Havana strain CVM 20761","trimethoprim/sulfamethoxazole","Susceptible","","","","","","","","","","","SIR XGBoost Model","202503101","F1 score: 0.85, CI[0.82, 0.88]","Computational Method","",""
179997,"179997.28","Salmonella enterica subsp. enterica serovar Havana SEDGO276B","trimethoprim/sulfamethoxazole","Susceptible","","","","","","","","","","","SIR XGBoost Model","202503101","F1 score: 0.85, CI[0.82, 0.88]","Computational Method","",""
179997,"179997.7","Salmonella enterica subsp. enterica serovar Havana strain 87-0094","trimethoprim/sulfamethoxazole","Susceptible","","","","","","","","","","","SIR XGBoost Model","202503101","F1 score: 0.85, CI[0.82, 0.88]","Computational Method","",""
179997,"179997.8","Salmonella enterica subsp. enterica serovar Havana strain 97-0232","trimethoprim/sulfamethoxazole","Susceptible","","","","","","","","","","","SIR XGBoost Model","202503101","F1 score: 0.85, CI[0.82, 0.88]","Computational Method","",""
179997,"179997.9","Salmonella enterica subsp. enterica serovar Havana strain 82-0493","trimethoprim/sulfamethoxazole","Susceptible","","","","","","","","","","","SIR XGBoost Model","202503101","F1 score: 0.85, CI[0.82, 0.88]","Computational Method","",""
179997,"179997.10","Salmonella enterica subsp. enterica serovar Havana strain 05-0425","amoxicillin/clavulanic acid","Susceptible","","","","","","","","","","","SIR XGBoost Model","202503101","F1 score: 0.96, CI[0.95, 0.97]","Computational Method","",""
179997,"179997.10","Salmonella enterica subsp. enterica serovar Havana strain 05-0425","ampicillin","Susceptible","","","","","","","","","","","SIR XGBoost Model","202503101","F1 score: 0.93, CI[0.92, 0.93]","Computational Method","",""
179997,"179997.10","Salmonella enterica subsp. enterica serovar Havana strain 05-0425","azithromycin","Susceptible","","","","","","","","","","","SIR XGBoost Model","202503101","F1 score: 0.92, CI[0.87, 0.98]","Computational Method","",""
179997,"179997.10","Salmonella enterica subsp. enterica serovar Havana strain 05-0425","chloramphenicol","Susceptible","","","","","","","","","","","SIR XGBoost Model","202503101","F1 score: 0.90, CI[0.88, 0.91]","Computational Method","",""
179997,"179997.10","Salmonella enterica subsp. enterica serovar Havana strain 05-0425","ciprofloxacin","Susceptible","","","","","","","","","","","SIR XGBoost Model","202503101","F1 score: 0.95, CI[0.93, 0.96]","Computational Method","",""
179997,"179997.10","Salmonella enterica subsp. enterica serovar Havana strain 05-0425","ceftriaxone","Susceptible","","","","","","","","","","","SIR XGBoost Model","202503101","F1 score: 0.98, CI[0.97, 1.00]","Computational Method","",""
179997,"179997.10","Salmonella enterica subsp. enterica serovar Havana strain 05-0425","cefotaxime","Susceptible","","","","","","","","","","","SIR XGBoost Model","202503101","F1 score: 0.95, CI[0.90, 0.99]","Computational Method","",""
179997,"179997.10","Salmonella enterica subsp. enterica serovar Havana strain 05-0425","sulfisoxazole","Susceptible","","","","","","","","","","","SIR XGBoost Model","202503101","F1 score: 0.99, CI[0.98, 1.00]","Computational Method","",""
179997,"179997.10","Salmonella enterica subsp. enterica serovar Havana strain 05-0425","cefoxitin","Susceptible","","","","","","","","","","","SIR XGBoost Model","202503101","F1 score: 0.96, CI[0.93, 0.99]","Computational Method","",""
179997,"179997.10","Salmonella enterica subsp. enterica serovar Havana strain 05-0425","gentamicin","Susceptible","","","","","","","","","","","SIR XGBoost Model","202503101","F1 score: 0.92, CI[0.89, 0.95]","Computational Method","",""
179997,"179997.10","Salmonella enterica subsp. enterica serovar Havana strain 05-0425","kanamycin","Susceptible","","","","","","","","","","","SIR XGBoost Model","202503101","F1 score: 0.86, CI[0.77, 0.95]","Computational Method","",""
179997,"179997.10","Salmonella enterica subsp. enterica serovar Havana strain 05-0425","nalidixic acid","Susceptible","","","","","","","","","","","SIR XGBoost Model","202503101","F1 score: 0.95, CI[0.93, 0.96]","Computational Method","",""
179997,"179997.10","Salmonella enterica subsp. enterica serovar Havana strain 05-0425","pefloxacin","Susceptible","","","","","","","","","","","SIR XGBoost Model","202503101","F1 score: 0.98, CI[0.96, 1.00]","Computational Method","",""
179997,"179997.10","Salmonella enterica subsp. enterica serovar Havana strain 05-0425","sulfamethoxazole","Susceptible","","","","","","","","","","","SIR XGBoost Model","202503101","F1 score: 0.95, CI[0.93, 0.97]","Computational Method","",""
179997,"179997.10","Salmonella enterica subsp. enterica serovar Havana strain 05-0425","spectinomycin","Susceptible","","","","","","","","","","","SIR XGBoost Model","202503101","F1 score: 0.94, CI[0.90, 0.98]","Computational Method","",""
179997,"179997.10","Salmonella enterica subsp. enterica serovar Havana strain 05-0425","streptomycin","Susceptible","","","","","","","","","","","SIR XGBoost Model","202503101","F1 score: 0.94, CI[0.93, 0.96]","Computational Method","",""
179997,"179997.10","Salmonella enterica subsp. enterica serovar Havana strain 05-0425","tetracycline","Susceptible","","","","","","","","","","","SIR XGBoost Model","202503101","F1 score: 0.97, CI[0.96, 0.98]","Computational Method","",""
179997,"179997.10","Salmonella enterica subsp. enterica serovar Havana strain 05-0425","ceftiofur","Susceptible","","","","","","","","","","","SIR XGBoost Model","202503101","F1 score: 0.98, CI[0.97, 1.00]","Computational Method","",""
179997,"179997.10","Salmonella enterica subsp. enterica serovar Havana strain 05-0425","trimethoprim","Susceptible","","","","","","","","","","","SIR XGBoost Model","202503101","F1 score: 0.86, CI[0.78, 0.93]","Computational Method","",""
179997,"179997.11","Salmonella enterica subsp. enterica serovar Havana strain 06-0477","amoxicillin/clavulanic acid","Susceptible","","","","","","","","","","","SIR XGBoost Model","202503101","F1 score: 0.96, CI[0.95, 0.97]","Computational Method","",""
179997,"179997.11","Salmonella enterica subsp. enterica serovar Havana strain 06-0477","ampicillin","Susceptible","","","","","","","","","","","SIR XGBoost Model","202503101","F1 score: 0.93, CI[0.92, 0.93]","Computational Method","",""
179997,"179997.11","Salmonella enterica subsp. enterica serovar Havana strain 06-0477","azithromycin","Susceptible","","","","","","","","","","","SIR XGBoost Model","202503101","F1 score: 0.92, CI[0.87, 0.98]","Computational Method","",""
179997,"179997.11","Salmonella enterica subsp. enterica serovar Havana strain 06-0477","chloramphenicol","Susceptible","","","","","","","","","","","SIR XGBoost Model","202503101","F1 score: 0.90, CI[0.88, 0.91]","Computational Method","",""
179997,"179997.11","Salmonella enterica subsp. enterica serovar Havana strain 06-0477","ciprofloxacin","Susceptible","","","","","","","","","","","SIR XGBoost Model","202503101","F1 score: 0.95, CI[0.93, 0.96]","Computational Method","",""
179997,"179997.11","Salmonella enterica subsp. enterica serovar Havana strain 06-0477","ceftriaxone","Susceptible","","","","","","","","","","","SIR XGBoost Model","202503101","F1 score: 0.98, CI[0.97, 1.00]","Computational Method","",""
179997,"179997.11","Salmonella enterica subsp. enterica serovar Havana strain 06-0477","cefotaxime","Susceptible","","","","","","","","","","","SIR XGBoost Model","202503101","F1 score: 0.95, CI[0.90, 0.99]","Computational Method","",""
179997,"179997.11","Salmonella enterica subsp. enterica serovar Havana strain 06-0477","sulfisoxazole","Susceptible","","","","","","","","","","","SIR XGBoost Model","202503101","F1 score: 0.99, CI[0.98, 1.00]","Computational Method","",""
179997,"179997.11","Salmonella enterica subsp. enterica serovar Havana strain 06-0477","cefoxitin","Susceptible","","","","","","","","","","","SIR XGBoost Model","202503101","F1 score: 0.96, CI[0.93, 0.99]","Computational Method","",""
179997,"179997.11","Salmonella enterica subsp. enterica serovar Havana strain 06-0477","gentamicin","Susceptible","","","","","","","","","","","SIR XGBoost Model","202503101","F1 score: 0.92, CI[0.89, 0.95]","Computational Method","",""
179997,"179997.11","Salmonella enterica subsp. enterica serovar Havana strain 06-0477","kanamycin","Susceptible","","","","","","","","","","","SIR XGBoost Model","202503101","F1 score: 0.86, CI[0.77, 0.95]","Computational Method","",""
179997,"179997.11","Salmonella enterica subsp. enterica serovar Havana strain 06-0477","nalidixic acid","Susceptible","","","","","","","","","","","SIR XGBoost Model","202503101","F1 score: 0.95, CI[0.93, 0.96]","Computational Method","",""
179997,"179997.11","Salmonella enterica subsp. enterica serovar Havana strain 06-0477","pefloxacin","Susceptible","","","","","","","","","","","SIR XGBoost Model","202503101","F1 score: 0.98, CI[0.96, 1.00]","Computational Method","",""
179997,"179997.11","Salmonella enterica subsp. enterica serovar Havana strain 06-0477","sulfamethoxazole","Susceptible","","","","","","","","","","","SIR XGBoost Model","202503101","F1 score: 0.95, CI[0.93, 0.97]","Computational Method","",""
179997,"179997.11","Salmonella enterica subsp. enterica serovar Havana strain 06-0477","spectinomycin","Susceptible","","","","","","","","","","","SIR XGBoost Model","202503101","F1 score: 0.94, CI[0.90, 0.98]","Computational Method","",""
179997,"179997.11","Salmonella enterica subsp. enterica serovar Havana strain 06-0477","streptomycin","Susceptible","","","","","","","","","","","SIR XGBoost Model","202503101","F1 score: 0.94, CI[0.93, 0.96]","Computational Method","",""
179997,"179997.11","Salmonella enterica subsp. enterica serovar Havana strain 06-0477","tetracycline","Susceptible","","","","","","","","","","","SIR XGBoost Model","202503101","F1 score: 0.97, CI[0.96, 0.98]","Computational Method","",""
179997,"179997.11","Salmonella enterica subsp. enterica serovar Havana strain 06-0477","ceftiofur","Susceptible","","","","","","","","","","","SIR XGBoost Model","202503101","F1 score: 0.98, CI[0.97, 1.00]","Computational Method","",""
179997,"179997.11","Salmonella enterica subsp. enterica serovar Havana strain 06-0477","trimethoprim","Susceptible","","","","","","","","","","","SIR XGBoost Model","202503101","F1 score: 0.86, CI[0.78, 0.93]","Computational Method","",""
179997,"179997.12","Salmonella enterica subsp. enterica serovar Havana strain BCW_2900","amoxicillin/clavulanic acid","Susceptible","","","","","","","","","","","SIR XGBoost Model","202503101","F1 score: 0.96, CI[0.95, 0.97]","Computational Method","",""
179997,"179997.12","Salmonella enterica subsp. enterica serovar Havana strain BCW_2900","ampicillin","Resistant","","","","","","","","","","","SIR XGBoost Model","202503101","F1 score: 0.93, CI[0.92, 0.93]","Computational Method","",""
179997,"179997.12","Salmonella enterica subsp. enterica serovar Havana strain BCW_2900","azithromycin","Susceptible","","","","","","","","","","","SIR XGBoost Model","202503101","F1 score: 0.92, CI[0.87, 0.98]","Computational Method","",""
179997,"179997.12","Salmonella enterica subsp. enterica serovar Havana strain BCW_2900","chloramphenicol","Resistant","","","","","","","","","","","SIR XGBoost Model","202503101","F1 score: 0.90, CI[0.88, 0.91]","Computational Method","",""
179997,"179997.12","Salmonella enterica subsp. enterica serovar Havana strain BCW_2900","ciprofloxacin","Susceptible","","","","","","","","","","","SIR XGBoost Model","202503101","F1 score: 0.95, CI[0.93, 0.96]","Computational Method","",""
179997,"179997.12","Salmonella enterica subsp. enterica serovar Havana strain BCW_2900","ceftriaxone","Resistant","","","","","","","","","","","SIR XGBoost Model","202503101","F1 score: 0.98, CI[0.97, 1.00]","Computational Method","",""
179997,"179997.12","Salmonella enterica subsp. enterica serovar Havana strain BCW_2900","cefotaxime","Resistant","","","","","","","","","","","SIR XGBoost Model","202503101","F1 score: 0.95, CI[0.90, 0.99]","Computational Method","",""
179997,"179997.12","Salmonella enterica subsp. enterica serovar Havana strain BCW_2900","sulfisoxazole","Resistant","","","","","","","","","","","SIR XGBoost Model","202503101","F1 score: 0.99, CI[0.98, 1.00]","Computational Method","",""
179997,"179997.12","Salmonella enterica subsp. enterica serovar Havana strain BCW_2900","cefoxitin","Susceptible","","","","","","","","","","","SIR XGBoost Model","202503101","F1 score: 0.96, CI[0.93, 0.99]","Computational Method","",""
179997,"179997.12","Salmonella enterica subsp. enterica serovar Havana strain BCW_2900","gentamicin","Resistant","","","","","","","","","","","SIR XGBoost Model","202503101","F1 score: 0.92, CI[0.89, 0.95]","Computational Method","",""
179997,"179997.12","Salmonella enterica subsp. enterica serovar Havana strain BCW_2900","kanamycin","Susceptible","","","","","","","","","","","SIR XGBoost Model","202503101","F1 score: 0.86, CI[0.77, 0.95]","Computational Method","",""
179997,"179997.12","Salmonella enterica subsp. enterica serovar Havana strain BCW_2900","nalidixic acid","Susceptible","","","","","","","","","","","SIR XGBoost Model","202503101","F1 score: 0.95, CI[0.93, 0.96]","Computational Method","",""
179997,"179997.12","Salmonella enterica subsp. enterica serovar Havana strain BCW_2900","pefloxacin","Susceptible","","","","","","","","","","","SIR XGBoost Model","202503101","F1 score: 0.98, CI[0.96, 1.00]","Computational Method","",""
179997,"179997.12","Salmonella enterica subsp. enterica serovar Havana strain BCW_2900","sulfamethoxazole","Resistant","","","","","","","","","","","SIR XGBoost Model","202503101","F1 score: 0.95, CI[0.93, 0.97]","Computational Method","",""
179997,"179997.12","Salmonella enterica subsp. enterica serovar Havana strain BCW_2900","spectinomycin","Susceptible","","","","","","","","","","","SIR XGBoost Model","202503101","F1 score: 0.94, CI[0.90, 0.98]","Computational Method","",""
179997,"179997.12","Salmonella enterica subsp. enterica serovar Havana strain BCW_2900","streptomycin","Resistant","","","","","","","","","","","SIR XGBoost Model","202503101","F1 score: 0.94, CI[0.93, 0.96]","Computational Method","",""
179997,"179997.12","Salmonella enterica subsp. enterica serovar Havana strain BCW_2900","tetracycline","Susceptible","","","","","","","","","","","SIR XGBoost Model","202503101","F1 score: 0.97, CI[0.96, 0.98]","Computational Method","",""
179997,"179997.12","Salmonella enterica subsp. enterica serovar Havana strain BCW_2900","ceftiofur","Susceptible","","","","","","","","","","","SIR XGBoost Model","202503101","F1 score: 0.98, CI[0.97, 1.00]","Computational Method","",""
179997,"179997.12","Salmonella enterica subsp. enterica serovar Havana strain BCW_2900","trimethoprim","Resistant","","","","","","","","","","","SIR XGBoost Model","202503101","F1 score: 0.86, CI[0.78, 0.93]","Computational Method","",""
179997,"179997.13","Salmonella enterica subsp. enterica serovar Havana strain BCW_2850","amoxicillin/clavulanic acid","Susceptible","","","","","","","","","","","SIR XGBoost Model","202503101","F1 score: 0.96, CI[0.95, 0.97]","Computational Method","",""
179997,"179997.13","Salmonella enterica subsp. enterica serovar Havana strain BCW_2850","ampicillin","Susceptible","","","","","","","","","","","SIR XGBoost Model","202503101","F1 score: 0.93, CI[0.92, 0.93]","Computational Method","",""
179997,"179997.13","Salmonella enterica subsp. enterica serovar Havana strain BCW_2850","azithromycin","Susceptible","","","","","","","","","","","SIR XGBoost Model","202503101","F1 score: 0.92, CI[0.87, 0.98]","Computational Method","",""
179997,"179997.13","Salmonella enterica subsp. enterica serovar Havana strain BCW_2850","chloramphenicol","Susceptible","","","","","","","","","","","SIR XGBoost Model","202503101","F1 score: 0.90, CI[0.88, 0.91]","Computational Method","",""
179997,"179997.13","Salmonella enterica subsp. enterica serovar Havana strain BCW_2850","ciprofloxacin","Susceptible","","","","","","","","","","","SIR XGBoost Model","202503101","F1 score: 0.95, CI[0.93, 0.96]","Computational Method","",""
179997,"179997.13","Salmonella enterica subsp. enterica serovar Havana strain BCW_2850","ceftriaxone","Susceptible","","","","","","","","","","","SIR XGBoost Model","202503101","F1 score: 0.98, CI[0.97, 1.00]","Computational Method","",""
179997,"179997.13","Salmonella enterica subsp. enterica serovar Havana strain BCW_2850","cefotaxime","Susceptible","","","","","","","","","","","SIR XGBoost Model","202503101","F1 score: 0.95, CI[0.90, 0.99]","Computational Method","",""
179997,"179997.13","Salmonella enterica subsp. enterica serovar Havana strain BCW_2850","sulfisoxazole","Susceptible","","","","","","","","","","","SIR XGBoost Model","202503101","F1 score: 0.99, CI[0.98, 1.00]","Computational Method","",""
179997,"179997.13","Salmonella enterica subsp. enterica serovar Havana strain BCW_2850","cefoxitin","Susceptible","","","","","","","","","","","SIR XGBoost Model","202503101","F1 score: 0.96, CI[0.93, 0.99]","Computational Method","",""
179997,"179997.13","Salmonella enterica subsp. enterica serovar Havana strain BCW_2850","gentamicin","Susceptible","","","","","","","","","","","SIR XGBoost Model","202503101","F1 score: 0.92, CI[0.89, 0.95]","Computational Method","",""
179997,"179997.13","Salmonella enterica subsp. enterica serovar Havana strain BCW_2850","kanamycin","Susceptible","","","","","","","","","","","SIR XGBoost Model","202503101","F1 score: 0.86, CI[0.77, 0.95]","Computational Method","",""
179997,"179997.13","Salmonella enterica subsp. enterica serovar Havana strain BCW_2850","nalidixic acid","Susceptible","","","","","","","","","","","SIR XGBoost Model","202503101","F1 score: 0.95, CI[0.93, 0.96]","Computational Method","",""
179997,"179997.13","Salmonella enterica subsp. enterica serovar Havana strain BCW_2850","pefloxacin","Susceptible","","","","","","","","","","","SIR XGBoost Model","202503101","F1 score: 0.98, CI[0.96, 1.00]","Computational Method","",""
179997,"179997.13","Salmonella enterica subsp. enterica serovar Havana strain BCW_2850","sulfamethoxazole","Susceptible","","","","","","","","","","","SIR XGBoost Model","202503101","F1 score: 0.95, CI[0.93, 0.97]","Computational Method","",""
179997,"179997.13","Salmonella enterica subsp. enterica serovar Havana strain BCW_2850","spectinomycin","Susceptible","","","","","","","","","","","SIR XGBoost Model","202503101","F1 score: 0.94, CI[0.90, 0.98]","Computational Method","",""
179997,"179997.13","Salmonella enterica subsp. enterica serovar Havana strain BCW_2850","streptomycin","Susceptible","","","","","","","","","","","SIR XGBoost Model","202503101","F1 score: 0.94, CI[0.93, 0.96]","Computational Method","",""
179997,"179997.13","Salmonella enterica subsp. enterica serovar Havana strain BCW_2850","tetracycline","Susceptible","","","","","","","","","","","SIR XGBoost Model","202503101","F1 score: 0.97, CI[0.96, 0.98]","Computational Method","",""
179997,"179997.13","Salmonella enterica subsp. enterica serovar Havana strain BCW_2850","ceftiofur","Susceptible","","","","","","","","","","","SIR XGBoost Model","202503101","F1 score: 0.98, CI[0.97, 1.00]","Computational Method","",""
179997,"179997.13","Salmonella enterica subsp. enterica serovar Havana strain BCW_2850","trimethoprim","Susceptible","","","","","","","","","","","SIR XGBoost Model","202503101","F1 score: 0.86, CI[0.78, 0.93]","Computational Method","",""
179997,"179997.14","Salmonella enterica subsp. enterica serovar Havana strain BCW_2695","amoxicillin/clavulanic acid","Susceptible","","","","","","","","","","","SIR XGBoost Model","202503101","F1 score: 0.96, CI[0.95, 0.97]","Computational Method","",""
179997,"179997.14","Salmonella enterica subsp. enterica serovar Havana strain BCW_2695","ampicillin","Susceptible","","","","","","","","","","","SIR XGBoost Model","202503101","F1 score: 0.93, CI[0.92, 0.93]","Computational Method","",""
179997,"179997.14","Salmonella enterica subsp. enterica serovar Havana strain BCW_2695","azithromycin","Susceptible","","","","","","","","","","","SIR XGBoost Model","202503101","F1 score: 0.92, CI[0.87, 0.98]","Computational Method","",""
179997,"179997.14","Salmonella enterica subsp. enterica serovar Havana strain BCW_2695","chloramphenicol","Susceptible","","","","","","","","","","","SIR XGBoost Model","202503101","F1 score: 0.90, CI[0.88, 0.91]","Computational Method","",""
179997,"179997.14","Salmonella enterica subsp. enterica serovar Havana strain BCW_2695","ciprofloxacin","Susceptible","","","","","","","","","","","SIR XGBoost Model","202503101","F1 score: 0.95, CI[0.93, 0.96]","Computational Method","",""
179997,"179997.14","Salmonella enterica subsp. enterica serovar Havana strain BCW_2695","ceftriaxone","Susceptible","","","","","","","","","","","SIR XGBoost Model","202503101","F1 score: 0.98, CI[0.97, 1.00]","Computational Method","",""
179997,"179997.14","Salmonella enterica subsp. enterica serovar Havana strain BCW_2695","cefotaxime","Susceptible","","","","","","","","","","","SIR XGBoost Model","202503101","F1 score: 0.95, CI[0.90, 0.99]","Computational Method","",""
179997,"179997.14","Salmonella enterica subsp. enterica serovar Havana strain BCW_2695","sulfisoxazole","Susceptible","","","","","","","","","","","SIR XGBoost Model","202503101","F1 score: 0.99, CI[0.98, 1.00]","Computational Method","",""
179997,"179997.14","Salmonella enterica subsp. enterica serovar Havana strain BCW_2695","cefoxitin","Susceptible","","","","","","","","","","","SIR XGBoost Model","202503101","F1 score: 0.96, CI[0.93, 0.99]","Computational Method","",""
179997,"179997.14","Salmonella enterica subsp. enterica serovar Havana strain BCW_2695","gentamicin","Susceptible","","","","","","","","","","","SIR XGBoost Model","202503101","F1 score: 0.92, CI[0.89, 0.95]","Computational Method","",""
179997,"179997.14","Salmonella enterica subsp. enterica serovar Havana strain BCW_2695","kanamycin","Susceptible","","","","","","","","","","","SIR XGBoost Model","202503101","F1 score: 0.86, CI[0.77, 0.95]","Computational Method","",""
179997,"179997.14","Salmonella enterica subsp. enterica serovar Havana strain BCW_2695","nalidixic acid","Susceptible","","","","","","","","","","","SIR XGBoost Model","202503101","F1 score: 0.95, CI[0.93, 0.96]","Computational Method","",""
179997,"179997.14","Salmonella enterica subsp. enterica serovar Havana strain BCW_2695","pefloxacin","Susceptible","","","","","","","","","","","SIR XGBoost Model","202503101","F1 score: 0.98, CI[0.96, 1.00]","Computational Method","",""
179997,"179997.14","Salmonella enterica subsp. enterica serovar Havana strain BCW_2695","sulfamethoxazole","Susceptible","","","","","","","","","","","SIR XGBoost Model","202503101","F1 score: 0.95, CI[0.93, 0.97]","Computational Method","",""
179997,"179997.14","Salmonella enterica subsp. enterica serovar Havana strain BCW_2695","spectinomycin","Susceptible","","","","","","","","","","","SIR XGBoost Model","202503101","F1 score: 0.94, CI[0.90, 0.98]","Computational Method","",""
179997,"179997.14","Salmonella enterica subsp. enterica serovar Havana strain BCW_2695","streptomycin","Susceptible","","","","","","","","","","","SIR XGBoost Model","202503101","F1 score: 0.94, CI[0.93, 0.96]","Computational Method","",""
179997,"179997.14","Salmonella enterica subsp. enterica serovar Havana strain BCW_2695","tetracycline","Susceptible","","","","","","","","","","","SIR XGBoost Model","202503101","F1 score: 0.97, CI[0.96, 0.98]","Computational Method","",""
179997,"179997.14","Salmonella enterica subsp. enterica serovar Havana strain BCW_2695","ceftiofur","Susceptible","","","","","","","","","","","SIR XGBoost Model","202503101","F1 score: 0.98, CI[0.97, 1.00]","Computational Method","",""
179997,"179997.14","Salmonella enterica subsp. enterica serovar Havana strain BCW_2695","trimethoprim","Susceptible","","","","","","","","","","","SIR XGBoost Model","202503101","F1 score: 0.86, CI[0.78, 0.93]","Computational Method","",""
179997,"179997.15","Salmonella enterica subsp. enterica serovar Havana strain BCW_2696","amoxicillin/clavulanic acid","Susceptible","","","","","","","","","","","SIR XGBoost Model","202503101","F1 score: 0.96, CI[0.95, 0.97]","Computational Method","",""
179997,"179997.15","Salmonella enterica subsp. enterica serovar Havana strain BCW_2696","ampicillin","Susceptible","","","","","","","","","","","SIR XGBoost Model","202503101","F1 score: 0.93, CI[0.92, 0.93]","Computational Method","",""
179997,"179997.15","Salmonella enterica subsp. enterica serovar Havana strain BCW_2696","azithromycin","Susceptible","","","","","","","","","","","SIR XGBoost Model","202503101","F1 score: 0.92, CI[0.87, 0.98]","Computational Method","",""
179997,"179997.15","Salmonella enterica subsp. enterica serovar Havana strain BCW_2696","chloramphenicol","Susceptible","","","","","","","","","","","SIR XGBoost Model","202503101","F1 score: 0.90, CI[0.88, 0.91]","Computational Method","",""
179997,"179997.15","Salmonella enterica subsp. enterica serovar Havana strain BCW_2696","ciprofloxacin","Susceptible","","","","","","","","","","","SIR XGBoost Model","202503101","F1 score: 0.95, CI[0.93, 0.96]","Computational Method","",""
179997,"179997.15","Salmonella enterica subsp. enterica serovar Havana strain BCW_2696","ceftriaxone","Susceptible","","","","","","","","","","","SIR XGBoost Model","202503101","F1 score: 0.98, CI[0.97, 1.00]","Computational Method","",""
179997,"179997.15","Salmonella enterica subsp. enterica serovar Havana strain BCW_2696","cefotaxime","Susceptible","","","","","","","","","","","SIR XGBoost Model","202503101","F1 score: 0.95, CI[0.90, 0.99]","Computational Method","",""
179997,"179997.15","Salmonella enterica subsp. enterica serovar Havana strain BCW_2696","sulfisoxazole","Susceptible","","","","","","","","","","","SIR XGBoost Model","202503101","F1 score: 0.99, CI[0.98, 1.00]","Computational Method","",""
179997,"179997.15","Salmonella enterica subsp. enterica serovar Havana strain BCW_2696","cefoxitin","Susceptible","","","","","","","","","","","SIR XGBoost Model","202503101","F1 score: 0.96, CI[0.93, 0.99]","Computational Method","",""
179997,"179997.15","Salmonella enterica subsp. enterica serovar Havana strain BCW_2696","gentamicin","Susceptible","","","","","","","","","","","SIR XGBoost Model","202503101","F1 score: 0.92, CI[0.89, 0.95]","Computational Method","",""
179997,"179997.15","Salmonella enterica subsp. enterica serovar Havana strain BCW_2696","kanamycin","Susceptible","","","","","","","","","","","SIR XGBoost Model","202503101","F1 score: 0.86, CI[0.77, 0.95]","Computational Method","",""
179997,"179997.15","Salmonella enterica subsp. enterica serovar Havana strain BCW_2696","nalidixic acid","Susceptible","","","","","","","","","","","SIR XGBoost Model","202503101","F1 score: 0.95, CI[0.93, 0.96]","Computational Method","",""
179997,"179997.15","Salmonella enterica subsp. enterica serovar Havana strain BCW_2696","pefloxacin","Susceptible","","","","","","","","","","","SIR XGBoost Model","202503101","F1 score: 0.98, CI[0.96, 1.00]","Computational Method","",""
179997,"179997.15","Salmonella enterica subsp. enterica serovar Havana strain BCW_2696","sulfamethoxazole","Susceptible","","","","","","","","","","","SIR XGBoost Model","202503101","F1 score: 0.95, CI[0.93, 0.97]","Computational Method","",""
179997,"179997.15","Salmonella enterica subsp. enterica serovar Havana strain BCW_2696","spectinomycin","Susceptible","","","","","","","","","","","SIR XGBoost Model","202503101","F1 score: 0.94, CI[0.90, 0.98]","Computational Method","",""
179997,"179997.15","Salmonella enterica subsp. enterica serovar Havana strain BCW_2696","streptomycin","Susceptible","","","","","","","","","","","SIR XGBoost Model","202503101","F1 score: 0.94, CI[0.93, 0.96]","Computational Method","",""
179997,"179997.15","Salmonella enterica subsp. enterica serovar Havana strain BCW_2696","tetracycline","Susceptible","","","","","","","","","","","SIR XGBoost Model","202503101","F1 score: 0.97, CI[0.96, 0.98]","Computational Method","",""
179997,"179997.15","Salmonella enterica subsp. enterica serovar Havana strain BCW_2696","ceftiofur","Susceptible","","","","","","","","","","","SIR XGBoost Model","202503101","F1 score: 0.98, CI[0.97, 1.00]","Computational Method","",""
179997,"179997.15","Salmonella enterica subsp. enterica serovar Havana strain BCW_2696","trimethoprim","Susceptible","","","","","","","","","","","SIR XGBoost Model","202503101","F1 score: 0.86, CI[0.78, 0.93]","Computational Method","",""
179997,"179997.16","Salmonella enterica subsp. enterica serovar Havana strain BCW_2694","amoxicillin/clavulanic acid","Susceptible","","","","","","","","","","","SIR XGBoost Model","202503101","F1 score: 0.96, CI[0.95, 0.97]","Computational Method","",""
179997,"179997.16","Salmonella enterica subsp. enterica serovar Havana strain BCW_2694","ampicillin","Susceptible","","","","","","","","","","","SIR XGBoost Model","202503101","F1 score: 0.93, CI[0.92, 0.93]","Computational Method","",""
179997,"179997.16","Salmonella enterica subsp. enterica serovar Havana strain BCW_2694","azithromycin","Susceptible","","","","","","","","","","","SIR XGBoost Model","202503101","F1 score: 0.92, CI[0.87, 0.98]","Computational Method","",""
179997,"179997.16","Salmonella enterica subsp. enterica serovar Havana strain BCW_2694","chloramphenicol","Susceptible","","","","","","","","","","","SIR XGBoost Model","202503101","F1 score: 0.90, CI[0.88, 0.91]","Computational Method","",""
179997,"179997.16","Salmonella enterica subsp. enterica serovar Havana strain BCW_2694","ciprofloxacin","Susceptible","","","","","","","","","","","SIR XGBoost Model","202503101","F1 score: 0.95, CI[0.93, 0.96]","Computational Method","",""
179997,"179997.16","Salmonella enterica subsp. enterica serovar Havana strain BCW_2694","ceftriaxone","Susceptible","","","","","","","","","","","SIR XGBoost Model","202503101","F1 score: 0.98, CI[0.97, 1.00]","Computational Method","",""
179997,"179997.16","Salmonella enterica subsp. enterica serovar Havana strain BCW_2694","cefotaxime","Susceptible","","","","","","","","","","","SIR XGBoost Model","202503101","F1 score: 0.95, CI[0.90, 0.99]","Computational Method","",""
179997,"179997.16","Salmonella enterica subsp. enterica serovar Havana strain BCW_2694","sulfisoxazole","Susceptible","","","","","","","","","","","SIR XGBoost Model","202503101","F1 score: 0.99, CI[0.98, 1.00]","Computational Method","",""
179997,"179997.16","Salmonella enterica subsp. enterica serovar Havana strain BCW_2694","cefoxitin","Susceptible","","","","","","","","","","","SIR XGBoost Model","202503101","F1 score: 0.96, CI[0.93, 0.99]","Computational Method","",""
179997,"179997.16","Salmonella enterica subsp. enterica serovar Havana strain BCW_2694","gentamicin","Susceptible","","","","","","","","","","","SIR XGBoost Model","202503101","F1 score: 0.92, CI[0.89, 0.95]","Computational Method","",""
179997,"179997.16","Salmonella enterica subsp. enterica serovar Havana strain BCW_2694","kanamycin","Susceptible","","","","","","","","","","","SIR XGBoost Model","202503101","F1 score: 0.86, CI[0.77, 0.95]","Computational Method","",""
179997,"179997.16","Salmonella enterica subsp. enterica serovar Havana strain BCW_2694","nalidixic acid","Susceptible","","","","","","","","","","","SIR XGBoost Model","202503101","F1 score: 0.95, CI[0.93, 0.96]","Computational Method","",""
179997,"179997.16","Salmonella enterica subsp. enterica serovar Havana strain BCW_2694","pefloxacin","Susceptible","","","","","","","","","","","SIR XGBoost Model","202503101","F1 score: 0.98, CI[0.96, 1.00]","Computational Method","",""
179997,"179997.16","Salmonella enterica subsp. enterica serovar Havana strain BCW_2694","sulfamethoxazole","Susceptible","","","","","","","","","","","SIR XGBoost Model","202503101","F1 score: 0.95, CI[0.93, 0.97]","Computational Method","",""
179997,"179997.16","Salmonella enterica subsp. enterica serovar Havana strain BCW_2694","spectinomycin","Susceptible","","","","","","","","","","","SIR XGBoost Model","202503101","F1 score: 0.94, CI[0.90, 0.98]","Computational Method","",""
179997,"179997.16","Salmonella enterica subsp. enterica serovar Havana strain BCW_2694","streptomycin","Susceptible","","","","","","","","","","","SIR XGBoost Model","202503101","F1 score: 0.94, CI[0.93, 0.96]","Computational Method","",""
179997,"179997.16","Salmonella enterica subsp. enterica serovar Havana strain BCW_2694","tetracycline","Susceptible","","","","","","","","","","","SIR XGBoost Model","202503101","F1 score: 0.97, CI[0.96, 0.98]","Computational Method","",""
179997,"179997.16","Salmonella enterica subsp. enterica serovar Havana strain BCW_2694","ceftiofur","Susceptible","","","","","","","","","","","SIR XGBoost Model","202503101","F1 score: 0.98, CI[0.97, 1.00]","Computational Method","",""
179997,"179997.16","Salmonella enterica subsp. enterica serovar Havana strain BCW_2694","trimethoprim","Susceptible","","","","","","","","","","","SIR XGBoost Model","202503101","F1 score: 0.86, CI[0.78, 0.93]","Computational Method","",""
179997,"179997.18","Salmonella enterica subsp. enterica serovar Havana strain 143","amoxicillin/clavulanic acid","Susceptible","","","","","","","","","","","SIR XGBoost Model","202503101","F1 score: 0.96, CI[0.95, 0.97]","Computational Method","",""
179997,"179997.18","Salmonella enterica subsp. enterica serovar Havana strain 143","ampicillin","Susceptible","","","","","","","","","","","SIR XGBoost Model","202503101","F1 score: 0.93, CI[0.92, 0.93]","Computational Method","",""
179997,"179997.18","Salmonella enterica subsp. enterica serovar Havana strain 143","azithromycin","Susceptible","","","","","","","","","","","SIR XGBoost Model","202503101","F1 score: 0.92, CI[0.87, 0.98]","Computational Method","",""
179997,"179997.18","Salmonella enterica subsp. enterica serovar Havana strain 143","chloramphenicol","Susceptible","","","","","","","","","","","SIR XGBoost Model","202503101","F1 score: 0.90, CI[0.88, 0.91]","Computational Method","",""
179997,"179997.18","Salmonella enterica subsp. enterica serovar Havana strain 143","ciprofloxacin","Susceptible","","","","","","","","","","","SIR XGBoost Model","202503101","F1 score: 0.95, CI[0.93, 0.96]","Computational Method","",""
179997,"179997.18","Salmonella enterica subsp. enterica serovar Havana strain 143","ceftriaxone","Susceptible","","","","","","","","","","","SIR XGBoost Model","202503101","F1 score: 0.98, CI[0.97, 1.00]","Computational Method","",""
179997,"179997.18","Salmonella enterica subsp. enterica serovar Havana strain 143","cefotaxime","Susceptible","","","","","","","","","","","SIR XGBoost Model","202503101","F1 score: 0.95, CI[0.90, 0.99]","Computational Method","",""
179997,"179997.18","Salmonella enterica subsp. enterica serovar Havana strain 143","sulfisoxazole","Susceptible","","","","","","","","","","","SIR XGBoost Model","202503101","F1 score: 0.99, CI[0.98, 1.00]","Computational Method","",""
179997,"179997.18","Salmonella enterica subsp. enterica serovar Havana strain 143","cefoxitin","Susceptible","","","","","","","","","","","SIR XGBoost Model","202503101","F1 score: 0.96, CI[0.93, 0.99]","Computational Method","",""
179997,"179997.18","Salmonella enterica subsp. enterica serovar Havana strain 143","gentamicin","Susceptible","","","","","","","","","","","SIR XGBoost Model","202503101","F1 score: 0.92, CI[0.89, 0.95]","Computational Method","",""
179997,"179997.18","Salmonella enterica subsp. enterica serovar Havana strain 143","kanamycin","Susceptible","","","","","","","","","","","SIR XGBoost Model","202503101","F1 score: 0.86, CI[0.77, 0.95]","Computational Method","",""
179997,"179997.18","Salmonella enterica subsp. enterica serovar Havana strain 143","nalidixic acid","Susceptible","","","","","","","","","","","SIR XGBoost Model","202503101","F1 score: 0.95, CI[0.93, 0.96]","Computational Method","",""
179997,"179997.18","Salmonella enterica subsp. enterica serovar Havana strain 143","pefloxacin","Susceptible","","","","","","","","","","","SIR XGBoost Model","202503101","F1 score: 0.98, CI[0.96, 1.00]","Computational Method","",""
179997,"179997.18","Salmonella enterica subsp. enterica serovar Havana strain 143","sulfamethoxazole","Susceptible","","","","","","","","","","","SIR XGBoost Model","202503101","F1 score: 0.95, CI[0.93, 0.97]","Computational Method","",""
179997,"179997.18","Salmonella enterica subsp. enterica serovar Havana strain 143","spectinomycin","Susceptible","","","","","","","","","","","SIR XGBoost Model","202503101","F1 score: 0.94, CI[0.90, 0.98]","Computational Method","",""
179997,"179997.18","Salmonella enterica subsp. enterica serovar Havana strain 143","streptomycin","Susceptible","","","","","","","","","","","SIR XGBoost Model","202503101","F1 score: 0.94, CI[0.93, 0.96]","Computational Method","",""
179997,"179997.18","Salmonella enterica subsp. enterica serovar Havana strain 143","tetracycline","Susceptible","","","","","","","","","","","SIR XGBoost Model","202503101","F1 score: 0.97, CI[0.96, 0.98]","Computational Method","",""
179997,"179997.18","Salmonella enterica subsp. enterica serovar Havana strain 143","ceftiofur","Susceptible","","","","","","","","","","","SIR XGBoost Model","202503101","F1 score: 0.98, CI[0.97, 1.00]","Computational Method","",""
179997,"179997.18","Salmonella enterica subsp. enterica serovar Havana strain 143","trimethoprim","Susceptible","","","","","","","","","","","SIR XGBoost Model","202503101","F1 score: 0.86, CI[0.78, 0.93]","Computational Method","",""
179997,"179997.19","Salmonella enterica subsp. enterica serovar Havana strain NCTC6086","amoxicillin/clavulanic acid","Susceptible","","","","","","","","","","","SIR XGBoost Model","202503101","F1 score: 0.96, CI[0.95, 0.97]","Computational Method","",""
179997,"179997.19","Salmonella enterica subsp. enterica serovar Havana strain NCTC6086","ampicillin","Susceptible","","","","","","","","","","","SIR XGBoost Model","202503101","F1 score: 0.93, CI[0.92, 0.93]","Computational Method","",""
179997,"179997.19","Salmonella enterica subsp. enterica serovar Havana strain NCTC6086","azithromycin","Susceptible","","","","","","","","","","","SIR XGBoost Model","202503101","F1 score: 0.92, CI[0.87, 0.98]","Computational Method","",""
179997,"179997.19","Salmonella enterica subsp. enterica serovar Havana strain NCTC6086","chloramphenicol","Susceptible","","","","","","","","","","","SIR XGBoost Model","202503101","F1 score: 0.90, CI[0.88, 0.91]","Computational Method","",""
179997,"179997.19","Salmonella enterica subsp. enterica serovar Havana strain NCTC6086","ciprofloxacin","Susceptible","","","","","","","","","","","SIR XGBoost Model","202503101","F1 score: 0.95, CI[0.93, 0.96]","Computational Method","",""
179997,"179997.19","Salmonella enterica subsp. enterica serovar Havana strain NCTC6086","ceftriaxone","Susceptible","","","","","","","","","","","SIR XGBoost Model","202503101","F1 score: 0.98, CI[0.97, 1.00]","Computational Method","",""
179997,"179997.19","Salmonella enterica subsp. enterica serovar Havana strain NCTC6086","cefotaxime","Susceptible","","","","","","","","","","","SIR XGBoost Model","202503101","F1 score: 0.95, CI[0.90, 0.99]","Computational Method","",""
179997,"179997.19","Salmonella enterica subsp. enterica serovar Havana strain NCTC6086","sulfisoxazole","Susceptible","","","","","","","","","","","SIR XGBoost Model","202503101","F1 score: 0.99, CI[0.98, 1.00]","Computational Method","",""
179997,"179997.19","Salmonella enterica subsp. enterica serovar Havana strain NCTC6086","cefoxitin","Susceptible","","","","","","","","","","","SIR XGBoost Model","202503101","F1 score: 0.96, CI[0.93, 0.99]","Computational Method","",""
179997,"179997.19","Salmonella enterica subsp. enterica serovar Havana strain NCTC6086","gentamicin","Susceptible","","","","","","","","","","","SIR XGBoost Model","202503101","F1 score: 0.92, CI[0.89, 0.95]","Computational Method","",""
179997,"179997.19","Salmonella enterica subsp. enterica serovar Havana strain NCTC6086","kanamycin","Susceptible","","","","","","","","","","","SIR XGBoost Model","202503101","F1 score: 0.86, CI[0.77, 0.95]","Computational Method","",""
179997,"179997.19","Salmonella enterica subsp. enterica serovar Havana strain NCTC6086","nalidixic acid","Susceptible","","","","","","","","","","","SIR XGBoost Model","202503101","F1 score: 0.95, CI[0.93, 0.96]","Computational Method","",""
179997,"179997.19","Salmonella enterica subsp. enterica serovar Havana strain NCTC6086","pefloxacin","Susceptible","","","","","","","","","","","SIR XGBoost Model","202503101","F1 score: 0.98, CI[0.96, 1.00]","Computational Method","",""
179997,"179997.19","Salmonella enterica subsp. enterica serovar Havana strain NCTC6086","sulfamethoxazole","Susceptible","","","","","","","","","","","SIR XGBoost Model","202503101","F1 score: 0.95, CI[0.93, 0.97]","Computational Method","",""
179997,"179997.19","Salmonella enterica subsp. enterica serovar Havana strain NCTC6086","spectinomycin","Susceptible","","","","","","","","","","","SIR XGBoost Model","202503101","F1 score: 0.94, CI[0.90, 0.98]","Computational Method","",""
179997,"179997.19","Salmonella enterica subsp. enterica serovar Havana strain NCTC6086","streptomycin","Susceptible","","","","","","","","","","","SIR XGBoost Model","202503101","F1 score: 0.94, CI[0.93, 0.96]","Computational Method","",""
179997,"179997.19","Salmonella enterica subsp. enterica serovar Havana strain NCTC6086","tetracycline","Susceptible","","","","","","","","","","","SIR XGBoost Model","202503101","F1 score: 0.97, CI[0.96, 0.98]","Computational Method","",""
179997,"179997.19","Salmonella enterica subsp. enterica serovar Havana strain NCTC6086","ceftiofur","Susceptible","","","","","","","","","","","SIR XGBoost Model","202503101","F1 score: 0.98, CI[0.97, 1.00]","Computational Method","",""
179997,"179997.19","Salmonella enterica subsp. enterica serovar Havana strain NCTC6086","trimethoprim","Susceptible","","","","","","","","","","","SIR XGBoost Model","202503101","F1 score: 0.86, CI[0.78, 0.93]","Computational Method","",""
179997,"179997.23","Salmonella enterica subsp. enterica serovar Havana strain F40","amoxicillin/clavulanic acid","Susceptible","","","","","","","","","","","SIR XGBoost Model","202503101","F1 score: 0.96, CI[0.95, 0.97]","Computational Method","",""
179997,"179997.23","Salmonella enterica subsp. enterica serovar Havana strain F40","ampicillin","Susceptible","","","","","","","","","","","SIR XGBoost Model","202503101","F1 score: 0.93, CI[0.92, 0.93]","Computational Method","",""
179997,"179997.23","Salmonella enterica subsp. enterica serovar Havana strain F40","azithromycin","Susceptible","","","","","","","","","","","SIR XGBoost Model","202503101","F1 score: 0.92, CI[0.87, 0.98]","Computational Method","",""
179997,"179997.23","Salmonella enterica subsp. enterica serovar Havana strain F40","chloramphenicol","Susceptible","","","","","","","","","","","SIR XGBoost Model","202503101","F1 score: 0.90, CI[0.88, 0.91]","Computational Method","",""
179997,"179997.23","Salmonella enterica subsp. enterica serovar Havana strain F40","ciprofloxacin","Susceptible","","","","","","","","","","","SIR XGBoost Model","202503101","F1 score: 0.95, CI[0.93, 0.96]","Computational Method","",""
179997,"179997.23","Salmonella enterica subsp. enterica serovar Havana strain F40","ceftriaxone","Resistant","","","","","","","","","","","SIR XGBoost Model","202503101","F1 score: 0.98, CI[0.97, 1.00]","Computational Method","",""
179997,"179997.23","Salmonella enterica subsp. enterica serovar Havana strain F40","cefotaxime","Resistant","","","","","","","","","","","SIR XGBoost Model","202503101","F1 score: 0.95, CI[0.90, 0.99]","Computational Method","",""
179997,"179997.23","Salmonella enterica subsp. enterica serovar Havana strain F40","sulfisoxazole","Resistant","","","","","","","","","","","SIR XGBoost Model","202503101","F1 score: 0.99, CI[0.98, 1.00]","Computational Method","",""
179997,"179997.23","Salmonella enterica subsp. enterica serovar Havana strain F40","cefoxitin","Susceptible","","","","","","","","","","","SIR XGBoost Model","202503101","F1 score: 0.96, CI[0.93, 0.99]","Computational Method","",""
179997,"179997.23","Salmonella enterica subsp. enterica serovar Havana strain F40","gentamicin","Resistant","","","","","","","","","","","SIR XGBoost Model","202503101","F1 score: 0.92, CI[0.89, 0.95]","Computational Method","",""
179997,"179997.23","Salmonella enterica subsp. enterica serovar Havana strain F40","kanamycin","Susceptible","","","","","","","","","","","SIR XGBoost Model","202503101","F1 score: 0.86, CI[0.77, 0.95]","Computational Method","",""
179997,"179997.23","Salmonella enterica subsp. enterica serovar Havana strain F40","nalidixic acid","Susceptible","","","","","","","","","","","SIR XGBoost Model","202503101","F1 score: 0.95, CI[0.93, 0.96]","Computational Method","",""
179997,"179997.23","Salmonella enterica subsp. enterica serovar Havana strain F40","pefloxacin","Susceptible","","","","","","","","","","","SIR XGBoost Model","202503101","F1 score: 0.98, CI[0.96, 1.00]","Computational Method","",""
179997,"179997.23","Salmonella enterica subsp. enterica serovar Havana strain F40","sulfamethoxazole","Resistant","","","","","","","","","","","SIR XGBoost Model","202503101","F1 score: 0.95, CI[0.93, 0.97]","Computational Method","",""
179997,"179997.23","Salmonella enterica subsp. enterica serovar Havana strain F40","spectinomycin","Susceptible","","","","","","","","","","","SIR XGBoost Model","202503101","F1 score: 0.94, CI[0.90, 0.98]","Computational Method","",""
179997,"179997.23","Salmonella enterica subsp. enterica serovar Havana strain F40","streptomycin","Susceptible","","","","","","","","","","","SIR XGBoost Model","202503101","F1 score: 0.94, CI[0.93, 0.96]","Computational Method","",""
179997,"179997.23","Salmonella enterica subsp. enterica serovar Havana strain F40","tetracycline","Resistant","","","","","","","","","","","SIR XGBoost Model","202503101","F1 score: 0.97, CI[0.96, 0.98]","Computational Method","",""
179997,"179997.23","Salmonella enterica subsp. enterica serovar Havana strain F40","ceftiofur","Susceptible","","","","","","","","","","","SIR XGBoost Model","202503101","F1 score: 0.98, CI[0.97, 1.00]","Computational Method","",""
179997,"179997.23","Salmonella enterica subsp. enterica serovar Havana strain F40","trimethoprim","Susceptible","","","","","","","","","","","SIR XGBoost Model","202503101","F1 score: 0.86, CI[0.78, 0.93]","Computational Method","",""
179997,"179997.24","Salmonella enterica subsp. enterica serovar Havana strain CVM 20761","amoxicillin/clavulanic acid","Susceptible","","","","","","","","","","","SIR XGBoost Model","202503101","F1 score: 0.96, CI[0.95, 0.97]","Computational Method","",""
179997,"179997.24","Salmonella enterica subsp. enterica serovar Havana strain CVM 20761","ampicillin","Susceptible","","","","","","","","","","","SIR XGBoost Model","202503101","F1 score: 0.93, CI[0.92, 0.93]","Computational Method","",""
179997,"179997.24","Salmonella enterica subsp. enterica serovar Havana strain CVM 20761","azithromycin","Susceptible","","","","","","","","","","","SIR XGBoost Model","202503101","F1 score: 0.92, CI[0.87, 0.98]","Computational Method","",""
179997,"179997.24","Salmonella enterica subsp. enterica serovar Havana strain CVM 20761","chloramphenicol","Resistant","","","","","","","","","","","SIR XGBoost Model","202503101","F1 score: 0.90, CI[0.88, 0.91]","Computational Method","",""
179997,"179997.24","Salmonella enterica subsp. enterica serovar Havana strain CVM 20761","ciprofloxacin","Susceptible","","","","","","","","","","","SIR XGBoost Model","202503101","F1 score: 0.95, CI[0.93, 0.96]","Computational Method","",""
179997,"179997.24","Salmonella enterica subsp. enterica serovar Havana strain CVM 20761","ceftriaxone","Susceptible","","","","","","","","","","","SIR XGBoost Model","202503101","F1 score: 0.98, CI[0.97, 1.00]","Computational Method","",""
179997,"179997.24","Salmonella enterica subsp. enterica serovar Havana strain CVM 20761","cefotaxime","Susceptible","","","","","","","","","","","SIR XGBoost Model","202503101","F1 score: 0.95, CI[0.90, 0.99]","Computational Method","",""
179997,"179997.24","Salmonella enterica subsp. enterica serovar Havana strain CVM 20761","sulfisoxazole","Resistant","","","","","","","","","","","SIR XGBoost Model","202503101","F1 score: 0.99, CI[0.98, 1.00]","Computational Method","",""
179997,"179997.24","Salmonella enterica subsp. enterica serovar Havana strain CVM 20761","cefoxitin","Susceptible","","","","","","","","","","","SIR XGBoost Model","202503101","F1 score: 0.96, CI[0.93, 0.99]","Computational Method","",""
179997,"179997.24","Salmonella enterica subsp. enterica serovar Havana strain CVM 20761","gentamicin","Resistant","","","","","","","","","","","SIR XGBoost Model","202503101","F1 score: 0.92, CI[0.89, 0.95]","Computational Method","",""
179997,"179997.24","Salmonella enterica subsp. enterica serovar Havana strain CVM 20761","kanamycin","Susceptible","","","","","","","","","","","SIR XGBoost Model","202503101","F1 score: 0.86, CI[0.77, 0.95]","Computational Method","",""
179997,"179997.24","Salmonella enterica subsp. enterica serovar Havana strain CVM 20761","nalidixic acid","Susceptible","","","","","","","","","","","SIR XGBoost Model","202503101","F1 score: 0.95, CI[0.93, 0.96]","Computational Method","",""
179997,"179997.24","Salmonella enterica subsp. enterica serovar Havana strain CVM 20761","pefloxacin","Susceptible","","","","","","","","","","","SIR XGBoost Model","202503101","F1 score: 0.98, CI[0.96, 1.00]","Computational Method","",""
179997,"179997.24","Salmonella enterica subsp. enterica serovar Havana strain CVM 20761","sulfamethoxazole","Resistant","","","","","","","","","","","SIR XGBoost Model","202503101","F1 score: 0.95, CI[0.93, 0.97]","Computational Method","",""
179997,"179997.24","Salmonella enterica subsp. enterica serovar Havana strain CVM 20761","spectinomycin","Resistant","","","","","","","","","","","SIR XGBoost Model","202503101","F1 score: 0.94, CI[0.90, 0.98]","Computational Method","",""
179997,"179997.24","Salmonella enterica subsp. enterica serovar Havana strain CVM 20761","streptomycin","Resistant","","","","","","","","","","","SIR XGBoost Model","202503101","F1 score: 0.94, CI[0.93, 0.96]","Computational Method","",""
179997,"179997.24","Salmonella enterica subsp. enterica serovar Havana strain CVM 20761","tetracycline","Resistant","","","","","","","","","","","SIR XGBoost Model","202503101","F1 score: 0.97, CI[0.96, 0.98]","Computational Method","",""
179997,"179997.24","Salmonella enterica subsp. enterica serovar Havana strain CVM 20761","ceftiofur","Susceptible","","","","","","","","","","","SIR XGBoost Model","202503101","F1 score: 0.98, CI[0.97, 1.00]","Computational Method","",""
179997,"179997.24","Salmonella enterica subsp. enterica serovar Havana strain CVM 20761","trimethoprim","Susceptible","","","","","","","","","","","SIR XGBoost Model","202503101","F1 score: 0.86, CI[0.78, 0.93]","Computational Method","",""
179997,"179997.28","Salmonella enterica subsp. enterica serovar Havana SEDGO276B","amoxicillin/clavulanic acid","Susceptible","","","","","","","","","","","SIR XGBoost Model","202503101","F1 score: 0.96, CI[0.95, 0.97]","Computational Method","",""
179997,"179997.28","Salmonella enterica subsp. enterica serovar Havana SEDGO276B","ampicillin","Susceptible","","","","","","","","","","","SIR XGBoost Model","202503101","F1 score: 0.93, CI[0.92, 0.93]","Computational Method","",""
179997,"179997.28","Salmonella enterica subsp. enterica serovar Havana SEDGO276B","azithromycin","Susceptible","","","","","","","","","","","SIR XGBoost Model","202503101","F1 score: 0.92, CI[0.87, 0.98]","Computational Method","",""
179997,"179997.28","Salmonella enterica subsp. enterica serovar Havana SEDGO276B","chloramphenicol","Susceptible","","","","","","","","","","","SIR XGBoost Model","202503101","F1 score: 0.90, CI[0.88, 0.91]","Computational Method","",""
179997,"179997.28","Salmonella enterica subsp. enterica serovar Havana SEDGO276B","ciprofloxacin","Susceptible","","","","","","","","","","","SIR XGBoost Model","202503101","F1 score: 0.95, CI[0.93, 0.96]","Computational Method","",""
179997,"179997.28","Salmonella enterica subsp. enterica serovar Havana SEDGO276B","ceftriaxone","Susceptible","","","","","","","","","","","SIR XGBoost Model","202503101","F1 score: 0.98, CI[0.97, 1.00]","Computational Method","",""
179997,"179997.28","Salmonella enterica subsp. enterica serovar Havana SEDGO276B","cefotaxime","Susceptible","","","","","","","","","","","SIR XGBoost Model","202503101","F1 score: 0.95, CI[0.90, 0.99]","Computational Method","",""
179997,"179997.28","Salmonella enterica subsp. enterica serovar Havana SEDGO276B","sulfisoxazole","Susceptible","","","","","","","","","","","SIR XGBoost Model","202503101","F1 score: 0.99, CI[0.98, 1.00]","Computational Method","",""
179997,"179997.28","Salmonella enterica subsp. enterica serovar Havana SEDGO276B","cefoxitin","Susceptible","","","","","","","","","","","SIR XGBoost Model","202503101","F1 score: 0.96, CI[0.93, 0.99]","Computational Method","",""
179997,"179997.28","Salmonella enterica subsp. enterica serovar Havana SEDGO276B","gentamicin","Susceptible","","","","","","","","","","","SIR XGBoost Model","202503101","F1 score: 0.92, CI[0.89, 0.95]","Computational Method","",""
179997,"179997.28","Salmonella enterica subsp. enterica serovar Havana SEDGO276B","kanamycin","Susceptible","","","","","","","","","","","SIR XGBoost Model","202503101","F1 score: 0.86, CI[0.77, 0.95]","Computational Method","",""
179997,"179997.28","Salmonella enterica subsp. enterica serovar Havana SEDGO276B","nalidixic acid","Susceptible","","","","","","","","","","","SIR XGBoost Model","202503101","F1 score: 0.95, CI[0.93, 0.96]","Computational Method","",""
179997,"179997.28","Salmonella enterica subsp. enterica serovar Havana SEDGO276B","pefloxacin","Susceptible","","","","","","","","","","","SIR XGBoost Model","202503101","F1 score: 0.98, CI[0.96, 1.00]","Computational Method","",""
179997,"179997.28","Salmonella enterica subsp. enterica serovar Havana SEDGO276B","sulfamethoxazole","Susceptible","","","","","","","","","","","SIR XGBoost Model","202503101","F1 score: 0.95, CI[0.93, 0.97]","Computational Method","",""
179997,"179997.28","Salmonella enterica subsp. enterica serovar Havana SEDGO276B","spectinomycin","Susceptible","","","","","","","","","","","SIR XGBoost Model","202503101","F1 score: 0.94, CI[0.90, 0.98]","Computational Method","",""
179997,"179997.28","Salmonella enterica subsp. enterica serovar Havana SEDGO276B","streptomycin","Susceptible","","","","","","","","","","","SIR XGBoost Model","202503101","F1 score: 0.94, CI[0.93, 0.96]","Computational Method","",""
179997,"179997.28","Salmonella enterica subsp. enterica serovar Havana SEDGO276B","tetracycline","Susceptible","","","","","","","","","","","SIR XGBoost Model","202503101","F1 score: 0.97, CI[0.96, 0.98]","Computational Method","",""
179997,"179997.28","Salmonella enterica subsp. enterica serovar Havana SEDGO276B","ceftiofur","Susceptible","","","","","","","","","","","SIR XGBoost Model","202503101","F1 score: 0.98, CI[0.97, 1.00]","Computational Method","",""
179997,"179997.28","Salmonella enterica subsp. enterica serovar Havana SEDGO276B","trimethoprim","Susceptible","","","","","","","","","","","SIR XGBoost Model","202503101","F1 score: 0.86, CI[0.78, 0.93]","Computational Method","",""
179997,"179997.7","Salmonella enterica subsp. enterica serovar Havana strain 87-0094","amoxicillin/clavulanic acid","Susceptible","","","","","","","","","","","SIR XGBoost Model","202503101","F1 score: 0.96, CI[0.95, 0.97]","Computational Method","",""
179997,"179997.7","Salmonella enterica subsp. enterica serovar Havana strain 87-0094","ampicillin","Susceptible","","","","","","","","","","","SIR XGBoost Model","202503101","F1 score: 0.93, CI[0.92, 0.93]","Computational Method","",""
179997,"179997.7","Salmonella enterica subsp. enterica serovar Havana strain 87-0094","azithromycin","Susceptible","","","","","","","","","","","SIR XGBoost Model","202503101","F1 score: 0.92, CI[0.87, 0.98]","Computational Method","",""
179997,"179997.7","Salmonella enterica subsp. enterica serovar Havana strain 87-0094","chloramphenicol","Susceptible","","","","","","","","","","","SIR XGBoost Model","202503101","F1 score: 0.90, CI[0.88, 0.91]","Computational Method","",""
179997,"179997.7","Salmonella enterica subsp. enterica serovar Havana strain 87-0094","ciprofloxacin","Susceptible","","","","","","","","","","","SIR XGBoost Model","202503101","F1 score: 0.95, CI[0.93, 0.96]","Computational Method","",""
179997,"179997.7","Salmonella enterica subsp. enterica serovar Havana strain 87-0094","ceftriaxone","Susceptible","","","","","","","","","","","SIR XGBoost Model","202503101","F1 score: 0.98, CI[0.97, 1.00]","Computational Method","",""
179997,"179997.7","Salmonella enterica subsp. enterica serovar Havana strain 87-0094","cefotaxime","Susceptible","","","","","","","","","","","SIR XGBoost Model","202503101","F1 score: 0.95, CI[0.90, 0.99]","Computational Method","",""
179997,"179997.7","Salmonella enterica subsp. enterica serovar Havana strain 87-0094","sulfisoxazole","Susceptible","","","","","","","","","","","SIR XGBoost Model","202503101","F1 score: 0.99, CI[0.98, 1.00]","Computational Method","",""
179997,"179997.7","Salmonella enterica subsp. enterica serovar Havana strain 87-0094","cefoxitin","Susceptible","","","","","","","","","","","SIR XGBoost Model","202503101","F1 score: 0.96, CI[0.93, 0.99]","Computational Method","",""
179997,"179997.7","Salmonella enterica subsp. enterica serovar Havana strain 87-0094","gentamicin","Susceptible","","","","","","","","","","","SIR XGBoost Model","202503101","F1 score: 0.92, CI[0.89, 0.95]","Computational Method","",""
179997,"179997.7","Salmonella enterica subsp. enterica serovar Havana strain 87-0094","kanamycin","Susceptible","","","","","","","","","","","SIR XGBoost Model","202503101","F1 score: 0.86, CI[0.77, 0.95]","Computational Method","",""
179997,"179997.7","Salmonella enterica subsp. enterica serovar Havana strain 87-0094","nalidixic acid","Susceptible","","","","","","","","","","","SIR XGBoost Model","202503101","F1 score: 0.95, CI[0.93, 0.96]","Computational Method","",""
179997,"179997.7","Salmonella enterica subsp. enterica serovar Havana strain 87-0094","pefloxacin","Susceptible","","","","","","","","","","","SIR XGBoost Model","202503101","F1 score: 0.98, CI[0.96, 1.00]","Computational Method","",""
179997,"179997.7","Salmonella enterica subsp. enterica serovar Havana strain 87-0094","sulfamethoxazole","Susceptible","","","","","","","","","","","SIR XGBoost Model","202503101","F1 score: 0.95, CI[0.93, 0.97]","Computational Method","",""
179997,"179997.7","Salmonella enterica subsp. enterica serovar Havana strain 87-0094","spectinomycin","Susceptible","","","","","","","","","","","SIR XGBoost Model","202503101","F1 score: 0.94, CI[0.90, 0.98]","Computational Method","",""
179997,"179997.7","Salmonella enterica subsp. enterica serovar Havana strain 87-0094","streptomycin","Susceptible","","","","","","","","","","","SIR XGBoost Model","202503101","F1 score: 0.94, CI[0.93, 0.96]","Computational Method","",""
179997,"179997.7","Salmonella enterica subsp. enterica serovar Havana strain 87-0094","tetracycline","Susceptible","","","","","","","","","","","SIR XGBoost Model","202503101","F1 score: 0.97, CI[0.96, 0.98]","Computational Method","",""
179997,"179997.7","Salmonella enterica subsp. enterica serovar Havana strain 87-0094","ceftiofur","Susceptible","","","","","","","","","","","SIR XGBoost Model","202503101","F1 score: 0.98, CI[0.97, 1.00]","Computational Method","",""
179997,"179997.7","Salmonella enterica subsp. enterica serovar Havana strain 87-0094","trimethoprim","Susceptible","","","","","","","","","","","SIR XGBoost Model","202503101","F1 score: 0.86, CI[0.78, 0.93]","Computational Method","",""
179997,"179997.8","Salmonella enterica subsp. enterica serovar Havana strain 97-0232","amoxicillin/clavulanic acid","Susceptible","","","","","","","","","","","SIR XGBoost Model","202503101","F1 score: 0.96, CI[0.95, 0.97]","Computational Method","",""
179997,"179997.8","Salmonella enterica subsp. enterica serovar Havana strain 97-0232","ampicillin","Susceptible","","","","","","","","","","","SIR XGBoost Model","202503101","F1 score: 0.93, CI[0.92, 0.93]","Computational Method","",""
179997,"179997.8","Salmonella enterica subsp. enterica serovar Havana strain 97-0232","azithromycin","Susceptible","","","","","","","","","","","SIR XGBoost Model","202503101","F1 score: 0.92, CI[0.87, 0.98]","Computational Method","",""
179997,"179997.8","Salmonella enterica subsp. enterica serovar Havana strain 97-0232","chloramphenicol","Susceptible","","","","","","","","","","","SIR XGBoost Model","202503101","F1 score: 0.90, CI[0.88, 0.91]","Computational Method","",""
179997,"179997.8","Salmonella enterica subsp. enterica serovar Havana strain 97-0232","ciprofloxacin","Susceptible","","","","","","","","","","","SIR XGBoost Model","202503101","F1 score: 0.95, CI[0.93, 0.96]","Computational Method","",""
179997,"179997.8","Salmonella enterica subsp. enterica serovar Havana strain 97-0232","ceftriaxone","Susceptible","","","","","","","","","","","SIR XGBoost Model","202503101","F1 score: 0.98, CI[0.97, 1.00]","Computational Method","",""
179997,"179997.8","Salmonella enterica subsp. enterica serovar Havana strain 97-0232","cefotaxime","Susceptible","","","","","","","","","","","SIR XGBoost Model","202503101","F1 score: 0.95, CI[0.90, 0.99]","Computational Method","",""
179997,"179997.8","Salmonella enterica subsp. enterica serovar Havana strain 97-0232","sulfisoxazole","Susceptible","","","","","","","","","","","SIR XGBoost Model","202503101","F1 score: 0.99, CI[0.98, 1.00]","Computational Method","",""
179997,"179997.8","Salmonella enterica subsp. enterica serovar Havana strain 97-0232","cefoxitin","Susceptible","","","","","","","","","","","SIR XGBoost Model","202503101","F1 score: 0.96, CI[0.93, 0.99]","Computational Method","",""
179997,"179997.8","Salmonella enterica subsp. enterica serovar Havana strain 97-0232","gentamicin","Susceptible","","","","","","","","","","","SIR XGBoost Model","202503101","F1 score: 0.92, CI[0.89, 0.95]","Computational Method","",""
179997,"179997.8","Salmonella enterica subsp. enterica serovar Havana strain 97-0232","kanamycin","Susceptible","","","","","","","","","","","SIR XGBoost Model","202503101","F1 score: 0.86, CI[0.77, 0.95]","Computational Method","",""
179997,"179997.8","Salmonella enterica subsp. enterica serovar Havana strain 97-0232","nalidixic acid","Susceptible","","","","","","","","","","","SIR XGBoost Model","202503101","F1 score: 0.95, CI[0.93, 0.96]","Computational Method","",""
179997,"179997.8","Salmonella enterica subsp. enterica serovar Havana strain 97-0232","pefloxacin","Susceptible","","","","","","","","","","","SIR XGBoost Model","202503101","F1 score: 0.98, CI[0.96, 1.00]","Computational Method","",""
179997,"179997.8","Salmonella enterica subsp. enterica serovar Havana strain 97-0232","sulfamethoxazole","Susceptible","","","","","","","","","","","SIR XGBoost Model","202503101","F1 score: 0.95, CI[0.93, 0.97]","Computational Method","",""
179997,"179997.8","Salmonella enterica subsp. enterica serovar Havana strain 97-0232","spectinomycin","Susceptible","","","","","","","","","","","SIR XGBoost Model","202503101","F1 score: 0.94, CI[0.90, 0.98]","Computational Method","",""
179997,"179997.8","Salmonella enterica subsp. enterica serovar Havana strain 97-0232","streptomycin","Susceptible","","","","","","","","","","","SIR XGBoost Model","202503101","F1 score: 0.94, CI[0.93, 0.96]","Computational Method","",""
179997,"179997.8","Salmonella enterica subsp. enterica serovar Havana strain 97-0232","tetracycline","Susceptible","","","","","","","","","","","SIR XGBoost Model","202503101","F1 score: 0.97, CI[0.96, 0.98]","Computational Method","",""
179997,"179997.8","Salmonella enterica subsp. enterica serovar Havana strain 97-0232","ceftiofur","Susceptible","","","","","","","","","","","SIR XGBoost Model","202503101","F1 score: 0.98, CI[0.97, 1.00]","Computational Method","",""
179997,"179997.8","Salmonella enterica subsp. enterica serovar Havana strain 97-0232","trimethoprim","Susceptible","","","","","","","","","","","SIR XGBoost Model","202503101","F1 score: 0.86, CI[0.78, 0.93]","Computational Method","",""
179997,"179997.9","Salmonella enterica subsp. enterica serovar Havana strain 82-0493","amoxicillin/clavulanic acid","Susceptible","","","","","","","","","","","SIR XGBoost Model","202503101","F1 score: 0.96, CI[0.95, 0.97]","Computational Method","",""
179997,"179997.9","Salmonella enterica subsp. enterica serovar Havana strain 82-0493","ampicillin","Susceptible","","","","","","","","","","","SIR XGBoost Model","202503101","F1 score: 0.93, CI[0.92, 0.93]","Computational Method","",""
179997,"179997.9","Salmonella enterica subsp. enterica serovar Havana strain 82-0493","azithromycin","Susceptible","","","","","","","","","","","SIR XGBoost Model","202503101","F1 score: 0.92, CI[0.87, 0.98]","Computational Method","",""
179997,"179997.9","Salmonella enterica subsp. enterica serovar Havana strain 82-0493","chloramphenicol","Susceptible","","","","","","","","","","","SIR XGBoost Model","202503101","F1 score: 0.90, CI[0.88, 0.91]","Computational Method","",""
179997,"179997.9","Salmonella enterica subsp. enterica serovar Havana strain 82-0493","ciprofloxacin","Susceptible","","","","","","","","","","","SIR XGBoost Model","202503101","F1 score: 0.95, CI[0.93, 0.96]","Computational Method","",""
179997,"179997.9","Salmonella enterica subsp. enterica serovar Havana strain 82-0493","ceftriaxone","Susceptible","","","","","","","","","","","SIR XGBoost Model","202503101","F1 score: 0.98, CI[0.97, 1.00]","Computational Method","",""
179997,"179997.9","Salmonella enterica subsp. enterica serovar Havana strain 82-0493","cefotaxime","Susceptible","","","","","","","","","","","SIR XGBoost Model","202503101","F1 score: 0.95, CI[0.90, 0.99]","Computational Method","",""
179997,"179997.9","Salmonella enterica subsp. enterica serovar Havana strain 82-0493","sulfisoxazole","Susceptible","","","","","","","","","","","SIR XGBoost Model","202503101","F1 score: 0.99, CI[0.98, 1.00]","Computational Method","",""
179997,"179997.9","Salmonella enterica subsp. enterica serovar Havana strain 82-0493","cefoxitin","Susceptible","","","","","","","","","","","SIR XGBoost Model","202503101","F1 score: 0.96, CI[0.93, 0.99]","Computational Method","",""
179997,"179997.9","Salmonella enterica subsp. enterica serovar Havana strain 82-0493","gentamicin","Susceptible","","","","","","","","","","","SIR XGBoost Model","202503101","F1 score: 0.92, CI[0.89, 0.95]","Computational Method","",""
179997,"179997.9","Salmonella enterica subsp. enterica serovar Havana strain 82-0493","kanamycin","Susceptible","","","","","","","","","","","SIR XGBoost Model","202503101","F1 score: 0.86, CI[0.77, 0.95]","Computational Method","",""
179997,"179997.9","Salmonella enterica subsp. enterica serovar Havana strain 82-0493","nalidixic acid","Susceptible","","","","","","","","","","","SIR XGBoost Model","202503101","F1 score: 0.95, CI[0.93, 0.96]","Computational Method","",""
179997,"179997.9","Salmonella enterica subsp. enterica serovar Havana strain 82-0493","pefloxacin","Susceptible","","","","","","","","","","","SIR XGBoost Model","202503101","F1 score: 0.98, CI[0.96, 1.00]","Computational Method","",""
179997,"179997.9","Salmonella enterica subsp. enterica serovar Havana strain 82-0493","sulfamethoxazole","Susceptible","","","","","","","","","","","SIR XGBoost Model","202503101","F1 score: 0.95, CI[0.93, 0.97]","Computational Method","",""
179997,"179997.9","Salmonella enterica subsp. enterica serovar Havana strain 82-0493","spectinomycin","Susceptible","","","","","","","","","","","SIR XGBoost Model","202503101","F1 score: 0.94, CI[0.90, 0.98]","Computational Method","",""
179997,"179997.9","Salmonella enterica subsp. enterica serovar Havana strain 82-0493","streptomycin","Susceptible","","","","","","","","","","","SIR XGBoost Model","202503101","F1 score: 0.94, CI[0.93, 0.96]","Computational Method","",""
179997,"179997.9","Salmonella enterica subsp. enterica serovar Havana strain 82-0493","tetracycline","Susceptible","","","","","","","","","","","SIR XGBoost Model","202503101","F1 score: 0.97, CI[0.96, 0.98]","Computational Method","",""
179997,"179997.9","Salmonella enterica subsp. enterica serovar Havana strain 82-0493","ceftiofur","Susceptible","","","","","","","","","","","SIR XGBoost Model","202503101","F1 score: 0.98, CI[0.97, 1.00]","Computational Method","",""
179997,"179997.9","Salmonella enterica subsp. enterica serovar Havana strain 82-0493","trimethoprim","Susceptible","","","","","","","","","","","SIR XGBoost Model","202503101","F1 score: 0.86, CI[0.78, 0.93]","Computational Method","",""
