"Taxon ID","Genome ID","Genome Name","Antibiotic","Resistant Phenotype","Measurement","Measurement Sign","Measurement Value","Measurement Unit","Laboratory Typing Method","Laboratory Typing Method Version","Laboratory Typing Platform","Vendor","Testing Standard","Testing Standard Year","Computational Method","Computational Method Version","Computational Method Performance","Evidence","Source","PubMed"
192953,"192953.15","Salmonella enterica subsp. enterica serovar Stanley strain NCTC5716","amoxicillin/clavulanic acid","","1.0","","1.0","mg/L","","","","","","","MIC XGBoost Model","202503101","W1 score: 0.98, CI[0.96, 0.99]","Computational Method","",""
192953,"192953.15","Salmonella enterica subsp. enterica serovar Stanley strain NCTC5716","ampicillin","","1.0","","1.0","mg/L","","","","","","","MIC XGBoost Model","202503101","W1 score: 0.96, CI[0.95, 0.97]","Computational Method","",""
192953,"192953.15","Salmonella enterica subsp. enterica serovar Stanley strain NCTC5716","azithromycin","","4.0","","4.0","mg/L","","","","","","","MIC XGBoost Model","202503101","W1 score: 0.99, CI[0.98, 1.00]","Computational Method","",""
192953,"192953.15","Salmonella enterica subsp. enterica serovar Stanley strain NCTC5716","ceftazidime","","8.0","","8.0","mg/L","","","","","","","MIC XGBoost Model","202503101","W1 score: 0.93, CI[0.88, 0.99]","Computational Method","",""
192953,"192953.15","Salmonella enterica subsp. enterica serovar Stanley strain NCTC5716","chloramphenicol","","8.0","","8.0","mg/L","","","","","","","MIC XGBoost Model","202503101","W1 score: 0.99, CI[0.98, 1.00]","Computational Method","",""
192953,"192953.15","Salmonella enterica subsp. enterica serovar Stanley strain NCTC5716","ciprofloxacin","","0.015625","","0.015625","mg/L","","","","","","","MIC XGBoost Model","202503101","W1 score: 0.88, CI[0.86, 0.90]","Computational Method","",""
192953,"192953.15","Salmonella enterica subsp. enterica serovar Stanley strain NCTC5716","ceftriaxone","","0.5","","0.5","mg/L","","","","","","","MIC XGBoost Model","202503101","W1 score: 0.95, CI[0.94, 0.96]","Computational Method","",""
192953,"192953.15","Salmonella enterica subsp. enterica serovar Stanley strain NCTC5716","cefotaxime","","16.0","","16.0","mg/L","","","","","","","MIC XGBoost Model","202503101","W1 score: 0.95, CI[0.89, 1.00]","Computational Method","",""
192953,"192953.15","Salmonella enterica subsp. enterica serovar Stanley strain NCTC5716","sulfisoxazole","","32.0","","32.0","mg/L","","","","","","","MIC XGBoost Model","202503101","W1 score: 0.98, CI[0.97, 0.99]","Computational Method","",""
192953,"192953.15","Salmonella enterica subsp. enterica serovar Stanley strain NCTC5716","cefoxitin","","2.0","","2.0","mg/L","","","","","","","MIC XGBoost Model","202503101","W1 score: 0.98, CI[0.97, 1.00]","Computational Method","",""
192953,"192953.15","Salmonella enterica subsp. enterica serovar Stanley strain NCTC5716","gentamicin","","0.5","","0.5","mg/L","","","","","","","MIC XGBoost Model","202503101","W1 score: 0.97, CI[0.95, 0.99]","Computational Method","",""
192953,"192953.15","Salmonella enterica subsp. enterica serovar Stanley strain NCTC5716","kanamycin","","8.0","","8.0","mg/L","","","","","","","MIC XGBoost Model","202503101","W1 score: 0.99, CI[0.98, 1.01]","Computational Method","",""
192953,"192953.15","Salmonella enterica subsp. enterica serovar Stanley strain NCTC5716","meropenem","","0.0625","","0.0625","mg/L","","","","","","","MIC XGBoost Model","202503101","W1 score: 0.95, CI[0.90, 1.01]","Computational Method","",""
192953,"192953.15","Salmonella enterica subsp. enterica serovar Stanley strain NCTC5716","nalidixic acid","","4.0","","4.0","mg/L","","","","","","","MIC XGBoost Model","202503101","W1 score: 0.98, CI[0.97, 0.99]","Computational Method","",""
192953,"192953.15","Salmonella enterica subsp. enterica serovar Stanley strain NCTC5716","streptomycin","","16.0","","16.0","mg/L","","","","","","","MIC XGBoost Model","202503101","W1 score: 0.92, CI[0.90, 0.93]","Computational Method","",""
192953,"192953.15","Salmonella enterica subsp. enterica serovar Stanley strain NCTC5716","tetracycline","","4.0","","4.0","mg/L","","","","","","","MIC XGBoost Model","202503101","W1 score: 0.99, CI[0.98, 0.99]","Computational Method","",""
192953,"192953.15","Salmonella enterica subsp. enterica serovar Stanley strain NCTC5716","ceftiofur","","1.0","","1.0","mg/L","","","","","","","MIC XGBoost Model","202503101","W1 score: 0.99, CI[0.98, 0.99]","Computational Method","",""
192953,"192953.16","Salmonella enterica subsp. enterica serovar Stanley strain I12","amoxicillin/clavulanic acid","","1.0","","1.0","mg/L","","","","","","","MIC XGBoost Model","202503101","W1 score: 0.98, CI[0.96, 0.99]","Computational Method","",""
192953,"192953.16","Salmonella enterica subsp. enterica serovar Stanley strain I12","ampicillin","","2.0","","2.0","mg/L","","","","","","","MIC XGBoost Model","202503101","W1 score: 0.96, CI[0.95, 0.97]","Computational Method","",""
192953,"192953.16","Salmonella enterica subsp. enterica serovar Stanley strain I12","azithromycin","","4.0","","4.0","mg/L","","","","","","","MIC XGBoost Model","202503101","W1 score: 0.99, CI[0.98, 1.00]","Computational Method","",""
192953,"192953.16","Salmonella enterica subsp. enterica serovar Stanley strain I12","ceftazidime","","16.0","","16.0","mg/L","","","","","","","MIC XGBoost Model","202503101","W1 score: 0.93, CI[0.88, 0.99]","Computational Method","",""
192953,"192953.16","Salmonella enterica subsp. enterica serovar Stanley strain I12","chloramphenicol","","8.0","","8.0","mg/L","","","","","","","MIC XGBoost Model","202503101","W1 score: 0.99, CI[0.98, 1.00]","Computational Method","",""
192953,"192953.16","Salmonella enterica subsp. enterica serovar Stanley strain I12","ciprofloxacin","","0.03125","","0.03125","mg/L","","","","","","","MIC XGBoost Model","202503101","W1 score: 0.88, CI[0.86, 0.90]","Computational Method","",""
192953,"192953.16","Salmonella enterica subsp. enterica serovar Stanley strain I12","ceftriaxone","","1.0","","1.0","mg/L","","","","","","","MIC XGBoost Model","202503101","W1 score: 0.95, CI[0.94, 0.96]","Computational Method","",""
192953,"192953.16","Salmonella enterica subsp. enterica serovar Stanley strain I12","cefotaxime","","16.0","","16.0","mg/L","","","","","","","MIC XGBoost Model","202503101","W1 score: 0.95, CI[0.89, 1.00]","Computational Method","",""
192953,"192953.16","Salmonella enterica subsp. enterica serovar Stanley strain I12","sulfisoxazole","","32.0","","32.0","mg/L","","","","","","","MIC XGBoost Model","202503101","W1 score: 0.98, CI[0.97, 0.99]","Computational Method","",""
192953,"192953.16","Salmonella enterica subsp. enterica serovar Stanley strain I12","cefoxitin","","2.0","","2.0","mg/L","","","","","","","MIC XGBoost Model","202503101","W1 score: 0.98, CI[0.97, 1.00]","Computational Method","",""
192953,"192953.16","Salmonella enterica subsp. enterica serovar Stanley strain I12","gentamicin","","0.5","","0.5","mg/L","","","","","","","MIC XGBoost Model","202503101","W1 score: 0.97, CI[0.95, 0.99]","Computational Method","",""
192953,"192953.16","Salmonella enterica subsp. enterica serovar Stanley strain I12","kanamycin","","8.0","","8.0","mg/L","","","","","","","MIC XGBoost Model","202503101","W1 score: 0.99, CI[0.98, 1.01]","Computational Method","",""
192953,"192953.16","Salmonella enterica subsp. enterica serovar Stanley strain I12","meropenem","","0.0625","","0.0625","mg/L","","","","","","","MIC XGBoost Model","202503101","W1 score: 0.95, CI[0.90, 1.01]","Computational Method","",""
192953,"192953.16","Salmonella enterica subsp. enterica serovar Stanley strain I12","nalidixic acid","","4.0","","4.0","mg/L","","","","","","","MIC XGBoost Model","202503101","W1 score: 0.98, CI[0.97, 0.99]","Computational Method","",""
192953,"192953.16","Salmonella enterica subsp. enterica serovar Stanley strain I12","streptomycin","","16.0","","16.0","mg/L","","","","","","","MIC XGBoost Model","202503101","W1 score: 0.92, CI[0.90, 0.93]","Computational Method","",""
192953,"192953.16","Salmonella enterica subsp. enterica serovar Stanley strain I12","tetracycline","","4.0","","4.0","mg/L","","","","","","","MIC XGBoost Model","202503101","W1 score: 0.99, CI[0.98, 0.99]","Computational Method","",""
192953,"192953.16","Salmonella enterica subsp. enterica serovar Stanley strain I12","ceftiofur","","1.0","","1.0","mg/L","","","","","","","MIC XGBoost Model","202503101","W1 score: 0.99, CI[0.98, 0.99]","Computational Method","",""
192953,"192953.20","Salmonella enterica subsp. enterica serovar Stanley strain G115","amoxicillin/clavulanic acid","","8.0","","8.0","mg/L","","","","","","","MIC XGBoost Model","202503101","W1 score: 0.98, CI[0.96, 0.99]","Computational Method","",""
192953,"192953.20","Salmonella enterica subsp. enterica serovar Stanley strain G115","ampicillin","","64.0","","64.0","mg/L","","","","","","","MIC XGBoost Model","202503101","W1 score: 0.96, CI[0.95, 0.97]","Computational Method","",""
192953,"192953.20","Salmonella enterica subsp. enterica serovar Stanley strain G115","azithromycin","","4.0","","4.0","mg/L","","","","","","","MIC XGBoost Model","202503101","W1 score: 0.99, CI[0.98, 1.00]","Computational Method","",""
192953,"192953.20","Salmonella enterica subsp. enterica serovar Stanley strain G115","ceftazidime","","16.0","","16.0","mg/L","","","","","","","MIC XGBoost Model","202503101","W1 score: 0.93, CI[0.88, 0.99]","Computational Method","",""
192953,"192953.20","Salmonella enterica subsp. enterica serovar Stanley strain G115","chloramphenicol","","8.0","","8.0","mg/L","","","","","","","MIC XGBoost Model","202503101","W1 score: 0.99, CI[0.98, 1.00]","Computational Method","",""
192953,"192953.20","Salmonella enterica subsp. enterica serovar Stanley strain G115","ciprofloxacin","","0.03125","","0.03125","mg/L","","","","","","","MIC XGBoost Model","202503101","W1 score: 0.88, CI[0.86, 0.90]","Computational Method","",""
192953,"192953.20","Salmonella enterica subsp. enterica serovar Stanley strain G115","ceftriaxone","","2.0","","2.0","mg/L","","","","","","","MIC XGBoost Model","202503101","W1 score: 0.95, CI[0.94, 0.96]","Computational Method","",""
192953,"192953.20","Salmonella enterica subsp. enterica serovar Stanley strain G115","cefotaxime","","16.0","","16.0","mg/L","","","","","","","MIC XGBoost Model","202503101","W1 score: 0.95, CI[0.89, 1.00]","Computational Method","",""
192953,"192953.20","Salmonella enterica subsp. enterica serovar Stanley strain G115","sulfisoxazole","","32.0","","32.0","mg/L","","","","","","","MIC XGBoost Model","202503101","W1 score: 0.98, CI[0.97, 0.99]","Computational Method","",""
192953,"192953.20","Salmonella enterica subsp. enterica serovar Stanley strain G115","cefoxitin","","2.0","","2.0","mg/L","","","","","","","MIC XGBoost Model","202503101","W1 score: 0.98, CI[0.97, 1.00]","Computational Method","",""
192953,"192953.20","Salmonella enterica subsp. enterica serovar Stanley strain G115","gentamicin","","0.5","","0.5","mg/L","","","","","","","MIC XGBoost Model","202503101","W1 score: 0.97, CI[0.95, 0.99]","Computational Method","",""
192953,"192953.20","Salmonella enterica subsp. enterica serovar Stanley strain G115","kanamycin","","8.0","","8.0","mg/L","","","","","","","MIC XGBoost Model","202503101","W1 score: 0.99, CI[0.98, 1.01]","Computational Method","",""
192953,"192953.20","Salmonella enterica subsp. enterica serovar Stanley strain G115","meropenem","","0.0625","","0.0625","mg/L","","","","","","","MIC XGBoost Model","202503101","W1 score: 0.95, CI[0.90, 1.01]","Computational Method","",""
192953,"192953.20","Salmonella enterica subsp. enterica serovar Stanley strain G115","nalidixic acid","","8.0","","8.0","mg/L","","","","","","","MIC XGBoost Model","202503101","W1 score: 0.98, CI[0.97, 0.99]","Computational Method","",""
192953,"192953.20","Salmonella enterica subsp. enterica serovar Stanley strain G115","streptomycin","","16.0","","16.0","mg/L","","","","","","","MIC XGBoost Model","202503101","W1 score: 0.92, CI[0.90, 0.93]","Computational Method","",""
192953,"192953.20","Salmonella enterica subsp. enterica serovar Stanley strain G115","tetracycline","","4.0","","4.0","mg/L","","","","","","","MIC XGBoost Model","202503101","W1 score: 0.99, CI[0.98, 0.99]","Computational Method","",""
192953,"192953.20","Salmonella enterica subsp. enterica serovar Stanley strain G115","ceftiofur","","1.0","","1.0","mg/L","","","","","","","MIC XGBoost Model","202503101","W1 score: 0.99, CI[0.98, 0.99]","Computational Method","",""
192953,"192953.21","Salmonella enterica subsp. enterica serovar Stanley strain I25","amoxicillin/clavulanic acid","","4.0","","4.0","mg/L","","","","","","","MIC XGBoost Model","202503101","W1 score: 0.98, CI[0.96, 0.99]","Computational Method","",""
192953,"192953.21","Salmonella enterica subsp. enterica serovar Stanley strain I25","ampicillin","","32.0","","32.0","mg/L","","","","","","","MIC XGBoost Model","202503101","W1 score: 0.96, CI[0.95, 0.97]","Computational Method","",""
192953,"192953.21","Salmonella enterica subsp. enterica serovar Stanley strain I25","azithromycin","","4.0","","4.0","mg/L","","","","","","","MIC XGBoost Model","202503101","W1 score: 0.99, CI[0.98, 1.00]","Computational Method","",""
192953,"192953.21","Salmonella enterica subsp. enterica serovar Stanley strain I25","ceftazidime","","32.0","","32.0","mg/L","","","","","","","MIC XGBoost Model","202503101","W1 score: 0.93, CI[0.88, 0.99]","Computational Method","",""
192953,"192953.21","Salmonella enterica subsp. enterica serovar Stanley strain I25","chloramphenicol","","32.0","","32.0","mg/L","","","","","","","MIC XGBoost Model","202503101","W1 score: 0.99, CI[0.98, 1.00]","Computational Method","",""
192953,"192953.21","Salmonella enterica subsp. enterica serovar Stanley strain I25","ciprofloxacin","","1.0","","1.0","mg/L","","","","","","","MIC XGBoost Model","202503101","W1 score: 0.88, CI[0.86, 0.90]","Computational Method","",""
192953,"192953.21","Salmonella enterica subsp. enterica serovar Stanley strain I25","ceftriaxone","","0.5","","0.5","mg/L","","","","","","","MIC XGBoost Model","202503101","W1 score: 0.95, CI[0.94, 0.96]","Computational Method","",""
192953,"192953.21","Salmonella enterica subsp. enterica serovar Stanley strain I25","cefotaxime","","32.0","","32.0","mg/L","","","","","","","MIC XGBoost Model","202503101","W1 score: 0.95, CI[0.89, 1.00]","Computational Method","",""
192953,"192953.21","Salmonella enterica subsp. enterica serovar Stanley strain I25","sulfisoxazole","","32.0","","32.0","mg/L","","","","","","","MIC XGBoost Model","202503101","W1 score: 0.98, CI[0.97, 0.99]","Computational Method","",""
192953,"192953.21","Salmonella enterica subsp. enterica serovar Stanley strain I25","cefoxitin","","4.0","","4.0","mg/L","","","","","","","MIC XGBoost Model","202503101","W1 score: 0.98, CI[0.97, 1.00]","Computational Method","",""
192953,"192953.21","Salmonella enterica subsp. enterica serovar Stanley strain I25","gentamicin","","16.0","","16.0","mg/L","","","","","","","MIC XGBoost Model","202503101","W1 score: 0.97, CI[0.95, 0.99]","Computational Method","",""
192953,"192953.21","Salmonella enterica subsp. enterica serovar Stanley strain I25","kanamycin","","8.0","","8.0","mg/L","","","","","","","MIC XGBoost Model","202503101","W1 score: 0.99, CI[0.98, 1.01]","Computational Method","",""
192953,"192953.21","Salmonella enterica subsp. enterica serovar Stanley strain I25","meropenem","","8.0","","8.0","mg/L","","","","","","","MIC XGBoost Model","202503101","W1 score: 0.95, CI[0.90, 1.01]","Computational Method","",""
192953,"192953.21","Salmonella enterica subsp. enterica serovar Stanley strain I25","nalidixic acid","","32.0","","32.0","mg/L","","","","","","","MIC XGBoost Model","202503101","W1 score: 0.98, CI[0.97, 0.99]","Computational Method","",""
192953,"192953.21","Salmonella enterica subsp. enterica serovar Stanley strain I25","streptomycin","","32.0","","32.0","mg/L","","","","","","","MIC XGBoost Model","202503101","W1 score: 0.92, CI[0.90, 0.93]","Computational Method","",""
192953,"192953.21","Salmonella enterica subsp. enterica serovar Stanley strain I25","tetracycline","","32.0","","32.0","mg/L","","","","","","","MIC XGBoost Model","202503101","W1 score: 0.99, CI[0.98, 0.99]","Computational Method","",""
192953,"192953.21","Salmonella enterica subsp. enterica serovar Stanley strain I25","ceftiofur","","1.0","","1.0","mg/L","","","","","","","MIC XGBoost Model","202503101","W1 score: 0.99, CI[0.98, 0.99]","Computational Method","",""
192953,"192953.22","Salmonella enterica subsp. enterica serovar Stanley strain G117","amoxicillin/clavulanic acid","","1.0","","1.0","mg/L","","","","","","","MIC XGBoost Model","202503101","W1 score: 0.98, CI[0.96, 0.99]","Computational Method","",""
192953,"192953.22","Salmonella enterica subsp. enterica serovar Stanley strain G117","ampicillin","","2.0","","2.0","mg/L","","","","","","","MIC XGBoost Model","202503101","W1 score: 0.96, CI[0.95, 0.97]","Computational Method","",""
192953,"192953.22","Salmonella enterica subsp. enterica serovar Stanley strain G117","azithromycin","","4.0","","4.0","mg/L","","","","","","","MIC XGBoost Model","202503101","W1 score: 0.99, CI[0.98, 1.00]","Computational Method","",""
192953,"192953.22","Salmonella enterica subsp. enterica serovar Stanley strain G117","ceftazidime","","16.0","","16.0","mg/L","","","","","","","MIC XGBoost Model","202503101","W1 score: 0.93, CI[0.88, 0.99]","Computational Method","",""
192953,"192953.22","Salmonella enterica subsp. enterica serovar Stanley strain G117","chloramphenicol","","8.0","","8.0","mg/L","","","","","","","MIC XGBoost Model","202503101","W1 score: 0.99, CI[0.98, 1.00]","Computational Method","",""
192953,"192953.22","Salmonella enterica subsp. enterica serovar Stanley strain G117","ciprofloxacin","","0.03125","","0.03125","mg/L","","","","","","","MIC XGBoost Model","202503101","W1 score: 0.88, CI[0.86, 0.90]","Computational Method","",""
192953,"192953.22","Salmonella enterica subsp. enterica serovar Stanley strain G117","ceftriaxone","","1.0","","1.0","mg/L","","","","","","","MIC XGBoost Model","202503101","W1 score: 0.95, CI[0.94, 0.96]","Computational Method","",""
192953,"192953.22","Salmonella enterica subsp. enterica serovar Stanley strain G117","cefotaxime","","16.0","","16.0","mg/L","","","","","","","MIC XGBoost Model","202503101","W1 score: 0.95, CI[0.89, 1.00]","Computational Method","",""
192953,"192953.22","Salmonella enterica subsp. enterica serovar Stanley strain G117","sulfisoxazole","","32.0","","32.0","mg/L","","","","","","","MIC XGBoost Model","202503101","W1 score: 0.98, CI[0.97, 0.99]","Computational Method","",""
192953,"192953.22","Salmonella enterica subsp. enterica serovar Stanley strain G117","cefoxitin","","2.0","","2.0","mg/L","","","","","","","MIC XGBoost Model","202503101","W1 score: 0.98, CI[0.97, 1.00]","Computational Method","",""
192953,"192953.22","Salmonella enterica subsp. enterica serovar Stanley strain G117","gentamicin","","0.5","","0.5","mg/L","","","","","","","MIC XGBoost Model","202503101","W1 score: 0.97, CI[0.95, 0.99]","Computational Method","",""
192953,"192953.22","Salmonella enterica subsp. enterica serovar Stanley strain G117","kanamycin","","8.0","","8.0","mg/L","","","","","","","MIC XGBoost Model","202503101","W1 score: 0.99, CI[0.98, 1.01]","Computational Method","",""
192953,"192953.22","Salmonella enterica subsp. enterica serovar Stanley strain G117","meropenem","","0.0625","","0.0625","mg/L","","","","","","","MIC XGBoost Model","202503101","W1 score: 0.95, CI[0.90, 1.01]","Computational Method","",""
192953,"192953.22","Salmonella enterica subsp. enterica serovar Stanley strain G117","nalidixic acid","","4.0","","4.0","mg/L","","","","","","","MIC XGBoost Model","202503101","W1 score: 0.98, CI[0.97, 0.99]","Computational Method","",""
192953,"192953.22","Salmonella enterica subsp. enterica serovar Stanley strain G117","streptomycin","","16.0","","16.0","mg/L","","","","","","","MIC XGBoost Model","202503101","W1 score: 0.92, CI[0.90, 0.93]","Computational Method","",""
192953,"192953.22","Salmonella enterica subsp. enterica serovar Stanley strain G117","tetracycline","","4.0","","4.0","mg/L","","","","","","","MIC XGBoost Model","202503101","W1 score: 0.99, CI[0.98, 0.99]","Computational Method","",""
192953,"192953.22","Salmonella enterica subsp. enterica serovar Stanley strain G117","ceftiofur","","1.0","","1.0","mg/L","","","","","","","MIC XGBoost Model","202503101","W1 score: 0.99, CI[0.98, 0.99]","Computational Method","",""
192953,"192953.25","Salmonella enterica subsp. enterica serovar Stanley strain sg_wt8","amoxicillin/clavulanic acid","","8.0","","8.0","mg/L","","","","","","","MIC XGBoost Model","202503101","W1 score: 0.98, CI[0.96, 0.99]","Computational Method","",""
192953,"192953.25","Salmonella enterica subsp. enterica serovar Stanley strain sg_wt8","ampicillin","","32.0","","32.0","mg/L","","","","","","","MIC XGBoost Model","202503101","W1 score: 0.96, CI[0.95, 0.97]","Computational Method","",""
192953,"192953.25","Salmonella enterica subsp. enterica serovar Stanley strain sg_wt8","azithromycin","","4.0","","4.0","mg/L","","","","","","","MIC XGBoost Model","202503101","W1 score: 0.99, CI[0.98, 1.00]","Computational Method","",""
192953,"192953.25","Salmonella enterica subsp. enterica serovar Stanley strain sg_wt8","ceftazidime","","16.0","","16.0","mg/L","","","","","","","MIC XGBoost Model","202503101","W1 score: 0.93, CI[0.88, 0.99]","Computational Method","",""
192953,"192953.25","Salmonella enterica subsp. enterica serovar Stanley strain sg_wt8","chloramphenicol","","32.0","","32.0","mg/L","","","","","","","MIC XGBoost Model","202503101","W1 score: 0.99, CI[0.98, 1.00]","Computational Method","",""
192953,"192953.25","Salmonella enterica subsp. enterica serovar Stanley strain sg_wt8","ciprofloxacin","","0.0625","","0.0625","mg/L","","","","","","","MIC XGBoost Model","202503101","W1 score: 0.88, CI[0.86, 0.90]","Computational Method","",""
192953,"192953.25","Salmonella enterica subsp. enterica serovar Stanley strain sg_wt8","ceftriaxone","","0.5","","0.5","mg/L","","","","","","","MIC XGBoost Model","202503101","W1 score: 0.95, CI[0.94, 0.96]","Computational Method","",""
192953,"192953.25","Salmonella enterica subsp. enterica serovar Stanley strain sg_wt8","cefotaxime","","16.0","","16.0","mg/L","","","","","","","MIC XGBoost Model","202503101","W1 score: 0.95, CI[0.89, 1.00]","Computational Method","",""
192953,"192953.25","Salmonella enterica subsp. enterica serovar Stanley strain sg_wt8","sulfisoxazole","","512.0","","512.0","mg/L","","","","","","","MIC XGBoost Model","202503101","W1 score: 0.98, CI[0.97, 0.99]","Computational Method","",""
192953,"192953.25","Salmonella enterica subsp. enterica serovar Stanley strain sg_wt8","cefoxitin","","2.0","","2.0","mg/L","","","","","","","MIC XGBoost Model","202503101","W1 score: 0.98, CI[0.97, 1.00]","Computational Method","",""
192953,"192953.25","Salmonella enterica subsp. enterica serovar Stanley strain sg_wt8","gentamicin","","1.0","","1.0","mg/L","","","","","","","MIC XGBoost Model","202503101","W1 score: 0.97, CI[0.95, 0.99]","Computational Method","",""
192953,"192953.25","Salmonella enterica subsp. enterica serovar Stanley strain sg_wt8","kanamycin","","64.0","","64.0","mg/L","","","","","","","MIC XGBoost Model","202503101","W1 score: 0.99, CI[0.98, 1.01]","Computational Method","",""
192953,"192953.25","Salmonella enterica subsp. enterica serovar Stanley strain sg_wt8","meropenem","","0.125","","0.125","mg/L","","","","","","","MIC XGBoost Model","202503101","W1 score: 0.95, CI[0.90, 1.01]","Computational Method","",""
192953,"192953.25","Salmonella enterica subsp. enterica serovar Stanley strain sg_wt8","nalidixic acid","","4.0","","4.0","mg/L","","","","","","","MIC XGBoost Model","202503101","W1 score: 0.98, CI[0.97, 0.99]","Computational Method","",""
192953,"192953.25","Salmonella enterica subsp. enterica serovar Stanley strain sg_wt8","streptomycin","","64.0","","64.0","mg/L","","","","","","","MIC XGBoost Model","202503101","W1 score: 0.92, CI[0.90, 0.93]","Computational Method","",""
192953,"192953.25","Salmonella enterica subsp. enterica serovar Stanley strain sg_wt8","tetracycline","","64.0","","64.0","mg/L","","","","","","","MIC XGBoost Model","202503101","W1 score: 0.99, CI[0.98, 0.99]","Computational Method","",""
192953,"192953.25","Salmonella enterica subsp. enterica serovar Stanley strain sg_wt8","ceftiofur","","1.0","","1.0","mg/L","","","","","","","MIC XGBoost Model","202503101","W1 score: 0.99, CI[0.98, 0.99]","Computational Method","",""
192953,"192953.26","Salmonella enterica subsp. enterica serovar Stanley strain sg_ww282","amoxicillin/clavulanic acid","","8.0","","8.0","mg/L","","","","","","","MIC XGBoost Model","202503101","W1 score: 0.98, CI[0.96, 0.99]","Computational Method","",""
192953,"192953.26","Salmonella enterica subsp. enterica serovar Stanley strain sg_ww282","ampicillin","","32.0","","32.0","mg/L","","","","","","","MIC XGBoost Model","202503101","W1 score: 0.96, CI[0.95, 0.97]","Computational Method","",""
192953,"192953.26","Salmonella enterica subsp. enterica serovar Stanley strain sg_ww282","azithromycin","","4.0","","4.0","mg/L","","","","","","","MIC XGBoost Model","202503101","W1 score: 0.99, CI[0.98, 1.00]","Computational Method","",""
192953,"192953.26","Salmonella enterica subsp. enterica serovar Stanley strain sg_ww282","ceftazidime","","8.0","","8.0","mg/L","","","","","","","MIC XGBoost Model","202503101","W1 score: 0.93, CI[0.88, 0.99]","Computational Method","",""
192953,"192953.26","Salmonella enterica subsp. enterica serovar Stanley strain sg_ww282","chloramphenicol","","32.0","","32.0","mg/L","","","","","","","MIC XGBoost Model","202503101","W1 score: 0.99, CI[0.98, 1.00]","Computational Method","",""
192953,"192953.26","Salmonella enterica subsp. enterica serovar Stanley strain sg_ww282","ciprofloxacin","","0.0625","","0.0625","mg/L","","","","","","","MIC XGBoost Model","202503101","W1 score: 0.88, CI[0.86, 0.90]","Computational Method","",""
192953,"192953.26","Salmonella enterica subsp. enterica serovar Stanley strain sg_ww282","ceftriaxone","","0.5","","0.5","mg/L","","","","","","","MIC XGBoost Model","202503101","W1 score: 0.95, CI[0.94, 0.96]","Computational Method","",""
192953,"192953.26","Salmonella enterica subsp. enterica serovar Stanley strain sg_ww282","cefotaxime","","8.0","","8.0","mg/L","","","","","","","MIC XGBoost Model","202503101","W1 score: 0.95, CI[0.89, 1.00]","Computational Method","",""
192953,"192953.26","Salmonella enterica subsp. enterica serovar Stanley strain sg_ww282","sulfisoxazole","","512.0","","512.0","mg/L","","","","","","","MIC XGBoost Model","202503101","W1 score: 0.98, CI[0.97, 0.99]","Computational Method","",""
192953,"192953.26","Salmonella enterica subsp. enterica serovar Stanley strain sg_ww282","cefoxitin","","2.0","","2.0","mg/L","","","","","","","MIC XGBoost Model","202503101","W1 score: 0.98, CI[0.97, 1.00]","Computational Method","",""
192953,"192953.26","Salmonella enterica subsp. enterica serovar Stanley strain sg_ww282","gentamicin","","2.0","","2.0","mg/L","","","","","","","MIC XGBoost Model","202503101","W1 score: 0.97, CI[0.95, 0.99]","Computational Method","",""
192953,"192953.26","Salmonella enterica subsp. enterica serovar Stanley strain sg_ww282","kanamycin","","64.0","","64.0","mg/L","","","","","","","MIC XGBoost Model","202503101","W1 score: 0.99, CI[0.98, 1.01]","Computational Method","",""
192953,"192953.26","Salmonella enterica subsp. enterica serovar Stanley strain sg_ww282","meropenem","","0.125","","0.125","mg/L","","","","","","","MIC XGBoost Model","202503101","W1 score: 0.95, CI[0.90, 1.01]","Computational Method","",""
192953,"192953.26","Salmonella enterica subsp. enterica serovar Stanley strain sg_ww282","nalidixic acid","","4.0","","4.0","mg/L","","","","","","","MIC XGBoost Model","202503101","W1 score: 0.98, CI[0.97, 0.99]","Computational Method","",""
192953,"192953.26","Salmonella enterica subsp. enterica serovar Stanley strain sg_ww282","streptomycin","","64.0","","64.0","mg/L","","","","","","","MIC XGBoost Model","202503101","W1 score: 0.92, CI[0.90, 0.93]","Computational Method","",""
192953,"192953.26","Salmonella enterica subsp. enterica serovar Stanley strain sg_ww282","tetracycline","","64.0","","64.0","mg/L","","","","","","","MIC XGBoost Model","202503101","W1 score: 0.99, CI[0.98, 0.99]","Computational Method","",""
192953,"192953.26","Salmonella enterica subsp. enterica serovar Stanley strain sg_ww282","ceftiofur","","1.0","","1.0","mg/L","","","","","","","MIC XGBoost Model","202503101","W1 score: 0.99, CI[0.98, 0.99]","Computational Method","",""
192953,"192953.27","Salmonella enterica subsp. enterica serovar Stanley strain sg_wt15","amoxicillin/clavulanic acid","","8.0","","8.0","mg/L","","","","","","","MIC XGBoost Model","202503101","W1 score: 0.98, CI[0.96, 0.99]","Computational Method","",""
192953,"192953.27","Salmonella enterica subsp. enterica serovar Stanley strain sg_wt15","ampicillin","","32.0","","32.0","mg/L","","","","","","","MIC XGBoost Model","202503101","W1 score: 0.96, CI[0.95, 0.97]","Computational Method","",""
192953,"192953.27","Salmonella enterica subsp. enterica serovar Stanley strain sg_wt15","azithromycin","","4.0","","4.0","mg/L","","","","","","","MIC XGBoost Model","202503101","W1 score: 0.99, CI[0.98, 1.00]","Computational Method","",""
192953,"192953.27","Salmonella enterica subsp. enterica serovar Stanley strain sg_wt15","ceftazidime","","8.0","","8.0","mg/L","","","","","","","MIC XGBoost Model","202503101","W1 score: 0.93, CI[0.88, 0.99]","Computational Method","",""
192953,"192953.27","Salmonella enterica subsp. enterica serovar Stanley strain sg_wt15","chloramphenicol","","32.0","","32.0","mg/L","","","","","","","MIC XGBoost Model","202503101","W1 score: 0.99, CI[0.98, 1.00]","Computational Method","",""
192953,"192953.27","Salmonella enterica subsp. enterica serovar Stanley strain sg_wt15","ciprofloxacin","","0.0625","","0.0625","mg/L","","","","","","","MIC XGBoost Model","202503101","W1 score: 0.88, CI[0.86, 0.90]","Computational Method","",""
192953,"192953.27","Salmonella enterica subsp. enterica serovar Stanley strain sg_wt15","ceftriaxone","","0.5","","0.5","mg/L","","","","","","","MIC XGBoost Model","202503101","W1 score: 0.95, CI[0.94, 0.96]","Computational Method","",""
192953,"192953.27","Salmonella enterica subsp. enterica serovar Stanley strain sg_wt15","cefotaxime","","16.0","","16.0","mg/L","","","","","","","MIC XGBoost Model","202503101","W1 score: 0.95, CI[0.89, 1.00]","Computational Method","",""
192953,"192953.27","Salmonella enterica subsp. enterica serovar Stanley strain sg_wt15","sulfisoxazole","","512.0","","512.0","mg/L","","","","","","","MIC XGBoost Model","202503101","W1 score: 0.98, CI[0.97, 0.99]","Computational Method","",""
192953,"192953.27","Salmonella enterica subsp. enterica serovar Stanley strain sg_wt15","cefoxitin","","2.0","","2.0","mg/L","","","","","","","MIC XGBoost Model","202503101","W1 score: 0.98, CI[0.97, 1.00]","Computational Method","",""
192953,"192953.27","Salmonella enterica subsp. enterica serovar Stanley strain sg_wt15","gentamicin","","2.0","","2.0","mg/L","","","","","","","MIC XGBoost Model","202503101","W1 score: 0.97, CI[0.95, 0.99]","Computational Method","",""
192953,"192953.27","Salmonella enterica subsp. enterica serovar Stanley strain sg_wt15","kanamycin","","64.0","","64.0","mg/L","","","","","","","MIC XGBoost Model","202503101","W1 score: 0.99, CI[0.98, 1.01]","Computational Method","",""
192953,"192953.27","Salmonella enterica subsp. enterica serovar Stanley strain sg_wt15","meropenem","","0.0625","","0.0625","mg/L","","","","","","","MIC XGBoost Model","202503101","W1 score: 0.95, CI[0.90, 1.01]","Computational Method","",""
192953,"192953.27","Salmonella enterica subsp. enterica serovar Stanley strain sg_wt15","nalidixic acid","","4.0","","4.0","mg/L","","","","","","","MIC XGBoost Model","202503101","W1 score: 0.98, CI[0.97, 0.99]","Computational Method","",""
192953,"192953.27","Salmonella enterica subsp. enterica serovar Stanley strain sg_wt15","streptomycin","","64.0","","64.0","mg/L","","","","","","","MIC XGBoost Model","202503101","W1 score: 0.92, CI[0.90, 0.93]","Computational Method","",""
192953,"192953.27","Salmonella enterica subsp. enterica serovar Stanley strain sg_wt15","tetracycline","","64.0","","64.0","mg/L","","","","","","","MIC XGBoost Model","202503101","W1 score: 0.99, CI[0.98, 0.99]","Computational Method","",""
192953,"192953.27","Salmonella enterica subsp. enterica serovar Stanley strain sg_wt15","ceftiofur","","1.0","","1.0","mg/L","","","","","","","MIC XGBoost Model","202503101","W1 score: 0.99, CI[0.98, 0.99]","Computational Method","",""
192953,"192953.28","Salmonella enterica subsp. enterica serovar Stanley strain sg_wt13","amoxicillin/clavulanic acid","","8.0","","8.0","mg/L","","","","","","","MIC XGBoost Model","202503101","W1 score: 0.98, CI[0.96, 0.99]","Computational Method","",""
192953,"192953.28","Salmonella enterica subsp. enterica serovar Stanley strain sg_wt13","ampicillin","","32.0","","32.0","mg/L","","","","","","","MIC XGBoost Model","202503101","W1 score: 0.96, CI[0.95, 0.97]","Computational Method","",""
192953,"192953.28","Salmonella enterica subsp. enterica serovar Stanley strain sg_wt13","azithromycin","","4.0","","4.0","mg/L","","","","","","","MIC XGBoost Model","202503101","W1 score: 0.99, CI[0.98, 1.00]","Computational Method","",""
192953,"192953.28","Salmonella enterica subsp. enterica serovar Stanley strain sg_wt13","ceftazidime","","8.0","","8.0","mg/L","","","","","","","MIC XGBoost Model","202503101","W1 score: 0.93, CI[0.88, 0.99]","Computational Method","",""
192953,"192953.28","Salmonella enterica subsp. enterica serovar Stanley strain sg_wt13","chloramphenicol","","32.0","","32.0","mg/L","","","","","","","MIC XGBoost Model","202503101","W1 score: 0.99, CI[0.98, 1.00]","Computational Method","",""
192953,"192953.28","Salmonella enterica subsp. enterica serovar Stanley strain sg_wt13","ciprofloxacin","","0.0625","","0.0625","mg/L","","","","","","","MIC XGBoost Model","202503101","W1 score: 0.88, CI[0.86, 0.90]","Computational Method","",""
192953,"192953.28","Salmonella enterica subsp. enterica serovar Stanley strain sg_wt13","ceftriaxone","","0.5","","0.5","mg/L","","","","","","","MIC XGBoost Model","202503101","W1 score: 0.95, CI[0.94, 0.96]","Computational Method","",""
192953,"192953.28","Salmonella enterica subsp. enterica serovar Stanley strain sg_wt13","cefotaxime","","16.0","","16.0","mg/L","","","","","","","MIC XGBoost Model","202503101","W1 score: 0.95, CI[0.89, 1.00]","Computational Method","",""
192953,"192953.28","Salmonella enterica subsp. enterica serovar Stanley strain sg_wt13","sulfisoxazole","","512.0","","512.0","mg/L","","","","","","","MIC XGBoost Model","202503101","W1 score: 0.98, CI[0.97, 0.99]","Computational Method","",""
192953,"192953.28","Salmonella enterica subsp. enterica serovar Stanley strain sg_wt13","cefoxitin","","2.0","","2.0","mg/L","","","","","","","MIC XGBoost Model","202503101","W1 score: 0.98, CI[0.97, 1.00]","Computational Method","",""
192953,"192953.28","Salmonella enterica subsp. enterica serovar Stanley strain sg_wt13","gentamicin","","1.0","","1.0","mg/L","","","","","","","MIC XGBoost Model","202503101","W1 score: 0.97, CI[0.95, 0.99]","Computational Method","",""
192953,"192953.28","Salmonella enterica subsp. enterica serovar Stanley strain sg_wt13","kanamycin","","64.0","","64.0","mg/L","","","","","","","MIC XGBoost Model","202503101","W1 score: 0.99, CI[0.98, 1.01]","Computational Method","",""
192953,"192953.28","Salmonella enterica subsp. enterica serovar Stanley strain sg_wt13","meropenem","","0.125","","0.125","mg/L","","","","","","","MIC XGBoost Model","202503101","W1 score: 0.95, CI[0.90, 1.01]","Computational Method","",""
192953,"192953.28","Salmonella enterica subsp. enterica serovar Stanley strain sg_wt13","nalidixic acid","","4.0","","4.0","mg/L","","","","","","","MIC XGBoost Model","202503101","W1 score: 0.98, CI[0.97, 0.99]","Computational Method","",""
192953,"192953.28","Salmonella enterica subsp. enterica serovar Stanley strain sg_wt13","streptomycin","","64.0","","64.0","mg/L","","","","","","","MIC XGBoost Model","202503101","W1 score: 0.92, CI[0.90, 0.93]","Computational Method","",""
192953,"192953.28","Salmonella enterica subsp. enterica serovar Stanley strain sg_wt13","tetracycline","","64.0","","64.0","mg/L","","","","","","","MIC XGBoost Model","202503101","W1 score: 0.99, CI[0.98, 0.99]","Computational Method","",""
192953,"192953.28","Salmonella enterica subsp. enterica serovar Stanley strain sg_wt13","ceftiofur","","1.0","","1.0","mg/L","","","","","","","MIC XGBoost Model","202503101","W1 score: 0.99, CI[0.98, 0.99]","Computational Method","",""
192953,"192953.29","Salmonella enterica subsp. enterica serovar Stanley strain SL_66_D001","amoxicillin/clavulanic acid","","1.0","","1.0","mg/L","","","","","","","MIC XGBoost Model","202503101","W1 score: 0.98, CI[0.96, 0.99]","Computational Method","",""
192953,"192953.29","Salmonella enterica subsp. enterica serovar Stanley strain SL_66_D001","ampicillin","","1.0","","1.0","mg/L","","","","","","","MIC XGBoost Model","202503101","W1 score: 0.96, CI[0.95, 0.97]","Computational Method","",""
192953,"192953.29","Salmonella enterica subsp. enterica serovar Stanley strain SL_66_D001","azithromycin","","4.0","","4.0","mg/L","","","","","","","MIC XGBoost Model","202503101","W1 score: 0.99, CI[0.98, 1.00]","Computational Method","",""
192953,"192953.29","Salmonella enterica subsp. enterica serovar Stanley strain SL_66_D001","ceftazidime","","8.0","","8.0","mg/L","","","","","","","MIC XGBoost Model","202503101","W1 score: 0.93, CI[0.88, 0.99]","Computational Method","",""
192953,"192953.29","Salmonella enterica subsp. enterica serovar Stanley strain SL_66_D001","chloramphenicol","","8.0","","8.0","mg/L","","","","","","","MIC XGBoost Model","202503101","W1 score: 0.99, CI[0.98, 1.00]","Computational Method","",""
192953,"192953.29","Salmonella enterica subsp. enterica serovar Stanley strain SL_66_D001","ciprofloxacin","","0.03125","","0.03125","mg/L","","","","","","","MIC XGBoost Model","202503101","W1 score: 0.88, CI[0.86, 0.90]","Computational Method","",""
192953,"192953.29","Salmonella enterica subsp. enterica serovar Stanley strain SL_66_D001","ceftriaxone","","0.25","","0.25","mg/L","","","","","","","MIC XGBoost Model","202503101","W1 score: 0.95, CI[0.94, 0.96]","Computational Method","",""
192953,"192953.29","Salmonella enterica subsp. enterica serovar Stanley strain SL_66_D001","cefotaxime","","16.0","","16.0","mg/L","","","","","","","MIC XGBoost Model","202503101","W1 score: 0.95, CI[0.89, 1.00]","Computational Method","",""
192953,"192953.29","Salmonella enterica subsp. enterica serovar Stanley strain SL_66_D001","sulfisoxazole","","32.0","","32.0","mg/L","","","","","","","MIC XGBoost Model","202503101","W1 score: 0.98, CI[0.97, 0.99]","Computational Method","",""
192953,"192953.29","Salmonella enterica subsp. enterica serovar Stanley strain SL_66_D001","cefoxitin","","2.0","","2.0","mg/L","","","","","","","MIC XGBoost Model","202503101","W1 score: 0.98, CI[0.97, 1.00]","Computational Method","",""
192953,"192953.29","Salmonella enterica subsp. enterica serovar Stanley strain SL_66_D001","gentamicin","","0.5","","0.5","mg/L","","","","","","","MIC XGBoost Model","202503101","W1 score: 0.97, CI[0.95, 0.99]","Computational Method","",""
192953,"192953.29","Salmonella enterica subsp. enterica serovar Stanley strain SL_66_D001","kanamycin","","8.0","","8.0","mg/L","","","","","","","MIC XGBoost Model","202503101","W1 score: 0.99, CI[0.98, 1.01]","Computational Method","",""
192953,"192953.29","Salmonella enterica subsp. enterica serovar Stanley strain SL_66_D001","meropenem","","0.125","","0.125","mg/L","","","","","","","MIC XGBoost Model","202503101","W1 score: 0.95, CI[0.90, 1.01]","Computational Method","",""
192953,"192953.29","Salmonella enterica subsp. enterica serovar Stanley strain SL_66_D001","nalidixic acid","","4.0","","4.0","mg/L","","","","","","","MIC XGBoost Model","202503101","W1 score: 0.98, CI[0.97, 0.99]","Computational Method","",""
192953,"192953.29","Salmonella enterica subsp. enterica serovar Stanley strain SL_66_D001","streptomycin","","16.0","","16.0","mg/L","","","","","","","MIC XGBoost Model","202503101","W1 score: 0.92, CI[0.90, 0.93]","Computational Method","",""
192953,"192953.29","Salmonella enterica subsp. enterica serovar Stanley strain SL_66_D001","tetracycline","","4.0","","4.0","mg/L","","","","","","","MIC XGBoost Model","202503101","W1 score: 0.99, CI[0.98, 0.99]","Computational Method","",""
192953,"192953.29","Salmonella enterica subsp. enterica serovar Stanley strain SL_66_D001","ceftiofur","","1.0","","1.0","mg/L","","","","","","","MIC XGBoost Model","202503101","W1 score: 0.99, CI[0.98, 0.99]","Computational Method","",""
192953,"192953.30","Salmonella enterica subsp. enterica serovar Stanley strain UPM 517","amoxicillin/clavulanic acid","","1.0","","1.0","mg/L","","","","","","","MIC XGBoost Model","202503101","W1 score: 0.98, CI[0.96, 0.99]","Computational Method","",""
192953,"192953.30","Salmonella enterica subsp. enterica serovar Stanley strain UPM 517","ampicillin","","1.0","","1.0","mg/L","","","","","","","MIC XGBoost Model","202503101","W1 score: 0.96, CI[0.95, 0.97]","Computational Method","",""
192953,"192953.30","Salmonella enterica subsp. enterica serovar Stanley strain UPM 517","azithromycin","","4.0","","4.0","mg/L","","","","","","","MIC XGBoost Model","202503101","W1 score: 0.99, CI[0.98, 1.00]","Computational Method","",""
192953,"192953.30","Salmonella enterica subsp. enterica serovar Stanley strain UPM 517","ceftazidime","","16.0","","16.0","mg/L","","","","","","","MIC XGBoost Model","202503101","W1 score: 0.93, CI[0.88, 0.99]","Computational Method","",""
192953,"192953.30","Salmonella enterica subsp. enterica serovar Stanley strain UPM 517","chloramphenicol","","8.0","","8.0","mg/L","","","","","","","MIC XGBoost Model","202503101","W1 score: 0.99, CI[0.98, 1.00]","Computational Method","",""
192953,"192953.30","Salmonella enterica subsp. enterica serovar Stanley strain UPM 517","ciprofloxacin","","0.0625","","0.0625","mg/L","","","","","","","MIC XGBoost Model","202503101","W1 score: 0.88, CI[0.86, 0.90]","Computational Method","",""
192953,"192953.30","Salmonella enterica subsp. enterica serovar Stanley strain UPM 517","ceftriaxone","","0.25","","0.25","mg/L","","","","","","","MIC XGBoost Model","202503101","W1 score: 0.95, CI[0.94, 0.96]","Computational Method","",""
192953,"192953.30","Salmonella enterica subsp. enterica serovar Stanley strain UPM 517","cefotaxime","","16.0","","16.0","mg/L","","","","","","","MIC XGBoost Model","202503101","W1 score: 0.95, CI[0.89, 1.00]","Computational Method","",""
192953,"192953.30","Salmonella enterica subsp. enterica serovar Stanley strain UPM 517","sulfisoxazole","","32.0","","32.0","mg/L","","","","","","","MIC XGBoost Model","202503101","W1 score: 0.98, CI[0.97, 0.99]","Computational Method","",""
192953,"192953.30","Salmonella enterica subsp. enterica serovar Stanley strain UPM 517","cefoxitin","","2.0","","2.0","mg/L","","","","","","","MIC XGBoost Model","202503101","W1 score: 0.98, CI[0.97, 1.00]","Computational Method","",""
192953,"192953.30","Salmonella enterica subsp. enterica serovar Stanley strain UPM 517","gentamicin","","0.5","","0.5","mg/L","","","","","","","MIC XGBoost Model","202503101","W1 score: 0.97, CI[0.95, 0.99]","Computational Method","",""
192953,"192953.30","Salmonella enterica subsp. enterica serovar Stanley strain UPM 517","kanamycin","","8.0","","8.0","mg/L","","","","","","","MIC XGBoost Model","202503101","W1 score: 0.99, CI[0.98, 1.01]","Computational Method","",""
192953,"192953.30","Salmonella enterica subsp. enterica serovar Stanley strain UPM 517","meropenem","","0.125","","0.125","mg/L","","","","","","","MIC XGBoost Model","202503101","W1 score: 0.95, CI[0.90, 1.01]","Computational Method","",""
192953,"192953.30","Salmonella enterica subsp. enterica serovar Stanley strain UPM 517","nalidixic acid","","8.0","","8.0","mg/L","","","","","","","MIC XGBoost Model","202503101","W1 score: 0.98, CI[0.97, 0.99]","Computational Method","",""
192953,"192953.30","Salmonella enterica subsp. enterica serovar Stanley strain UPM 517","streptomycin","","16.0","","16.0","mg/L","","","","","","","MIC XGBoost Model","202503101","W1 score: 0.92, CI[0.90, 0.93]","Computational Method","",""
192953,"192953.30","Salmonella enterica subsp. enterica serovar Stanley strain UPM 517","tetracycline","","4.0","","4.0","mg/L","","","","","","","MIC XGBoost Model","202503101","W1 score: 0.99, CI[0.98, 0.99]","Computational Method","",""
192953,"192953.30","Salmonella enterica subsp. enterica serovar Stanley strain UPM 517","ceftiofur","","1.0","","1.0","mg/L","","","","","","","MIC XGBoost Model","202503101","W1 score: 0.99, CI[0.98, 0.99]","Computational Method","",""
192953,"192953.4","Salmonella enterica subsp. enterica serovar Stanley strain DMS 1112","amoxicillin/clavulanic acid","","1.0","","1.0","mg/L","","","","","","","MIC XGBoost Model","202503101","W1 score: 0.98, CI[0.96, 0.99]","Computational Method","",""
192953,"192953.4","Salmonella enterica subsp. enterica serovar Stanley strain DMS 1112","ampicillin","","4.0","","4.0","mg/L","","","","","","","MIC XGBoost Model","202503101","W1 score: 0.96, CI[0.95, 0.97]","Computational Method","",""
192953,"192953.4","Salmonella enterica subsp. enterica serovar Stanley strain DMS 1112","azithromycin","","4.0","","4.0","mg/L","","","","","","","MIC XGBoost Model","202503101","W1 score: 0.99, CI[0.98, 1.00]","Computational Method","",""
192953,"192953.4","Salmonella enterica subsp. enterica serovar Stanley strain DMS 1112","ceftazidime","","16.0","","16.0","mg/L","","","","","","","MIC XGBoost Model","202503101","W1 score: 0.93, CI[0.88, 0.99]","Computational Method","",""
192953,"192953.4","Salmonella enterica subsp. enterica serovar Stanley strain DMS 1112","chloramphenicol","","8.0","","8.0","mg/L","","","","","","","MIC XGBoost Model","202503101","W1 score: 0.99, CI[0.98, 1.00]","Computational Method","",""
192953,"192953.4","Salmonella enterica subsp. enterica serovar Stanley strain DMS 1112","ciprofloxacin","","0.03125","","0.03125","mg/L","","","","","","","MIC XGBoost Model","202503101","W1 score: 0.88, CI[0.86, 0.90]","Computational Method","",""
192953,"192953.4","Salmonella enterica subsp. enterica serovar Stanley strain DMS 1112","ceftriaxone","","2.0","","2.0","mg/L","","","","","","","MIC XGBoost Model","202503101","W1 score: 0.95, CI[0.94, 0.96]","Computational Method","",""
192953,"192953.4","Salmonella enterica subsp. enterica serovar Stanley strain DMS 1112","cefotaxime","","16.0","","16.0","mg/L","","","","","","","MIC XGBoost Model","202503101","W1 score: 0.95, CI[0.89, 1.00]","Computational Method","",""
192953,"192953.4","Salmonella enterica subsp. enterica serovar Stanley strain DMS 1112","sulfisoxazole","","256.0","","256.0","mg/L","","","","","","","MIC XGBoost Model","202503101","W1 score: 0.98, CI[0.97, 0.99]","Computational Method","",""
192953,"192953.4","Salmonella enterica subsp. enterica serovar Stanley strain DMS 1112","cefoxitin","","2.0","","2.0","mg/L","","","","","","","MIC XGBoost Model","202503101","W1 score: 0.98, CI[0.97, 1.00]","Computational Method","",""
192953,"192953.4","Salmonella enterica subsp. enterica serovar Stanley strain DMS 1112","gentamicin","","2.0","","2.0","mg/L","","","","","","","MIC XGBoost Model","202503101","W1 score: 0.97, CI[0.95, 0.99]","Computational Method","",""
192953,"192953.4","Salmonella enterica subsp. enterica serovar Stanley strain DMS 1112","kanamycin","","8.0","","8.0","mg/L","","","","","","","MIC XGBoost Model","202503101","W1 score: 0.99, CI[0.98, 1.01]","Computational Method","",""
192953,"192953.4","Salmonella enterica subsp. enterica serovar Stanley strain DMS 1112","meropenem","","0.0625","","0.0625","mg/L","","","","","","","MIC XGBoost Model","202503101","W1 score: 0.95, CI[0.90, 1.01]","Computational Method","",""
192953,"192953.4","Salmonella enterica subsp. enterica serovar Stanley strain DMS 1112","nalidixic acid","","4.0","","4.0","mg/L","","","","","","","MIC XGBoost Model","202503101","W1 score: 0.98, CI[0.97, 0.99]","Computational Method","",""
192953,"192953.4","Salmonella enterica subsp. enterica serovar Stanley strain DMS 1112","streptomycin","","64.0","","64.0","mg/L","","","","","","","MIC XGBoost Model","202503101","W1 score: 0.92, CI[0.90, 0.93]","Computational Method","",""
192953,"192953.4","Salmonella enterica subsp. enterica serovar Stanley strain DMS 1112","tetracycline","","32.0","","32.0","mg/L","","","","","","","MIC XGBoost Model","202503101","W1 score: 0.99, CI[0.98, 0.99]","Computational Method","",""
192953,"192953.4","Salmonella enterica subsp. enterica serovar Stanley strain DMS 1112","ceftiofur","","1.0","","1.0","mg/L","","","","","","","MIC XGBoost Model","202503101","W1 score: 0.99, CI[0.98, 0.99]","Computational Method","",""
192953,"192953.5","Salmonella enterica subsp. enterica serovar Stanley strain BCW_2786","amoxicillin/clavulanic acid","","8.0","","8.0","mg/L","","","","","","","MIC XGBoost Model","202503101","W1 score: 0.98, CI[0.96, 0.99]","Computational Method","",""
192953,"192953.5","Salmonella enterica subsp. enterica serovar Stanley strain BCW_2786","ampicillin","","32.0","","32.0","mg/L","","","","","","","MIC XGBoost Model","202503101","W1 score: 0.96, CI[0.95, 0.97]","Computational Method","",""
192953,"192953.5","Salmonella enterica subsp. enterica serovar Stanley strain BCW_2786","azithromycin","","2.0","","2.0","mg/L","","","","","","","MIC XGBoost Model","202503101","W1 score: 0.99, CI[0.98, 1.00]","Computational Method","",""
192953,"192953.5","Salmonella enterica subsp. enterica serovar Stanley strain BCW_2786","ceftazidime","","16.0","","16.0","mg/L","","","","","","","MIC XGBoost Model","202503101","W1 score: 0.93, CI[0.88, 0.99]","Computational Method","",""
192953,"192953.5","Salmonella enterica subsp. enterica serovar Stanley strain BCW_2786","chloramphenicol","","4.0","","4.0","mg/L","","","","","","","MIC XGBoost Model","202503101","W1 score: 0.99, CI[0.98, 1.00]","Computational Method","",""
192953,"192953.5","Salmonella enterica subsp. enterica serovar Stanley strain BCW_2786","ciprofloxacin","","0.015625","","0.015625","mg/L","","","","","","","MIC XGBoost Model","202503101","W1 score: 0.88, CI[0.86, 0.90]","Computational Method","",""
192953,"192953.5","Salmonella enterica subsp. enterica serovar Stanley strain BCW_2786","ceftriaxone","","0.25","","0.25","mg/L","","","","","","","MIC XGBoost Model","202503101","W1 score: 0.95, CI[0.94, 0.96]","Computational Method","",""
192953,"192953.5","Salmonella enterica subsp. enterica serovar Stanley strain BCW_2786","cefotaxime","","16.0","","16.0","mg/L","","","","","","","MIC XGBoost Model","202503101","W1 score: 0.95, CI[0.89, 1.00]","Computational Method","",""
192953,"192953.5","Salmonella enterica subsp. enterica serovar Stanley strain BCW_2786","sulfisoxazole","","32.0","","32.0","mg/L","","","","","","","MIC XGBoost Model","202503101","W1 score: 0.98, CI[0.97, 0.99]","Computational Method","",""
192953,"192953.5","Salmonella enterica subsp. enterica serovar Stanley strain BCW_2786","cefoxitin","","2.0","","2.0","mg/L","","","","","","","MIC XGBoost Model","202503101","W1 score: 0.98, CI[0.97, 1.00]","Computational Method","",""
192953,"192953.5","Salmonella enterica subsp. enterica serovar Stanley strain BCW_2786","gentamicin","","0.5","","0.5","mg/L","","","","","","","MIC XGBoost Model","202503101","W1 score: 0.97, CI[0.95, 0.99]","Computational Method","",""
192953,"192953.5","Salmonella enterica subsp. enterica serovar Stanley strain BCW_2786","kanamycin","","8.0","","8.0","mg/L","","","","","","","MIC XGBoost Model","202503101","W1 score: 0.99, CI[0.98, 1.01]","Computational Method","",""
192953,"192953.5","Salmonella enterica subsp. enterica serovar Stanley strain BCW_2786","meropenem","","0.0625","","0.0625","mg/L","","","","","","","MIC XGBoost Model","202503101","W1 score: 0.95, CI[0.90, 1.01]","Computational Method","",""
192953,"192953.5","Salmonella enterica subsp. enterica serovar Stanley strain BCW_2786","nalidixic acid","","4.0","","4.0","mg/L","","","","","","","MIC XGBoost Model","202503101","W1 score: 0.98, CI[0.97, 0.99]","Computational Method","",""
192953,"192953.5","Salmonella enterica subsp. enterica serovar Stanley strain BCW_2786","streptomycin","","8.0","","8.0","mg/L","","","","","","","MIC XGBoost Model","202503101","W1 score: 0.92, CI[0.90, 0.93]","Computational Method","",""
192953,"192953.5","Salmonella enterica subsp. enterica serovar Stanley strain BCW_2786","tetracycline","","32.0","","32.0","mg/L","","","","","","","MIC XGBoost Model","202503101","W1 score: 0.99, CI[0.98, 0.99]","Computational Method","",""
192953,"192953.5","Salmonella enterica subsp. enterica serovar Stanley strain BCW_2786","ceftiofur","","1.0","","1.0","mg/L","","","","","","","MIC XGBoost Model","202503101","W1 score: 0.99, CI[0.98, 0.99]","Computational Method","",""
192953,"192953.6","Salmonella enterica subsp. enterica serovar Stanley strain BCW_2782","amoxicillin/clavulanic acid","","1.0","","1.0","mg/L","","","","","","","MIC XGBoost Model","202503101","W1 score: 0.98, CI[0.96, 0.99]","Computational Method","",""
192953,"192953.6","Salmonella enterica subsp. enterica serovar Stanley strain BCW_2782","ampicillin","","1.0","","1.0","mg/L","","","","","","","MIC XGBoost Model","202503101","W1 score: 0.96, CI[0.95, 0.97]","Computational Method","",""
192953,"192953.6","Salmonella enterica subsp. enterica serovar Stanley strain BCW_2782","azithromycin","","4.0","","4.0","mg/L","","","","","","","MIC XGBoost Model","202503101","W1 score: 0.99, CI[0.98, 1.00]","Computational Method","",""
192953,"192953.6","Salmonella enterica subsp. enterica serovar Stanley strain BCW_2782","ceftazidime","","16.0","","16.0","mg/L","","","","","","","MIC XGBoost Model","202503101","W1 score: 0.93, CI[0.88, 0.99]","Computational Method","",""
192953,"192953.6","Salmonella enterica subsp. enterica serovar Stanley strain BCW_2782","chloramphenicol","","16.0","","16.0","mg/L","","","","","","","MIC XGBoost Model","202503101","W1 score: 0.99, CI[0.98, 1.00]","Computational Method","",""
192953,"192953.6","Salmonella enterica subsp. enterica serovar Stanley strain BCW_2782","ciprofloxacin","","0.015625","","0.015625","mg/L","","","","","","","MIC XGBoost Model","202503101","W1 score: 0.88, CI[0.86, 0.90]","Computational Method","",""
192953,"192953.6","Salmonella enterica subsp. enterica serovar Stanley strain BCW_2782","ceftriaxone","","0.25","","0.25","mg/L","","","","","","","MIC XGBoost Model","202503101","W1 score: 0.95, CI[0.94, 0.96]","Computational Method","",""
192953,"192953.6","Salmonella enterica subsp. enterica serovar Stanley strain BCW_2782","cefotaxime","","16.0","","16.0","mg/L","","","","","","","MIC XGBoost Model","202503101","W1 score: 0.95, CI[0.89, 1.00]","Computational Method","",""
192953,"192953.6","Salmonella enterica subsp. enterica serovar Stanley strain BCW_2782","sulfisoxazole","","256.0","","256.0","mg/L","","","","","","","MIC XGBoost Model","202503101","W1 score: 0.98, CI[0.97, 0.99]","Computational Method","",""
192953,"192953.6","Salmonella enterica subsp. enterica serovar Stanley strain BCW_2782","cefoxitin","","2.0","","2.0","mg/L","","","","","","","MIC XGBoost Model","202503101","W1 score: 0.98, CI[0.97, 1.00]","Computational Method","",""
192953,"192953.6","Salmonella enterica subsp. enterica serovar Stanley strain BCW_2782","gentamicin","","2.0","","2.0","mg/L","","","","","","","MIC XGBoost Model","202503101","W1 score: 0.97, CI[0.95, 0.99]","Computational Method","",""
192953,"192953.6","Salmonella enterica subsp. enterica serovar Stanley strain BCW_2782","kanamycin","","8.0","","8.0","mg/L","","","","","","","MIC XGBoost Model","202503101","W1 score: 0.99, CI[0.98, 1.01]","Computational Method","",""
192953,"192953.6","Salmonella enterica subsp. enterica serovar Stanley strain BCW_2782","meropenem","","0.0625","","0.0625","mg/L","","","","","","","MIC XGBoost Model","202503101","W1 score: 0.95, CI[0.90, 1.01]","Computational Method","",""
192953,"192953.6","Salmonella enterica subsp. enterica serovar Stanley strain BCW_2782","nalidixic acid","","4.0","","4.0","mg/L","","","","","","","MIC XGBoost Model","202503101","W1 score: 0.98, CI[0.97, 0.99]","Computational Method","",""
192953,"192953.6","Salmonella enterica subsp. enterica serovar Stanley strain BCW_2782","streptomycin","","32.0","","32.0","mg/L","","","","","","","MIC XGBoost Model","202503101","W1 score: 0.92, CI[0.90, 0.93]","Computational Method","",""
192953,"192953.6","Salmonella enterica subsp. enterica serovar Stanley strain BCW_2782","tetracycline","","32.0","","32.0","mg/L","","","","","","","MIC XGBoost Model","202503101","W1 score: 0.99, CI[0.98, 0.99]","Computational Method","",""
192953,"192953.6","Salmonella enterica subsp. enterica serovar Stanley strain BCW_2782","ceftiofur","","1.0","","1.0","mg/L","","","","","","","MIC XGBoost Model","202503101","W1 score: 0.99, CI[0.98, 0.99]","Computational Method","",""
192953,"192953.7","Salmonella enterica subsp. enterica serovar Stanley strain BCW_2784","amoxicillin/clavulanic acid","","1.0","","1.0","mg/L","","","","","","","MIC XGBoost Model","202503101","W1 score: 0.98, CI[0.96, 0.99]","Computational Method","",""
192953,"192953.7","Salmonella enterica subsp. enterica serovar Stanley strain BCW_2784","ampicillin","","1.0","","1.0","mg/L","","","","","","","MIC XGBoost Model","202503101","W1 score: 0.96, CI[0.95, 0.97]","Computational Method","",""
192953,"192953.7","Salmonella enterica subsp. enterica serovar Stanley strain BCW_2784","azithromycin","","4.0","","4.0","mg/L","","","","","","","MIC XGBoost Model","202503101","W1 score: 0.99, CI[0.98, 1.00]","Computational Method","",""
192953,"192953.7","Salmonella enterica subsp. enterica serovar Stanley strain BCW_2784","ceftazidime","","16.0","","16.0","mg/L","","","","","","","MIC XGBoost Model","202503101","W1 score: 0.93, CI[0.88, 0.99]","Computational Method","",""
192953,"192953.7","Salmonella enterica subsp. enterica serovar Stanley strain BCW_2784","chloramphenicol","","8.0","","8.0","mg/L","","","","","","","MIC XGBoost Model","202503101","W1 score: 0.99, CI[0.98, 1.00]","Computational Method","",""
192953,"192953.7","Salmonella enterica subsp. enterica serovar Stanley strain BCW_2784","ciprofloxacin","","0.03125","","0.03125","mg/L","","","","","","","MIC XGBoost Model","202503101","W1 score: 0.88, CI[0.86, 0.90]","Computational Method","",""
192953,"192953.7","Salmonella enterica subsp. enterica serovar Stanley strain BCW_2784","ceftriaxone","","0.5","","0.5","mg/L","","","","","","","MIC XGBoost Model","202503101","W1 score: 0.95, CI[0.94, 0.96]","Computational Method","",""
192953,"192953.7","Salmonella enterica subsp. enterica serovar Stanley strain BCW_2784","cefotaxime","","16.0","","16.0","mg/L","","","","","","","MIC XGBoost Model","202503101","W1 score: 0.95, CI[0.89, 1.00]","Computational Method","",""
192953,"192953.7","Salmonella enterica subsp. enterica serovar Stanley strain BCW_2784","sulfisoxazole","","32.0","","32.0","mg/L","","","","","","","MIC XGBoost Model","202503101","W1 score: 0.98, CI[0.97, 0.99]","Computational Method","",""
192953,"192953.7","Salmonella enterica subsp. enterica serovar Stanley strain BCW_2784","cefoxitin","","2.0","","2.0","mg/L","","","","","","","MIC XGBoost Model","202503101","W1 score: 0.98, CI[0.97, 1.00]","Computational Method","",""
192953,"192953.7","Salmonella enterica subsp. enterica serovar Stanley strain BCW_2784","gentamicin","","0.5","","0.5","mg/L","","","","","","","MIC XGBoost Model","202503101","W1 score: 0.97, CI[0.95, 0.99]","Computational Method","",""
192953,"192953.7","Salmonella enterica subsp. enterica serovar Stanley strain BCW_2784","kanamycin","","8.0","","8.0","mg/L","","","","","","","MIC XGBoost Model","202503101","W1 score: 0.99, CI[0.98, 1.01]","Computational Method","",""
192953,"192953.7","Salmonella enterica subsp. enterica serovar Stanley strain BCW_2784","meropenem","","0.125","","0.125","mg/L","","","","","","","MIC XGBoost Model","202503101","W1 score: 0.95, CI[0.90, 1.01]","Computational Method","",""
192953,"192953.7","Salmonella enterica subsp. enterica serovar Stanley strain BCW_2784","nalidixic acid","","4.0","","4.0","mg/L","","","","","","","MIC XGBoost Model","202503101","W1 score: 0.98, CI[0.97, 0.99]","Computational Method","",""
192953,"192953.7","Salmonella enterica subsp. enterica serovar Stanley strain BCW_2784","streptomycin","","16.0","","16.0","mg/L","","","","","","","MIC XGBoost Model","202503101","W1 score: 0.92, CI[0.90, 0.93]","Computational Method","",""
192953,"192953.7","Salmonella enterica subsp. enterica serovar Stanley strain BCW_2784","tetracycline","","4.0","","4.0","mg/L","","","","","","","MIC XGBoost Model","202503101","W1 score: 0.99, CI[0.98, 0.99]","Computational Method","",""
192953,"192953.7","Salmonella enterica subsp. enterica serovar Stanley strain BCW_2784","ceftiofur","","1.0","","1.0","mg/L","","","","","","","MIC XGBoost Model","202503101","W1 score: 0.99, CI[0.98, 0.99]","Computational Method","",""
192953,"192953.70","Salmonella enterica subsp. enterica serovar Stanley 21-SA00706-1","amoxicillin/clavulanic acid","","8.0","","8.0","mg/L","","","","","","","MIC XGBoost Model","202503101","W1 score: 0.98, CI[0.96, 0.99]","Computational Method","",""
192953,"192953.70","Salmonella enterica subsp. enterica serovar Stanley 21-SA00706-1","ampicillin","","32.0","","32.0","mg/L","","","","","","","MIC XGBoost Model","202503101","W1 score: 0.96, CI[0.95, 0.97]","Computational Method","",""
192953,"192953.70","Salmonella enterica subsp. enterica serovar Stanley 21-SA00706-1","azithromycin","","4.0","","4.0","mg/L","","","","","","","MIC XGBoost Model","202503101","W1 score: 0.99, CI[0.98, 1.00]","Computational Method","",""
192953,"192953.70","Salmonella enterica subsp. enterica serovar Stanley 21-SA00706-1","ceftazidime","","32.0","","32.0","mg/L","","","","","","","MIC XGBoost Model","202503101","W1 score: 0.93, CI[0.88, 0.99]","Computational Method","",""
192953,"192953.70","Salmonella enterica subsp. enterica serovar Stanley 21-SA00706-1","chloramphenicol","","32.0","","32.0","mg/L","","","","","","","MIC XGBoost Model","202503101","W1 score: 0.99, CI[0.98, 1.00]","Computational Method","",""
192953,"192953.70","Salmonella enterica subsp. enterica serovar Stanley 21-SA00706-1","ciprofloxacin","","0.5","","0.5","mg/L","","","","","","","MIC XGBoost Model","202503101","W1 score: 0.88, CI[0.86, 0.90]","Computational Method","",""
192953,"192953.70","Salmonella enterica subsp. enterica serovar Stanley 21-SA00706-1","ceftriaxone","","64.0","","64.0","mg/L","","","","","","","MIC XGBoost Model","202503101","W1 score: 0.95, CI[0.94, 0.96]","Computational Method","",""
192953,"192953.70","Salmonella enterica subsp. enterica serovar Stanley 21-SA00706-1","cefotaxime","","32.0","","32.0","mg/L","","","","","","","MIC XGBoost Model","202503101","W1 score: 0.95, CI[0.89, 1.00]","Computational Method","",""
192953,"192953.70","Salmonella enterica subsp. enterica serovar Stanley 21-SA00706-1","sulfisoxazole","","32.0","","32.0","mg/L","","","","","","","MIC XGBoost Model","202503101","W1 score: 0.98, CI[0.97, 0.99]","Computational Method","",""
192953,"192953.70","Salmonella enterica subsp. enterica serovar Stanley 21-SA00706-1","cefoxitin","","8.0","","8.0","mg/L","","","","","","","MIC XGBoost Model","202503101","W1 score: 0.98, CI[0.97, 1.00]","Computational Method","",""
192953,"192953.70","Salmonella enterica subsp. enterica serovar Stanley 21-SA00706-1","gentamicin","","0.5","","0.5","mg/L","","","","","","","MIC XGBoost Model","202503101","W1 score: 0.97, CI[0.95, 0.99]","Computational Method","",""
192953,"192953.70","Salmonella enterica subsp. enterica serovar Stanley 21-SA00706-1","kanamycin","","16.0","","16.0","mg/L","","","","","","","MIC XGBoost Model","202503101","W1 score: 0.99, CI[0.98, 1.01]","Computational Method","",""
192953,"192953.70","Salmonella enterica subsp. enterica serovar Stanley 21-SA00706-1","meropenem","","32.0","","32.0","mg/L","","","","","","","MIC XGBoost Model","202503101","W1 score: 0.95, CI[0.90, 1.01]","Computational Method","",""
192953,"192953.70","Salmonella enterica subsp. enterica serovar Stanley 21-SA00706-1","nalidixic acid","","8.0","","8.0","mg/L","","","","","","","MIC XGBoost Model","202503101","W1 score: 0.98, CI[0.97, 0.99]","Computational Method","",""
192953,"192953.70","Salmonella enterica subsp. enterica serovar Stanley 21-SA00706-1","streptomycin","","2.0","","2.0","mg/L","","","","","","","MIC XGBoost Model","202503101","W1 score: 0.92, CI[0.90, 0.93]","Computational Method","",""
192953,"192953.70","Salmonella enterica subsp. enterica serovar Stanley 21-SA00706-1","tetracycline","","32.0","","32.0","mg/L","","","","","","","MIC XGBoost Model","202503101","W1 score: 0.99, CI[0.98, 0.99]","Computational Method","",""
192953,"192953.70","Salmonella enterica subsp. enterica serovar Stanley 21-SA00706-1","ceftiofur","","1.0","","1.0","mg/L","","","","","","","MIC XGBoost Model","202503101","W1 score: 0.99, CI[0.98, 0.99]","Computational Method","",""
192953,"192953.8","Salmonella enterica subsp. enterica serovar Stanley strain UPM 517","amoxicillin/clavulanic acid","","1.0","","1.0","mg/L","","","","","","","MIC XGBoost Model","202503101","W1 score: 0.98, CI[0.96, 0.99]","Computational Method","",""
192953,"192953.8","Salmonella enterica subsp. enterica serovar Stanley strain UPM 517","ampicillin","","1.0","","1.0","mg/L","","","","","","","MIC XGBoost Model","202503101","W1 score: 0.96, CI[0.95, 0.97]","Computational Method","",""
192953,"192953.8","Salmonella enterica subsp. enterica serovar Stanley strain UPM 517","azithromycin","","4.0","","4.0","mg/L","","","","","","","MIC XGBoost Model","202503101","W1 score: 0.99, CI[0.98, 1.00]","Computational Method","",""
192953,"192953.8","Salmonella enterica subsp. enterica serovar Stanley strain UPM 517","ceftazidime","","16.0","","16.0","mg/L","","","","","","","MIC XGBoost Model","202503101","W1 score: 0.93, CI[0.88, 0.99]","Computational Method","",""
192953,"192953.8","Salmonella enterica subsp. enterica serovar Stanley strain UPM 517","chloramphenicol","","8.0","","8.0","mg/L","","","","","","","MIC XGBoost Model","202503101","W1 score: 0.99, CI[0.98, 1.00]","Computational Method","",""
192953,"192953.8","Salmonella enterica subsp. enterica serovar Stanley strain UPM 517","ciprofloxacin","","0.0625","","0.0625","mg/L","","","","","","","MIC XGBoost Model","202503101","W1 score: 0.88, CI[0.86, 0.90]","Computational Method","",""
192953,"192953.8","Salmonella enterica subsp. enterica serovar Stanley strain UPM 517","ceftriaxone","","0.25","","0.25","mg/L","","","","","","","MIC XGBoost Model","202503101","W1 score: 0.95, CI[0.94, 0.96]","Computational Method","",""
192953,"192953.8","Salmonella enterica subsp. enterica serovar Stanley strain UPM 517","cefotaxime","","16.0","","16.0","mg/L","","","","","","","MIC XGBoost Model","202503101","W1 score: 0.95, CI[0.89, 1.00]","Computational Method","",""
192953,"192953.8","Salmonella enterica subsp. enterica serovar Stanley strain UPM 517","sulfisoxazole","","32.0","","32.0","mg/L","","","","","","","MIC XGBoost Model","202503101","W1 score: 0.98, CI[0.97, 0.99]","Computational Method","",""
192953,"192953.8","Salmonella enterica subsp. enterica serovar Stanley strain UPM 517","cefoxitin","","2.0","","2.0","mg/L","","","","","","","MIC XGBoost Model","202503101","W1 score: 0.98, CI[0.97, 1.00]","Computational Method","",""
192953,"192953.8","Salmonella enterica subsp. enterica serovar Stanley strain UPM 517","gentamicin","","0.5","","0.5","mg/L","","","","","","","MIC XGBoost Model","202503101","W1 score: 0.97, CI[0.95, 0.99]","Computational Method","",""
192953,"192953.8","Salmonella enterica subsp. enterica serovar Stanley strain UPM 517","kanamycin","","8.0","","8.0","mg/L","","","","","","","MIC XGBoost Model","202503101","W1 score: 0.99, CI[0.98, 1.01]","Computational Method","",""
192953,"192953.8","Salmonella enterica subsp. enterica serovar Stanley strain UPM 517","meropenem","","0.125","","0.125","mg/L","","","","","","","MIC XGBoost Model","202503101","W1 score: 0.95, CI[0.90, 1.01]","Computational Method","",""
192953,"192953.8","Salmonella enterica subsp. enterica serovar Stanley strain UPM 517","nalidixic acid","","8.0","","8.0","mg/L","","","","","","","MIC XGBoost Model","202503101","W1 score: 0.98, CI[0.97, 0.99]","Computational Method","",""
192953,"192953.8","Salmonella enterica subsp. enterica serovar Stanley strain UPM 517","streptomycin","","16.0","","16.0","mg/L","","","","","","","MIC XGBoost Model","202503101","W1 score: 0.92, CI[0.90, 0.93]","Computational Method","",""
192953,"192953.8","Salmonella enterica subsp. enterica serovar Stanley strain UPM 517","tetracycline","","4.0","","4.0","mg/L","","","","","","","MIC XGBoost Model","202503101","W1 score: 0.99, CI[0.98, 0.99]","Computational Method","",""
192953,"192953.8","Salmonella enterica subsp. enterica serovar Stanley strain UPM 517","ceftiofur","","1.0","","1.0","mg/L","","","","","","","MIC XGBoost Model","202503101","W1 score: 0.99, CI[0.98, 0.99]","Computational Method","",""
192953,"192953.15","Salmonella enterica subsp. enterica serovar Stanley strain NCTC5716","trimethoprim/sulfamethoxazole","","0.125","","0.125","mg/L","","","","","","","MIC XGBoost Model","202503101","W1 score: 0.96, CI[0.95, 0.97]","Computational Method","",""
192953,"192953.16","Salmonella enterica subsp. enterica serovar Stanley strain I12","trimethoprim/sulfamethoxazole","","0.125","","0.125","mg/L","","","","","","","MIC XGBoost Model","202503101","W1 score: 0.96, CI[0.95, 0.97]","Computational Method","",""
192953,"192953.20","Salmonella enterica subsp. enterica serovar Stanley strain G115","trimethoprim/sulfamethoxazole","","0.125","","0.125","mg/L","","","","","","","MIC XGBoost Model","202503101","W1 score: 0.96, CI[0.95, 0.97]","Computational Method","",""
192953,"192953.21","Salmonella enterica subsp. enterica serovar Stanley strain I25","trimethoprim/sulfamethoxazole","","32.0","","32.0","mg/L","","","","","","","MIC XGBoost Model","202503101","W1 score: 0.96, CI[0.95, 0.97]","Computational Method","",""
192953,"192953.22","Salmonella enterica subsp. enterica serovar Stanley strain G117","trimethoprim/sulfamethoxazole","","0.125","","0.125","mg/L","","","","","","","MIC XGBoost Model","202503101","W1 score: 0.96, CI[0.95, 0.97]","Computational Method","",""
192953,"192953.25","Salmonella enterica subsp. enterica serovar Stanley strain sg_wt8","trimethoprim/sulfamethoxazole","","8.0","","8.0","mg/L","","","","","","","MIC XGBoost Model","202503101","W1 score: 0.96, CI[0.95, 0.97]","Computational Method","",""
192953,"192953.26","Salmonella enterica subsp. enterica serovar Stanley strain sg_ww282","trimethoprim/sulfamethoxazole","","8.0","","8.0","mg/L","","","","","","","MIC XGBoost Model","202503101","W1 score: 0.96, CI[0.95, 0.97]","Computational Method","",""
192953,"192953.27","Salmonella enterica subsp. enterica serovar Stanley strain sg_wt15","trimethoprim/sulfamethoxazole","","8.0","","8.0","mg/L","","","","","","","MIC XGBoost Model","202503101","W1 score: 0.96, CI[0.95, 0.97]","Computational Method","",""
192953,"192953.28","Salmonella enterica subsp. enterica serovar Stanley strain sg_wt13","trimethoprim/sulfamethoxazole","","8.0","","8.0","mg/L","","","","","","","MIC XGBoost Model","202503101","W1 score: 0.96, CI[0.95, 0.97]","Computational Method","",""
192953,"192953.29","Salmonella enterica subsp. enterica serovar Stanley strain SL_66_D001","trimethoprim/sulfamethoxazole","","0.125","","0.125","mg/L","","","","","","","MIC XGBoost Model","202503101","W1 score: 0.96, CI[0.95, 0.97]","Computational Method","",""
192953,"192953.30","Salmonella enterica subsp. enterica serovar Stanley strain UPM 517","trimethoprim/sulfamethoxazole","","0.25","","0.25","mg/L","","","","","","","MIC XGBoost Model","202503101","W1 score: 0.96, CI[0.95, 0.97]","Computational Method","",""
192953,"192953.4","Salmonella enterica subsp. enterica serovar Stanley strain DMS 1112","trimethoprim/sulfamethoxazole","","0.125","","0.125","mg/L","","","","","","","MIC XGBoost Model","202503101","W1 score: 0.96, CI[0.95, 0.97]","Computational Method","",""
192953,"192953.5","Salmonella enterica subsp. enterica serovar Stanley strain BCW_2786","trimethoprim/sulfamethoxazole","","0.125","","0.125","mg/L","","","","","","","MIC XGBoost Model","202503101","W1 score: 0.96, CI[0.95, 0.97]","Computational Method","",""
192953,"192953.6","Salmonella enterica subsp. enterica serovar Stanley strain BCW_2782","trimethoprim/sulfamethoxazole","","0.125","","0.125","mg/L","","","","","","","MIC XGBoost Model","202503101","W1 score: 0.96, CI[0.95, 0.97]","Computational Method","",""
192953,"192953.7","Salmonella enterica subsp. enterica serovar Stanley strain BCW_2784","trimethoprim/sulfamethoxazole","","0.25","","0.25","mg/L","","","","","","","MIC XGBoost Model","202503101","W1 score: 0.96, CI[0.95, 0.97]","Computational Method","",""
192953,"192953.70","Salmonella enterica subsp. enterica serovar Stanley 21-SA00706-1","trimethoprim/sulfamethoxazole","","32.0","","32.0","mg/L","","","","","","","MIC XGBoost Model","202503101","W1 score: 0.96, CI[0.95, 0.97]","Computational Method","",""
192953,"192953.8","Salmonella enterica subsp. enterica serovar Stanley strain UPM 517","trimethoprim/sulfamethoxazole","","0.25","","0.25","mg/L","","","","","","","MIC XGBoost Model","202503101","W1 score: 0.96, CI[0.95, 0.97]","Computational Method","",""
192953,"192953.15","Salmonella enterica subsp. enterica serovar Stanley strain NCTC5716","trimethoprim/sulfamethoxazole","Susceptible","","","","","","","","","","","SIR XGBoost Model","202503101","F1 score: 0.85, CI[0.82, 0.88]","Computational Method","",""
192953,"192953.16","Salmonella enterica subsp. enterica serovar Stanley strain I12","trimethoprim/sulfamethoxazole","Susceptible","","","","","","","","","","","SIR XGBoost Model","202503101","F1 score: 0.85, CI[0.82, 0.88]","Computational Method","",""
192953,"192953.20","Salmonella enterica subsp. enterica serovar Stanley strain G115","trimethoprim/sulfamethoxazole","Susceptible","","","","","","","","","","","SIR XGBoost Model","202503101","F1 score: 0.85, CI[0.82, 0.88]","Computational Method","",""
192953,"192953.21","Salmonella enterica subsp. enterica serovar Stanley strain I25","trimethoprim/sulfamethoxazole","Susceptible","","","","","","","","","","","SIR XGBoost Model","202503101","F1 score: 0.85, CI[0.82, 0.88]","Computational Method","",""
192953,"192953.22","Salmonella enterica subsp. enterica serovar Stanley strain G117","trimethoprim/sulfamethoxazole","Susceptible","","","","","","","","","","","SIR XGBoost Model","202503101","F1 score: 0.85, CI[0.82, 0.88]","Computational Method","",""
192953,"192953.25","Salmonella enterica subsp. enterica serovar Stanley strain sg_wt8","trimethoprim/sulfamethoxazole","Resistant","","","","","","","","","","","SIR XGBoost Model","202503101","F1 score: 0.85, CI[0.82, 0.88]","Computational Method","",""
192953,"192953.26","Salmonella enterica subsp. enterica serovar Stanley strain sg_ww282","trimethoprim/sulfamethoxazole","Resistant","","","","","","","","","","","SIR XGBoost Model","202503101","F1 score: 0.85, CI[0.82, 0.88]","Computational Method","",""
192953,"192953.27","Salmonella enterica subsp. enterica serovar Stanley strain sg_wt15","trimethoprim/sulfamethoxazole","Resistant","","","","","","","","","","","SIR XGBoost Model","202503101","F1 score: 0.85, CI[0.82, 0.88]","Computational Method","",""
192953,"192953.28","Salmonella enterica subsp. enterica serovar Stanley strain sg_wt13","trimethoprim/sulfamethoxazole","Resistant","","","","","","","","","","","SIR XGBoost Model","202503101","F1 score: 0.85, CI[0.82, 0.88]","Computational Method","",""
192953,"192953.29","Salmonella enterica subsp. enterica serovar Stanley strain SL_66_D001","trimethoprim/sulfamethoxazole","Susceptible","","","","","","","","","","","SIR XGBoost Model","202503101","F1 score: 0.85, CI[0.82, 0.88]","Computational Method","",""
192953,"192953.30","Salmonella enterica subsp. enterica serovar Stanley strain UPM 517","trimethoprim/sulfamethoxazole","Susceptible","","","","","","","","","","","SIR XGBoost Model","202503101","F1 score: 0.85, CI[0.82, 0.88]","Computational Method","",""
192953,"192953.4","Salmonella enterica subsp. enterica serovar Stanley strain DMS 1112","trimethoprim/sulfamethoxazole","Susceptible","","","","","","","","","","","SIR XGBoost Model","202503101","F1 score: 0.85, CI[0.82, 0.88]","Computational Method","",""
192953,"192953.5","Salmonella enterica subsp. enterica serovar Stanley strain BCW_2786","trimethoprim/sulfamethoxazole","Susceptible","","","","","","","","","","","SIR XGBoost Model","202503101","F1 score: 0.85, CI[0.82, 0.88]","Computational Method","",""
192953,"192953.6","Salmonella enterica subsp. enterica serovar Stanley strain BCW_2782","trimethoprim/sulfamethoxazole","Susceptible","","","","","","","","","","","SIR XGBoost Model","202503101","F1 score: 0.85, CI[0.82, 0.88]","Computational Method","",""
192953,"192953.7","Salmonella enterica subsp. enterica serovar Stanley strain BCW_2784","trimethoprim/sulfamethoxazole","Susceptible","","","","","","","","","","","SIR XGBoost Model","202503101","F1 score: 0.85, CI[0.82, 0.88]","Computational Method","",""
192953,"192953.70","Salmonella enterica subsp. enterica serovar Stanley 21-SA00706-1","trimethoprim/sulfamethoxazole","Susceptible","","","","","","","","","","","SIR XGBoost Model","202503101","F1 score: 0.85, CI[0.82, 0.88]","Computational Method","",""
192953,"192953.8","Salmonella enterica subsp. enterica serovar Stanley strain UPM 517","trimethoprim/sulfamethoxazole","Susceptible","","","","","","","","","","","SIR XGBoost Model","202503101","F1 score: 0.85, CI[0.82, 0.88]","Computational Method","",""
192953,"192953.15","Salmonella enterica subsp. enterica serovar Stanley strain NCTC5716","amoxicillin/clavulanic acid","Susceptible","","","","","","","","","","","SIR XGBoost Model","202503101","F1 score: 0.96, CI[0.95, 0.97]","Computational Method","",""
192953,"192953.15","Salmonella enterica subsp. enterica serovar Stanley strain NCTC5716","ampicillin","Susceptible","","","","","","","","","","","SIR XGBoost Model","202503101","F1 score: 0.93, CI[0.92, 0.93]","Computational Method","",""
192953,"192953.15","Salmonella enterica subsp. enterica serovar Stanley strain NCTC5716","azithromycin","Susceptible","","","","","","","","","","","SIR XGBoost Model","202503101","F1 score: 0.92, CI[0.87, 0.98]","Computational Method","",""
192953,"192953.15","Salmonella enterica subsp. enterica serovar Stanley strain NCTC5716","chloramphenicol","Susceptible","","","","","","","","","","","SIR XGBoost Model","202503101","F1 score: 0.90, CI[0.88, 0.91]","Computational Method","",""
192953,"192953.15","Salmonella enterica subsp. enterica serovar Stanley strain NCTC5716","ciprofloxacin","Susceptible","","","","","","","","","","","SIR XGBoost Model","202503101","F1 score: 0.95, CI[0.93, 0.96]","Computational Method","",""
192953,"192953.15","Salmonella enterica subsp. enterica serovar Stanley strain NCTC5716","ceftriaxone","Susceptible","","","","","","","","","","","SIR XGBoost Model","202503101","F1 score: 0.98, CI[0.97, 1.00]","Computational Method","",""
192953,"192953.15","Salmonella enterica subsp. enterica serovar Stanley strain NCTC5716","cefotaxime","Susceptible","","","","","","","","","","","SIR XGBoost Model","202503101","F1 score: 0.95, CI[0.90, 0.99]","Computational Method","",""
192953,"192953.15","Salmonella enterica subsp. enterica serovar Stanley strain NCTC5716","sulfisoxazole","Susceptible","","","","","","","","","","","SIR XGBoost Model","202503101","F1 score: 0.99, CI[0.98, 1.00]","Computational Method","",""
192953,"192953.15","Salmonella enterica subsp. enterica serovar Stanley strain NCTC5716","cefoxitin","Susceptible","","","","","","","","","","","SIR XGBoost Model","202503101","F1 score: 0.96, CI[0.93, 0.99]","Computational Method","",""
192953,"192953.15","Salmonella enterica subsp. enterica serovar Stanley strain NCTC5716","gentamicin","Susceptible","","","","","","","","","","","SIR XGBoost Model","202503101","F1 score: 0.92, CI[0.89, 0.95]","Computational Method","",""
192953,"192953.15","Salmonella enterica subsp. enterica serovar Stanley strain NCTC5716","kanamycin","Susceptible","","","","","","","","","","","SIR XGBoost Model","202503101","F1 score: 0.86, CI[0.77, 0.95]","Computational Method","",""
192953,"192953.15","Salmonella enterica subsp. enterica serovar Stanley strain NCTC5716","nalidixic acid","Susceptible","","","","","","","","","","","SIR XGBoost Model","202503101","F1 score: 0.95, CI[0.93, 0.96]","Computational Method","",""
192953,"192953.15","Salmonella enterica subsp. enterica serovar Stanley strain NCTC5716","pefloxacin","Susceptible","","","","","","","","","","","SIR XGBoost Model","202503101","F1 score: 0.98, CI[0.96, 1.00]","Computational Method","",""
192953,"192953.15","Salmonella enterica subsp. enterica serovar Stanley strain NCTC5716","sulfamethoxazole","Susceptible","","","","","","","","","","","SIR XGBoost Model","202503101","F1 score: 0.95, CI[0.93, 0.97]","Computational Method","",""
192953,"192953.15","Salmonella enterica subsp. enterica serovar Stanley strain NCTC5716","spectinomycin","Susceptible","","","","","","","","","","","SIR XGBoost Model","202503101","F1 score: 0.94, CI[0.90, 0.98]","Computational Method","",""
192953,"192953.15","Salmonella enterica subsp. enterica serovar Stanley strain NCTC5716","streptomycin","Susceptible","","","","","","","","","","","SIR XGBoost Model","202503101","F1 score: 0.94, CI[0.93, 0.96]","Computational Method","",""
192953,"192953.15","Salmonella enterica subsp. enterica serovar Stanley strain NCTC5716","tetracycline","Susceptible","","","","","","","","","","","SIR XGBoost Model","202503101","F1 score: 0.97, CI[0.96, 0.98]","Computational Method","",""
192953,"192953.15","Salmonella enterica subsp. enterica serovar Stanley strain NCTC5716","ceftiofur","Susceptible","","","","","","","","","","","SIR XGBoost Model","202503101","F1 score: 0.98, CI[0.97, 1.00]","Computational Method","",""
192953,"192953.15","Salmonella enterica subsp. enterica serovar Stanley strain NCTC5716","trimethoprim","Susceptible","","","","","","","","","","","SIR XGBoost Model","202503101","F1 score: 0.86, CI[0.78, 0.93]","Computational Method","",""
192953,"192953.16","Salmonella enterica subsp. enterica serovar Stanley strain I12","amoxicillin/clavulanic acid","Susceptible","","","","","","","","","","","SIR XGBoost Model","202503101","F1 score: 0.96, CI[0.95, 0.97]","Computational Method","",""
192953,"192953.16","Salmonella enterica subsp. enterica serovar Stanley strain I12","ampicillin","Susceptible","","","","","","","","","","","SIR XGBoost Model","202503101","F1 score: 0.93, CI[0.92, 0.93]","Computational Method","",""
192953,"192953.16","Salmonella enterica subsp. enterica serovar Stanley strain I12","azithromycin","Susceptible","","","","","","","","","","","SIR XGBoost Model","202503101","F1 score: 0.92, CI[0.87, 0.98]","Computational Method","",""
192953,"192953.16","Salmonella enterica subsp. enterica serovar Stanley strain I12","chloramphenicol","Susceptible","","","","","","","","","","","SIR XGBoost Model","202503101","F1 score: 0.90, CI[0.88, 0.91]","Computational Method","",""
192953,"192953.16","Salmonella enterica subsp. enterica serovar Stanley strain I12","ciprofloxacin","Susceptible","","","","","","","","","","","SIR XGBoost Model","202503101","F1 score: 0.95, CI[0.93, 0.96]","Computational Method","",""
192953,"192953.16","Salmonella enterica subsp. enterica serovar Stanley strain I12","ceftriaxone","Susceptible","","","","","","","","","","","SIR XGBoost Model","202503101","F1 score: 0.98, CI[0.97, 1.00]","Computational Method","",""
192953,"192953.16","Salmonella enterica subsp. enterica serovar Stanley strain I12","cefotaxime","Susceptible","","","","","","","","","","","SIR XGBoost Model","202503101","F1 score: 0.95, CI[0.90, 0.99]","Computational Method","",""
192953,"192953.16","Salmonella enterica subsp. enterica serovar Stanley strain I12","sulfisoxazole","Susceptible","","","","","","","","","","","SIR XGBoost Model","202503101","F1 score: 0.99, CI[0.98, 1.00]","Computational Method","",""
192953,"192953.16","Salmonella enterica subsp. enterica serovar Stanley strain I12","cefoxitin","Susceptible","","","","","","","","","","","SIR XGBoost Model","202503101","F1 score: 0.96, CI[0.93, 0.99]","Computational Method","",""
192953,"192953.16","Salmonella enterica subsp. enterica serovar Stanley strain I12","gentamicin","Susceptible","","","","","","","","","","","SIR XGBoost Model","202503101","F1 score: 0.92, CI[0.89, 0.95]","Computational Method","",""
192953,"192953.16","Salmonella enterica subsp. enterica serovar Stanley strain I12","kanamycin","Susceptible","","","","","","","","","","","SIR XGBoost Model","202503101","F1 score: 0.86, CI[0.77, 0.95]","Computational Method","",""
192953,"192953.16","Salmonella enterica subsp. enterica serovar Stanley strain I12","nalidixic acid","Susceptible","","","","","","","","","","","SIR XGBoost Model","202503101","F1 score: 0.95, CI[0.93, 0.96]","Computational Method","",""
192953,"192953.16","Salmonella enterica subsp. enterica serovar Stanley strain I12","pefloxacin","Susceptible","","","","","","","","","","","SIR XGBoost Model","202503101","F1 score: 0.98, CI[0.96, 1.00]","Computational Method","",""
192953,"192953.16","Salmonella enterica subsp. enterica serovar Stanley strain I12","sulfamethoxazole","Susceptible","","","","","","","","","","","SIR XGBoost Model","202503101","F1 score: 0.95, CI[0.93, 0.97]","Computational Method","",""
192953,"192953.16","Salmonella enterica subsp. enterica serovar Stanley strain I12","spectinomycin","Susceptible","","","","","","","","","","","SIR XGBoost Model","202503101","F1 score: 0.94, CI[0.90, 0.98]","Computational Method","",""
192953,"192953.16","Salmonella enterica subsp. enterica serovar Stanley strain I12","streptomycin","Susceptible","","","","","","","","","","","SIR XGBoost Model","202503101","F1 score: 0.94, CI[0.93, 0.96]","Computational Method","",""
192953,"192953.16","Salmonella enterica subsp. enterica serovar Stanley strain I12","tetracycline","Susceptible","","","","","","","","","","","SIR XGBoost Model","202503101","F1 score: 0.97, CI[0.96, 0.98]","Computational Method","",""
192953,"192953.16","Salmonella enterica subsp. enterica serovar Stanley strain I12","ceftiofur","Susceptible","","","","","","","","","","","SIR XGBoost Model","202503101","F1 score: 0.98, CI[0.97, 1.00]","Computational Method","",""
192953,"192953.16","Salmonella enterica subsp. enterica serovar Stanley strain I12","trimethoprim","Susceptible","","","","","","","","","","","SIR XGBoost Model","202503101","F1 score: 0.86, CI[0.78, 0.93]","Computational Method","",""
192953,"192953.20","Salmonella enterica subsp. enterica serovar Stanley strain G115","amoxicillin/clavulanic acid","Susceptible","","","","","","","","","","","SIR XGBoost Model","202503101","F1 score: 0.96, CI[0.95, 0.97]","Computational Method","",""
192953,"192953.20","Salmonella enterica subsp. enterica serovar Stanley strain G115","ampicillin","Resistant","","","","","","","","","","","SIR XGBoost Model","202503101","F1 score: 0.93, CI[0.92, 0.93]","Computational Method","",""
192953,"192953.20","Salmonella enterica subsp. enterica serovar Stanley strain G115","azithromycin","Susceptible","","","","","","","","","","","SIR XGBoost Model","202503101","F1 score: 0.92, CI[0.87, 0.98]","Computational Method","",""
192953,"192953.20","Salmonella enterica subsp. enterica serovar Stanley strain G115","chloramphenicol","Susceptible","","","","","","","","","","","SIR XGBoost Model","202503101","F1 score: 0.90, CI[0.88, 0.91]","Computational Method","",""
192953,"192953.20","Salmonella enterica subsp. enterica serovar Stanley strain G115","ciprofloxacin","Susceptible","","","","","","","","","","","SIR XGBoost Model","202503101","F1 score: 0.95, CI[0.93, 0.96]","Computational Method","",""
192953,"192953.20","Salmonella enterica subsp. enterica serovar Stanley strain G115","ceftriaxone","Resistant","","","","","","","","","","","SIR XGBoost Model","202503101","F1 score: 0.98, CI[0.97, 1.00]","Computational Method","",""
192953,"192953.20","Salmonella enterica subsp. enterica serovar Stanley strain G115","cefotaxime","Susceptible","","","","","","","","","","","SIR XGBoost Model","202503101","F1 score: 0.95, CI[0.90, 0.99]","Computational Method","",""
192953,"192953.20","Salmonella enterica subsp. enterica serovar Stanley strain G115","sulfisoxazole","Susceptible","","","","","","","","","","","SIR XGBoost Model","202503101","F1 score: 0.99, CI[0.98, 1.00]","Computational Method","",""
192953,"192953.20","Salmonella enterica subsp. enterica serovar Stanley strain G115","cefoxitin","Susceptible","","","","","","","","","","","SIR XGBoost Model","202503101","F1 score: 0.96, CI[0.93, 0.99]","Computational Method","",""
192953,"192953.20","Salmonella enterica subsp. enterica serovar Stanley strain G115","gentamicin","Susceptible","","","","","","","","","","","SIR XGBoost Model","202503101","F1 score: 0.92, CI[0.89, 0.95]","Computational Method","",""
192953,"192953.20","Salmonella enterica subsp. enterica serovar Stanley strain G115","kanamycin","Susceptible","","","","","","","","","","","SIR XGBoost Model","202503101","F1 score: 0.86, CI[0.77, 0.95]","Computational Method","",""
192953,"192953.20","Salmonella enterica subsp. enterica serovar Stanley strain G115","nalidixic acid","Susceptible","","","","","","","","","","","SIR XGBoost Model","202503101","F1 score: 0.95, CI[0.93, 0.96]","Computational Method","",""
192953,"192953.20","Salmonella enterica subsp. enterica serovar Stanley strain G115","pefloxacin","Susceptible","","","","","","","","","","","SIR XGBoost Model","202503101","F1 score: 0.98, CI[0.96, 1.00]","Computational Method","",""
192953,"192953.20","Salmonella enterica subsp. enterica serovar Stanley strain G115","sulfamethoxazole","Susceptible","","","","","","","","","","","SIR XGBoost Model","202503101","F1 score: 0.95, CI[0.93, 0.97]","Computational Method","",""
192953,"192953.20","Salmonella enterica subsp. enterica serovar Stanley strain G115","spectinomycin","Susceptible","","","","","","","","","","","SIR XGBoost Model","202503101","F1 score: 0.94, CI[0.90, 0.98]","Computational Method","",""
192953,"192953.20","Salmonella enterica subsp. enterica serovar Stanley strain G115","streptomycin","Susceptible","","","","","","","","","","","SIR XGBoost Model","202503101","F1 score: 0.94, CI[0.93, 0.96]","Computational Method","",""
192953,"192953.20","Salmonella enterica subsp. enterica serovar Stanley strain G115","tetracycline","Susceptible","","","","","","","","","","","SIR XGBoost Model","202503101","F1 score: 0.97, CI[0.96, 0.98]","Computational Method","",""
192953,"192953.20","Salmonella enterica subsp. enterica serovar Stanley strain G115","ceftiofur","Susceptible","","","","","","","","","","","SIR XGBoost Model","202503101","F1 score: 0.98, CI[0.97, 1.00]","Computational Method","",""
192953,"192953.20","Salmonella enterica subsp. enterica serovar Stanley strain G115","trimethoprim","Susceptible","","","","","","","","","","","SIR XGBoost Model","202503101","F1 score: 0.86, CI[0.78, 0.93]","Computational Method","",""
192953,"192953.21","Salmonella enterica subsp. enterica serovar Stanley strain I25","amoxicillin/clavulanic acid","Susceptible","","","","","","","","","","","SIR XGBoost Model","202503101","F1 score: 0.96, CI[0.95, 0.97]","Computational Method","",""
192953,"192953.21","Salmonella enterica subsp. enterica serovar Stanley strain I25","ampicillin","Susceptible","","","","","","","","","","","SIR XGBoost Model","202503101","F1 score: 0.93, CI[0.92, 0.93]","Computational Method","",""
192953,"192953.21","Salmonella enterica subsp. enterica serovar Stanley strain I25","azithromycin","Susceptible","","","","","","","","","","","SIR XGBoost Model","202503101","F1 score: 0.92, CI[0.87, 0.98]","Computational Method","",""
192953,"192953.21","Salmonella enterica subsp. enterica serovar Stanley strain I25","chloramphenicol","Susceptible","","","","","","","","","","","SIR XGBoost Model","202503101","F1 score: 0.90, CI[0.88, 0.91]","Computational Method","",""
192953,"192953.21","Salmonella enterica subsp. enterica serovar Stanley strain I25","ciprofloxacin","Susceptible","","","","","","","","","","","SIR XGBoost Model","202503101","F1 score: 0.95, CI[0.93, 0.96]","Computational Method","",""
192953,"192953.21","Salmonella enterica subsp. enterica serovar Stanley strain I25","ceftriaxone","Susceptible","","","","","","","","","","","SIR XGBoost Model","202503101","F1 score: 0.98, CI[0.97, 1.00]","Computational Method","",""
192953,"192953.21","Salmonella enterica subsp. enterica serovar Stanley strain I25","cefotaxime","Susceptible","","","","","","","","","","","SIR XGBoost Model","202503101","F1 score: 0.95, CI[0.90, 0.99]","Computational Method","",""
192953,"192953.21","Salmonella enterica subsp. enterica serovar Stanley strain I25","sulfisoxazole","Susceptible","","","","","","","","","","","SIR XGBoost Model","202503101","F1 score: 0.99, CI[0.98, 1.00]","Computational Method","",""
192953,"192953.21","Salmonella enterica subsp. enterica serovar Stanley strain I25","cefoxitin","Susceptible","","","","","","","","","","","SIR XGBoost Model","202503101","F1 score: 0.96, CI[0.93, 0.99]","Computational Method","",""
192953,"192953.21","Salmonella enterica subsp. enterica serovar Stanley strain I25","gentamicin","Susceptible","","","","","","","","","","","SIR XGBoost Model","202503101","F1 score: 0.92, CI[0.89, 0.95]","Computational Method","",""
192953,"192953.21","Salmonella enterica subsp. enterica serovar Stanley strain I25","kanamycin","Susceptible","","","","","","","","","","","SIR XGBoost Model","202503101","F1 score: 0.86, CI[0.77, 0.95]","Computational Method","",""
192953,"192953.21","Salmonella enterica subsp. enterica serovar Stanley strain I25","nalidixic acid","Susceptible","","","","","","","","","","","SIR XGBoost Model","202503101","F1 score: 0.95, CI[0.93, 0.96]","Computational Method","",""
192953,"192953.21","Salmonella enterica subsp. enterica serovar Stanley strain I25","pefloxacin","Susceptible","","","","","","","","","","","SIR XGBoost Model","202503101","F1 score: 0.98, CI[0.96, 1.00]","Computational Method","",""
192953,"192953.21","Salmonella enterica subsp. enterica serovar Stanley strain I25","sulfamethoxazole","Susceptible","","","","","","","","","","","SIR XGBoost Model","202503101","F1 score: 0.95, CI[0.93, 0.97]","Computational Method","",""
192953,"192953.21","Salmonella enterica subsp. enterica serovar Stanley strain I25","spectinomycin","Susceptible","","","","","","","","","","","SIR XGBoost Model","202503101","F1 score: 0.94, CI[0.90, 0.98]","Computational Method","",""
192953,"192953.21","Salmonella enterica subsp. enterica serovar Stanley strain I25","streptomycin","Susceptible","","","","","","","","","","","SIR XGBoost Model","202503101","F1 score: 0.94, CI[0.93, 0.96]","Computational Method","",""
192953,"192953.21","Salmonella enterica subsp. enterica serovar Stanley strain I25","tetracycline","Susceptible","","","","","","","","","","","SIR XGBoost Model","202503101","F1 score: 0.97, CI[0.96, 0.98]","Computational Method","",""
192953,"192953.21","Salmonella enterica subsp. enterica serovar Stanley strain I25","ceftiofur","Susceptible","","","","","","","","","","","SIR XGBoost Model","202503101","F1 score: 0.98, CI[0.97, 1.00]","Computational Method","",""
192953,"192953.21","Salmonella enterica subsp. enterica serovar Stanley strain I25","trimethoprim","Susceptible","","","","","","","","","","","SIR XGBoost Model","202503101","F1 score: 0.86, CI[0.78, 0.93]","Computational Method","",""
192953,"192953.22","Salmonella enterica subsp. enterica serovar Stanley strain G117","amoxicillin/clavulanic acid","Susceptible","","","","","","","","","","","SIR XGBoost Model","202503101","F1 score: 0.96, CI[0.95, 0.97]","Computational Method","",""
192953,"192953.22","Salmonella enterica subsp. enterica serovar Stanley strain G117","ampicillin","Susceptible","","","","","","","","","","","SIR XGBoost Model","202503101","F1 score: 0.93, CI[0.92, 0.93]","Computational Method","",""
192953,"192953.22","Salmonella enterica subsp. enterica serovar Stanley strain G117","azithromycin","Susceptible","","","","","","","","","","","SIR XGBoost Model","202503101","F1 score: 0.92, CI[0.87, 0.98]","Computational Method","",""
192953,"192953.22","Salmonella enterica subsp. enterica serovar Stanley strain G117","chloramphenicol","Susceptible","","","","","","","","","","","SIR XGBoost Model","202503101","F1 score: 0.90, CI[0.88, 0.91]","Computational Method","",""
192953,"192953.22","Salmonella enterica subsp. enterica serovar Stanley strain G117","ciprofloxacin","Susceptible","","","","","","","","","","","SIR XGBoost Model","202503101","F1 score: 0.95, CI[0.93, 0.96]","Computational Method","",""
192953,"192953.22","Salmonella enterica subsp. enterica serovar Stanley strain G117","ceftriaxone","Resistant","","","","","","","","","","","SIR XGBoost Model","202503101","F1 score: 0.98, CI[0.97, 1.00]","Computational Method","",""
192953,"192953.22","Salmonella enterica subsp. enterica serovar Stanley strain G117","cefotaxime","Susceptible","","","","","","","","","","","SIR XGBoost Model","202503101","F1 score: 0.95, CI[0.90, 0.99]","Computational Method","",""
192953,"192953.22","Salmonella enterica subsp. enterica serovar Stanley strain G117","sulfisoxazole","Susceptible","","","","","","","","","","","SIR XGBoost Model","202503101","F1 score: 0.99, CI[0.98, 1.00]","Computational Method","",""
192953,"192953.22","Salmonella enterica subsp. enterica serovar Stanley strain G117","cefoxitin","Susceptible","","","","","","","","","","","SIR XGBoost Model","202503101","F1 score: 0.96, CI[0.93, 0.99]","Computational Method","",""
192953,"192953.22","Salmonella enterica subsp. enterica serovar Stanley strain G117","gentamicin","Susceptible","","","","","","","","","","","SIR XGBoost Model","202503101","F1 score: 0.92, CI[0.89, 0.95]","Computational Method","",""
192953,"192953.22","Salmonella enterica subsp. enterica serovar Stanley strain G117","kanamycin","Susceptible","","","","","","","","","","","SIR XGBoost Model","202503101","F1 score: 0.86, CI[0.77, 0.95]","Computational Method","",""
192953,"192953.22","Salmonella enterica subsp. enterica serovar Stanley strain G117","nalidixic acid","Susceptible","","","","","","","","","","","SIR XGBoost Model","202503101","F1 score: 0.95, CI[0.93, 0.96]","Computational Method","",""
192953,"192953.22","Salmonella enterica subsp. enterica serovar Stanley strain G117","pefloxacin","Susceptible","","","","","","","","","","","SIR XGBoost Model","202503101","F1 score: 0.98, CI[0.96, 1.00]","Computational Method","",""
192953,"192953.22","Salmonella enterica subsp. enterica serovar Stanley strain G117","sulfamethoxazole","Susceptible","","","","","","","","","","","SIR XGBoost Model","202503101","F1 score: 0.95, CI[0.93, 0.97]","Computational Method","",""
192953,"192953.22","Salmonella enterica subsp. enterica serovar Stanley strain G117","spectinomycin","Susceptible","","","","","","","","","","","SIR XGBoost Model","202503101","F1 score: 0.94, CI[0.90, 0.98]","Computational Method","",""
192953,"192953.22","Salmonella enterica subsp. enterica serovar Stanley strain G117","streptomycin","Susceptible","","","","","","","","","","","SIR XGBoost Model","202503101","F1 score: 0.94, CI[0.93, 0.96]","Computational Method","",""
192953,"192953.22","Salmonella enterica subsp. enterica serovar Stanley strain G117","tetracycline","Susceptible","","","","","","","","","","","SIR XGBoost Model","202503101","F1 score: 0.97, CI[0.96, 0.98]","Computational Method","",""
192953,"192953.22","Salmonella enterica subsp. enterica serovar Stanley strain G117","ceftiofur","Resistant","","","","","","","","","","","SIR XGBoost Model","202503101","F1 score: 0.98, CI[0.97, 1.00]","Computational Method","",""
192953,"192953.22","Salmonella enterica subsp. enterica serovar Stanley strain G117","trimethoprim","Susceptible","","","","","","","","","","","SIR XGBoost Model","202503101","F1 score: 0.86, CI[0.78, 0.93]","Computational Method","",""
192953,"192953.25","Salmonella enterica subsp. enterica serovar Stanley strain sg_wt8","amoxicillin/clavulanic acid","Susceptible","","","","","","","","","","","SIR XGBoost Model","202503101","F1 score: 0.96, CI[0.95, 0.97]","Computational Method","",""
192953,"192953.25","Salmonella enterica subsp. enterica serovar Stanley strain sg_wt8","ampicillin","Resistant","","","","","","","","","","","SIR XGBoost Model","202503101","F1 score: 0.93, CI[0.92, 0.93]","Computational Method","",""
192953,"192953.25","Salmonella enterica subsp. enterica serovar Stanley strain sg_wt8","azithromycin","Resistant","","","","","","","","","","","SIR XGBoost Model","202503101","F1 score: 0.92, CI[0.87, 0.98]","Computational Method","",""
192953,"192953.25","Salmonella enterica subsp. enterica serovar Stanley strain sg_wt8","chloramphenicol","Resistant","","","","","","","","","","","SIR XGBoost Model","202503101","F1 score: 0.90, CI[0.88, 0.91]","Computational Method","",""
192953,"192953.25","Salmonella enterica subsp. enterica serovar Stanley strain sg_wt8","ciprofloxacin","Susceptible","","","","","","","","","","","SIR XGBoost Model","202503101","F1 score: 0.95, CI[0.93, 0.96]","Computational Method","",""
192953,"192953.25","Salmonella enterica subsp. enterica serovar Stanley strain sg_wt8","ceftriaxone","Susceptible","","","","","","","","","","","SIR XGBoost Model","202503101","F1 score: 0.98, CI[0.97, 1.00]","Computational Method","",""
192953,"192953.25","Salmonella enterica subsp. enterica serovar Stanley strain sg_wt8","cefotaxime","Susceptible","","","","","","","","","","","SIR XGBoost Model","202503101","F1 score: 0.95, CI[0.90, 0.99]","Computational Method","",""
192953,"192953.25","Salmonella enterica subsp. enterica serovar Stanley strain sg_wt8","sulfisoxazole","Resistant","","","","","","","","","","","SIR XGBoost Model","202503101","F1 score: 0.99, CI[0.98, 1.00]","Computational Method","",""
192953,"192953.25","Salmonella enterica subsp. enterica serovar Stanley strain sg_wt8","cefoxitin","Susceptible","","","","","","","","","","","SIR XGBoost Model","202503101","F1 score: 0.96, CI[0.93, 0.99]","Computational Method","",""
192953,"192953.25","Salmonella enterica subsp. enterica serovar Stanley strain sg_wt8","gentamicin","Resistant","","","","","","","","","","","SIR XGBoost Model","202503101","F1 score: 0.92, CI[0.89, 0.95]","Computational Method","",""
192953,"192953.25","Salmonella enterica subsp. enterica serovar Stanley strain sg_wt8","kanamycin","Resistant","","","","","","","","","","","SIR XGBoost Model","202503101","F1 score: 0.86, CI[0.77, 0.95]","Computational Method","",""
192953,"192953.25","Salmonella enterica subsp. enterica serovar Stanley strain sg_wt8","nalidixic acid","Susceptible","","","","","","","","","","","SIR XGBoost Model","202503101","F1 score: 0.95, CI[0.93, 0.96]","Computational Method","",""
192953,"192953.25","Salmonella enterica subsp. enterica serovar Stanley strain sg_wt8","pefloxacin","Susceptible","","","","","","","","","","","SIR XGBoost Model","202503101","F1 score: 0.98, CI[0.96, 1.00]","Computational Method","",""
192953,"192953.25","Salmonella enterica subsp. enterica serovar Stanley strain sg_wt8","sulfamethoxazole","Resistant","","","","","","","","","","","SIR XGBoost Model","202503101","F1 score: 0.95, CI[0.93, 0.97]","Computational Method","",""
192953,"192953.25","Salmonella enterica subsp. enterica serovar Stanley strain sg_wt8","spectinomycin","Resistant","","","","","","","","","","","SIR XGBoost Model","202503101","F1 score: 0.94, CI[0.90, 0.98]","Computational Method","",""
192953,"192953.25","Salmonella enterica subsp. enterica serovar Stanley strain sg_wt8","streptomycin","Resistant","","","","","","","","","","","SIR XGBoost Model","202503101","F1 score: 0.94, CI[0.93, 0.96]","Computational Method","",""
192953,"192953.25","Salmonella enterica subsp. enterica serovar Stanley strain sg_wt8","tetracycline","Resistant","","","","","","","","","","","SIR XGBoost Model","202503101","F1 score: 0.97, CI[0.96, 0.98]","Computational Method","",""
192953,"192953.25","Salmonella enterica subsp. enterica serovar Stanley strain sg_wt8","ceftiofur","Susceptible","","","","","","","","","","","SIR XGBoost Model","202503101","F1 score: 0.98, CI[0.97, 1.00]","Computational Method","",""
192953,"192953.25","Salmonella enterica subsp. enterica serovar Stanley strain sg_wt8","trimethoprim","Resistant","","","","","","","","","","","SIR XGBoost Model","202503101","F1 score: 0.86, CI[0.78, 0.93]","Computational Method","",""
192953,"192953.26","Salmonella enterica subsp. enterica serovar Stanley strain sg_ww282","amoxicillin/clavulanic acid","Susceptible","","","","","","","","","","","SIR XGBoost Model","202503101","F1 score: 0.96, CI[0.95, 0.97]","Computational Method","",""
192953,"192953.26","Salmonella enterica subsp. enterica serovar Stanley strain sg_ww282","ampicillin","Resistant","","","","","","","","","","","SIR XGBoost Model","202503101","F1 score: 0.93, CI[0.92, 0.93]","Computational Method","",""
192953,"192953.26","Salmonella enterica subsp. enterica serovar Stanley strain sg_ww282","azithromycin","Resistant","","","","","","","","","","","SIR XGBoost Model","202503101","F1 score: 0.92, CI[0.87, 0.98]","Computational Method","",""
192953,"192953.26","Salmonella enterica subsp. enterica serovar Stanley strain sg_ww282","chloramphenicol","Resistant","","","","","","","","","","","SIR XGBoost Model","202503101","F1 score: 0.90, CI[0.88, 0.91]","Computational Method","",""
192953,"192953.26","Salmonella enterica subsp. enterica serovar Stanley strain sg_ww282","ciprofloxacin","Susceptible","","","","","","","","","","","SIR XGBoost Model","202503101","F1 score: 0.95, CI[0.93, 0.96]","Computational Method","",""
192953,"192953.26","Salmonella enterica subsp. enterica serovar Stanley strain sg_ww282","ceftriaxone","Susceptible","","","","","","","","","","","SIR XGBoost Model","202503101","F1 score: 0.98, CI[0.97, 1.00]","Computational Method","",""
192953,"192953.26","Salmonella enterica subsp. enterica serovar Stanley strain sg_ww282","cefotaxime","Susceptible","","","","","","","","","","","SIR XGBoost Model","202503101","F1 score: 0.95, CI[0.90, 0.99]","Computational Method","",""
192953,"192953.26","Salmonella enterica subsp. enterica serovar Stanley strain sg_ww282","sulfisoxazole","Resistant","","","","","","","","","","","SIR XGBoost Model","202503101","F1 score: 0.99, CI[0.98, 1.00]","Computational Method","",""
192953,"192953.26","Salmonella enterica subsp. enterica serovar Stanley strain sg_ww282","cefoxitin","Susceptible","","","","","","","","","","","SIR XGBoost Model","202503101","F1 score: 0.96, CI[0.93, 0.99]","Computational Method","",""
192953,"192953.26","Salmonella enterica subsp. enterica serovar Stanley strain sg_ww282","gentamicin","Resistant","","","","","","","","","","","SIR XGBoost Model","202503101","F1 score: 0.92, CI[0.89, 0.95]","Computational Method","",""
192953,"192953.26","Salmonella enterica subsp. enterica serovar Stanley strain sg_ww282","kanamycin","Resistant","","","","","","","","","","","SIR XGBoost Model","202503101","F1 score: 0.86, CI[0.77, 0.95]","Computational Method","",""
192953,"192953.26","Salmonella enterica subsp. enterica serovar Stanley strain sg_ww282","nalidixic acid","Susceptible","","","","","","","","","","","SIR XGBoost Model","202503101","F1 score: 0.95, CI[0.93, 0.96]","Computational Method","",""
192953,"192953.26","Salmonella enterica subsp. enterica serovar Stanley strain sg_ww282","pefloxacin","Susceptible","","","","","","","","","","","SIR XGBoost Model","202503101","F1 score: 0.98, CI[0.96, 1.00]","Computational Method","",""
192953,"192953.26","Salmonella enterica subsp. enterica serovar Stanley strain sg_ww282","sulfamethoxazole","Resistant","","","","","","","","","","","SIR XGBoost Model","202503101","F1 score: 0.95, CI[0.93, 0.97]","Computational Method","",""
192953,"192953.26","Salmonella enterica subsp. enterica serovar Stanley strain sg_ww282","spectinomycin","Resistant","","","","","","","","","","","SIR XGBoost Model","202503101","F1 score: 0.94, CI[0.90, 0.98]","Computational Method","",""
192953,"192953.26","Salmonella enterica subsp. enterica serovar Stanley strain sg_ww282","streptomycin","Resistant","","","","","","","","","","","SIR XGBoost Model","202503101","F1 score: 0.94, CI[0.93, 0.96]","Computational Method","",""
192953,"192953.26","Salmonella enterica subsp. enterica serovar Stanley strain sg_ww282","tetracycline","Resistant","","","","","","","","","","","SIR XGBoost Model","202503101","F1 score: 0.97, CI[0.96, 0.98]","Computational Method","",""
192953,"192953.26","Salmonella enterica subsp. enterica serovar Stanley strain sg_ww282","ceftiofur","Susceptible","","","","","","","","","","","SIR XGBoost Model","202503101","F1 score: 0.98, CI[0.97, 1.00]","Computational Method","",""
192953,"192953.26","Salmonella enterica subsp. enterica serovar Stanley strain sg_ww282","trimethoprim","Resistant","","","","","","","","","","","SIR XGBoost Model","202503101","F1 score: 0.86, CI[0.78, 0.93]","Computational Method","",""
192953,"192953.27","Salmonella enterica subsp. enterica serovar Stanley strain sg_wt15","amoxicillin/clavulanic acid","Susceptible","","","","","","","","","","","SIR XGBoost Model","202503101","F1 score: 0.96, CI[0.95, 0.97]","Computational Method","",""
192953,"192953.27","Salmonella enterica subsp. enterica serovar Stanley strain sg_wt15","ampicillin","Resistant","","","","","","","","","","","SIR XGBoost Model","202503101","F1 score: 0.93, CI[0.92, 0.93]","Computational Method","",""
192953,"192953.27","Salmonella enterica subsp. enterica serovar Stanley strain sg_wt15","azithromycin","Resistant","","","","","","","","","","","SIR XGBoost Model","202503101","F1 score: 0.92, CI[0.87, 0.98]","Computational Method","",""
192953,"192953.27","Salmonella enterica subsp. enterica serovar Stanley strain sg_wt15","chloramphenicol","Resistant","","","","","","","","","","","SIR XGBoost Model","202503101","F1 score: 0.90, CI[0.88, 0.91]","Computational Method","",""
192953,"192953.27","Salmonella enterica subsp. enterica serovar Stanley strain sg_wt15","ciprofloxacin","Susceptible","","","","","","","","","","","SIR XGBoost Model","202503101","F1 score: 0.95, CI[0.93, 0.96]","Computational Method","",""
192953,"192953.27","Salmonella enterica subsp. enterica serovar Stanley strain sg_wt15","ceftriaxone","Susceptible","","","","","","","","","","","SIR XGBoost Model","202503101","F1 score: 0.98, CI[0.97, 1.00]","Computational Method","",""
192953,"192953.27","Salmonella enterica subsp. enterica serovar Stanley strain sg_wt15","cefotaxime","Resistant","","","","","","","","","","","SIR XGBoost Model","202503101","F1 score: 0.95, CI[0.90, 0.99]","Computational Method","",""
192953,"192953.27","Salmonella enterica subsp. enterica serovar Stanley strain sg_wt15","sulfisoxazole","Resistant","","","","","","","","","","","SIR XGBoost Model","202503101","F1 score: 0.99, CI[0.98, 1.00]","Computational Method","",""
192953,"192953.27","Salmonella enterica subsp. enterica serovar Stanley strain sg_wt15","cefoxitin","Susceptible","","","","","","","","","","","SIR XGBoost Model","202503101","F1 score: 0.96, CI[0.93, 0.99]","Computational Method","",""
192953,"192953.27","Salmonella enterica subsp. enterica serovar Stanley strain sg_wt15","gentamicin","Resistant","","","","","","","","","","","SIR XGBoost Model","202503101","F1 score: 0.92, CI[0.89, 0.95]","Computational Method","",""
192953,"192953.27","Salmonella enterica subsp. enterica serovar Stanley strain sg_wt15","kanamycin","Resistant","","","","","","","","","","","SIR XGBoost Model","202503101","F1 score: 0.86, CI[0.77, 0.95]","Computational Method","",""
192953,"192953.27","Salmonella enterica subsp. enterica serovar Stanley strain sg_wt15","nalidixic acid","Susceptible","","","","","","","","","","","SIR XGBoost Model","202503101","F1 score: 0.95, CI[0.93, 0.96]","Computational Method","",""
192953,"192953.27","Salmonella enterica subsp. enterica serovar Stanley strain sg_wt15","pefloxacin","Susceptible","","","","","","","","","","","SIR XGBoost Model","202503101","F1 score: 0.98, CI[0.96, 1.00]","Computational Method","",""
192953,"192953.27","Salmonella enterica subsp. enterica serovar Stanley strain sg_wt15","sulfamethoxazole","Resistant","","","","","","","","","","","SIR XGBoost Model","202503101","F1 score: 0.95, CI[0.93, 0.97]","Computational Method","",""
192953,"192953.27","Salmonella enterica subsp. enterica serovar Stanley strain sg_wt15","spectinomycin","Resistant","","","","","","","","","","","SIR XGBoost Model","202503101","F1 score: 0.94, CI[0.90, 0.98]","Computational Method","",""
192953,"192953.27","Salmonella enterica subsp. enterica serovar Stanley strain sg_wt15","streptomycin","Resistant","","","","","","","","","","","SIR XGBoost Model","202503101","F1 score: 0.94, CI[0.93, 0.96]","Computational Method","",""
192953,"192953.27","Salmonella enterica subsp. enterica serovar Stanley strain sg_wt15","tetracycline","Resistant","","","","","","","","","","","SIR XGBoost Model","202503101","F1 score: 0.97, CI[0.96, 0.98]","Computational Method","",""
192953,"192953.27","Salmonella enterica subsp. enterica serovar Stanley strain sg_wt15","ceftiofur","Susceptible","","","","","","","","","","","SIR XGBoost Model","202503101","F1 score: 0.98, CI[0.97, 1.00]","Computational Method","",""
192953,"192953.27","Salmonella enterica subsp. enterica serovar Stanley strain sg_wt15","trimethoprim","Resistant","","","","","","","","","","","SIR XGBoost Model","202503101","F1 score: 0.86, CI[0.78, 0.93]","Computational Method","",""
192953,"192953.28","Salmonella enterica subsp. enterica serovar Stanley strain sg_wt13","amoxicillin/clavulanic acid","Susceptible","","","","","","","","","","","SIR XGBoost Model","202503101","F1 score: 0.96, CI[0.95, 0.97]","Computational Method","",""
192953,"192953.28","Salmonella enterica subsp. enterica serovar Stanley strain sg_wt13","ampicillin","Resistant","","","","","","","","","","","SIR XGBoost Model","202503101","F1 score: 0.93, CI[0.92, 0.93]","Computational Method","",""
192953,"192953.28","Salmonella enterica subsp. enterica serovar Stanley strain sg_wt13","azithromycin","Resistant","","","","","","","","","","","SIR XGBoost Model","202503101","F1 score: 0.92, CI[0.87, 0.98]","Computational Method","",""
192953,"192953.28","Salmonella enterica subsp. enterica serovar Stanley strain sg_wt13","chloramphenicol","Resistant","","","","","","","","","","","SIR XGBoost Model","202503101","F1 score: 0.90, CI[0.88, 0.91]","Computational Method","",""
192953,"192953.28","Salmonella enterica subsp. enterica serovar Stanley strain sg_wt13","ciprofloxacin","Susceptible","","","","","","","","","","","SIR XGBoost Model","202503101","F1 score: 0.95, CI[0.93, 0.96]","Computational Method","",""
192953,"192953.28","Salmonella enterica subsp. enterica serovar Stanley strain sg_wt13","ceftriaxone","Susceptible","","","","","","","","","","","SIR XGBoost Model","202503101","F1 score: 0.98, CI[0.97, 1.00]","Computational Method","",""
192953,"192953.28","Salmonella enterica subsp. enterica serovar Stanley strain sg_wt13","cefotaxime","Resistant","","","","","","","","","","","SIR XGBoost Model","202503101","F1 score: 0.95, CI[0.90, 0.99]","Computational Method","",""
192953,"192953.28","Salmonella enterica subsp. enterica serovar Stanley strain sg_wt13","sulfisoxazole","Resistant","","","","","","","","","","","SIR XGBoost Model","202503101","F1 score: 0.99, CI[0.98, 1.00]","Computational Method","",""
192953,"192953.28","Salmonella enterica subsp. enterica serovar Stanley strain sg_wt13","cefoxitin","Susceptible","","","","","","","","","","","SIR XGBoost Model","202503101","F1 score: 0.96, CI[0.93, 0.99]","Computational Method","",""
192953,"192953.28","Salmonella enterica subsp. enterica serovar Stanley strain sg_wt13","gentamicin","Resistant","","","","","","","","","","","SIR XGBoost Model","202503101","F1 score: 0.92, CI[0.89, 0.95]","Computational Method","",""
192953,"192953.28","Salmonella enterica subsp. enterica serovar Stanley strain sg_wt13","kanamycin","Resistant","","","","","","","","","","","SIR XGBoost Model","202503101","F1 score: 0.86, CI[0.77, 0.95]","Computational Method","",""
192953,"192953.28","Salmonella enterica subsp. enterica serovar Stanley strain sg_wt13","nalidixic acid","Susceptible","","","","","","","","","","","SIR XGBoost Model","202503101","F1 score: 0.95, CI[0.93, 0.96]","Computational Method","",""
192953,"192953.28","Salmonella enterica subsp. enterica serovar Stanley strain sg_wt13","pefloxacin","Susceptible","","","","","","","","","","","SIR XGBoost Model","202503101","F1 score: 0.98, CI[0.96, 1.00]","Computational Method","",""
192953,"192953.28","Salmonella enterica subsp. enterica serovar Stanley strain sg_wt13","sulfamethoxazole","Resistant","","","","","","","","","","","SIR XGBoost Model","202503101","F1 score: 0.95, CI[0.93, 0.97]","Computational Method","",""
192953,"192953.28","Salmonella enterica subsp. enterica serovar Stanley strain sg_wt13","spectinomycin","Resistant","","","","","","","","","","","SIR XGBoost Model","202503101","F1 score: 0.94, CI[0.90, 0.98]","Computational Method","",""
192953,"192953.28","Salmonella enterica subsp. enterica serovar Stanley strain sg_wt13","streptomycin","Resistant","","","","","","","","","","","SIR XGBoost Model","202503101","F1 score: 0.94, CI[0.93, 0.96]","Computational Method","",""
192953,"192953.28","Salmonella enterica subsp. enterica serovar Stanley strain sg_wt13","tetracycline","Resistant","","","","","","","","","","","SIR XGBoost Model","202503101","F1 score: 0.97, CI[0.96, 0.98]","Computational Method","",""
192953,"192953.28","Salmonella enterica subsp. enterica serovar Stanley strain sg_wt13","ceftiofur","Susceptible","","","","","","","","","","","SIR XGBoost Model","202503101","F1 score: 0.98, CI[0.97, 1.00]","Computational Method","",""
192953,"192953.28","Salmonella enterica subsp. enterica serovar Stanley strain sg_wt13","trimethoprim","Resistant","","","","","","","","","","","SIR XGBoost Model","202503101","F1 score: 0.86, CI[0.78, 0.93]","Computational Method","",""
192953,"192953.29","Salmonella enterica subsp. enterica serovar Stanley strain SL_66_D001","amoxicillin/clavulanic acid","Susceptible","","","","","","","","","","","SIR XGBoost Model","202503101","F1 score: 0.96, CI[0.95, 0.97]","Computational Method","",""
192953,"192953.29","Salmonella enterica subsp. enterica serovar Stanley strain SL_66_D001","ampicillin","Susceptible","","","","","","","","","","","SIR XGBoost Model","202503101","F1 score: 0.93, CI[0.92, 0.93]","Computational Method","",""
192953,"192953.29","Salmonella enterica subsp. enterica serovar Stanley strain SL_66_D001","azithromycin","Susceptible","","","","","","","","","","","SIR XGBoost Model","202503101","F1 score: 0.92, CI[0.87, 0.98]","Computational Method","",""
192953,"192953.29","Salmonella enterica subsp. enterica serovar Stanley strain SL_66_D001","chloramphenicol","Susceptible","","","","","","","","","","","SIR XGBoost Model","202503101","F1 score: 0.90, CI[0.88, 0.91]","Computational Method","",""
192953,"192953.29","Salmonella enterica subsp. enterica serovar Stanley strain SL_66_D001","ciprofloxacin","Susceptible","","","","","","","","","","","SIR XGBoost Model","202503101","F1 score: 0.95, CI[0.93, 0.96]","Computational Method","",""
192953,"192953.29","Salmonella enterica subsp. enterica serovar Stanley strain SL_66_D001","ceftriaxone","Susceptible","","","","","","","","","","","SIR XGBoost Model","202503101","F1 score: 0.98, CI[0.97, 1.00]","Computational Method","",""
192953,"192953.29","Salmonella enterica subsp. enterica serovar Stanley strain SL_66_D001","cefotaxime","Susceptible","","","","","","","","","","","SIR XGBoost Model","202503101","F1 score: 0.95, CI[0.90, 0.99]","Computational Method","",""
192953,"192953.29","Salmonella enterica subsp. enterica serovar Stanley strain SL_66_D001","sulfisoxazole","Susceptible","","","","","","","","","","","SIR XGBoost Model","202503101","F1 score: 0.99, CI[0.98, 1.00]","Computational Method","",""
192953,"192953.29","Salmonella enterica subsp. enterica serovar Stanley strain SL_66_D001","cefoxitin","Susceptible","","","","","","","","","","","SIR XGBoost Model","202503101","F1 score: 0.96, CI[0.93, 0.99]","Computational Method","",""
192953,"192953.29","Salmonella enterica subsp. enterica serovar Stanley strain SL_66_D001","gentamicin","Susceptible","","","","","","","","","","","SIR XGBoost Model","202503101","F1 score: 0.92, CI[0.89, 0.95]","Computational Method","",""
192953,"192953.29","Salmonella enterica subsp. enterica serovar Stanley strain SL_66_D001","kanamycin","Susceptible","","","","","","","","","","","SIR XGBoost Model","202503101","F1 score: 0.86, CI[0.77, 0.95]","Computational Method","",""
192953,"192953.29","Salmonella enterica subsp. enterica serovar Stanley strain SL_66_D001","nalidixic acid","Susceptible","","","","","","","","","","","SIR XGBoost Model","202503101","F1 score: 0.95, CI[0.93, 0.96]","Computational Method","",""
192953,"192953.29","Salmonella enterica subsp. enterica serovar Stanley strain SL_66_D001","pefloxacin","Susceptible","","","","","","","","","","","SIR XGBoost Model","202503101","F1 score: 0.98, CI[0.96, 1.00]","Computational Method","",""
192953,"192953.29","Salmonella enterica subsp. enterica serovar Stanley strain SL_66_D001","sulfamethoxazole","Susceptible","","","","","","","","","","","SIR XGBoost Model","202503101","F1 score: 0.95, CI[0.93, 0.97]","Computational Method","",""
192953,"192953.29","Salmonella enterica subsp. enterica serovar Stanley strain SL_66_D001","spectinomycin","Susceptible","","","","","","","","","","","SIR XGBoost Model","202503101","F1 score: 0.94, CI[0.90, 0.98]","Computational Method","",""
192953,"192953.29","Salmonella enterica subsp. enterica serovar Stanley strain SL_66_D001","streptomycin","Susceptible","","","","","","","","","","","SIR XGBoost Model","202503101","F1 score: 0.94, CI[0.93, 0.96]","Computational Method","",""
192953,"192953.29","Salmonella enterica subsp. enterica serovar Stanley strain SL_66_D001","tetracycline","Susceptible","","","","","","","","","","","SIR XGBoost Model","202503101","F1 score: 0.97, CI[0.96, 0.98]","Computational Method","",""
192953,"192953.29","Salmonella enterica subsp. enterica serovar Stanley strain SL_66_D001","ceftiofur","Susceptible","","","","","","","","","","","SIR XGBoost Model","202503101","F1 score: 0.98, CI[0.97, 1.00]","Computational Method","",""
192953,"192953.29","Salmonella enterica subsp. enterica serovar Stanley strain SL_66_D001","trimethoprim","Susceptible","","","","","","","","","","","SIR XGBoost Model","202503101","F1 score: 0.86, CI[0.78, 0.93]","Computational Method","",""
192953,"192953.30","Salmonella enterica subsp. enterica serovar Stanley strain UPM 517","amoxicillin/clavulanic acid","Susceptible","","","","","","","","","","","SIR XGBoost Model","202503101","F1 score: 0.96, CI[0.95, 0.97]","Computational Method","",""
192953,"192953.30","Salmonella enterica subsp. enterica serovar Stanley strain UPM 517","ampicillin","Susceptible","","","","","","","","","","","SIR XGBoost Model","202503101","F1 score: 0.93, CI[0.92, 0.93]","Computational Method","",""
192953,"192953.30","Salmonella enterica subsp. enterica serovar Stanley strain UPM 517","azithromycin","Susceptible","","","","","","","","","","","SIR XGBoost Model","202503101","F1 score: 0.92, CI[0.87, 0.98]","Computational Method","",""
192953,"192953.30","Salmonella enterica subsp. enterica serovar Stanley strain UPM 517","chloramphenicol","Susceptible","","","","","","","","","","","SIR XGBoost Model","202503101","F1 score: 0.90, CI[0.88, 0.91]","Computational Method","",""
192953,"192953.30","Salmonella enterica subsp. enterica serovar Stanley strain UPM 517","ciprofloxacin","Susceptible","","","","","","","","","","","SIR XGBoost Model","202503101","F1 score: 0.95, CI[0.93, 0.96]","Computational Method","",""
192953,"192953.30","Salmonella enterica subsp. enterica serovar Stanley strain UPM 517","ceftriaxone","Susceptible","","","","","","","","","","","SIR XGBoost Model","202503101","F1 score: 0.98, CI[0.97, 1.00]","Computational Method","",""
192953,"192953.30","Salmonella enterica subsp. enterica serovar Stanley strain UPM 517","cefotaxime","Susceptible","","","","","","","","","","","SIR XGBoost Model","202503101","F1 score: 0.95, CI[0.90, 0.99]","Computational Method","",""
192953,"192953.30","Salmonella enterica subsp. enterica serovar Stanley strain UPM 517","sulfisoxazole","Susceptible","","","","","","","","","","","SIR XGBoost Model","202503101","F1 score: 0.99, CI[0.98, 1.00]","Computational Method","",""
192953,"192953.30","Salmonella enterica subsp. enterica serovar Stanley strain UPM 517","cefoxitin","Susceptible","","","","","","","","","","","SIR XGBoost Model","202503101","F1 score: 0.96, CI[0.93, 0.99]","Computational Method","",""
192953,"192953.30","Salmonella enterica subsp. enterica serovar Stanley strain UPM 517","gentamicin","Susceptible","","","","","","","","","","","SIR XGBoost Model","202503101","F1 score: 0.92, CI[0.89, 0.95]","Computational Method","",""
192953,"192953.30","Salmonella enterica subsp. enterica serovar Stanley strain UPM 517","kanamycin","Susceptible","","","","","","","","","","","SIR XGBoost Model","202503101","F1 score: 0.86, CI[0.77, 0.95]","Computational Method","",""
192953,"192953.30","Salmonella enterica subsp. enterica serovar Stanley strain UPM 517","nalidixic acid","Susceptible","","","","","","","","","","","SIR XGBoost Model","202503101","F1 score: 0.95, CI[0.93, 0.96]","Computational Method","",""
192953,"192953.30","Salmonella enterica subsp. enterica serovar Stanley strain UPM 517","pefloxacin","Susceptible","","","","","","","","","","","SIR XGBoost Model","202503101","F1 score: 0.98, CI[0.96, 1.00]","Computational Method","",""
192953,"192953.30","Salmonella enterica subsp. enterica serovar Stanley strain UPM 517","sulfamethoxazole","Susceptible","","","","","","","","","","","SIR XGBoost Model","202503101","F1 score: 0.95, CI[0.93, 0.97]","Computational Method","",""
192953,"192953.30","Salmonella enterica subsp. enterica serovar Stanley strain UPM 517","spectinomycin","Susceptible","","","","","","","","","","","SIR XGBoost Model","202503101","F1 score: 0.94, CI[0.90, 0.98]","Computational Method","",""
192953,"192953.30","Salmonella enterica subsp. enterica serovar Stanley strain UPM 517","streptomycin","Susceptible","","","","","","","","","","","SIR XGBoost Model","202503101","F1 score: 0.94, CI[0.93, 0.96]","Computational Method","",""
192953,"192953.30","Salmonella enterica subsp. enterica serovar Stanley strain UPM 517","tetracycline","Susceptible","","","","","","","","","","","SIR XGBoost Model","202503101","F1 score: 0.97, CI[0.96, 0.98]","Computational Method","",""
192953,"192953.30","Salmonella enterica subsp. enterica serovar Stanley strain UPM 517","ceftiofur","Susceptible","","","","","","","","","","","SIR XGBoost Model","202503101","F1 score: 0.98, CI[0.97, 1.00]","Computational Method","",""
192953,"192953.30","Salmonella enterica subsp. enterica serovar Stanley strain UPM 517","trimethoprim","Susceptible","","","","","","","","","","","SIR XGBoost Model","202503101","F1 score: 0.86, CI[0.78, 0.93]","Computational Method","",""
192953,"192953.4","Salmonella enterica subsp. enterica serovar Stanley strain DMS 1112","amoxicillin/clavulanic acid","Susceptible","","","","","","","","","","","SIR XGBoost Model","202503101","F1 score: 0.96, CI[0.95, 0.97]","Computational Method","",""
192953,"192953.4","Salmonella enterica subsp. enterica serovar Stanley strain DMS 1112","ampicillin","Susceptible","","","","","","","","","","","SIR XGBoost Model","202503101","F1 score: 0.93, CI[0.92, 0.93]","Computational Method","",""
192953,"192953.4","Salmonella enterica subsp. enterica serovar Stanley strain DMS 1112","azithromycin","Susceptible","","","","","","","","","","","SIR XGBoost Model","202503101","F1 score: 0.92, CI[0.87, 0.98]","Computational Method","",""
192953,"192953.4","Salmonella enterica subsp. enterica serovar Stanley strain DMS 1112","chloramphenicol","Susceptible","","","","","","","","","","","SIR XGBoost Model","202503101","F1 score: 0.90, CI[0.88, 0.91]","Computational Method","",""
192953,"192953.4","Salmonella enterica subsp. enterica serovar Stanley strain DMS 1112","ciprofloxacin","Susceptible","","","","","","","","","","","SIR XGBoost Model","202503101","F1 score: 0.95, CI[0.93, 0.96]","Computational Method","",""
192953,"192953.4","Salmonella enterica subsp. enterica serovar Stanley strain DMS 1112","ceftriaxone","Susceptible","","","","","","","","","","","SIR XGBoost Model","202503101","F1 score: 0.98, CI[0.97, 1.00]","Computational Method","",""
192953,"192953.4","Salmonella enterica subsp. enterica serovar Stanley strain DMS 1112","cefotaxime","Susceptible","","","","","","","","","","","SIR XGBoost Model","202503101","F1 score: 0.95, CI[0.90, 0.99]","Computational Method","",""
192953,"192953.4","Salmonella enterica subsp. enterica serovar Stanley strain DMS 1112","sulfisoxazole","Resistant","","","","","","","","","","","SIR XGBoost Model","202503101","F1 score: 0.99, CI[0.98, 1.00]","Computational Method","",""
192953,"192953.4","Salmonella enterica subsp. enterica serovar Stanley strain DMS 1112","cefoxitin","Susceptible","","","","","","","","","","","SIR XGBoost Model","202503101","F1 score: 0.96, CI[0.93, 0.99]","Computational Method","",""
192953,"192953.4","Salmonella enterica subsp. enterica serovar Stanley strain DMS 1112","gentamicin","Susceptible","","","","","","","","","","","SIR XGBoost Model","202503101","F1 score: 0.92, CI[0.89, 0.95]","Computational Method","",""
192953,"192953.4","Salmonella enterica subsp. enterica serovar Stanley strain DMS 1112","kanamycin","Susceptible","","","","","","","","","","","SIR XGBoost Model","202503101","F1 score: 0.86, CI[0.77, 0.95]","Computational Method","",""
192953,"192953.4","Salmonella enterica subsp. enterica serovar Stanley strain DMS 1112","nalidixic acid","Susceptible","","","","","","","","","","","SIR XGBoost Model","202503101","F1 score: 0.95, CI[0.93, 0.96]","Computational Method","",""
192953,"192953.4","Salmonella enterica subsp. enterica serovar Stanley strain DMS 1112","pefloxacin","Susceptible","","","","","","","","","","","SIR XGBoost Model","202503101","F1 score: 0.98, CI[0.96, 1.00]","Computational Method","",""
192953,"192953.4","Salmonella enterica subsp. enterica serovar Stanley strain DMS 1112","sulfamethoxazole","Resistant","","","","","","","","","","","SIR XGBoost Model","202503101","F1 score: 0.95, CI[0.93, 0.97]","Computational Method","",""
192953,"192953.4","Salmonella enterica subsp. enterica serovar Stanley strain DMS 1112","spectinomycin","Susceptible","","","","","","","","","","","SIR XGBoost Model","202503101","F1 score: 0.94, CI[0.90, 0.98]","Computational Method","",""
192953,"192953.4","Salmonella enterica subsp. enterica serovar Stanley strain DMS 1112","streptomycin","Resistant","","","","","","","","","","","SIR XGBoost Model","202503101","F1 score: 0.94, CI[0.93, 0.96]","Computational Method","",""
192953,"192953.4","Salmonella enterica subsp. enterica serovar Stanley strain DMS 1112","tetracycline","Resistant","","","","","","","","","","","SIR XGBoost Model","202503101","F1 score: 0.97, CI[0.96, 0.98]","Computational Method","",""
192953,"192953.4","Salmonella enterica subsp. enterica serovar Stanley strain DMS 1112","ceftiofur","Susceptible","","","","","","","","","","","SIR XGBoost Model","202503101","F1 score: 0.98, CI[0.97, 1.00]","Computational Method","",""
192953,"192953.4","Salmonella enterica subsp. enterica serovar Stanley strain DMS 1112","trimethoprim","Susceptible","","","","","","","","","","","SIR XGBoost Model","202503101","F1 score: 0.86, CI[0.78, 0.93]","Computational Method","",""
192953,"192953.5","Salmonella enterica subsp. enterica serovar Stanley strain BCW_2786","amoxicillin/clavulanic acid","Susceptible","","","","","","","","","","","SIR XGBoost Model","202503101","F1 score: 0.96, CI[0.95, 0.97]","Computational Method","",""
192953,"192953.5","Salmonella enterica subsp. enterica serovar Stanley strain BCW_2786","ampicillin","Resistant","","","","","","","","","","","SIR XGBoost Model","202503101","F1 score: 0.93, CI[0.92, 0.93]","Computational Method","",""
192953,"192953.5","Salmonella enterica subsp. enterica serovar Stanley strain BCW_2786","azithromycin","Susceptible","","","","","","","","","","","SIR XGBoost Model","202503101","F1 score: 0.92, CI[0.87, 0.98]","Computational Method","",""
192953,"192953.5","Salmonella enterica subsp. enterica serovar Stanley strain BCW_2786","chloramphenicol","Susceptible","","","","","","","","","","","SIR XGBoost Model","202503101","F1 score: 0.90, CI[0.88, 0.91]","Computational Method","",""
192953,"192953.5","Salmonella enterica subsp. enterica serovar Stanley strain BCW_2786","ciprofloxacin","Susceptible","","","","","","","","","","","SIR XGBoost Model","202503101","F1 score: 0.95, CI[0.93, 0.96]","Computational Method","",""
192953,"192953.5","Salmonella enterica subsp. enterica serovar Stanley strain BCW_2786","ceftriaxone","Susceptible","","","","","","","","","","","SIR XGBoost Model","202503101","F1 score: 0.98, CI[0.97, 1.00]","Computational Method","",""
192953,"192953.5","Salmonella enterica subsp. enterica serovar Stanley strain BCW_2786","cefotaxime","Susceptible","","","","","","","","","","","SIR XGBoost Model","202503101","F1 score: 0.95, CI[0.90, 0.99]","Computational Method","",""
192953,"192953.5","Salmonella enterica subsp. enterica serovar Stanley strain BCW_2786","sulfisoxazole","Susceptible","","","","","","","","","","","SIR XGBoost Model","202503101","F1 score: 0.99, CI[0.98, 1.00]","Computational Method","",""
192953,"192953.5","Salmonella enterica subsp. enterica serovar Stanley strain BCW_2786","cefoxitin","Susceptible","","","","","","","","","","","SIR XGBoost Model","202503101","F1 score: 0.96, CI[0.93, 0.99]","Computational Method","",""
192953,"192953.5","Salmonella enterica subsp. enterica serovar Stanley strain BCW_2786","gentamicin","Susceptible","","","","","","","","","","","SIR XGBoost Model","202503101","F1 score: 0.92, CI[0.89, 0.95]","Computational Method","",""
192953,"192953.5","Salmonella enterica subsp. enterica serovar Stanley strain BCW_2786","kanamycin","Susceptible","","","","","","","","","","","SIR XGBoost Model","202503101","F1 score: 0.86, CI[0.77, 0.95]","Computational Method","",""
192953,"192953.5","Salmonella enterica subsp. enterica serovar Stanley strain BCW_2786","nalidixic acid","Susceptible","","","","","","","","","","","SIR XGBoost Model","202503101","F1 score: 0.95, CI[0.93, 0.96]","Computational Method","",""
192953,"192953.5","Salmonella enterica subsp. enterica serovar Stanley strain BCW_2786","pefloxacin","Susceptible","","","","","","","","","","","SIR XGBoost Model","202503101","F1 score: 0.98, CI[0.96, 1.00]","Computational Method","",""
192953,"192953.5","Salmonella enterica subsp. enterica serovar Stanley strain BCW_2786","sulfamethoxazole","Susceptible","","","","","","","","","","","SIR XGBoost Model","202503101","F1 score: 0.95, CI[0.93, 0.97]","Computational Method","",""
192953,"192953.5","Salmonella enterica subsp. enterica serovar Stanley strain BCW_2786","spectinomycin","Susceptible","","","","","","","","","","","SIR XGBoost Model","202503101","F1 score: 0.94, CI[0.90, 0.98]","Computational Method","",""
192953,"192953.5","Salmonella enterica subsp. enterica serovar Stanley strain BCW_2786","streptomycin","Susceptible","","","","","","","","","","","SIR XGBoost Model","202503101","F1 score: 0.94, CI[0.93, 0.96]","Computational Method","",""
192953,"192953.5","Salmonella enterica subsp. enterica serovar Stanley strain BCW_2786","tetracycline","Resistant","","","","","","","","","","","SIR XGBoost Model","202503101","F1 score: 0.97, CI[0.96, 0.98]","Computational Method","",""
192953,"192953.5","Salmonella enterica subsp. enterica serovar Stanley strain BCW_2786","ceftiofur","Susceptible","","","","","","","","","","","SIR XGBoost Model","202503101","F1 score: 0.98, CI[0.97, 1.00]","Computational Method","",""
192953,"192953.5","Salmonella enterica subsp. enterica serovar Stanley strain BCW_2786","trimethoprim","Susceptible","","","","","","","","","","","SIR XGBoost Model","202503101","F1 score: 0.86, CI[0.78, 0.93]","Computational Method","",""
192953,"192953.6","Salmonella enterica subsp. enterica serovar Stanley strain BCW_2782","amoxicillin/clavulanic acid","Susceptible","","","","","","","","","","","SIR XGBoost Model","202503101","F1 score: 0.96, CI[0.95, 0.97]","Computational Method","",""
192953,"192953.6","Salmonella enterica subsp. enterica serovar Stanley strain BCW_2782","ampicillin","Susceptible","","","","","","","","","","","SIR XGBoost Model","202503101","F1 score: 0.93, CI[0.92, 0.93]","Computational Method","",""
192953,"192953.6","Salmonella enterica subsp. enterica serovar Stanley strain BCW_2782","azithromycin","Susceptible","","","","","","","","","","","SIR XGBoost Model","202503101","F1 score: 0.92, CI[0.87, 0.98]","Computational Method","",""
192953,"192953.6","Salmonella enterica subsp. enterica serovar Stanley strain BCW_2782","chloramphenicol","Resistant","","","","","","","","","","","SIR XGBoost Model","202503101","F1 score: 0.90, CI[0.88, 0.91]","Computational Method","",""
192953,"192953.6","Salmonella enterica subsp. enterica serovar Stanley strain BCW_2782","ciprofloxacin","Susceptible","","","","","","","","","","","SIR XGBoost Model","202503101","F1 score: 0.95, CI[0.93, 0.96]","Computational Method","",""
192953,"192953.6","Salmonella enterica subsp. enterica serovar Stanley strain BCW_2782","ceftriaxone","Susceptible","","","","","","","","","","","SIR XGBoost Model","202503101","F1 score: 0.98, CI[0.97, 1.00]","Computational Method","",""
192953,"192953.6","Salmonella enterica subsp. enterica serovar Stanley strain BCW_2782","cefotaxime","Susceptible","","","","","","","","","","","SIR XGBoost Model","202503101","F1 score: 0.95, CI[0.90, 0.99]","Computational Method","",""
192953,"192953.6","Salmonella enterica subsp. enterica serovar Stanley strain BCW_2782","sulfisoxazole","Resistant","","","","","","","","","","","SIR XGBoost Model","202503101","F1 score: 0.99, CI[0.98, 1.00]","Computational Method","",""
192953,"192953.6","Salmonella enterica subsp. enterica serovar Stanley strain BCW_2782","cefoxitin","Susceptible","","","","","","","","","","","SIR XGBoost Model","202503101","F1 score: 0.96, CI[0.93, 0.99]","Computational Method","",""
192953,"192953.6","Salmonella enterica subsp. enterica serovar Stanley strain BCW_2782","gentamicin","Susceptible","","","","","","","","","","","SIR XGBoost Model","202503101","F1 score: 0.92, CI[0.89, 0.95]","Computational Method","",""
192953,"192953.6","Salmonella enterica subsp. enterica serovar Stanley strain BCW_2782","kanamycin","Susceptible","","","","","","","","","","","SIR XGBoost Model","202503101","F1 score: 0.86, CI[0.77, 0.95]","Computational Method","",""
192953,"192953.6","Salmonella enterica subsp. enterica serovar Stanley strain BCW_2782","nalidixic acid","Susceptible","","","","","","","","","","","SIR XGBoost Model","202503101","F1 score: 0.95, CI[0.93, 0.96]","Computational Method","",""
192953,"192953.6","Salmonella enterica subsp. enterica serovar Stanley strain BCW_2782","pefloxacin","Susceptible","","","","","","","","","","","SIR XGBoost Model","202503101","F1 score: 0.98, CI[0.96, 1.00]","Computational Method","",""
192953,"192953.6","Salmonella enterica subsp. enterica serovar Stanley strain BCW_2782","sulfamethoxazole","Resistant","","","","","","","","","","","SIR XGBoost Model","202503101","F1 score: 0.95, CI[0.93, 0.97]","Computational Method","",""
192953,"192953.6","Salmonella enterica subsp. enterica serovar Stanley strain BCW_2782","spectinomycin","Resistant","","","","","","","","","","","SIR XGBoost Model","202503101","F1 score: 0.94, CI[0.90, 0.98]","Computational Method","",""
192953,"192953.6","Salmonella enterica subsp. enterica serovar Stanley strain BCW_2782","streptomycin","Resistant","","","","","","","","","","","SIR XGBoost Model","202503101","F1 score: 0.94, CI[0.93, 0.96]","Computational Method","",""
192953,"192953.6","Salmonella enterica subsp. enterica serovar Stanley strain BCW_2782","tetracycline","Resistant","","","","","","","","","","","SIR XGBoost Model","202503101","F1 score: 0.97, CI[0.96, 0.98]","Computational Method","",""
192953,"192953.6","Salmonella enterica subsp. enterica serovar Stanley strain BCW_2782","ceftiofur","Susceptible","","","","","","","","","","","SIR XGBoost Model","202503101","F1 score: 0.98, CI[0.97, 1.00]","Computational Method","",""
192953,"192953.6","Salmonella enterica subsp. enterica serovar Stanley strain BCW_2782","trimethoprim","Susceptible","","","","","","","","","","","SIR XGBoost Model","202503101","F1 score: 0.86, CI[0.78, 0.93]","Computational Method","",""
192953,"192953.7","Salmonella enterica subsp. enterica serovar Stanley strain BCW_2784","amoxicillin/clavulanic acid","Susceptible","","","","","","","","","","","SIR XGBoost Model","202503101","F1 score: 0.96, CI[0.95, 0.97]","Computational Method","",""
192953,"192953.7","Salmonella enterica subsp. enterica serovar Stanley strain BCW_2784","ampicillin","Susceptible","","","","","","","","","","","SIR XGBoost Model","202503101","F1 score: 0.93, CI[0.92, 0.93]","Computational Method","",""
192953,"192953.7","Salmonella enterica subsp. enterica serovar Stanley strain BCW_2784","azithromycin","Susceptible","","","","","","","","","","","SIR XGBoost Model","202503101","F1 score: 0.92, CI[0.87, 0.98]","Computational Method","",""
192953,"192953.7","Salmonella enterica subsp. enterica serovar Stanley strain BCW_2784","chloramphenicol","Susceptible","","","","","","","","","","","SIR XGBoost Model","202503101","F1 score: 0.90, CI[0.88, 0.91]","Computational Method","",""
192953,"192953.7","Salmonella enterica subsp. enterica serovar Stanley strain BCW_2784","ciprofloxacin","Susceptible","","","","","","","","","","","SIR XGBoost Model","202503101","F1 score: 0.95, CI[0.93, 0.96]","Computational Method","",""
192953,"192953.7","Salmonella enterica subsp. enterica serovar Stanley strain BCW_2784","ceftriaxone","Susceptible","","","","","","","","","","","SIR XGBoost Model","202503101","F1 score: 0.98, CI[0.97, 1.00]","Computational Method","",""
192953,"192953.7","Salmonella enterica subsp. enterica serovar Stanley strain BCW_2784","cefotaxime","Susceptible","","","","","","","","","","","SIR XGBoost Model","202503101","F1 score: 0.95, CI[0.90, 0.99]","Computational Method","",""
192953,"192953.7","Salmonella enterica subsp. enterica serovar Stanley strain BCW_2784","sulfisoxazole","Susceptible","","","","","","","","","","","SIR XGBoost Model","202503101","F1 score: 0.99, CI[0.98, 1.00]","Computational Method","",""
192953,"192953.7","Salmonella enterica subsp. enterica serovar Stanley strain BCW_2784","cefoxitin","Susceptible","","","","","","","","","","","SIR XGBoost Model","202503101","F1 score: 0.96, CI[0.93, 0.99]","Computational Method","",""
192953,"192953.7","Salmonella enterica subsp. enterica serovar Stanley strain BCW_2784","gentamicin","Susceptible","","","","","","","","","","","SIR XGBoost Model","202503101","F1 score: 0.92, CI[0.89, 0.95]","Computational Method","",""
192953,"192953.7","Salmonella enterica subsp. enterica serovar Stanley strain BCW_2784","kanamycin","Susceptible","","","","","","","","","","","SIR XGBoost Model","202503101","F1 score: 0.86, CI[0.77, 0.95]","Computational Method","",""
192953,"192953.7","Salmonella enterica subsp. enterica serovar Stanley strain BCW_2784","nalidixic acid","Susceptible","","","","","","","","","","","SIR XGBoost Model","202503101","F1 score: 0.95, CI[0.93, 0.96]","Computational Method","",""
192953,"192953.7","Salmonella enterica subsp. enterica serovar Stanley strain BCW_2784","pefloxacin","Susceptible","","","","","","","","","","","SIR XGBoost Model","202503101","F1 score: 0.98, CI[0.96, 1.00]","Computational Method","",""
192953,"192953.7","Salmonella enterica subsp. enterica serovar Stanley strain BCW_2784","sulfamethoxazole","Susceptible","","","","","","","","","","","SIR XGBoost Model","202503101","F1 score: 0.95, CI[0.93, 0.97]","Computational Method","",""
192953,"192953.7","Salmonella enterica subsp. enterica serovar Stanley strain BCW_2784","spectinomycin","Susceptible","","","","","","","","","","","SIR XGBoost Model","202503101","F1 score: 0.94, CI[0.90, 0.98]","Computational Method","",""
192953,"192953.7","Salmonella enterica subsp. enterica serovar Stanley strain BCW_2784","streptomycin","Susceptible","","","","","","","","","","","SIR XGBoost Model","202503101","F1 score: 0.94, CI[0.93, 0.96]","Computational Method","",""
192953,"192953.7","Salmonella enterica subsp. enterica serovar Stanley strain BCW_2784","tetracycline","Susceptible","","","","","","","","","","","SIR XGBoost Model","202503101","F1 score: 0.97, CI[0.96, 0.98]","Computational Method","",""
192953,"192953.7","Salmonella enterica subsp. enterica serovar Stanley strain BCW_2784","ceftiofur","Susceptible","","","","","","","","","","","SIR XGBoost Model","202503101","F1 score: 0.98, CI[0.97, 1.00]","Computational Method","",""
192953,"192953.7","Salmonella enterica subsp. enterica serovar Stanley strain BCW_2784","trimethoprim","Susceptible","","","","","","","","","","","SIR XGBoost Model","202503101","F1 score: 0.86, CI[0.78, 0.93]","Computational Method","",""
192953,"192953.70","Salmonella enterica subsp. enterica serovar Stanley 21-SA00706-1","amoxicillin/clavulanic acid","Susceptible","","","","","","","","","","","SIR XGBoost Model","202503101","F1 score: 0.96, CI[0.95, 0.97]","Computational Method","",""
192953,"192953.70","Salmonella enterica subsp. enterica serovar Stanley 21-SA00706-1","ampicillin","Susceptible","","","","","","","","","","","SIR XGBoost Model","202503101","F1 score: 0.93, CI[0.92, 0.93]","Computational Method","",""
192953,"192953.70","Salmonella enterica subsp. enterica serovar Stanley 21-SA00706-1","azithromycin","Susceptible","","","","","","","","","","","SIR XGBoost Model","202503101","F1 score: 0.92, CI[0.87, 0.98]","Computational Method","",""
192953,"192953.70","Salmonella enterica subsp. enterica serovar Stanley 21-SA00706-1","chloramphenicol","Resistant","","","","","","","","","","","SIR XGBoost Model","202503101","F1 score: 0.90, CI[0.88, 0.91]","Computational Method","",""
192953,"192953.70","Salmonella enterica subsp. enterica serovar Stanley 21-SA00706-1","ciprofloxacin","Susceptible","","","","","","","","","","","SIR XGBoost Model","202503101","F1 score: 0.95, CI[0.93, 0.96]","Computational Method","",""
192953,"192953.70","Salmonella enterica subsp. enterica serovar Stanley 21-SA00706-1","ceftriaxone","Susceptible","","","","","","","","","","","SIR XGBoost Model","202503101","F1 score: 0.98, CI[0.97, 1.00]","Computational Method","",""
192953,"192953.70","Salmonella enterica subsp. enterica serovar Stanley 21-SA00706-1","cefotaxime","Susceptible","","","","","","","","","","","SIR XGBoost Model","202503101","F1 score: 0.95, CI[0.90, 0.99]","Computational Method","",""
192953,"192953.70","Salmonella enterica subsp. enterica serovar Stanley 21-SA00706-1","sulfisoxazole","Susceptible","","","","","","","","","","","SIR XGBoost Model","202503101","F1 score: 0.99, CI[0.98, 1.00]","Computational Method","",""
192953,"192953.70","Salmonella enterica subsp. enterica serovar Stanley 21-SA00706-1","cefoxitin","Susceptible","","","","","","","","","","","SIR XGBoost Model","202503101","F1 score: 0.96, CI[0.93, 0.99]","Computational Method","",""
192953,"192953.70","Salmonella enterica subsp. enterica serovar Stanley 21-SA00706-1","gentamicin","Resistant","","","","","","","","","","","SIR XGBoost Model","202503101","F1 score: 0.92, CI[0.89, 0.95]","Computational Method","",""
192953,"192953.70","Salmonella enterica subsp. enterica serovar Stanley 21-SA00706-1","kanamycin","Susceptible","","","","","","","","","","","SIR XGBoost Model","202503101","F1 score: 0.86, CI[0.77, 0.95]","Computational Method","",""
192953,"192953.70","Salmonella enterica subsp. enterica serovar Stanley 21-SA00706-1","nalidixic acid","Resistant","","","","","","","","","","","SIR XGBoost Model","202503101","F1 score: 0.95, CI[0.93, 0.96]","Computational Method","",""
192953,"192953.70","Salmonella enterica subsp. enterica serovar Stanley 21-SA00706-1","pefloxacin","Resistant","","","","","","","","","","","SIR XGBoost Model","202503101","F1 score: 0.98, CI[0.96, 1.00]","Computational Method","",""
192953,"192953.70","Salmonella enterica subsp. enterica serovar Stanley 21-SA00706-1","sulfamethoxazole","Susceptible","","","","","","","","","","","SIR XGBoost Model","202503101","F1 score: 0.95, CI[0.93, 0.97]","Computational Method","",""
192953,"192953.70","Salmonella enterica subsp. enterica serovar Stanley 21-SA00706-1","spectinomycin","Susceptible","","","","","","","","","","","SIR XGBoost Model","202503101","F1 score: 0.94, CI[0.90, 0.98]","Computational Method","",""
192953,"192953.70","Salmonella enterica subsp. enterica serovar Stanley 21-SA00706-1","streptomycin","Susceptible","","","","","","","","","","","SIR XGBoost Model","202503101","F1 score: 0.94, CI[0.93, 0.96]","Computational Method","",""
192953,"192953.70","Salmonella enterica subsp. enterica serovar Stanley 21-SA00706-1","tetracycline","Susceptible","","","","","","","","","","","SIR XGBoost Model","202503101","F1 score: 0.97, CI[0.96, 0.98]","Computational Method","",""
192953,"192953.70","Salmonella enterica subsp. enterica serovar Stanley 21-SA00706-1","ceftiofur","Susceptible","","","","","","","","","","","SIR XGBoost Model","202503101","F1 score: 0.98, CI[0.97, 1.00]","Computational Method","",""
192953,"192953.70","Salmonella enterica subsp. enterica serovar Stanley 21-SA00706-1","trimethoprim","Resistant","","","","","","","","","","","SIR XGBoost Model","202503101","F1 score: 0.86, CI[0.78, 0.93]","Computational Method","",""
192953,"192953.8","Salmonella enterica subsp. enterica serovar Stanley strain UPM 517","amoxicillin/clavulanic acid","Susceptible","","","","","","","","","","","SIR XGBoost Model","202503101","F1 score: 0.96, CI[0.95, 0.97]","Computational Method","",""
192953,"192953.8","Salmonella enterica subsp. enterica serovar Stanley strain UPM 517","ampicillin","Susceptible","","","","","","","","","","","SIR XGBoost Model","202503101","F1 score: 0.93, CI[0.92, 0.93]","Computational Method","",""
192953,"192953.8","Salmonella enterica subsp. enterica serovar Stanley strain UPM 517","azithromycin","Susceptible","","","","","","","","","","","SIR XGBoost Model","202503101","F1 score: 0.92, CI[0.87, 0.98]","Computational Method","",""
192953,"192953.8","Salmonella enterica subsp. enterica serovar Stanley strain UPM 517","chloramphenicol","Susceptible","","","","","","","","","","","SIR XGBoost Model","202503101","F1 score: 0.90, CI[0.88, 0.91]","Computational Method","",""
192953,"192953.8","Salmonella enterica subsp. enterica serovar Stanley strain UPM 517","ciprofloxacin","Susceptible","","","","","","","","","","","SIR XGBoost Model","202503101","F1 score: 0.95, CI[0.93, 0.96]","Computational Method","",""
192953,"192953.8","Salmonella enterica subsp. enterica serovar Stanley strain UPM 517","ceftriaxone","Susceptible","","","","","","","","","","","SIR XGBoost Model","202503101","F1 score: 0.98, CI[0.97, 1.00]","Computational Method","",""
192953,"192953.8","Salmonella enterica subsp. enterica serovar Stanley strain UPM 517","cefotaxime","Susceptible","","","","","","","","","","","SIR XGBoost Model","202503101","F1 score: 0.95, CI[0.90, 0.99]","Computational Method","",""
192953,"192953.8","Salmonella enterica subsp. enterica serovar Stanley strain UPM 517","sulfisoxazole","Susceptible","","","","","","","","","","","SIR XGBoost Model","202503101","F1 score: 0.99, CI[0.98, 1.00]","Computational Method","",""
192953,"192953.8","Salmonella enterica subsp. enterica serovar Stanley strain UPM 517","cefoxitin","Susceptible","","","","","","","","","","","SIR XGBoost Model","202503101","F1 score: 0.96, CI[0.93, 0.99]","Computational Method","",""
192953,"192953.8","Salmonella enterica subsp. enterica serovar Stanley strain UPM 517","gentamicin","Susceptible","","","","","","","","","","","SIR XGBoost Model","202503101","F1 score: 0.92, CI[0.89, 0.95]","Computational Method","",""
192953,"192953.8","Salmonella enterica subsp. enterica serovar Stanley strain UPM 517","kanamycin","Susceptible","","","","","","","","","","","SIR XGBoost Model","202503101","F1 score: 0.86, CI[0.77, 0.95]","Computational Method","",""
192953,"192953.8","Salmonella enterica subsp. enterica serovar Stanley strain UPM 517","nalidixic acid","Susceptible","","","","","","","","","","","SIR XGBoost Model","202503101","F1 score: 0.95, CI[0.93, 0.96]","Computational Method","",""
192953,"192953.8","Salmonella enterica subsp. enterica serovar Stanley strain UPM 517","pefloxacin","Susceptible","","","","","","","","","","","SIR XGBoost Model","202503101","F1 score: 0.98, CI[0.96, 1.00]","Computational Method","",""
192953,"192953.8","Salmonella enterica subsp. enterica serovar Stanley strain UPM 517","sulfamethoxazole","Susceptible","","","","","","","","","","","SIR XGBoost Model","202503101","F1 score: 0.95, CI[0.93, 0.97]","Computational Method","",""
192953,"192953.8","Salmonella enterica subsp. enterica serovar Stanley strain UPM 517","spectinomycin","Susceptible","","","","","","","","","","","SIR XGBoost Model","202503101","F1 score: 0.94, CI[0.90, 0.98]","Computational Method","",""
192953,"192953.8","Salmonella enterica subsp. enterica serovar Stanley strain UPM 517","streptomycin","Susceptible","","","","","","","","","","","SIR XGBoost Model","202503101","F1 score: 0.94, CI[0.93, 0.96]","Computational Method","",""
192953,"192953.8","Salmonella enterica subsp. enterica serovar Stanley strain UPM 517","tetracycline","Susceptible","","","","","","","","","","","SIR XGBoost Model","202503101","F1 score: 0.97, CI[0.96, 0.98]","Computational Method","",""
192953,"192953.8","Salmonella enterica subsp. enterica serovar Stanley strain UPM 517","ceftiofur","Susceptible","","","","","","","","","","","SIR XGBoost Model","202503101","F1 score: 0.98, CI[0.97, 1.00]","Computational Method","",""
192953,"192953.8","Salmonella enterica subsp. enterica serovar Stanley strain UPM 517","trimethoprim","Susceptible","","","","","","","","","","","SIR XGBoost Model","202503101","F1 score: 0.86, CI[0.78, 0.93]","Computational Method","",""
