"Taxon ID","Genome ID","Genome Name","Antibiotic","Resistant Phenotype","Measurement","Measurement Sign","Measurement Value","Measurement Unit","Laboratory Typing Method","Laboratory Typing Method Version","Laboratory Typing Platform","Vendor","Testing Standard","Testing Standard Year","Computational Method","Computational Method Version","Computational Method Performance","Evidence","Source","PubMed"
1349,"1349.796","Streptococcus uberis strain 17652_8#9","oxacillin","Resistant","","","","","Broth dilution","","","","CLSI",2013,"","","","Laboratory Method","","[32122596]"
1349,"1349.744","Streptococcus uberis strain 17652_8#30","oxacillin","Susceptible","","","","","Broth dilution","","","","CLSI",2013,"","","","Laboratory Method","","[32122596]"
1349,"1349.638","Streptococcus uberis strain 17150_7#73","oxacillin","Resistant","","","","","Broth dilution","","","","CLSI",2013,"","","","Laboratory Method","","[32122596]"
1349,"1349.764","Streptococcus uberis strain 17652_8#51","oxacillin","Susceptible","","","","","Broth dilution","","","","CLSI",2013,"","","","Laboratory Method","","[32122596]"
1349,"1349.772","Streptococcus uberis strain 17652_8#60","oxacillin","Susceptible","","","","","Broth dilution","","","","CLSI",2013,"","","","Laboratory Method","","[32122596]"
1349,"1349.862","Streptococcus uberis strain 19183_8#130","oxacillin","Resistant","","","","","Broth dilution","","","","CLSI",2013,"","","","Laboratory Method","","[32122596]"
1349,"1349.725","Streptococcus uberis strain 17652_8#14","oxacillin","Resistant","","","","","Broth dilution","","","","CLSI",2013,"","","","Laboratory Method","","[32122596]"
1349,"1349.770","Streptococcus uberis strain 17652_8#58","oxacillin","Susceptible","","","","","Broth dilution","","","","CLSI",2013,"","","","Laboratory Method","","[32122596]"
1349,"1349.682","Streptococcus uberis strain 17652_7#61","oxacillin","Susceptible","","","","","Broth dilution","","","","CLSI",2013,"","","","Laboratory Method","","[32122596]"
1349,"1349.666","Streptococcus uberis strain 17652_7#40","oxacillin","Susceptible","","","","","Broth dilution","","","","CLSI",2013,"","","","Laboratory Method","","[32122596]"
1349,"1349.843","Streptococcus uberis strain 19183_8#121","oxacillin","Resistant","","","","","Broth dilution","","","","CLSI",2013,"","","","Laboratory Method","","[32122596]"
1349,"1349.810","Streptococcus uberis strain 18274_6#54","oxacillin","Resistant","","","","","Broth dilution","","","","CLSI",2013,"","","","Laboratory Method","","[32122596]"
1349,"1349.602","Streptococcus uberis strain 17150_7#32","oxacillin","Susceptible","","","","","Broth dilution","","","","CLSI",2013,"","","","Laboratory Method","","[32122596]"
1349,"1349.609","Streptococcus uberis strain 17150_7#39","oxacillin","Susceptible","","","","","Broth dilution","","","","CLSI",2013,"","","","Laboratory Method","","[32122596]"
1349,"1349.664","Streptococcus uberis strain 17150_7#93","oxacillin","Resistant","","","","","Broth dilution","","","","CLSI",2013,"","","","Laboratory Method","","[32122596]"
1349,"1349.713","Streptococcus uberis strain 17652_7#84","oxacillin","Resistant","","","","","Broth dilution","","","","CLSI",2013,"","","","Laboratory Method","","[32122596]"
1349,"1349.677","Streptococcus uberis strain 17652_7#57","oxacillin","Susceptible","","","","","Broth dilution","","","","CLSI",2013,"","","","Laboratory Method","","[32122596]"
1349,"1349.718","Streptococcus uberis strain 17652_7#91","oxacillin","Susceptible","","","","","Broth dilution","","","","CLSI",2013,"","","","Laboratory Method","","[32122596]"
1349,"1349.794","Streptococcus uberis strain 17652_8#81","oxacillin","Resistant","","","","","Broth dilution","","","","CLSI",2013,"","","","Laboratory Method","","[32122596]"
1349,"1349.741","Streptococcus uberis strain 17652_8#29","oxacillin","Susceptible","","","","","Broth dilution","","","","CLSI",2013,"","","","Laboratory Method","","[32122596]"
1349,"1349.833","Streptococcus uberis strain 18274_6#80","oxacillin","Resistant","","","","","Broth dilution","","","","CLSI",2013,"","","","Laboratory Method","","[32122596]"
1349,"1349.808","Streptococcus uberis strain 18274_6#48","oxacillin","Resistant","","","","","Broth dilution","","","","CLSI",2013,"","","","Laboratory Method","","[32122596]"
1349,"1349.684","Streptococcus uberis strain 17652_7#56","oxacillin","Resistant","","","","","Broth dilution","","","","CLSI",2013,"","","","Laboratory Method","","[32122596]"
1349,"1349.751","Streptococcus uberis strain 17652_8#31","oxacillin","Susceptible","","","","","Broth dilution","","","","CLSI",2013,"","","","Laboratory Method","","[32122596]"
1349,"1349.639","Streptococcus uberis strain 17150_7#69","oxacillin","Susceptible","","","","","Broth dilution","","","","CLSI",2013,"","","","Laboratory Method","","[32122596]"
1349,"1349.804","Streptococcus uberis strain 17652_8#93","oxacillin","Susceptible","","","","","Broth dilution","","","","CLSI",2013,"","","","Laboratory Method","","[32122596]"
1349,"1349.742","Streptococcus uberis strain 17652_8#28","oxacillin","Susceptible","","","","","Broth dilution","","","","CLSI",2013,"","","","Laboratory Method","","[32122596]"
1349,"1349.783","Streptococcus uberis strain 17652_8#66","oxacillin","Resistant","","","","","Broth dilution","","","","CLSI",2013,"","","","Laboratory Method","","[32122596]"
1349,"1349.815","Streptococcus uberis strain 18274_6#59","oxacillin","Resistant","","","","","Broth dilution","","","","CLSI",2013,"","","","Laboratory Method","","[32122596]"
1349,"1349.610","Streptococcus uberis strain 17150_7#40","oxacillin","Susceptible","","","","","Broth dilution","","","","CLSI",2013,"","","","Laboratory Method","","[32122596]"
1349,"1349.687","Streptococcus uberis strain 17652_7#58","oxacillin","Resistant","","","","","Broth dilution","","","","CLSI",2013,"","","","Laboratory Method","","[32122596]"
1349,"1349.798","Streptococcus uberis strain 17652_8#92","oxacillin","Susceptible","","","","","Broth dilution","","","","CLSI",2013,"","","","Laboratory Method","","[32122596]"
1349,"1349.758","Streptococcus uberis strain 17652_8#48","oxacillin","Susceptible","","","","","Broth dilution","","","","CLSI",2013,"","","","Laboratory Method","","[32122596]"
1349,"1349.733","Streptococcus uberis strain 17652_8#21","oxacillin","Resistant","","","","","Broth dilution","","","","CLSI",2013,"","","","Laboratory Method","","[32122596]"
1349,"1349.676","Streptococcus uberis strain 17652_7#48","oxacillin","Resistant","","","","","Broth dilution","","","","CLSI",2013,"","","","Laboratory Method","","[32122596]"
1349,"1349.787","Streptococcus uberis strain 17652_8#8","oxacillin","Resistant","","","","","Broth dilution","","","","CLSI",2013,"","","","Laboratory Method","","[32122596]"
1349,"1349.782","Streptococcus uberis strain 17652_8#65","oxacillin","Susceptible","","","","","Broth dilution","","","","CLSI",2013,"","","","Laboratory Method","","[32122596]"
1349,"1349.763","Streptococcus uberis strain 17652_8#50","oxacillin","Resistant","","","","","Broth dilution","","","","CLSI",2013,"","","","Laboratory Method","","[32122596]"
1349,"1349.641","Streptococcus uberis strain 17150_7#70","oxacillin","Susceptible","","","","","Broth dilution","","","","CLSI",2013,"","","","Laboratory Method","","[32122596]"
1349,"1349.775","Streptococcus uberis strain 17652_8#56","oxacillin","Resistant","","","","","Broth dilution","","","","CLSI",2013,"","","","Laboratory Method","","[32122596]"
1349,"1349.627","Streptococcus uberis strain 17150_7#57","oxacillin","Resistant","","","","","Broth dilution","","","","CLSI",2013,"","","","Laboratory Method","","[32122596]"
1349,"1349.736","Streptococcus uberis strain 17652_8#27","oxacillin","Susceptible","","","","","Broth dilution","","","","CLSI",2013,"","","","Laboratory Method","","[32122596]"
1349,"1349.696","Streptococcus uberis strain 17652_7#70","oxacillin","Resistant","","","","","Broth dilution","","","","CLSI",2013,"","","","Laboratory Method","","[32122596]"
1349,"1349.657","Streptococcus uberis strain 17652_7#35","oxacillin","Susceptible","","","","","Broth dilution","","","","CLSI",2013,"","","","Laboratory Method","","[32122596]"
1349,"1349.658","Streptococcus uberis strain 17150_7#92","oxacillin","Resistant","","","","","Broth dilution","","","","CLSI",2013,"","","","Laboratory Method","","[32122596]"
1349,"1349.649","Streptococcus uberis strain 17150_7#83","oxacillin","Resistant","","","","","Broth dilution","","","","CLSI",2013,"","","","Laboratory Method","","[32122596]"
1349,"1349.702","Streptococcus uberis strain 17652_7#79","oxacillin","Susceptible","","","","","Broth dilution","","","","CLSI",2013,"","","","Laboratory Method","","[32122596]"
1349,"1349.768","Streptococcus uberis strain 17652_8#53","oxacillin","Susceptible","","","","","Broth dilution","","","","CLSI",2013,"","","","Laboratory Method","","[32122596]"
1349,"1349.679","Streptococcus uberis strain 17652_7#52","oxacillin","Resistant","","","","","Broth dilution","","","","CLSI",2013,"","","","Laboratory Method","","[32122596]"
1349,"1349.660","Streptococcus uberis strain 17150_7#91","oxacillin","Resistant","","","","","Broth dilution","","","","CLSI",2013,"","","","Laboratory Method","","[32122596]"
1349,"1349.673","Streptococcus uberis strain 17652_7#47","oxacillin","Susceptible","","","","","Broth dilution","","","","CLSI",2013,"","","","Laboratory Method","","[32122596]"
1349,"1349.716","Streptococcus uberis strain 17652_7#90","oxacillin","Susceptible","","","","","Broth dilution","","","","CLSI",2013,"","","","Laboratory Method","","[32122596]"
1349,"1349.628","Streptococcus uberis strain 17150_7#55","oxacillin","Resistant","","","","","Broth dilution","","","","CLSI",2013,"","","","Laboratory Method","","[32122596]"
1349,"1349.686","Streptococcus uberis strain 17652_7#54","oxacillin","Susceptible","","","","","Broth dilution","","","","CLSI",2013,"","","","Laboratory Method","","[32122596]"
1349,"1349.813","Streptococcus uberis strain 18274_6#60","oxacillin","Resistant","","","","","Broth dilution","","","","CLSI",2013,"","","","Laboratory Method","","[32122596]"
1349,"1349.826","Streptococcus uberis strain 18274_6#73","oxacillin","Resistant","","","","","Broth dilution","","","","CLSI",2013,"","","","Laboratory Method","","[32122596]"
1349,"1349.856","Streptococcus uberis strain 19183_8#133","oxacillin","Susceptible","","","","","Broth dilution","","","","CLSI",2013,"","","","Laboratory Method","","[32122596]"
1349,"1349.652","Streptococcus uberis strain 17150_7#78","oxacillin","Susceptible","","","","","Broth dilution","","","","CLSI",2013,"","","","Laboratory Method","","[32122596]"
1349,"1349.759","Streptococcus uberis strain 17652_8#47","oxacillin","Susceptible","","","","","Broth dilution","","","","CLSI",2013,"","","","Laboratory Method","","[32122596]"
1349,"1349.659","Streptococcus uberis strain 17150_7#90","oxacillin","Susceptible","","","","","Broth dilution","","","","CLSI",2013,"","","","Laboratory Method","","[32122596]"
1349,"1349.864","Streptococcus uberis strain 19183_8#140","oxacillin","Susceptible","","","","","Broth dilution","","","","CLSI",2013,"","","","Laboratory Method","","[32122596]"
1349,"1349.834","Streptococcus uberis strain 18274_6#83","oxacillin","Resistant","","","","","Broth dilution","","","","CLSI",2013,"","","","Laboratory Method","","[32122596]"
1349,"1349.732","Streptococcus uberis strain 17652_8#23","oxacillin","Resistant","","","","","Broth dilution","","","","CLSI",2013,"","","","Laboratory Method","","[32122596]"
1349,"1349.831","Streptococcus uberis strain 18274_6#74","oxacillin","Resistant","","","","","Broth dilution","","","","CLSI",2013,"","","","Laboratory Method","","[32122596]"
1349,"1349.681","Streptococcus uberis strain 17652_7#59","oxacillin","Resistant","","","","","Broth dilution","","","","CLSI",2013,"","","","Laboratory Method","","[32122596]"
1349,"1349.650","Streptococcus uberis strain 17150_7#84","oxacillin","Resistant","","","","","Broth dilution","","","","CLSI",2013,"","","","Laboratory Method","","[32122596]"
1349,"1349.656","Streptococcus uberis strain 17150_7#88","oxacillin","Susceptible","","","","","Broth dilution","","","","CLSI",2013,"","","","Laboratory Method","","[32122596]"
1349,"1349.800","Streptococcus uberis strain 18274_6#51","oxacillin","Resistant","","","","","Broth dilution","","","","CLSI",2013,"","","","Laboratory Method","","[32122596]"
1349,"1349.769","Streptococcus uberis strain 17652_8#57","oxacillin","Resistant","","","","","Broth dilution","","","","CLSI",2013,"","","","Laboratory Method","","[32122596]"
1349,"1349.836","Streptococcus uberis strain 18274_6#82","oxacillin","Resistant","","","","","Broth dilution","","","","CLSI",2013,"","","","Laboratory Method","","[32122596]"
1349,"1349.711","Streptococcus uberis strain 17652_7#88","oxacillin","Susceptible","","","","","Broth dilution","","","","CLSI",2013,"","","","Laboratory Method","","[32122596]"
1349,"1349.729","Streptococcus uberis strain 17652_8#16","oxacillin","Susceptible","","","","","Broth dilution","","","","CLSI",2013,"","","","Laboratory Method","","[32122596]"
1349,"1349.805","Streptococcus uberis strain 17652_8#94","oxacillin","Susceptible","","","","","Broth dilution","","","","CLSI",2013,"","","","Laboratory Method","","[32122596]"
1349,"1349.830","Streptococcus uberis strain 18274_6#66","oxacillin","Susceptible","","","","","Broth dilution","","","","CLSI",2013,"","","","Laboratory Method","","[32122596]"
1349,"1349.806","Streptococcus uberis strain 18274_6#46","oxacillin","Resistant","","","","","Broth dilution","","","","CLSI",2013,"","","","Laboratory Method","","[32122596]"
1349,"1349.803","Streptococcus uberis strain 18274_6#49","oxacillin","Susceptible","","","","","Broth dilution","","","","CLSI",2013,"","","","Laboratory Method","","[32122596]"
1349,"1349.731","Streptococcus uberis strain 17652_8#19","oxacillin","Resistant","","","","","Broth dilution","","","","CLSI",2013,"","","","Laboratory Method","","[32122596]"
1349,"1349.739","Streptococcus uberis strain 17652_8#2","oxacillin","Resistant","","","","","Broth dilution","","","","CLSI",2013,"","","","Laboratory Method","","[32122596]"
1349,"1349.747","Streptococcus uberis strain 17652_8#35","oxacillin","Resistant","","","","","Broth dilution","","","","CLSI",2013,"","","","Laboratory Method","","[32122596]"
1349,"1349.655","Streptococcus uberis strain 17150_7#89","oxacillin","Susceptible","","","","","Broth dilution","","","","CLSI",2013,"","","","Laboratory Method","","[32122596]"
1349,"1349.740","Streptococcus uberis strain 17652_8#25","oxacillin","Susceptible","","","","","Broth dilution","","","","CLSI",2013,"","","","Laboratory Method","","[32122596]"
1349,"1349.688","Streptococcus uberis strain 17652_7#62","oxacillin","Susceptible","","","","","Broth dilution","","","","CLSI",2013,"","","","Laboratory Method","","[32122596]"
1349,"1349.842","Streptococcus uberis strain 19183_8#123","oxacillin","Susceptible","","","","","Broth dilution","","","","CLSI",2013,"","","","Laboratory Method","","[32122596]"
1349,"1349.850","Streptococcus uberis strain 18274_6#86","oxacillin","Susceptible","","","","","Broth dilution","","","","CLSI",2013,"","","","Laboratory Method","","[32122596]"
1349,"1349.828","Streptococcus uberis strain 18274_6#65","oxacillin","Resistant","","","","","Broth dilution","","","","CLSI",2013,"","","","Laboratory Method","","[32122596]"
1349,"1349.723","Streptococcus uberis strain 17652_8#11","oxacillin","Resistant","","","","","Broth dilution","","","","CLSI",2013,"","","","Laboratory Method","","[32122596]"
1349,"1349.620","Streptococcus uberis strain 17150_7#51","oxacillin","Susceptible","","","","","Broth dilution","","","","CLSI",2013,"","","","Laboratory Method","","[32122596]"
1349,"1349.812","Streptococcus uberis strain 18274_6#57","oxacillin","Resistant","","","","","Broth dilution","","","","CLSI",2013,"","","","Laboratory Method","","[32122596]"
1349,"1349.821","Streptococcus uberis strain 18274_6#64","oxacillin","Resistant","","","","","Broth dilution","","","","CLSI",2013,"","","","Laboratory Method","","[32122596]"
1349,"1349.717","Streptococcus uberis strain 17652_7#92","oxacillin","Susceptible","","","","","Broth dilution","","","","CLSI",2013,"","","","Laboratory Method","","[32122596]"
1349,"1349.801","Streptococcus uberis strain 18274_6#50","oxacillin","Susceptible","","","","","Broth dilution","","","","CLSI",2013,"","","","Laboratory Method","","[32122596]"
1349,"1349.623","Streptococcus uberis strain 17150_7#53","oxacillin","Susceptible","","","","","Broth dilution","","","","CLSI",2013,"","","","Laboratory Method","","[32122596]"
1349,"1349.607","Streptococcus uberis strain 17150_7#37","oxacillin","Susceptible","","","","","Broth dilution","","","","CLSI",2013,"","","","Laboratory Method","","[32122596]"
1349,"1349.857","Streptococcus uberis strain 19183_8#135","oxacillin","Susceptible","","","","","Broth dilution","","","","CLSI",2013,"","","","Laboratory Method","","[32122596]"
1349,"1349.822","Streptococcus uberis strain 18274_6#71","oxacillin","Resistant","","","","","Broth dilution","","","","CLSI",2013,"","","","Laboratory Method","","[32122596]"
1349,"1349.634","Streptococcus uberis strain 17150_7#68","oxacillin","Resistant","","","","","Broth dilution","","","","CLSI",2013,"","","","Laboratory Method","","[32122596]"
1349,"1349.743","Streptococcus uberis strain 17652_8#3","oxacillin","Resistant","","","","","Broth dilution","","","","CLSI",2013,"","","","Laboratory Method","","[32122596]"
1349,"1349.712","Streptococcus uberis strain 17652_7#86","oxacillin","Resistant","","","","","Broth dilution","","","","CLSI",2013,"","","","Laboratory Method","","[32122596]"
1349,"1349.802","Streptococcus uberis strain 17652_8#91","oxacillin","Resistant","","","","","Broth dilution","","","","CLSI",2013,"","","","Laboratory Method","","[32122596]"
1349,"1349.852","Streptococcus uberis strain 19183_8#120","oxacillin","Resistant","","","","","Broth dilution","","","","CLSI",2013,"","","","Laboratory Method","","[32122596]"
1349,"1349.795","Streptococcus uberis strain 17652_8#87","oxacillin","Susceptible","","","","","Broth dilution","","","","CLSI",2013,"","","","Laboratory Method","","[32122596]"
1349,"1349.858","Streptococcus uberis strain 19183_8#132","oxacillin","Susceptible","","","","","Broth dilution","","","","CLSI",2013,"","","","Laboratory Method","","[32122596]"
1349,"1349.818","Streptococcus uberis strain 18274_6#61","oxacillin","Resistant","","","","","Broth dilution","","","","CLSI",2013,"","","","Laboratory Method","","[32122596]"
1349,"1349.791","Streptococcus uberis strain 17652_8#84","oxacillin","Susceptible","","","","","Broth dilution","","","","CLSI",2013,"","","","Laboratory Method","","[32122596]"
1349,"1349.704","Streptococcus uberis strain 17652_7#80","oxacillin","Susceptible","","","","","Broth dilution","","","","CLSI",2013,"","","","Laboratory Method","","[32122596]"
1349,"1349.748","Streptococcus uberis strain 17652_8#38","oxacillin","Resistant","","","","","Broth dilution","","","","CLSI",2013,"","","","Laboratory Method","","[32122596]"
1349,"1349.845","Streptococcus uberis strain 19183_8#126","oxacillin","Resistant","","","","","Broth dilution","","","","CLSI",2013,"","","","Laboratory Method","","[32122596]"
1349,"1349.749","Streptococcus uberis strain 17652_8#40","oxacillin","Resistant","","","","","Broth dilution","","","","CLSI",2013,"","","","Laboratory Method","","[32122596]"
1349,"1349.633","Streptococcus uberis strain 17150_7#64","oxacillin","Resistant","","","","","Broth dilution","","","","CLSI",2013,"","","","Laboratory Method","","[32122596]"
1349,"1349.614","Streptococcus uberis strain 17150_7#44","oxacillin","Resistant","","","","","Broth dilution","","","","CLSI",2013,"","","","Laboratory Method","","[32122596]"
1349,"1349.626","Streptococcus uberis strain 17150_7#58","oxacillin","Resistant","","","","","Broth dilution","","","","CLSI",2013,"","","","Laboratory Method","","[32122596]"
1349,"1349.603","Streptococcus uberis strain 17150_7#33","oxacillin","Resistant","","","","","Broth dilution","","","","CLSI",2013,"","","","Laboratory Method","","[32122596]"
1349,"1349.648","Streptococcus uberis strain 17150_7#81","oxacillin","Susceptible","","","","","Broth dilution","","","","CLSI",2013,"","","","Laboratory Method","","[32122596]"
1349,"1349.846","Streptococcus uberis strain 19183_8#125","oxacillin","Susceptible","","","","","Broth dilution","","","","CLSI",2013,"","","","Laboratory Method","","[32122596]"
1349,"1349.662","Streptococcus uberis strain 17652_7#37","oxacillin","Resistant","","","","","Broth dilution","","","","CLSI",2013,"","","","Laboratory Method","","[32122596]"
1349,"1349.724","Streptococcus uberis strain 17652_8#15","oxacillin","Susceptible","","","","","Broth dilution","","","","CLSI",2013,"","","","Laboratory Method","","[32122596]"
1349,"1349.814","Streptococcus uberis strain 18274_6#56","oxacillin","Susceptible","","","","","Broth dilution","","","","CLSI",2013,"","","","Laboratory Method","","[32122596]"
1349,"1349.765","Streptococcus uberis strain 17652_8#62","oxacillin","Susceptible","","","","","Broth dilution","","","","CLSI",2013,"","","","Laboratory Method","","[32122596]"
1349,"1349.621","Streptococcus uberis strain 17150_7#52","oxacillin","Resistant","","","","","Broth dilution","","","","CLSI",2013,"","","","Laboratory Method","","[32122596]"
1349,"1349.807","Streptococcus uberis strain 17652_8#95","oxacillin","Resistant","","","","","Broth dilution","","","","CLSI",2013,"","","","Laboratory Method","","[32122596]"
1349,"1349.779","Streptococcus uberis strain 17652_8#75","oxacillin","Resistant","","","","","Broth dilution","","","","CLSI",2013,"","","","Laboratory Method","","[32122596]"
1349,"1349.825","Streptococcus uberis strain 18274_6#72","oxacillin","Resistant","","","","","Broth dilution","","","","CLSI",2013,"","","","Laboratory Method","","[32122596]"
1349,"1349.849","Streptococcus uberis strain 18274_6#88","oxacillin","Resistant","","","","","Broth dilution","","","","CLSI",2013,"","","","Laboratory Method","","[32122596]"
1349,"1349.752","Streptococcus uberis strain 17652_8#4","oxacillin","Resistant","","","","","Broth dilution","","","","CLSI",2013,"","","","Laboratory Method","","[32122596]"
1349,"1349.601","Streptococcus uberis strain 17150_7#31","oxacillin","Susceptible","","","","","Broth dilution","","","","CLSI",2013,"","","","Laboratory Method","","[32122596]"
1349,"1349.786","Streptococcus uberis strain 17652_8#69","oxacillin","Resistant","","","","","Broth dilution","","","","CLSI",2013,"","","","Laboratory Method","","[32122596]"
1349,"1349.847","Streptococcus uberis strain 19183_8#127","oxacillin","Resistant","","","","","Broth dilution","","","","CLSI",2013,"","","","Laboratory Method","","[32122596]"
1349,"1349.840","Streptococcus uberis strain 18274_6#78","oxacillin","Susceptible","","","","","Broth dilution","","","","CLSI",2013,"","","","Laboratory Method","","[32122596]"
1349,"1349.816","Streptococcus uberis strain 18274_6#53","oxacillin","Resistant","","","","","Broth dilution","","","","CLSI",2013,"","","","Laboratory Method","","[32122596]"
1349,"1349.756","Streptococcus uberis strain 17652_8#44","oxacillin","Susceptible","","","","","Broth dilution","","","","CLSI",2013,"","","","Laboratory Method","","[32122596]"
1349,"1349.730","Streptococcus uberis strain 17652_8#18","oxacillin","Susceptible","","","","","Broth dilution","","","","CLSI",2013,"","","","Laboratory Method","","[32122596]"
1349,"1349.693","Streptococcus uberis strain 17652_7#67","oxacillin","Resistant","","","","","Broth dilution","","","","CLSI",2013,"","","","Laboratory Method","","[32122596]"
1349,"1349.690","Streptococcus uberis strain 17652_7#64","oxacillin","Resistant","","","","","Broth dilution","","","","CLSI",2013,"","","","Laboratory Method","","[32122596]"
1349,"1349.799","Streptococcus uberis strain 17652_8#90","oxacillin","Susceptible","","","","","Broth dilution","","","","CLSI",2013,"","","","Laboratory Method","","[32122596]"
1349,"1349.618","Streptococcus uberis strain 17150_7#48","oxacillin","Susceptible","","","","","Broth dilution","","","","CLSI",2013,"","","","Laboratory Method","","[32122596]"
1349,"1349.695","Streptococcus uberis strain 17652_7#71","oxacillin","Susceptible","","","","","Broth dilution","","","","CLSI",2013,"","","","Laboratory Method","","[32122596]"
1349,"1349.848","Streptococcus uberis strain 19183_8#124","oxacillin","Susceptible","","","","","Broth dilution","","","","CLSI",2013,"","","","Laboratory Method","","[32122596]"
1349,"1349.719","Streptococcus uberis strain 17652_7#94","oxacillin","Resistant","","","","","Broth dilution","","","","CLSI",2013,"","","","Laboratory Method","","[32122596]"
1349,"1349.707","Streptococcus uberis strain 17652_7#78","oxacillin","Resistant","","","","","Broth dilution","","","","CLSI",2013,"","","","Laboratory Method","","[32122596]"
1349,"1349.774","Streptococcus uberis strain 17652_8#59","oxacillin","Resistant","","","","","Broth dilution","","","","CLSI",2013,"","","","Laboratory Method","","[32122596]"
1349,"1349.691","Streptococcus uberis strain 17652_7#66","oxacillin","Resistant","","","","","Broth dilution","","","","CLSI",2013,"","","","Laboratory Method","","[32122596]"
1349,"1349.829","Streptococcus uberis strain 18274_6#67","oxacillin","Susceptible","","","","","Broth dilution","","","","CLSI",2013,"","","","Laboratory Method","","[32122596]"
1349,"1349.832","Streptococcus uberis strain 18274_6#79","oxacillin","Resistant","","","","","Broth dilution","","","","CLSI",2013,"","","","Laboratory Method","","[32122596]"
1349,"1349.667","Streptococcus uberis strain 17652_7#43","oxacillin","Resistant","","","","","Broth dilution","","","","CLSI",2013,"","","","Laboratory Method","","[32122596]"
1349,"1349.671","Streptococcus uberis strain 17652_7#38","oxacillin","Susceptible","","","","","Broth dilution","","","","CLSI",2013,"","","","Laboratory Method","","[32122596]"
1349,"1349.653","Streptococcus uberis strain 17150_7#77","oxacillin","Susceptible","","","","","Broth dilution","","","","CLSI",2013,"","","","Laboratory Method","","[32122596]"
1349,"1349.793","Streptococcus uberis strain 17652_8#82","oxacillin","Resistant","","","","","Broth dilution","","","","CLSI",2013,"","","","Laboratory Method","","[32122596]"
1349,"1349.661","Streptococcus uberis strain 17652_7#36","oxacillin","Resistant","","","","","Broth dilution","","","","CLSI",2013,"","","","Laboratory Method","","[32122596]"
1349,"1349.624","Streptococcus uberis strain 17150_7#59","oxacillin","Resistant","","","","","Broth dilution","","","","CLSI",2013,"","","","Laboratory Method","","[32122596]"
1349,"1349.604","Streptococcus uberis strain 17150_7#34","oxacillin","Susceptible","","","","","Broth dilution","","","","CLSI",2013,"","","","Laboratory Method","","[32122596]"
1349,"1349.855","Streptococcus uberis strain 19183_8#136","oxacillin","Susceptible","","","","","Broth dilution","","","","CLSI",2013,"","","","Laboratory Method","","[32122596]"
1349,"1349.838","Streptococcus uberis strain 18274_6#76","oxacillin","Resistant","","","","","Broth dilution","","","","CLSI",2013,"","","","Laboratory Method","","[32122596]"
1349,"1349.720","Streptococcus uberis strain 17652_7#93","oxacillin","Resistant","","","","","Broth dilution","","","","CLSI",2013,"","","","Laboratory Method","","[32122596]"
1349,"1349.726","Streptococcus uberis strain 17652_8#10","oxacillin","Susceptible","","","","","Broth dilution","","","","CLSI",2013,"","","","Laboratory Method","","[32122596]"
1349,"1349.709","Streptococcus uberis strain 17652_7#75","oxacillin","Susceptible","","","","","Broth dilution","","","","CLSI",2013,"","","","Laboratory Method","","[32122596]"
1349,"1349.636","Streptococcus uberis strain 17150_7#75","oxacillin","Susceptible","","","","","Broth dilution","","","","CLSI",2013,"","","","Laboratory Method","","[32122596]"
1349,"1349.789","Streptococcus uberis strain 17652_8#77","oxacillin","Resistant","","","","","Broth dilution","","","","CLSI",2013,"","","","Laboratory Method","","[32122596]"
1349,"1349.694","Streptococcus uberis strain 17652_7#69","oxacillin","Resistant","","","","","Broth dilution","","","","CLSI",2013,"","","","Laboratory Method","","[32122596]"
1349,"1349.605","Streptococcus uberis strain 17150_7#35","oxacillin","Susceptible","","","","","Broth dilution","","","","CLSI",2013,"","","","Laboratory Method","","[32122596]"
1349,"1349.790","Streptococcus uberis strain 17652_8#80","oxacillin","Resistant","","","","","Broth dilution","","","","CLSI",2013,"","","","Laboratory Method","","[32122596]"
1349,"1349.622","Streptococcus uberis strain 17150_7#54","oxacillin","Susceptible","","","","","Broth dilution","","","","CLSI",2013,"","","","Laboratory Method","","[32122596]"
1349,"1349.703","Streptococcus uberis strain 17652_7#82","oxacillin","Susceptible","","","","","Broth dilution","","","","CLSI",2013,"","","","Laboratory Method","","[32122596]"
1349,"1349.678","Streptococcus uberis strain 17652_7#51","oxacillin","Resistant","","","","","Broth dilution","","","","CLSI",2013,"","","","Laboratory Method","","[32122596]"
1349,"1349.640","Streptococcus uberis strain 17150_7#67","oxacillin","Susceptible","","","","","Broth dilution","","","","CLSI",2013,"","","","Laboratory Method","","[32122596]"
1349,"1349.647","Streptococcus uberis strain 17150_7#82","oxacillin","Susceptible","","","","","Broth dilution","","","","CLSI",2013,"","","","Laboratory Method","","[32122596]"
1349,"1349.860","Streptococcus uberis strain 19183_8#129","oxacillin","Resistant","","","","","Broth dilution","","","","CLSI",2013,"","","","Laboratory Method","","[32122596]"
1349,"1349.646","Streptococcus uberis strain 17150_7#87","oxacillin","Susceptible","","","","","Broth dilution","","","","CLSI",2013,"","","","Laboratory Method","","[32122596]"
1349,"1349.861","Streptococcus uberis strain 19183_8#128","oxacillin","Resistant","","","","","Broth dilution","","","","CLSI",2013,"","","","Laboratory Method","","[32122596]"
1349,"1349.625","Streptococcus uberis strain 17150_7#56","oxacillin","Resistant","","","","","Broth dilution","","","","CLSI",2013,"","","","Laboratory Method","","[32122596]"
1349,"1349.675","Streptococcus uberis strain 17652_7#46","oxacillin","Resistant","","","","","Broth dilution","","","","CLSI",2013,"","","","Laboratory Method","","[32122596]"
1349,"1349.773","Streptococcus uberis strain 17652_8#6","oxacillin","Resistant","","","","","Broth dilution","","","","CLSI",2013,"","","","Laboratory Method","","[32122596]"
1349,"1349.612","Streptococcus uberis strain 17150_7#42","oxacillin","Resistant","","","","","Broth dilution","","","","CLSI",2013,"","","","Laboratory Method","","[32122596]"
1349,"1349.776","Streptococcus uberis strain 17652_8#71","oxacillin","Resistant","","","","","Broth dilution","","","","CLSI",2013,"","","","Laboratory Method","","[32122596]"
1349,"1349.734","Streptococcus uberis strain 17652_8#22","oxacillin","Resistant","","","","","Broth dilution","","","","CLSI",2013,"","","","Laboratory Method","","[32122596]"
1349,"1349.606","Streptococcus uberis strain 17150_7#36","oxacillin","Resistant","","","","","Broth dilution","","","","CLSI",2013,"","","","Laboratory Method","","[32122596]"
1349,"1349.663","Streptococcus uberis strain 17150_7#95","oxacillin","Resistant","","","","","Broth dilution","","","","CLSI",2013,"","","","Laboratory Method","","[32122596]"
1349,"1349.632","Streptococcus uberis strain 17150_7#60","oxacillin","Susceptible","","","","","Broth dilution","","","","CLSI",2013,"","","","Laboratory Method","","[32122596]"
1349,"1349.714","Streptococcus uberis strain 17652_7#87","oxacillin","Resistant","","","","","Broth dilution","","","","CLSI",2013,"","","","Laboratory Method","","[32122596]"
1349,"1349.710","Streptococcus uberis strain 17652_7#89","oxacillin","Resistant","","","","","Broth dilution","","","","CLSI",2013,"","","","Laboratory Method","","[32122596]"
1349,"1349.617","Streptococcus uberis strain 17150_7#47","oxacillin","Susceptible","","","","","Broth dilution","","","","CLSI",2013,"","","","Laboratory Method","","[32122596]"
1349,"1349.672","Streptococcus uberis strain 17652_7#50","oxacillin","Resistant","","","","","Broth dilution","","","","CLSI",2013,"","","","Laboratory Method","","[32122596]"
1349,"1349.784","Streptococcus uberis strain 17652_8#68","oxacillin","Resistant","","","","","Broth dilution","","","","CLSI",2013,"","","","Laboratory Method","","[32122596]"
1349,"1349.635","Streptococcus uberis strain 17150_7#74","oxacillin","Susceptible","","","","","Broth dilution","","","","CLSI",2013,"","","","Laboratory Method","","[32122596]"
1349,"1349.761","Streptococcus uberis strain 17652_8#46","oxacillin","Susceptible","","","","","Broth dilution","","","","CLSI",2013,"","","","Laboratory Method","","[32122596]"
1349,"1349.698","Streptococcus uberis strain 17652_7#72","oxacillin","Resistant","","","","","Broth dilution","","","","CLSI",2013,"","","","Laboratory Method","","[32122596]"
1349,"1349.674","Streptococcus uberis strain 17652_7#45","oxacillin","Resistant","","","","","Broth dilution","","","","CLSI",2013,"","","","Laboratory Method","","[32122596]"
1349,"1349.643","Streptococcus uberis strain 17150_7#71","oxacillin","Susceptible","","","","","Broth dilution","","","","CLSI",2013,"","","","Laboratory Method","","[32122596]"
1349,"1349.715","Streptococcus uberis strain 17652_7#85","oxacillin","Susceptible","","","","","Broth dilution","","","","CLSI",2013,"","","","Laboratory Method","","[32122596]"
1349,"1349.755","Streptococcus uberis strain 17652_8#5","oxacillin","Resistant","","","","","Broth dilution","","","","CLSI",2013,"","","","Laboratory Method","","[32122596]"
1349,"1349.665","Streptococcus uberis strain 17150_7#94","oxacillin","Susceptible","","","","","Broth dilution","","","","CLSI",2013,"","","","Laboratory Method","","[32122596]"
1349,"1349.651","Streptococcus uberis strain 17150_7#80","oxacillin","Resistant","","","","","Broth dilution","","","","CLSI",2013,"","","","Laboratory Method","","[32122596]"
1349,"1349.839","Streptococcus uberis strain 18274_6#81","oxacillin","Resistant","","","","","Broth dilution","","","","CLSI",2013,"","","","Laboratory Method","","[32122596]"
1349,"1349.771","Streptococcus uberis strain 17652_8#54","oxacillin","Susceptible","","","","","Broth dilution","","","","CLSI",2013,"","","","Laboratory Method","","[32122596]"
1349,"1349.642","Streptococcus uberis strain 17150_7#76","oxacillin","Resistant","","","","","Broth dilution","","","","CLSI",2013,"","","","Laboratory Method","","[32122596]"
1349,"1349.670","Streptococcus uberis strain 17652_7#41","oxacillin","Resistant","","","","","Broth dilution","","","","CLSI",2013,"","","","Laboratory Method","","[32122596]"
1349,"1349.669","Streptococcus uberis strain 17652_7#42","oxacillin","Susceptible","","","","","Broth dilution","","","","CLSI",2013,"","","","Laboratory Method","","[32122596]"
1349,"1349.827","Streptococcus uberis strain 18274_6#68","oxacillin","Susceptible","","","","","Broth dilution","","","","CLSI",2013,"","","","Laboratory Method","","[32122596]"
1349,"1349.820","Streptococcus uberis strain 18274_6#63","oxacillin","Susceptible","","","","","Broth dilution","","","","CLSI",2013,"","","","Laboratory Method","","[32122596]"
1349,"1349.851","Streptococcus uberis strain 18274_6#87","oxacillin","Susceptible","","","","","Broth dilution","","","","CLSI",2013,"","","","Laboratory Method","","[32122596]"
1349,"1349.781","Streptococcus uberis strain 17652_8#72","oxacillin","Susceptible","","","","","Broth dilution","","","","CLSI",2013,"","","","Laboratory Method","","[32122596]"
1349,"1349.762","Streptococcus uberis strain 17652_8#43","oxacillin","Susceptible","","","","","Broth dilution","","","","CLSI",2013,"","","","Laboratory Method","","[32122596]"
1349,"1349.844","Streptococcus uberis strain 19183_8#122","oxacillin","Resistant","","","","","Broth dilution","","","","CLSI",2013,"","","","Laboratory Method","","[32122596]"
1349,"1349.767","Streptococcus uberis strain 17652_8#64","oxacillin","Resistant","","","","","Broth dilution","","","","CLSI",2013,"","","","Laboratory Method","","[32122596]"
1349,"1349.738","Streptococcus uberis strain 17652_8#26","oxacillin","Susceptible","","","","","Broth dilution","","","","CLSI",2013,"","","","Laboratory Method","","[32122596]"
1349,"1349.619","Streptococcus uberis strain 17150_7#50","oxacillin","Resistant","","","","","Broth dilution","","","","CLSI",2013,"","","","Laboratory Method","","[32122596]"
1349,"1349.835","Streptococcus uberis strain 18274_6#77","oxacillin","Resistant","","","","","Broth dilution","","","","CLSI",2013,"","","","Laboratory Method","","[32122596]"
1349,"1349.692","Streptococcus uberis strain 17652_7#63","oxacillin","Resistant","","","","","Broth dilution","","","","CLSI",2013,"","","","Laboratory Method","","[32122596]"
1349,"1349.819","Streptococcus uberis strain 18274_6#62","oxacillin","Susceptible","","","","","Broth dilution","","","","CLSI",2013,"","","","Laboratory Method","","[32122596]"
1349,"1349.630","Streptococcus uberis strain 17150_7#63","oxacillin","Susceptible","","","","","Broth dilution","","","","CLSI",2013,"","","","Laboratory Method","","[32122596]"
1349,"1349.680","Streptococcus uberis strain 17652_7#53","oxacillin","Susceptible","","","","","Broth dilution","","","","CLSI",2013,"","","","Laboratory Method","","[32122596]"
1349,"1349.654","Streptococcus uberis strain 17150_7#79","oxacillin","Susceptible","","","","","Broth dilution","","","","CLSI",2013,"","","","Laboratory Method","","[32122596]"
1349,"1349.697","Streptococcus uberis strain 17652_7#68","oxacillin","Susceptible","","","","","Broth dilution","","","","CLSI",2013,"","","","Laboratory Method","","[32122596]"
1349,"1349.777","Streptococcus uberis strain 17652_8#70","oxacillin","Susceptible","","","","","Broth dilution","","","","CLSI",2013,"","","","Laboratory Method","","[32122596]"
1349,"1349.645","Streptococcus uberis strain 17150_7#85","oxacillin","Resistant","","","","","Broth dilution","","","","CLSI",2013,"","","","Laboratory Method","","[32122596]"
1349,"1349.706","Streptococcus uberis strain 17652_7#76","oxacillin","Susceptible","","","","","Broth dilution","","","","CLSI",2013,"","","","Laboratory Method","","[32122596]"
1349,"1349.701","Streptococcus uberis strain 17652_7#77","oxacillin","Susceptible","","","","","Broth dilution","","","","CLSI",2013,"","","","Laboratory Method","","[32122596]"
1349,"1349.854","Streptococcus uberis strain 19183_8#134","oxacillin","Resistant","","","","","Broth dilution","","","","CLSI",2013,"","","","Laboratory Method","","[32122596]"
1349,"1349.608","Streptococcus uberis strain 17150_7#38","oxacillin","Resistant","","","","","Broth dilution","","","","CLSI",2013,"","","","Laboratory Method","","[32122596]"
1349,"1349.757","Streptococcus uberis strain 17652_8#45","oxacillin","Resistant","","","","","Broth dilution","","","","CLSI",2013,"","","","Laboratory Method","","[32122596]"
1349,"1349.705","Streptococcus uberis strain 17652_7#81","oxacillin","Resistant","","","","","Broth dilution","","","","CLSI",2013,"","","","Laboratory Method","","[32122596]"
1349,"1349.792","Streptococcus uberis strain 17652_8#83","oxacillin","Resistant","","","","","Broth dilution","","","","CLSI",2013,"","","","Laboratory Method","","[32122596]"
1349,"1349.780","Streptococcus uberis strain 17652_8#76","oxacillin","Susceptible","","","","","Broth dilution","","","","CLSI",2013,"","","","Laboratory Method","","[32122596]"
1349,"1349.823","Streptococcus uberis strain 18274_6#70","oxacillin","Susceptible","","","","","Broth dilution","","","","CLSI",2013,"","","","Laboratory Method","","[32122596]"
1349,"1349.644","Streptococcus uberis strain 17150_7#86","oxacillin","Susceptible","","","","","Broth dilution","","","","CLSI",2013,"","","","Laboratory Method","","[32122596]"
1349,"1349.708","Streptococcus uberis strain 17652_7#83","oxacillin","Resistant","","","","","Broth dilution","","","","CLSI",2013,"","","","Laboratory Method","","[32122596]"
1349,"1349.753","Streptococcus uberis strain 17652_8#39","oxacillin","Susceptible","","","","","Broth dilution","","","","CLSI",2013,"","","","Laboratory Method","","[32122596]"
1349,"1349.683","Streptococcus uberis strain 17652_7#55","oxacillin","Resistant","","","","","Broth dilution","","","","CLSI",2013,"","","","Laboratory Method","","[32122596]"
1349,"1349.699","Streptococcus uberis strain 17652_7#73","oxacillin","Resistant","","","","","Broth dilution","","","","CLSI",2013,"","","","Laboratory Method","","[32122596]"
1349,"1349.668","Streptococcus uberis strain 17652_7#39","oxacillin","Susceptible","","","","","Broth dilution","","","","CLSI",2013,"","","","Laboratory Method","","[32122596]"
1349,"1349.837","Streptococcus uberis strain 18274_6#75","oxacillin","Susceptible","","","","","Broth dilution","","","","CLSI",2013,"","","","Laboratory Method","","[32122596]"
1349,"1349.611","Streptococcus uberis strain 17150_7#41","oxacillin","Resistant","","","","","Broth dilution","","","","CLSI",2013,"","","","Laboratory Method","","[32122596]"
1349,"1349.746","Streptococcus uberis strain 17652_8#36","oxacillin","Susceptible","","","","","Broth dilution","","","","CLSI",2013,"","","","Laboratory Method","","[32122596]"
1349,"1349.788","Streptococcus uberis strain 17652_8#79","oxacillin","Susceptible","","","","","Broth dilution","","","","CLSI",2013,"","","","Laboratory Method","","[32122596]"
1349,"1349.853","Streptococcus uberis strain 19183_8#131","oxacillin","Resistant","","","","","Broth dilution","","","","CLSI",2013,"","","","Laboratory Method","","[32122596]"
1349,"1349.631","Streptococcus uberis strain 17150_7#61","oxacillin","Resistant","","","","","Broth dilution","","","","CLSI",2013,"","","","Laboratory Method","","[32122596]"
1349,"1349.766","Streptococcus uberis strain 17652_8#63","oxacillin","Resistant","","","","","Broth dilution","","","","CLSI",2013,"","","","Laboratory Method","","[32122596]"
1349,"1349.616","Streptococcus uberis strain 17150_7#46","oxacillin","Resistant","","","","","Broth dilution","","","","CLSI",2013,"","","","Laboratory Method","","[32122596]"
1349,"1349.824","Streptococcus uberis strain 18274_6#69","oxacillin","Susceptible","","","","","Broth dilution","","","","CLSI",2013,"","","","Laboratory Method","","[32122596]"
1349,"1349.754","Streptococcus uberis strain 17652_8#41","oxacillin","Susceptible","","","","","Broth dilution","","","","CLSI",2013,"","","","Laboratory Method","","[32122596]"
1349,"1349.615","Streptococcus uberis strain 17150_7#45","oxacillin","Susceptible","","","","","Broth dilution","","","","CLSI",2013,"","","","Laboratory Method","","[32122596]"
1349,"1349.745","Streptococcus uberis strain 17652_8#37","oxacillin","Susceptible","","","","","Broth dilution","","","","CLSI",2013,"","","","Laboratory Method","","[32122596]"
1349,"1349.750","Streptococcus uberis strain 17652_8#32","oxacillin","Susceptible","","","","","Broth dilution","","","","CLSI",2013,"","","","Laboratory Method","","[32122596]"
1349,"1349.797","Streptococcus uberis strain 17652_8#85","oxacillin","Resistant","","","","","Broth dilution","","","","CLSI",2013,"","","","Laboratory Method","","[32122596]"
1349,"1349.613","Streptococcus uberis strain 17150_7#43","oxacillin","Resistant","","","","","Broth dilution","","","","CLSI",2013,"","","","Laboratory Method","","[32122596]"
1349,"1349.859","Streptococcus uberis strain 19183_8#139","oxacillin","Susceptible","","","","","Broth dilution","","","","CLSI",2013,"","","","Laboratory Method","","[32122596]"
1349,"1349.785","Streptococcus uberis strain 17652_8#67","oxacillin","Resistant","","","","","Broth dilution","","","","CLSI",2013,"","","","Laboratory Method","","[32122596]"
1349,"1349.685","Streptococcus uberis strain 17652_7#60","oxacillin","Susceptible","","","","","Broth dilution","","","","CLSI",2013,"","","","Laboratory Method","","[32122596]"
1349,"1349.629","Streptococcus uberis strain 17150_7#62","oxacillin","Resistant","","","","","Broth dilution","","","","CLSI",2013,"","","","Laboratory Method","","[32122596]"
1349,"1349.817","Streptococcus uberis strain 18274_6#52","oxacillin","Susceptible","","","","","Broth dilution","","","","CLSI",2013,"","","","Laboratory Method","","[32122596]"
1349,"1349.863","Streptococcus uberis strain 19183_8#138","oxacillin","Resistant","","","","","Broth dilution","","","","CLSI",2013,"","","","Laboratory Method","","[32122596]"
1349,"1349.728","Streptococcus uberis strain 17652_8#17","oxacillin","Resistant","","","","","Broth dilution","","","","CLSI",2013,"","","","Laboratory Method","","[32122596]"
1349,"1349.689","Streptococcus uberis strain 17652_7#65","oxacillin","Resistant","","","","","Broth dilution","","","","CLSI",2013,"","","","Laboratory Method","","[32122596]"
1349,"1349.721","Streptococcus uberis strain 17652_7#95","oxacillin","Resistant","","","","","Broth dilution","","","","CLSI",2013,"","","","Laboratory Method","","[32122596]"
1349,"1349.700","Streptococcus uberis strain 17652_7#74","oxacillin","Resistant","","","","","Broth dilution","","","","CLSI",2013,"","","","Laboratory Method","","[32122596]"
1349,"1349.778","Streptococcus uberis strain 17652_8#7","oxacillin","Resistant","","","","","Broth dilution","","","","CLSI",2013,"","","","Laboratory Method","","[32122596]"
1349,"1349.722","Streptococcus uberis strain 17652_8#1","oxacillin","Susceptible","","","","","Broth dilution","","","","CLSI",2013,"","","","Laboratory Method","","[32122596]"
1349,"1349.735","Streptococcus uberis strain 17652_8#24","oxacillin","Resistant","","","","","Broth dilution","","","","CLSI",2013,"","","","Laboratory Method","","[32122596]"
1349,"1349.737","Streptococcus uberis strain 17652_8#20","oxacillin","Resistant","","","","","Broth dilution","","","","CLSI",2013,"","","","Laboratory Method","","[32122596]"
1349,"1349.841","Streptococcus uberis strain 18274_6#85","oxacillin","Resistant","","","","","Broth dilution","","","","CLSI",2013,"","","","Laboratory Method","","[32122596]"
1349,"1349.637","Streptococcus uberis strain 17150_7#65","oxacillin","Resistant","","","","","Broth dilution","","","","CLSI",2013,"","","","Laboratory Method","","[32122596]"
1349,"1349.809","Streptococcus uberis strain 18274_6#55","oxacillin","Resistant","","","","","Broth dilution","","","","CLSI",2013,"","","","Laboratory Method","","[32122596]"
1349,"1349.811","Streptococcus uberis strain 18274_6#58","oxacillin","Susceptible","","","","","Broth dilution","","","","CLSI",2013,"","","","Laboratory Method","","[32122596]"
1349,"1349.727","Streptococcus uberis strain 17652_8#13","oxacillin","Susceptible","","","","","Broth dilution","","","","CLSI",2013,"","","","Laboratory Method","","[32122596]"
1349,"1349.609","Streptococcus uberis strain 17150_7#39","oxacillin","","0.125","","0.125","mg/L","Broth dilution","","","","CLSI",2013,"","","","Laboratory Method","","[32122596]"
1349,"1349.220","Streptococcus uberis PE7","penicillin/novobiocin","","0.5","","0.5","mg/L","Broth dilution","","Sensititre Mastitis","Thermo Fisher Scientific","","","","","","Laboratory Method","",""
1349,"1349.655","Streptococcus uberis strain 17150_7#89","oxacillin","","0.125","","0.125","mg/L","Broth dilution","","","","CLSI",2013,"","","","Laboratory Method","","[32122596]"
1349,"1349.797","Streptococcus uberis strain 17652_8#85","oxacillin","","2","","2","mg/L","Broth dilution","","","","CLSI",2013,"","","","Laboratory Method","","[32122596]"
1349,"1349.198","Streptococcus uberis PE34","ceftiofur","","1","","1","mg/L","Broth dilution","","Sensititre Mastitis","Thermo Fisher Scientific","","","","","","Laboratory Method","",""
1349,"1349.138","Streptococcus uberis PE242","ampicillin","","0.25","","0.25","mg/L","Broth dilution","","Sensititre Mastitis","Thermo Fisher Scientific","","","","","","Laboratory Method","",""
1349,"1349.652","Streptococcus uberis strain 17150_7#78","oxacillin","","0.125","","0.125","mg/L","Broth dilution","","","","CLSI",2013,"","","","Laboratory Method","","[32122596]"
1349,"1349.219","Streptococcus uberis PE68","pirlimycin","","4","","4","mg/L","Broth dilution","","Sensititre Mastitis","Thermo Fisher Scientific","","","","","","Laboratory Method","",""
1349,"1349.211","Streptococcus uberis PE59","ceftiofur","","1","","1","mg/L","Broth dilution","","Sensititre Mastitis","Thermo Fisher Scientific","","","","","","Laboratory Method","",""
1349,"1349.39","Streptococcus uberis PE15","pirlimycin","","0.25","","0.25","mg/L","Broth dilution","","Sensititre Mastitis","Thermo Fisher Scientific","","","","","","Laboratory Method","",""
1349,"1349.649","Streptococcus uberis strain 17150_7#83","oxacillin","","2","","2","mg/L","Broth dilution","","","","CLSI",2013,"","","","Laboratory Method","","[32122596]"
1349,"1349.803","Streptococcus uberis strain 18274_6#49","oxacillin","","0.125","","0.125","mg/L","Broth dilution","","","","CLSI",2013,"","","","Laboratory Method","","[32122596]"
1349,"1349.220","Streptococcus uberis PE7","ampicillin","","0.5","","0.5","mg/L","Broth dilution","","Sensititre Mastitis","Thermo Fisher Scientific","","","","","","Laboratory Method","",""
1349,"1349.115","Streptococcus uberis PE27","cephalothin","","1","","1","mg/L","Broth dilution","","Sensititre Mastitis","Thermo Fisher Scientific","","","","","","Laboratory Method","",""
1349,"1349.762","Streptococcus uberis strain 17652_8#43","oxacillin","","0.0625","","0.0625","mg/L","Broth dilution","","","","CLSI",2013,"","","","Laboratory Method","","[32122596]"
1349,"1349.226","Streptococcus uberis PE75","penicillin","","0.25","","0.25","mg/L","Broth dilution","","Sensititre Mastitis","Thermo Fisher Scientific","","","","","","Laboratory Method","",""
1349,"1349.61","Streptococcus uberis PE172","erythromycin","","0.125","","0.125","mg/L","Broth dilution","","Sensititre Mastitis","Thermo Fisher Scientific","","","","","","Laboratory Method","",""
1349,"1349.812","Streptococcus uberis strain 18274_6#57","oxacillin","","1","","1","mg/L","Broth dilution","","","","CLSI",2013,"","","","Laboratory Method","","[32122596]"
1349,"1349.197","Streptococcus uberis PE33","ceftiofur","","0.5","","0.5","mg/L","Broth dilution","","Sensititre Mastitis","Thermo Fisher Scientific","","","","","","Laboratory Method","",""
1349,"1349.199","Streptococcus uberis PE35","ceftiofur","","0.5","","0.5","mg/L","Broth dilution","","Sensititre Mastitis","Thermo Fisher Scientific","","","","","","Laboratory Method","",""
1349,"1349.201","Streptococcus uberis PE39","ampicillin","","0.25","","0.25","mg/L","Broth dilution","","Sensititre Mastitis","Thermo Fisher Scientific","","","","","","Laboratory Method","",""
1349,"1349.220","Streptococcus uberis PE7","pirlimycin","","2","","2","mg/L","Broth dilution","","Sensititre Mastitis","Thermo Fisher Scientific","","","","","","Laboratory Method","",""
1349,"1349.621","Streptococcus uberis strain 17150_7#52","oxacillin","","1","","1","mg/L","Broth dilution","","","","CLSI",2013,"","","","Laboratory Method","","[32122596]"
1349,"1349.233","Streptococcus uberis PE98","penicillin/novobiocin","","0.5","","0.5","mg/L","Broth dilution","","Sensititre Mastitis","Thermo Fisher Scientific","","","","","","Laboratory Method","",""
1349,"1349.809","Streptococcus uberis strain 18274_6#55","oxacillin","","1","","1","mg/L","Broth dilution","","","","CLSI",2013,"","","","Laboratory Method","","[32122596]"
1349,"1349.138","Streptococcus uberis PE242","penicillin/novobiocin","","0.5","","0.5","mg/L","Broth dilution","","Sensititre Mastitis","Thermo Fisher Scientific","","","","","","Laboratory Method","",""
1349,"1349.139","Streptococcus uberis PE25","tetracycline","","0.5","","0.5","mg/L","Broth dilution","","Sensititre Mastitis","Thermo Fisher Scientific","","","","","","Laboratory Method","",""
1349,"1349.202","Streptococcus uberis PE4","penicillin","","4","","4","mg/L","Broth dilution","","Sensititre Mastitis","Thermo Fisher Scientific","","","","","","Laboratory Method","",""
1349,"1349.232","Streptococcus uberis PE93","ampicillin","","0.5","","0.5","mg/L","Broth dilution","","Sensititre Mastitis","Thermo Fisher Scientific","","","","","","Laboratory Method","",""
1349,"1349.774","Streptococcus uberis strain 17652_8#59","oxacillin","","2","","2","mg/L","Broth dilution","","","","CLSI",2013,"","","","Laboratory Method","","[32122596]"
1349,"1349.84","Streptococcus uberis PE2","tetracycline","","8","","8","mg/L","Broth dilution","","Sensititre Mastitis","Thermo Fisher Scientific","","","","","","Laboratory Method","",""
1349,"1349.203","Streptococcus uberis PE40","penicillin/novobiocin","","1","","1","mg/L","Broth dilution","","Sensititre Mastitis","Thermo Fisher Scientific","","","","","","Laboratory Method","",""
1349,"1349.713","Streptococcus uberis strain 17652_7#84","oxacillin","","2","","2","mg/L","Broth dilution","","","","CLSI",2013,"","","","Laboratory Method","","[32122596]"
1349,"1349.742","Streptococcus uberis strain 17652_8#28","oxacillin","","0.125","","0.125","mg/L","Broth dilution","","","","CLSI",2013,"","","","Laboratory Method","","[32122596]"
1349,"1349.232","Streptococcus uberis PE93","cephalothin","","1","","1","mg/L","Broth dilution","","Sensititre Mastitis","Thermo Fisher Scientific","","","","","","Laboratory Method","",""
1349,"1349.207","Streptococcus uberis PE50","penicillin","","0.5","","0.5","mg/L","Broth dilution","","Sensititre Mastitis","Thermo Fisher Scientific","","","","","","Laboratory Method","",""
1349,"1349.227","Streptococcus uberis PE76","tetracycline","","8","","8","mg/L","Broth dilution","","Sensititre Mastitis","Thermo Fisher Scientific","","","","","","Laboratory Method","",""
1349,"1349.198","Streptococcus uberis PE34","pirlimycin","","0.25","","0.25","mg/L","Broth dilution","","Sensititre Mastitis","Thermo Fisher Scientific","","","","","","Laboratory Method","",""
1349,"1349.209","Streptococcus uberis PE57","cephalothin","","8","","8","mg/L","Broth dilution","","Sensititre Mastitis","Thermo Fisher Scientific","","","","","","Laboratory Method","",""
1349,"1349.135","Streptococcus uberis PE227","penicillin/novobiocin","","0.5","","0.5","mg/L","Broth dilution","","Sensititre Mastitis","Thermo Fisher Scientific","","","","","","Laboratory Method","",""
1349,"1349.775","Streptococcus uberis strain 17652_8#56","oxacillin","","2","","2","mg/L","Broth dilution","","","","CLSI",2013,"","","","Laboratory Method","","[32122596]"
1349,"1349.806","Streptococcus uberis strain 18274_6#46","oxacillin","","1","","1","mg/L","Broth dilution","","","","CLSI",2013,"","","","Laboratory Method","","[32122596]"
1349,"1349.216","Streptococcus uberis PE65","penicillin/novobiocin","","0.5","","0.5","mg/L","Broth dilution","","Sensititre Mastitis","Thermo Fisher Scientific","","","","","","Laboratory Method","",""
1349,"1349.770","Streptococcus uberis strain 17652_8#58","oxacillin","","0.125","","0.125","mg/L","Broth dilution","","","","CLSI",2013,"","","","Laboratory Method","","[32122596]"
1349,"1349.200","Streptococcus uberis PE37","penicillin","","0.5","","0.5","mg/L","Broth dilution","","Sensititre Mastitis","Thermo Fisher Scientific","","","","","","Laboratory Method","",""
1349,"1349.209","Streptococcus uberis PE57","pirlimycin","","0.25","","0.25","mg/L","Broth dilution","","Sensititre Mastitis","Thermo Fisher Scientific","","","","","","Laboratory Method","",""
1349,"1349.213","Streptococcus uberis PE61","penicillin","","0.5","","0.5","mg/L","Broth dilution","","Sensititre Mastitis","Thermo Fisher Scientific","","","","","","Laboratory Method","",""
1349,"1349.198","Streptococcus uberis PE34","penicillin","","0.25","","0.25","mg/L","Broth dilution","","Sensititre Mastitis","Thermo Fisher Scientific","","","","","","Laboratory Method","",""
1349,"1349.640","Streptococcus uberis strain 17150_7#67","oxacillin","","0.125","","0.125","mg/L","Broth dilution","","","","CLSI",2013,"","","","Laboratory Method","","[32122596]"
1349,"1349.224","Streptococcus uberis PE73","tetracycline","","0.5","","0.5","mg/L","Broth dilution","","Sensititre Mastitis","Thermo Fisher Scientific","","","","","","Laboratory Method","",""
1349,"1349.61","Streptococcus uberis PE172","penicillin","","0.125","","0.125","mg/L","Broth dilution","","Sensititre Mastitis","Thermo Fisher Scientific","","","","","","Laboratory Method","",""
1349,"1349.222","Streptococcus uberis PE71","erythromycin","","0.125","","0.125","mg/L","Broth dilution","","Sensititre Mastitis","Thermo Fisher Scientific","","","","","","Laboratory Method","",""
1349,"1349.694","Streptococcus uberis strain 17652_7#69","oxacillin","","2","","2","mg/L","Broth dilution","","","","CLSI",2013,"","","","Laboratory Method","","[32122596]"
1349,"1349.842","Streptococcus uberis strain 19183_8#123","oxacillin","","0.125","","0.125","mg/L","Broth dilution","","","","CLSI",2013,"","","","Laboratory Method","","[32122596]"
1349,"1349.224","Streptococcus uberis PE73","penicillin","","0.25","","0.25","mg/L","Broth dilution","","Sensititre Mastitis","Thermo Fisher Scientific","","","","","","Laboratory Method","",""
1349,"1349.224","Streptococcus uberis PE73","cephalothin","","1","","1","mg/L","Broth dilution","","Sensititre Mastitis","Thermo Fisher Scientific","","","","","","Laboratory Method","",""
1349,"1349.218","Streptococcus uberis PE67","ampicillin","","0.25","","0.25","mg/L","Broth dilution","","Sensititre Mastitis","Thermo Fisher Scientific","","","","","","Laboratory Method","",""
1349,"1349.791","Streptococcus uberis strain 17652_8#84","oxacillin","","0.125","","0.125","mg/L","Broth dilution","","","","CLSI",2013,"","","","Laboratory Method","","[32122596]"
1349,"1349.225","Streptococcus uberis PE74","pirlimycin","","0.25","","0.25","mg/L","Broth dilution","","Sensititre Mastitis","Thermo Fisher Scientific","","","","","","Laboratory Method","",""
1349,"1349.796","Streptococcus uberis strain 17652_8#9","oxacillin","","2","","2","mg/L","Broth dilution","","","","CLSI",2013,"","","","Laboratory Method","","[32122596]"
1349,"1349.200","Streptococcus uberis PE37","penicillin/novobiocin","","1","","1","mg/L","Broth dilution","","Sensititre Mastitis","Thermo Fisher Scientific","","","","","","Laboratory Method","",""
1349,"1349.750","Streptococcus uberis strain 17652_8#32","oxacillin","","0.125","","0.125","mg/L","Broth dilution","","","","CLSI",2013,"","","","Laboratory Method","","[32122596]"
1349,"1349.776","Streptococcus uberis strain 17652_8#71","oxacillin","","1","","1","mg/L","Broth dilution","","","","CLSI",2013,"","","","Laboratory Method","","[32122596]"
1349,"1349.804","Streptococcus uberis strain 17652_8#93","oxacillin","","0.0625","","0.0625","mg/L","Broth dilution","","","","CLSI",2013,"","","","Laboratory Method","","[32122596]"
1349,"1349.664","Streptococcus uberis strain 17150_7#93","oxacillin","","1","","1","mg/L","Broth dilution","","","","CLSI",2013,"","","","Laboratory Method","","[32122596]"
1349,"1349.612","Streptococcus uberis strain 17150_7#42","oxacillin","","2","","2","mg/L","Broth dilution","","","","CLSI",2013,"","","","Laboratory Method","","[32122596]"
1349,"1349.134","Streptococcus uberis PE22","pirlimycin","","0.25","","0.25","mg/L","Broth dilution","","Sensititre Mastitis","Thermo Fisher Scientific","","","","","","Laboratory Method","",""
1349,"1349.838","Streptococcus uberis strain 18274_6#76","oxacillin","","2","","2","mg/L","Broth dilution","","","","CLSI",2013,"","","","Laboratory Method","","[32122596]"
1349,"1349.659","Streptococcus uberis strain 17150_7#90","oxacillin","","0.125","","0.125","mg/L","Broth dilution","","","","CLSI",2013,"","","","Laboratory Method","","[32122596]"
1349,"1349.208","Streptococcus uberis PE54","penicillin","","0.0625","","0.0625","mg/L","Broth dilution","","Sensititre Mastitis","Thermo Fisher Scientific","","","","","","Laboratory Method","",""
1349,"1349.185","Streptococcus uberis PE21","penicillin/novobiocin","","0.5","","0.5","mg/L","Broth dilution","","Sensititre Mastitis","Thermo Fisher Scientific","","","","","","Laboratory Method","",""
1349,"1349.205","Streptococcus uberis PE42","penicillin","","0.25","","0.25","mg/L","Broth dilution","","Sensititre Mastitis","Thermo Fisher Scientific","","","","","","Laboratory Method","",""
1349,"1349.205","Streptococcus uberis PE42","ceftiofur","","1","","1","mg/L","Broth dilution","","Sensititre Mastitis","Thermo Fisher Scientific","","","","","","Laboratory Method","",""
1349,"1349.211","Streptococcus uberis PE59","tetracycline","","8","","8","mg/L","Broth dilution","","Sensititre Mastitis","Thermo Fisher Scientific","","","","","","Laboratory Method","",""
1349,"1349.674","Streptococcus uberis strain 17652_7#45","oxacillin","","2","","2","mg/L","Broth dilution","","","","CLSI",2013,"","","","Laboratory Method","","[32122596]"
1349,"1349.863","Streptococcus uberis strain 19183_8#138","oxacillin","","2","","2","mg/L","Broth dilution","","","","CLSI",2013,"","","","Laboratory Method","","[32122596]"
1349,"1349.638","Streptococcus uberis strain 17150_7#73","oxacillin","","2","","2","mg/L","Broth dilution","","","","CLSI",2013,"","","","Laboratory Method","","[32122596]"
1349,"1349.231","Streptococcus uberis PE8","ampicillin","","0.5","","0.5","mg/L","Broth dilution","","Sensititre Mastitis","Thermo Fisher Scientific","","","","","","Laboratory Method","",""
1349,"1349.231","Streptococcus uberis PE8","penicillin","","0.5","","0.5","mg/L","Broth dilution","","Sensititre Mastitis","Thermo Fisher Scientific","","","","","","Laboratory Method","",""
1349,"1349.196","Streptococcus uberis PE32","penicillin/novobiocin","","0.5","","0.5","mg/L","Broth dilution","","Sensititre Mastitis","Thermo Fisher Scientific","","","","","","Laboratory Method","",""
1349,"1349.690","Streptococcus uberis strain 17652_7#64","oxacillin","","1","","1","mg/L","Broth dilution","","","","CLSI",2013,"","","","Laboratory Method","","[32122596]"
1349,"1349.211","Streptococcus uberis PE59","erythromycin","","0.125","","0.125","mg/L","Broth dilution","","Sensititre Mastitis","Thermo Fisher Scientific","","","","","","Laboratory Method","",""
1349,"1349.225","Streptococcus uberis PE74","penicillin/novobiocin","","0.5","","0.5","mg/L","Broth dilution","","Sensititre Mastitis","Thermo Fisher Scientific","","","","","","Laboratory Method","",""
1349,"1349.47","Streptococcus uberis PE16","pirlimycin","","0.25","","0.25","mg/L","Broth dilution","","Sensititre Mastitis","Thermo Fisher Scientific","","","","","","Laboratory Method","",""
1349,"1349.138","Streptococcus uberis PE242","tetracycline","","8","","8","mg/L","Broth dilution","","Sensititre Mastitis","Thermo Fisher Scientific","","","","","","Laboratory Method","",""
1349,"1349.139","Streptococcus uberis PE25","erythromycin","","0.125","","0.125","mg/L","Broth dilution","","Sensititre Mastitis","Thermo Fisher Scientific","","","","","","Laboratory Method","",""
1349,"1349.135","Streptococcus uberis PE227","cephalothin","","1","","1","mg/L","Broth dilution","","Sensititre Mastitis","Thermo Fisher Scientific","","","","","","Laboratory Method","",""
1349,"1349.839","Streptococcus uberis strain 18274_6#81","oxacillin","","1","","1","mg/L","Broth dilution","","","","CLSI",2013,"","","","Laboratory Method","","[32122596]"
1349,"1349.210","Streptococcus uberis PE58","ampicillin","","0.5","","0.5","mg/L","Broth dilution","","Sensititre Mastitis","Thermo Fisher Scientific","","","","","","Laboratory Method","",""
1349,"1349.754","Streptococcus uberis strain 17652_8#41","oxacillin","","0.125","","0.125","mg/L","Broth dilution","","","","CLSI",2013,"","","","Laboratory Method","","[32122596]"
1349,"1349.33","Streptococcus uberis PE11","ceftiofur","","1","","1","mg/L","Broth dilution","","Sensititre Mastitis","Thermo Fisher Scientific","","","","","","Laboratory Method","",""
1349,"1349.221","Streptococcus uberis PE70","tetracycline","","8","","8","mg/L","Broth dilution","","Sensititre Mastitis","Thermo Fisher Scientific","","","","","","Laboratory Method","",""
1349,"1349.111","Streptococcus uberis PE24","ceftiofur","","0.5","","0.5","mg/L","Broth dilution","","Sensititre Mastitis","Thermo Fisher Scientific","","","","","","Laboratory Method","",""
1349,"1349.802","Streptococcus uberis strain 17652_8#91","oxacillin","","1","","1","mg/L","Broth dilution","","","","CLSI",2013,"","","","Laboratory Method","","[32122596]"
1349,"1349.220","Streptococcus uberis PE7","cephalothin","","1","","1","mg/L","Broth dilution","","Sensititre Mastitis","Thermo Fisher Scientific","","","","","","Laboratory Method","",""
1349,"1349.671","Streptococcus uberis strain 17652_7#38","oxacillin","","0.0625","","0.0625","mg/L","Broth dilution","","","","CLSI",2013,"","","","Laboratory Method","","[32122596]"
1349,"1349.225","Streptococcus uberis PE74","tetracycline","","8","","8","mg/L","Broth dilution","","Sensititre Mastitis","Thermo Fisher Scientific","","","","","","Laboratory Method","",""
1349,"1349.115","Streptococcus uberis PE27","penicillin/novobiocin","","0.5","","0.5","mg/L","Broth dilution","","Sensititre Mastitis","Thermo Fisher Scientific","","","","","","Laboratory Method","",""
1349,"1349.134","Streptococcus uberis PE22","ceftiofur","","1","","1","mg/L","Broth dilution","","Sensititre Mastitis","Thermo Fisher Scientific","","","","","","Laboratory Method","",""
1349,"1349.135","Streptococcus uberis PE227","ampicillin","","0.25","","0.25","mg/L","Broth dilution","","Sensititre Mastitis","Thermo Fisher Scientific","","","","","","Laboratory Method","",""
1349,"1349.216","Streptococcus uberis PE65","cephalothin","","1","","1","mg/L","Broth dilution","","Sensititre Mastitis","Thermo Fisher Scientific","","","","","","Laboratory Method","",""
1349,"1349.185","Streptococcus uberis PE21","penicillin","","0.25","","0.25","mg/L","Broth dilution","","Sensititre Mastitis","Thermo Fisher Scientific","","","","","","Laboratory Method","",""
1349,"1349.656","Streptococcus uberis strain 17150_7#88","oxacillin","","0.125","","0.125","mg/L","Broth dilution","","","","CLSI",2013,"","","","Laboratory Method","","[32122596]"
1349,"1349.747","Streptococcus uberis strain 17652_8#35","oxacillin","","1","","1","mg/L","Broth dilution","","","","CLSI",2013,"","","","Laboratory Method","","[32122596]"
1349,"1349.757","Streptococcus uberis strain 17652_8#45","oxacillin","","2","","2","mg/L","Broth dilution","","","","CLSI",2013,"","","","Laboratory Method","","[32122596]"
1349,"1349.611","Streptococcus uberis strain 17150_7#41","oxacillin","","2","","2","mg/L","Broth dilution","","","","CLSI",2013,"","","","Laboratory Method","","[32122596]"
1349,"1349.47","Streptococcus uberis PE16","penicillin","","0.25","","0.25","mg/L","Broth dilution","","Sensititre Mastitis","Thermo Fisher Scientific","","","","","","Laboratory Method","",""
1349,"1349.136","Streptococcus uberis PE238","cephalothin","","16","","16","mg/L","Broth dilution","","Sensititre Mastitis","Thermo Fisher Scientific","","","","","","Laboratory Method","",""
1349,"1349.216","Streptococcus uberis PE65","ampicillin","","0.0625","","0.0625","mg/L","Broth dilution","","Sensititre Mastitis","Thermo Fisher Scientific","","","","","","Laboratory Method","",""
1349,"1349.115","Streptococcus uberis PE27","tetracycline","","0.5","","0.5","mg/L","Broth dilution","","Sensititre Mastitis","Thermo Fisher Scientific","","","","","","Laboratory Method","",""
1349,"1349.84","Streptococcus uberis PE2","pirlimycin","","4","","4","mg/L","Broth dilution","","Sensititre Mastitis","Thermo Fisher Scientific","","","","","","Laboratory Method","",""
1349,"1349.857","Streptococcus uberis strain 19183_8#135","oxacillin","","0.0625","","0.0625","mg/L","Broth dilution","","","","CLSI",2013,"","","","Laboratory Method","","[32122596]"
1349,"1349.824","Streptococcus uberis strain 18274_6#69","oxacillin","","0.125","","0.125","mg/L","Broth dilution","","","","CLSI",2013,"","","","Laboratory Method","","[32122596]"
1349,"1349.673","Streptococcus uberis strain 17652_7#47","oxacillin","","0.125","","0.125","mg/L","Broth dilution","","","","CLSI",2013,"","","","Laboratory Method","","[32122596]"
1349,"1349.675","Streptococcus uberis strain 17652_7#46","oxacillin","","2","","2","mg/L","Broth dilution","","","","CLSI",2013,"","","","Laboratory Method","","[32122596]"
1349,"1349.197","Streptococcus uberis PE33","pirlimycin","","0.25","","0.25","mg/L","Broth dilution","","Sensititre Mastitis","Thermo Fisher Scientific","","","","","","Laboratory Method","",""
1349,"1349.218","Streptococcus uberis PE67","tetracycline","","0.5","","0.5","mg/L","Broth dilution","","Sensititre Mastitis","Thermo Fisher Scientific","","","","","","Laboratory Method","",""
1349,"1349.773","Streptococcus uberis strain 17652_8#6","oxacillin","","2","","2","mg/L","Broth dilution","","","","CLSI",2013,"","","","Laboratory Method","","[32122596]"
1349,"1349.615","Streptococcus uberis strain 17150_7#45","oxacillin","","0.125","","0.125","mg/L","Broth dilution","","","","CLSI",2013,"","","","Laboratory Method","","[32122596]"
1349,"1349.203","Streptococcus uberis PE40","pirlimycin","","4","","4","mg/L","Broth dilution","","Sensititre Mastitis","Thermo Fisher Scientific","","","","","","Laboratory Method","",""
1349,"1349.217","Streptococcus uberis PE66","tetracycline","","0.5","","0.5","mg/L","Broth dilution","","Sensititre Mastitis","Thermo Fisher Scientific","","","","","","Laboratory Method","",""
1349,"1349.32","Streptococcus uberis PE100","pirlimycin","","0.25","","0.25","mg/L","Broth dilution","","Sensititre Mastitis","Thermo Fisher Scientific","","","","","","Laboratory Method","",""
1349,"1349.219","Streptococcus uberis PE68","ceftiofur","","0.5","","0.5","mg/L","Broth dilution","","Sensititre Mastitis","Thermo Fisher Scientific","","","","","","Laboratory Method","",""
1349,"1349.201","Streptococcus uberis PE39","tetracycline","","0.5","","0.5","mg/L","Broth dilution","","Sensititre Mastitis","Thermo Fisher Scientific","","","","","","Laboratory Method","",""
1349,"1349.836","Streptococcus uberis strain 18274_6#82","oxacillin","","1","","1","mg/L","Broth dilution","","","","CLSI",2013,"","","","Laboratory Method","","[32122596]"
1349,"1349.145","Streptococcus uberis PE10","penicillin/novobiocin","","0.5","","0.5","mg/L","Broth dilution","","Sensititre Mastitis","Thermo Fisher Scientific","","","","","","Laboratory Method","",""
1349,"1349.222","Streptococcus uberis PE71","ceftiofur","","0.5","","0.5","mg/L","Broth dilution","","Sensititre Mastitis","Thermo Fisher Scientific","","","","","","Laboratory Method","",""
1349,"1349.135","Streptococcus uberis PE227","pirlimycin","","4","","4","mg/L","Broth dilution","","Sensititre Mastitis","Thermo Fisher Scientific","","","","","","Laboratory Method","",""
1349,"1349.202","Streptococcus uberis PE4","ampicillin","","4","","4","mg/L","Broth dilution","","Sensititre Mastitis","Thermo Fisher Scientific","","","","","","Laboratory Method","",""
1349,"1349.135","Streptococcus uberis PE227","tetracycline","","0.5","","0.5","mg/L","Broth dilution","","Sensititre Mastitis","Thermo Fisher Scientific","","","","","","Laboratory Method","",""
1349,"1349.843","Streptococcus uberis strain 19183_8#121","oxacillin","","2","","2","mg/L","Broth dilution","","","","CLSI",2013,"","","","Laboratory Method","","[32122596]"
1349,"1349.111","Streptococcus uberis PE24","ampicillin","","0.25","","0.25","mg/L","Broth dilution","","Sensititre Mastitis","Thermo Fisher Scientific","","","","","","Laboratory Method","",""
1349,"1349.815","Streptococcus uberis strain 18274_6#59","oxacillin","","1","","1","mg/L","Broth dilution","","","","CLSI",2013,"","","","Laboratory Method","","[32122596]"
1349,"1349.145","Streptococcus uberis PE10","erythromycin","","0.125","","0.125","mg/L","Broth dilution","","Sensititre Mastitis","Thermo Fisher Scientific","","","","","","Laboratory Method","",""
1349,"1349.39","Streptococcus uberis PE15","erythromycin","","0.125","","0.125","mg/L","Broth dilution","","Sensititre Mastitis","Thermo Fisher Scientific","","","","","","Laboratory Method","",""
1349,"1349.726","Streptococcus uberis strain 17652_8#10","oxacillin","","0.125","","0.125","mg/L","Broth dilution","","","","CLSI",2013,"","","","Laboratory Method","","[32122596]"
1349,"1349.218","Streptococcus uberis PE67","pirlimycin","","0.25","","0.25","mg/L","Broth dilution","","Sensititre Mastitis","Thermo Fisher Scientific","","","","","","Laboratory Method","",""
1349,"1349.229","Streptococcus uberis PE78","ampicillin","","0.25","","0.25","mg/L","Broth dilution","","Sensititre Mastitis","Thermo Fisher Scientific","","","","","","Laboratory Method","",""
1349,"1349.746","Streptococcus uberis strain 17652_8#36","oxacillin","","0.125","","0.125","mg/L","Broth dilution","","","","CLSI",2013,"","","","Laboratory Method","","[32122596]"
1349,"1349.227","Streptococcus uberis PE76","pirlimycin","","2","","2","mg/L","Broth dilution","","Sensititre Mastitis","Thermo Fisher Scientific","","","","","","Laboratory Method","",""
1349,"1349.642","Streptococcus uberis strain 17150_7#76","oxacillin","","1","","1","mg/L","Broth dilution","","","","CLSI",2013,"","","","Laboratory Method","","[32122596]"
1349,"1349.47","Streptococcus uberis PE16","erythromycin","","0.125","","0.125","mg/L","Broth dilution","","Sensititre Mastitis","Thermo Fisher Scientific","","","","","","Laboratory Method","",""
1349,"1349.39","Streptococcus uberis PE15","cephalothin","","1","","1","mg/L","Broth dilution","","Sensititre Mastitis","Thermo Fisher Scientific","","","","","","Laboratory Method","",""
1349,"1349.214","Streptococcus uberis PE62","ampicillin","","0.5","","0.5","mg/L","Broth dilution","","Sensititre Mastitis","Thermo Fisher Scientific","","","","","","Laboratory Method","",""
1349,"1349.32","Streptococcus uberis PE100","tetracycline","","4","","4","mg/L","Broth dilution","","Sensititre Mastitis","Thermo Fisher Scientific","","","","","","Laboratory Method","",""
1349,"1349.35","Streptococcus uberis PE12","ampicillin","","4","","4","mg/L","Broth dilution","","Sensititre Mastitis","Thermo Fisher Scientific","","","","","","Laboratory Method","",""
1349,"1349.223","Streptococcus uberis PE72","penicillin/novobiocin","","0.5","","0.5","mg/L","Broth dilution","","Sensititre Mastitis","Thermo Fisher Scientific","","","","","","Laboratory Method","",""
1349,"1349.200","Streptococcus uberis PE37","ampicillin","","0.5","","0.5","mg/L","Broth dilution","","Sensititre Mastitis","Thermo Fisher Scientific","","","","","","Laboratory Method","",""
1349,"1349.203","Streptococcus uberis PE40","tetracycline","","1","","1","mg/L","Broth dilution","","Sensititre Mastitis","Thermo Fisher Scientific","","","","","","Laboratory Method","",""
1349,"1349.813","Streptococcus uberis strain 18274_6#60","oxacillin","","2","","2","mg/L","Broth dilution","","","","CLSI",2013,"","","","Laboratory Method","","[32122596]"
1349,"1349.635","Streptococcus uberis strain 17150_7#74","oxacillin","","0.125","","0.125","mg/L","Broth dilution","","","","CLSI",2013,"","","","Laboratory Method","","[32122596]"
1349,"1349.219","Streptococcus uberis PE68","tetracycline","","0.5","","0.5","mg/L","Broth dilution","","Sensititre Mastitis","Thermo Fisher Scientific","","","","","","Laboratory Method","",""
1349,"1349.692","Streptococcus uberis strain 17652_7#63","oxacillin","","1","","1","mg/L","Broth dilution","","","","CLSI",2013,"","","","Laboratory Method","","[32122596]"
1349,"1349.135","Streptococcus uberis PE227","erythromycin","","0.125","","0.125","mg/L","Broth dilution","","Sensititre Mastitis","Thermo Fisher Scientific","","","","","","Laboratory Method","",""
1349,"1349.641","Streptococcus uberis strain 17150_7#70","oxacillin","","0.0625","","0.0625","mg/L","Broth dilution","","","","CLSI",2013,"","","","Laboratory Method","","[32122596]"
1349,"1349.222","Streptococcus uberis PE71","penicillin","","0.25","","0.25","mg/L","Broth dilution","","Sensititre Mastitis","Thermo Fisher Scientific","","","","","","Laboratory Method","",""
1349,"1349.209","Streptococcus uberis PE57","erythromycin","","0.125","","0.125","mg/L","Broth dilution","","Sensititre Mastitis","Thermo Fisher Scientific","","","","","","Laboratory Method","",""
1349,"1349.197","Streptococcus uberis PE33","tetracycline","","8","","8","mg/L","Broth dilution","","Sensititre Mastitis","Thermo Fisher Scientific","","","","","","Laboratory Method","",""
1349,"1349.145","Streptococcus uberis PE10","cephalothin","","1","","1","mg/L","Broth dilution","","Sensititre Mastitis","Thermo Fisher Scientific","","","","","","Laboratory Method","",""
1349,"1349.218","Streptococcus uberis PE67","cephalothin","","1","","1","mg/L","Broth dilution","","Sensititre Mastitis","Thermo Fisher Scientific","","","","","","Laboratory Method","",""
1349,"1349.697","Streptococcus uberis strain 17652_7#68","oxacillin","","0.125","","0.125","mg/L","Broth dilution","","","","CLSI",2013,"","","","Laboratory Method","","[32122596]"
1349,"1349.617","Streptococcus uberis strain 17150_7#47","oxacillin","","0.125","","0.125","mg/L","Broth dilution","","","","CLSI",2013,"","","","Laboratory Method","","[32122596]"
1349,"1349.216","Streptococcus uberis PE65","ceftiofur","","0.25","","0.25","mg/L","Broth dilution","","Sensititre Mastitis","Thermo Fisher Scientific","","","","","","Laboratory Method","",""
1349,"1349.134","Streptococcus uberis PE22","erythromycin","","0.125","","0.125","mg/L","Broth dilution","","Sensititre Mastitis","Thermo Fisher Scientific","","","","","","Laboratory Method","",""
1349,"1349.636","Streptococcus uberis strain 17150_7#75","oxacillin","","0.125","","0.125","mg/L","Broth dilution","","","","CLSI",2013,"","","","Laboratory Method","","[32122596]"
1349,"1349.210","Streptococcus uberis PE58","ceftiofur","","0.25","","0.25","mg/L","Broth dilution","","Sensititre Mastitis","Thermo Fisher Scientific","","","","","","Laboratory Method","",""
1349,"1349.799","Streptococcus uberis strain 17652_8#90","oxacillin","","0.0625","","0.0625","mg/L","Broth dilution","","","","CLSI",2013,"","","","Laboratory Method","","[32122596]"
1349,"1349.807","Streptococcus uberis strain 17652_8#95","oxacillin","","2","","2","mg/L","Broth dilution","","","","CLSI",2013,"","","","Laboratory Method","","[32122596]"
1349,"1349.134","Streptococcus uberis PE22","cephalothin","","1","","1","mg/L","Broth dilution","","Sensititre Mastitis","Thermo Fisher Scientific","","","","","","Laboratory Method","",""
1349,"1349.626","Streptococcus uberis strain 17150_7#58","oxacillin","","2","","2","mg/L","Broth dilution","","","","CLSI",2013,"","","","Laboratory Method","","[32122596]"
1349,"1349.84","Streptococcus uberis PE2","cephalothin","","1","","1","mg/L","Broth dilution","","Sensititre Mastitis","Thermo Fisher Scientific","","","","","","Laboratory Method","",""
1349,"1349.140","Streptococcus uberis PE26","penicillin","","0.5","","0.5","mg/L","Broth dilution","","Sensititre Mastitis","Thermo Fisher Scientific","","","","","","Laboratory Method","",""
1349,"1349.226","Streptococcus uberis PE75","penicillin/novobiocin","","0.5","","0.5","mg/L","Broth dilution","","Sensititre Mastitis","Thermo Fisher Scientific","","","","","","Laboratory Method","",""
1349,"1349.185","Streptococcus uberis PE21","erythromycin","","0.125","","0.125","mg/L","Broth dilution","","Sensititre Mastitis","Thermo Fisher Scientific","","","","","","Laboratory Method","",""
1349,"1349.861","Streptococcus uberis strain 19183_8#128","oxacillin","","1","","1","mg/L","Broth dilution","","","","CLSI",2013,"","","","Laboratory Method","","[32122596]"
1349,"1349.782","Streptococcus uberis strain 17652_8#65","oxacillin","","0.125","","0.125","mg/L","Broth dilution","","","","CLSI",2013,"","","","Laboratory Method","","[32122596]"
1349,"1349.737","Streptococcus uberis strain 17652_8#20","oxacillin","","2","","2","mg/L","Broth dilution","","","","CLSI",2013,"","","","Laboratory Method","","[32122596]"
1349,"1349.35","Streptococcus uberis PE12","ceftiofur","","4","","4","mg/L","Broth dilution","","Sensititre Mastitis","Thermo Fisher Scientific","","","","","","Laboratory Method","",""
1349,"1349.220","Streptococcus uberis PE7","tetracycline","","8","","8","mg/L","Broth dilution","","Sensititre Mastitis","Thermo Fisher Scientific","","","","","","Laboratory Method","",""
1349,"1349.221","Streptococcus uberis PE70","ceftiofur","","1","","1","mg/L","Broth dilution","","Sensititre Mastitis","Thermo Fisher Scientific","","","","","","Laboratory Method","",""
1349,"1349.217","Streptococcus uberis PE66","erythromycin","","0.125","","0.125","mg/L","Broth dilution","","Sensititre Mastitis","Thermo Fisher Scientific","","","","","","Laboratory Method","",""
1349,"1349.700","Streptococcus uberis strain 17652_7#74","oxacillin","","1","","1","mg/L","Broth dilution","","","","CLSI",2013,"","","","Laboratory Method","","[32122596]"
1349,"1349.209","Streptococcus uberis PE57","penicillin/novobiocin","","0.5","","0.5","mg/L","Broth dilution","","Sensititre Mastitis","Thermo Fisher Scientific","","","","","","Laboratory Method","",""
1349,"1349.35","Streptococcus uberis PE12","penicillin","","8","","8","mg/L","Broth dilution","","Sensititre Mastitis","Thermo Fisher Scientific","","","","","","Laboratory Method","",""
1349,"1349.716","Streptococcus uberis strain 17652_7#90","oxacillin","","0.125","","0.125","mg/L","Broth dilution","","","","CLSI",2013,"","","","Laboratory Method","","[32122596]"
1349,"1349.196","Streptococcus uberis PE32","penicillin","","0.25","","0.25","mg/L","Broth dilution","","Sensititre Mastitis","Thermo Fisher Scientific","","","","","","Laboratory Method","",""
1349,"1349.833","Streptococcus uberis strain 18274_6#80","oxacillin","","2","","2","mg/L","Broth dilution","","","","CLSI",2013,"","","","Laboratory Method","","[32122596]"
1349,"1349.226","Streptococcus uberis PE75","cephalothin","","1","","1","mg/L","Broth dilution","","Sensititre Mastitis","Thermo Fisher Scientific","","","","","","Laboratory Method","",""
1349,"1349.216","Streptococcus uberis PE65","pirlimycin","","0.25","","0.25","mg/L","Broth dilution","","Sensititre Mastitis","Thermo Fisher Scientific","","","","","","Laboratory Method","",""
1349,"1349.709","Streptococcus uberis strain 17652_7#75","oxacillin","","0.125","","0.125","mg/L","Broth dilution","","","","CLSI",2013,"","","","Laboratory Method","","[32122596]"
1349,"1349.61","Streptococcus uberis PE172","tetracycline","","0.5","","0.5","mg/L","Broth dilution","","Sensititre Mastitis","Thermo Fisher Scientific","","","","","","Laboratory Method","",""
1349,"1349.134","Streptococcus uberis PE22","penicillin/novobiocin","","0.5","","0.5","mg/L","Broth dilution","","Sensititre Mastitis","Thermo Fisher Scientific","","","","","","Laboratory Method","",""
1349,"1349.212","Streptococcus uberis PE60","ampicillin","","0.5","","0.5","mg/L","Broth dilution","","Sensititre Mastitis","Thermo Fisher Scientific","","","","","","Laboratory Method","",""
1349,"1349.200","Streptococcus uberis PE37","tetracycline","","1","","1","mg/L","Broth dilution","","Sensititre Mastitis","Thermo Fisher Scientific","","","","","","Laboratory Method","",""
1349,"1349.213","Streptococcus uberis PE61","pirlimycin","","2","","2","mg/L","Broth dilution","","Sensititre Mastitis","Thermo Fisher Scientific","","","","","","Laboratory Method","",""
1349,"1349.858","Streptococcus uberis strain 19183_8#132","oxacillin","","0.0625","","0.0625","mg/L","Broth dilution","","","","CLSI",2013,"","","","Laboratory Method","","[32122596]"
1349,"1349.204","Streptococcus uberis PE41","cephalothin","","1","","1","mg/L","Broth dilution","","Sensititre Mastitis","Thermo Fisher Scientific","","","","","","Laboratory Method","",""
1349,"1349.604","Streptococcus uberis strain 17150_7#34","oxacillin","","0.125","","0.125","mg/L","Broth dilution","","","","CLSI",2013,"","","","Laboratory Method","","[32122596]"
1349,"1349.213","Streptococcus uberis PE61","ampicillin","","0.5","","0.5","mg/L","Broth dilution","","Sensititre Mastitis","Thermo Fisher Scientific","","","","","","Laboratory Method","",""
1349,"1349.140","Streptococcus uberis PE26","tetracycline","","0.5","","0.5","mg/L","Broth dilution","","Sensititre Mastitis","Thermo Fisher Scientific","","","","","","Laboratory Method","",""
1349,"1349.229","Streptococcus uberis PE78","cephalothin","","1","","1","mg/L","Broth dilution","","Sensititre Mastitis","Thermo Fisher Scientific","","","","","","Laboratory Method","",""
1349,"1349.696","Streptococcus uberis strain 17652_7#70","oxacillin","","2","","2","mg/L","Broth dilution","","","","CLSI",2013,"","","","Laboratory Method","","[32122596]"
1349,"1349.778","Streptococcus uberis strain 17652_8#7","oxacillin","","2","","2","mg/L","Broth dilution","","","","CLSI",2013,"","","","Laboratory Method","","[32122596]"
1349,"1349.739","Streptococcus uberis strain 17652_8#2","oxacillin","","1","","1","mg/L","Broth dilution","","","","CLSI",2013,"","","","Laboratory Method","","[32122596]"
1349,"1349.199","Streptococcus uberis PE35","erythromycin","","0.125","","0.125","mg/L","Broth dilution","","Sensititre Mastitis","Thermo Fisher Scientific","","","","","","Laboratory Method","",""
1349,"1349.738","Streptococcus uberis strain 17652_8#26","oxacillin","","0.125","","0.125","mg/L","Broth dilution","","","","CLSI",2013,"","","","Laboratory Method","","[32122596]"
1349,"1349.202","Streptococcus uberis PE4","ceftiofur","","1","","1","mg/L","Broth dilution","","Sensititre Mastitis","Thermo Fisher Scientific","","","","","","Laboratory Method","",""
1349,"1349.209","Streptococcus uberis PE57","tetracycline","","8","","8","mg/L","Broth dilution","","Sensititre Mastitis","Thermo Fisher Scientific","","","","","","Laboratory Method","",""
1349,"1349.217","Streptococcus uberis PE66","ceftiofur","","0.25","","0.25","mg/L","Broth dilution","","Sensititre Mastitis","Thermo Fisher Scientific","","","","","","Laboratory Method","",""
1349,"1349.228","Streptococcus uberis PE77","tetracycline","","8","","8","mg/L","Broth dilution","","Sensititre Mastitis","Thermo Fisher Scientific","","","","","","Laboratory Method","",""
1349,"1349.206","Streptococcus uberis PE5","ampicillin","","0.25","","0.25","mg/L","Broth dilution","","Sensititre Mastitis","Thermo Fisher Scientific","","","","","","Laboratory Method","",""
1349,"1349.206","Streptococcus uberis PE5","erythromycin","","0.125","","0.125","mg/L","Broth dilution","","Sensititre Mastitis","Thermo Fisher Scientific","","","","","","Laboratory Method","",""
1349,"1349.138","Streptococcus uberis PE242","pirlimycin","","4","","4","mg/L","Broth dilution","","Sensititre Mastitis","Thermo Fisher Scientific","","","","","","Laboratory Method","",""
1349,"1349.35","Streptococcus uberis PE12","cephalothin","","8","","8","mg/L","Broth dilution","","Sensititre Mastitis","Thermo Fisher Scientific","","","","","","Laboratory Method","",""
1349,"1349.233","Streptococcus uberis PE98","erythromycin","","0.125","","0.125","mg/L","Broth dilution","","Sensititre Mastitis","Thermo Fisher Scientific","","","","","","Laboratory Method","",""
1349,"1349.213","Streptococcus uberis PE61","tetracycline","","8","","8","mg/L","Broth dilution","","Sensititre Mastitis","Thermo Fisher Scientific","","","","","","Laboratory Method","",""
1349,"1349.837","Streptococcus uberis strain 18274_6#75","oxacillin","","0.125","","0.125","mg/L","Broth dilution","","","","CLSI",2013,"","","","Laboratory Method","","[32122596]"
1349,"1349.136","Streptococcus uberis PE238","pirlimycin","","4","","4","mg/L","Broth dilution","","Sensititre Mastitis","Thermo Fisher Scientific","","","","","","Laboratory Method","",""
1349,"1349.205","Streptococcus uberis PE42","pirlimycin","","4","","4","mg/L","Broth dilution","","Sensititre Mastitis","Thermo Fisher Scientific","","","","","","Laboratory Method","",""
1349,"1349.32","Streptococcus uberis PE100","cephalothin","","1","","1","mg/L","Broth dilution","","Sensititre Mastitis","Thermo Fisher Scientific","","","","","","Laboratory Method","",""
1349,"1349.631","Streptococcus uberis strain 17150_7#61","oxacillin","","2","","2","mg/L","Broth dilution","","","","CLSI",2013,"","","","Laboratory Method","","[32122596]"
1349,"1349.201","Streptococcus uberis PE39","cephalothin","","1","","1","mg/L","Broth dilution","","Sensititre Mastitis","Thermo Fisher Scientific","","","","","","Laboratory Method","",""
1349,"1349.224","Streptococcus uberis PE73","ampicillin","","0.25","","0.25","mg/L","Broth dilution","","Sensititre Mastitis","Thermo Fisher Scientific","","","","","","Laboratory Method","",""
1349,"1349.222","Streptococcus uberis PE71","penicillin/novobiocin","","0.5","","0.5","mg/L","Broth dilution","","Sensititre Mastitis","Thermo Fisher Scientific","","","","","","Laboratory Method","",""
1349,"1349.138","Streptococcus uberis PE242","erythromycin","","4","","4","mg/L","Broth dilution","","Sensititre Mastitis","Thermo Fisher Scientific","","","","","","Laboratory Method","",""
1349,"1349.222","Streptococcus uberis PE71","tetracycline","","8","","8","mg/L","Broth dilution","","Sensititre Mastitis","Thermo Fisher Scientific","","","","","","Laboratory Method","",""
1349,"1349.698","Streptococcus uberis strain 17652_7#72","oxacillin","","2","","2","mg/L","Broth dilution","","","","CLSI",2013,"","","","Laboratory Method","","[32122596]"
1349,"1349.214","Streptococcus uberis PE62","ceftiofur","","2","","2","mg/L","Broth dilution","","Sensititre Mastitis","Thermo Fisher Scientific","","","","","","Laboratory Method","",""
1349,"1349.39","Streptococcus uberis PE15","ampicillin","","0.5","","0.5","mg/L","Broth dilution","","Sensititre Mastitis","Thermo Fisher Scientific","","","","","","Laboratory Method","",""
1349,"1349.827","Streptococcus uberis strain 18274_6#68","oxacillin","","0.125","","0.125","mg/L","Broth dilution","","","","CLSI",2013,"","","","Laboratory Method","","[32122596]"
1349,"1349.653","Streptococcus uberis strain 17150_7#77","oxacillin","","0.25","","0.25","mg/L","Broth dilution","","","","CLSI",2013,"","","","Laboratory Method","","[32122596]"
1349,"1349.714","Streptococcus uberis strain 17652_7#87","oxacillin","","2","","2","mg/L","Broth dilution","","","","CLSI",2013,"","","","Laboratory Method","","[32122596]"
1349,"1349.648","Streptococcus uberis strain 17150_7#81","oxacillin","","0.0625","","0.0625","mg/L","Broth dilution","","","","CLSI",2013,"","","","Laboratory Method","","[32122596]"
1349,"1349.198","Streptococcus uberis PE34","penicillin/novobiocin","","0.5","","0.5","mg/L","Broth dilution","","Sensititre Mastitis","Thermo Fisher Scientific","","","","","","Laboratory Method","",""
1349,"1349.47","Streptococcus uberis PE16","ceftiofur","","2","","2","mg/L","Broth dilution","","Sensititre Mastitis","Thermo Fisher Scientific","","","","","","Laboratory Method","",""
1349,"1349.39","Streptococcus uberis PE15","penicillin/novobiocin","","0.5","","0.5","mg/L","Broth dilution","","Sensititre Mastitis","Thermo Fisher Scientific","","","","","","Laboratory Method","",""
1349,"1349.211","Streptococcus uberis PE59","penicillin","","0.5","","0.5","mg/L","Broth dilution","","Sensititre Mastitis","Thermo Fisher Scientific","","","","","","Laboratory Method","",""
1349,"1349.820","Streptococcus uberis strain 18274_6#63","oxacillin","","0.125","","0.125","mg/L","Broth dilution","","","","CLSI",2013,"","","","Laboratory Method","","[32122596]"
1349,"1349.723","Streptococcus uberis strain 17652_8#11","oxacillin","","2","","2","mg/L","Broth dilution","","","","CLSI",2013,"","","","Laboratory Method","","[32122596]"
1349,"1349.57","Streptococcus uberis PE17","erythromycin","","0.125","","0.125","mg/L","Broth dilution","","Sensititre Mastitis","Thermo Fisher Scientific","","","","","","Laboratory Method","",""
1349,"1349.663","Streptococcus uberis strain 17150_7#95","oxacillin","","1","","1","mg/L","Broth dilution","","","","CLSI",2013,"","","","Laboratory Method","","[32122596]"
1349,"1349.772","Streptococcus uberis strain 17652_8#60","oxacillin","","0.125","","0.125","mg/L","Broth dilution","","","","CLSI",2013,"","","","Laboratory Method","","[32122596]"
1349,"1349.101","Streptococcus uberis PE20","penicillin/novobiocin","","1","","1","mg/L","Broth dilution","","Sensititre Mastitis","Thermo Fisher Scientific","","","","","","Laboratory Method","",""
1349,"1349.116","Streptococcus uberis PE30","penicillin","","0.25","","0.25","mg/L","Broth dilution","","Sensititre Mastitis","Thermo Fisher Scientific","","","","","","Laboratory Method","",""
1349,"1349.744","Streptococcus uberis strain 17652_8#30","oxacillin","","0.125","","0.125","mg/L","Broth dilution","","","","CLSI",2013,"","","","Laboratory Method","","[32122596]"
1349,"1349.601","Streptococcus uberis strain 17150_7#31","oxacillin","","0.125","","0.125","mg/L","Broth dilution","","","","CLSI",2013,"","","","Laboratory Method","","[32122596]"
1349,"1349.730","Streptococcus uberis strain 17652_8#18","oxacillin","","0.125","","0.125","mg/L","Broth dilution","","","","CLSI",2013,"","","","Laboratory Method","","[32122596]"
1349,"1349.35","Streptococcus uberis PE12","tetracycline","","0.5","","0.5","mg/L","Broth dilution","","Sensititre Mastitis","Thermo Fisher Scientific","","","","","","Laboratory Method","",""
1349,"1349.101","Streptococcus uberis PE20","erythromycin","","0.25","","0.25","mg/L","Broth dilution","","Sensititre Mastitis","Thermo Fisher Scientific","","","","","","Laboratory Method","",""
1349,"1349.197","Streptococcus uberis PE33","penicillin/novobiocin","","0.5","","0.5","mg/L","Broth dilution","","Sensititre Mastitis","Thermo Fisher Scientific","","","","","","Laboratory Method","",""
1349,"1349.727","Streptococcus uberis strain 17652_8#13","oxacillin","","0.125","","0.125","mg/L","Broth dilution","","","","CLSI",2013,"","","","Laboratory Method","","[32122596]"
1349,"1349.688","Streptococcus uberis strain 17652_7#62","oxacillin","","0.125","","0.125","mg/L","Broth dilution","","","","CLSI",2013,"","","","Laboratory Method","","[32122596]"
1349,"1349.228","Streptococcus uberis PE77","ampicillin","","0.25","","0.25","mg/L","Broth dilution","","Sensititre Mastitis","Thermo Fisher Scientific","","","","","","Laboratory Method","",""
1349,"1349.42","Streptococcus uberis PE153","penicillin/novobiocin","","0.5","","0.5","mg/L","Broth dilution","","Sensititre Mastitis","Thermo Fisher Scientific","","","","","","Laboratory Method","",""
1349,"1349.135","Streptococcus uberis PE227","penicillin","","0.25","","0.25","mg/L","Broth dilution","","Sensititre Mastitis","Thermo Fisher Scientific","","","","","","Laboratory Method","",""
1349,"1349.215","Streptococcus uberis PE63","cephalothin","","1","","1","mg/L","Broth dilution","","Sensititre Mastitis","Thermo Fisher Scientific","","","","","","Laboratory Method","",""
1349,"1349.743","Streptococcus uberis strain 17652_8#3","oxacillin","","1","","1","mg/L","Broth dilution","","","","CLSI",2013,"","","","Laboratory Method","","[32122596]"
1349,"1349.101","Streptococcus uberis PE20","ampicillin","","0.5","","0.5","mg/L","Broth dilution","","Sensititre Mastitis","Thermo Fisher Scientific","","","","","","Laboratory Method","",""
1349,"1349.619","Streptococcus uberis strain 17150_7#50","oxacillin","","2","","2","mg/L","Broth dilution","","","","CLSI",2013,"","","","Laboratory Method","","[32122596]"
1349,"1349.61","Streptococcus uberis PE172","penicillin/novobiocin","","0.5","","0.5","mg/L","Broth dilution","","Sensititre Mastitis","Thermo Fisher Scientific","","","","","","Laboratory Method","",""
1349,"1349.148","Streptococcus uberis PE116","penicillin","","0.0625","","0.0625","mg/L","Broth dilution","","Sensititre Mastitis","Thermo Fisher Scientific","","","","","","Laboratory Method","",""
1349,"1349.215","Streptococcus uberis PE63","ampicillin","","0.25","","0.25","mg/L","Broth dilution","","Sensititre Mastitis","Thermo Fisher Scientific","","","","","","Laboratory Method","",""
1349,"1349.210","Streptococcus uberis PE58","penicillin/novobiocin","","0.5","","0.5","mg/L","Broth dilution","","Sensititre Mastitis","Thermo Fisher Scientific","","","","","","Laboratory Method","",""
1349,"1349.218","Streptococcus uberis PE67","penicillin","","0.25","","0.25","mg/L","Broth dilution","","Sensititre Mastitis","Thermo Fisher Scientific","","","","","","Laboratory Method","",""
1349,"1349.42","Streptococcus uberis PE153","cephalothin","","1","","1","mg/L","Broth dilution","","Sensititre Mastitis","Thermo Fisher Scientific","","","","","","Laboratory Method","",""
1349,"1349.828","Streptococcus uberis strain 18274_6#65","oxacillin","","1","","1","mg/L","Broth dilution","","","","CLSI",2013,"","","","Laboratory Method","","[32122596]"
1349,"1349.30","Streptococcus uberis PE1","penicillin","","0.25","","0.25","mg/L","Broth dilution","","Sensititre Mastitis","Thermo Fisher Scientific","","","","","","Laboratory Method","",""
1349,"1349.233","Streptococcus uberis PE98","tetracycline","","0.5","","0.5","mg/L","Broth dilution","","Sensititre Mastitis","Thermo Fisher Scientific","","","","","","Laboratory Method","",""
1349,"1349.684","Streptococcus uberis strain 17652_7#56","oxacillin","","2","","2","mg/L","Broth dilution","","","","CLSI",2013,"","","","Laboratory Method","","[32122596]"
1349,"1349.849","Streptococcus uberis strain 18274_6#88","oxacillin","","2","","2","mg/L","Broth dilution","","","","CLSI",2013,"","","","Laboratory Method","","[32122596]"
1349,"1349.134","Streptococcus uberis PE22","penicillin","","0.5","","0.5","mg/L","Broth dilution","","Sensititre Mastitis","Thermo Fisher Scientific","","","","","","Laboratory Method","",""
1349,"1349.740","Streptococcus uberis strain 17652_8#25","oxacillin","","0.125","","0.125","mg/L","Broth dilution","","","","CLSI",2013,"","","","Laboratory Method","","[32122596]"
1349,"1349.637","Streptococcus uberis strain 17150_7#65","oxacillin","","2","","2","mg/L","Broth dilution","","","","CLSI",2013,"","","","Laboratory Method","","[32122596]"
1349,"1349.207","Streptococcus uberis PE50","tetracycline","","8","","8","mg/L","Broth dilution","","Sensititre Mastitis","Thermo Fisher Scientific","","","","","","Laboratory Method","",""
1349,"1349.219","Streptococcus uberis PE68","penicillin","","0.125","","0.125","mg/L","Broth dilution","","Sensititre Mastitis","Thermo Fisher Scientific","","","","","","Laboratory Method","",""
1349,"1349.47","Streptococcus uberis PE16","cephalothin","","1","","1","mg/L","Broth dilution","","Sensititre Mastitis","Thermo Fisher Scientific","","","","","","Laboratory Method","",""
1349,"1349.221","Streptococcus uberis PE70","ampicillin","","0.25","","0.25","mg/L","Broth dilution","","Sensititre Mastitis","Thermo Fisher Scientific","","","","","","Laboratory Method","",""
1349,"1349.702","Streptococcus uberis strain 17652_7#79","oxacillin","","0.125","","0.125","mg/L","Broth dilution","","","","CLSI",2013,"","","","Laboratory Method","","[32122596]"
1349,"1349.216","Streptococcus uberis PE65","penicillin","","0.0625","","0.0625","mg/L","Broth dilution","","Sensititre Mastitis","Thermo Fisher Scientific","","","","","","Laboratory Method","",""
1349,"1349.33","Streptococcus uberis PE11","ampicillin","","0.5","","0.5","mg/L","Broth dilution","","Sensititre Mastitis","Thermo Fisher Scientific","","","","","","Laboratory Method","",""
1349,"1349.199","Streptococcus uberis PE35","penicillin","","0.25","","0.25","mg/L","Broth dilution","","Sensititre Mastitis","Thermo Fisher Scientific","","","","","","Laboratory Method","",""
1349,"1349.140","Streptococcus uberis PE26","penicillin/novobiocin","","0.5","","0.5","mg/L","Broth dilution","","Sensititre Mastitis","Thermo Fisher Scientific","","","","","","Laboratory Method","",""
1349,"1349.647","Streptococcus uberis strain 17150_7#82","oxacillin","","0.125","","0.125","mg/L","Broth dilution","","","","CLSI",2013,"","","","Laboratory Method","","[32122596]"
1349,"1349.736","Streptococcus uberis strain 17652_8#27","oxacillin","","0.125","","0.125","mg/L","Broth dilution","","","","CLSI",2013,"","","","Laboratory Method","","[32122596]"
1349,"1349.200","Streptococcus uberis PE37","pirlimycin","","0.5","","0.5","mg/L","Broth dilution","","Sensititre Mastitis","Thermo Fisher Scientific","","","","","","Laboratory Method","",""
1349,"1349.57","Streptococcus uberis PE17","tetracycline","","0.5","","0.5","mg/L","Broth dilution","","Sensititre Mastitis","Thermo Fisher Scientific","","","","","","Laboratory Method","",""
1349,"1349.229","Streptococcus uberis PE78","tetracycline","","8","","8","mg/L","Broth dilution","","Sensititre Mastitis","Thermo Fisher Scientific","","","","","","Laboratory Method","",""
1349,"1349.199","Streptococcus uberis PE35","pirlimycin","","2","","2","mg/L","Broth dilution","","Sensititre Mastitis","Thermo Fisher Scientific","","","","","","Laboratory Method","",""
1349,"1349.218","Streptococcus uberis PE67","penicillin/novobiocin","","0.5","","0.5","mg/L","Broth dilution","","Sensititre Mastitis","Thermo Fisher Scientific","","","","","","Laboratory Method","",""
1349,"1349.33","Streptococcus uberis PE11","cephalothin","","1","","1","mg/L","Broth dilution","","Sensititre Mastitis","Thermo Fisher Scientific","","","","","","Laboratory Method","",""
1349,"1349.75","Streptococcus uberis PE198","ampicillin","","0.25","","0.25","mg/L","Broth dilution","","Sensititre Mastitis","Thermo Fisher Scientific","","","","","","Laboratory Method","",""
1349,"1349.145","Streptococcus uberis PE10","penicillin","","0.0625","","0.0625","mg/L","Broth dilution","","Sensititre Mastitis","Thermo Fisher Scientific","","","","","","Laboratory Method","",""
1349,"1349.140","Streptococcus uberis PE26","cephalothin","","1","","1","mg/L","Broth dilution","","Sensititre Mastitis","Thermo Fisher Scientific","","","","","","Laboratory Method","",""
1349,"1349.786","Streptococcus uberis strain 17652_8#69","oxacillin","","2","","2","mg/L","Broth dilution","","","","CLSI",2013,"","","","Laboratory Method","","[32122596]"
1349,"1349.223","Streptococcus uberis PE72","erythromycin","","0.125","","0.125","mg/L","Broth dilution","","Sensititre Mastitis","Thermo Fisher Scientific","","","","","","Laboratory Method","",""
1349,"1349.627","Streptococcus uberis strain 17150_7#57","oxacillin","","2","","2","mg/L","Broth dilution","","","","CLSI",2013,"","","","Laboratory Method","","[32122596]"
1349,"1349.47","Streptococcus uberis PE16","ampicillin","","0.25","","0.25","mg/L","Broth dilution","","Sensititre Mastitis","Thermo Fisher Scientific","","","","","","Laboratory Method","",""
1349,"1349.618","Streptococcus uberis strain 17150_7#48","oxacillin","","0.125","","0.125","mg/L","Broth dilution","","","","CLSI",2013,"","","","Laboratory Method","","[32122596]"
1349,"1349.229","Streptococcus uberis PE78","erythromycin","","0.125","","0.125","mg/L","Broth dilution","","Sensititre Mastitis","Thermo Fisher Scientific","","","","","","Laboratory Method","",""
1349,"1349.200","Streptococcus uberis PE37","cephalothin","","2","","2","mg/L","Broth dilution","","Sensititre Mastitis","Thermo Fisher Scientific","","","","","","Laboratory Method","",""
1349,"1349.222","Streptococcus uberis PE71","pirlimycin","","0.25","","0.25","mg/L","Broth dilution","","Sensititre Mastitis","Thermo Fisher Scientific","","","","","","Laboratory Method","",""
1349,"1349.202","Streptococcus uberis PE4","penicillin/novobiocin","","0.5","","0.5","mg/L","Broth dilution","","Sensititre Mastitis","Thermo Fisher Scientific","","","","","","Laboratory Method","",""
1349,"1349.47","Streptococcus uberis PE16","tetracycline","","0.5","","0.5","mg/L","Broth dilution","","Sensititre Mastitis","Thermo Fisher Scientific","","","","","","Laboratory Method","",""
1349,"1349.231","Streptococcus uberis PE8","ceftiofur","","1","","1","mg/L","Broth dilution","","Sensititre Mastitis","Thermo Fisher Scientific","","","","","","Laboratory Method","",""
1349,"1349.223","Streptococcus uberis PE72","ceftiofur","","0.25","","0.25","mg/L","Broth dilution","","Sensititre Mastitis","Thermo Fisher Scientific","","","","","","Laboratory Method","",""
1349,"1349.751","Streptococcus uberis strain 17652_8#31","oxacillin","","0.125","","0.125","mg/L","Broth dilution","","","","CLSI",2013,"","","","Laboratory Method","","[32122596]"
1349,"1349.835","Streptococcus uberis strain 18274_6#77","oxacillin","","2","","2","mg/L","Broth dilution","","","","CLSI",2013,"","","","Laboratory Method","","[32122596]"
1349,"1349.116","Streptococcus uberis PE30","ceftiofur","","1","","1","mg/L","Broth dilution","","Sensititre Mastitis","Thermo Fisher Scientific","","","","","","Laboratory Method","",""
1349,"1349.61","Streptococcus uberis PE172","ampicillin","","0.25","","0.25","mg/L","Broth dilution","","Sensititre Mastitis","Thermo Fisher Scientific","","","","","","Laboratory Method","",""
1349,"1349.856","Streptococcus uberis strain 19183_8#133","oxacillin","","0.125","","0.125","mg/L","Broth dilution","","","","CLSI",2013,"","","","Laboratory Method","","[32122596]"
1349,"1349.136","Streptococcus uberis PE238","penicillin","","4","","4","mg/L","Broth dilution","","Sensititre Mastitis","Thermo Fisher Scientific","","","","","","Laboratory Method","",""
1349,"1349.198","Streptococcus uberis PE34","ampicillin","","0.25","","0.25","mg/L","Broth dilution","","Sensititre Mastitis","Thermo Fisher Scientific","","","","","","Laboratory Method","",""
1349,"1349.61","Streptococcus uberis PE172","ceftiofur","","0.5","","0.5","mg/L","Broth dilution","","Sensititre Mastitis","Thermo Fisher Scientific","","","","","","Laboratory Method","",""
1349,"1349.826","Streptococcus uberis strain 18274_6#73","oxacillin","","2","","2","mg/L","Broth dilution","","","","CLSI",2013,"","","","Laboratory Method","","[32122596]"
1349,"1349.853","Streptococcus uberis strain 19183_8#131","oxacillin","","1","","1","mg/L","Broth dilution","","","","CLSI",2013,"","","","Laboratory Method","","[32122596]"
1349,"1349.850","Streptococcus uberis strain 18274_6#86","oxacillin","","0.125","","0.125","mg/L","Broth dilution","","","","CLSI",2013,"","","","Laboratory Method","","[32122596]"
1349,"1349.712","Streptococcus uberis strain 17652_7#86","oxacillin","","2","","2","mg/L","Broth dilution","","","","CLSI",2013,"","","","Laboratory Method","","[32122596]"
1349,"1349.30","Streptococcus uberis PE1","tetracycline","","0.5","","0.5","mg/L","Broth dilution","","Sensititre Mastitis","Thermo Fisher Scientific","","","","","","Laboratory Method","",""
1349,"1349.207","Streptococcus uberis PE50","penicillin/novobiocin","","0.5","","0.5","mg/L","Broth dilution","","Sensititre Mastitis","Thermo Fisher Scientific","","","","","","Laboratory Method","",""
1349,"1349.212","Streptococcus uberis PE60","erythromycin","","4","","4","mg/L","Broth dilution","","Sensititre Mastitis","Thermo Fisher Scientific","","","","","","Laboratory Method","",""
1349,"1349.231","Streptococcus uberis PE8","penicillin/novobiocin","","0.5","","0.5","mg/L","Broth dilution","","Sensititre Mastitis","Thermo Fisher Scientific","","","","","","Laboratory Method","",""
1349,"1349.208","Streptococcus uberis PE54","tetracycline","","0.5","","0.5","mg/L","Broth dilution","","Sensititre Mastitis","Thermo Fisher Scientific","","","","","","Laboratory Method","",""
1349,"1349.613","Streptococcus uberis strain 17150_7#43","oxacillin","","2","","2","mg/L","Broth dilution","","","","CLSI",2013,"","","","Laboratory Method","","[32122596]"
1349,"1349.207","Streptococcus uberis PE50","ceftiofur","","1","","1","mg/L","Broth dilution","","Sensititre Mastitis","Thermo Fisher Scientific","","","","","","Laboratory Method","",""
1349,"1349.682","Streptococcus uberis strain 17652_7#61","oxacillin","","0.125","","0.125","mg/L","Broth dilution","","","","CLSI",2013,"","","","Laboratory Method","","[32122596]"
1349,"1349.148","Streptococcus uberis PE116","ceftiofur","","0.25","","0.25","mg/L","Broth dilution","","Sensititre Mastitis","Thermo Fisher Scientific","","","","","","Laboratory Method","",""
1349,"1349.73","Streptococcus uberis PE184","ampicillin","","0.5","","0.5","mg/L","Broth dilution","","Sensititre Mastitis","Thermo Fisher Scientific","","","","","","Laboratory Method","",""
1349,"1349.787","Streptococcus uberis strain 17652_8#8","oxacillin","","0.5","","0.5","mg/L","Broth dilution","","","","CLSI",2013,"","","","Laboratory Method","","[32122596]"
1349,"1349.115","Streptococcus uberis PE27","ampicillin","","0.125","","0.125","mg/L","Broth dilution","","Sensititre Mastitis","Thermo Fisher Scientific","","","","","","Laboratory Method","",""
1349,"1349.206","Streptococcus uberis PE5","penicillin/novobiocin","","0.5","","0.5","mg/L","Broth dilution","","Sensititre Mastitis","Thermo Fisher Scientific","","","","","","Laboratory Method","",""
1349,"1349.205","Streptococcus uberis PE42","ampicillin","","0.25","","0.25","mg/L","Broth dilution","","Sensititre Mastitis","Thermo Fisher Scientific","","","","","","Laboratory Method","",""
1349,"1349.224","Streptococcus uberis PE73","pirlimycin","","0.25","","0.25","mg/L","Broth dilution","","Sensititre Mastitis","Thermo Fisher Scientific","","","","","","Laboratory Method","",""
1349,"1349.138","Streptococcus uberis PE242","ceftiofur","","0.5","","0.5","mg/L","Broth dilution","","Sensititre Mastitis","Thermo Fisher Scientific","","","","","","Laboratory Method","",""
1349,"1349.205","Streptococcus uberis PE42","tetracycline","","0.5","","0.5","mg/L","Broth dilution","","Sensititre Mastitis","Thermo Fisher Scientific","","","","","","Laboratory Method","",""
1349,"1349.203","Streptococcus uberis PE40","cephalothin","","2","","2","mg/L","Broth dilution","","Sensititre Mastitis","Thermo Fisher Scientific","","","","","","Laboratory Method","",""
1349,"1349.607","Streptococcus uberis strain 17150_7#37","oxacillin","","0.25","","0.25","mg/L","Broth dilution","","","","CLSI",2013,"","","","Laboratory Method","","[32122596]"
1349,"1349.198","Streptococcus uberis PE34","cephalothin","","1","","1","mg/L","Broth dilution","","Sensititre Mastitis","Thermo Fisher Scientific","","","","","","Laboratory Method","",""
1349,"1349.817","Streptococcus uberis strain 18274_6#52","oxacillin","","0.125","","0.125","mg/L","Broth dilution","","","","CLSI",2013,"","","","Laboratory Method","","[32122596]"
1349,"1349.227","Streptococcus uberis PE76","ceftiofur","","1","","1","mg/L","Broth dilution","","Sensititre Mastitis","Thermo Fisher Scientific","","","","","","Laboratory Method","",""
1349,"1349.42","Streptococcus uberis PE153","tetracycline","","0.5","","0.5","mg/L","Broth dilution","","Sensititre Mastitis","Thermo Fisher Scientific","","","","","","Laboratory Method","",""
1349,"1349.208","Streptococcus uberis PE54","ceftiofur","","0.25","","0.25","mg/L","Broth dilution","","Sensititre Mastitis","Thermo Fisher Scientific","","","","","","Laboratory Method","",""
1349,"1349.686","Streptococcus uberis strain 17652_7#54","oxacillin","","0.0625","","0.0625","mg/L","Broth dilution","","","","CLSI",2013,"","","","Laboratory Method","","[32122596]"
1349,"1349.643","Streptococcus uberis strain 17150_7#71","oxacillin","","0.125","","0.125","mg/L","Broth dilution","","","","CLSI",2013,"","","","Laboratory Method","","[32122596]"
1349,"1349.805","Streptococcus uberis strain 17652_8#94","oxacillin","","0.125","","0.125","mg/L","Broth dilution","","","","CLSI",2013,"","","","Laboratory Method","","[32122596]"
1349,"1349.763","Streptococcus uberis strain 17652_8#50","oxacillin","","2","","2","mg/L","Broth dilution","","","","CLSI",2013,"","","","Laboratory Method","","[32122596]"
1349,"1349.752","Streptococcus uberis strain 17652_8#4","oxacillin","","2","","2","mg/L","Broth dilution","","","","CLSI",2013,"","","","Laboratory Method","","[32122596]"
1349,"1349.862","Streptococcus uberis strain 19183_8#130","oxacillin","","2","","2","mg/L","Broth dilution","","","","CLSI",2013,"","","","Laboratory Method","","[32122596]"
1349,"1349.689","Streptococcus uberis strain 17652_7#65","oxacillin","","1","","1","mg/L","Broth dilution","","","","CLSI",2013,"","","","Laboratory Method","","[32122596]"
1349,"1349.668","Streptococcus uberis strain 17652_7#39","oxacillin","","0.125","","0.125","mg/L","Broth dilution","","","","CLSI",2013,"","","","Laboratory Method","","[32122596]"
1349,"1349.196","Streptococcus uberis PE32","ampicillin","","0.25","","0.25","mg/L","Broth dilution","","Sensititre Mastitis","Thermo Fisher Scientific","","","","","","Laboratory Method","",""
1349,"1349.221","Streptococcus uberis PE70","erythromycin","","0.125","","0.125","mg/L","Broth dilution","","Sensititre Mastitis","Thermo Fisher Scientific","","","","","","Laboratory Method","",""
1349,"1349.667","Streptococcus uberis strain 17652_7#43","oxacillin","","2","","2","mg/L","Broth dilution","","","","CLSI",2013,"","","","Laboratory Method","","[32122596]"
1349,"1349.670","Streptococcus uberis strain 17652_7#41","oxacillin","","2","","2","mg/L","Broth dilution","","","","CLSI",2013,"","","","Laboratory Method","","[32122596]"
1349,"1349.208","Streptococcus uberis PE54","ampicillin","","0.0625","","0.0625","mg/L","Broth dilution","","Sensititre Mastitis","Thermo Fisher Scientific","","","","","","Laboratory Method","",""
1349,"1349.860","Streptococcus uberis strain 19183_8#129","oxacillin","","2","","2","mg/L","Broth dilution","","","","CLSI",2013,"","","","Laboratory Method","","[32122596]"
1349,"1349.830","Streptococcus uberis strain 18274_6#66","oxacillin","","0.125","","0.125","mg/L","Broth dilution","","","","CLSI",2013,"","","","Laboratory Method","","[32122596]"
1349,"1349.229","Streptococcus uberis PE78","penicillin","","0.25","","0.25","mg/L","Broth dilution","","Sensititre Mastitis","Thermo Fisher Scientific","","","","","","Laboratory Method","",""
1349,"1349.101","Streptococcus uberis PE20","penicillin","","0.5","","0.5","mg/L","Broth dilution","","Sensititre Mastitis","Thermo Fisher Scientific","","","","","","Laboratory Method","",""
1349,"1349.228","Streptococcus uberis PE77","pirlimycin","","4","","4","mg/L","Broth dilution","","Sensititre Mastitis","Thermo Fisher Scientific","","","","","","Laboratory Method","",""
1349,"1349.711","Streptococcus uberis strain 17652_7#88","oxacillin","","0.125","","0.125","mg/L","Broth dilution","","","","CLSI",2013,"","","","Laboratory Method","","[32122596]"
1349,"1349.201","Streptococcus uberis PE39","erythromycin","","2","","2","mg/L","Broth dilution","","Sensititre Mastitis","Thermo Fisher Scientific","","","","","","Laboratory Method","",""
1349,"1349.654","Streptococcus uberis strain 17150_7#79","oxacillin","","0.0625","","0.0625","mg/L","Broth dilution","","","","CLSI",2013,"","","","Laboratory Method","","[32122596]"
1349,"1349.136","Streptococcus uberis PE238","ceftiofur","","2","","2","mg/L","Broth dilution","","Sensititre Mastitis","Thermo Fisher Scientific","","","","","","Laboratory Method","",""
1349,"1349.683","Streptococcus uberis strain 17652_7#55","oxacillin","","1","","1","mg/L","Broth dilution","","","","CLSI",2013,"","","","Laboratory Method","","[32122596]"
1349,"1349.208","Streptococcus uberis PE54","pirlimycin","","0.25","","0.25","mg/L","Broth dilution","","Sensititre Mastitis","Thermo Fisher Scientific","","","","","","Laboratory Method","",""
1349,"1349.212","Streptococcus uberis PE60","tetracycline","","8","","8","mg/L","Broth dilution","","Sensititre Mastitis","Thermo Fisher Scientific","","","","","","Laboratory Method","",""
1349,"1349.629","Streptococcus uberis strain 17150_7#62","oxacillin","","2","","2","mg/L","Broth dilution","","","","CLSI",2013,"","","","Laboratory Method","","[32122596]"
1349,"1349.669","Streptococcus uberis strain 17652_7#42","oxacillin","","0.0625","","0.0625","mg/L","Broth dilution","","","","CLSI",2013,"","","","Laboratory Method","","[32122596]"
1349,"1349.206","Streptococcus uberis PE5","ceftiofur","","1","","1","mg/L","Broth dilution","","Sensititre Mastitis","Thermo Fisher Scientific","","","","","","Laboratory Method","",""
1349,"1349.136","Streptococcus uberis PE238","ampicillin","","4","","4","mg/L","Broth dilution","","Sensititre Mastitis","Thermo Fisher Scientific","","","","","","Laboratory Method","",""
1349,"1349.73","Streptococcus uberis PE184","penicillin/novobiocin","","0.5","","0.5","mg/L","Broth dilution","","Sensititre Mastitis","Thermo Fisher Scientific","","","","","","Laboratory Method","",""
1349,"1349.201","Streptococcus uberis PE39","penicillin","","0.25","","0.25","mg/L","Broth dilution","","Sensititre Mastitis","Thermo Fisher Scientific","","","","","","Laboratory Method","",""
1349,"1349.30","Streptococcus uberis PE1","erythromycin","","0.125","","0.125","mg/L","Broth dilution","","Sensititre Mastitis","Thermo Fisher Scientific","","","","","","Laboratory Method","",""
1349,"1349.818","Streptococcus uberis strain 18274_6#61","oxacillin","","2","","2","mg/L","Broth dilution","","","","CLSI",2013,"","","","Laboratory Method","","[32122596]"
1349,"1349.603","Streptococcus uberis strain 17150_7#33","oxacillin","","2","","2","mg/L","Broth dilution","","","","CLSI",2013,"","","","Laboratory Method","","[32122596]"
1349,"1349.225","Streptococcus uberis PE74","penicillin","","0.0625","","0.0625","mg/L","Broth dilution","","Sensititre Mastitis","Thermo Fisher Scientific","","","","","","Laboratory Method","",""
1349,"1349.771","Streptococcus uberis strain 17652_8#54","oxacillin","","0.25","","0.25","mg/L","Broth dilution","","","","CLSI",2013,"","","","Laboratory Method","","[32122596]"
1349,"1349.610","Streptococcus uberis strain 17150_7#40","oxacillin","","0.125","","0.125","mg/L","Broth dilution","","","","CLSI",2013,"","","","Laboratory Method","","[32122596]"
1349,"1349.761","Streptococcus uberis strain 17652_8#46","oxacillin","","0.125","","0.125","mg/L","Broth dilution","","","","CLSI",2013,"","","","Laboratory Method","","[32122596]"
1349,"1349.844","Streptococcus uberis strain 19183_8#122","oxacillin","","2","","2","mg/L","Broth dilution","","","","CLSI",2013,"","","","Laboratory Method","","[32122596]"
1349,"1349.57","Streptococcus uberis PE17","cephalothin","","1","","1","mg/L","Broth dilution","","Sensititre Mastitis","Thermo Fisher Scientific","","","","","","Laboratory Method","",""
1349,"1349.658","Streptococcus uberis strain 17150_7#92","oxacillin","","2","","2","mg/L","Broth dilution","","","","CLSI",2013,"","","","Laboratory Method","","[32122596]"
1349,"1349.116","Streptococcus uberis PE30","tetracycline","","0.5","","0.5","mg/L","Broth dilution","","Sensititre Mastitis","Thermo Fisher Scientific","","","","","","Laboratory Method","",""
1349,"1349.42","Streptococcus uberis PE153","erythromycin","","0.125","","0.125","mg/L","Broth dilution","","Sensititre Mastitis","Thermo Fisher Scientific","","","","","","Laboratory Method","",""
1349,"1349.233","Streptococcus uberis PE98","cephalothin","","1","","1","mg/L","Broth dilution","","Sensititre Mastitis","Thermo Fisher Scientific","","","","","","Laboratory Method","",""
1349,"1349.116","Streptococcus uberis PE30","cephalothin","","1","","1","mg/L","Broth dilution","","Sensititre Mastitis","Thermo Fisher Scientific","","","","","","Laboratory Method","",""
1349,"1349.32","Streptococcus uberis PE100","penicillin","","0.125","","0.125","mg/L","Broth dilution","","Sensititre Mastitis","Thermo Fisher Scientific","","","","","","Laboratory Method","",""
1349,"1349.223","Streptococcus uberis PE72","ampicillin","","0.0625","","0.0625","mg/L","Broth dilution","","Sensititre Mastitis","Thermo Fisher Scientific","","","","","","Laboratory Method","",""
1349,"1349.678","Streptococcus uberis strain 17652_7#51","oxacillin","","1","","1","mg/L","Broth dilution","","","","CLSI",2013,"","","","Laboratory Method","","[32122596]"
1349,"1349.225","Streptococcus uberis PE74","erythromycin","","0.125","","0.125","mg/L","Broth dilution","","Sensititre Mastitis","Thermo Fisher Scientific","","","","","","Laboratory Method","",""
1349,"1349.855","Streptococcus uberis strain 19183_8#136","oxacillin","","0.125","","0.125","mg/L","Broth dilution","","","","CLSI",2013,"","","","Laboratory Method","","[32122596]"
1349,"1349.203","Streptococcus uberis PE40","ceftiofur","","2","","2","mg/L","Broth dilution","","Sensititre Mastitis","Thermo Fisher Scientific","","","","","","Laboratory Method","",""
1349,"1349.789","Streptococcus uberis strain 17652_8#77","oxacillin","","1","","1","mg/L","Broth dilution","","","","CLSI",2013,"","","","Laboratory Method","","[32122596]"
1349,"1349.646","Streptococcus uberis strain 17150_7#87","oxacillin","","0.125","","0.125","mg/L","Broth dilution","","","","CLSI",2013,"","","","Laboratory Method","","[32122596]"
1349,"1349.42","Streptococcus uberis PE153","penicillin","","0.0625","","0.0625","mg/L","Broth dilution","","Sensititre Mastitis","Thermo Fisher Scientific","","","","","","Laboratory Method","",""
1349,"1349.145","Streptococcus uberis PE10","ceftiofur","","0.25","","0.25","mg/L","Broth dilution","","Sensititre Mastitis","Thermo Fisher Scientific","","","","","","Laboratory Method","",""
1349,"1349.199","Streptococcus uberis PE35","cephalothin","","1","","1","mg/L","Broth dilution","","Sensititre Mastitis","Thermo Fisher Scientific","","","","","","Laboratory Method","",""
1349,"1349.230","Streptococcus uberis PE79","ampicillin","","0.25","","0.25","mg/L","Broth dilution","","Sensititre Mastitis","Thermo Fisher Scientific","","","","","","Laboratory Method","",""
1349,"1349.733","Streptococcus uberis strain 17652_8#21","oxacillin","","2","","2","mg/L","Broth dilution","","","","CLSI",2013,"","","","Laboratory Method","","[32122596]"
1349,"1349.214","Streptococcus uberis PE62","cephalothin","","2","","2","mg/L","Broth dilution","","Sensititre Mastitis","Thermo Fisher Scientific","","","","","","Laboratory Method","",""
1349,"1349.217","Streptococcus uberis PE66","penicillin","","0.125","","0.125","mg/L","Broth dilution","","Sensititre Mastitis","Thermo Fisher Scientific","","","","","","Laboratory Method","",""
1349,"1349.33","Streptococcus uberis PE11","pirlimycin","","4","","4","mg/L","Broth dilution","","Sensititre Mastitis","Thermo Fisher Scientific","","","","","","Laboratory Method","",""
1349,"1349.101","Streptococcus uberis PE20","pirlimycin","","0.5","","0.5","mg/L","Broth dilution","","Sensititre Mastitis","Thermo Fisher Scientific","","","","","","Laboratory Method","",""
1349,"1349.206","Streptococcus uberis PE5","tetracycline","","0.5","","0.5","mg/L","Broth dilution","","Sensititre Mastitis","Thermo Fisher Scientific","","","","","","Laboratory Method","",""
1349,"1349.228","Streptococcus uberis PE77","cephalothin","","1","","1","mg/L","Broth dilution","","Sensititre Mastitis","Thermo Fisher Scientific","","","","","","Laboratory Method","",""
1349,"1349.204","Streptococcus uberis PE41","penicillin/novobiocin","","0.5","","0.5","mg/L","Broth dilution","","Sensititre Mastitis","Thermo Fisher Scientific","","","","","","Laboratory Method","",""
1349,"1349.790","Streptococcus uberis strain 17652_8#80","oxacillin","","2","","2","mg/L","Broth dilution","","","","CLSI",2013,"","","","Laboratory Method","","[32122596]"
1349,"1349.764","Streptococcus uberis strain 17652_8#51","oxacillin","","0.125","","0.125","mg/L","Broth dilution","","","","CLSI",2013,"","","","Laboratory Method","","[32122596]"
1349,"1349.620","Streptococcus uberis strain 17150_7#51","oxacillin","","0.0625","","0.0625","mg/L","Broth dilution","","","","CLSI",2013,"","","","Laboratory Method","","[32122596]"
1349,"1349.823","Streptococcus uberis strain 18274_6#70","oxacillin","","0.125","","0.125","mg/L","Broth dilution","","","","CLSI",2013,"","","","Laboratory Method","","[32122596]"
1349,"1349.33","Streptococcus uberis PE11","penicillin","","0.5","","0.5","mg/L","Broth dilution","","Sensititre Mastitis","Thermo Fisher Scientific","","","","","","Laboratory Method","",""
1349,"1349.704","Streptococcus uberis strain 17652_7#80","oxacillin","","0.125","","0.125","mg/L","Broth dilution","","","","CLSI",2013,"","","","Laboratory Method","","[32122596]"
1349,"1349.725","Streptococcus uberis strain 17652_8#14","oxacillin","","2","","2","mg/L","Broth dilution","","","","CLSI",2013,"","","","Laboratory Method","","[32122596]"
1349,"1349.139","Streptococcus uberis PE25","pirlimycin","","0.25","","0.25","mg/L","Broth dilution","","Sensititre Mastitis","Thermo Fisher Scientific","","","","","","Laboratory Method","",""
1349,"1349.230","Streptococcus uberis PE79","pirlimycin","","0.25","","0.25","mg/L","Broth dilution","","Sensititre Mastitis","Thermo Fisher Scientific","","","","","","Laboratory Method","",""
1349,"1349.30","Streptococcus uberis PE1","ampicillin","","0.25","","0.25","mg/L","Broth dilution","","Sensititre Mastitis","Thermo Fisher Scientific","","","","","","Laboratory Method","",""
1349,"1349.73","Streptococcus uberis PE184","tetracycline","","0.5","","0.5","mg/L","Broth dilution","","Sensititre Mastitis","Thermo Fisher Scientific","","","","","","Laboratory Method","",""
1349,"1349.84","Streptococcus uberis PE2","erythromycin","","0.125","","0.125","mg/L","Broth dilution","","Sensititre Mastitis","Thermo Fisher Scientific","","","","","","Laboratory Method","",""
1349,"1349.227","Streptococcus uberis PE76","cephalothin","","1","","1","mg/L","Broth dilution","","Sensititre Mastitis","Thermo Fisher Scientific","","","","","","Laboratory Method","",""
1349,"1349.759","Streptococcus uberis strain 17652_8#47","oxacillin","","0.125","","0.125","mg/L","Broth dilution","","","","CLSI",2013,"","","","Laboratory Method","","[32122596]"
1349,"1349.116","Streptococcus uberis PE30","ampicillin","","0.25","","0.25","mg/L","Broth dilution","","Sensititre Mastitis","Thermo Fisher Scientific","","","","","","Laboratory Method","",""
1349,"1349.798","Streptococcus uberis strain 17652_8#92","oxacillin","","0.125","","0.125","mg/L","Broth dilution","","","","CLSI",2013,"","","","Laboratory Method","","[32122596]"
1349,"1349.229","Streptococcus uberis PE78","penicillin/novobiocin","","0.5","","0.5","mg/L","Broth dilution","","Sensititre Mastitis","Thermo Fisher Scientific","","","","","","Laboratory Method","",""
1349,"1349.204","Streptococcus uberis PE41","penicillin","","0.25","","0.25","mg/L","Broth dilution","","Sensititre Mastitis","Thermo Fisher Scientific","","","","","","Laboratory Method","",""
1349,"1349.225","Streptococcus uberis PE74","ampicillin","","0.0625","","0.0625","mg/L","Broth dilution","","Sensititre Mastitis","Thermo Fisher Scientific","","","","","","Laboratory Method","",""
1349,"1349.75","Streptococcus uberis PE198","ceftiofur","","0.5","","0.5","mg/L","Broth dilution","","Sensititre Mastitis","Thermo Fisher Scientific","","","","","","Laboratory Method","",""
1349,"1349.199","Streptococcus uberis PE35","penicillin/novobiocin","","0.5","","0.5","mg/L","Broth dilution","","Sensititre Mastitis","Thermo Fisher Scientific","","","","","","Laboratory Method","",""
1349,"1349.840","Streptococcus uberis strain 18274_6#78","oxacillin","","0.125","","0.125","mg/L","Broth dilution","","","","CLSI",2013,"","","","Laboratory Method","","[32122596]"
1349,"1349.227","Streptococcus uberis PE76","erythromycin","","0.125","","0.125","mg/L","Broth dilution","","Sensititre Mastitis","Thermo Fisher Scientific","","","","","","Laboratory Method","",""
1349,"1349.206","Streptococcus uberis PE5","cephalothin","","1","","1","mg/L","Broth dilution","","Sensititre Mastitis","Thermo Fisher Scientific","","","","","","Laboratory Method","",""
1349,"1349.232","Streptococcus uberis PE93","ceftiofur","","0.25","","0.25","mg/L","Broth dilution","","Sensititre Mastitis","Thermo Fisher Scientific","","","","","","Laboratory Method","",""
1349,"1349.710","Streptococcus uberis strain 17652_7#89","oxacillin","","2","","2","mg/L","Broth dilution","","","","CLSI",2013,"","","","Laboratory Method","","[32122596]"
1349,"1349.47","Streptococcus uberis PE16","penicillin/novobiocin","","0.5","","0.5","mg/L","Broth dilution","","Sensititre Mastitis","Thermo Fisher Scientific","","","","","","Laboratory Method","",""
1349,"1349.75","Streptococcus uberis PE198","tetracycline","","8","","8","mg/L","Broth dilution","","Sensititre Mastitis","Thermo Fisher Scientific","","","","","","Laboratory Method","",""
1349,"1349.622","Streptococcus uberis strain 17150_7#54","oxacillin","","0.125","","0.125","mg/L","Broth dilution","","","","CLSI",2013,"","","","Laboratory Method","","[32122596]"
1349,"1349.230","Streptococcus uberis PE79","cephalothin","","1","","1","mg/L","Broth dilution","","Sensititre Mastitis","Thermo Fisher Scientific","","","","","","Laboratory Method","",""
1349,"1349.32","Streptococcus uberis PE100","ampicillin","","0.125","","0.125","mg/L","Broth dilution","","Sensititre Mastitis","Thermo Fisher Scientific","","","","","","Laboratory Method","",""
1349,"1349.854","Streptococcus uberis strain 19183_8#134","oxacillin","","2","","2","mg/L","Broth dilution","","","","CLSI",2013,"","","","Laboratory Method","","[32122596]"
1349,"1349.30","Streptococcus uberis PE1","cephalothin","","1","","1","mg/L","Broth dilution","","Sensititre Mastitis","Thermo Fisher Scientific","","","","","","Laboratory Method","",""
1349,"1349.660","Streptococcus uberis strain 17150_7#91","oxacillin","","2","","2","mg/L","Broth dilution","","","","CLSI",2013,"","","","Laboratory Method","","[32122596]"
1349,"1349.210","Streptococcus uberis PE58","penicillin","","1","","1","mg/L","Broth dilution","","Sensititre Mastitis","Thermo Fisher Scientific","","","","","","Laboratory Method","",""
1349,"1349.852","Streptococcus uberis strain 19183_8#120","oxacillin","","2","","2","mg/L","Broth dilution","","","","CLSI",2013,"","","","Laboratory Method","","[32122596]"
1349,"1349.218","Streptococcus uberis PE67","ceftiofur","","1","","1","mg/L","Broth dilution","","Sensititre Mastitis","Thermo Fisher Scientific","","","","","","Laboratory Method","",""
1349,"1349.233","Streptococcus uberis PE98","penicillin","","0.25","","0.25","mg/L","Broth dilution","","Sensititre Mastitis","Thermo Fisher Scientific","","","","","","Laboratory Method","",""
1349,"1349.208","Streptococcus uberis PE54","penicillin/novobiocin","","0.5","","0.5","mg/L","Broth dilution","","Sensititre Mastitis","Thermo Fisher Scientific","","","","","","Laboratory Method","",""
1349,"1349.765","Streptococcus uberis strain 17652_8#62","oxacillin","","0.125","","0.125","mg/L","Broth dilution","","","","CLSI",2013,"","","","Laboratory Method","","[32122596]"
1349,"1349.748","Streptococcus uberis strain 17652_8#38","oxacillin","","1","","1","mg/L","Broth dilution","","","","CLSI",2013,"","","","Laboratory Method","","[32122596]"
1349,"1349.203","Streptococcus uberis PE40","ampicillin","","1","","1","mg/L","Broth dilution","","Sensititre Mastitis","Thermo Fisher Scientific","","","","","","Laboratory Method","",""
1349,"1349.202","Streptococcus uberis PE4","cephalothin","","1","","1","mg/L","Broth dilution","","Sensititre Mastitis","Thermo Fisher Scientific","","","","","","Laboratory Method","",""
1349,"1349.219","Streptococcus uberis PE68","erythromycin","","2","","2","mg/L","Broth dilution","","Sensititre Mastitis","Thermo Fisher Scientific","","","","","","Laboratory Method","",""
1349,"1349.215","Streptococcus uberis PE63","ceftiofur","","1","","1","mg/L","Broth dilution","","Sensititre Mastitis","Thermo Fisher Scientific","","","","","","Laboratory Method","",""
1349,"1349.779","Streptococcus uberis strain 17652_8#75","oxacillin","","2","","2","mg/L","Broth dilution","","","","CLSI",2013,"","","","Laboratory Method","","[32122596]"
1349,"1349.228","Streptococcus uberis PE77","ceftiofur","","1","","1","mg/L","Broth dilution","","Sensititre Mastitis","Thermo Fisher Scientific","","","","","","Laboratory Method","",""
1349,"1349.140","Streptococcus uberis PE26","ampicillin","","0.5","","0.5","mg/L","Broth dilution","","Sensititre Mastitis","Thermo Fisher Scientific","","","","","","Laboratory Method","",""
1349,"1349.116","Streptococcus uberis PE30","penicillin/novobiocin","","0.5","","0.5","mg/L","Broth dilution","","Sensititre Mastitis","Thermo Fisher Scientific","","","","","","Laboratory Method","",""
1349,"1349.210","Streptococcus uberis PE58","pirlimycin","","0.25","","0.25","mg/L","Broth dilution","","Sensititre Mastitis","Thermo Fisher Scientific","","","","","","Laboratory Method","",""
1349,"1349.211","Streptococcus uberis PE59","pirlimycin","","2","","2","mg/L","Broth dilution","","Sensititre Mastitis","Thermo Fisher Scientific","","","","","","Laboratory Method","",""
1349,"1349.676","Streptococcus uberis strain 17652_7#48","oxacillin","","2","","2","mg/L","Broth dilution","","","","CLSI",2013,"","","","Laboratory Method","","[32122596]"
1349,"1349.57","Streptococcus uberis PE17","penicillin/novobiocin","","0.5","","0.5","mg/L","Broth dilution","","Sensititre Mastitis","Thermo Fisher Scientific","","","","","","Laboratory Method","",""
1349,"1349.650","Streptococcus uberis strain 17150_7#84","oxacillin","","2","","2","mg/L","Broth dilution","","","","CLSI",2013,"","","","Laboratory Method","","[32122596]"
1349,"1349.210","Streptococcus uberis PE58","tetracycline","","0.5","","0.5","mg/L","Broth dilution","","Sensititre Mastitis","Thermo Fisher Scientific","","","","","","Laboratory Method","",""
1349,"1349.206","Streptococcus uberis PE5","pirlimycin","","0.25","","0.25","mg/L","Broth dilution","","Sensititre Mastitis","Thermo Fisher Scientific","","","","","","Laboratory Method","",""
1349,"1349.848","Streptococcus uberis strain 19183_8#124","oxacillin","","0.125","","0.125","mg/L","Broth dilution","","","","CLSI",2013,"","","","Laboratory Method","","[32122596]"
1349,"1349.639","Streptococcus uberis strain 17150_7#69","oxacillin","","0.125","","0.125","mg/L","Broth dilution","","","","CLSI",2013,"","","","Laboratory Method","","[32122596]"
1349,"1349.735","Streptococcus uberis strain 17652_8#24","oxacillin","","2","","2","mg/L","Broth dilution","","","","CLSI",2013,"","","","Laboratory Method","","[32122596]"
1349,"1349.73","Streptococcus uberis PE184","penicillin","","0.5","","0.5","mg/L","Broth dilution","","Sensititre Mastitis","Thermo Fisher Scientific","","","","","","Laboratory Method","",""
1349,"1349.792","Streptococcus uberis strain 17652_8#83","oxacillin","","2","","2","mg/L","Broth dilution","","","","CLSI",2013,"","","","Laboratory Method","","[32122596]"
1349,"1349.33","Streptococcus uberis PE11","erythromycin","","4","","4","mg/L","Broth dilution","","Sensititre Mastitis","Thermo Fisher Scientific","","","","","","Laboratory Method","",""
1349,"1349.229","Streptococcus uberis PE78","pirlimycin","","4","","4","mg/L","Broth dilution","","Sensititre Mastitis","Thermo Fisher Scientific","","","","","","Laboratory Method","",""
1349,"1349.801","Streptococcus uberis strain 18274_6#50","oxacillin","","0.125","","0.125","mg/L","Broth dilution","","","","CLSI",2013,"","","","Laboratory Method","","[32122596]"
1349,"1349.832","Streptococcus uberis strain 18274_6#79","oxacillin","","2","","2","mg/L","Broth dilution","","","","CLSI",2013,"","","","Laboratory Method","","[32122596]"
1349,"1349.134","Streptococcus uberis PE22","ampicillin","","0.5","","0.5","mg/L","Broth dilution","","Sensititre Mastitis","Thermo Fisher Scientific","","","","","","Laboratory Method","",""
1349,"1349.148","Streptococcus uberis PE116","ampicillin","","0.0625","","0.0625","mg/L","Broth dilution","","Sensititre Mastitis","Thermo Fisher Scientific","","","","","","Laboratory Method","",""
1349,"1349.227","Streptococcus uberis PE76","penicillin/novobiocin","","0.5","","0.5","mg/L","Broth dilution","","Sensititre Mastitis","Thermo Fisher Scientific","","","","","","Laboratory Method","",""
1349,"1349.724","Streptococcus uberis strain 17652_8#15","oxacillin","","0.125","","0.125","mg/L","Broth dilution","","","","CLSI",2013,"","","","Laboratory Method","","[32122596]"
1349,"1349.232","Streptococcus uberis PE93","penicillin","","1","","1","mg/L","Broth dilution","","Sensititre Mastitis","Thermo Fisher Scientific","","","","","","Laboratory Method","",""
1349,"1349.231","Streptococcus uberis PE8","erythromycin","","0.125","","0.125","mg/L","Broth dilution","","Sensititre Mastitis","Thermo Fisher Scientific","","","","","","Laboratory Method","",""
1349,"1349.198","Streptococcus uberis PE34","erythromycin","","0.125","","0.125","mg/L","Broth dilution","","Sensititre Mastitis","Thermo Fisher Scientific","","","","","","Laboratory Method","",""
1349,"1349.57","Streptococcus uberis PE17","pirlimycin","","0.25","","0.25","mg/L","Broth dilution","","Sensititre Mastitis","Thermo Fisher Scientific","","","","","","Laboratory Method","",""
1349,"1349.224","Streptococcus uberis PE73","erythromycin","","0.125","","0.125","mg/L","Broth dilution","","Sensititre Mastitis","Thermo Fisher Scientific","","","","","","Laboratory Method","",""
1349,"1349.222","Streptococcus uberis PE71","cephalothin","","1","","1","mg/L","Broth dilution","","Sensititre Mastitis","Thermo Fisher Scientific","","","","","","Laboratory Method","",""
1349,"1349.35","Streptococcus uberis PE12","pirlimycin","","0.25","","0.25","mg/L","Broth dilution","","Sensititre Mastitis","Thermo Fisher Scientific","","","","","","Laboratory Method","",""
1349,"1349.84","Streptococcus uberis PE2","ceftiofur","","1","","1","mg/L","Broth dilution","","Sensititre Mastitis","Thermo Fisher Scientific","","","","","","Laboratory Method","",""
1349,"1349.230","Streptococcus uberis PE79","erythromycin","","0.125","","0.125","mg/L","Broth dilution","","Sensititre Mastitis","Thermo Fisher Scientific","","","","","","Laboratory Method","",""
1349,"1349.644","Streptococcus uberis strain 17150_7#86","oxacillin","","0.125","","0.125","mg/L","Broth dilution","","","","CLSI",2013,"","","","Laboratory Method","","[32122596]"
1349,"1349.218","Streptococcus uberis PE67","erythromycin","","0.125","","0.125","mg/L","Broth dilution","","Sensititre Mastitis","Thermo Fisher Scientific","","","","","","Laboratory Method","",""
1349,"1349.196","Streptococcus uberis PE32","ceftiofur","","0.5","","0.5","mg/L","Broth dilution","","Sensititre Mastitis","Thermo Fisher Scientific","","","","","","Laboratory Method","",""
1349,"1349.829","Streptococcus uberis strain 18274_6#67","oxacillin","","0.125","","0.125","mg/L","Broth dilution","","","","CLSI",2013,"","","","Laboratory Method","","[32122596]"
1349,"1349.695","Streptococcus uberis strain 17652_7#71","oxacillin","","0.125","","0.125","mg/L","Broth dilution","","","","CLSI",2013,"","","","Laboratory Method","","[32122596]"
1349,"1349.204","Streptococcus uberis PE41","ampicillin","","0.25","","0.25","mg/L","Broth dilution","","Sensititre Mastitis","Thermo Fisher Scientific","","","","","","Laboratory Method","",""
1349,"1349.788","Streptococcus uberis strain 17652_8#79","oxacillin","","0.125","","0.125","mg/L","Broth dilution","","","","CLSI",2013,"","","","Laboratory Method","","[32122596]"
1349,"1349.732","Streptococcus uberis strain 17652_8#23","oxacillin","","1","","1","mg/L","Broth dilution","","","","CLSI",2013,"","","","Laboratory Method","","[32122596]"
1349,"1349.229","Streptococcus uberis PE78","ceftiofur","","1","","1","mg/L","Broth dilution","","Sensititre Mastitis","Thermo Fisher Scientific","","","","","","Laboratory Method","",""
1349,"1349.116","Streptococcus uberis PE30","erythromycin","","0.125","","0.125","mg/L","Broth dilution","","Sensititre Mastitis","Thermo Fisher Scientific","","","","","","Laboratory Method","",""
1349,"1349.706","Streptococcus uberis strain 17652_7#76","oxacillin","","0.0625","","0.0625","mg/L","Broth dilution","","","","CLSI",2013,"","","","Laboratory Method","","[32122596]"
1349,"1349.207","Streptococcus uberis PE50","pirlimycin","","2","","2","mg/L","Broth dilution","","Sensititre Mastitis","Thermo Fisher Scientific","","","","","","Laboratory Method","",""
1349,"1349.213","Streptococcus uberis PE61","erythromycin","","0.125","","0.125","mg/L","Broth dilution","","Sensititre Mastitis","Thermo Fisher Scientific","","","","","","Laboratory Method","",""
1349,"1349.30","Streptococcus uberis PE1","pirlimycin","","0.25","","0.25","mg/L","Broth dilution","","Sensititre Mastitis","Thermo Fisher Scientific","","","","","","Laboratory Method","",""
1349,"1349.846","Streptococcus uberis strain 19183_8#125","oxacillin","","0.125","","0.125","mg/L","Broth dilution","","","","CLSI",2013,"","","","Laboratory Method","","[32122596]"
1349,"1349.35","Streptococcus uberis PE12","erythromycin","","0.125","","0.125","mg/L","Broth dilution","","Sensititre Mastitis","Thermo Fisher Scientific","","","","","","Laboratory Method","",""
1349,"1349.781","Streptococcus uberis strain 17652_8#72","oxacillin","","0.25","","0.25","mg/L","Broth dilution","","","","CLSI",2013,"","","","Laboratory Method","","[32122596]"
1349,"1349.859","Streptococcus uberis strain 19183_8#139","oxacillin","","0.125","","0.125","mg/L","Broth dilution","","","","CLSI",2013,"","","","Laboratory Method","","[32122596]"
1349,"1349.793","Streptococcus uberis strain 17652_8#82","oxacillin","","2","","2","mg/L","Broth dilution","","","","CLSI",2013,"","","","Laboratory Method","","[32122596]"
1349,"1349.205","Streptococcus uberis PE42","penicillin/novobiocin","","0.5","","0.5","mg/L","Broth dilution","","Sensititre Mastitis","Thermo Fisher Scientific","","","","","","Laboratory Method","",""
1349,"1349.691","Streptococcus uberis strain 17652_7#66","oxacillin","","2","","2","mg/L","Broth dilution","","","","CLSI",2013,"","","","Laboratory Method","","[32122596]"
1349,"1349.115","Streptococcus uberis PE27","pirlimycin","","0.25","","0.25","mg/L","Broth dilution","","Sensititre Mastitis","Thermo Fisher Scientific","","","","","","Laboratory Method","",""
1349,"1349.225","Streptococcus uberis PE74","ceftiofur","","0.25","","0.25","mg/L","Broth dilution","","Sensititre Mastitis","Thermo Fisher Scientific","","","","","","Laboratory Method","",""
1349,"1349.140","Streptococcus uberis PE26","erythromycin","","0.125","","0.125","mg/L","Broth dilution","","Sensititre Mastitis","Thermo Fisher Scientific","","","","","","Laboratory Method","",""
1349,"1349.226","Streptococcus uberis PE75","ampicillin","","0.25","","0.25","mg/L","Broth dilution","","Sensititre Mastitis","Thermo Fisher Scientific","","","","","","Laboratory Method","",""
1349,"1349.795","Streptococcus uberis strain 17652_8#87","oxacillin","","0.0625","","0.0625","mg/L","Broth dilution","","","","CLSI",2013,"","","","Laboratory Method","","[32122596]"
1349,"1349.202","Streptococcus uberis PE4","tetracycline","","8","","8","mg/L","Broth dilution","","Sensititre Mastitis","Thermo Fisher Scientific","","","","","","Laboratory Method","",""
1349,"1349.197","Streptococcus uberis PE33","cephalothin","","1","","1","mg/L","Broth dilution","","Sensititre Mastitis","Thermo Fisher Scientific","","","","","","Laboratory Method","",""
1349,"1349.30","Streptococcus uberis PE1","ceftiofur","","1","","1","mg/L","Broth dilution","","Sensititre Mastitis","Thermo Fisher Scientific","","","","","","Laboratory Method","",""
1349,"1349.602","Streptococcus uberis strain 17150_7#32","oxacillin","","0.125","","0.125","mg/L","Broth dilution","","","","CLSI",2013,"","","","Laboratory Method","","[32122596]"
1349,"1349.632","Streptococcus uberis strain 17150_7#60","oxacillin","","0.125","","0.125","mg/L","Broth dilution","","","","CLSI",2013,"","","","Laboratory Method","","[32122596]"
1349,"1349.217","Streptococcus uberis PE66","ampicillin","","0.25","","0.25","mg/L","Broth dilution","","Sensititre Mastitis","Thermo Fisher Scientific","","","","","","Laboratory Method","",""
1349,"1349.135","Streptococcus uberis PE227","ceftiofur","","1","","1","mg/L","Broth dilution","","Sensititre Mastitis","Thermo Fisher Scientific","","","","","","Laboratory Method","",""
1349,"1349.209","Streptococcus uberis PE57","ampicillin","","2","","2","mg/L","Broth dilution","","Sensititre Mastitis","Thermo Fisher Scientific","","","","","","Laboratory Method","",""
1349,"1349.227","Streptococcus uberis PE76","penicillin","","0.25","","0.25","mg/L","Broth dilution","","Sensititre Mastitis","Thermo Fisher Scientific","","","","","","Laboratory Method","",""
1349,"1349.718","Streptococcus uberis strain 17652_7#91","oxacillin","","0.125","","0.125","mg/L","Broth dilution","","","","CLSI",2013,"","","","Laboratory Method","","[32122596]"
1349,"1349.214","Streptococcus uberis PE62","penicillin/novobiocin","","0.5","","0.5","mg/L","Broth dilution","","Sensititre Mastitis","Thermo Fisher Scientific","","","","","","Laboratory Method","",""
1349,"1349.232","Streptococcus uberis PE93","erythromycin","","0.125","","0.125","mg/L","Broth dilution","","Sensititre Mastitis","Thermo Fisher Scientific","","","","","","Laboratory Method","",""
1349,"1349.138","Streptococcus uberis PE242","penicillin","","0.25","","0.25","mg/L","Broth dilution","","Sensititre Mastitis","Thermo Fisher Scientific","","","","","","Laboratory Method","",""
1349,"1349.825","Streptococcus uberis strain 18274_6#72","oxacillin","","2","","2","mg/L","Broth dilution","","","","CLSI",2013,"","","","Laboratory Method","","[32122596]"
1349,"1349.185","Streptococcus uberis PE21","tetracycline","","0.5","","0.5","mg/L","Broth dilution","","Sensititre Mastitis","Thermo Fisher Scientific","","","","","","Laboratory Method","",""
1349,"1349.717","Streptococcus uberis strain 17652_7#92","oxacillin","","0.125","","0.125","mg/L","Broth dilution","","","","CLSI",2013,"","","","Laboratory Method","","[32122596]"
1349,"1349.708","Streptococcus uberis strain 17652_7#83","oxacillin","","1","","1","mg/L","Broth dilution","","","","CLSI",2013,"","","","Laboratory Method","","[32122596]"
1349,"1349.616","Streptococcus uberis strain 17150_7#46","oxacillin","","2","","2","mg/L","Broth dilution","","","","CLSI",2013,"","","","Laboratory Method","","[32122596]"
1349,"1349.199","Streptococcus uberis PE35","ampicillin","","0.25","","0.25","mg/L","Broth dilution","","Sensititre Mastitis","Thermo Fisher Scientific","","","","","","Laboratory Method","",""
1349,"1349.221","Streptococcus uberis PE70","pirlimycin","","0.25","","0.25","mg/L","Broth dilution","","Sensititre Mastitis","Thermo Fisher Scientific","","","","","","Laboratory Method","",""
1349,"1349.810","Streptococcus uberis strain 18274_6#54","oxacillin","","1","","1","mg/L","Broth dilution","","","","CLSI",2013,"","","","Laboratory Method","","[32122596]"
1349,"1349.75","Streptococcus uberis PE198","penicillin/novobiocin","","0.5","","0.5","mg/L","Broth dilution","","Sensititre Mastitis","Thermo Fisher Scientific","","","","","","Laboratory Method","",""
1349,"1349.111","Streptococcus uberis PE24","pirlimycin","","4","","4","mg/L","Broth dilution","","Sensititre Mastitis","Thermo Fisher Scientific","","","","","","Laboratory Method","",""
1349,"1349.196","Streptococcus uberis PE32","pirlimycin","","4","","4","mg/L","Broth dilution","","Sensititre Mastitis","Thermo Fisher Scientific","","","","","","Laboratory Method","",""
1349,"1349.223","Streptococcus uberis PE72","cephalothin","","1","","1","mg/L","Broth dilution","","Sensititre Mastitis","Thermo Fisher Scientific","","","","","","Laboratory Method","",""
1349,"1349.662","Streptococcus uberis strain 17652_7#37","oxacillin","","1","","1","mg/L","Broth dilution","","","","CLSI",2013,"","","","Laboratory Method","","[32122596]"
1349,"1349.111","Streptococcus uberis PE24","erythromycin","","2","","2","mg/L","Broth dilution","","Sensititre Mastitis","Thermo Fisher Scientific","","","","","","Laboratory Method","",""
1349,"1349.145","Streptococcus uberis PE10","tetracycline","","0.5","","0.5","mg/L","Broth dilution","","Sensititre Mastitis","Thermo Fisher Scientific","","","","","","Laboratory Method","",""
1349,"1349.61","Streptococcus uberis PE172","cephalothin","","1","","1","mg/L","Broth dilution","","Sensititre Mastitis","Thermo Fisher Scientific","","","","","","Laboratory Method","",""
1349,"1349.213","Streptococcus uberis PE61","ceftiofur","","1","","1","mg/L","Broth dilution","","Sensititre Mastitis","Thermo Fisher Scientific","","","","","","Laboratory Method","",""
1349,"1349.204","Streptococcus uberis PE41","tetracycline","","8","","8","mg/L","Broth dilution","","Sensititre Mastitis","Thermo Fisher Scientific","","","","","","Laboratory Method","",""
1349,"1349.136","Streptococcus uberis PE238","penicillin/novobiocin","","1","","1","mg/L","Broth dilution","","Sensititre Mastitis","Thermo Fisher Scientific","","","","","","Laboratory Method","",""
1349,"1349.32","Streptococcus uberis PE100","erythromycin","","0.125","","0.125","mg/L","Broth dilution","","Sensititre Mastitis","Thermo Fisher Scientific","","","","","","Laboratory Method","",""
1349,"1349.780","Streptococcus uberis strain 17652_8#76","oxacillin","","0.125","","0.125","mg/L","Broth dilution","","","","CLSI",2013,"","","","Laboratory Method","","[32122596]"
1349,"1349.220","Streptococcus uberis PE7","penicillin","","0.5","","0.5","mg/L","Broth dilution","","Sensititre Mastitis","Thermo Fisher Scientific","","","","","","Laboratory Method","",""
1349,"1349.202","Streptococcus uberis PE4","pirlimycin","","4","","4","mg/L","Broth dilution","","Sensititre Mastitis","Thermo Fisher Scientific","","","","","","Laboratory Method","",""
1349,"1349.139","Streptococcus uberis PE25","ceftiofur","","1","","1","mg/L","Broth dilution","","Sensititre Mastitis","Thermo Fisher Scientific","","","","","","Laboratory Method","",""
1349,"1349.207","Streptococcus uberis PE50","erythromycin","","0.125","","0.125","mg/L","Broth dilution","","Sensititre Mastitis","Thermo Fisher Scientific","","","","","","Laboratory Method","",""
1349,"1349.212","Streptococcus uberis PE60","ceftiofur","","2","","2","mg/L","Broth dilution","","Sensititre Mastitis","Thermo Fisher Scientific","","","","","","Laboratory Method","",""
1349,"1349.57","Streptococcus uberis PE17","ceftiofur","","1","","1","mg/L","Broth dilution","","Sensititre Mastitis","Thermo Fisher Scientific","","","","","","Laboratory Method","",""
1349,"1349.101","Streptococcus uberis PE20","cephalothin","","2","","2","mg/L","Broth dilution","","Sensititre Mastitis","Thermo Fisher Scientific","","","","","","Laboratory Method","",""
1349,"1349.214","Streptococcus uberis PE62","penicillin","","0.5","","0.5","mg/L","Broth dilution","","Sensititre Mastitis","Thermo Fisher Scientific","","","","","","Laboratory Method","",""
1349,"1349.39","Streptococcus uberis PE15","tetracycline","","0.5","","0.5","mg/L","Broth dilution","","Sensititre Mastitis","Thermo Fisher Scientific","","","","","","Laboratory Method","",""
1349,"1349.722","Streptococcus uberis strain 17652_8#1","oxacillin","","0.125","","0.125","mg/L","Broth dilution","","","","CLSI",2013,"","","","Laboratory Method","","[32122596]"
1349,"1349.33","Streptococcus uberis PE11","penicillin/novobiocin","","0.5","","0.5","mg/L","Broth dilution","","Sensititre Mastitis","Thermo Fisher Scientific","","","","","","Laboratory Method","",""
1349,"1349.134","Streptococcus uberis PE22","tetracycline","","0.5","","0.5","mg/L","Broth dilution","","Sensititre Mastitis","Thermo Fisher Scientific","","","","","","Laboratory Method","",""
1349,"1349.666","Streptococcus uberis strain 17652_7#40","oxacillin","","0.125","","0.125","mg/L","Broth dilution","","","","CLSI",2013,"","","","Laboratory Method","","[32122596]"
1349,"1349.75","Streptococcus uberis PE198","pirlimycin","","2","","2","mg/L","Broth dilution","","Sensititre Mastitis","Thermo Fisher Scientific","","","","","","Laboratory Method","",""
1349,"1349.204","Streptococcus uberis PE41","erythromycin","","0.125","","0.125","mg/L","Broth dilution","","Sensititre Mastitis","Thermo Fisher Scientific","","","","","","Laboratory Method","",""
1349,"1349.185","Streptococcus uberis PE21","ceftiofur","","1","","1","mg/L","Broth dilution","","Sensititre Mastitis","Thermo Fisher Scientific","","","","","","Laboratory Method","",""
1349,"1349.32","Streptococcus uberis PE100","penicillin/novobiocin","","0.5","","0.5","mg/L","Broth dilution","","Sensititre Mastitis","Thermo Fisher Scientific","","","","","","Laboratory Method","",""
1349,"1349.215","Streptococcus uberis PE63","penicillin","","0.25","","0.25","mg/L","Broth dilution","","Sensititre Mastitis","Thermo Fisher Scientific","","","","","","Laboratory Method","",""
1349,"1349.223","Streptococcus uberis PE72","pirlimycin","","0.25","","0.25","mg/L","Broth dilution","","Sensititre Mastitis","Thermo Fisher Scientific","","","","","","Laboratory Method","",""
1349,"1349.745","Streptococcus uberis strain 17652_8#37","oxacillin","","0.125","","0.125","mg/L","Broth dilution","","","","CLSI",2013,"","","","Laboratory Method","","[32122596]"
1349,"1349.819","Streptococcus uberis strain 18274_6#62","oxacillin","","0.125","","0.125","mg/L","Broth dilution","","","","CLSI",2013,"","","","Laboratory Method","","[32122596]"
1349,"1349.808","Streptococcus uberis strain 18274_6#48","oxacillin","","2","","2","mg/L","Broth dilution","","","","CLSI",2013,"","","","Laboratory Method","","[32122596]"
1349,"1349.215","Streptococcus uberis PE63","erythromycin","","0.125","","0.125","mg/L","Broth dilution","","Sensititre Mastitis","Thermo Fisher Scientific","","","","","","Laboratory Method","",""
1349,"1349.42","Streptococcus uberis PE153","ampicillin","","0.0625","","0.0625","mg/L","Broth dilution","","Sensititre Mastitis","Thermo Fisher Scientific","","","","","","Laboratory Method","",""
1349,"1349.605","Streptococcus uberis strain 17150_7#35","oxacillin","","0.125","","0.125","mg/L","Broth dilution","","","","CLSI",2013,"","","","Laboratory Method","","[32122596]"
1349,"1349.226","Streptococcus uberis PE75","pirlimycin","","2","","2","mg/L","Broth dilution","","Sensititre Mastitis","Thermo Fisher Scientific","","","","","","Laboratory Method","",""
1349,"1349.148","Streptococcus uberis PE116","erythromycin","","0.125","","0.125","mg/L","Broth dilution","","Sensititre Mastitis","Thermo Fisher Scientific","","","","","","Laboratory Method","",""
1349,"1349.197","Streptococcus uberis PE33","ampicillin","","0.125","","0.125","mg/L","Broth dilution","","Sensititre Mastitis","Thermo Fisher Scientific","","","","","","Laboratory Method","",""
1349,"1349.821","Streptococcus uberis strain 18274_6#64","oxacillin","","2","","2","mg/L","Broth dilution","","","","CLSI",2013,"","","","Laboratory Method","","[32122596]"
1349,"1349.207","Streptococcus uberis PE50","ampicillin","","0.5","","0.5","mg/L","Broth dilution","","Sensititre Mastitis","Thermo Fisher Scientific","","","","","","Laboratory Method","",""
1349,"1349.630","Streptococcus uberis strain 17150_7#63","oxacillin","","0.125","","0.125","mg/L","Broth dilution","","","","CLSI",2013,"","","","Laboratory Method","","[32122596]"
1349,"1349.75","Streptococcus uberis PE198","erythromycin","","0.125","","0.125","mg/L","Broth dilution","","Sensititre Mastitis","Thermo Fisher Scientific","","","","","","Laboratory Method","",""
1349,"1349.196","Streptococcus uberis PE32","erythromycin","","0.125","","0.125","mg/L","Broth dilution","","Sensititre Mastitis","Thermo Fisher Scientific","","","","","","Laboratory Method","",""
1349,"1349.211","Streptococcus uberis PE59","cephalothin","","1","","1","mg/L","Broth dilution","","Sensititre Mastitis","Thermo Fisher Scientific","","","","","","Laboratory Method","",""
1349,"1349.140","Streptococcus uberis PE26","pirlimycin","","0.25","","0.25","mg/L","Broth dilution","","Sensititre Mastitis","Thermo Fisher Scientific","","","","","","Laboratory Method","",""
1349,"1349.139","Streptococcus uberis PE25","ampicillin","","0.25","","0.25","mg/L","Broth dilution","","Sensititre Mastitis","Thermo Fisher Scientific","","","","","","Laboratory Method","",""
1349,"1349.768","Streptococcus uberis strain 17652_8#53","oxacillin","","0.125","","0.125","mg/L","Broth dilution","","","","CLSI",2013,"","","","Laboratory Method","","[32122596]"
1349,"1349.39","Streptococcus uberis PE15","penicillin","","0.5","","0.5","mg/L","Broth dilution","","Sensititre Mastitis","Thermo Fisher Scientific","","","","","","Laboratory Method","",""
1349,"1349.679","Streptococcus uberis strain 17652_7#52","oxacillin","","0.5","","0.5","mg/L","Broth dilution","","","","CLSI",2013,"","","","Laboratory Method","","[32122596]"
1349,"1349.73","Streptococcus uberis PE184","cephalothin","","1","","1","mg/L","Broth dilution","","Sensititre Mastitis","Thermo Fisher Scientific","","","","","","Laboratory Method","",""
1349,"1349.233","Streptococcus uberis PE98","ampicillin","","0.25","","0.25","mg/L","Broth dilution","","Sensititre Mastitis","Thermo Fisher Scientific","","","","","","Laboratory Method","",""
1349,"1349.136","Streptococcus uberis PE238","tetracycline","","8","","8","mg/L","Broth dilution","","Sensititre Mastitis","Thermo Fisher Scientific","","","","","","Laboratory Method","",""
1349,"1349.203","Streptococcus uberis PE40","erythromycin","","4","","4","mg/L","Broth dilution","","Sensititre Mastitis","Thermo Fisher Scientific","","","","","","Laboratory Method","",""
1349,"1349.111","Streptococcus uberis PE24","penicillin/novobiocin","","0.5","","0.5","mg/L","Broth dilution","","Sensititre Mastitis","Thermo Fisher Scientific","","","","","","Laboratory Method","",""
1349,"1349.145","Streptococcus uberis PE10","pirlimycin","","0.25","","0.25","mg/L","Broth dilution","","Sensititre Mastitis","Thermo Fisher Scientific","","","","","","Laboratory Method","",""
1349,"1349.758","Streptococcus uberis strain 17652_8#48","oxacillin","","0.125","","0.125","mg/L","Broth dilution","","","","CLSI",2013,"","","","Laboratory Method","","[32122596]"
1349,"1349.212","Streptococcus uberis PE60","penicillin","","1","","1","mg/L","Broth dilution","","Sensititre Mastitis","Thermo Fisher Scientific","","","","","","Laboratory Method","",""
1349,"1349.232","Streptococcus uberis PE93","tetracycline","","0.5","","0.5","mg/L","Broth dilution","","Sensititre Mastitis","Thermo Fisher Scientific","","","","","","Laboratory Method","",""
1349,"1349.212","Streptococcus uberis PE60","penicillin/novobiocin","","1","","1","mg/L","Broth dilution","","Sensititre Mastitis","Thermo Fisher Scientific","","","","","","Laboratory Method","",""
1349,"1349.221","Streptococcus uberis PE70","cephalothin","","1","","1","mg/L","Broth dilution","","Sensititre Mastitis","Thermo Fisher Scientific","","","","","","Laboratory Method","",""
1349,"1349.729","Streptococcus uberis strain 17652_8#16","oxacillin","","0.125","","0.125","mg/L","Broth dilution","","","","CLSI",2013,"","","","Laboratory Method","","[32122596]"
1349,"1349.231","Streptococcus uberis PE8","tetracycline","","0.5","","0.5","mg/L","Broth dilution","","Sensititre Mastitis","Thermo Fisher Scientific","","","","","","Laboratory Method","",""
1349,"1349.767","Streptococcus uberis strain 17652_8#64","oxacillin","","2","","2","mg/L","Broth dilution","","","","CLSI",2013,"","","","Laboratory Method","","[32122596]"
1349,"1349.226","Streptococcus uberis PE75","tetracycline","","8","","8","mg/L","Broth dilution","","Sensititre Mastitis","Thermo Fisher Scientific","","","","","","Laboratory Method","",""
1349,"1349.202","Streptococcus uberis PE4","erythromycin","","4","","4","mg/L","Broth dilution","","Sensititre Mastitis","Thermo Fisher Scientific","","","","","","Laboratory Method","",""
1349,"1349.57","Streptococcus uberis PE17","penicillin","","0.25","","0.25","mg/L","Broth dilution","","Sensititre Mastitis","Thermo Fisher Scientific","","","","","","Laboratory Method","",""
1349,"1349.811","Streptococcus uberis strain 18274_6#58","oxacillin","","0.125","","0.125","mg/L","Broth dilution","","","","CLSI",2013,"","","","Laboratory Method","","[32122596]"
1349,"1349.769","Streptococcus uberis strain 17652_8#57","oxacillin","","2","","2","mg/L","Broth dilution","","","","CLSI",2013,"","","","Laboratory Method","","[32122596]"
1349,"1349.231","Streptococcus uberis PE8","pirlimycin","","4","","4","mg/L","Broth dilution","","Sensititre Mastitis","Thermo Fisher Scientific","","","","","","Laboratory Method","",""
1349,"1349.196","Streptococcus uberis PE32","cephalothin","","1","","1","mg/L","Broth dilution","","Sensititre Mastitis","Thermo Fisher Scientific","","","","","","Laboratory Method","",""
1349,"1349.624","Streptococcus uberis strain 17150_7#59","oxacillin","","1","","1","mg/L","Broth dilution","","","","CLSI",2013,"","","","Laboratory Method","","[32122596]"
1349,"1349.228","Streptococcus uberis PE77","erythromycin","","4","","4","mg/L","Broth dilution","","Sensititre Mastitis","Thermo Fisher Scientific","","","","","","Laboratory Method","",""
1349,"1349.217","Streptococcus uberis PE66","cephalothin","","1","","1","mg/L","Broth dilution","","Sensititre Mastitis","Thermo Fisher Scientific","","","","","","Laboratory Method","",""
1349,"1349.209","Streptococcus uberis PE57","ceftiofur","","2","","2","mg/L","Broth dilution","","Sensititre Mastitis","Thermo Fisher Scientific","","","","","","Laboratory Method","",""
1349,"1349.101","Streptococcus uberis PE20","tetracycline","","1","","1","mg/L","Broth dilution","","Sensititre Mastitis","Thermo Fisher Scientific","","","","","","Laboratory Method","",""
1349,"1349.753","Streptococcus uberis strain 17652_8#39","oxacillin","","0.125","","0.125","mg/L","Broth dilution","","","","CLSI",2013,"","","","Laboratory Method","","[32122596]"
1349,"1349.215","Streptococcus uberis PE63","penicillin/novobiocin","","0.5","","0.5","mg/L","Broth dilution","","Sensititre Mastitis","Thermo Fisher Scientific","","","","","","Laboratory Method","",""
1349,"1349.784","Streptococcus uberis strain 17652_8#68","oxacillin","","2","","2","mg/L","Broth dilution","","","","CLSI",2013,"","","","Laboratory Method","","[32122596]"
1349,"1349.145","Streptococcus uberis PE10","ampicillin","","0.0625","","0.0625","mg/L","Broth dilution","","Sensititre Mastitis","Thermo Fisher Scientific","","","","","","Laboratory Method","",""
1349,"1349.814","Streptococcus uberis strain 18274_6#56","oxacillin","","0.125","","0.125","mg/L","Broth dilution","","","","CLSI",2013,"","","","Laboratory Method","","[32122596]"
1349,"1349.232","Streptococcus uberis PE93","penicillin/novobiocin","","0.5","","0.5","mg/L","Broth dilution","","Sensititre Mastitis","Thermo Fisher Scientific","","","","","","Laboratory Method","",""
1349,"1349.139","Streptococcus uberis PE25","penicillin/novobiocin","","0.5","","0.5","mg/L","Broth dilution","","Sensititre Mastitis","Thermo Fisher Scientific","","","","","","Laboratory Method","",""
1349,"1349.39","Streptococcus uberis PE15","ceftiofur","","1","","1","mg/L","Broth dilution","","Sensititre Mastitis","Thermo Fisher Scientific","","","","","","Laboratory Method","",""
1349,"1349.198","Streptococcus uberis PE34","tetracycline","","0.5","","0.5","mg/L","Broth dilution","","Sensititre Mastitis","Thermo Fisher Scientific","","","","","","Laboratory Method","",""
1349,"1349.30","Streptococcus uberis PE1","penicillin/novobiocin","","0.5","","0.5","mg/L","Broth dilution","","Sensititre Mastitis","Thermo Fisher Scientific","","","","","","Laboratory Method","",""
1349,"1349.731","Streptococcus uberis strain 17652_8#19","oxacillin","","2","","2","mg/L","Broth dilution","","","","CLSI",2013,"","","","Laboratory Method","","[32122596]"
1349,"1349.214","Streptococcus uberis PE62","tetracycline","","8","","8","mg/L","Broth dilution","","Sensititre Mastitis","Thermo Fisher Scientific","","","","","","Laboratory Method","",""
1349,"1349.33","Streptococcus uberis PE11","tetracycline","","8","","8","mg/L","Broth dilution","","Sensititre Mastitis","Thermo Fisher Scientific","","","","","","Laboratory Method","",""
1349,"1349.222","Streptococcus uberis PE71","ampicillin","","0.25","","0.25","mg/L","Broth dilution","","Sensititre Mastitis","Thermo Fisher Scientific","","","","","","Laboratory Method","",""
1349,"1349.204","Streptococcus uberis PE41","pirlimycin","","4","","4","mg/L","Broth dilution","","Sensititre Mastitis","Thermo Fisher Scientific","","","","","","Laboratory Method","",""
1349,"1349.116","Streptococcus uberis PE30","pirlimycin","","0.25","","0.25","mg/L","Broth dilution","","Sensititre Mastitis","Thermo Fisher Scientific","","","","","","Laboratory Method","",""
1349,"1349.185","Streptococcus uberis PE21","pirlimycin","","0.25","","0.25","mg/L","Broth dilution","","Sensititre Mastitis","Thermo Fisher Scientific","","","","","","Laboratory Method","",""
1349,"1349.233","Streptococcus uberis PE98","ceftiofur","","1","","1","mg/L","Broth dilution","","Sensititre Mastitis","Thermo Fisher Scientific","","","","","","Laboratory Method","",""
1349,"1349.223","Streptococcus uberis PE72","penicillin","","0.125","","0.125","mg/L","Broth dilution","","Sensititre Mastitis","Thermo Fisher Scientific","","","","","","Laboratory Method","",""
1349,"1349.32","Streptococcus uberis PE100","ceftiofur","","0.25","","0.25","mg/L","Broth dilution","","Sensititre Mastitis","Thermo Fisher Scientific","","","","","","Laboratory Method","",""
1349,"1349.230","Streptococcus uberis PE79","penicillin/novobiocin","","0.5","","0.5","mg/L","Broth dilution","","Sensititre Mastitis","Thermo Fisher Scientific","","","","","","Laboratory Method","",""
1349,"1349.214","Streptococcus uberis PE62","erythromycin","","0.125","","0.125","mg/L","Broth dilution","","Sensititre Mastitis","Thermo Fisher Scientific","","","","","","Laboratory Method","",""
1349,"1349.211","Streptococcus uberis PE59","penicillin/novobiocin","","0.5","","0.5","mg/L","Broth dilution","","Sensititre Mastitis","Thermo Fisher Scientific","","","","","","Laboratory Method","",""
1349,"1349.703","Streptococcus uberis strain 17652_7#82","oxacillin","","0.125","","0.125","mg/L","Broth dilution","","","","CLSI",2013,"","","","Laboratory Method","","[32122596]"
1349,"1349.224","Streptococcus uberis PE73","ceftiofur","","1","","1","mg/L","Broth dilution","","Sensititre Mastitis","Thermo Fisher Scientific","","","","","","Laboratory Method","",""
1349,"1349.728","Streptococcus uberis strain 17652_8#17","oxacillin","","1","","1","mg/L","Broth dilution","","","","CLSI",2013,"","","","Laboratory Method","","[32122596]"
1349,"1349.73","Streptococcus uberis PE184","pirlimycin","","0.25","","0.25","mg/L","Broth dilution","","Sensititre Mastitis","Thermo Fisher Scientific","","","","","","Laboratory Method","",""
1349,"1349.834","Streptococcus uberis strain 18274_6#83","oxacillin","","1","","1","mg/L","Broth dilution","","","","CLSI",2013,"","","","Laboratory Method","","[32122596]"
1349,"1349.205","Streptococcus uberis PE42","erythromycin","","0.125","","0.125","mg/L","Broth dilution","","Sensititre Mastitis","Thermo Fisher Scientific","","","","","","Laboratory Method","",""
1349,"1349.715","Streptococcus uberis strain 17652_7#85","oxacillin","","0.125","","0.125","mg/L","Broth dilution","","","","CLSI",2013,"","","","Laboratory Method","","[32122596]"
1349,"1349.777","Streptococcus uberis strain 17652_8#70","oxacillin","","0.125","","0.125","mg/L","Broth dilution","","","","CLSI",2013,"","","","Laboratory Method","","[32122596]"
1349,"1349.111","Streptococcus uberis PE24","penicillin","","0.25","","0.25","mg/L","Broth dilution","","Sensititre Mastitis","Thermo Fisher Scientific","","","","","","Laboratory Method","",""
1349,"1349.220","Streptococcus uberis PE7","erythromycin","","0.125","","0.125","mg/L","Broth dilution","","Sensititre Mastitis","Thermo Fisher Scientific","","","","","","Laboratory Method","",""
1349,"1349.232","Streptococcus uberis PE93","pirlimycin","","0.25","","0.25","mg/L","Broth dilution","","Sensititre Mastitis","Thermo Fisher Scientific","","","","","","Laboratory Method","",""
1349,"1349.215","Streptococcus uberis PE63","pirlimycin","","0.25","","0.25","mg/L","Broth dilution","","Sensititre Mastitis","Thermo Fisher Scientific","","","","","","Laboratory Method","",""
1349,"1349.831","Streptococcus uberis strain 18274_6#74","oxacillin","","2","","2","mg/L","Broth dilution","","","","CLSI",2013,"","","","Laboratory Method","","[32122596]"
1349,"1349.223","Streptococcus uberis PE72","tetracycline","","0.5","","0.5","mg/L","Broth dilution","","Sensititre Mastitis","Thermo Fisher Scientific","","","","","","Laboratory Method","",""
1349,"1349.665","Streptococcus uberis strain 17150_7#94","oxacillin","","0.125","","0.125","mg/L","Broth dilution","","","","CLSI",2013,"","","","Laboratory Method","","[32122596]"
1349,"1349.214","Streptococcus uberis PE62","pirlimycin","","0.25","","0.25","mg/L","Broth dilution","","Sensititre Mastitis","Thermo Fisher Scientific","","","","","","Laboratory Method","",""
1349,"1349.200","Streptococcus uberis PE37","ceftiofur","","2","","2","mg/L","Broth dilution","","Sensititre Mastitis","Thermo Fisher Scientific","","","","","","Laboratory Method","",""
1349,"1349.75","Streptococcus uberis PE198","cephalothin","","2","","2","mg/L","Broth dilution","","Sensititre Mastitis","Thermo Fisher Scientific","","","","","","Laboratory Method","",""
1349,"1349.111","Streptococcus uberis PE24","cephalothin","","1","","1","mg/L","Broth dilution","","Sensititre Mastitis","Thermo Fisher Scientific","","","","","","Laboratory Method","",""
1349,"1349.219","Streptococcus uberis PE68","cephalothin","","1","","1","mg/L","Broth dilution","","Sensititre Mastitis","Thermo Fisher Scientific","","","","","","Laboratory Method","",""
1349,"1349.204","Streptococcus uberis PE41","ceftiofur","","0.5","","0.5","mg/L","Broth dilution","","Sensititre Mastitis","Thermo Fisher Scientific","","","","","","Laboratory Method","",""
1349,"1349.213","Streptococcus uberis PE61","penicillin/novobiocin","","0.5","","0.5","mg/L","Broth dilution","","Sensititre Mastitis","Thermo Fisher Scientific","","","","","","Laboratory Method","",""
1349,"1349.213","Streptococcus uberis PE61","cephalothin","","1","","1","mg/L","Broth dilution","","Sensititre Mastitis","Thermo Fisher Scientific","","","","","","Laboratory Method","",""
1349,"1349.741","Streptococcus uberis strain 17652_8#29","oxacillin","","0.125","","0.125","mg/L","Broth dilution","","","","CLSI",2013,"","","","Laboratory Method","","[32122596]"
1349,"1349.633","Streptococcus uberis strain 17150_7#64","oxacillin","","2","","2","mg/L","Broth dilution","","","","CLSI",2013,"","","","Laboratory Method","","[32122596]"
1349,"1349.785","Streptococcus uberis strain 17652_8#67","oxacillin","","1","","1","mg/L","Broth dilution","","","","CLSI",2013,"","","","Laboratory Method","","[32122596]"
1349,"1349.205","Streptococcus uberis PE42","cephalothin","","1","","1","mg/L","Broth dilution","","Sensititre Mastitis","Thermo Fisher Scientific","","","","","","Laboratory Method","",""
1349,"1349.681","Streptococcus uberis strain 17652_7#59","oxacillin","","1","","1","mg/L","Broth dilution","","","","CLSI",2013,"","","","Laboratory Method","","[32122596]"
1349,"1349.210","Streptococcus uberis PE58","cephalothin","","1","","1","mg/L","Broth dilution","","Sensititre Mastitis","Thermo Fisher Scientific","","","","","","Laboratory Method","",""
1349,"1349.148","Streptococcus uberis PE116","cephalothin","","1","","1","mg/L","Broth dilution","","Sensititre Mastitis","Thermo Fisher Scientific","","","","","","Laboratory Method","",""
1349,"1349.699","Streptococcus uberis strain 17652_7#73","oxacillin","","2","","2","mg/L","Broth dilution","","","","CLSI",2013,"","","","Laboratory Method","","[32122596]"
1349,"1349.208","Streptococcus uberis PE54","cephalothin","","1","","1","mg/L","Broth dilution","","Sensititre Mastitis","Thermo Fisher Scientific","","","","","","Laboratory Method","",""
1349,"1349.693","Streptococcus uberis strain 17652_7#67","oxacillin","","2","","2","mg/L","Broth dilution","","","","CLSI",2013,"","","","Laboratory Method","","[32122596]"
1349,"1349.228","Streptococcus uberis PE77","penicillin/novobiocin","","0.5","","0.5","mg/L","Broth dilution","","Sensititre Mastitis","Thermo Fisher Scientific","","","","","","Laboratory Method","",""
1349,"1349.111","Streptococcus uberis PE24","tetracycline","","0.5","","0.5","mg/L","Broth dilution","","Sensititre Mastitis","Thermo Fisher Scientific","","","","","","Laboratory Method","",""
1349,"1349.138","Streptococcus uberis PE242","cephalothin","","1","","1","mg/L","Broth dilution","","Sensititre Mastitis","Thermo Fisher Scientific","","","","","","Laboratory Method","",""
1349,"1349.207","Streptococcus uberis PE50","cephalothin","","2","","2","mg/L","Broth dilution","","Sensititre Mastitis","Thermo Fisher Scientific","","","","","","Laboratory Method","",""
1349,"1349.61","Streptococcus uberis PE172","pirlimycin","","0.25","","0.25","mg/L","Broth dilution","","Sensititre Mastitis","Thermo Fisher Scientific","","","","","","Laboratory Method","",""
1349,"1349.749","Streptococcus uberis strain 17652_8#40","oxacillin","","2","","2","mg/L","Broth dilution","","","","CLSI",2013,"","","","Laboratory Method","","[32122596]"
1349,"1349.115","Streptococcus uberis PE27","erythromycin","","0.125","","0.125","mg/L","Broth dilution","","Sensititre Mastitis","Thermo Fisher Scientific","","","","","","Laboratory Method","",""
1349,"1349.139","Streptococcus uberis PE25","cephalothin","","1","","1","mg/L","Broth dilution","","Sensititre Mastitis","Thermo Fisher Scientific","","","","","","Laboratory Method","",""
1349,"1349.101","Streptococcus uberis PE20","ceftiofur","","1","","1","mg/L","Broth dilution","","Sensititre Mastitis","Thermo Fisher Scientific","","","","","","Laboratory Method","",""
1349,"1349.206","Streptococcus uberis PE5","penicillin","","0.5","","0.5","mg/L","Broth dilution","","Sensititre Mastitis","Thermo Fisher Scientific","","","","","","Laboratory Method","",""
1349,"1349.185","Streptococcus uberis PE21","cephalothin","","1","","1","mg/L","Broth dilution","","Sensititre Mastitis","Thermo Fisher Scientific","","","","","","Laboratory Method","",""
1349,"1349.719","Streptococcus uberis strain 17652_7#94","oxacillin","","1","","1","mg/L","Broth dilution","","","","CLSI",2013,"","","","Laboratory Method","","[32122596]"
1349,"1349.57","Streptococcus uberis PE17","ampicillin","","0.25","","0.25","mg/L","Broth dilution","","Sensititre Mastitis","Thermo Fisher Scientific","","","","","","Laboratory Method","",""
1349,"1349.42","Streptococcus uberis PE153","pirlimycin","","0.25","","0.25","mg/L","Broth dilution","","Sensititre Mastitis","Thermo Fisher Scientific","","","","","","Laboratory Method","",""
1349,"1349.84","Streptococcus uberis PE2","penicillin","","0.25","","0.25","mg/L","Broth dilution","","Sensititre Mastitis","Thermo Fisher Scientific","","","","","","Laboratory Method","",""
1349,"1349.216","Streptococcus uberis PE65","erythromycin","","0.125","","0.125","mg/L","Broth dilution","","Sensititre Mastitis","Thermo Fisher Scientific","","","","","","Laboratory Method","",""
1349,"1349.219","Streptococcus uberis PE68","penicillin/novobiocin","","0.5","","0.5","mg/L","Broth dilution","","Sensititre Mastitis","Thermo Fisher Scientific","","","","","","Laboratory Method","",""
1349,"1349.211","Streptococcus uberis PE59","ampicillin","","0.5","","0.5","mg/L","Broth dilution","","Sensititre Mastitis","Thermo Fisher Scientific","","","","","","Laboratory Method","",""
1349,"1349.845","Streptococcus uberis strain 19183_8#126","oxacillin","","1","","1","mg/L","Broth dilution","","","","CLSI",2013,"","","","Laboratory Method","","[32122596]"
1349,"1349.233","Streptococcus uberis PE98","pirlimycin","","0.25","","0.25","mg/L","Broth dilution","","Sensititre Mastitis","Thermo Fisher Scientific","","","","","","Laboratory Method","",""
1349,"1349.677","Streptococcus uberis strain 17652_7#57","oxacillin","","0.125","","0.125","mg/L","Broth dilution","","","","CLSI",2013,"","","","Laboratory Method","","[32122596]"
1349,"1349.734","Streptococcus uberis strain 17652_8#22","oxacillin","","1","","1","mg/L","Broth dilution","","","","CLSI",2013,"","","","Laboratory Method","","[32122596]"
1349,"1349.215","Streptococcus uberis PE63","tetracycline","","0.5","","0.5","mg/L","Broth dilution","","Sensititre Mastitis","Thermo Fisher Scientific","","","","","","Laboratory Method","",""
1349,"1349.210","Streptococcus uberis PE58","erythromycin","","0.125","","0.125","mg/L","Broth dilution","","Sensititre Mastitis","Thermo Fisher Scientific","","","","","","Laboratory Method","",""
1349,"1349.224","Streptococcus uberis PE73","penicillin/novobiocin","","0.5","","0.5","mg/L","Broth dilution","","Sensititre Mastitis","Thermo Fisher Scientific","","","","","","Laboratory Method","",""
1349,"1349.197","Streptococcus uberis PE33","penicillin","","0.125","","0.125","mg/L","Broth dilution","","Sensititre Mastitis","Thermo Fisher Scientific","","","","","","Laboratory Method","",""
1349,"1349.203","Streptococcus uberis PE40","penicillin","","0.5","","0.5","mg/L","Broth dilution","","Sensititre Mastitis","Thermo Fisher Scientific","","","","","","Laboratory Method","",""
1349,"1349.227","Streptococcus uberis PE76","ampicillin","","0.25","","0.25","mg/L","Broth dilution","","Sensititre Mastitis","Thermo Fisher Scientific","","","","","","Laboratory Method","",""
1349,"1349.701","Streptococcus uberis strain 17652_7#77","oxacillin","","0.125","","0.125","mg/L","Broth dilution","","","","CLSI",2013,"","","","Laboratory Method","","[32122596]"
1349,"1349.136","Streptococcus uberis PE238","erythromycin","","0.25","","0.25","mg/L","Broth dilution","","Sensititre Mastitis","Thermo Fisher Scientific","","","","","","Laboratory Method","",""
1349,"1349.672","Streptococcus uberis strain 17652_7#50","oxacillin","","1","","1","mg/L","Broth dilution","","","","CLSI",2013,"","","","Laboratory Method","","[32122596]"
1349,"1349.783","Streptococcus uberis strain 17652_8#66","oxacillin","","2","","2","mg/L","Broth dilution","","","","CLSI",2013,"","","","Laboratory Method","","[32122596]"
1349,"1349.42","Streptococcus uberis PE153","ceftiofur","","0.25","","0.25","mg/L","Broth dilution","","Sensititre Mastitis","Thermo Fisher Scientific","","","","","","Laboratory Method","",""
1349,"1349.226","Streptococcus uberis PE75","erythromycin","","0.125","","0.125","mg/L","Broth dilution","","Sensititre Mastitis","Thermo Fisher Scientific","","","","","","Laboratory Method","",""
1349,"1349.707","Streptococcus uberis strain 17652_7#78","oxacillin","","1","","1","mg/L","Broth dilution","","","","CLSI",2013,"","","","Laboratory Method","","[32122596]"
1349,"1349.230","Streptococcus uberis PE79","penicillin","","0.25","","0.25","mg/L","Broth dilution","","Sensititre Mastitis","Thermo Fisher Scientific","","","","","","Laboratory Method","",""
1349,"1349.228","Streptococcus uberis PE77","penicillin","","0.5","","0.5","mg/L","Broth dilution","","Sensititre Mastitis","Thermo Fisher Scientific","","","","","","Laboratory Method","",""
1349,"1349.201","Streptococcus uberis PE39","ceftiofur","","1","","1","mg/L","Broth dilution","","Sensititre Mastitis","Thermo Fisher Scientific","","","","","","Laboratory Method","",""
1349,"1349.35","Streptococcus uberis PE12","penicillin/novobiocin","","0.5","","0.5","mg/L","Broth dilution","","Sensititre Mastitis","Thermo Fisher Scientific","","","","","","Laboratory Method","",""
1349,"1349.75","Streptococcus uberis PE198","penicillin","","0.5","","0.5","mg/L","Broth dilution","","Sensititre Mastitis","Thermo Fisher Scientific","","","","","","Laboratory Method","",""
1349,"1349.148","Streptococcus uberis PE116","pirlimycin","","0.25","","0.25","mg/L","Broth dilution","","Sensititre Mastitis","Thermo Fisher Scientific","","","","","","Laboratory Method","",""
1349,"1349.209","Streptococcus uberis PE57","penicillin","","4","","4","mg/L","Broth dilution","","Sensititre Mastitis","Thermo Fisher Scientific","","","","","","Laboratory Method","",""
1349,"1349.140","Streptococcus uberis PE26","ceftiofur","","1","","1","mg/L","Broth dilution","","Sensititre Mastitis","Thermo Fisher Scientific","","","","","","Laboratory Method","",""
1349,"1349.628","Streptococcus uberis strain 17150_7#55","oxacillin","","1","","1","mg/L","Broth dilution","","","","CLSI",2013,"","","","Laboratory Method","","[32122596]"
1349,"1349.606","Streptococcus uberis strain 17150_7#36","oxacillin","","2","","2","mg/L","Broth dilution","","","","CLSI",2013,"","","","Laboratory Method","","[32122596]"
1349,"1349.230","Streptococcus uberis PE79","tetracycline","","0.5","","0.5","mg/L","Broth dilution","","Sensititre Mastitis","Thermo Fisher Scientific","","","","","","Laboratory Method","",""
1349,"1349.197","Streptococcus uberis PE33","erythromycin","","1","","1","mg/L","Broth dilution","","Sensititre Mastitis","Thermo Fisher Scientific","","","","","","Laboratory Method","",""
1349,"1349.657","Streptococcus uberis strain 17652_7#35","oxacillin","","0.125","","0.125","mg/L","Broth dilution","","","","CLSI",2013,"","","","Laboratory Method","","[32122596]"
1349,"1349.847","Streptococcus uberis strain 19183_8#127","oxacillin","","2","","2","mg/L","Broth dilution","","","","CLSI",2013,"","","","Laboratory Method","","[32122596]"
1349,"1349.217","Streptococcus uberis PE66","pirlimycin","","0.25","","0.25","mg/L","Broth dilution","","Sensititre Mastitis","Thermo Fisher Scientific","","","","","","Laboratory Method","",""
1349,"1349.661","Streptococcus uberis strain 17652_7#36","oxacillin","","2","","2","mg/L","Broth dilution","","","","CLSI",2013,"","","","Laboratory Method","","[32122596]"
1349,"1349.84","Streptococcus uberis PE2","penicillin/novobiocin","","0.5","","0.5","mg/L","Broth dilution","","Sensititre Mastitis","Thermo Fisher Scientific","","","","","","Laboratory Method","",""
1349,"1349.219","Streptococcus uberis PE68","ampicillin","","0.125","","0.125","mg/L","Broth dilution","","Sensititre Mastitis","Thermo Fisher Scientific","","","","","","Laboratory Method","",""
1349,"1349.651","Streptococcus uberis strain 17150_7#80","oxacillin","","2","","2","mg/L","Broth dilution","","","","CLSI",2013,"","","","Laboratory Method","","[32122596]"
1349,"1349.625","Streptococcus uberis strain 17150_7#56","oxacillin","","2","","2","mg/L","Broth dilution","","","","CLSI",2013,"","","","Laboratory Method","","[32122596]"
1349,"1349.680","Streptococcus uberis strain 17652_7#53","oxacillin","","0.0625","","0.0625","mg/L","Broth dilution","","","","CLSI",2013,"","","","Laboratory Method","","[32122596]"
1349,"1349.220","Streptococcus uberis PE7","ceftiofur","","1","","1","mg/L","Broth dilution","","Sensititre Mastitis","Thermo Fisher Scientific","","","","","","Laboratory Method","",""
1349,"1349.800","Streptococcus uberis strain 18274_6#51","oxacillin","","2","","2","mg/L","Broth dilution","","","","CLSI",2013,"","","","Laboratory Method","","[32122596]"
1349,"1349.208","Streptococcus uberis PE54","erythromycin","","0.125","","0.125","mg/L","Broth dilution","","Sensititre Mastitis","Thermo Fisher Scientific","","","","","","Laboratory Method","",""
1349,"1349.201","Streptococcus uberis PE39","penicillin/novobiocin","","0.5","","0.5","mg/L","Broth dilution","","Sensititre Mastitis","Thermo Fisher Scientific","","","","","","Laboratory Method","",""
1349,"1349.705","Streptococcus uberis strain 17652_7#81","oxacillin","","2","","2","mg/L","Broth dilution","","","","CLSI",2013,"","","","Laboratory Method","","[32122596]"
1349,"1349.216","Streptococcus uberis PE65","tetracycline","","0.5","","0.5","mg/L","Broth dilution","","Sensititre Mastitis","Thermo Fisher Scientific","","","","","","Laboratory Method","",""
1349,"1349.226","Streptococcus uberis PE75","ceftiofur","","0.5","","0.5","mg/L","Broth dilution","","Sensititre Mastitis","Thermo Fisher Scientific","","","","","","Laboratory Method","",""
1349,"1349.841","Streptococcus uberis strain 18274_6#85","oxacillin","","1","","1","mg/L","Broth dilution","","","","CLSI",2013,"","","","Laboratory Method","","[32122596]"
1349,"1349.794","Streptococcus uberis strain 17652_8#81","oxacillin","","1","","1","mg/L","Broth dilution","","","","CLSI",2013,"","","","Laboratory Method","","[32122596]"
1349,"1349.634","Streptococcus uberis strain 17150_7#68","oxacillin","","2","","2","mg/L","Broth dilution","","","","CLSI",2013,"","","","Laboratory Method","","[32122596]"
1349,"1349.148","Streptococcus uberis PE116","tetracycline","","8","","8","mg/L","Broth dilution","","Sensititre Mastitis","Thermo Fisher Scientific","","","","","","Laboratory Method","",""
1349,"1349.148","Streptococcus uberis PE116","penicillin/novobiocin","","0.5","","0.5","mg/L","Broth dilution","","Sensititre Mastitis","Thermo Fisher Scientific","","","","","","Laboratory Method","",""
1349,"1349.766","Streptococcus uberis strain 17652_8#63","oxacillin","","2","","2","mg/L","Broth dilution","","","","CLSI",2013,"","","","Laboratory Method","","[32122596]"
1349,"1349.139","Streptococcus uberis PE25","penicillin","","0.25","","0.25","mg/L","Broth dilution","","Sensititre Mastitis","Thermo Fisher Scientific","","","","","","Laboratory Method","",""
1349,"1349.212","Streptococcus uberis PE60","pirlimycin","","4","","4","mg/L","Broth dilution","","Sensititre Mastitis","Thermo Fisher Scientific","","","","","","Laboratory Method","",""
1349,"1349.200","Streptococcus uberis PE37","erythromycin","","0.25","","0.25","mg/L","Broth dilution","","Sensititre Mastitis","Thermo Fisher Scientific","","","","","","Laboratory Method","",""
1349,"1349.756","Streptococcus uberis strain 17652_8#44","oxacillin","","0.125","","0.125","mg/L","Broth dilution","","","","CLSI",2013,"","","","Laboratory Method","","[32122596]"
1349,"1349.185","Streptococcus uberis PE21","ampicillin","","0.25","","0.25","mg/L","Broth dilution","","Sensititre Mastitis","Thermo Fisher Scientific","","","","","","Laboratory Method","",""
1349,"1349.687","Streptococcus uberis strain 17652_7#58","oxacillin","","2","","2","mg/L","Broth dilution","","","","CLSI",2013,"","","","Laboratory Method","","[32122596]"
1349,"1349.196","Streptococcus uberis PE32","tetracycline","","8","","8","mg/L","Broth dilution","","Sensititre Mastitis","Thermo Fisher Scientific","","","","","","Laboratory Method","",""
1349,"1349.212","Streptococcus uberis PE60","cephalothin","","2","","2","mg/L","Broth dilution","","Sensititre Mastitis","Thermo Fisher Scientific","","","","","","Laboratory Method","",""
1349,"1349.84","Streptococcus uberis PE2","ampicillin","","0.25","","0.25","mg/L","Broth dilution","","Sensititre Mastitis","Thermo Fisher Scientific","","","","","","Laboratory Method","",""
1349,"1349.623","Streptococcus uberis strain 17150_7#53","oxacillin","","0.25","","0.25","mg/L","Broth dilution","","","","CLSI",2013,"","","","Laboratory Method","","[32122596]"
1349,"1349.217","Streptococcus uberis PE66","penicillin/novobiocin","","0.5","","0.5","mg/L","Broth dilution","","Sensititre Mastitis","Thermo Fisher Scientific","","","","","","Laboratory Method","",""
1349,"1349.231","Streptococcus uberis PE8","cephalothin","","1","","1","mg/L","Broth dilution","","Sensititre Mastitis","Thermo Fisher Scientific","","","","","","Laboratory Method","",""
1349,"1349.115","Streptococcus uberis PE27","penicillin","","0.0625","","0.0625","mg/L","Broth dilution","","Sensititre Mastitis","Thermo Fisher Scientific","","","","","","Laboratory Method","",""
1349,"1349.816","Streptococcus uberis strain 18274_6#53","oxacillin","","2","","2","mg/L","Broth dilution","","","","CLSI",2013,"","","","Laboratory Method","","[32122596]"
1349,"1349.720","Streptococcus uberis strain 17652_7#93","oxacillin","","1","","1","mg/L","Broth dilution","","","","CLSI",2013,"","","","Laboratory Method","","[32122596]"
1349,"1349.221","Streptococcus uberis PE70","penicillin","","0.25","","0.25","mg/L","Broth dilution","","Sensititre Mastitis","Thermo Fisher Scientific","","","","","","Laboratory Method","",""
1349,"1349.115","Streptococcus uberis PE27","ceftiofur","","0.25","","0.25","mg/L","Broth dilution","","Sensititre Mastitis","Thermo Fisher Scientific","","","","","","Laboratory Method","",""
1349,"1349.73","Streptococcus uberis PE184","ceftiofur","","0.5","","0.5","mg/L","Broth dilution","","Sensititre Mastitis","Thermo Fisher Scientific","","","","","","Laboratory Method","",""
1349,"1349.685","Streptococcus uberis strain 17652_7#60","oxacillin","","0.125","","0.125","mg/L","Broth dilution","","","","CLSI",2013,"","","","Laboratory Method","","[32122596]"
1349,"1349.201","Streptococcus uberis PE39","pirlimycin","","4","","4","mg/L","Broth dilution","","Sensititre Mastitis","Thermo Fisher Scientific","","","","","","Laboratory Method","",""
1349,"1349.614","Streptococcus uberis strain 17150_7#44","oxacillin","","2","","2","mg/L","Broth dilution","","","","CLSI",2013,"","","","Laboratory Method","","[32122596]"
1349,"1349.755","Streptococcus uberis strain 17652_8#5","oxacillin","","2","","2","mg/L","Broth dilution","","","","CLSI",2013,"","","","Laboratory Method","","[32122596]"
1349,"1349.645","Streptococcus uberis strain 17150_7#85","oxacillin","","2","","2","mg/L","Broth dilution","","","","CLSI",2013,"","","","Laboratory Method","","[32122596]"
1349,"1349.822","Streptococcus uberis strain 18274_6#71","oxacillin","","2","","2","mg/L","Broth dilution","","","","CLSI",2013,"","","","Laboratory Method","","[32122596]"
1349,"1349.851","Streptococcus uberis strain 18274_6#87","oxacillin","","0.125","","0.125","mg/L","Broth dilution","","","","CLSI",2013,"","","","Laboratory Method","","[32122596]"
1349,"1349.73","Streptococcus uberis PE184","erythromycin","","0.125","","0.125","mg/L","Broth dilution","","Sensititre Mastitis","Thermo Fisher Scientific","","","","","","Laboratory Method","",""
1349,"1349.864","Streptococcus uberis strain 19183_8#140","oxacillin","","0.125","","0.125","mg/L","Broth dilution","","","","CLSI",2013,"","","","Laboratory Method","","[32122596]"
1349,"1349.230","Streptococcus uberis PE79","ceftiofur","","1","","1","mg/L","Broth dilution","","Sensititre Mastitis","Thermo Fisher Scientific","","","","","","Laboratory Method","",""
1349,"1349.608","Streptococcus uberis strain 17150_7#38","oxacillin","","2","","2","mg/L","Broth dilution","","","","CLSI",2013,"","","","Laboratory Method","","[32122596]"
1349,"1349.225","Streptococcus uberis PE74","cephalothin","","1","","1","mg/L","Broth dilution","","Sensititre Mastitis","Thermo Fisher Scientific","","","","","","Laboratory Method","",""
1349,"1349.221","Streptococcus uberis PE70","penicillin/novobiocin","","0.5","","0.5","mg/L","Broth dilution","","Sensititre Mastitis","Thermo Fisher Scientific","","","","","","Laboratory Method","",""
1349,"1349.199","Streptococcus uberis PE35","tetracycline","","8","","8","mg/L","Broth dilution","","Sensititre Mastitis","Thermo Fisher Scientific","","","","","","Laboratory Method","",""
1349,"1349.721","Streptococcus uberis strain 17652_7#95","oxacillin","","1","","1","mg/L","Broth dilution","","","","CLSI",2013,"","","","Laboratory Method","","[32122596]"
1349,"1349.1003","Streptococcus uberis strain WY2","oxacillin","Resistant","","","","","","","","","","","SIR XGBoost Model","202503101","F1 score: 0.99, CI[0.97, 1.01]","Computational Method","",""
1349,"1349.1006","Streptococcus uberis strain WY2","oxacillin","Resistant","","","","","","","","","","","SIR XGBoost Model","202503101","F1 score: 0.99, CI[0.97, 1.01]","Computational Method","",""
1349,"1349.101","Streptococcus uberis PE20","oxacillin","Resistant","","","","","","","","","","","SIR XGBoost Model","202503101","F1 score: 0.99, CI[0.97, 1.01]","Computational Method","",""
1349,"1349.1010","Streptococcus uberis WY2","oxacillin","Resistant","","","","","","","","","","","SIR XGBoost Model","202503101","F1 score: 0.99, CI[0.97, 1.01]","Computational Method","",""
1349,"1349.1012","Streptococcus uberis 048","oxacillin","Susceptible","","","","","","","","","","","SIR XGBoost Model","202503101","F1 score: 0.99, CI[0.97, 1.01]","Computational Method","",""
1349,"1349.1013","Streptococcus uberis 047","oxacillin","Susceptible","","","","","","","","","","","SIR XGBoost Model","202503101","F1 score: 0.99, CI[0.97, 1.01]","Computational Method","",""
1349,"1349.1014","Streptococcus uberis 044","oxacillin","Susceptible","","","","","","","","","","","SIR XGBoost Model","202503101","F1 score: 0.99, CI[0.97, 1.01]","Computational Method","",""
1349,"1349.1015","Streptococcus uberis 043","oxacillin","Susceptible","","","","","","","","","","","SIR XGBoost Model","202503101","F1 score: 0.99, CI[0.97, 1.01]","Computational Method","",""
1349,"1349.1016","Streptococcus uberis 042","oxacillin","Resistant","","","","","","","","","","","SIR XGBoost Model","202503101","F1 score: 0.99, CI[0.97, 1.01]","Computational Method","",""
1349,"1349.1017","Streptococcus uberis 039","oxacillin","Susceptible","","","","","","","","","","","SIR XGBoost Model","202503101","F1 score: 0.99, CI[0.97, 1.01]","Computational Method","",""
1349,"1349.1018","Streptococcus uberis 038","oxacillin","Susceptible","","","","","","","","","","","SIR XGBoost Model","202503101","F1 score: 0.99, CI[0.97, 1.01]","Computational Method","",""
1349,"1349.1019","Streptococcus uberis 040","oxacillin","Resistant","","","","","","","","","","","SIR XGBoost Model","202503101","F1 score: 0.99, CI[0.97, 1.01]","Computational Method","",""
1349,"1349.1020","Streptococcus uberis 046","oxacillin","Susceptible","","","","","","","","","","","SIR XGBoost Model","202503101","F1 score: 0.99, CI[0.97, 1.01]","Computational Method","",""
1349,"1349.1021","Streptococcus uberis 035","oxacillin","Susceptible","","","","","","","","","","","SIR XGBoost Model","202503101","F1 score: 0.99, CI[0.97, 1.01]","Computational Method","",""
1349,"1349.1022","Streptococcus uberis 037","oxacillin","Resistant","","","","","","","","","","","SIR XGBoost Model","202503101","F1 score: 0.99, CI[0.97, 1.01]","Computational Method","",""
1349,"1349.1023","Streptococcus uberis 026","oxacillin","Susceptible","","","","","","","","","","","SIR XGBoost Model","202503101","F1 score: 0.99, CI[0.97, 1.01]","Computational Method","",""
1349,"1349.1024","Streptococcus uberis 029","oxacillin","Susceptible","","","","","","","","","","","SIR XGBoost Model","202503101","F1 score: 0.99, CI[0.97, 1.01]","Computational Method","",""
1349,"1349.1025","Streptococcus uberis 020","oxacillin","Susceptible","","","","","","","","","","","SIR XGBoost Model","202503101","F1 score: 0.99, CI[0.97, 1.01]","Computational Method","",""
1349,"1349.1026","Streptococcus uberis 012","oxacillin","Susceptible","","","","","","","","","","","SIR XGBoost Model","202503101","F1 score: 0.99, CI[0.97, 1.01]","Computational Method","",""
1349,"1349.1027","Streptococcus uberis 003","oxacillin","Susceptible","","","","","","","","","","","SIR XGBoost Model","202503101","F1 score: 0.99, CI[0.97, 1.01]","Computational Method","",""
1349,"1349.1028","Streptococcus uberis 019","oxacillin","Resistant","","","","","","","","","","","SIR XGBoost Model","202503101","F1 score: 0.99, CI[0.97, 1.01]","Computational Method","",""
1349,"1349.1029","Streptococcus uberis 018","oxacillin","Susceptible","","","","","","","","","","","SIR XGBoost Model","202503101","F1 score: 0.99, CI[0.97, 1.01]","Computational Method","",""
1349,"1349.1030","Streptococcus uberis 009","oxacillin","Susceptible","","","","","","","","","","","SIR XGBoost Model","202503101","F1 score: 0.99, CI[0.97, 1.01]","Computational Method","",""
1349,"1349.1031","Streptococcus uberis 010","oxacillin","Susceptible","","","","","","","","","","","SIR XGBoost Model","202503101","F1 score: 0.99, CI[0.97, 1.01]","Computational Method","",""
1349,"1349.1032","Streptococcus uberis 007","oxacillin","Resistant","","","","","","","","","","","SIR XGBoost Model","202503101","F1 score: 0.99, CI[0.97, 1.01]","Computational Method","",""
1349,"1349.1033","Streptococcus uberis 011","oxacillin","Susceptible","","","","","","","","","","","SIR XGBoost Model","202503101","F1 score: 0.99, CI[0.97, 1.01]","Computational Method","",""
1349,"1349.1034","Streptococcus uberis 002","oxacillin","Susceptible","","","","","","","","","","","SIR XGBoost Model","202503101","F1 score: 0.99, CI[0.97, 1.01]","Computational Method","",""
1349,"1349.1035","Streptococcus uberis 008","oxacillin","Susceptible","","","","","","","","","","","SIR XGBoost Model","202503101","F1 score: 0.99, CI[0.97, 1.01]","Computational Method","",""
1349,"1349.1036","Streptococcus uberis 006","oxacillin","Susceptible","","","","","","","","","","","SIR XGBoost Model","202503101","F1 score: 0.99, CI[0.97, 1.01]","Computational Method","",""
1349,"1349.1037","Streptococcus uberis 001","oxacillin","Susceptible","","","","","","","","","","","SIR XGBoost Model","202503101","F1 score: 0.99, CI[0.97, 1.01]","Computational Method","",""
1349,"1349.1038","Streptococcus uberis 015","oxacillin","Susceptible","","","","","","","","","","","SIR XGBoost Model","202503101","F1 score: 0.99, CI[0.97, 1.01]","Computational Method","",""
1349,"1349.1039","Streptococcus uberis 028","oxacillin","Susceptible","","","","","","","","","","","SIR XGBoost Model","202503101","F1 score: 0.99, CI[0.97, 1.01]","Computational Method","",""
1349,"1349.1040","Streptococcus uberis 027","oxacillin","Susceptible","","","","","","","","","","","SIR XGBoost Model","202503101","F1 score: 0.99, CI[0.97, 1.01]","Computational Method","",""
1349,"1349.1041","Streptococcus uberis 014","oxacillin","Susceptible","","","","","","","","","","","SIR XGBoost Model","202503101","F1 score: 0.99, CI[0.97, 1.01]","Computational Method","",""
1349,"1349.1042","Streptococcus uberis 036","oxacillin","Susceptible","","","","","","","","","","","SIR XGBoost Model","202503101","F1 score: 0.99, CI[0.97, 1.01]","Computational Method","",""
1349,"1349.1043","Streptococcus uberis 025","oxacillin","Susceptible","","","","","","","","","","","SIR XGBoost Model","202503101","F1 score: 0.99, CI[0.97, 1.01]","Computational Method","",""
1349,"1349.1044","Streptococcus uberis 034","oxacillin","Susceptible","","","","","","","","","","","SIR XGBoost Model","202503101","F1 score: 0.99, CI[0.97, 1.01]","Computational Method","",""
1349,"1349.1045","Streptococcus uberis 033","oxacillin","Resistant","","","","","","","","","","","SIR XGBoost Model","202503101","F1 score: 0.99, CI[0.97, 1.01]","Computational Method","",""
1349,"1349.1046","Streptococcus uberis 004","oxacillin","Susceptible","","","","","","","","","","","SIR XGBoost Model","202503101","F1 score: 0.99, CI[0.97, 1.01]","Computational Method","",""
1349,"1349.1047","Streptococcus uberis 032","oxacillin","Susceptible","","","","","","","","","","","SIR XGBoost Model","202503101","F1 score: 0.99, CI[0.97, 1.01]","Computational Method","",""
1349,"1349.1048","Streptococcus uberis 016","oxacillin","Susceptible","","","","","","","","","","","SIR XGBoost Model","202503101","F1 score: 0.99, CI[0.97, 1.01]","Computational Method","",""
1349,"1349.1049","Streptococcus uberis 031","oxacillin","Susceptible","","","","","","","","","","","SIR XGBoost Model","202503101","F1 score: 0.99, CI[0.97, 1.01]","Computational Method","",""
1349,"1349.1050","Streptococcus uberis 017","oxacillin","Susceptible","","","","","","","","","","","SIR XGBoost Model","202503101","F1 score: 0.99, CI[0.97, 1.01]","Computational Method","",""
1349,"1349.1051","Streptococcus uberis 030","oxacillin","Susceptible","","","","","","","","","","","SIR XGBoost Model","202503101","F1 score: 0.99, CI[0.97, 1.01]","Computational Method","",""
1349,"1349.1052","Streptococcus uberis 024","oxacillin","Susceptible","","","","","","","","","","","SIR XGBoost Model","202503101","F1 score: 0.99, CI[0.97, 1.01]","Computational Method","",""
1349,"1349.1053","Streptococcus uberis 005","oxacillin","Susceptible","","","","","","","","","","","SIR XGBoost Model","202503101","F1 score: 0.99, CI[0.97, 1.01]","Computational Method","",""
1349,"1349.1054","Streptococcus uberis 023","oxacillin","Resistant","","","","","","","","","","","SIR XGBoost Model","202503101","F1 score: 0.99, CI[0.97, 1.01]","Computational Method","",""
1349,"1349.1055","Streptococcus uberis 013","oxacillin","Susceptible","","","","","","","","","","","SIR XGBoost Model","202503101","F1 score: 0.99, CI[0.97, 1.01]","Computational Method","",""
1349,"1349.1056","Streptococcus uberis 022","oxacillin","Susceptible","","","","","","","","","","","SIR XGBoost Model","202503101","F1 score: 0.99, CI[0.97, 1.01]","Computational Method","",""
1349,"1349.1057","Streptococcus uberis 021","oxacillin","Susceptible","","","","","","","","","","","SIR XGBoost Model","202503101","F1 score: 0.99, CI[0.97, 1.01]","Computational Method","",""
1349,"1349.1099","Streptococcus uberis 23","oxacillin","Susceptible","","","","","","","","","","","SIR XGBoost Model","202503101","F1 score: 0.99, CI[0.97, 1.01]","Computational Method","",""
1349,"1349.1100","Streptococcus uberis 20","oxacillin","Resistant","","","","","","","","","","","SIR XGBoost Model","202503101","F1 score: 0.99, CI[0.97, 1.01]","Computational Method","",""
1349,"1349.1101","Streptococcus uberis 22","oxacillin","Resistant","","","","","","","","","","","SIR XGBoost Model","202503101","F1 score: 0.99, CI[0.97, 1.01]","Computational Method","",""
1349,"1349.1102","Streptococcus uberis 21","oxacillin","Resistant","","","","","","","","","","","SIR XGBoost Model","202503101","F1 score: 0.99, CI[0.97, 1.01]","Computational Method","",""
1349,"1349.1103","Streptococcus uberis 19","oxacillin","Resistant","","","","","","","","","","","SIR XGBoost Model","202503101","F1 score: 0.99, CI[0.97, 1.01]","Computational Method","",""
1349,"1349.1104","Streptococcus uberis 15","oxacillin","Resistant","","","","","","","","","","","SIR XGBoost Model","202503101","F1 score: 0.99, CI[0.97, 1.01]","Computational Method","",""
1349,"1349.1105","Streptococcus uberis 18","oxacillin","Resistant","","","","","","","","","","","SIR XGBoost Model","202503101","F1 score: 0.99, CI[0.97, 1.01]","Computational Method","",""
1349,"1349.1106","Streptococcus uberis 24","oxacillin","Resistant","","","","","","","","","","","SIR XGBoost Model","202503101","F1 score: 0.99, CI[0.97, 1.01]","Computational Method","",""
1349,"1349.1107","Streptococcus uberis 16","oxacillin","Resistant","","","","","","","","","","","SIR XGBoost Model","202503101","F1 score: 0.99, CI[0.97, 1.01]","Computational Method","",""
1349,"1349.1108","Streptococcus uberis 17","oxacillin","Resistant","","","","","","","","","","","SIR XGBoost Model","202503101","F1 score: 0.99, CI[0.97, 1.01]","Computational Method","",""
1349,"1349.1109","Streptococcus uberis 12","oxacillin","Resistant","","","","","","","","","","","SIR XGBoost Model","202503101","F1 score: 0.99, CI[0.97, 1.01]","Computational Method","",""
1349,"1349.111","Streptococcus uberis PE24","oxacillin","Resistant","","","","","","","","","","","SIR XGBoost Model","202503101","F1 score: 0.99, CI[0.97, 1.01]","Computational Method","",""
1349,"1349.1110","Streptococcus uberis 13","oxacillin","Resistant","","","","","","","","","","","SIR XGBoost Model","202503101","F1 score: 0.99, CI[0.97, 1.01]","Computational Method","",""
1349,"1349.1111","Streptococcus uberis 14","oxacillin","Resistant","","","","","","","","","","","SIR XGBoost Model","202503101","F1 score: 0.99, CI[0.97, 1.01]","Computational Method","",""
1349,"1349.1112","Streptococcus uberis 04","oxacillin","Resistant","","","","","","","","","","","SIR XGBoost Model","202503101","F1 score: 0.99, CI[0.97, 1.01]","Computational Method","",""
1349,"1349.1113","Streptococcus uberis 03","oxacillin","Resistant","","","","","","","","","","","SIR XGBoost Model","202503101","F1 score: 0.99, CI[0.97, 1.01]","Computational Method","",""
1349,"1349.1114","Streptococcus uberis 05","oxacillin","Resistant","","","","","","","","","","","SIR XGBoost Model","202503101","F1 score: 0.99, CI[0.97, 1.01]","Computational Method","",""
1349,"1349.1115","Streptococcus uberis 02","oxacillin","Resistant","","","","","","","","","","","SIR XGBoost Model","202503101","F1 score: 0.99, CI[0.97, 1.01]","Computational Method","",""
1349,"1349.1116","Streptococcus uberis 11","oxacillin","Susceptible","","","","","","","","","","","SIR XGBoost Model","202503101","F1 score: 0.99, CI[0.97, 1.01]","Computational Method","",""
1349,"1349.1117","Streptococcus uberis 08","oxacillin","Resistant","","","","","","","","","","","SIR XGBoost Model","202503101","F1 score: 0.99, CI[0.97, 1.01]","Computational Method","",""
1349,"1349.1118","Streptococcus uberis 09","oxacillin","Resistant","","","","","","","","","","","SIR XGBoost Model","202503101","F1 score: 0.99, CI[0.97, 1.01]","Computational Method","",""
1349,"1349.1119","Streptococcus uberis 06","oxacillin","Resistant","","","","","","","","","","","SIR XGBoost Model","202503101","F1 score: 0.99, CI[0.97, 1.01]","Computational Method","",""
1349,"1349.1120","Streptococcus uberis 10","oxacillin","Resistant","","","","","","","","","","","SIR XGBoost Model","202503101","F1 score: 0.99, CI[0.97, 1.01]","Computational Method","",""
1349,"1349.1121","Streptococcus uberis 07","oxacillin","Resistant","","","","","","","","","","","SIR XGBoost Model","202503101","F1 score: 0.99, CI[0.97, 1.01]","Computational Method","",""
1349,"1349.1122","Streptococcus uberis 01","oxacillin","Resistant","","","","","","","","","","","SIR XGBoost Model","202503101","F1 score: 0.99, CI[0.97, 1.01]","Computational Method","",""
1349,"1349.1125","Streptococcus uberis BAU/MH/Bag-2002","oxacillin","Resistant","","","","","","","","","","","SIR XGBoost Model","202503101","F1 score: 0.99, CI[0.97, 1.01]","Computational Method","",""
1349,"1349.1126","Streptococcus uberis BAU/MH/Bag-2053","oxacillin","Susceptible","","","","","","","","","","","SIR XGBoost Model","202503101","F1 score: 0.99, CI[0.97, 1.01]","Computational Method","",""
1349,"1349.1127","Streptococcus uberis BAU/MH/Bag-2062","oxacillin","Resistant","","","","","","","","","","","SIR XGBoost Model","202503101","F1 score: 0.99, CI[0.97, 1.01]","Computational Method","",""
1349,"1349.1128","Streptococcus uberis BAU/MH/Bag-2055","oxacillin","Resistant","","","","","","","","","","","SIR XGBoost Model","202503101","F1 score: 0.99, CI[0.97, 1.01]","Computational Method","",""
1349,"1349.1129","Streptococcus uberis BAU/MH/Bag-2021","oxacillin","Resistant","","","","","","","","","","","SIR XGBoost Model","202503101","F1 score: 0.99, CI[0.97, 1.01]","Computational Method","",""
1349,"1349.115","Streptococcus uberis PE27","oxacillin","Susceptible","","","","","","","","","","","SIR XGBoost Model","202503101","F1 score: 0.99, CI[0.97, 1.01]","Computational Method","",""
1349,"1349.1152","Streptococcus uberis BR-MHR918","oxacillin","Resistant","","","","","","","","","","","SIR XGBoost Model","202503101","F1 score: 0.99, CI[0.97, 1.01]","Computational Method","",""
1349,"1349.1153","Streptococcus uberis ERR5094905_bin.2_metaWRAP_v1.3_MAG","oxacillin","Resistant","","","","","","","","","","","SIR XGBoost Model","202503101","F1 score: 0.99, CI[0.97, 1.01]","Computational Method","",""
1349,"1349.1155","Streptococcus uberis BR-MHR918","oxacillin","Resistant","","","","","","","","","","","SIR XGBoost Model","202503101","F1 score: 0.99, CI[0.97, 1.01]","Computational Method","",""
1349,"1349.1156","Streptococcus uberis BR-MHR841","oxacillin","Resistant","","","","","","","","","","","SIR XGBoost Model","202503101","F1 score: 0.99, CI[0.97, 1.01]","Computational Method","",""
1349,"1349.116","Streptococcus uberis PE30","oxacillin","Resistant","","","","","","","","","","","SIR XGBoost Model","202503101","F1 score: 0.99, CI[0.97, 1.01]","Computational Method","",""
1349,"1349.117","Streptococcus uberis PE302","oxacillin","Resistant","","","","","","","","","","","SIR XGBoost Model","202503101","F1 score: 0.99, CI[0.97, 1.01]","Computational Method","",""
1349,"1349.1253","Streptococcus uberis MOL","oxacillin","Resistant","","","","","","","","","","","SIR XGBoost Model","202503101","F1 score: 0.99, CI[0.97, 1.01]","Computational Method","",""
1349,"1349.1254","Streptococcus uberis CH","oxacillin","Resistant","","","","","","","","","","","SIR XGBoost Model","202503101","F1 score: 0.99, CI[0.97, 1.01]","Computational Method","",""
1349,"1349.134","Streptococcus uberis PE22","oxacillin","Resistant","","","","","","","","","","","SIR XGBoost Model","202503101","F1 score: 0.99, CI[0.97, 1.01]","Computational Method","",""
1349,"1349.135","Streptococcus uberis PE227","oxacillin","Resistant","","","","","","","","","","","SIR XGBoost Model","202503101","F1 score: 0.99, CI[0.97, 1.01]","Computational Method","",""
1349,"1349.136","Streptococcus uberis PE238","oxacillin","Resistant","","","","","","","","","","","SIR XGBoost Model","202503101","F1 score: 0.99, CI[0.97, 1.01]","Computational Method","",""
1349,"1349.138","Streptococcus uberis PE242","oxacillin","Resistant","","","","","","","","","","","SIR XGBoost Model","202503101","F1 score: 0.99, CI[0.97, 1.01]","Computational Method","",""
1349,"1349.139","Streptococcus uberis PE25","oxacillin","Resistant","","","","","","","","","","","SIR XGBoost Model","202503101","F1 score: 0.99, CI[0.97, 1.01]","Computational Method","",""
1349,"1349.140","Streptococcus uberis PE26","oxacillin","Resistant","","","","","","","","","","","SIR XGBoost Model","202503101","F1 score: 0.99, CI[0.97, 1.01]","Computational Method","",""
1349,"1349.145","Streptococcus uberis PE10","oxacillin","Susceptible","","","","","","","","","","","SIR XGBoost Model","202503101","F1 score: 0.99, CI[0.97, 1.01]","Computational Method","",""
1349,"1349.148","Streptococcus uberis PE116","oxacillin","Susceptible","","","","","","","","","","","SIR XGBoost Model","202503101","F1 score: 0.99, CI[0.97, 1.01]","Computational Method","",""
1349,"1349.185","Streptococcus uberis PE21","oxacillin","Resistant","","","","","","","","","","","SIR XGBoost Model","202503101","F1 score: 0.99, CI[0.97, 1.01]","Computational Method","",""
1349,"1349.196","Streptococcus uberis PE32","oxacillin","Resistant","","","","","","","","","","","SIR XGBoost Model","202503101","F1 score: 0.99, CI[0.97, 1.01]","Computational Method","",""
1349,"1349.197","Streptococcus uberis PE33","oxacillin","Resistant","","","","","","","","","","","SIR XGBoost Model","202503101","F1 score: 0.99, CI[0.97, 1.01]","Computational Method","",""
1349,"1349.198","Streptococcus uberis PE34","oxacillin","Resistant","","","","","","","","","","","SIR XGBoost Model","202503101","F1 score: 0.99, CI[0.97, 1.01]","Computational Method","",""
1349,"1349.199","Streptococcus uberis PE35","oxacillin","Resistant","","","","","","","","","","","SIR XGBoost Model","202503101","F1 score: 0.99, CI[0.97, 1.01]","Computational Method","",""
1349,"1349.200","Streptococcus uberis PE37","oxacillin","Resistant","","","","","","","","","","","SIR XGBoost Model","202503101","F1 score: 0.99, CI[0.97, 1.01]","Computational Method","",""
1349,"1349.201","Streptococcus uberis PE39","oxacillin","Resistant","","","","","","","","","","","SIR XGBoost Model","202503101","F1 score: 0.99, CI[0.97, 1.01]","Computational Method","",""
1349,"1349.202","Streptococcus uberis PE4","oxacillin","Resistant","","","","","","","","","","","SIR XGBoost Model","202503101","F1 score: 0.99, CI[0.97, 1.01]","Computational Method","",""
1349,"1349.203","Streptococcus uberis PE40","oxacillin","Resistant","","","","","","","","","","","SIR XGBoost Model","202503101","F1 score: 0.99, CI[0.97, 1.01]","Computational Method","",""
1349,"1349.204","Streptococcus uberis PE41","oxacillin","Resistant","","","","","","","","","","","SIR XGBoost Model","202503101","F1 score: 0.99, CI[0.97, 1.01]","Computational Method","",""
1349,"1349.205","Streptococcus uberis PE42","oxacillin","Resistant","","","","","","","","","","","SIR XGBoost Model","202503101","F1 score: 0.99, CI[0.97, 1.01]","Computational Method","",""
1349,"1349.206","Streptococcus uberis PE5","oxacillin","Resistant","","","","","","","","","","","SIR XGBoost Model","202503101","F1 score: 0.99, CI[0.97, 1.01]","Computational Method","",""
1349,"1349.207","Streptococcus uberis PE50","oxacillin","Resistant","","","","","","","","","","","SIR XGBoost Model","202503101","F1 score: 0.99, CI[0.97, 1.01]","Computational Method","",""
1349,"1349.208","Streptococcus uberis PE54","oxacillin","Susceptible","","","","","","","","","","","SIR XGBoost Model","202503101","F1 score: 0.99, CI[0.97, 1.01]","Computational Method","",""
1349,"1349.209","Streptococcus uberis PE57","oxacillin","Resistant","","","","","","","","","","","SIR XGBoost Model","202503101","F1 score: 0.99, CI[0.97, 1.01]","Computational Method","",""
1349,"1349.21","Streptococcus uberis","oxacillin","Susceptible","","","","","","","","","","","SIR XGBoost Model","202503101","F1 score: 0.99, CI[0.97, 1.01]","Computational Method","",""
1349,"1349.210","Streptococcus uberis PE58","oxacillin","Susceptible","","","","","","","","","","","SIR XGBoost Model","202503101","F1 score: 0.99, CI[0.97, 1.01]","Computational Method","",""
1349,"1349.211","Streptococcus uberis PE59","oxacillin","Resistant","","","","","","","","","","","SIR XGBoost Model","202503101","F1 score: 0.99, CI[0.97, 1.01]","Computational Method","",""
1349,"1349.212","Streptococcus uberis PE60","oxacillin","Resistant","","","","","","","","","","","SIR XGBoost Model","202503101","F1 score: 0.99, CI[0.97, 1.01]","Computational Method","",""
1349,"1349.213","Streptococcus uberis PE61","oxacillin","Resistant","","","","","","","","","","","SIR XGBoost Model","202503101","F1 score: 0.99, CI[0.97, 1.01]","Computational Method","",""
1349,"1349.214","Streptococcus uberis PE62","oxacillin","Resistant","","","","","","","","","","","SIR XGBoost Model","202503101","F1 score: 0.99, CI[0.97, 1.01]","Computational Method","",""
1349,"1349.215","Streptococcus uberis PE63","oxacillin","Resistant","","","","","","","","","","","SIR XGBoost Model","202503101","F1 score: 0.99, CI[0.97, 1.01]","Computational Method","",""
1349,"1349.216","Streptococcus uberis PE65","oxacillin","Susceptible","","","","","","","","","","","SIR XGBoost Model","202503101","F1 score: 0.99, CI[0.97, 1.01]","Computational Method","",""
1349,"1349.217","Streptococcus uberis PE66","oxacillin","Resistant","","","","","","","","","","","SIR XGBoost Model","202503101","F1 score: 0.99, CI[0.97, 1.01]","Computational Method","",""
1349,"1349.218","Streptococcus uberis PE67","oxacillin","Resistant","","","","","","","","","","","SIR XGBoost Model","202503101","F1 score: 0.99, CI[0.97, 1.01]","Computational Method","",""
1349,"1349.219","Streptococcus uberis PE68","oxacillin","Resistant","","","","","","","","","","","SIR XGBoost Model","202503101","F1 score: 0.99, CI[0.97, 1.01]","Computational Method","",""
1349,"1349.220","Streptococcus uberis PE7","oxacillin","Resistant","","","","","","","","","","","SIR XGBoost Model","202503101","F1 score: 0.99, CI[0.97, 1.01]","Computational Method","",""
1349,"1349.221","Streptococcus uberis PE70","oxacillin","Resistant","","","","","","","","","","","SIR XGBoost Model","202503101","F1 score: 0.99, CI[0.97, 1.01]","Computational Method","",""
1349,"1349.222","Streptococcus uberis PE71","oxacillin","Resistant","","","","","","","","","","","SIR XGBoost Model","202503101","F1 score: 0.99, CI[0.97, 1.01]","Computational Method","",""
1349,"1349.223","Streptococcus uberis PE72","oxacillin","Susceptible","","","","","","","","","","","SIR XGBoost Model","202503101","F1 score: 0.99, CI[0.97, 1.01]","Computational Method","",""
1349,"1349.224","Streptococcus uberis PE73","oxacillin","Resistant","","","","","","","","","","","SIR XGBoost Model","202503101","F1 score: 0.99, CI[0.97, 1.01]","Computational Method","",""
1349,"1349.225","Streptococcus uberis PE74","oxacillin","Susceptible","","","","","","","","","","","SIR XGBoost Model","202503101","F1 score: 0.99, CI[0.97, 1.01]","Computational Method","",""
1349,"1349.226","Streptococcus uberis PE75","oxacillin","Resistant","","","","","","","","","","","SIR XGBoost Model","202503101","F1 score: 0.99, CI[0.97, 1.01]","Computational Method","",""
1349,"1349.227","Streptococcus uberis PE76","oxacillin","Resistant","","","","","","","","","","","SIR XGBoost Model","202503101","F1 score: 0.99, CI[0.97, 1.01]","Computational Method","",""
1349,"1349.228","Streptococcus uberis PE77","oxacillin","Resistant","","","","","","","","","","","SIR XGBoost Model","202503101","F1 score: 0.99, CI[0.97, 1.01]","Computational Method","",""
1349,"1349.229","Streptococcus uberis PE78","oxacillin","Resistant","","","","","","","","","","","SIR XGBoost Model","202503101","F1 score: 0.99, CI[0.97, 1.01]","Computational Method","",""
1349,"1349.230","Streptococcus uberis PE79","oxacillin","Resistant","","","","","","","","","","","SIR XGBoost Model","202503101","F1 score: 0.99, CI[0.97, 1.01]","Computational Method","",""
1349,"1349.231","Streptococcus uberis PE8","oxacillin","Resistant","","","","","","","","","","","SIR XGBoost Model","202503101","F1 score: 0.99, CI[0.97, 1.01]","Computational Method","",""
1349,"1349.232","Streptococcus uberis PE93","oxacillin","Susceptible","","","","","","","","","","","SIR XGBoost Model","202503101","F1 score: 0.99, CI[0.97, 1.01]","Computational Method","",""
1349,"1349.233","Streptococcus uberis PE98","oxacillin","Resistant","","","","","","","","","","","SIR XGBoost Model","202503101","F1 score: 0.99, CI[0.97, 1.01]","Computational Method","",""
1349,"1349.242","Streptococcus uberis strain Olaf","oxacillin","Susceptible","","","","","","","","","","","SIR XGBoost Model","202503101","F1 score: 0.99, CI[0.97, 1.01]","Computational Method","",""
1349,"1349.243","Streptococcus uberis strain NCTC3858","oxacillin","Susceptible","","","","","","","","","","","SIR XGBoost Model","202503101","F1 score: 0.99, CI[0.97, 1.01]","Computational Method","",""
1349,"1349.244","Streptococcus uberis strain NCTC4674","oxacillin","Susceptible","","","","","","","","","","","SIR XGBoost Model","202503101","F1 score: 0.99, CI[0.97, 1.01]","Computational Method","",""
1349,"1349.245","Streptococcus uberis strain NCTC4673","oxacillin","Susceptible","","","","","","","","","","","SIR XGBoost Model","202503101","F1 score: 0.99, CI[0.97, 1.01]","Computational Method","",""
1349,"1349.246","Streptococcus uberis strain NCTC4672","oxacillin","Susceptible","","","","","","","","","","","SIR XGBoost Model","202503101","F1 score: 0.99, CI[0.97, 1.01]","Computational Method","",""
1349,"1349.30","Streptococcus uberis PE1","oxacillin","Resistant","","","","","","","","","","","SIR XGBoost Model","202503101","F1 score: 0.99, CI[0.97, 1.01]","Computational Method","",""
1349,"1349.32","Streptococcus uberis PE100","oxacillin","Susceptible","","","","","","","","","","","SIR XGBoost Model","202503101","F1 score: 0.99, CI[0.97, 1.01]","Computational Method","",""
1349,"1349.33","Streptococcus uberis PE11","oxacillin","Resistant","","","","","","","","","","","SIR XGBoost Model","202503101","F1 score: 0.99, CI[0.97, 1.01]","Computational Method","",""
1349,"1349.35","Streptococcus uberis PE12","oxacillin","Resistant","","","","","","","","","","","SIR XGBoost Model","202503101","F1 score: 0.99, CI[0.97, 1.01]","Computational Method","",""
1349,"1349.39","Streptococcus uberis PE15","oxacillin","Resistant","","","","","","","","","","","SIR XGBoost Model","202503101","F1 score: 0.99, CI[0.97, 1.01]","Computational Method","",""
1349,"1349.42","Streptococcus uberis PE153","oxacillin","Susceptible","","","","","","","","","","","SIR XGBoost Model","202503101","F1 score: 0.99, CI[0.97, 1.01]","Computational Method","",""
1349,"1349.47","Streptococcus uberis PE16","oxacillin","Resistant","","","","","","","","","","","SIR XGBoost Model","202503101","F1 score: 0.99, CI[0.97, 1.01]","Computational Method","",""
1349,"1349.57","Streptococcus uberis PE17","oxacillin","Resistant","","","","","","","","","","","SIR XGBoost Model","202503101","F1 score: 0.99, CI[0.97, 1.01]","Computational Method","",""
1349,"1349.573","Streptococcus uberis strain OLC4459-A20","oxacillin","Resistant","","","","","","","","","","","SIR XGBoost Model","202503101","F1 score: 0.99, CI[0.97, 1.01]","Computational Method","",""
1349,"1349.575","Streptococcus uberis strain OLC4459-A19","oxacillin","Susceptible","","","","","","","","","","","SIR XGBoost Model","202503101","F1 score: 0.99, CI[0.97, 1.01]","Computational Method","",""
1349,"1349.576","Streptococcus uberis strain OLC4459-A9","oxacillin","Resistant","","","","","","","","","","","SIR XGBoost Model","202503101","F1 score: 0.99, CI[0.97, 1.01]","Computational Method","",""
1349,"1349.577","Streptococcus uberis strain OLC4459-A17","oxacillin","Resistant","","","","","","","","","","","SIR XGBoost Model","202503101","F1 score: 0.99, CI[0.97, 1.01]","Computational Method","",""
1349,"1349.578","Streptococcus uberis strain OLC4459-A18","oxacillin","Resistant","","","","","","","","","","","SIR XGBoost Model","202503101","F1 score: 0.99, CI[0.97, 1.01]","Computational Method","",""
1349,"1349.579","Streptococcus uberis strain OLC4459-A14","oxacillin","Resistant","","","","","","","","","","","SIR XGBoost Model","202503101","F1 score: 0.99, CI[0.97, 1.01]","Computational Method","",""
1349,"1349.580","Streptococcus uberis strain OLC4459-A13","oxacillin","Susceptible","","","","","","","","","","","SIR XGBoost Model","202503101","F1 score: 0.99, CI[0.97, 1.01]","Computational Method","",""
1349,"1349.581","Streptococcus uberis strain OLC4459-A15","oxacillin","Resistant","","","","","","","","","","","SIR XGBoost Model","202503101","F1 score: 0.99, CI[0.97, 1.01]","Computational Method","",""
1349,"1349.582","Streptococcus uberis strain OLC4459-A16","oxacillin","Resistant","","","","","","","","","","","SIR XGBoost Model","202503101","F1 score: 0.99, CI[0.97, 1.01]","Computational Method","",""
1349,"1349.583","Streptococcus uberis strain OLC4459-A12","oxacillin","Resistant","","","","","","","","","","","SIR XGBoost Model","202503101","F1 score: 0.99, CI[0.97, 1.01]","Computational Method","",""
1349,"1349.584","Streptococcus uberis strain OLC4459-A8","oxacillin","Resistant","","","","","","","","","","","SIR XGBoost Model","202503101","F1 score: 0.99, CI[0.97, 1.01]","Computational Method","",""
1349,"1349.585","Streptococcus uberis strain OLC4459-A11","oxacillin","Resistant","","","","","","","","","","","SIR XGBoost Model","202503101","F1 score: 0.99, CI[0.97, 1.01]","Computational Method","",""
1349,"1349.586","Streptococcus uberis strain OLC4459-A7","oxacillin","Resistant","","","","","","","","","","","SIR XGBoost Model","202503101","F1 score: 0.99, CI[0.97, 1.01]","Computational Method","",""
1349,"1349.587","Streptococcus uberis strain OLC4459-A4","oxacillin","Resistant","","","","","","","","","","","SIR XGBoost Model","202503101","F1 score: 0.99, CI[0.97, 1.01]","Computational Method","",""
1349,"1349.588","Streptococcus uberis strain OLC4459-A3","oxacillin","Susceptible","","","","","","","","","","","SIR XGBoost Model","202503101","F1 score: 0.99, CI[0.97, 1.01]","Computational Method","",""
1349,"1349.589","Streptococcus uberis strain OLC4459-A5","oxacillin","Resistant","","","","","","","","","","","SIR XGBoost Model","202503101","F1 score: 0.99, CI[0.97, 1.01]","Computational Method","",""
1349,"1349.590","Streptococcus uberis strain OLC4459-A2","oxacillin","Susceptible","","","","","","","","","","","SIR XGBoost Model","202503101","F1 score: 0.99, CI[0.97, 1.01]","Computational Method","",""
1349,"1349.591","Streptococcus uberis strain OLC4459-A1","oxacillin","Susceptible","","","","","","","","","","","SIR XGBoost Model","202503101","F1 score: 0.99, CI[0.97, 1.01]","Computational Method","",""
1349,"1349.592","Streptococcus uberis strain OLC4459-A6","oxacillin","Resistant","","","","","","","","","","","SIR XGBoost Model","202503101","F1 score: 0.99, CI[0.97, 1.01]","Computational Method","",""
1349,"1349.593","Streptococcus uberis strain OLC4459-A21","oxacillin","Resistant","","","","","","","","","","","SIR XGBoost Model","202503101","F1 score: 0.99, CI[0.97, 1.01]","Computational Method","",""
1349,"1349.594","Streptococcus uberis strain OLC4459-A10","oxacillin","Susceptible","","","","","","","","","","","SIR XGBoost Model","202503101","F1 score: 0.99, CI[0.97, 1.01]","Computational Method","",""
1349,"1349.601","Streptococcus uberis strain 17150_7#31","oxacillin","Susceptible","","","","","","","","","","","SIR XGBoost Model","202503101","F1 score: 0.99, CI[0.97, 1.01]","Computational Method","",""
1349,"1349.602","Streptococcus uberis strain 17150_7#32","oxacillin","Susceptible","","","","","","","","","","","SIR XGBoost Model","202503101","F1 score: 0.99, CI[0.97, 1.01]","Computational Method","",""
1349,"1349.603","Streptococcus uberis strain 17150_7#33","oxacillin","Resistant","","","","","","","","","","","SIR XGBoost Model","202503101","F1 score: 0.99, CI[0.97, 1.01]","Computational Method","",""
1349,"1349.604","Streptococcus uberis strain 17150_7#34","oxacillin","Susceptible","","","","","","","","","","","SIR XGBoost Model","202503101","F1 score: 0.99, CI[0.97, 1.01]","Computational Method","",""
1349,"1349.605","Streptococcus uberis strain 17150_7#35","oxacillin","Susceptible","","","","","","","","","","","SIR XGBoost Model","202503101","F1 score: 0.99, CI[0.97, 1.01]","Computational Method","",""
1349,"1349.606","Streptococcus uberis strain 17150_7#36","oxacillin","Resistant","","","","","","","","","","","SIR XGBoost Model","202503101","F1 score: 0.99, CI[0.97, 1.01]","Computational Method","",""
1349,"1349.607","Streptococcus uberis strain 17150_7#37","oxacillin","Susceptible","","","","","","","","","","","SIR XGBoost Model","202503101","F1 score: 0.99, CI[0.97, 1.01]","Computational Method","",""
1349,"1349.608","Streptococcus uberis strain 17150_7#38","oxacillin","Resistant","","","","","","","","","","","SIR XGBoost Model","202503101","F1 score: 0.99, CI[0.97, 1.01]","Computational Method","",""
1349,"1349.609","Streptococcus uberis strain 17150_7#39","oxacillin","Susceptible","","","","","","","","","","","SIR XGBoost Model","202503101","F1 score: 0.99, CI[0.97, 1.01]","Computational Method","",""
1349,"1349.61","Streptococcus uberis PE172","oxacillin","Resistant","","","","","","","","","","","SIR XGBoost Model","202503101","F1 score: 0.99, CI[0.97, 1.01]","Computational Method","",""
1349,"1349.610","Streptococcus uberis strain 17150_7#40","oxacillin","Susceptible","","","","","","","","","","","SIR XGBoost Model","202503101","F1 score: 0.99, CI[0.97, 1.01]","Computational Method","",""
1349,"1349.611","Streptococcus uberis strain 17150_7#41","oxacillin","Resistant","","","","","","","","","","","SIR XGBoost Model","202503101","F1 score: 0.99, CI[0.97, 1.01]","Computational Method","",""
1349,"1349.612","Streptococcus uberis strain 17150_7#42","oxacillin","Resistant","","","","","","","","","","","SIR XGBoost Model","202503101","F1 score: 0.99, CI[0.97, 1.01]","Computational Method","",""
1349,"1349.613","Streptococcus uberis strain 17150_7#43","oxacillin","Resistant","","","","","","","","","","","SIR XGBoost Model","202503101","F1 score: 0.99, CI[0.97, 1.01]","Computational Method","",""
1349,"1349.614","Streptococcus uberis strain 17150_7#44","oxacillin","Resistant","","","","","","","","","","","SIR XGBoost Model","202503101","F1 score: 0.99, CI[0.97, 1.01]","Computational Method","",""
1349,"1349.615","Streptococcus uberis strain 17150_7#45","oxacillin","Susceptible","","","","","","","","","","","SIR XGBoost Model","202503101","F1 score: 0.99, CI[0.97, 1.01]","Computational Method","",""
1349,"1349.616","Streptococcus uberis strain 17150_7#46","oxacillin","Resistant","","","","","","","","","","","SIR XGBoost Model","202503101","F1 score: 0.99, CI[0.97, 1.01]","Computational Method","",""
1349,"1349.617","Streptococcus uberis strain 17150_7#47","oxacillin","Susceptible","","","","","","","","","","","SIR XGBoost Model","202503101","F1 score: 0.99, CI[0.97, 1.01]","Computational Method","",""
1349,"1349.618","Streptococcus uberis strain 17150_7#48","oxacillin","Susceptible","","","","","","","","","","","SIR XGBoost Model","202503101","F1 score: 0.99, CI[0.97, 1.01]","Computational Method","",""
1349,"1349.619","Streptococcus uberis strain 17150_7#50","oxacillin","Resistant","","","","","","","","","","","SIR XGBoost Model","202503101","F1 score: 0.99, CI[0.97, 1.01]","Computational Method","",""
1349,"1349.620","Streptococcus uberis strain 17150_7#51","oxacillin","Susceptible","","","","","","","","","","","SIR XGBoost Model","202503101","F1 score: 0.99, CI[0.97, 1.01]","Computational Method","",""
1349,"1349.621","Streptococcus uberis strain 17150_7#52","oxacillin","Resistant","","","","","","","","","","","SIR XGBoost Model","202503101","F1 score: 0.99, CI[0.97, 1.01]","Computational Method","",""
1349,"1349.622","Streptococcus uberis strain 17150_7#54","oxacillin","Susceptible","","","","","","","","","","","SIR XGBoost Model","202503101","F1 score: 0.99, CI[0.97, 1.01]","Computational Method","",""
1349,"1349.623","Streptococcus uberis strain 17150_7#53","oxacillin","Susceptible","","","","","","","","","","","SIR XGBoost Model","202503101","F1 score: 0.99, CI[0.97, 1.01]","Computational Method","",""
1349,"1349.624","Streptococcus uberis strain 17150_7#59","oxacillin","Resistant","","","","","","","","","","","SIR XGBoost Model","202503101","F1 score: 0.99, CI[0.97, 1.01]","Computational Method","",""
1349,"1349.625","Streptococcus uberis strain 17150_7#56","oxacillin","Resistant","","","","","","","","","","","SIR XGBoost Model","202503101","F1 score: 0.99, CI[0.97, 1.01]","Computational Method","",""
1349,"1349.626","Streptococcus uberis strain 17150_7#58","oxacillin","Resistant","","","","","","","","","","","SIR XGBoost Model","202503101","F1 score: 0.99, CI[0.97, 1.01]","Computational Method","",""
1349,"1349.627","Streptococcus uberis strain 17150_7#57","oxacillin","Resistant","","","","","","","","","","","SIR XGBoost Model","202503101","F1 score: 0.99, CI[0.97, 1.01]","Computational Method","",""
1349,"1349.628","Streptococcus uberis strain 17150_7#55","oxacillin","Resistant","","","","","","","","","","","SIR XGBoost Model","202503101","F1 score: 0.99, CI[0.97, 1.01]","Computational Method","",""
1349,"1349.629","Streptococcus uberis strain 17150_7#62","oxacillin","Resistant","","","","","","","","","","","SIR XGBoost Model","202503101","F1 score: 0.99, CI[0.97, 1.01]","Computational Method","",""
1349,"1349.630","Streptococcus uberis strain 17150_7#63","oxacillin","Susceptible","","","","","","","","","","","SIR XGBoost Model","202503101","F1 score: 0.99, CI[0.97, 1.01]","Computational Method","",""
1349,"1349.631","Streptococcus uberis strain 17150_7#61","oxacillin","Resistant","","","","","","","","","","","SIR XGBoost Model","202503101","F1 score: 0.99, CI[0.97, 1.01]","Computational Method","",""
1349,"1349.632","Streptococcus uberis strain 17150_7#60","oxacillin","Susceptible","","","","","","","","","","","SIR XGBoost Model","202503101","F1 score: 0.99, CI[0.97, 1.01]","Computational Method","",""
1349,"1349.633","Streptococcus uberis strain 17150_7#64","oxacillin","Resistant","","","","","","","","","","","SIR XGBoost Model","202503101","F1 score: 0.99, CI[0.97, 1.01]","Computational Method","",""
1349,"1349.634","Streptococcus uberis strain 17150_7#68","oxacillin","Resistant","","","","","","","","","","","SIR XGBoost Model","202503101","F1 score: 0.99, CI[0.97, 1.01]","Computational Method","",""
1349,"1349.635","Streptococcus uberis strain 17150_7#74","oxacillin","Susceptible","","","","","","","","","","","SIR XGBoost Model","202503101","F1 score: 0.99, CI[0.97, 1.01]","Computational Method","",""
1349,"1349.636","Streptococcus uberis strain 17150_7#75","oxacillin","Susceptible","","","","","","","","","","","SIR XGBoost Model","202503101","F1 score: 0.99, CI[0.97, 1.01]","Computational Method","",""
1349,"1349.637","Streptococcus uberis strain 17150_7#65","oxacillin","Resistant","","","","","","","","","","","SIR XGBoost Model","202503101","F1 score: 0.99, CI[0.97, 1.01]","Computational Method","",""
1349,"1349.638","Streptococcus uberis strain 17150_7#73","oxacillin","Resistant","","","","","","","","","","","SIR XGBoost Model","202503101","F1 score: 0.99, CI[0.97, 1.01]","Computational Method","",""
1349,"1349.639","Streptococcus uberis strain 17150_7#69","oxacillin","Susceptible","","","","","","","","","","","SIR XGBoost Model","202503101","F1 score: 0.99, CI[0.97, 1.01]","Computational Method","",""
1349,"1349.640","Streptococcus uberis strain 17150_7#67","oxacillin","Susceptible","","","","","","","","","","","SIR XGBoost Model","202503101","F1 score: 0.99, CI[0.97, 1.01]","Computational Method","",""
1349,"1349.641","Streptococcus uberis strain 17150_7#70","oxacillin","Susceptible","","","","","","","","","","","SIR XGBoost Model","202503101","F1 score: 0.99, CI[0.97, 1.01]","Computational Method","",""
1349,"1349.642","Streptococcus uberis strain 17150_7#76","oxacillin","Resistant","","","","","","","","","","","SIR XGBoost Model","202503101","F1 score: 0.99, CI[0.97, 1.01]","Computational Method","",""
1349,"1349.643","Streptococcus uberis strain 17150_7#71","oxacillin","Susceptible","","","","","","","","","","","SIR XGBoost Model","202503101","F1 score: 0.99, CI[0.97, 1.01]","Computational Method","",""
1349,"1349.644","Streptococcus uberis strain 17150_7#86","oxacillin","Susceptible","","","","","","","","","","","SIR XGBoost Model","202503101","F1 score: 0.99, CI[0.97, 1.01]","Computational Method","",""
1349,"1349.645","Streptococcus uberis strain 17150_7#85","oxacillin","Resistant","","","","","","","","","","","SIR XGBoost Model","202503101","F1 score: 0.99, CI[0.97, 1.01]","Computational Method","",""
1349,"1349.646","Streptococcus uberis strain 17150_7#87","oxacillin","Susceptible","","","","","","","","","","","SIR XGBoost Model","202503101","F1 score: 0.99, CI[0.97, 1.01]","Computational Method","",""
1349,"1349.647","Streptococcus uberis strain 17150_7#82","oxacillin","Susceptible","","","","","","","","","","","SIR XGBoost Model","202503101","F1 score: 0.99, CI[0.97, 1.01]","Computational Method","",""
1349,"1349.648","Streptococcus uberis strain 17150_7#81","oxacillin","Susceptible","","","","","","","","","","","SIR XGBoost Model","202503101","F1 score: 0.99, CI[0.97, 1.01]","Computational Method","",""
1349,"1349.649","Streptococcus uberis strain 17150_7#83","oxacillin","Resistant","","","","","","","","","","","SIR XGBoost Model","202503101","F1 score: 0.99, CI[0.97, 1.01]","Computational Method","",""
1349,"1349.650","Streptococcus uberis strain 17150_7#84","oxacillin","Resistant","","","","","","","","","","","SIR XGBoost Model","202503101","F1 score: 0.99, CI[0.97, 1.01]","Computational Method","",""
1349,"1349.651","Streptococcus uberis strain 17150_7#80","oxacillin","Resistant","","","","","","","","","","","SIR XGBoost Model","202503101","F1 score: 0.99, CI[0.97, 1.01]","Computational Method","",""
1349,"1349.652","Streptococcus uberis strain 17150_7#78","oxacillin","Susceptible","","","","","","","","","","","SIR XGBoost Model","202503101","F1 score: 0.99, CI[0.97, 1.01]","Computational Method","",""
1349,"1349.653","Streptococcus uberis strain 17150_7#77","oxacillin","Susceptible","","","","","","","","","","","SIR XGBoost Model","202503101","F1 score: 0.99, CI[0.97, 1.01]","Computational Method","",""
1349,"1349.654","Streptococcus uberis strain 17150_7#79","oxacillin","Susceptible","","","","","","","","","","","SIR XGBoost Model","202503101","F1 score: 0.99, CI[0.97, 1.01]","Computational Method","",""
1349,"1349.655","Streptococcus uberis strain 17150_7#89","oxacillin","Susceptible","","","","","","","","","","","SIR XGBoost Model","202503101","F1 score: 0.99, CI[0.97, 1.01]","Computational Method","",""
1349,"1349.656","Streptococcus uberis strain 17150_7#88","oxacillin","Susceptible","","","","","","","","","","","SIR XGBoost Model","202503101","F1 score: 0.99, CI[0.97, 1.01]","Computational Method","",""
1349,"1349.657","Streptococcus uberis strain 17652_7#35","oxacillin","Susceptible","","","","","","","","","","","SIR XGBoost Model","202503101","F1 score: 0.99, CI[0.97, 1.01]","Computational Method","",""
1349,"1349.658","Streptococcus uberis strain 17150_7#92","oxacillin","Resistant","","","","","","","","","","","SIR XGBoost Model","202503101","F1 score: 0.99, CI[0.97, 1.01]","Computational Method","",""
1349,"1349.659","Streptococcus uberis strain 17150_7#90","oxacillin","Susceptible","","","","","","","","","","","SIR XGBoost Model","202503101","F1 score: 0.99, CI[0.97, 1.01]","Computational Method","",""
1349,"1349.660","Streptococcus uberis strain 17150_7#91","oxacillin","Resistant","","","","","","","","","","","SIR XGBoost Model","202503101","F1 score: 0.99, CI[0.97, 1.01]","Computational Method","",""
1349,"1349.661","Streptococcus uberis strain 17652_7#36","oxacillin","Resistant","","","","","","","","","","","SIR XGBoost Model","202503101","F1 score: 0.99, CI[0.97, 1.01]","Computational Method","",""
1349,"1349.662","Streptococcus uberis strain 17652_7#37","oxacillin","Resistant","","","","","","","","","","","SIR XGBoost Model","202503101","F1 score: 0.99, CI[0.97, 1.01]","Computational Method","",""
1349,"1349.663","Streptococcus uberis strain 17150_7#95","oxacillin","Resistant","","","","","","","","","","","SIR XGBoost Model","202503101","F1 score: 0.99, CI[0.97, 1.01]","Computational Method","",""
1349,"1349.664","Streptococcus uberis strain 17150_7#93","oxacillin","Resistant","","","","","","","","","","","SIR XGBoost Model","202503101","F1 score: 0.99, CI[0.97, 1.01]","Computational Method","",""
1349,"1349.665","Streptococcus uberis strain 17150_7#94","oxacillin","Susceptible","","","","","","","","","","","SIR XGBoost Model","202503101","F1 score: 0.99, CI[0.97, 1.01]","Computational Method","",""
1349,"1349.666","Streptococcus uberis strain 17652_7#40","oxacillin","Susceptible","","","","","","","","","","","SIR XGBoost Model","202503101","F1 score: 0.99, CI[0.97, 1.01]","Computational Method","",""
1349,"1349.667","Streptococcus uberis strain 17652_7#43","oxacillin","Resistant","","","","","","","","","","","SIR XGBoost Model","202503101","F1 score: 0.99, CI[0.97, 1.01]","Computational Method","",""
1349,"1349.668","Streptococcus uberis strain 17652_7#39","oxacillin","Susceptible","","","","","","","","","","","SIR XGBoost Model","202503101","F1 score: 0.99, CI[0.97, 1.01]","Computational Method","",""
1349,"1349.669","Streptococcus uberis strain 17652_7#42","oxacillin","Susceptible","","","","","","","","","","","SIR XGBoost Model","202503101","F1 score: 0.99, CI[0.97, 1.01]","Computational Method","",""
1349,"1349.670","Streptococcus uberis strain 17652_7#41","oxacillin","Resistant","","","","","","","","","","","SIR XGBoost Model","202503101","F1 score: 0.99, CI[0.97, 1.01]","Computational Method","",""
1349,"1349.671","Streptococcus uberis strain 17652_7#38","oxacillin","Susceptible","","","","","","","","","","","SIR XGBoost Model","202503101","F1 score: 0.99, CI[0.97, 1.01]","Computational Method","",""
1349,"1349.672","Streptococcus uberis strain 17652_7#50","oxacillin","Resistant","","","","","","","","","","","SIR XGBoost Model","202503101","F1 score: 0.99, CI[0.97, 1.01]","Computational Method","",""
1349,"1349.673","Streptococcus uberis strain 17652_7#47","oxacillin","Susceptible","","","","","","","","","","","SIR XGBoost Model","202503101","F1 score: 0.99, CI[0.97, 1.01]","Computational Method","",""
1349,"1349.674","Streptococcus uberis strain 17652_7#45","oxacillin","Resistant","","","","","","","","","","","SIR XGBoost Model","202503101","F1 score: 0.99, CI[0.97, 1.01]","Computational Method","",""
1349,"1349.675","Streptococcus uberis strain 17652_7#46","oxacillin","Resistant","","","","","","","","","","","SIR XGBoost Model","202503101","F1 score: 0.99, CI[0.97, 1.01]","Computational Method","",""
1349,"1349.676","Streptococcus uberis strain 17652_7#48","oxacillin","Resistant","","","","","","","","","","","SIR XGBoost Model","202503101","F1 score: 0.99, CI[0.97, 1.01]","Computational Method","",""
1349,"1349.677","Streptococcus uberis strain 17652_7#57","oxacillin","Susceptible","","","","","","","","","","","SIR XGBoost Model","202503101","F1 score: 0.99, CI[0.97, 1.01]","Computational Method","",""
1349,"1349.678","Streptococcus uberis strain 17652_7#51","oxacillin","Resistant","","","","","","","","","","","SIR XGBoost Model","202503101","F1 score: 0.99, CI[0.97, 1.01]","Computational Method","",""
1349,"1349.679","Streptococcus uberis strain 17652_7#52","oxacillin","Resistant","","","","","","","","","","","SIR XGBoost Model","202503101","F1 score: 0.99, CI[0.97, 1.01]","Computational Method","",""
1349,"1349.680","Streptococcus uberis strain 17652_7#53","oxacillin","Susceptible","","","","","","","","","","","SIR XGBoost Model","202503101","F1 score: 0.99, CI[0.97, 1.01]","Computational Method","",""
1349,"1349.681","Streptococcus uberis strain 17652_7#59","oxacillin","Resistant","","","","","","","","","","","SIR XGBoost Model","202503101","F1 score: 0.99, CI[0.97, 1.01]","Computational Method","",""
1349,"1349.682","Streptococcus uberis strain 17652_7#61","oxacillin","Susceptible","","","","","","","","","","","SIR XGBoost Model","202503101","F1 score: 0.99, CI[0.97, 1.01]","Computational Method","",""
1349,"1349.683","Streptococcus uberis strain 17652_7#55","oxacillin","Resistant","","","","","","","","","","","SIR XGBoost Model","202503101","F1 score: 0.99, CI[0.97, 1.01]","Computational Method","",""
1349,"1349.684","Streptococcus uberis strain 17652_7#56","oxacillin","Resistant","","","","","","","","","","","SIR XGBoost Model","202503101","F1 score: 0.99, CI[0.97, 1.01]","Computational Method","",""
1349,"1349.685","Streptococcus uberis strain 17652_7#60","oxacillin","Susceptible","","","","","","","","","","","SIR XGBoost Model","202503101","F1 score: 0.99, CI[0.97, 1.01]","Computational Method","",""
1349,"1349.686","Streptococcus uberis strain 17652_7#54","oxacillin","Susceptible","","","","","","","","","","","SIR XGBoost Model","202503101","F1 score: 0.99, CI[0.97, 1.01]","Computational Method","",""
1349,"1349.687","Streptococcus uberis strain 17652_7#58","oxacillin","Resistant","","","","","","","","","","","SIR XGBoost Model","202503101","F1 score: 0.99, CI[0.97, 1.01]","Computational Method","",""
1349,"1349.688","Streptococcus uberis strain 17652_7#62","oxacillin","Susceptible","","","","","","","","","","","SIR XGBoost Model","202503101","F1 score: 0.99, CI[0.97, 1.01]","Computational Method","",""
1349,"1349.689","Streptococcus uberis strain 17652_7#65","oxacillin","Resistant","","","","","","","","","","","SIR XGBoost Model","202503101","F1 score: 0.99, CI[0.97, 1.01]","Computational Method","",""
1349,"1349.690","Streptococcus uberis strain 17652_7#64","oxacillin","Resistant","","","","","","","","","","","SIR XGBoost Model","202503101","F1 score: 0.99, CI[0.97, 1.01]","Computational Method","",""
1349,"1349.691","Streptococcus uberis strain 17652_7#66","oxacillin","Resistant","","","","","","","","","","","SIR XGBoost Model","202503101","F1 score: 0.99, CI[0.97, 1.01]","Computational Method","",""
1349,"1349.692","Streptococcus uberis strain 17652_7#63","oxacillin","Resistant","","","","","","","","","","","SIR XGBoost Model","202503101","F1 score: 0.99, CI[0.97, 1.01]","Computational Method","",""
1349,"1349.693","Streptococcus uberis strain 17652_7#67","oxacillin","Resistant","","","","","","","","","","","SIR XGBoost Model","202503101","F1 score: 0.99, CI[0.97, 1.01]","Computational Method","",""
1349,"1349.694","Streptococcus uberis strain 17652_7#69","oxacillin","Resistant","","","","","","","","","","","SIR XGBoost Model","202503101","F1 score: 0.99, CI[0.97, 1.01]","Computational Method","",""
1349,"1349.695","Streptococcus uberis strain 17652_7#71","oxacillin","Susceptible","","","","","","","","","","","SIR XGBoost Model","202503101","F1 score: 0.99, CI[0.97, 1.01]","Computational Method","",""
1349,"1349.696","Streptococcus uberis strain 17652_7#70","oxacillin","Resistant","","","","","","","","","","","SIR XGBoost Model","202503101","F1 score: 0.99, CI[0.97, 1.01]","Computational Method","",""
1349,"1349.697","Streptococcus uberis strain 17652_7#68","oxacillin","Susceptible","","","","","","","","","","","SIR XGBoost Model","202503101","F1 score: 0.99, CI[0.97, 1.01]","Computational Method","",""
1349,"1349.698","Streptococcus uberis strain 17652_7#72","oxacillin","Resistant","","","","","","","","","","","SIR XGBoost Model","202503101","F1 score: 0.99, CI[0.97, 1.01]","Computational Method","",""
1349,"1349.699","Streptococcus uberis strain 17652_7#73","oxacillin","Resistant","","","","","","","","","","","SIR XGBoost Model","202503101","F1 score: 0.99, CI[0.97, 1.01]","Computational Method","",""
1349,"1349.700","Streptococcus uberis strain 17652_7#74","oxacillin","Resistant","","","","","","","","","","","SIR XGBoost Model","202503101","F1 score: 0.99, CI[0.97, 1.01]","Computational Method","",""
1349,"1349.701","Streptococcus uberis strain 17652_7#77","oxacillin","Susceptible","","","","","","","","","","","SIR XGBoost Model","202503101","F1 score: 0.99, CI[0.97, 1.01]","Computational Method","",""
1349,"1349.702","Streptococcus uberis strain 17652_7#79","oxacillin","Susceptible","","","","","","","","","","","SIR XGBoost Model","202503101","F1 score: 0.99, CI[0.97, 1.01]","Computational Method","",""
1349,"1349.703","Streptococcus uberis strain 17652_7#82","oxacillin","Susceptible","","","","","","","","","","","SIR XGBoost Model","202503101","F1 score: 0.99, CI[0.97, 1.01]","Computational Method","",""
1349,"1349.704","Streptococcus uberis strain 17652_7#80","oxacillin","Susceptible","","","","","","","","","","","SIR XGBoost Model","202503101","F1 score: 0.99, CI[0.97, 1.01]","Computational Method","",""
1349,"1349.705","Streptococcus uberis strain 17652_7#81","oxacillin","Resistant","","","","","","","","","","","SIR XGBoost Model","202503101","F1 score: 0.99, CI[0.97, 1.01]","Computational Method","",""
1349,"1349.706","Streptococcus uberis strain 17652_7#76","oxacillin","Susceptible","","","","","","","","","","","SIR XGBoost Model","202503101","F1 score: 0.99, CI[0.97, 1.01]","Computational Method","",""
1349,"1349.707","Streptococcus uberis strain 17652_7#78","oxacillin","Resistant","","","","","","","","","","","SIR XGBoost Model","202503101","F1 score: 0.99, CI[0.97, 1.01]","Computational Method","",""
1349,"1349.708","Streptococcus uberis strain 17652_7#83","oxacillin","Resistant","","","","","","","","","","","SIR XGBoost Model","202503101","F1 score: 0.99, CI[0.97, 1.01]","Computational Method","",""
1349,"1349.709","Streptococcus uberis strain 17652_7#75","oxacillin","Susceptible","","","","","","","","","","","SIR XGBoost Model","202503101","F1 score: 0.99, CI[0.97, 1.01]","Computational Method","",""
1349,"1349.710","Streptococcus uberis strain 17652_7#89","oxacillin","Resistant","","","","","","","","","","","SIR XGBoost Model","202503101","F1 score: 0.99, CI[0.97, 1.01]","Computational Method","",""
1349,"1349.711","Streptococcus uberis strain 17652_7#88","oxacillin","Susceptible","","","","","","","","","","","SIR XGBoost Model","202503101","F1 score: 0.99, CI[0.97, 1.01]","Computational Method","",""
1349,"1349.712","Streptococcus uberis strain 17652_7#86","oxacillin","Resistant","","","","","","","","","","","SIR XGBoost Model","202503101","F1 score: 0.99, CI[0.97, 1.01]","Computational Method","",""
1349,"1349.713","Streptococcus uberis strain 17652_7#84","oxacillin","Resistant","","","","","","","","","","","SIR XGBoost Model","202503101","F1 score: 0.99, CI[0.97, 1.01]","Computational Method","",""
1349,"1349.714","Streptococcus uberis strain 17652_7#87","oxacillin","Resistant","","","","","","","","","","","SIR XGBoost Model","202503101","F1 score: 0.99, CI[0.97, 1.01]","Computational Method","",""
1349,"1349.715","Streptococcus uberis strain 17652_7#85","oxacillin","Susceptible","","","","","","","","","","","SIR XGBoost Model","202503101","F1 score: 0.99, CI[0.97, 1.01]","Computational Method","",""
1349,"1349.716","Streptococcus uberis strain 17652_7#90","oxacillin","Susceptible","","","","","","","","","","","SIR XGBoost Model","202503101","F1 score: 0.99, CI[0.97, 1.01]","Computational Method","",""
1349,"1349.717","Streptococcus uberis strain 17652_7#92","oxacillin","Susceptible","","","","","","","","","","","SIR XGBoost Model","202503101","F1 score: 0.99, CI[0.97, 1.01]","Computational Method","",""
1349,"1349.718","Streptococcus uberis strain 17652_7#91","oxacillin","Susceptible","","","","","","","","","","","SIR XGBoost Model","202503101","F1 score: 0.99, CI[0.97, 1.01]","Computational Method","",""
1349,"1349.719","Streptococcus uberis strain 17652_7#94","oxacillin","Resistant","","","","","","","","","","","SIR XGBoost Model","202503101","F1 score: 0.99, CI[0.97, 1.01]","Computational Method","",""
1349,"1349.720","Streptococcus uberis strain 17652_7#93","oxacillin","Resistant","","","","","","","","","","","SIR XGBoost Model","202503101","F1 score: 0.99, CI[0.97, 1.01]","Computational Method","",""
1349,"1349.721","Streptococcus uberis strain 17652_7#95","oxacillin","Resistant","","","","","","","","","","","SIR XGBoost Model","202503101","F1 score: 0.99, CI[0.97, 1.01]","Computational Method","",""
1349,"1349.722","Streptococcus uberis strain 17652_8#1","oxacillin","Susceptible","","","","","","","","","","","SIR XGBoost Model","202503101","F1 score: 0.99, CI[0.97, 1.01]","Computational Method","",""
1349,"1349.723","Streptococcus uberis strain 17652_8#11","oxacillin","Resistant","","","","","","","","","","","SIR XGBoost Model","202503101","F1 score: 0.99, CI[0.97, 1.01]","Computational Method","",""
1349,"1349.724","Streptococcus uberis strain 17652_8#15","oxacillin","Susceptible","","","","","","","","","","","SIR XGBoost Model","202503101","F1 score: 0.99, CI[0.97, 1.01]","Computational Method","",""
1349,"1349.725","Streptococcus uberis strain 17652_8#14","oxacillin","Resistant","","","","","","","","","","","SIR XGBoost Model","202503101","F1 score: 0.99, CI[0.97, 1.01]","Computational Method","",""
1349,"1349.726","Streptococcus uberis strain 17652_8#10","oxacillin","Susceptible","","","","","","","","","","","SIR XGBoost Model","202503101","F1 score: 0.99, CI[0.97, 1.01]","Computational Method","",""
1349,"1349.727","Streptococcus uberis strain 17652_8#13","oxacillin","Susceptible","","","","","","","","","","","SIR XGBoost Model","202503101","F1 score: 0.99, CI[0.97, 1.01]","Computational Method","",""
1349,"1349.728","Streptococcus uberis strain 17652_8#17","oxacillin","Resistant","","","","","","","","","","","SIR XGBoost Model","202503101","F1 score: 0.99, CI[0.97, 1.01]","Computational Method","",""
1349,"1349.729","Streptococcus uberis strain 17652_8#16","oxacillin","Susceptible","","","","","","","","","","","SIR XGBoost Model","202503101","F1 score: 0.99, CI[0.97, 1.01]","Computational Method","",""
1349,"1349.73","Streptococcus uberis PE184","oxacillin","Resistant","","","","","","","","","","","SIR XGBoost Model","202503101","F1 score: 0.99, CI[0.97, 1.01]","Computational Method","",""
1349,"1349.730","Streptococcus uberis strain 17652_8#18","oxacillin","Susceptible","","","","","","","","","","","SIR XGBoost Model","202503101","F1 score: 0.99, CI[0.97, 1.01]","Computational Method","",""
1349,"1349.731","Streptococcus uberis strain 17652_8#19","oxacillin","Resistant","","","","","","","","","","","SIR XGBoost Model","202503101","F1 score: 0.99, CI[0.97, 1.01]","Computational Method","",""
1349,"1349.732","Streptococcus uberis strain 17652_8#23","oxacillin","Resistant","","","","","","","","","","","SIR XGBoost Model","202503101","F1 score: 0.99, CI[0.97, 1.01]","Computational Method","",""
1349,"1349.733","Streptococcus uberis strain 17652_8#21","oxacillin","Resistant","","","","","","","","","","","SIR XGBoost Model","202503101","F1 score: 0.99, CI[0.97, 1.01]","Computational Method","",""
1349,"1349.734","Streptococcus uberis strain 17652_8#22","oxacillin","Resistant","","","","","","","","","","","SIR XGBoost Model","202503101","F1 score: 0.99, CI[0.97, 1.01]","Computational Method","",""
1349,"1349.735","Streptococcus uberis strain 17652_8#24","oxacillin","Resistant","","","","","","","","","","","SIR XGBoost Model","202503101","F1 score: 0.99, CI[0.97, 1.01]","Computational Method","",""
1349,"1349.736","Streptococcus uberis strain 17652_8#27","oxacillin","Susceptible","","","","","","","","","","","SIR XGBoost Model","202503101","F1 score: 0.99, CI[0.97, 1.01]","Computational Method","",""
1349,"1349.737","Streptococcus uberis strain 17652_8#20","oxacillin","Resistant","","","","","","","","","","","SIR XGBoost Model","202503101","F1 score: 0.99, CI[0.97, 1.01]","Computational Method","",""
1349,"1349.738","Streptococcus uberis strain 17652_8#26","oxacillin","Susceptible","","","","","","","","","","","SIR XGBoost Model","202503101","F1 score: 0.99, CI[0.97, 1.01]","Computational Method","",""
1349,"1349.739","Streptococcus uberis strain 17652_8#2","oxacillin","Resistant","","","","","","","","","","","SIR XGBoost Model","202503101","F1 score: 0.99, CI[0.97, 1.01]","Computational Method","",""
1349,"1349.740","Streptococcus uberis strain 17652_8#25","oxacillin","Susceptible","","","","","","","","","","","SIR XGBoost Model","202503101","F1 score: 0.99, CI[0.97, 1.01]","Computational Method","",""
1349,"1349.741","Streptococcus uberis strain 17652_8#29","oxacillin","Susceptible","","","","","","","","","","","SIR XGBoost Model","202503101","F1 score: 0.99, CI[0.97, 1.01]","Computational Method","",""
1349,"1349.742","Streptococcus uberis strain 17652_8#28","oxacillin","Susceptible","","","","","","","","","","","SIR XGBoost Model","202503101","F1 score: 0.99, CI[0.97, 1.01]","Computational Method","",""
1349,"1349.743","Streptococcus uberis strain 17652_8#3","oxacillin","Resistant","","","","","","","","","","","SIR XGBoost Model","202503101","F1 score: 0.99, CI[0.97, 1.01]","Computational Method","",""
1349,"1349.744","Streptococcus uberis strain 17652_8#30","oxacillin","Susceptible","","","","","","","","","","","SIR XGBoost Model","202503101","F1 score: 0.99, CI[0.97, 1.01]","Computational Method","",""
1349,"1349.745","Streptococcus uberis strain 17652_8#37","oxacillin","Susceptible","","","","","","","","","","","SIR XGBoost Model","202503101","F1 score: 0.99, CI[0.97, 1.01]","Computational Method","",""
1349,"1349.746","Streptococcus uberis strain 17652_8#36","oxacillin","Susceptible","","","","","","","","","","","SIR XGBoost Model","202503101","F1 score: 0.99, CI[0.97, 1.01]","Computational Method","",""
1349,"1349.747","Streptococcus uberis strain 17652_8#35","oxacillin","Resistant","","","","","","","","","","","SIR XGBoost Model","202503101","F1 score: 0.99, CI[0.97, 1.01]","Computational Method","",""
1349,"1349.748","Streptococcus uberis strain 17652_8#38","oxacillin","Resistant","","","","","","","","","","","SIR XGBoost Model","202503101","F1 score: 0.99, CI[0.97, 1.01]","Computational Method","",""
1349,"1349.749","Streptococcus uberis strain 17652_8#40","oxacillin","Resistant","","","","","","","","","","","SIR XGBoost Model","202503101","F1 score: 0.99, CI[0.97, 1.01]","Computational Method","",""
1349,"1349.75","Streptococcus uberis PE198","oxacillin","Resistant","","","","","","","","","","","SIR XGBoost Model","202503101","F1 score: 0.99, CI[0.97, 1.01]","Computational Method","",""
1349,"1349.750","Streptococcus uberis strain 17652_8#32","oxacillin","Susceptible","","","","","","","","","","","SIR XGBoost Model","202503101","F1 score: 0.99, CI[0.97, 1.01]","Computational Method","",""
1349,"1349.751","Streptococcus uberis strain 17652_8#31","oxacillin","Susceptible","","","","","","","","","","","SIR XGBoost Model","202503101","F1 score: 0.99, CI[0.97, 1.01]","Computational Method","",""
1349,"1349.752","Streptococcus uberis strain 17652_8#4","oxacillin","Resistant","","","","","","","","","","","SIR XGBoost Model","202503101","F1 score: 0.99, CI[0.97, 1.01]","Computational Method","",""
1349,"1349.753","Streptococcus uberis strain 17652_8#39","oxacillin","Susceptible","","","","","","","","","","","SIR XGBoost Model","202503101","F1 score: 0.99, CI[0.97, 1.01]","Computational Method","",""
1349,"1349.754","Streptococcus uberis strain 17652_8#41","oxacillin","Susceptible","","","","","","","","","","","SIR XGBoost Model","202503101","F1 score: 0.99, CI[0.97, 1.01]","Computational Method","",""
1349,"1349.755","Streptococcus uberis strain 17652_8#5","oxacillin","Resistant","","","","","","","","","","","SIR XGBoost Model","202503101","F1 score: 0.99, CI[0.97, 1.01]","Computational Method","",""
1349,"1349.756","Streptococcus uberis strain 17652_8#44","oxacillin","Susceptible","","","","","","","","","","","SIR XGBoost Model","202503101","F1 score: 0.99, CI[0.97, 1.01]","Computational Method","",""
1349,"1349.757","Streptococcus uberis strain 17652_8#45","oxacillin","Resistant","","","","","","","","","","","SIR XGBoost Model","202503101","F1 score: 0.99, CI[0.97, 1.01]","Computational Method","",""
1349,"1349.758","Streptococcus uberis strain 17652_8#48","oxacillin","Susceptible","","","","","","","","","","","SIR XGBoost Model","202503101","F1 score: 0.99, CI[0.97, 1.01]","Computational Method","",""
1349,"1349.759","Streptococcus uberis strain 17652_8#47","oxacillin","Susceptible","","","","","","","","","","","SIR XGBoost Model","202503101","F1 score: 0.99, CI[0.97, 1.01]","Computational Method","",""
1349,"1349.761","Streptococcus uberis strain 17652_8#46","oxacillin","Susceptible","","","","","","","","","","","SIR XGBoost Model","202503101","F1 score: 0.99, CI[0.97, 1.01]","Computational Method","",""
1349,"1349.762","Streptococcus uberis strain 17652_8#43","oxacillin","Susceptible","","","","","","","","","","","SIR XGBoost Model","202503101","F1 score: 0.99, CI[0.97, 1.01]","Computational Method","",""
1349,"1349.763","Streptococcus uberis strain 17652_8#50","oxacillin","Resistant","","","","","","","","","","","SIR XGBoost Model","202503101","F1 score: 0.99, CI[0.97, 1.01]","Computational Method","",""
1349,"1349.764","Streptococcus uberis strain 17652_8#51","oxacillin","Susceptible","","","","","","","","","","","SIR XGBoost Model","202503101","F1 score: 0.99, CI[0.97, 1.01]","Computational Method","",""
1349,"1349.765","Streptococcus uberis strain 17652_8#62","oxacillin","Susceptible","","","","","","","","","","","SIR XGBoost Model","202503101","F1 score: 0.99, CI[0.97, 1.01]","Computational Method","",""
1349,"1349.766","Streptococcus uberis strain 17652_8#63","oxacillin","Resistant","","","","","","","","","","","SIR XGBoost Model","202503101","F1 score: 0.99, CI[0.97, 1.01]","Computational Method","",""
1349,"1349.767","Streptococcus uberis strain 17652_8#64","oxacillin","Resistant","","","","","","","","","","","SIR XGBoost Model","202503101","F1 score: 0.99, CI[0.97, 1.01]","Computational Method","",""
1349,"1349.768","Streptococcus uberis strain 17652_8#53","oxacillin","Susceptible","","","","","","","","","","","SIR XGBoost Model","202503101","F1 score: 0.99, CI[0.97, 1.01]","Computational Method","",""
1349,"1349.769","Streptococcus uberis strain 17652_8#57","oxacillin","Resistant","","","","","","","","","","","SIR XGBoost Model","202503101","F1 score: 0.99, CI[0.97, 1.01]","Computational Method","",""
1349,"1349.770","Streptococcus uberis strain 17652_8#58","oxacillin","Susceptible","","","","","","","","","","","SIR XGBoost Model","202503101","F1 score: 0.99, CI[0.97, 1.01]","Computational Method","",""
1349,"1349.771","Streptococcus uberis strain 17652_8#54","oxacillin","Susceptible","","","","","","","","","","","SIR XGBoost Model","202503101","F1 score: 0.99, CI[0.97, 1.01]","Computational Method","",""
1349,"1349.772","Streptococcus uberis strain 17652_8#60","oxacillin","Susceptible","","","","","","","","","","","SIR XGBoost Model","202503101","F1 score: 0.99, CI[0.97, 1.01]","Computational Method","",""
1349,"1349.773","Streptococcus uberis strain 17652_8#6","oxacillin","Resistant","","","","","","","","","","","SIR XGBoost Model","202503101","F1 score: 0.99, CI[0.97, 1.01]","Computational Method","",""
1349,"1349.774","Streptococcus uberis strain 17652_8#59","oxacillin","Resistant","","","","","","","","","","","SIR XGBoost Model","202503101","F1 score: 0.99, CI[0.97, 1.01]","Computational Method","",""
1349,"1349.775","Streptococcus uberis strain 17652_8#56","oxacillin","Resistant","","","","","","","","","","","SIR XGBoost Model","202503101","F1 score: 0.99, CI[0.97, 1.01]","Computational Method","",""
1349,"1349.776","Streptococcus uberis strain 17652_8#71","oxacillin","Resistant","","","","","","","","","","","SIR XGBoost Model","202503101","F1 score: 0.99, CI[0.97, 1.01]","Computational Method","",""
1349,"1349.777","Streptococcus uberis strain 17652_8#70","oxacillin","Susceptible","","","","","","","","","","","SIR XGBoost Model","202503101","F1 score: 0.99, CI[0.97, 1.01]","Computational Method","",""
1349,"1349.778","Streptococcus uberis strain 17652_8#7","oxacillin","Resistant","","","","","","","","","","","SIR XGBoost Model","202503101","F1 score: 0.99, CI[0.97, 1.01]","Computational Method","",""
1349,"1349.779","Streptococcus uberis strain 17652_8#75","oxacillin","Resistant","","","","","","","","","","","SIR XGBoost Model","202503101","F1 score: 0.99, CI[0.97, 1.01]","Computational Method","",""
1349,"1349.780","Streptococcus uberis strain 17652_8#76","oxacillin","Susceptible","","","","","","","","","","","SIR XGBoost Model","202503101","F1 score: 0.99, CI[0.97, 1.01]","Computational Method","",""
1349,"1349.781","Streptococcus uberis strain 17652_8#72","oxacillin","Susceptible","","","","","","","","","","","SIR XGBoost Model","202503101","F1 score: 0.99, CI[0.97, 1.01]","Computational Method","",""
1349,"1349.782","Streptococcus uberis strain 17652_8#65","oxacillin","Susceptible","","","","","","","","","","","SIR XGBoost Model","202503101","F1 score: 0.99, CI[0.97, 1.01]","Computational Method","",""
1349,"1349.783","Streptococcus uberis strain 17652_8#66","oxacillin","Resistant","","","","","","","","","","","SIR XGBoost Model","202503101","F1 score: 0.99, CI[0.97, 1.01]","Computational Method","",""
1349,"1349.784","Streptococcus uberis strain 17652_8#68","oxacillin","Resistant","","","","","","","","","","","SIR XGBoost Model","202503101","F1 score: 0.99, CI[0.97, 1.01]","Computational Method","",""
1349,"1349.785","Streptococcus uberis strain 17652_8#67","oxacillin","Resistant","","","","","","","","","","","SIR XGBoost Model","202503101","F1 score: 0.99, CI[0.97, 1.01]","Computational Method","",""
1349,"1349.786","Streptococcus uberis strain 17652_8#69","oxacillin","Resistant","","","","","","","","","","","SIR XGBoost Model","202503101","F1 score: 0.99, CI[0.97, 1.01]","Computational Method","",""
1349,"1349.787","Streptococcus uberis strain 17652_8#8","oxacillin","Resistant","","","","","","","","","","","SIR XGBoost Model","202503101","F1 score: 0.99, CI[0.97, 1.01]","Computational Method","",""
1349,"1349.788","Streptococcus uberis strain 17652_8#79","oxacillin","Susceptible","","","","","","","","","","","SIR XGBoost Model","202503101","F1 score: 0.99, CI[0.97, 1.01]","Computational Method","",""
1349,"1349.789","Streptococcus uberis strain 17652_8#77","oxacillin","Resistant","","","","","","","","","","","SIR XGBoost Model","202503101","F1 score: 0.99, CI[0.97, 1.01]","Computational Method","",""
1349,"1349.790","Streptococcus uberis strain 17652_8#80","oxacillin","Resistant","","","","","","","","","","","SIR XGBoost Model","202503101","F1 score: 0.99, CI[0.97, 1.01]","Computational Method","",""
1349,"1349.791","Streptococcus uberis strain 17652_8#84","oxacillin","Susceptible","","","","","","","","","","","SIR XGBoost Model","202503101","F1 score: 0.99, CI[0.97, 1.01]","Computational Method","",""
1349,"1349.792","Streptococcus uberis strain 17652_8#83","oxacillin","Resistant","","","","","","","","","","","SIR XGBoost Model","202503101","F1 score: 0.99, CI[0.97, 1.01]","Computational Method","",""
1349,"1349.793","Streptococcus uberis strain 17652_8#82","oxacillin","Resistant","","","","","","","","","","","SIR XGBoost Model","202503101","F1 score: 0.99, CI[0.97, 1.01]","Computational Method","",""
1349,"1349.794","Streptococcus uberis strain 17652_8#81","oxacillin","Resistant","","","","","","","","","","","SIR XGBoost Model","202503101","F1 score: 0.99, CI[0.97, 1.01]","Computational Method","",""
1349,"1349.795","Streptococcus uberis strain 17652_8#87","oxacillin","Susceptible","","","","","","","","","","","SIR XGBoost Model","202503101","F1 score: 0.99, CI[0.97, 1.01]","Computational Method","",""
1349,"1349.796","Streptococcus uberis strain 17652_8#9","oxacillin","Resistant","","","","","","","","","","","SIR XGBoost Model","202503101","F1 score: 0.99, CI[0.97, 1.01]","Computational Method","",""
1349,"1349.797","Streptococcus uberis strain 17652_8#85","oxacillin","Resistant","","","","","","","","","","","SIR XGBoost Model","202503101","F1 score: 0.99, CI[0.97, 1.01]","Computational Method","",""
1349,"1349.798","Streptococcus uberis strain 17652_8#92","oxacillin","Susceptible","","","","","","","","","","","SIR XGBoost Model","202503101","F1 score: 0.99, CI[0.97, 1.01]","Computational Method","",""
1349,"1349.799","Streptococcus uberis strain 17652_8#90","oxacillin","Susceptible","","","","","","","","","","","SIR XGBoost Model","202503101","F1 score: 0.99, CI[0.97, 1.01]","Computational Method","",""
1349,"1349.800","Streptococcus uberis strain 18274_6#51","oxacillin","Resistant","","","","","","","","","","","SIR XGBoost Model","202503101","F1 score: 0.99, CI[0.97, 1.01]","Computational Method","",""
1349,"1349.801","Streptococcus uberis strain 18274_6#50","oxacillin","Susceptible","","","","","","","","","","","SIR XGBoost Model","202503101","F1 score: 0.99, CI[0.97, 1.01]","Computational Method","",""
1349,"1349.802","Streptococcus uberis strain 17652_8#91","oxacillin","Resistant","","","","","","","","","","","SIR XGBoost Model","202503101","F1 score: 0.99, CI[0.97, 1.01]","Computational Method","",""
1349,"1349.803","Streptococcus uberis strain 18274_6#49","oxacillin","Susceptible","","","","","","","","","","","SIR XGBoost Model","202503101","F1 score: 0.99, CI[0.97, 1.01]","Computational Method","",""
1349,"1349.804","Streptococcus uberis strain 17652_8#93","oxacillin","Susceptible","","","","","","","","","","","SIR XGBoost Model","202503101","F1 score: 0.99, CI[0.97, 1.01]","Computational Method","",""
1349,"1349.805","Streptococcus uberis strain 17652_8#94","oxacillin","Susceptible","","","","","","","","","","","SIR XGBoost Model","202503101","F1 score: 0.99, CI[0.97, 1.01]","Computational Method","",""
1349,"1349.806","Streptococcus uberis strain 18274_6#46","oxacillin","Resistant","","","","","","","","","","","SIR XGBoost Model","202503101","F1 score: 0.99, CI[0.97, 1.01]","Computational Method","",""
1349,"1349.807","Streptococcus uberis strain 17652_8#95","oxacillin","Resistant","","","","","","","","","","","SIR XGBoost Model","202503101","F1 score: 0.99, CI[0.97, 1.01]","Computational Method","",""
1349,"1349.808","Streptococcus uberis strain 18274_6#48","oxacillin","Resistant","","","","","","","","","","","SIR XGBoost Model","202503101","F1 score: 0.99, CI[0.97, 1.01]","Computational Method","",""
1349,"1349.809","Streptococcus uberis strain 18274_6#55","oxacillin","Resistant","","","","","","","","","","","SIR XGBoost Model","202503101","F1 score: 0.99, CI[0.97, 1.01]","Computational Method","",""
1349,"1349.810","Streptococcus uberis strain 18274_6#54","oxacillin","Resistant","","","","","","","","","","","SIR XGBoost Model","202503101","F1 score: 0.99, CI[0.97, 1.01]","Computational Method","",""
1349,"1349.811","Streptococcus uberis strain 18274_6#58","oxacillin","Susceptible","","","","","","","","","","","SIR XGBoost Model","202503101","F1 score: 0.99, CI[0.97, 1.01]","Computational Method","",""
1349,"1349.812","Streptococcus uberis strain 18274_6#57","oxacillin","Resistant","","","","","","","","","","","SIR XGBoost Model","202503101","F1 score: 0.99, CI[0.97, 1.01]","Computational Method","",""
1349,"1349.813","Streptococcus uberis strain 18274_6#60","oxacillin","Resistant","","","","","","","","","","","SIR XGBoost Model","202503101","F1 score: 0.99, CI[0.97, 1.01]","Computational Method","",""
1349,"1349.814","Streptococcus uberis strain 18274_6#56","oxacillin","Susceptible","","","","","","","","","","","SIR XGBoost Model","202503101","F1 score: 0.99, CI[0.97, 1.01]","Computational Method","",""
1349,"1349.815","Streptococcus uberis strain 18274_6#59","oxacillin","Resistant","","","","","","","","","","","SIR XGBoost Model","202503101","F1 score: 0.99, CI[0.97, 1.01]","Computational Method","",""
1349,"1349.816","Streptococcus uberis strain 18274_6#53","oxacillin","Resistant","","","","","","","","","","","SIR XGBoost Model","202503101","F1 score: 0.99, CI[0.97, 1.01]","Computational Method","",""
1349,"1349.817","Streptococcus uberis strain 18274_6#52","oxacillin","Susceptible","","","","","","","","","","","SIR XGBoost Model","202503101","F1 score: 0.99, CI[0.97, 1.01]","Computational Method","",""
1349,"1349.818","Streptococcus uberis strain 18274_6#61","oxacillin","Resistant","","","","","","","","","","","SIR XGBoost Model","202503101","F1 score: 0.99, CI[0.97, 1.01]","Computational Method","",""
1349,"1349.819","Streptococcus uberis strain 18274_6#62","oxacillin","Susceptible","","","","","","","","","","","SIR XGBoost Model","202503101","F1 score: 0.99, CI[0.97, 1.01]","Computational Method","",""
1349,"1349.820","Streptococcus uberis strain 18274_6#63","oxacillin","Susceptible","","","","","","","","","","","SIR XGBoost Model","202503101","F1 score: 0.99, CI[0.97, 1.01]","Computational Method","",""
1349,"1349.821","Streptococcus uberis strain 18274_6#64","oxacillin","Resistant","","","","","","","","","","","SIR XGBoost Model","202503101","F1 score: 0.99, CI[0.97, 1.01]","Computational Method","",""
1349,"1349.822","Streptococcus uberis strain 18274_6#71","oxacillin","Resistant","","","","","","","","","","","SIR XGBoost Model","202503101","F1 score: 0.99, CI[0.97, 1.01]","Computational Method","",""
1349,"1349.823","Streptococcus uberis strain 18274_6#70","oxacillin","Susceptible","","","","","","","","","","","SIR XGBoost Model","202503101","F1 score: 0.99, CI[0.97, 1.01]","Computational Method","",""
1349,"1349.824","Streptococcus uberis strain 18274_6#69","oxacillin","Susceptible","","","","","","","","","","","SIR XGBoost Model","202503101","F1 score: 0.99, CI[0.97, 1.01]","Computational Method","",""
1349,"1349.825","Streptococcus uberis strain 18274_6#72","oxacillin","Resistant","","","","","","","","","","","SIR XGBoost Model","202503101","F1 score: 0.99, CI[0.97, 1.01]","Computational Method","",""
1349,"1349.826","Streptococcus uberis strain 18274_6#73","oxacillin","Resistant","","","","","","","","","","","SIR XGBoost Model","202503101","F1 score: 0.99, CI[0.97, 1.01]","Computational Method","",""
1349,"1349.827","Streptococcus uberis strain 18274_6#68","oxacillin","Susceptible","","","","","","","","","","","SIR XGBoost Model","202503101","F1 score: 0.99, CI[0.97, 1.01]","Computational Method","",""
1349,"1349.828","Streptococcus uberis strain 18274_6#65","oxacillin","Susceptible","","","","","","","","","","","SIR XGBoost Model","202503101","F1 score: 0.99, CI[0.97, 1.01]","Computational Method","",""
1349,"1349.829","Streptococcus uberis strain 18274_6#67","oxacillin","Susceptible","","","","","","","","","","","SIR XGBoost Model","202503101","F1 score: 0.99, CI[0.97, 1.01]","Computational Method","",""
1349,"1349.830","Streptococcus uberis strain 18274_6#66","oxacillin","Susceptible","","","","","","","","","","","SIR XGBoost Model","202503101","F1 score: 0.99, CI[0.97, 1.01]","Computational Method","",""
1349,"1349.831","Streptococcus uberis strain 18274_6#74","oxacillin","Resistant","","","","","","","","","","","SIR XGBoost Model","202503101","F1 score: 0.99, CI[0.97, 1.01]","Computational Method","",""
1349,"1349.832","Streptococcus uberis strain 18274_6#79","oxacillin","Resistant","","","","","","","","","","","SIR XGBoost Model","202503101","F1 score: 0.99, CI[0.97, 1.01]","Computational Method","",""
1349,"1349.833","Streptococcus uberis strain 18274_6#80","oxacillin","Resistant","","","","","","","","","","","SIR XGBoost Model","202503101","F1 score: 0.99, CI[0.97, 1.01]","Computational Method","",""
1349,"1349.834","Streptococcus uberis strain 18274_6#83","oxacillin","Resistant","","","","","","","","","","","SIR XGBoost Model","202503101","F1 score: 0.99, CI[0.97, 1.01]","Computational Method","",""
1349,"1349.835","Streptococcus uberis strain 18274_6#77","oxacillin","Resistant","","","","","","","","","","","SIR XGBoost Model","202503101","F1 score: 0.99, CI[0.97, 1.01]","Computational Method","",""
1349,"1349.836","Streptococcus uberis strain 18274_6#82","oxacillin","Resistant","","","","","","","","","","","SIR XGBoost Model","202503101","F1 score: 0.99, CI[0.97, 1.01]","Computational Method","",""
1349,"1349.837","Streptococcus uberis strain 18274_6#75","oxacillin","Susceptible","","","","","","","","","","","SIR XGBoost Model","202503101","F1 score: 0.99, CI[0.97, 1.01]","Computational Method","",""
1349,"1349.838","Streptococcus uberis strain 18274_6#76","oxacillin","Resistant","","","","","","","","","","","SIR XGBoost Model","202503101","F1 score: 0.99, CI[0.97, 1.01]","Computational Method","",""
1349,"1349.839","Streptococcus uberis strain 18274_6#81","oxacillin","Resistant","","","","","","","","","","","SIR XGBoost Model","202503101","F1 score: 0.99, CI[0.97, 1.01]","Computational Method","",""
1349,"1349.84","Streptococcus uberis PE2","oxacillin","Resistant","","","","","","","","","","","SIR XGBoost Model","202503101","F1 score: 0.99, CI[0.97, 1.01]","Computational Method","",""
1349,"1349.840","Streptococcus uberis strain 18274_6#78","oxacillin","Susceptible","","","","","","","","","","","SIR XGBoost Model","202503101","F1 score: 0.99, CI[0.97, 1.01]","Computational Method","",""
1349,"1349.841","Streptococcus uberis strain 18274_6#85","oxacillin","Resistant","","","","","","","","","","","SIR XGBoost Model","202503101","F1 score: 0.99, CI[0.97, 1.01]","Computational Method","",""
1349,"1349.842","Streptococcus uberis strain 19183_8#123","oxacillin","Susceptible","","","","","","","","","","","SIR XGBoost Model","202503101","F1 score: 0.99, CI[0.97, 1.01]","Computational Method","",""
1349,"1349.843","Streptococcus uberis strain 19183_8#121","oxacillin","Resistant","","","","","","","","","","","SIR XGBoost Model","202503101","F1 score: 0.99, CI[0.97, 1.01]","Computational Method","",""
1349,"1349.844","Streptococcus uberis strain 19183_8#122","oxacillin","Resistant","","","","","","","","","","","SIR XGBoost Model","202503101","F1 score: 0.99, CI[0.97, 1.01]","Computational Method","",""
1349,"1349.845","Streptococcus uberis strain 19183_8#126","oxacillin","Resistant","","","","","","","","","","","SIR XGBoost Model","202503101","F1 score: 0.99, CI[0.97, 1.01]","Computational Method","",""
1349,"1349.846","Streptococcus uberis strain 19183_8#125","oxacillin","Susceptible","","","","","","","","","","","SIR XGBoost Model","202503101","F1 score: 0.99, CI[0.97, 1.01]","Computational Method","",""
1349,"1349.847","Streptococcus uberis strain 19183_8#127","oxacillin","Resistant","","","","","","","","","","","SIR XGBoost Model","202503101","F1 score: 0.99, CI[0.97, 1.01]","Computational Method","",""
1349,"1349.848","Streptococcus uberis strain 19183_8#124","oxacillin","Susceptible","","","","","","","","","","","SIR XGBoost Model","202503101","F1 score: 0.99, CI[0.97, 1.01]","Computational Method","",""
1349,"1349.849","Streptococcus uberis strain 18274_6#88","oxacillin","Resistant","","","","","","","","","","","SIR XGBoost Model","202503101","F1 score: 0.99, CI[0.97, 1.01]","Computational Method","",""
1349,"1349.850","Streptococcus uberis strain 18274_6#86","oxacillin","Susceptible","","","","","","","","","","","SIR XGBoost Model","202503101","F1 score: 0.99, CI[0.97, 1.01]","Computational Method","",""
1349,"1349.851","Streptococcus uberis strain 18274_6#87","oxacillin","Susceptible","","","","","","","","","","","SIR XGBoost Model","202503101","F1 score: 0.99, CI[0.97, 1.01]","Computational Method","",""
1349,"1349.852","Streptococcus uberis strain 19183_8#120","oxacillin","Resistant","","","","","","","","","","","SIR XGBoost Model","202503101","F1 score: 0.99, CI[0.97, 1.01]","Computational Method","",""
1349,"1349.853","Streptococcus uberis strain 19183_8#131","oxacillin","Resistant","","","","","","","","","","","SIR XGBoost Model","202503101","F1 score: 0.99, CI[0.97, 1.01]","Computational Method","",""
1349,"1349.854","Streptococcus uberis strain 19183_8#134","oxacillin","Resistant","","","","","","","","","","","SIR XGBoost Model","202503101","F1 score: 0.99, CI[0.97, 1.01]","Computational Method","",""
1349,"1349.855","Streptococcus uberis strain 19183_8#136","oxacillin","Susceptible","","","","","","","","","","","SIR XGBoost Model","202503101","F1 score: 0.99, CI[0.97, 1.01]","Computational Method","",""
1349,"1349.856","Streptococcus uberis strain 19183_8#133","oxacillin","Susceptible","","","","","","","","","","","SIR XGBoost Model","202503101","F1 score: 0.99, CI[0.97, 1.01]","Computational Method","",""
1349,"1349.857","Streptococcus uberis strain 19183_8#135","oxacillin","Susceptible","","","","","","","","","","","SIR XGBoost Model","202503101","F1 score: 0.99, CI[0.97, 1.01]","Computational Method","",""
1349,"1349.858","Streptococcus uberis strain 19183_8#132","oxacillin","Susceptible","","","","","","","","","","","SIR XGBoost Model","202503101","F1 score: 0.99, CI[0.97, 1.01]","Computational Method","",""
1349,"1349.859","Streptococcus uberis strain 19183_8#139","oxacillin","Susceptible","","","","","","","","","","","SIR XGBoost Model","202503101","F1 score: 0.99, CI[0.97, 1.01]","Computational Method","",""
1349,"1349.860","Streptococcus uberis strain 19183_8#129","oxacillin","Resistant","","","","","","","","","","","SIR XGBoost Model","202503101","F1 score: 0.99, CI[0.97, 1.01]","Computational Method","",""
1349,"1349.861","Streptococcus uberis strain 19183_8#128","oxacillin","Resistant","","","","","","","","","","","SIR XGBoost Model","202503101","F1 score: 0.99, CI[0.97, 1.01]","Computational Method","",""
1349,"1349.862","Streptococcus uberis strain 19183_8#130","oxacillin","Resistant","","","","","","","","","","","SIR XGBoost Model","202503101","F1 score: 0.99, CI[0.97, 1.01]","Computational Method","",""
1349,"1349.863","Streptococcus uberis strain 19183_8#138","oxacillin","Resistant","","","","","","","","","","","SIR XGBoost Model","202503101","F1 score: 0.99, CI[0.97, 1.01]","Computational Method","",""
1349,"1349.864","Streptococcus uberis strain 19183_8#140","oxacillin","Susceptible","","","","","","","","","","","SIR XGBoost Model","202503101","F1 score: 0.99, CI[0.97, 1.01]","Computational Method","",""
1349,"1349.865","Streptococcus uberis strain 40717883","oxacillin","Resistant","","","","","","","","","","","SIR XGBoost Model","202503101","F1 score: 0.99, CI[0.97, 1.01]","Computational Method","",""
1349,"1349.866","Streptococcus uberis strain GCPRG127","oxacillin","Resistant","","","","","","","","","","","SIR XGBoost Model","202503101","F1 score: 0.99, CI[0.97, 1.01]","Computational Method","",""
1349,"1349.867","Streptococcus uberis strain GCPRG126","oxacillin","Susceptible","","","","","","","","","","","SIR XGBoost Model","202503101","F1 score: 0.99, CI[0.97, 1.01]","Computational Method","",""
1349,"1349.868","Streptococcus uberis strain GCPRG125","oxacillin","Resistant","","","","","","","","","","","SIR XGBoost Model","202503101","F1 score: 0.99, CI[0.97, 1.01]","Computational Method","",""
1349,"1349.869","Streptococcus uberis strain GCPRG124","oxacillin","Resistant","","","","","","","","","","","SIR XGBoost Model","202503101","F1 score: 0.99, CI[0.97, 1.01]","Computational Method","",""
1349,"1349.870","Streptococcus uberis strain GCPRG123","oxacillin","Resistant","","","","","","","","","","","SIR XGBoost Model","202503101","F1 score: 0.99, CI[0.97, 1.01]","Computational Method","",""
1349,"1349.871","Streptococcus uberis strain GCPRG121","oxacillin","Resistant","","","","","","","","","","","SIR XGBoost Model","202503101","F1 score: 0.99, CI[0.97, 1.01]","Computational Method","",""
1349,"1349.872","Streptococcus uberis strain GCPRG120","oxacillin","Susceptible","","","","","","","","","","","SIR XGBoost Model","202503101","F1 score: 0.99, CI[0.97, 1.01]","Computational Method","",""
1349,"1349.873","Streptococcus uberis strain GCPRG115","oxacillin","Resistant","","","","","","","","","","","SIR XGBoost Model","202503101","F1 score: 0.99, CI[0.97, 1.01]","Computational Method","",""
1349,"1349.874","Streptococcus uberis strain GCPRG122","oxacillin","Resistant","","","","","","","","","","","SIR XGBoost Model","202503101","F1 score: 0.99, CI[0.97, 1.01]","Computational Method","",""
1349,"1349.875","Streptococcus uberis strain GCPRG118","oxacillin","Resistant","","","","","","","","","","","SIR XGBoost Model","202503101","F1 score: 0.99, CI[0.97, 1.01]","Computational Method","",""
1349,"1349.876","Streptococcus uberis strain GCPRG101","oxacillin","Resistant","","","","","","","","","","","SIR XGBoost Model","202503101","F1 score: 0.99, CI[0.97, 1.01]","Computational Method","",""
1349,"1349.877","Streptococcus uberis strain GCPRG110","oxacillin","Susceptible","","","","","","","","","","","SIR XGBoost Model","202503101","F1 score: 0.99, CI[0.97, 1.01]","Computational Method","",""
1349,"1349.878","Streptococcus uberis strain GCPRG113","oxacillin","Resistant","","","","","","","","","","","SIR XGBoost Model","202503101","F1 score: 0.99, CI[0.97, 1.01]","Computational Method","",""
1349,"1349.879","Streptococcus uberis strain GCPRG114","oxacillin","Resistant","","","","","","","","","","","SIR XGBoost Model","202503101","F1 score: 0.99, CI[0.97, 1.01]","Computational Method","",""
1349,"1349.880","Streptococcus uberis strain GCPRG112","oxacillin","Resistant","","","","","","","","","","","SIR XGBoost Model","202503101","F1 score: 0.99, CI[0.97, 1.01]","Computational Method","",""
1349,"1349.881","Streptococcus uberis strain GCPRG111","oxacillin","Resistant","","","","","","","","","","","SIR XGBoost Model","202503101","F1 score: 0.99, CI[0.97, 1.01]","Computational Method","",""
1349,"1349.882","Streptococcus uberis strain GCPRG119","oxacillin","Resistant","","","","","","","","","","","SIR XGBoost Model","202503101","F1 score: 0.99, CI[0.97, 1.01]","Computational Method","",""
1349,"1349.883","Streptococcus uberis strain GCPRG117","oxacillin","Resistant","","","","","","","","","","","SIR XGBoost Model","202503101","F1 score: 0.99, CI[0.97, 1.01]","Computational Method","",""
1349,"1349.884","Streptococcus uberis strain GCPRG116","oxacillin","Susceptible","","","","","","","","","","","SIR XGBoost Model","202503101","F1 score: 0.99, CI[0.97, 1.01]","Computational Method","",""
1349,"1349.885","Streptococcus uberis strain GCPRG109","oxacillin","Resistant","","","","","","","","","","","SIR XGBoost Model","202503101","F1 score: 0.99, CI[0.97, 1.01]","Computational Method","",""
1349,"1349.886","Streptococcus uberis strain GCPRG108","oxacillin","Resistant","","","","","","","","","","","SIR XGBoost Model","202503101","F1 score: 0.99, CI[0.97, 1.01]","Computational Method","",""
1349,"1349.887","Streptococcus uberis strain GCPRG106","oxacillin","Susceptible","","","","","","","","","","","SIR XGBoost Model","202503101","F1 score: 0.99, CI[0.97, 1.01]","Computational Method","",""
1349,"1349.888","Streptococcus uberis strain GCPRG107","oxacillin","Susceptible","","","","","","","","","","","SIR XGBoost Model","202503101","F1 score: 0.99, CI[0.97, 1.01]","Computational Method","",""
1349,"1349.889","Streptococcus uberis strain GCPRG105","oxacillin","Resistant","","","","","","","","","","","SIR XGBoost Model","202503101","F1 score: 0.99, CI[0.97, 1.01]","Computational Method","",""
1349,"1349.890","Streptococcus uberis strain GCPRG104","oxacillin","Resistant","","","","","","","","","","","SIR XGBoost Model","202503101","F1 score: 0.99, CI[0.97, 1.01]","Computational Method","",""
1349,"1349.891","Streptococcus uberis strain GCPRG103","oxacillin","Resistant","","","","","","","","","","","SIR XGBoost Model","202503101","F1 score: 0.99, CI[0.97, 1.01]","Computational Method","",""
1349,"1349.892","Streptococcus uberis strain GCPRG102","oxacillin","Susceptible","","","","","","","","","","","SIR XGBoost Model","202503101","F1 score: 0.99, CI[0.97, 1.01]","Computational Method","",""
1349,"1349.988","Streptococcus uberis strain WY2","oxacillin","Resistant","","","","","","","","","","","SIR XGBoost Model","202503101","F1 score: 0.99, CI[0.97, 1.01]","Computational Method","",""
1349,"1349.989","Streptococcus uberis strain WY2","oxacillin","Resistant","","","","","","","","","","","SIR XGBoost Model","202503101","F1 score: 0.99, CI[0.97, 1.01]","Computational Method","",""
1349,"1349.1384","Streptococcus uberis STU-DXH20e399","oxacillin","Susceptible","","","","","","","","BVBRC","","","SIR XGBoost Model","20250225","F1 score: 0.99, CI[0.97, 1.01]","Computational Method","",""
1349,"1349.1385","Streptococcus uberis STU-DXH20e478","oxacillin","Susceptible","","","","","","","","BVBRC","","","SIR XGBoost Model","20250225","F1 score: 0.99, CI[0.97, 1.01]","Computational Method","",""
1349,"1349.1394","Streptococcus uberis STU-BYS20d331","oxacillin","Resistant","","","","","","","","BVBRC","","","SIR XGBoost Model","20250225","F1 score: 0.99, CI[0.97, 1.01]","Computational Method","",""
1349,"1349.1392","Streptococcus uberis STU-MJD20b315","oxacillin","Resistant","","","","","","","","BVBRC","","","SIR XGBoost Model","20250225","F1 score: 0.99, CI[0.97, 1.01]","Computational Method","",""
1349,"1349.1396","Streptococcus uberis STU-DXH20e483","oxacillin","Susceptible","","","","","","","","BVBRC","","","SIR XGBoost Model","20250225","F1 score: 0.99, CI[0.97, 1.01]","Computational Method","",""
1349,"1349.1395","Streptococcus uberis STU-DXH20e390","oxacillin","Resistant","","","","","","","","BVBRC","","","SIR XGBoost Model","20250225","F1 score: 0.99, CI[0.97, 1.01]","Computational Method","",""
1349,"1349.1386","Streptococcus uberis STU-DXH20e463","oxacillin","Susceptible","","","","","","","","BVBRC","","","SIR XGBoost Model","20250225","F1 score: 0.99, CI[0.97, 1.01]","Computational Method","",""
1349,"1349.1398","Streptococcus uberis STU-QNE20h144","oxacillin","Susceptible","","","","","","","","BVBRC","","","SIR XGBoost Model","20250225","F1 score: 0.99, CI[0.97, 1.01]","Computational Method","",""
1349,"1349.1387","Streptococcus uberis STU-MJD20b543","oxacillin","Resistant","","","","","","","","BVBRC","","","SIR XGBoost Model","20250225","F1 score: 0.99, CI[0.97, 1.01]","Computational Method","",""
1349,"1349.1388","Streptococcus uberis STU-BYS20b473","oxacillin","Resistant","","","","","","","","BVBRC","","","SIR XGBoost Model","20250225","F1 score: 0.99, CI[0.97, 1.01]","Computational Method","",""
1349,"1349.1389","Streptococcus uberis STU-DXH20e458","oxacillin","Resistant","","","","","","","","BVBRC","","","SIR XGBoost Model","20250225","F1 score: 0.99, CI[0.97, 1.01]","Computational Method","",""
1349,"1349.1390","Streptococcus uberis STU-MJD19e03","oxacillin","Resistant","","","","","","","","BVBRC","","","SIR XGBoost Model","20250225","F1 score: 0.99, CI[0.97, 1.01]","Computational Method","",""
1349,"1349.1406","Streptococcus uberis STU-DXH20e490","oxacillin","Resistant","","","","","","","","BVBRC","","","SIR XGBoost Model","20250225","F1 score: 0.99, CI[0.97, 1.01]","Computational Method","",""
1349,"1349.1397","Streptococcus uberis STU-QNE20e152","oxacillin","Susceptible","","","","","","","","BVBRC","","","SIR XGBoost Model","20250225","F1 score: 0.99, CI[0.97, 1.01]","Computational Method","",""
1349,"1349.1401","Streptococcus uberis STU-BYS20b355","oxacillin","Resistant","","","","","","","","BVBRC","","","SIR XGBoost Model","20250225","F1 score: 0.99, CI[0.97, 1.01]","Computational Method","",""
1349,"1349.1409","Streptococcus uberis STU-DXH20e454","oxacillin","Susceptible","","","","","","","","BVBRC","","","SIR XGBoost Model","20250225","F1 score: 0.99, CI[0.97, 1.01]","Computational Method","",""
1349,"1349.1405","Streptococcus uberis STU-MJD20e594","oxacillin","Resistant","","","","","","","","BVBRC","","","SIR XGBoost Model","20250225","F1 score: 0.99, CI[0.97, 1.01]","Computational Method","",""
1349,"1349.1403","Streptococcus uberis STU-MJD20c450","oxacillin","Susceptible","","","","","","","","BVBRC","","","SIR XGBoost Model","20250225","F1 score: 0.99, CI[0.97, 1.01]","Computational Method","",""
1349,"1349.1408","Streptococcus uberis STU-BYS20c356","oxacillin","Resistant","","","","","","","","BVBRC","","","SIR XGBoost Model","20250225","F1 score: 0.99, CI[0.97, 1.01]","Computational Method","",""
1349,"1349.1407","Streptococcus uberis STU-DXH20e462","oxacillin","Susceptible","","","","","","","","BVBRC","","","SIR XGBoost Model","20250225","F1 score: 0.99, CI[0.97, 1.01]","Computational Method","",""
1349,"1349.1404","Streptococcus uberis STU-BYS20c305","oxacillin","Resistant","","","","","","","","BVBRC","","","SIR XGBoost Model","20250225","F1 score: 0.99, CI[0.97, 1.01]","Computational Method","",""
1349,"1349.1393","Streptococcus uberis STU-DXH20e466","oxacillin","Resistant","","","","","","","","BVBRC","","","SIR XGBoost Model","20250225","F1 score: 0.99, CI[0.97, 1.01]","Computational Method","",""
1349,"1349.1400","Streptococcus uberis STU-DXH20e501","oxacillin","Resistant","","","","","","","","BVBRC","","","SIR XGBoost Model","20250225","F1 score: 0.99, CI[0.97, 1.01]","Computational Method","",""
1349,"1349.1402","Streptococcus uberis STU-BYS20c291","oxacillin","Resistant","","","","","","","","BVBRC","","","SIR XGBoost Model","20250225","F1 score: 0.99, CI[0.97, 1.01]","Computational Method","",""
1349,"1349.1410","Streptococcus uberis STU-DXH20e401","oxacillin","Resistant","","","","","","","","BVBRC","","","SIR XGBoost Model","20250225","F1 score: 0.99, CI[0.97, 1.01]","Computational Method","",""
1349,"1349.1411","Streptococcus uberis STU-BYS20b605","oxacillin","Resistant","","","","","","","","BVBRC","","","SIR XGBoost Model","20250225","F1 score: 0.99, CI[0.97, 1.01]","Computational Method","",""
1349,"1349.1412","Streptococcus uberis STU-JX19e05","oxacillin","Resistant","","","","","","","","BVBRC","","","SIR XGBoost Model","20250225","F1 score: 0.99, CI[0.97, 1.01]","Computational Method","",""
1349,"1349.1391","Streptococcus uberis STU-DXH20e436","oxacillin","Susceptible","","","","","","","","BVBRC","","","SIR XGBoost Model","20250225","F1 score: 0.99, CI[0.97, 1.01]","Computational Method","",""
1349,"1349.1399","Streptococcus uberis STU-DXH20e492","oxacillin","Resistant","","","","","","","","BVBRC","","","SIR XGBoost Model","20250225","F1 score: 0.99, CI[0.97, 1.01]","Computational Method","",""
1349,"1349.1378","Streptococcus uberis SX5-2","oxacillin","Susceptible","","","","","","","","BVBRC","","","SIR XGBoost Model","20250225","F1 score: 0.99, CI[0.97, 1.01]","Computational Method","",""
1349,"1349.1379","Streptococcus uberis STU-BYS20b509","oxacillin","Resistant","","","","","","","","BVBRC","","","SIR XGBoost Model","20250225","F1 score: 0.99, CI[0.97, 1.01]","Computational Method","",""
1349,"1349.1382","Streptococcus uberis STU-DXH20e457","oxacillin","Susceptible","","","","","","","","BVBRC","","","SIR XGBoost Model","20250225","F1 score: 0.99, CI[0.97, 1.01]","Computational Method","",""
1349,"1349.1383","Streptococcus uberis STU-MJD19e08","oxacillin","Resistant","","","","","","","","BVBRC","","","SIR XGBoost Model","20250225","F1 score: 0.99, CI[0.97, 1.01]","Computational Method","",""
1349,"1349.1380","Streptococcus uberis STU-QNE20c142","oxacillin","Susceptible","","","","","","","","BVBRC","","","SIR XGBoost Model","20250225","F1 score: 0.99, CI[0.97, 1.01]","Computational Method","",""
1349,"1349.1381","Streptococcus uberis STU-DXH20e472","oxacillin","Susceptible","","","","","","","","BVBRC","","","SIR XGBoost Model","20250225","F1 score: 0.99, CI[0.97, 1.01]","Computational Method","",""
1349,"1349.1414","Streptococcus uberis SS2049","oxacillin","Susceptible","","","","","","","","BVBRC","","","SIR XGBoost Model","20250225","F1 score: 0.99, CI[0.97, 1.01]","Computational Method","",""
1349,"1349.1415","Streptococcus uberis SS1742","oxacillin","Susceptible","","","","","","","","BVBRC","","","SIR XGBoost Model","20250225","F1 score: 0.99, CI[0.97, 1.01]","Computational Method","",""
1349,"1349.1413","Streptococcus uberis 233","oxacillin","Resistant","","","","","","","","BVBRC","","","SIR XGBoost Model","20250225","F1 score: 0.99, CI[0.97, 1.01]","Computational Method","",""
1349,"1349.1462","Streptococcus uberis UB2","oxacillin","Resistant","","","","","","","","BVBRC","","","SIR XGBoost Model","20250225","F1 score: 0.99, CI[0.97, 1.01]","Computational Method","",""
1349,"1349.1460","Streptococcus uberis UB7","oxacillin","Resistant","","","","","","","","BVBRC","","","SIR XGBoost Model","20250225","F1 score: 0.99, CI[0.97, 1.01]","Computational Method","",""
1349,"1349.1457","Streptococcus uberis UB36","oxacillin","Resistant","","","","","","","","BVBRC","","","SIR XGBoost Model","20250225","F1 score: 0.99, CI[0.97, 1.01]","Computational Method","",""
1349,"1349.1461","Streptococcus uberis UB15","oxacillin","Resistant","","","","","","","","BVBRC","","","SIR XGBoost Model","20250225","F1 score: 0.99, CI[0.97, 1.01]","Computational Method","",""
1349,"1349.1459","Streptococcus uberis UB23","oxacillin","Susceptible","","","","","","","","BVBRC","","","SIR XGBoost Model","20250225","F1 score: 0.99, CI[0.97, 1.01]","Computational Method","",""
1349,"1349.1453","Streptococcus uberis UB56","oxacillin","Resistant","","","","","","","","BVBRC","","","SIR XGBoost Model","20250225","F1 score: 0.99, CI[0.97, 1.01]","Computational Method","",""
1349,"1349.1456","Streptococcus uberis UB37","oxacillin","Resistant","","","","","","","","BVBRC","","","SIR XGBoost Model","20250225","F1 score: 0.99, CI[0.97, 1.01]","Computational Method","",""
1349,"1349.1458","Streptococcus uberis UB25","oxacillin","Resistant","","","","","","","","BVBRC","","","SIR XGBoost Model","20250225","F1 score: 0.99, CI[0.97, 1.01]","Computational Method","",""
1349,"1349.1454","Streptococcus uberis UB41","oxacillin","Resistant","","","","","","","","BVBRC","","","SIR XGBoost Model","20250225","F1 score: 0.99, CI[0.97, 1.01]","Computational Method","",""
1349,"1349.1455","Streptococcus uberis UB38","oxacillin","Resistant","","","","","","","","BVBRC","","","SIR XGBoost Model","20250225","F1 score: 0.99, CI[0.97, 1.01]","Computational Method","",""
1349,"1349.1416","Streptococcus uberis Hiro7","oxacillin","Resistant","","","","","","","","BVBRC","","","SIR XGBoost Model","20250225","F1 score: 0.99, CI[0.97, 1.01]","Computational Method","",""
1349,"1349.1421","Streptococcus uberis Hiro1","oxacillin","Resistant","","","","","","","","BVBRC","","","SIR XGBoost Model","20250225","F1 score: 0.99, CI[0.97, 1.01]","Computational Method","",""
1349,"1349.1417","Streptococcus uberis Hiro6","oxacillin","Resistant","","","","","","","","BVBRC","","","SIR XGBoost Model","20250225","F1 score: 0.99, CI[0.97, 1.01]","Computational Method","",""
1349,"1349.1419","Streptococcus uberis Hiro4","oxacillin","Susceptible","","","","","","","","BVBRC","","","SIR XGBoost Model","20250225","F1 score: 0.99, CI[0.97, 1.01]","Computational Method","",""
1349,"1349.1418","Streptococcus uberis Hiro5","oxacillin","Resistant","","","","","","","","BVBRC","","","SIR XGBoost Model","20250225","F1 score: 0.99, CI[0.97, 1.01]","Computational Method","",""
1349,"1349.1420","Streptococcus uberis Hiro3","oxacillin","Resistant","","","","","","","","BVBRC","","","SIR XGBoost Model","20250225","F1 score: 0.99, CI[0.97, 1.01]","Computational Method","",""
1349,"1349.1422","Streptococcus uberis ZQ-y7","oxacillin","Resistant","","","","","","","","BVBRC","","","SIR XGBoost Model","20250225","F1 score: 0.99, CI[0.97, 1.01]","Computational Method","",""
1349,"1349.1426","Streptococcus uberis ZQ-y1","oxacillin","Resistant","","","","","","","","BVBRC","","","SIR XGBoost Model","20250225","F1 score: 0.99, CI[0.97, 1.01]","Computational Method","",""
1349,"1349.1425","Streptococcus uberis ZQ-y4","oxacillin","Resistant","","","","","","","","BVBRC","","","SIR XGBoost Model","20250225","F1 score: 0.99, CI[0.97, 1.01]","Computational Method","",""
1349,"1349.1424","Streptococcus uberis ZQ-y6","oxacillin","Resistant","","","","","","","","BVBRC","","","SIR XGBoost Model","20250225","F1 score: 0.99, CI[0.97, 1.01]","Computational Method","",""
1349,"1349.1427","Streptococcus uberis ZQ-y3","oxacillin","Resistant","","","","","","","","BVBRC","","","SIR XGBoost Model","20250225","F1 score: 0.99, CI[0.97, 1.01]","Computational Method","",""
1349,"1349.1434","Streptococcus uberis ZQ19","oxacillin","Resistant","","","","","","","","BVBRC","","","SIR XGBoost Model","20250225","F1 score: 0.99, CI[0.97, 1.01]","Computational Method","",""
1349,"1349.1433","Streptococcus uberis ZQ20","oxacillin","Resistant","","","","","","","","BVBRC","","","SIR XGBoost Model","20250225","F1 score: 0.99, CI[0.97, 1.01]","Computational Method","",""
1349,"1349.1445","Streptococcus uberis ZQ7","oxacillin","Susceptible","","","","","","","","BVBRC","","","SIR XGBoost Model","20250225","F1 score: 0.99, CI[0.97, 1.01]","Computational Method","",""
1349,"1349.1447","Streptococcus uberis ZQ5","oxacillin","Resistant","","","","","","","","BVBRC","","","SIR XGBoost Model","20250225","F1 score: 0.99, CI[0.97, 1.01]","Computational Method","",""
1349,"1349.1452","Streptococcus uberis ZQ1","oxacillin","Resistant","","","","","","","","BVBRC","","","SIR XGBoost Model","20250225","F1 score: 0.99, CI[0.97, 1.01]","Computational Method","",""
1349,"1349.1435","Streptococcus uberis ZQ17","oxacillin","Resistant","","","","","","","","BVBRC","","","SIR XGBoost Model","20250225","F1 score: 0.99, CI[0.97, 1.01]","Computational Method","",""
1349,"1349.1423","Streptococcus uberis Hiro2","oxacillin","Susceptible","","","","","","","","BVBRC","","","SIR XGBoost Model","20250225","F1 score: 0.99, CI[0.97, 1.01]","Computational Method","",""
1349,"1349.1429","Streptococcus uberis ZQ-y2","oxacillin","Resistant","","","","","","","","BVBRC","","","SIR XGBoost Model","20250225","F1 score: 0.99, CI[0.97, 1.01]","Computational Method","",""
1349,"1349.1428","Streptococcus uberis ZQ-y5","oxacillin","Resistant","","","","","","","","BVBRC","","","SIR XGBoost Model","20250225","F1 score: 0.99, CI[0.97, 1.01]","Computational Method","",""
1349,"1349.1449","Streptococcus uberis ZQ3","oxacillin","Resistant","","","","","","","","BVBRC","","","SIR XGBoost Model","20250225","F1 score: 0.99, CI[0.97, 1.01]","Computational Method","",""
1349,"1349.1430","Streptococcus uberis ZQ23","oxacillin","Resistant","","","","","","","","BVBRC","","","SIR XGBoost Model","20250225","F1 score: 0.99, CI[0.97, 1.01]","Computational Method","",""
1349,"1349.1432","Streptococcus uberis ZQ21","oxacillin","Resistant","","","","","","","","BVBRC","","","SIR XGBoost Model","20250225","F1 score: 0.99, CI[0.97, 1.01]","Computational Method","",""
1349,"1349.1444","Streptococcus uberis ZQ9","oxacillin","Resistant","","","","","","","","BVBRC","","","SIR XGBoost Model","20250225","F1 score: 0.99, CI[0.97, 1.01]","Computational Method","",""
1349,"1349.1443","Streptococcus uberis ZQ10","oxacillin","Resistant","","","","","","","","BVBRC","","","SIR XGBoost Model","20250225","F1 score: 0.99, CI[0.97, 1.01]","Computational Method","",""
1349,"1349.1451","Streptococcus uberis ZQ2","oxacillin","Resistant","","","","","","","","BVBRC","","","SIR XGBoost Model","20250225","F1 score: 0.99, CI[0.97, 1.01]","Computational Method","",""
1349,"1349.1436","Streptococcus uberis ZQ18","oxacillin","Susceptible","","","","","","","","BVBRC","","","SIR XGBoost Model","20250225","F1 score: 0.99, CI[0.97, 1.01]","Computational Method","",""
1349,"1349.1448","Streptococcus uberis ZQ6","oxacillin","Susceptible","","","","","","","","BVBRC","","","SIR XGBoost Model","20250225","F1 score: 0.99, CI[0.97, 1.01]","Computational Method","",""
1349,"1349.1437","Streptococcus uberis ZQ16","oxacillin","Resistant","","","","","","","","BVBRC","","","SIR XGBoost Model","20250225","F1 score: 0.99, CI[0.97, 1.01]","Computational Method","",""
1349,"1349.1438","Streptococcus uberis ZQ15","oxacillin","Resistant","","","","","","","","BVBRC","","","SIR XGBoost Model","20250225","F1 score: 0.99, CI[0.97, 1.01]","Computational Method","",""
1349,"1349.1439","Streptococcus uberis ZQ14","oxacillin","Resistant","","","","","","","","BVBRC","","","SIR XGBoost Model","20250225","F1 score: 0.99, CI[0.97, 1.01]","Computational Method","",""
1349,"1349.1431","Streptococcus uberis ZQ22","oxacillin","Resistant","","","","","","","","BVBRC","","","SIR XGBoost Model","20250225","F1 score: 0.99, CI[0.97, 1.01]","Computational Method","",""
1349,"1349.1440","Streptococcus uberis ZQ13","oxacillin","Resistant","","","","","","","","BVBRC","","","SIR XGBoost Model","20250225","F1 score: 0.99, CI[0.97, 1.01]","Computational Method","",""
1349,"1349.1446","Streptococcus uberis ZQ8","oxacillin","Resistant","","","","","","","","BVBRC","","","SIR XGBoost Model","20250225","F1 score: 0.99, CI[0.97, 1.01]","Computational Method","",""
1349,"1349.1450","Streptococcus uberis ZQ4","oxacillin","Resistant","","","","","","","","BVBRC","","","SIR XGBoost Model","20250225","F1 score: 0.99, CI[0.97, 1.01]","Computational Method","",""
1349,"1349.1442","Streptococcus uberis ZQ11","oxacillin","Resistant","","","","","","","","BVBRC","","","SIR XGBoost Model","20250225","F1 score: 0.99, CI[0.97, 1.01]","Computational Method","",""
1349,"1349.1441","Streptococcus uberis ZQ12","oxacillin","Resistant","","","","","","","","BVBRC","","","SIR XGBoost Model","20250225","F1 score: 0.99, CI[0.97, 1.01]","Computational Method","",""
