"Taxon ID","Genome ID","Genome Name","Antibiotic","Resistant Phenotype","Measurement","Measurement Sign","Measurement Value","Measurement Unit","Laboratory Typing Method","Laboratory Typing Method Version","Laboratory Typing Platform","Vendor","Testing Standard","Testing Standard Year","Computational Method","Computational Method Version","Computational Method Performance","Evidence","Source","PubMed"
299766,"299766.54","Enterobacter hormaechei subsp. steigerwaltii","ertapenem","Resistant","","=","6","mm","Disk diffusion","","","","","","","","","Laboratory Method","",""
299766,"299766.9","Enterobacter hormaechei subsp. steigerwaltii strain SMART_448","ertapenem","Resistant","","=","6","mg/L","Disk diffusion","","E-test","","","","","","","Laboratory Method","",""
299766,"299766.4","Enterobacter hormaechei subsp. steigerwaltii strain SMART_267","ertapenem","Resistant","","=","4","mg/L","Broth dilution","","MicroScan","Siemens","","","","","","Laboratory Method","",""
299766,"299766.6","Enterobacter hormaechei subsp. steigerwaltii strain SMART_291","ertapenem","Resistant","","","4","mg/L","Broth dilution","","MicroScan","Siemens","","","","","","Laboratory Method","",""
299766,"299766.15","Enterobacter hormaechei subsp. steigerwaltii strain SMART_610","ertapenem","Resistant","","=","2","mg/L","Broth dilution","","MicroScan","Siemens","","","","","","Laboratory Method","",""
299766,"299766.5","Enterobacter hormaechei subsp. steigerwaltii strain SMART_268","ertapenem","Resistant","","","4","mg/L","Broth dilution","","MicroScan","Siemens","","","","","","Laboratory Method","",""
299766,"299766.20","Enterobacter hormaechei subsp. steigerwaltii strain SMART_1009","ertapenem","Resistant","","=","4","mg/L","Broth dilution","","MicroScan","Siemens","","","","","","Laboratory Method","",""
299766,"299766.12","Enterobacter hormaechei subsp. steigerwaltii strain SMART_557","ertapenem","Intermediate","","=","1.5","mg/L","Broth dilution","","MicroScan","Siemens","","","","","","Laboratory Method","",""
299766,"299766.19","Enterobacter hormaechei subsp. steigerwaltii strain SMART_935","ertapenem","Resistant","","=","4","mg/L","Broth dilution","","MicroScan","Siemens","","","","","","Laboratory Method","",""
299766,"299766.14","Enterobacter hormaechei subsp. steigerwaltii strain SMART_601","ertapenem","Resistant","","","32","mg/L","Disk diffusion","","E-test","","","","","","","Laboratory Method","",""
299766,"299766.3","Enterobacter hormaechei subsp. steigerwaltii strain SMART_1141","ertapenem","Intermediate","","=","1","mg/L","Broth dilution","","MicroScan","Siemens","","","","","","Laboratory Method","",""
299766,"299766.22","Enterobacter hormaechei subsp. steigerwaltii strain SMART_1139","ertapenem","Resistant","","","4","mg/L","Broth dilution","","MicroScan","Siemens","","","","","","Laboratory Method","",""
299766,"299766.23","Enterobacter hormaechei subsp. steigerwaltii strain SMART_1118","ertapenem","Resistant","","","4","mg/L","Broth dilution","","MicroScan","Siemens","","","","","","Laboratory Method","",""
299766,"299766.18","Enterobacter hormaechei subsp. steigerwaltii strain SMART_857","ertapenem","Resistant","","","4","mg/L","Broth dilution","","MicroScan","Siemens","","","","","","Laboratory Method","",""
299766,"299766.13","Enterobacter hormaechei subsp. steigerwaltii strain SMART_599","ertapenem","Resistant","","","32","mg/L","Disk diffusion","","E-test","","","","","","","Laboratory Method","",""
299766,"299766.17","Enterobacter hormaechei subsp. steigerwaltii strain SMART_851","ertapenem","Resistant","","","4","mg/L","Broth dilution","","MicroScan","Siemens","","","","","","Laboratory Method","",""
299766,"299766.8","Enterobacter hormaechei subsp. steigerwaltii strain SMART_398","ertapenem","Resistant","","=","24","mg/L","Disk diffusion","","E-test","","","","","","","Laboratory Method","",""
299766,"299766.21","Enterobacter hormaechei subsp. steigerwaltii strain SMART_1078","ertapenem","Resistant","","","4","mg/L","Broth dilution","","MicroScan","Siemens","","","","","","Laboratory Method","",""
299766,"299766.7","Enterobacter hormaechei subsp. steigerwaltii strain SMART_312","ertapenem","Resistant","","","4","mg/L","Broth dilution","","MicroScan","Siemens","","","","","","Laboratory Method","",""
299766,"299766.11","Enterobacter hormaechei subsp. steigerwaltii strain SMART_539","ertapenem","Intermediate","","=","1","mg/L","Broth dilution","","MicroScan","Siemens","","","","","","Laboratory Method","",""
299766,"299766.16","Enterobacter hormaechei subsp. steigerwaltii strain SMART_685","ertapenem","Resistant","","","32","mg/L","Disk diffusion","","E-test","","","","","","","Laboratory Method","",""
299766,"299766.268","Enterobacter hormaechei subsp. steigerwaltii JBAGABE-19-0098","trimethoprim/sulfamethoxazole","","<=1/19","<=","1/19","mg/L","MIC","","","Beckman Coulter Inc","CLSI",2021,"","","","Laboratory Method","","[38052776]"
299766,"299766.347","Enterobacter hormaechei subsp. steigerwaltii JBDJAAE-19-0094","tigecycline","","1","","1","mg/L","MIC","","","Beckman Coulter Inc","CLSI",2021,"","","","Laboratory Method","","[38052776]"
299766,"299766.289","Enterobacter hormaechei subsp. steigerwaltii JBBDAAF-19-0053","ciprofloxacin","","<=0.25","<=","0.25","mg/L","MIC","","","Beckman Coulter Inc","CLSI",2021,"","","","Laboratory Method","","[38052776]"
299766,"299766.337","Enterobacter hormaechei subsp. steigerwaltii JBEDACG-19-0107","cefmetazole","",">32",">","32","mg/L","MIC","","","Beckman Coulter Inc","CLSI",2021,"","","","Laboratory Method","","[38052776]"
299766,"299766.291","Enterobacter hormaechei subsp. steigerwaltii JBBDAAF-19-0142","tigecycline","","1","","1","mg/L","MIC","","","Beckman Coulter Inc","CLSI",2021,"","","","Laboratory Method","","[38052776]"
299766,"299766.303","Enterobacter hormaechei subsp. steigerwaltii JBBDAJB-19-0014","ceftazidime","",">16",">","16","mg/L","MIC","","","Beckman Coulter Inc","CLSI",2021,"","","","Laboratory Method","","[38052776]"
299766,"299766.287","Enterobacter hormaechei subsp. steigerwaltii JBBDAAF-19-0018","cefotaxime","",">128",">","128","mg/L","MIC","","","Beckman Coulter Inc","CLSI",2021,"","","","Laboratory Method","","[38052776]"
299766,"299766.309","Enterobacter hormaechei subsp. steigerwaltii JBBEABG-19-0028","aztreonam","","<=1","<=","1","mg/L","MIC","","","Beckman Coulter Inc","CLSI",2021,"","","","Laboratory Method","","[38052776]"
299766,"299766.343","Enterobacter hormaechei subsp. steigerwaltii JBCDACH-19-0001","tigecycline","","1","","1","mg/L","MIC","","","Beckman Coulter Inc","CLSI",2021,"","","","Laboratory Method","","[38052776]"
299766,"299766.346","Enterobacter hormaechei subsp. steigerwaltii JBCBAAD-19-0109","piperacillin","","16","","16","mg/L","MIC","","","Beckman Coulter Inc","CLSI",2021,"","","","Laboratory Method","","[38052776]"
299766,"299766.285","Enterobacter hormaechei subsp. steigerwaltii JBBDAAB-19-0061","amikacin","","<=4","<=","4","mg/L","MIC","","","Beckman Coulter Inc","CLSI",2021,"","","","Laboratory Method","","[38052776]"
299766,"299766.280","Enterobacter hormaechei subsp. steigerwaltii JBBCADC-19-0142","cefozopran","",">16",">","16","mg/L","MIC","","","Beckman Coulter Inc","CLSI",2021,"","","","Laboratory Method","","[38052776]"
299766,"299766.322","Enterobacter hormaechei subsp. steigerwaltii JBDGAAB-19-0032","piperacillin/tazobactam","","<=4","<=","4","mg/L","MIC","","","Beckman Coulter Inc","CLSI",2021,"","","","Laboratory Method","","[38052776]"
299766,"299766.317","Enterobacter hormaechei subsp. steigerwaltii JBCHACG-19-0311","cefpodoxime","",">64",">","64","mg/L","MIC","","","Beckman Coulter Inc","CLSI",2021,"","","","Laboratory Method","","[38052776]"
299766,"299766.329","Enterobacter hormaechei subsp. steigerwaltii JBEAAEE-19-0043","ceftazidime/clavulanic acid","",">32",">","32","mg/L","MIC","","","Beckman Coulter Inc","CLSI",2021,"","","","Laboratory Method","","[38052776]"
299766,"299766.301","Enterobacter hormaechei subsp. steigerwaltii JBBDAGF-19-0055","cefoperazone/sulbactam","",">32/16",">","32/16","mg/L","MIC","","","Beckman Coulter Inc","CLSI",2021,"","","","Laboratory Method","","[38052776]"
299766,"299766.320","Enterobacter hormaechei subsp. steigerwaltii JBCIAEJ-19-0013","doripenem","","<=0.5","<=","0.5","mg/L","MIC","","","Beckman Coulter Inc","CLSI",2021,"","","","Laboratory Method","","[38052776]"
299766,"299766.311","Enterobacter hormaechei subsp. steigerwaltii JBBHAAB-19-0033","aztreonam","",">16",">","16","mg/L","MIC","","","Beckman Coulter Inc","CLSI",2021,"","","","Laboratory Method","","[38052776]"
299766,"299766.295","Enterobacter hormaechei subsp. steigerwaltii JBBDABE-19-0091","ceftriaxone","",">64",">","64","mg/L","MIC","","","Beckman Coulter Inc","CLSI",2021,"","","","Laboratory Method","","[38052776]"
299766,"299766.345","Enterobacter hormaechei subsp. steigerwaltii JBCBAAD-19-0112","aztreonam","","4","","4","mg/L","MIC","","","Beckman Coulter Inc","CLSI",2021,"","","","Laboratory Method","","[38052776]"
299766,"299766.338","Enterobacter hormaechei subsp. steigerwaltii JBEHAAB-19-0192","cefpodoxime","",">64",">","64","mg/L","MIC","","","Beckman Coulter Inc","CLSI",2021,"","","","Laboratory Method","","[38052776]"
299766,"299766.306","Enterobacter hormaechei subsp. steigerwaltii JBBEAAJ-19-0008","ceftazidime","",">16",">","16","mg/L","MIC","","","Beckman Coulter Inc","CLSI",2021,"","","","Laboratory Method","","[38052776]"
299766,"299766.318","Enterobacter hormaechei subsp. steigerwaltii JBCHACG-19-0419","piperacillin/tazobactam","",">64",">","64","mg/L","MIC","","","Beckman Coulter Inc","CLSI",2021,"","","","Laboratory Method","","[38052776]"
299766,"299766.344","Enterobacter hormaechei subsp. steigerwaltii JBDJAAE-19-0102","chloramphenicol","","<=8","<=","8","mg/L","MIC","","","Beckman Coulter Inc","CLSI",2021,"","","","Laboratory Method","","[38052776]"
299766,"299766.345","Enterobacter hormaechei subsp. steigerwaltii JBCBAAD-19-0112","tobramycin","","<=1","<=","1","mg/L","MIC","","","Beckman Coulter Inc","CLSI",2021,"","","","Laboratory Method","","[38052776]"
299766,"299766.319","Enterobacter hormaechei subsp. steigerwaltii JBCHAFC-19-0064","imipenem","","1","","1","mg/L","MIC","","","Beckman Coulter Inc","CLSI",2021,"","","","Laboratory Method","","[38052776]"
299766,"299766.326","Enterobacter hormaechei subsp. steigerwaltii JBEAACH-19-0177","cefmetazole","",">32",">","32","mg/L","MIC","","","Beckman Coulter Inc","CLSI",2021,"","","","Laboratory Method","","[38052776]"
299766,"299766.332","Enterobacter hormaechei subsp. steigerwaltii JBEAAEE-19-0140","cefotaxime/clavulanic acid","","32","","32","mg/L","MIC","","","Beckman Coulter Inc","CLSI",2021,"","","","Laboratory Method","","[38052776]"
299766,"299766.295","Enterobacter hormaechei subsp. steigerwaltii JBBDABE-19-0091","piperacillin/tazobactam","","<=4","<=","4","mg/L","MIC","","","Beckman Coulter Inc","CLSI",2021,"","","","Laboratory Method","","[38052776]"
299766,"299766.339","Enterobacter hormaechei subsp. steigerwaltii JBAGABE-19-0120","ceftazidime","",">16",">","16","mg/L","MIC","","","Beckman Coulter Inc","CLSI",2021,"","","","Laboratory Method","","[38052776]"
299766,"299766.300","Enterobacter hormaechei subsp. steigerwaltii JBBDAGF-19-0034","levofloxacin","","<=0.5","<=","0.5","mg/L","MIC","","","Beckman Coulter Inc","CLSI",2021,"","","","Laboratory Method","","[38052776]"
299766,"299766.317","Enterobacter hormaechei subsp. steigerwaltii JBCHACG-19-0311","ampicillin/sulbactam","",">32/16",">","32/16","mg/L","MIC","","","Beckman Coulter Inc","CLSI",2021,"","","","Laboratory Method","","[38052776]"
299766,"299766.316","Enterobacter hormaechei subsp. steigerwaltii JBCHAAE-19-0025","cefepime","","16","","16","mg/L","MIC","","","Beckman Coulter Inc","CLSI",2021,"","","","Laboratory Method","","[38052776]"
299766,"299766.292","Enterobacter hormaechei subsp. steigerwaltii JBBDAAJ-19-0051","fosfomycin","","16","","16","mg/L","MIC","","","Beckman Coulter Inc","CLSI",2021,"","","","Laboratory Method","","[38052776]"
299766,"299766.325","Enterobacter hormaechei subsp. steigerwaltii JBDGAAB-19-0117","trimethoprim/sulfamethoxazole","","<=1/19","<=","1/19","mg/L","MIC","","","Beckman Coulter Inc","CLSI",2021,"","","","Laboratory Method","","[38052776]"
299766,"299766.331","Enterobacter hormaechei subsp. steigerwaltii JBEAAEE-19-0042","cefotaxime/clavulanic acid","","32","","32","mg/L","MIC","","","Beckman Coulter Inc","CLSI",2021,"","","","Laboratory Method","","[38052776]"
299766,"299766.280","Enterobacter hormaechei subsp. steigerwaltii JBBCADC-19-0142","cefotetan","",">32",">","32","mg/L","MIC","","","Beckman Coulter Inc","CLSI",2021,"","","","Laboratory Method","","[38052776]"
299766,"299766.342","Enterobacter hormaechei subsp. steigerwaltii JBEAAAD-19-0047","cefozopran","",">16",">","16","mg/L","MIC","","","Beckman Coulter Inc","CLSI",2021,"","","","Laboratory Method","","[38052776]"
299766,"299766.346","Enterobacter hormaechei subsp. steigerwaltii JBCBAAD-19-0109","ciprofloxacin","","4","","4","mg/L","MIC","","","Beckman Coulter Inc","CLSI",2021,"","","","Laboratory Method","","[38052776]"
299766,"299766.343","Enterobacter hormaechei subsp. steigerwaltii JBCDACH-19-0001","piperacillin/tazobactam","","<=4","<=","4","mg/L","MIC","","","Beckman Coulter Inc","CLSI",2021,"","","","Laboratory Method","","[38052776]"
299766,"299766.342","Enterobacter hormaechei subsp. steigerwaltii JBEAAAD-19-0047","ampicillin/sulbactam","","32/16","","32/16","mg/L","MIC","","","Beckman Coulter Inc","CLSI",2021,"","","","Laboratory Method","","[38052776]"
299766,"299766.281","Enterobacter hormaechei subsp. steigerwaltii JBBCADC-19-0145","ceftazidime","",">16",">","16","mg/L","MIC","","","Beckman Coulter Inc","CLSI",2021,"","","","Laboratory Method","","[38052776]"
299766,"299766.332","Enterobacter hormaechei subsp. steigerwaltii JBEAAEE-19-0140","aztreonam","","<=1","<=","1","mg/L","MIC","","","Beckman Coulter Inc","CLSI",2021,"","","","Laboratory Method","","[38052776]"
299766,"299766.289","Enterobacter hormaechei subsp. steigerwaltii JBBDAAF-19-0053","cefozopran","",">16",">","16","mg/L","MIC","","","Beckman Coulter Inc","CLSI",2021,"","","","Laboratory Method","","[38052776]"
299766,"299766.266","Enterobacter hormaechei subsp. steigerwaltii JBABADI-19-0091","meropenem","",">8",">","8","mg/L","MIC","","","Beckman Coulter Inc","CLSI",2021,"","","","Laboratory Method","","[38052776]"
299766,"299766.340","Enterobacter hormaechei subsp. steigerwaltii JBEAACG-19-0081","amikacin","","<=4","<=","4","mg/L","MIC","","","Beckman Coulter Inc","CLSI",2021,"","","","Laboratory Method","","[38052776]"
299766,"299766.295","Enterobacter hormaechei subsp. steigerwaltii JBBDABE-19-0091","cefpodoxime","",">64",">","64","mg/L","MIC","","","Beckman Coulter Inc","CLSI",2021,"","","","Laboratory Method","","[38052776]"
299766,"299766.345","Enterobacter hormaechei subsp. steigerwaltii JBCBAAD-19-0112","ciprofloxacin","","<=0.25","<=","0.25","mg/L","MIC","","","Beckman Coulter Inc","CLSI",2021,"","","","Laboratory Method","","[38052776]"
299766,"299766.303","Enterobacter hormaechei subsp. steigerwaltii JBBDAJB-19-0014","ceftriaxone","",">64",">","64","mg/L","MIC","","","Beckman Coulter Inc","CLSI",2021,"","","","Laboratory Method","","[38052776]"
299766,"299766.284","Enterobacter hormaechei subsp. steigerwaltii JBBDAAB-19-0177","ceftazidime/clavulanic acid","",">32",">","32","mg/L","MIC","","","Beckman Coulter Inc","CLSI",2021,"","","","Laboratory Method","","[38052776]"
299766,"299766.333","Enterobacter hormaechei subsp. steigerwaltii JBEAAEE-19-0141","imipenem","","2","","2","mg/L","MIC","","","Beckman Coulter Inc","CLSI",2021,"","","","Laboratory Method","","[38052776]"
299766,"299766.286","Enterobacter hormaechei subsp. steigerwaltii JBBDAAB-19-0067","minocycline","",">8",">","8","mg/L","MIC","","","Beckman Coulter Inc","CLSI",2021,"","","","Laboratory Method","","[38052776]"
299766,"299766.275","Enterobacter hormaechei subsp. steigerwaltii JBBCAAG-19-0001","cefmetazole","",">32",">","32","mg/L","MIC","","","Beckman Coulter Inc","CLSI",2021,"","","","Laboratory Method","","[38052776]"
299766,"299766.265","Enterobacter hormaechei subsp. steigerwaltii JBABADI-19-0083","meropenem","",">8",">","8","mg/L","MIC","","","Beckman Coulter Inc","CLSI",2021,"","","","Laboratory Method","","[38052776]"
299766,"299766.323","Enterobacter hormaechei subsp. steigerwaltii JBDGAAB-19-0063","fosfomycin","","<=4","<=","4","mg/L","MIC","","","Beckman Coulter Inc","CLSI",2021,"","","","Laboratory Method","","[38052776]"
299766,"299766.274","Enterobacter hormaechei subsp. steigerwaltii JBBBAEF-19-0073","cefotetan","",">32",">","32","mg/L","MIC","","","Beckman Coulter Inc","CLSI",2021,"","","","Laboratory Method","","[38052776]"
299766,"299766.317","Enterobacter hormaechei subsp. steigerwaltii JBCHACG-19-0311","cefoperazone/sulbactam","","<=8/4","<=","8/4","mg/L","MIC","","","Beckman Coulter Inc","CLSI",2021,"","","","Laboratory Method","","[38052776]"
299766,"299766.265","Enterobacter hormaechei subsp. steigerwaltii JBABADI-19-0083","piperacillin/tazobactam","",">64",">","64","mg/L","MIC","","","Beckman Coulter Inc","CLSI",2021,"","","","Laboratory Method","","[38052776]"
299766,"299766.291","Enterobacter hormaechei subsp. steigerwaltii JBBDAAF-19-0142","cefpodoxime","",">64",">","64","mg/L","MIC","","","Beckman Coulter Inc","CLSI",2021,"","","","Laboratory Method","","[38052776]"
299766,"299766.314","Enterobacter hormaechei subsp. steigerwaltii JBCDABA-19-0190","tobramycin","","8","","8","mg/L","MIC","","","Beckman Coulter Inc","CLSI",2021,"","","","Laboratory Method","","[38052776]"
299766,"299766.328","Enterobacter hormaechei subsp. steigerwaltii JBEAAEE-19-0001","cefepime","","16","","16","mg/L","MIC","","","Beckman Coulter Inc","CLSI",2021,"","","","Laboratory Method","","[38052776]"
299766,"299766.295","Enterobacter hormaechei subsp. steigerwaltii JBBDABE-19-0091","cefozopran","",">16",">","16","mg/L","MIC","","","Beckman Coulter Inc","CLSI",2021,"","","","Laboratory Method","","[38052776]"
299766,"299766.293","Enterobacter hormaechei subsp. steigerwaltii JBBDAAJ-19-0055","levofloxacin","","2","","2","mg/L","MIC","","","Beckman Coulter Inc","CLSI",2021,"","","","Laboratory Method","","[38052776]"
299766,"299766.277","Enterobacter hormaechei subsp. steigerwaltii JBBCAAG-19-0003","doripenem","","2","","2","mg/L","MIC","","","Beckman Coulter Inc","CLSI",2021,"","","","Laboratory Method","","[38052776]"
299766,"299766.311","Enterobacter hormaechei subsp. steigerwaltii JBBHAAB-19-0033","ceftazidime/clavulanic acid","",">32",">","32","mg/L","MIC","","","Beckman Coulter Inc","CLSI",2021,"","","","Laboratory Method","","[38052776]"
299766,"299766.272","Enterobacter hormaechei subsp. steigerwaltii JBBBAAB-19-0138","cefotaxime","",">128",">","128","mg/L","MIC","","","Beckman Coulter Inc","CLSI",2021,"","","","Laboratory Method","","[38052776]"
299766,"299766.271","Enterobacter hormaechei subsp. steigerwaltii JBAJAAJ-19-0001","imipenem","","2","","2","mg/L","MIC","","","Beckman Coulter Inc","CLSI",2021,"","","","Laboratory Method","","[38052776]"
299766,"299766.291","Enterobacter hormaechei subsp. steigerwaltii JBBDAAF-19-0142","aztreonam","","<=1","<=","1","mg/L","MIC","","","Beckman Coulter Inc","CLSI",2021,"","","","Laboratory Method","","[38052776]"
299766,"299766.280","Enterobacter hormaechei subsp. steigerwaltii JBBCADC-19-0142","cefotaxime/clavulanic acid","",">32",">","32","mg/L","MIC","","","Beckman Coulter Inc","CLSI",2021,"","","","Laboratory Method","","[38052776]"
299766,"299766.293","Enterobacter hormaechei subsp. steigerwaltii JBBDAAJ-19-0055","ceftazidime/clavulanic acid","",">32",">","32","mg/L","MIC","","","Beckman Coulter Inc","CLSI",2021,"","","","Laboratory Method","","[38052776]"
299766,"299766.322","Enterobacter hormaechei subsp. steigerwaltii JBDGAAB-19-0032","cefmetazole","",">32",">","32","mg/L","MIC","","","Beckman Coulter Inc","CLSI",2021,"","","","Laboratory Method","","[38052776]"
299766,"299766.318","Enterobacter hormaechei subsp. steigerwaltii JBCHACG-19-0419","tobramycin","","<=1","<=","1","mg/L","MIC","","","Beckman Coulter Inc","CLSI",2021,"","","","Laboratory Method","","[38052776]"
299766,"299766.278","Enterobacter hormaechei subsp. steigerwaltii JBBCAAG-19-0004","amikacin","","<=4","<=","4","mg/L","MIC","","","Beckman Coulter Inc","CLSI",2021,"","","","Laboratory Method","","[38052776]"
299766,"299766.336","Enterobacter hormaechei subsp. steigerwaltii JBEDACG-19-0108","ceftazidime","",">16",">","16","mg/L","MIC","","","Beckman Coulter Inc","CLSI",2021,"","","","Laboratory Method","","[38052776]"
299766,"299766.342","Enterobacter hormaechei subsp. steigerwaltii JBEAAAD-19-0047","tobramycin","","4","","4","mg/L","MIC","","","Beckman Coulter Inc","CLSI",2021,"","","","Laboratory Method","","[38052776]"
299766,"299766.273","Enterobacter hormaechei subsp. steigerwaltii JBBBAAB-19-0139","piperacillin/tazobactam","","<=4","<=","4","mg/L","MIC","","","Beckman Coulter Inc","CLSI",2021,"","","","Laboratory Method","","[38052776]"
299766,"299766.295","Enterobacter hormaechei subsp. steigerwaltii JBBDABE-19-0091","cefepime","",">16",">","16","mg/L","MIC","","","Beckman Coulter Inc","CLSI",2021,"","","","Laboratory Method","","[38052776]"
299766,"299766.318","Enterobacter hormaechei subsp. steigerwaltii JBCHACG-19-0419","ampicillin/sulbactam","",">32/16",">","32/16","mg/L","MIC","","","Beckman Coulter Inc","CLSI",2021,"","","","Laboratory Method","","[38052776]"
299766,"299766.268","Enterobacter hormaechei subsp. steigerwaltii JBAGABE-19-0098","cefotaxime","",">128",">","128","mg/L","MIC","","","Beckman Coulter Inc","CLSI",2021,"","","","Laboratory Method","","[38052776]"
299766,"299766.335","Enterobacter hormaechei subsp. steigerwaltii JBEBAAB-19-0102","piperacillin","","<=4","<=","4","mg/L","MIC","","","Beckman Coulter Inc","CLSI",2021,"","","","Laboratory Method","","[38052776]"
299766,"299766.315","Enterobacter hormaechei subsp. steigerwaltii JBCGAAG-19-0534","gentamicin","","<=1","<=","1","mg/L","MIC","","","Beckman Coulter Inc","CLSI",2021,"","","","Laboratory Method","","[38052776]"
299766,"299766.270","Enterobacter hormaechei subsp. steigerwaltii JBAJAAH-19-0047","ceftazidime","",">16",">","16","mg/L","MIC","","","Beckman Coulter Inc","CLSI",2021,"","","","Laboratory Method","","[38052776]"
299766,"299766.321","Enterobacter hormaechei subsp. steigerwaltii JBDDAAF-19-0084","ciprofloxacin","","<=0.25","<=","0.25","mg/L","MIC","","","Beckman Coulter Inc","CLSI",2021,"","","","Laboratory Method","","[38052776]"
299766,"299766.283","Enterobacter hormaechei subsp. steigerwaltii JBBDAAB-19-0170","piperacillin/tazobactam","","<=4","<=","4","mg/L","MIC","","","Beckman Coulter Inc","CLSI",2021,"","","","Laboratory Method","","[38052776]"
299766,"299766.298","Enterobacter hormaechei subsp. steigerwaltii JBBDAGF-19-0017","meropenem","","<=0.5","<=","0.5","mg/L","MIC","","","Beckman Coulter Inc","CLSI",2021,"","","","Laboratory Method","","[38052776]"
299766,"299766.299","Enterobacter hormaechei subsp. steigerwaltii JBBDAGF-19-0016","ampicillin/sulbactam","","16/8","","16/8","mg/L","MIC","","","Beckman Coulter Inc","CLSI",2021,"","","","Laboratory Method","","[38052776]"
299766,"299766.280","Enterobacter hormaechei subsp. steigerwaltii JBBCADC-19-0142","fosfomycin","",">16",">","16","mg/L","MIC","","","Beckman Coulter Inc","CLSI",2021,"","","","Laboratory Method","","[38052776]"
299766,"299766.272","Enterobacter hormaechei subsp. steigerwaltii JBBBAAB-19-0138","ampicillin/sulbactam","",">32/16",">","32/16","mg/L","MIC","","","Beckman Coulter Inc","CLSI",2021,"","","","Laboratory Method","","[38052776]"
299766,"299766.318","Enterobacter hormaechei subsp. steigerwaltii JBCHACG-19-0419","trimethoprim/sulfamethoxazole","",">2/38",">","2/38","mg/L","MIC","","","Beckman Coulter Inc","CLSI",2021,"","","","Laboratory Method","","[38052776]"
299766,"299766.279","Enterobacter hormaechei subsp. steigerwaltii JBBCADC-19-0002","ciprofloxacin","","<=0.25","<=","0.25","mg/L","MIC","","","Beckman Coulter Inc","CLSI",2021,"","","","Laboratory Method","","[38052776]"
299766,"299766.288","Enterobacter hormaechei subsp. steigerwaltii JBBDAAF-19-0049","cefozopran","",">16",">","16","mg/L","MIC","","","Beckman Coulter Inc","CLSI",2021,"","","","Laboratory Method","","[38052776]"
299766,"299766.312","Enterobacter hormaechei subsp. steigerwaltii JBCBAAJ-19-0100","aztreonam","",">16",">","16","mg/L","MIC","","","Beckman Coulter Inc","CLSI",2021,"","","","Laboratory Method","","[38052776]"
299766,"299766.273","Enterobacter hormaechei subsp. steigerwaltii JBBBAAB-19-0139","imipenem","","1","","1","mg/L","MIC","","","Beckman Coulter Inc","CLSI",2021,"","","","Laboratory Method","","[38052776]"
299766,"299766.335","Enterobacter hormaechei subsp. steigerwaltii JBEBAAB-19-0102","tigecycline","","1","","1","mg/L","MIC","","","Beckman Coulter Inc","CLSI",2021,"","","","Laboratory Method","","[38052776]"
299766,"299766.271","Enterobacter hormaechei subsp. steigerwaltii JBAJAAJ-19-0001","tigecycline","","<=0.25","<=","0.25","mg/L","MIC","","","Beckman Coulter Inc","CLSI",2021,"","","","Laboratory Method","","[38052776]"
299766,"299766.278","Enterobacter hormaechei subsp. steigerwaltii JBBCAAG-19-0004","ampicillin/sulbactam","",">32/16",">","32/16","mg/L","MIC","","","Beckman Coulter Inc","CLSI",2021,"","","","Laboratory Method","","[38052776]"
299766,"299766.318","Enterobacter hormaechei subsp. steigerwaltii JBCHACG-19-0419","tigecycline","","2","","2","mg/L","MIC","","","Beckman Coulter Inc","CLSI",2021,"","","","Laboratory Method","","[38052776]"
299766,"299766.270","Enterobacter hormaechei subsp. steigerwaltii JBAJAAH-19-0047","imipenem","","8","","8","mg/L","MIC","","","Beckman Coulter Inc","CLSI",2021,"","","","Laboratory Method","","[38052776]"
299766,"299766.301","Enterobacter hormaechei subsp. steigerwaltii JBBDAGF-19-0055","minocycline","",">8",">","8","mg/L","MIC","","","Beckman Coulter Inc","CLSI",2021,"","","","Laboratory Method","","[38052776]"
299766,"299766.311","Enterobacter hormaechei subsp. steigerwaltii JBBHAAB-19-0033","cefotaxime","",">128",">","128","mg/L","MIC","","","Beckman Coulter Inc","CLSI",2021,"","","","Laboratory Method","","[38052776]"
299766,"299766.344","Enterobacter hormaechei subsp. steigerwaltii JBDJAAE-19-0102","cefepime","",">16",">","16","mg/L","MIC","","","Beckman Coulter Inc","CLSI",2021,"","","","Laboratory Method","","[38052776]"
299766,"299766.332","Enterobacter hormaechei subsp. steigerwaltii JBEAAEE-19-0140","tobramycin","",">8",">","8","mg/L","MIC","","","Beckman Coulter Inc","CLSI",2021,"","","","Laboratory Method","","[38052776]"
299766,"299766.343","Enterobacter hormaechei subsp. steigerwaltii JBCDACH-19-0001","trimethoprim/sulfamethoxazole","","<=1/19","<=","1/19","mg/L","MIC","","","Beckman Coulter Inc","CLSI",2021,"","","","Laboratory Method","","[38052776]"
299766,"299766.308","Enterobacter hormaechei subsp. steigerwaltii JBBEABA-19-0025","cefotetan","",">32",">","32","mg/L","MIC","","","Beckman Coulter Inc","CLSI",2021,"","","","Laboratory Method","","[38052776]"
299766,"299766.316","Enterobacter hormaechei subsp. steigerwaltii JBCHAAE-19-0025","chloramphenicol","","<=8","<=","8","mg/L","MIC","","","Beckman Coulter Inc","CLSI",2021,"","","","Laboratory Method","","[38052776]"
299766,"299766.306","Enterobacter hormaechei subsp. steigerwaltii JBBEAAJ-19-0008","doripenem","","4","","4","mg/L","MIC","","","Beckman Coulter Inc","CLSI",2021,"","","","Laboratory Method","","[38052776]"
299766,"299766.337","Enterobacter hormaechei subsp. steigerwaltii JBEDACG-19-0107","tigecycline","","2","","2","mg/L","MIC","","","Beckman Coulter Inc","CLSI",2021,"","","","Laboratory Method","","[38052776]"
299766,"299766.341","Enterobacter hormaechei subsp. steigerwaltii JBEAACG-19-0092","trimethoprim/sulfamethoxazole","",">2/38",">","2/38","mg/L","MIC","","","Beckman Coulter Inc","CLSI",2021,"","","","Laboratory Method","","[38052776]"
299766,"299766.267","Enterobacter hormaechei subsp. steigerwaltii JBAFAAB-19-0055","cefmetazole","",">32",">","32","mg/L","MIC","","","Beckman Coulter Inc","CLSI",2021,"","","","Laboratory Method","","[38052776]"
299766,"299766.343","Enterobacter hormaechei subsp. steigerwaltii JBCDACH-19-0001","cefozopran","","<=1","<=","1","mg/L","MIC","","","Beckman Coulter Inc","CLSI",2021,"","","","Laboratory Method","","[38052776]"
299766,"299766.332","Enterobacter hormaechei subsp. steigerwaltii JBEAAEE-19-0140","fosfomycin","","16","","16","mg/L","MIC","","","Beckman Coulter Inc","CLSI",2021,"","","","Laboratory Method","","[38052776]"
299766,"299766.275","Enterobacter hormaechei subsp. steigerwaltii JBBCAAG-19-0001","imipenem","","2","","2","mg/L","MIC","","","Beckman Coulter Inc","CLSI",2021,"","","","Laboratory Method","","[38052776]"
299766,"299766.329","Enterobacter hormaechei subsp. steigerwaltii JBEAAEE-19-0043","tigecycline","","1","","1","mg/L","MIC","","","Beckman Coulter Inc","CLSI",2021,"","","","Laboratory Method","","[38052776]"
299766,"299766.313","Enterobacter hormaechei subsp. steigerwaltii JBCDAAB-19-0062","cefepime","","4","","4","mg/L","MIC","","","Beckman Coulter Inc","CLSI",2021,"","","","Laboratory Method","","[38052776]"
299766,"299766.295","Enterobacter hormaechei subsp. steigerwaltii JBBDABE-19-0091","cefuroxime","",">32",">","32","mg/L","MIC","","","Beckman Coulter Inc","CLSI",2021,"","","","Laboratory Method","","[38052776]"
299766,"299766.281","Enterobacter hormaechei subsp. steigerwaltii JBBCADC-19-0145","ampicillin/sulbactam","",">32/16",">","32/16","mg/L","MIC","","","Beckman Coulter Inc","CLSI",2021,"","","","Laboratory Method","","[38052776]"
299766,"299766.303","Enterobacter hormaechei subsp. steigerwaltii JBBDAJB-19-0014","cefepime","",">16",">","16","mg/L","MIC","","","Beckman Coulter Inc","CLSI",2021,"","","","Laboratory Method","","[38052776]"
299766,"299766.311","Enterobacter hormaechei subsp. steigerwaltii JBBHAAB-19-0033","tigecycline","","1","","1","mg/L","MIC","","","Beckman Coulter Inc","CLSI",2021,"","","","Laboratory Method","","[38052776]"
299766,"299766.338","Enterobacter hormaechei subsp. steigerwaltii JBEHAAB-19-0192","levofloxacin","","<=0.5","<=","0.5","mg/L","MIC","","","Beckman Coulter Inc","CLSI",2021,"","","","Laboratory Method","","[38052776]"
299766,"299766.274","Enterobacter hormaechei subsp. steigerwaltii JBBBAEF-19-0073","cefpodoxime","",">64",">","64","mg/L","MIC","","","Beckman Coulter Inc","CLSI",2021,"","","","Laboratory Method","","[38052776]"
299766,"299766.323","Enterobacter hormaechei subsp. steigerwaltii JBDGAAB-19-0063","ciprofloxacin","","<=0.25","<=","0.25","mg/L","MIC","","","Beckman Coulter Inc","CLSI",2021,"","","","Laboratory Method","","[38052776]"
299766,"299766.280","Enterobacter hormaechei subsp. steigerwaltii JBBCADC-19-0142","minocycline","",">8",">","8","mg/L","MIC","","","Beckman Coulter Inc","CLSI",2021,"","","","Laboratory Method","","[38052776]"
299766,"299766.334","Enterobacter hormaechei subsp. steigerwaltii JBEAAFA-19-0408","cefotetan","",">32",">","32","mg/L","MIC","","","Beckman Coulter Inc","CLSI",2021,"","","","Laboratory Method","","[38052776]"
299766,"299766.317","Enterobacter hormaechei subsp. steigerwaltii JBCHACG-19-0311","ceftriaxone","","32","","32","mg/L","MIC","","","Beckman Coulter Inc","CLSI",2021,"","","","Laboratory Method","","[38052776]"
299766,"299766.313","Enterobacter hormaechei subsp. steigerwaltii JBCDAAB-19-0062","amikacin","","<=4","<=","4","mg/L","MIC","","","Beckman Coulter Inc","CLSI",2021,"","","","Laboratory Method","","[38052776]"
299766,"299766.275","Enterobacter hormaechei subsp. steigerwaltii JBBCAAG-19-0001","piperacillin/tazobactam","","16","","16","mg/L","MIC","","","Beckman Coulter Inc","CLSI",2021,"","","","Laboratory Method","","[38052776]"
299766,"299766.339","Enterobacter hormaechei subsp. steigerwaltii JBAGABE-19-0120","cefozopran","",">16",">","16","mg/L","MIC","","","Beckman Coulter Inc","CLSI",2021,"","","","Laboratory Method","","[38052776]"
299766,"299766.318","Enterobacter hormaechei subsp. steigerwaltii JBCHACG-19-0419","ciprofloxacin","","<=0.25","<=","0.25","mg/L","MIC","","","Beckman Coulter Inc","CLSI",2021,"","","","Laboratory Method","","[38052776]"
299766,"299766.276","Enterobacter hormaechei subsp. steigerwaltii JBBCAAG-19-0002","piperacillin","",">64",">","64","mg/L","MIC","","","Beckman Coulter Inc","CLSI",2021,"","","","Laboratory Method","","[38052776]"
299766,"299766.343","Enterobacter hormaechei subsp. steigerwaltii JBCDACH-19-0001","cefmetazole","",">32",">","32","mg/L","MIC","","","Beckman Coulter Inc","CLSI",2021,"","","","Laboratory Method","","[38052776]"
299766,"299766.322","Enterobacter hormaechei subsp. steigerwaltii JBDGAAB-19-0032","doripenem","","<=0.5","<=","0.5","mg/L","MIC","","","Beckman Coulter Inc","CLSI",2021,"","","","Laboratory Method","","[38052776]"
299766,"299766.339","Enterobacter hormaechei subsp. steigerwaltii JBAGABE-19-0120","imipenem","","4","","4","mg/L","MIC","","","Beckman Coulter Inc","CLSI",2021,"","","","Laboratory Method","","[38052776]"
299766,"299766.300","Enterobacter hormaechei subsp. steigerwaltii JBBDAGF-19-0034","cefotetan","",">32",">","32","mg/L","MIC","","","Beckman Coulter Inc","CLSI",2021,"","","","Laboratory Method","","[38052776]"
299766,"299766.279","Enterobacter hormaechei subsp. steigerwaltii JBBCADC-19-0002","cefotetan","",">32",">","32","mg/L","MIC","","","Beckman Coulter Inc","CLSI",2021,"","","","Laboratory Method","","[38052776]"
299766,"299766.335","Enterobacter hormaechei subsp. steigerwaltii JBEBAAB-19-0102","cefotaxime","","128","","128","mg/L","MIC","","","Beckman Coulter Inc","CLSI",2021,"","","","Laboratory Method","","[38052776]"
299766,"299766.345","Enterobacter hormaechei subsp. steigerwaltii JBCBAAD-19-0112","cefoperazone/sulbactam","","<=8/4","<=","8/4","mg/L","MIC","","","Beckman Coulter Inc","CLSI",2021,"","","","Laboratory Method","","[38052776]"
299766,"299766.286","Enterobacter hormaechei subsp. steigerwaltii JBBDAAB-19-0067","colistin","","<=1","<=","1","mg/L","MIC","","","Beckman Coulter Inc","CLSI",2021,"","","","Laboratory Method","","[38052776]"
299766,"299766.285","Enterobacter hormaechei subsp. steigerwaltii JBBDAAB-19-0061","tobramycin","","8","","8","mg/L","MIC","","","Beckman Coulter Inc","CLSI",2021,"","","","Laboratory Method","","[38052776]"
299766,"299766.323","Enterobacter hormaechei subsp. steigerwaltii JBDGAAB-19-0063","levofloxacin","","<=0.5","<=","0.5","mg/L","MIC","","","Beckman Coulter Inc","CLSI",2021,"","","","Laboratory Method","","[38052776]"
299766,"299766.330","Enterobacter hormaechei subsp. steigerwaltii JBEAAEE-19-0050","gentamicin","","4","","4","mg/L","MIC","","","Beckman Coulter Inc","CLSI",2021,"","","","Laboratory Method","","[38052776]"
299766,"299766.320","Enterobacter hormaechei subsp. steigerwaltii JBCIAEJ-19-0013","cefpodoxime","",">64",">","64","mg/L","MIC","","","Beckman Coulter Inc","CLSI",2021,"","","","Laboratory Method","","[38052776]"
299766,"299766.298","Enterobacter hormaechei subsp. steigerwaltii JBBDAGF-19-0017","cefepime","","<=1","<=","1","mg/L","MIC","","","Beckman Coulter Inc","CLSI",2021,"","","","Laboratory Method","","[38052776]"
299766,"299766.270","Enterobacter hormaechei subsp. steigerwaltii JBAJAAH-19-0047","chloramphenicol","","<=8","<=","8","mg/L","MIC","","","Beckman Coulter Inc","CLSI",2021,"","","","Laboratory Method","","[38052776]"
299766,"299766.335","Enterobacter hormaechei subsp. steigerwaltii JBEBAAB-19-0102","colistin","","2","","2","mg/L","MIC","","","Beckman Coulter Inc","CLSI",2021,"","","","Laboratory Method","","[38052776]"
299766,"299766.331","Enterobacter hormaechei subsp. steigerwaltii JBEAAEE-19-0042","ampicillin/sulbactam","",">32/16",">","32/16","mg/L","MIC","","","Beckman Coulter Inc","CLSI",2021,"","","","Laboratory Method","","[38052776]"
299766,"299766.287","Enterobacter hormaechei subsp. steigerwaltii JBBDAAF-19-0018","doripenem","","2","","2","mg/L","MIC","","","Beckman Coulter Inc","CLSI",2021,"","","","Laboratory Method","","[38052776]"
299766,"299766.296","Enterobacter hormaechei subsp. steigerwaltii JBBDADH-19-0027","cefotaxime/clavulanic acid","",">32",">","32","mg/L","MIC","","","Beckman Coulter Inc","CLSI",2021,"","","","Laboratory Method","","[38052776]"
299766,"299766.289","Enterobacter hormaechei subsp. steigerwaltii JBBDAAF-19-0053","gentamicin","","<=1","<=","1","mg/L","MIC","","","Beckman Coulter Inc","CLSI",2021,"","","","Laboratory Method","","[38052776]"
299766,"299766.277","Enterobacter hormaechei subsp. steigerwaltii JBBCAAG-19-0003","cefotaxime/clavulanic acid","",">32",">","32","mg/L","MIC","","","Beckman Coulter Inc","CLSI",2021,"","","","Laboratory Method","","[38052776]"
299766,"299766.302","Enterobacter hormaechei subsp. steigerwaltii JBBDAJB-19-0020","gentamicin","","2","","2","mg/L","MIC","","","Beckman Coulter Inc","CLSI",2021,"","","","Laboratory Method","","[38052776]"
299766,"299766.267","Enterobacter hormaechei subsp. steigerwaltii JBAFAAB-19-0055","cefuroxime","",">32",">","32","mg/L","MIC","","","Beckman Coulter Inc","CLSI",2021,"","","","Laboratory Method","","[38052776]"
299766,"299766.307","Enterobacter hormaechei subsp. steigerwaltii JBBEAAJ-19-0005","aztreonam","","<=1","<=","1","mg/L","MIC","","","Beckman Coulter Inc","CLSI",2021,"","","","Laboratory Method","","[38052776]"
299766,"299766.317","Enterobacter hormaechei subsp. steigerwaltii JBCHACG-19-0311","cefmetazole","",">32",">","32","mg/L","MIC","","","Beckman Coulter Inc","CLSI",2021,"","","","Laboratory Method","","[38052776]"
299766,"299766.320","Enterobacter hormaechei subsp. steigerwaltii JBCIAEJ-19-0013","cefotetan","",">32",">","32","mg/L","MIC","","","Beckman Coulter Inc","CLSI",2021,"","","","Laboratory Method","","[38052776]"
299766,"299766.347","Enterobacter hormaechei subsp. steigerwaltii JBDJAAE-19-0094","ceftazidime","","16","","16","mg/L","MIC","","","Beckman Coulter Inc","CLSI",2021,"","","","Laboratory Method","","[38052776]"
299766,"299766.273","Enterobacter hormaechei subsp. steigerwaltii JBBBAAB-19-0139","ceftazidime/clavulanic acid","",">32",">","32","mg/L","MIC","","","Beckman Coulter Inc","CLSI",2021,"","","","Laboratory Method","","[38052776]"
299766,"299766.293","Enterobacter hormaechei subsp. steigerwaltii JBBDAAJ-19-0055","imipenem","","4","","4","mg/L","MIC","","","Beckman Coulter Inc","CLSI",2021,"","","","Laboratory Method","","[38052776]"
299766,"299766.316","Enterobacter hormaechei subsp. steigerwaltii JBCHAAE-19-0025","piperacillin","","<=4","<=","4","mg/L","MIC","","","Beckman Coulter Inc","CLSI",2021,"","","","Laboratory Method","","[38052776]"
299766,"299766.278","Enterobacter hormaechei subsp. steigerwaltii JBBCAAG-19-0004","levofloxacin","","<=0.5","<=","0.5","mg/L","MIC","","","Beckman Coulter Inc","CLSI",2021,"","","","Laboratory Method","","[38052776]"
299766,"299766.323","Enterobacter hormaechei subsp. steigerwaltii JBDGAAB-19-0063","cefpodoxime","","8","","8","mg/L","MIC","","","Beckman Coulter Inc","CLSI",2021,"","","","Laboratory Method","","[38052776]"
299766,"299766.325","Enterobacter hormaechei subsp. steigerwaltii JBDGAAB-19-0117","fosfomycin","","16","","16","mg/L","MIC","","","Beckman Coulter Inc","CLSI",2021,"","","","Laboratory Method","","[38052776]"
299766,"299766.313","Enterobacter hormaechei subsp. steigerwaltii JBCDAAB-19-0062","ceftriaxone","",">64",">","64","mg/L","MIC","","","Beckman Coulter Inc","CLSI",2021,"","","","Laboratory Method","","[38052776]"
299766,"299766.294","Enterobacter hormaechei subsp. steigerwaltii JBBDABA-19-0004","gentamicin","","2","","2","mg/L","MIC","","","Beckman Coulter Inc","CLSI",2021,"","","","Laboratory Method","","[38052776]"
299766,"299766.342","Enterobacter hormaechei subsp. steigerwaltii JBEAAAD-19-0047","cefotaxime/clavulanic acid","",">32",">","32","mg/L","MIC","","","Beckman Coulter Inc","CLSI",2021,"","","","Laboratory Method","","[38052776]"
299766,"299766.283","Enterobacter hormaechei subsp. steigerwaltii JBBDAAB-19-0170","ceftazidime/clavulanic acid","",">32",">","32","mg/L","MIC","","","Beckman Coulter Inc","CLSI",2021,"","","","Laboratory Method","","[38052776]"
299766,"299766.347","Enterobacter hormaechei subsp. steigerwaltii JBDJAAE-19-0094","ceftriaxone","",">64",">","64","mg/L","MIC","","","Beckman Coulter Inc","CLSI",2021,"","","","Laboratory Method","","[38052776]"
299766,"299766.331","Enterobacter hormaechei subsp. steigerwaltii JBEAAEE-19-0042","tobramycin","","4","","4","mg/L","MIC","","","Beckman Coulter Inc","CLSI",2021,"","","","Laboratory Method","","[38052776]"
299766,"299766.333","Enterobacter hormaechei subsp. steigerwaltii JBEAAEE-19-0141","cefotaxime/clavulanic acid","","32","","32","mg/L","MIC","","","Beckman Coulter Inc","CLSI",2021,"","","","Laboratory Method","","[38052776]"
299766,"299766.337","Enterobacter hormaechei subsp. steigerwaltii JBEDACG-19-0107","minocycline","","8","","8","mg/L","MIC","","","Beckman Coulter Inc","CLSI",2021,"","","","Laboratory Method","","[38052776]"
299766,"299766.334","Enterobacter hormaechei subsp. steigerwaltii JBEAAFA-19-0408","ceftriaxone","",">64",">","64","mg/L","MIC","","","Beckman Coulter Inc","CLSI",2021,"","","","Laboratory Method","","[38052776]"
299766,"299766.305","Enterobacter hormaechei subsp. steigerwaltii JBBDAJB-19-0023","cefepime","",">16",">","16","mg/L","MIC","","","Beckman Coulter Inc","CLSI",2021,"","","","Laboratory Method","","[38052776]"
299766,"299766.292","Enterobacter hormaechei subsp. steigerwaltii JBBDAAJ-19-0051","meropenem","","8","","8","mg/L","MIC","","","Beckman Coulter Inc","CLSI",2021,"","","","Laboratory Method","","[38052776]"
299766,"299766.285","Enterobacter hormaechei subsp. steigerwaltii JBBDAAB-19-0061","cefozopran","",">16",">","16","mg/L","MIC","","","Beckman Coulter Inc","CLSI",2021,"","","","Laboratory Method","","[38052776]"
299766,"299766.310","Enterobacter hormaechei subsp. steigerwaltii JBBGAAF-19-0022","cefotetan","",">32",">","32","mg/L","MIC","","","Beckman Coulter Inc","CLSI",2021,"","","","Laboratory Method","","[38052776]"
299766,"299766.316","Enterobacter hormaechei subsp. steigerwaltii JBCHAAE-19-0025","tobramycin","","<=1","<=","1","mg/L","MIC","","","Beckman Coulter Inc","CLSI",2021,"","","","Laboratory Method","","[38052776]"
299766,"299766.270","Enterobacter hormaechei subsp. steigerwaltii JBAJAAH-19-0047","ceftazidime/clavulanic acid","",">32",">","32","mg/L","MIC","","","Beckman Coulter Inc","CLSI",2021,"","","","Laboratory Method","","[38052776]"
299766,"299766.293","Enterobacter hormaechei subsp. steigerwaltii JBBDAAJ-19-0055","cefoperazone/sulbactam","",">32/16",">","32/16","mg/L","MIC","","","Beckman Coulter Inc","CLSI",2021,"","","","Laboratory Method","","[38052776]"
299766,"299766.267","Enterobacter hormaechei subsp. steigerwaltii JBAFAAB-19-0055","amikacin","","<=4","<=","4","mg/L","MIC","","","Beckman Coulter Inc","CLSI",2021,"","","","Laboratory Method","","[38052776]"
299766,"299766.316","Enterobacter hormaechei subsp. steigerwaltii JBCHAAE-19-0025","cefotaxime","",">128",">","128","mg/L","MIC","","","Beckman Coulter Inc","CLSI",2021,"","","","Laboratory Method","","[38052776]"
299766,"299766.315","Enterobacter hormaechei subsp. steigerwaltii JBCGAAG-19-0534","ceftazidime","",">16",">","16","mg/L","MIC","","","Beckman Coulter Inc","CLSI",2021,"","","","Laboratory Method","","[38052776]"
299766,"299766.281","Enterobacter hormaechei subsp. steigerwaltii JBBCADC-19-0145","fosfomycin","","16","","16","mg/L","MIC","","","Beckman Coulter Inc","CLSI",2021,"","","","Laboratory Method","","[38052776]"
299766,"299766.327","Enterobacter hormaechei subsp. steigerwaltii JBEAACH-19-0275","aztreonam","",">16",">","16","mg/L","MIC","","","Beckman Coulter Inc","CLSI",2021,"","","","Laboratory Method","","[38052776]"
299766,"299766.298","Enterobacter hormaechei subsp. steigerwaltii JBBDAGF-19-0017","ceftazidime/clavulanic acid","","1","","1","mg/L","MIC","","","Beckman Coulter Inc","CLSI",2021,"","","","Laboratory Method","","[38052776]"
299766,"299766.275","Enterobacter hormaechei subsp. steigerwaltii JBBCAAG-19-0001","chloramphenicol","","<=8","<=","8","mg/L","MIC","","","Beckman Coulter Inc","CLSI",2021,"","","","Laboratory Method","","[38052776]"
299766,"299766.276","Enterobacter hormaechei subsp. steigerwaltii JBBCAAG-19-0002","fosfomycin","",">16",">","16","mg/L","MIC","","","Beckman Coulter Inc","CLSI",2021,"","","","Laboratory Method","","[38052776]"
299766,"299766.327","Enterobacter hormaechei subsp. steigerwaltii JBEAACH-19-0275","cefepime","",">16",">","16","mg/L","MIC","","","Beckman Coulter Inc","CLSI",2021,"","","","Laboratory Method","","[38052776]"
299766,"299766.275","Enterobacter hormaechei subsp. steigerwaltii JBBCAAG-19-0001","cefotaxime","","64","","64","mg/L","MIC","","","Beckman Coulter Inc","CLSI",2021,"","","","Laboratory Method","","[38052776]"
299766,"299766.335","Enterobacter hormaechei subsp. steigerwaltii JBEBAAB-19-0102","ampicillin/sulbactam","","32/16","","32/16","mg/L","MIC","","","Beckman Coulter Inc","CLSI",2021,"","","","Laboratory Method","","[38052776]"
299766,"299766.339","Enterobacter hormaechei subsp. steigerwaltii JBAGABE-19-0120","aztreonam","","<=1","<=","1","mg/L","MIC","","","Beckman Coulter Inc","CLSI",2021,"","","","Laboratory Method","","[38052776]"
299766,"299766.334","Enterobacter hormaechei subsp. steigerwaltii JBEAAFA-19-0408","ciprofloxacin","","<=0.25","<=","0.25","mg/L","MIC","","","Beckman Coulter Inc","CLSI",2021,"","","","Laboratory Method","","[38052776]"
299766,"299766.285","Enterobacter hormaechei subsp. steigerwaltii JBBDAAB-19-0061","imipenem","","4","","4","mg/L","MIC","","","Beckman Coulter Inc","CLSI",2021,"","","","Laboratory Method","","[38052776]"
299766,"299766.306","Enterobacter hormaechei subsp. steigerwaltii JBBEAAJ-19-0008","levofloxacin","","<=0.5","<=","0.5","mg/L","MIC","","","Beckman Coulter Inc","CLSI",2021,"","","","Laboratory Method","","[38052776]"
299766,"299766.296","Enterobacter hormaechei subsp. steigerwaltii JBBDADH-19-0027","minocycline","",">8",">","8","mg/L","MIC","","","Beckman Coulter Inc","CLSI",2021,"","","","Laboratory Method","","[38052776]"
299766,"299766.272","Enterobacter hormaechei subsp. steigerwaltii JBBBAAB-19-0138","cefmetazole","",">32",">","32","mg/L","MIC","","","Beckman Coulter Inc","CLSI",2021,"","","","Laboratory Method","","[38052776]"
299766,"299766.341","Enterobacter hormaechei subsp. steigerwaltii JBEAACG-19-0092","chloramphenicol","","<=8","<=","8","mg/L","MIC","","","Beckman Coulter Inc","CLSI",2021,"","","","Laboratory Method","","[38052776]"
299766,"299766.308","Enterobacter hormaechei subsp. steigerwaltii JBBEABA-19-0025","levofloxacin","",">8",">","8","mg/L","MIC","","","Beckman Coulter Inc","CLSI",2021,"","","","Laboratory Method","","[38052776]"
299766,"299766.269","Enterobacter hormaechei subsp. steigerwaltii JBAIAAD-19-0115","cefuroxime","",">32",">","32","mg/L","MIC","","","Beckman Coulter Inc","CLSI",2021,"","","","Laboratory Method","","[38052776]"
299766,"299766.271","Enterobacter hormaechei subsp. steigerwaltii JBAJAAJ-19-0001","cefepime","","16","","16","mg/L","MIC","","","Beckman Coulter Inc","CLSI",2021,"","","","Laboratory Method","","[38052776]"
299766,"299766.278","Enterobacter hormaechei subsp. steigerwaltii JBBCAAG-19-0004","meropenem","","4","","4","mg/L","MIC","","","Beckman Coulter Inc","CLSI",2021,"","","","Laboratory Method","","[38052776]"
299766,"299766.297","Enterobacter hormaechei subsp. steigerwaltii JBBDAFG-19-0124","doripenem","","1","","1","mg/L","MIC","","","Beckman Coulter Inc","CLSI",2021,"","","","Laboratory Method","","[38052776]"
299766,"299766.329","Enterobacter hormaechei subsp. steigerwaltii JBEAAEE-19-0043","ciprofloxacin","","1","","1","mg/L","MIC","","","Beckman Coulter Inc","CLSI",2021,"","","","Laboratory Method","","[38052776]"
299766,"299766.291","Enterobacter hormaechei subsp. steigerwaltii JBBDAAF-19-0142","cefmetazole","",">32",">","32","mg/L","MIC","","","Beckman Coulter Inc","CLSI",2021,"","","","Laboratory Method","","[38052776]"
299766,"299766.267","Enterobacter hormaechei subsp. steigerwaltii JBAFAAB-19-0055","levofloxacin","","<=0.5","<=","0.5","mg/L","MIC","","","Beckman Coulter Inc","CLSI",2021,"","","","Laboratory Method","","[38052776]"
299766,"299766.277","Enterobacter hormaechei subsp. steigerwaltii JBBCAAG-19-0003","ceftazidime","",">16",">","16","mg/L","MIC","","","Beckman Coulter Inc","CLSI",2021,"","","","Laboratory Method","","[38052776]"
299766,"299766.346","Enterobacter hormaechei subsp. steigerwaltii JBCBAAD-19-0109","fosfomycin","",">16",">","16","mg/L","MIC","","","Beckman Coulter Inc","CLSI",2021,"","","","Laboratory Method","","[38052776]"
299766,"299766.334","Enterobacter hormaechei subsp. steigerwaltii JBEAAFA-19-0408","doripenem","","<=0.5","<=","0.5","mg/L","MIC","","","Beckman Coulter Inc","CLSI",2021,"","","","Laboratory Method","","[38052776]"
299766,"299766.327","Enterobacter hormaechei subsp. steigerwaltii JBEAACH-19-0275","piperacillin/tazobactam","",">64",">","64","mg/L","MIC","","","Beckman Coulter Inc","CLSI",2021,"","","","Laboratory Method","","[38052776]"
299766,"299766.265","Enterobacter hormaechei subsp. steigerwaltii JBABADI-19-0083","tigecycline","","1","","1","mg/L","MIC","","","Beckman Coulter Inc","CLSI",2021,"","","","Laboratory Method","","[38052776]"
299766,"299766.304","Enterobacter hormaechei subsp. steigerwaltii JBBDAJB-19-0015","minocycline","","<=1","<=","1","mg/L","MIC","","","Beckman Coulter Inc","CLSI",2021,"","","","Laboratory Method","","[38052776]"
299766,"299766.330","Enterobacter hormaechei subsp. steigerwaltii JBEAAEE-19-0050","cefotaxime","",">128",">","128","mg/L","MIC","","","Beckman Coulter Inc","CLSI",2021,"","","","Laboratory Method","","[38052776]"
299766,"299766.297","Enterobacter hormaechei subsp. steigerwaltii JBBDAFG-19-0124","colistin","","<=1","<=","1","mg/L","MIC","","","Beckman Coulter Inc","CLSI",2021,"","","","Laboratory Method","","[38052776]"
299766,"299766.268","Enterobacter hormaechei subsp. steigerwaltii JBAGABE-19-0098","cefozopran","",">16",">","16","mg/L","MIC","","","Beckman Coulter Inc","CLSI",2021,"","","","Laboratory Method","","[38052776]"
299766,"299766.347","Enterobacter hormaechei subsp. steigerwaltii JBDJAAE-19-0094","trimethoprim/sulfamethoxazole","","<=1/19","<=","1/19","mg/L","MIC","","","Beckman Coulter Inc","CLSI",2021,"","","","Laboratory Method","","[38052776]"
299766,"299766.321","Enterobacter hormaechei subsp. steigerwaltii JBDDAAF-19-0084","amikacin","","<=4","<=","4","mg/L","MIC","","","Beckman Coulter Inc","CLSI",2021,"","","","Laboratory Method","","[38052776]"
299766,"299766.303","Enterobacter hormaechei subsp. steigerwaltii JBBDAJB-19-0014","tobramycin","",">8",">","8","mg/L","MIC","","","Beckman Coulter Inc","CLSI",2021,"","","","Laboratory Method","","[38052776]"
299766,"299766.268","Enterobacter hormaechei subsp. steigerwaltii JBAGABE-19-0098","cefepime","",">16",">","16","mg/L","MIC","","","Beckman Coulter Inc","CLSI",2021,"","","","Laboratory Method","","[38052776]"
299766,"299766.266","Enterobacter hormaechei subsp. steigerwaltii JBABADI-19-0091","levofloxacin","","<=0.5","<=","0.5","mg/L","MIC","","","Beckman Coulter Inc","CLSI",2021,"","","","Laboratory Method","","[38052776]"
299766,"299766.269","Enterobacter hormaechei subsp. steigerwaltii JBAIAAD-19-0115","ampicillin/sulbactam","",">32/16",">","32/16","mg/L","MIC","","","Beckman Coulter Inc","CLSI",2021,"","","","Laboratory Method","","[38052776]"
299766,"299766.304","Enterobacter hormaechei subsp. steigerwaltii JBBDAJB-19-0015","ceftazidime","",">16",">","16","mg/L","MIC","","","Beckman Coulter Inc","CLSI",2021,"","","","Laboratory Method","","[38052776]"
299766,"299766.288","Enterobacter hormaechei subsp. steigerwaltii JBBDAAF-19-0049","tobramycin","",">8",">","8","mg/L","MIC","","","Beckman Coulter Inc","CLSI",2021,"","","","Laboratory Method","","[38052776]"
299766,"299766.298","Enterobacter hormaechei subsp. steigerwaltii JBBDAGF-19-0017","trimethoprim/sulfamethoxazole","","<=1/19","<=","1/19","mg/L","MIC","","","Beckman Coulter Inc","CLSI",2021,"","","","Laboratory Method","","[38052776]"
299766,"299766.275","Enterobacter hormaechei subsp. steigerwaltii JBBCAAG-19-0001","ceftriaxone","","64","","64","mg/L","MIC","","","Beckman Coulter Inc","CLSI",2021,"","","","Laboratory Method","","[38052776]"
299766,"299766.269","Enterobacter hormaechei subsp. steigerwaltii JBAIAAD-19-0115","cefotaxime/clavulanic acid","",">32",">","32","mg/L","MIC","","","Beckman Coulter Inc","CLSI",2021,"","","","Laboratory Method","","[38052776]"
299766,"299766.290","Enterobacter hormaechei subsp. steigerwaltii JBBDAAF-19-0070","piperacillin","",">64",">","64","mg/L","MIC","","","Beckman Coulter Inc","CLSI",2021,"","","","Laboratory Method","","[38052776]"
299766,"299766.296","Enterobacter hormaechei subsp. steigerwaltii JBBDADH-19-0027","trimethoprim/sulfamethoxazole","","<=1/19","<=","1/19","mg/L","MIC","","","Beckman Coulter Inc","CLSI",2021,"","","","Laboratory Method","","[38052776]"
299766,"299766.348","Enterobacter hormaechei subsp. steigerwaltii JBBBAAB-19-0014","ceftazidime","",">16",">","16","mg/L","MIC","","","Beckman Coulter Inc","CLSI",2021,"","","","Laboratory Method","","[38052776]"
299766,"299766.332","Enterobacter hormaechei subsp. steigerwaltii JBEAAEE-19-0140","ceftazidime/clavulanic acid","",">32",">","32","mg/L","MIC","","","Beckman Coulter Inc","CLSI",2021,"","","","Laboratory Method","","[38052776]"
299766,"299766.284","Enterobacter hormaechei subsp. steigerwaltii JBBDAAB-19-0177","levofloxacin","","<=0.5","<=","0.5","mg/L","MIC","","","Beckman Coulter Inc","CLSI",2021,"","","","Laboratory Method","","[38052776]"
299766,"299766.279","Enterobacter hormaechei subsp. steigerwaltii JBBCADC-19-0002","cefepime","","16","","16","mg/L","MIC","","","Beckman Coulter Inc","CLSI",2021,"","","","Laboratory Method","","[38052776]"
299766,"299766.324","Enterobacter hormaechei subsp. steigerwaltii JBDGAAB-19-0118","ampicillin/sulbactam","","8/4","","8/4","mg/L","MIC","","","Beckman Coulter Inc","CLSI",2021,"","","","Laboratory Method","","[38052776]"
299766,"299766.311","Enterobacter hormaechei subsp. steigerwaltii JBBHAAB-19-0033","fosfomycin","",">16",">","16","mg/L","MIC","","","Beckman Coulter Inc","CLSI",2021,"","","","Laboratory Method","","[38052776]"
299766,"299766.333","Enterobacter hormaechei subsp. steigerwaltii JBEAAEE-19-0141","meropenem","","2","","2","mg/L","MIC","","","Beckman Coulter Inc","CLSI",2021,"","","","Laboratory Method","","[38052776]"
299766,"299766.295","Enterobacter hormaechei subsp. steigerwaltii JBBDABE-19-0091","cefotetan","",">32",">","32","mg/L","MIC","","","Beckman Coulter Inc","CLSI",2021,"","","","Laboratory Method","","[38052776]"
299766,"299766.334","Enterobacter hormaechei subsp. steigerwaltii JBEAAFA-19-0408","cefepime","","8","","8","mg/L","MIC","","","Beckman Coulter Inc","CLSI",2021,"","","","Laboratory Method","","[38052776]"
299766,"299766.335","Enterobacter hormaechei subsp. steigerwaltii JBEBAAB-19-0102","amikacin","","<=4","<=","4","mg/L","MIC","","","Beckman Coulter Inc","CLSI",2021,"","","","Laboratory Method","","[38052776]"
299766,"299766.346","Enterobacter hormaechei subsp. steigerwaltii JBCBAAD-19-0109","cefozopran","","<=1","<=","1","mg/L","MIC","","","Beckman Coulter Inc","CLSI",2021,"","","","Laboratory Method","","[38052776]"
299766,"299766.279","Enterobacter hormaechei subsp. steigerwaltii JBBCADC-19-0002","cefozopran","",">16",">","16","mg/L","MIC","","","Beckman Coulter Inc","CLSI",2021,"","","","Laboratory Method","","[38052776]"
299766,"299766.299","Enterobacter hormaechei subsp. steigerwaltii JBBDAGF-19-0016","cefmetazole","","32","","32","mg/L","MIC","","","Beckman Coulter Inc","CLSI",2021,"","","","Laboratory Method","","[38052776]"
299766,"299766.282","Enterobacter hormaechei subsp. steigerwaltii JBBCAEG-19-0003","cefozopran","",">16",">","16","mg/L","MIC","","","Beckman Coulter Inc","CLSI",2021,"","","","Laboratory Method","","[38052776]"
299766,"299766.271","Enterobacter hormaechei subsp. steigerwaltii JBAJAAJ-19-0001","minocycline","","8","","8","mg/L","MIC","","","Beckman Coulter Inc","CLSI",2021,"","","","Laboratory Method","","[38052776]"
299766,"299766.344","Enterobacter hormaechei subsp. steigerwaltii JBDJAAE-19-0102","cefuroxime","",">32",">","32","mg/L","MIC","","","Beckman Coulter Inc","CLSI",2021,"","","","Laboratory Method","","[38052776]"
299766,"299766.344","Enterobacter hormaechei subsp. steigerwaltii JBDJAAE-19-0102","trimethoprim/sulfamethoxazole","","<=1/19","<=","1/19","mg/L","MIC","","","Beckman Coulter Inc","CLSI",2021,"","","","Laboratory Method","","[38052776]"
299766,"299766.335","Enterobacter hormaechei subsp. steigerwaltii JBEBAAB-19-0102","cefotetan","",">32",">","32","mg/L","MIC","","","Beckman Coulter Inc","CLSI",2021,"","","","Laboratory Method","","[38052776]"
299766,"299766.288","Enterobacter hormaechei subsp. steigerwaltii JBBDAAF-19-0049","cefuroxime","",">32",">","32","mg/L","MIC","","","Beckman Coulter Inc","CLSI",2021,"","","","Laboratory Method","","[38052776]"
299766,"299766.342","Enterobacter hormaechei subsp. steigerwaltii JBEAAAD-19-0047","gentamicin","","2","","2","mg/L","MIC","","","Beckman Coulter Inc","CLSI",2021,"","","","Laboratory Method","","[38052776]"
299766,"299766.300","Enterobacter hormaechei subsp. steigerwaltii JBBDAGF-19-0034","ceftazidime","",">16",">","16","mg/L","MIC","","","Beckman Coulter Inc","CLSI",2021,"","","","Laboratory Method","","[38052776]"
299766,"299766.338","Enterobacter hormaechei subsp. steigerwaltii JBEHAAB-19-0192","cefotetan","",">32",">","32","mg/L","MIC","","","Beckman Coulter Inc","CLSI",2021,"","","","Laboratory Method","","[38052776]"
299766,"299766.269","Enterobacter hormaechei subsp. steigerwaltii JBAIAAD-19-0115","cefmetazole","",">32",">","32","mg/L","MIC","","","Beckman Coulter Inc","CLSI",2021,"","","","Laboratory Method","","[38052776]"
299766,"299766.316","Enterobacter hormaechei subsp. steigerwaltii JBCHAAE-19-0025","cefozopran","",">16",">","16","mg/L","MIC","","","Beckman Coulter Inc","CLSI",2021,"","","","Laboratory Method","","[38052776]"
299766,"299766.297","Enterobacter hormaechei subsp. steigerwaltii JBBDAFG-19-0124","ceftazidime/clavulanic acid","",">32",">","32","mg/L","MIC","","","Beckman Coulter Inc","CLSI",2021,"","","","Laboratory Method","","[38052776]"
299766,"299766.281","Enterobacter hormaechei subsp. steigerwaltii JBBCADC-19-0145","cefotaxime/clavulanic acid","",">32",">","32","mg/L","MIC","","","Beckman Coulter Inc","CLSI",2021,"","","","Laboratory Method","","[38052776]"
299766,"299766.296","Enterobacter hormaechei subsp. steigerwaltii JBBDADH-19-0027","cefuroxime","",">32",">","32","mg/L","MIC","","","Beckman Coulter Inc","CLSI",2021,"","","","Laboratory Method","","[38052776]"
299766,"299766.315","Enterobacter hormaechei subsp. steigerwaltii JBCGAAG-19-0534","tobramycin","","<=1","<=","1","mg/L","MIC","","","Beckman Coulter Inc","CLSI",2021,"","","","Laboratory Method","","[38052776]"
299766,"299766.327","Enterobacter hormaechei subsp. steigerwaltii JBEAACH-19-0275","cefotaxime/clavulanic acid","",">32",">","32","mg/L","MIC","","","Beckman Coulter Inc","CLSI",2021,"","","","Laboratory Method","","[38052776]"
299766,"299766.323","Enterobacter hormaechei subsp. steigerwaltii JBDGAAB-19-0063","amikacin","","<=4","<=","4","mg/L","MIC","","","Beckman Coulter Inc","CLSI",2021,"","","","Laboratory Method","","[38052776]"
299766,"299766.280","Enterobacter hormaechei subsp. steigerwaltii JBBCADC-19-0142","ceftazidime","",">16",">","16","mg/L","MIC","","","Beckman Coulter Inc","CLSI",2021,"","","","Laboratory Method","","[38052776]"
299766,"299766.292","Enterobacter hormaechei subsp. steigerwaltii JBBDAAJ-19-0051","cefotaxime/clavulanic acid","",">32",">","32","mg/L","MIC","","","Beckman Coulter Inc","CLSI",2021,"","","","Laboratory Method","","[38052776]"
299766,"299766.337","Enterobacter hormaechei subsp. steigerwaltii JBEDACG-19-0107","imipenem","","1","","1","mg/L","MIC","","","Beckman Coulter Inc","CLSI",2021,"","","","Laboratory Method","","[38052776]"
299766,"299766.314","Enterobacter hormaechei subsp. steigerwaltii JBCDABA-19-0190","colistin","","<=1","<=","1","mg/L","MIC","","","Beckman Coulter Inc","CLSI",2021,"","","","Laboratory Method","","[38052776]"
299766,"299766.271","Enterobacter hormaechei subsp. steigerwaltii JBAJAAJ-19-0001","cefmetazole","",">32",">","32","mg/L","MIC","","","Beckman Coulter Inc","CLSI",2021,"","","","Laboratory Method","","[38052776]"
299766,"299766.328","Enterobacter hormaechei subsp. steigerwaltii JBEAAEE-19-0001","trimethoprim/sulfamethoxazole","",">2/38",">","2/38","mg/L","MIC","","","Beckman Coulter Inc","CLSI",2021,"","","","Laboratory Method","","[38052776]"
299766,"299766.349","Enterobacter hormaechei subsp. steigerwaltii JBEAACG-19-0097","piperacillin","",">64",">","64","mg/L","MIC","","","Beckman Coulter Inc","CLSI",2021,"","","","Laboratory Method","","[38052776]"
299766,"299766.348","Enterobacter hormaechei subsp. steigerwaltii JBBBAAB-19-0014","aztreonam","",">16",">","16","mg/L","MIC","","","Beckman Coulter Inc","CLSI",2021,"","","","Laboratory Method","","[38052776]"
299766,"299766.319","Enterobacter hormaechei subsp. steigerwaltii JBCHAFC-19-0064","colistin","","<=1","<=","1","mg/L","MIC","","","Beckman Coulter Inc","CLSI",2021,"","","","Laboratory Method","","[38052776]"
299766,"299766.323","Enterobacter hormaechei subsp. steigerwaltii JBDGAAB-19-0063","cefotaxime/clavulanic acid","","1","","1","mg/L","MIC","","","Beckman Coulter Inc","CLSI",2021,"","","","Laboratory Method","","[38052776]"
299766,"299766.294","Enterobacter hormaechei subsp. steigerwaltii JBBDABA-19-0004","piperacillin/tazobactam","","8","","8","mg/L","MIC","","","Beckman Coulter Inc","CLSI",2021,"","","","Laboratory Method","","[38052776]"
299766,"299766.336","Enterobacter hormaechei subsp. steigerwaltii JBEDACG-19-0108","cefepime","","16","","16","mg/L","MIC","","","Beckman Coulter Inc","CLSI",2021,"","","","Laboratory Method","","[38052776]"
299766,"299766.344","Enterobacter hormaechei subsp. steigerwaltii JBDJAAE-19-0102","gentamicin","","4","","4","mg/L","MIC","","","Beckman Coulter Inc","CLSI",2021,"","","","Laboratory Method","","[38052776]"
299766,"299766.306","Enterobacter hormaechei subsp. steigerwaltii JBBEAAJ-19-0008","aztreonam","","<=1","<=","1","mg/L","MIC","","","Beckman Coulter Inc","CLSI",2021,"","","","Laboratory Method","","[38052776]"
299766,"299766.283","Enterobacter hormaechei subsp. steigerwaltii JBBDAAB-19-0170","amikacin","","<=4","<=","4","mg/L","MIC","","","Beckman Coulter Inc","CLSI",2021,"","","","Laboratory Method","","[38052776]"
299766,"299766.298","Enterobacter hormaechei subsp. steigerwaltii JBBDAGF-19-0017","cefotetan","","4","","4","mg/L","MIC","","","Beckman Coulter Inc","CLSI",2021,"","","","Laboratory Method","","[38052776]"
299766,"299766.315","Enterobacter hormaechei subsp. steigerwaltii JBCGAAG-19-0534","ceftriaxone","","64","","64","mg/L","MIC","","","Beckman Coulter Inc","CLSI",2021,"","","","Laboratory Method","","[38052776]"
299766,"299766.286","Enterobacter hormaechei subsp. steigerwaltii JBBDAAB-19-0067","fosfomycin","","<=4","<=","4","mg/L","MIC","","","Beckman Coulter Inc","CLSI",2021,"","","","Laboratory Method","","[38052776]"
299766,"299766.283","Enterobacter hormaechei subsp. steigerwaltii JBBDAAB-19-0170","cefotetan","",">32",">","32","mg/L","MIC","","","Beckman Coulter Inc","CLSI",2021,"","","","Laboratory Method","","[38052776]"
299766,"299766.289","Enterobacter hormaechei subsp. steigerwaltii JBBDAAF-19-0053","trimethoprim/sulfamethoxazole","","<=1/19","<=","1/19","mg/L","MIC","","","Beckman Coulter Inc","CLSI",2021,"","","","Laboratory Method","","[38052776]"
299766,"299766.305","Enterobacter hormaechei subsp. steigerwaltii JBBDAJB-19-0023","tobramycin","","8","","8","mg/L","MIC","","","Beckman Coulter Inc","CLSI",2021,"","","","Laboratory Method","","[38052776]"
299766,"299766.306","Enterobacter hormaechei subsp. steigerwaltii JBBEAAJ-19-0008","cefotaxime","","64","","64","mg/L","MIC","","","Beckman Coulter Inc","CLSI",2021,"","","","Laboratory Method","","[38052776]"
299766,"299766.320","Enterobacter hormaechei subsp. steigerwaltii JBCIAEJ-19-0013","aztreonam","",">16",">","16","mg/L","MIC","","","Beckman Coulter Inc","CLSI",2021,"","","","Laboratory Method","","[38052776]"
299766,"299766.302","Enterobacter hormaechei subsp. steigerwaltii JBBDAJB-19-0020","ceftazidime","",">16",">","16","mg/L","MIC","","","Beckman Coulter Inc","CLSI",2021,"","","","Laboratory Method","","[38052776]"
299766,"299766.276","Enterobacter hormaechei subsp. steigerwaltii JBBCAAG-19-0002","tigecycline","","1","","1","mg/L","MIC","","","Beckman Coulter Inc","CLSI",2021,"","","","Laboratory Method","","[38052776]"
299766,"299766.329","Enterobacter hormaechei subsp. steigerwaltii JBEAAEE-19-0043","trimethoprim/sulfamethoxazole","","<=1/19","<=","1/19","mg/L","MIC","","","Beckman Coulter Inc","CLSI",2021,"","","","Laboratory Method","","[38052776]"
299766,"299766.276","Enterobacter hormaechei subsp. steigerwaltii JBBCAAG-19-0002","minocycline","",">8",">","8","mg/L","MIC","","","Beckman Coulter Inc","CLSI",2021,"","","","Laboratory Method","","[38052776]"
299766,"299766.333","Enterobacter hormaechei subsp. steigerwaltii JBEAAEE-19-0141","trimethoprim/sulfamethoxazole","",">2/38",">","2/38","mg/L","MIC","","","Beckman Coulter Inc","CLSI",2021,"","","","Laboratory Method","","[38052776]"
299766,"299766.333","Enterobacter hormaechei subsp. steigerwaltii JBEAAEE-19-0141","cefotaxime","","64","","64","mg/L","MIC","","","Beckman Coulter Inc","CLSI",2021,"","","","Laboratory Method","","[38052776]"
299766,"299766.332","Enterobacter hormaechei subsp. steigerwaltii JBEAAEE-19-0140","ampicillin/sulbactam","","32/16","","32/16","mg/L","MIC","","","Beckman Coulter Inc","CLSI",2021,"","","","Laboratory Method","","[38052776]"
299766,"299766.273","Enterobacter hormaechei subsp. steigerwaltii JBBBAAB-19-0139","cefotaxime/clavulanic acid","",">32",">","32","mg/L","MIC","","","Beckman Coulter Inc","CLSI",2021,"","","","Laboratory Method","","[38052776]"
299766,"299766.305","Enterobacter hormaechei subsp. steigerwaltii JBBDAJB-19-0023","cefmetazole","",">32",">","32","mg/L","MIC","","","Beckman Coulter Inc","CLSI",2021,"","","","Laboratory Method","","[38052776]"
299766,"299766.289","Enterobacter hormaechei subsp. steigerwaltii JBBDAAF-19-0053","cefepime","",">16",">","16","mg/L","MIC","","","Beckman Coulter Inc","CLSI",2021,"","","","Laboratory Method","","[38052776]"
299766,"299766.281","Enterobacter hormaechei subsp. steigerwaltii JBBCADC-19-0145","doripenem","","4","","4","mg/L","MIC","","","Beckman Coulter Inc","CLSI",2021,"","","","Laboratory Method","","[38052776]"
299766,"299766.340","Enterobacter hormaechei subsp. steigerwaltii JBEAACG-19-0081","fosfomycin","","<=4","<=","4","mg/L","MIC","","","Beckman Coulter Inc","CLSI",2021,"","","","Laboratory Method","","[38052776]"
299766,"299766.329","Enterobacter hormaechei subsp. steigerwaltii JBEAAEE-19-0043","cefuroxime","",">32",">","32","mg/L","MIC","","","Beckman Coulter Inc","CLSI",2021,"","","","Laboratory Method","","[38052776]"
299766,"299766.335","Enterobacter hormaechei subsp. steigerwaltii JBEBAAB-19-0102","cefmetazole","",">32",">","32","mg/L","MIC","","","Beckman Coulter Inc","CLSI",2021,"","","","Laboratory Method","","[38052776]"
299766,"299766.289","Enterobacter hormaechei subsp. steigerwaltii JBBDAAF-19-0053","amikacin","","16","","16","mg/L","MIC","","","Beckman Coulter Inc","CLSI",2021,"","","","Laboratory Method","","[38052776]"
299766,"299766.339","Enterobacter hormaechei subsp. steigerwaltii JBAGABE-19-0120","ceftriaxone","",">64",">","64","mg/L","MIC","","","Beckman Coulter Inc","CLSI",2021,"","","","Laboratory Method","","[38052776]"
299766,"299766.321","Enterobacter hormaechei subsp. steigerwaltii JBDDAAF-19-0084","piperacillin","",">64",">","64","mg/L","MIC","","","Beckman Coulter Inc","CLSI",2021,"","","","Laboratory Method","","[38052776]"
299766,"299766.338","Enterobacter hormaechei subsp. steigerwaltii JBEHAAB-19-0192","cefotaxime","","128","","128","mg/L","MIC","","","Beckman Coulter Inc","CLSI",2021,"","","","Laboratory Method","","[38052776]"
299766,"299766.347","Enterobacter hormaechei subsp. steigerwaltii JBDJAAE-19-0094","cefoperazone/sulbactam","",">32/16",">","32/16","mg/L","MIC","","","Beckman Coulter Inc","CLSI",2021,"","","","Laboratory Method","","[38052776]"
299766,"299766.273","Enterobacter hormaechei subsp. steigerwaltii JBBBAAB-19-0139","meropenem","","8","","8","mg/L","MIC","","","Beckman Coulter Inc","CLSI",2021,"","","","Laboratory Method","","[38052776]"
299766,"299766.307","Enterobacter hormaechei subsp. steigerwaltii JBBEAAJ-19-0005","ceftazidime","",">16",">","16","mg/L","MIC","","","Beckman Coulter Inc","CLSI",2021,"","","","Laboratory Method","","[38052776]"
299766,"299766.345","Enterobacter hormaechei subsp. steigerwaltii JBCBAAD-19-0112","tigecycline","","1","","1","mg/L","MIC","","","Beckman Coulter Inc","CLSI",2021,"","","","Laboratory Method","","[38052776]"
299766,"299766.291","Enterobacter hormaechei subsp. steigerwaltii JBBDAAF-19-0142","tobramycin","","4","","4","mg/L","MIC","","","Beckman Coulter Inc","CLSI",2021,"","","","Laboratory Method","","[38052776]"
299766,"299766.285","Enterobacter hormaechei subsp. steigerwaltii JBBDAAB-19-0061","cefotetan","",">32",">","32","mg/L","MIC","","","Beckman Coulter Inc","CLSI",2021,"","","","Laboratory Method","","[38052776]"
299766,"299766.309","Enterobacter hormaechei subsp. steigerwaltii JBBEABG-19-0028","gentamicin","","2","","2","mg/L","MIC","","","Beckman Coulter Inc","CLSI",2021,"","","","Laboratory Method","","[38052776]"
299766,"299766.280","Enterobacter hormaechei subsp. steigerwaltii JBBCADC-19-0142","imipenem","","2","","2","mg/L","MIC","","","Beckman Coulter Inc","CLSI",2021,"","","","Laboratory Method","","[38052776]"
299766,"299766.284","Enterobacter hormaechei subsp. steigerwaltii JBBDAAB-19-0177","meropenem","","2","","2","mg/L","MIC","","","Beckman Coulter Inc","CLSI",2021,"","","","Laboratory Method","","[38052776]"
299766,"299766.315","Enterobacter hormaechei subsp. steigerwaltii JBCGAAG-19-0534","minocycline","","<=1","<=","1","mg/L","MIC","","","Beckman Coulter Inc","CLSI",2021,"","","","Laboratory Method","","[38052776]"
299766,"299766.276","Enterobacter hormaechei subsp. steigerwaltii JBBCAAG-19-0002","cefpodoxime","",">64",">","64","mg/L","MIC","","","Beckman Coulter Inc","CLSI",2021,"","","","Laboratory Method","","[38052776]"
299766,"299766.349","Enterobacter hormaechei subsp. steigerwaltii JBEAACG-19-0097","cefotaxime/clavulanic acid","",">32",">","32","mg/L","MIC","","","Beckman Coulter Inc","CLSI",2021,"","","","Laboratory Method","","[38052776]"
299766,"299766.315","Enterobacter hormaechei subsp. steigerwaltii JBCGAAG-19-0534","cefepime","","2","","2","mg/L","MIC","","","Beckman Coulter Inc","CLSI",2021,"","","","Laboratory Method","","[38052776]"
299766,"299766.293","Enterobacter hormaechei subsp. steigerwaltii JBBDAAJ-19-0055","minocycline","",">8",">","8","mg/L","MIC","","","Beckman Coulter Inc","CLSI",2021,"","","","Laboratory Method","","[38052776]"
299766,"299766.288","Enterobacter hormaechei subsp. steigerwaltii JBBDAAF-19-0049","doripenem","","2","","2","mg/L","MIC","","","Beckman Coulter Inc","CLSI",2021,"","","","Laboratory Method","","[38052776]"
299766,"299766.267","Enterobacter hormaechei subsp. steigerwaltii JBAFAAB-19-0055","piperacillin","",">64",">","64","mg/L","MIC","","","Beckman Coulter Inc","CLSI",2021,"","","","Laboratory Method","","[38052776]"
299766,"299766.306","Enterobacter hormaechei subsp. steigerwaltii JBBEAAJ-19-0008","ampicillin/sulbactam","",">32/16",">","32/16","mg/L","MIC","","","Beckman Coulter Inc","CLSI",2021,"","","","Laboratory Method","","[38052776]"
299766,"299766.322","Enterobacter hormaechei subsp. steigerwaltii JBDGAAB-19-0032","trimethoprim/sulfamethoxazole","",">2/38",">","2/38","mg/L","MIC","","","Beckman Coulter Inc","CLSI",2021,"","","","Laboratory Method","","[38052776]"
299766,"299766.283","Enterobacter hormaechei subsp. steigerwaltii JBBDAAB-19-0170","fosfomycin","","16","","16","mg/L","MIC","","","Beckman Coulter Inc","CLSI",2021,"","","","Laboratory Method","","[38052776]"
299766,"299766.298","Enterobacter hormaechei subsp. steigerwaltii JBBDAGF-19-0017","minocycline","","2","","2","mg/L","MIC","","","Beckman Coulter Inc","CLSI",2021,"","","","Laboratory Method","","[38052776]"
299766,"299766.289","Enterobacter hormaechei subsp. steigerwaltii JBBDAAF-19-0053","aztreonam","",">16",">","16","mg/L","MIC","","","Beckman Coulter Inc","CLSI",2021,"","","","Laboratory Method","","[38052776]"
299766,"299766.310","Enterobacter hormaechei subsp. steigerwaltii JBBGAAF-19-0022","levofloxacin","","<=0.5","<=","0.5","mg/L","MIC","","","Beckman Coulter Inc","CLSI",2021,"","","","Laboratory Method","","[38052776]"
299766,"299766.278","Enterobacter hormaechei subsp. steigerwaltii JBBCAAG-19-0004","imipenem","","2","","2","mg/L","MIC","","","Beckman Coulter Inc","CLSI",2021,"","","","Laboratory Method","","[38052776]"
299766,"299766.272","Enterobacter hormaechei subsp. steigerwaltii JBBBAAB-19-0138","ceftazidime","",">16",">","16","mg/L","MIC","","","Beckman Coulter Inc","CLSI",2021,"","","","Laboratory Method","","[38052776]"
299766,"299766.273","Enterobacter hormaechei subsp. steigerwaltii JBBBAAB-19-0139","minocycline","","4","","4","mg/L","MIC","","","Beckman Coulter Inc","CLSI",2021,"","","","Laboratory Method","","[38052776]"
299766,"299766.320","Enterobacter hormaechei subsp. steigerwaltii JBCIAEJ-19-0013","tigecycline","","1","","1","mg/L","MIC","","","Beckman Coulter Inc","CLSI",2021,"","","","Laboratory Method","","[38052776]"
299766,"299766.325","Enterobacter hormaechei subsp. steigerwaltii JBDGAAB-19-0117","cefotaxime","","128","","128","mg/L","MIC","","","Beckman Coulter Inc","CLSI",2021,"","","","Laboratory Method","","[38052776]"
299766,"299766.340","Enterobacter hormaechei subsp. steigerwaltii JBEAACG-19-0081","chloramphenicol","","<=8","<=","8","mg/L","MIC","","","Beckman Coulter Inc","CLSI",2021,"","","","Laboratory Method","","[38052776]"
299766,"299766.296","Enterobacter hormaechei subsp. steigerwaltii JBBDADH-19-0027","cefotaxime","",">128",">","128","mg/L","MIC","","","Beckman Coulter Inc","CLSI",2021,"","","","Laboratory Method","","[38052776]"
299766,"299766.311","Enterobacter hormaechei subsp. steigerwaltii JBBHAAB-19-0033","ciprofloxacin","","<=0.25","<=","0.25","mg/L","MIC","","","Beckman Coulter Inc","CLSI",2021,"","","","Laboratory Method","","[38052776]"
299766,"299766.295","Enterobacter hormaechei subsp. steigerwaltii JBBDABE-19-0091","ceftazidime","",">16",">","16","mg/L","MIC","","","Beckman Coulter Inc","CLSI",2021,"","","","Laboratory Method","","[38052776]"
299766,"299766.270","Enterobacter hormaechei subsp. steigerwaltii JBAJAAH-19-0047","fosfomycin","",">16",">","16","mg/L","MIC","","","Beckman Coulter Inc","CLSI",2021,"","","","Laboratory Method","","[38052776]"
299766,"299766.346","Enterobacter hormaechei subsp. steigerwaltii JBCBAAD-19-0109","cefoperazone/sulbactam","","16/8","","16/8","mg/L","MIC","","","Beckman Coulter Inc","CLSI",2021,"","","","Laboratory Method","","[38052776]"
299766,"299766.272","Enterobacter hormaechei subsp. steigerwaltii JBBBAAB-19-0138","aztreonam","","4","","4","mg/L","MIC","","","Beckman Coulter Inc","CLSI",2021,"","","","Laboratory Method","","[38052776]"
299766,"299766.328","Enterobacter hormaechei subsp. steigerwaltii JBEAAEE-19-0001","imipenem","","2","","2","mg/L","MIC","","","Beckman Coulter Inc","CLSI",2021,"","","","Laboratory Method","","[38052776]"
299766,"299766.340","Enterobacter hormaechei subsp. steigerwaltii JBEAACG-19-0081","cefmetazole","",">32",">","32","mg/L","MIC","","","Beckman Coulter Inc","CLSI",2021,"","","","Laboratory Method","","[38052776]"
299766,"299766.333","Enterobacter hormaechei subsp. steigerwaltii JBEAAEE-19-0141","fosfomycin","","16","","16","mg/L","MIC","","","Beckman Coulter Inc","CLSI",2021,"","","","Laboratory Method","","[38052776]"
299766,"299766.325","Enterobacter hormaechei subsp. steigerwaltii JBDGAAB-19-0117","cefpodoxime","",">64",">","64","mg/L","MIC","","","Beckman Coulter Inc","CLSI",2021,"","","","Laboratory Method","","[38052776]"
299766,"299766.265","Enterobacter hormaechei subsp. steigerwaltii JBABADI-19-0083","piperacillin","",">64",">","64","mg/L","MIC","","","Beckman Coulter Inc","CLSI",2021,"","","","Laboratory Method","","[38052776]"
299766,"299766.298","Enterobacter hormaechei subsp. steigerwaltii JBBDAGF-19-0017","gentamicin","","<=1","<=","1","mg/L","MIC","","","Beckman Coulter Inc","CLSI",2021,"","","","Laboratory Method","","[38052776]"
299766,"299766.282","Enterobacter hormaechei subsp. steigerwaltii JBBCAEG-19-0003","ampicillin/sulbactam","",">32/16",">","32/16","mg/L","MIC","","","Beckman Coulter Inc","CLSI",2021,"","","","Laboratory Method","","[38052776]"
299766,"299766.321","Enterobacter hormaechei subsp. steigerwaltii JBDDAAF-19-0084","ampicillin/sulbactam","",">32/16",">","32/16","mg/L","MIC","","","Beckman Coulter Inc","CLSI",2021,"","","","Laboratory Method","","[38052776]"
299766,"299766.267","Enterobacter hormaechei subsp. steigerwaltii JBAFAAB-19-0055","colistin","","<=1","<=","1","mg/L","MIC","","","Beckman Coulter Inc","CLSI",2021,"","","","Laboratory Method","","[38052776]"
299766,"299766.342","Enterobacter hormaechei subsp. steigerwaltii JBEAAAD-19-0047","trimethoprim/sulfamethoxazole","","<=1/19","<=","1/19","mg/L","MIC","","","Beckman Coulter Inc","CLSI",2021,"","","","Laboratory Method","","[38052776]"
299766,"299766.307","Enterobacter hormaechei subsp. steigerwaltii JBBEAAJ-19-0005","ceftriaxone","","64","","64","mg/L","MIC","","","Beckman Coulter Inc","CLSI",2021,"","","","Laboratory Method","","[38052776]"
299766,"299766.304","Enterobacter hormaechei subsp. steigerwaltii JBBDAJB-19-0015","cefotaxime","",">128",">","128","mg/L","MIC","","","Beckman Coulter Inc","CLSI",2021,"","","","Laboratory Method","","[38052776]"
299766,"299766.325","Enterobacter hormaechei subsp. steigerwaltii JBDGAAB-19-0117","imipenem","","<=0.5","<=","0.5","mg/L","MIC","","","Beckman Coulter Inc","CLSI",2021,"","","","Laboratory Method","","[38052776]"
299766,"299766.347","Enterobacter hormaechei subsp. steigerwaltii JBDJAAE-19-0094","levofloxacin","","<=0.5","<=","0.5","mg/L","MIC","","","Beckman Coulter Inc","CLSI",2021,"","","","Laboratory Method","","[38052776]"
299766,"299766.317","Enterobacter hormaechei subsp. steigerwaltii JBCHACG-19-0311","fosfomycin","",">16",">","16","mg/L","MIC","","","Beckman Coulter Inc","CLSI",2021,"","","","Laboratory Method","","[38052776]"
299766,"299766.292","Enterobacter hormaechei subsp. steigerwaltii JBBDAAJ-19-0051","ceftazidime/clavulanic acid","",">32",">","32","mg/L","MIC","","","Beckman Coulter Inc","CLSI",2021,"","","","Laboratory Method","","[38052776]"
299766,"299766.321","Enterobacter hormaechei subsp. steigerwaltii JBDDAAF-19-0084","meropenem","","<=0.5","<=","0.5","mg/L","MIC","","","Beckman Coulter Inc","CLSI",2021,"","","","Laboratory Method","","[38052776]"
299766,"299766.333","Enterobacter hormaechei subsp. steigerwaltii JBEAAEE-19-0141","levofloxacin","","2","","2","mg/L","MIC","","","Beckman Coulter Inc","CLSI",2021,"","","","Laboratory Method","","[38052776]"
299766,"299766.320","Enterobacter hormaechei subsp. steigerwaltii JBCIAEJ-19-0013","cefoperazone/sulbactam","","32/16","","32/16","mg/L","MIC","","","Beckman Coulter Inc","CLSI",2021,"","","","Laboratory Method","","[38052776]"
299766,"299766.277","Enterobacter hormaechei subsp. steigerwaltii JBBCAAG-19-0003","chloramphenicol","","<=8","<=","8","mg/L","MIC","","","Beckman Coulter Inc","CLSI",2021,"","","","Laboratory Method","","[38052776]"
299766,"299766.312","Enterobacter hormaechei subsp. steigerwaltii JBCBAAJ-19-0100","meropenem","","<=0.5","<=","0.5","mg/L","MIC","","","Beckman Coulter Inc","CLSI",2021,"","","","Laboratory Method","","[38052776]"
299766,"299766.294","Enterobacter hormaechei subsp. steigerwaltii JBBDABA-19-0004","tigecycline","","1","","1","mg/L","MIC","","","Beckman Coulter Inc","CLSI",2021,"","","","Laboratory Method","","[38052776]"
299766,"299766.317","Enterobacter hormaechei subsp. steigerwaltii JBCHACG-19-0311","tobramycin","","<=1","<=","1","mg/L","MIC","","","Beckman Coulter Inc","CLSI",2021,"","","","Laboratory Method","","[38052776]"
299766,"299766.316","Enterobacter hormaechei subsp. steigerwaltii JBCHAAE-19-0025","cefotaxime/clavulanic acid","",">32",">","32","mg/L","MIC","","","Beckman Coulter Inc","CLSI",2021,"","","","Laboratory Method","","[38052776]"
299766,"299766.348","Enterobacter hormaechei subsp. steigerwaltii JBBBAAB-19-0014","cefotaxime","",">128",">","128","mg/L","MIC","","","Beckman Coulter Inc","CLSI",2021,"","","","Laboratory Method","","[38052776]"
299766,"299766.328","Enterobacter hormaechei subsp. steigerwaltii JBEAAEE-19-0001","ciprofloxacin","","4","","4","mg/L","MIC","","","Beckman Coulter Inc","CLSI",2021,"","","","Laboratory Method","","[38052776]"
299766,"299766.289","Enterobacter hormaechei subsp. steigerwaltii JBBDAAF-19-0053","piperacillin/tazobactam","",">64",">","64","mg/L","MIC","","","Beckman Coulter Inc","CLSI",2021,"","","","Laboratory Method","","[38052776]"
299766,"299766.329","Enterobacter hormaechei subsp. steigerwaltii JBEAAEE-19-0043","tobramycin","","4","","4","mg/L","MIC","","","Beckman Coulter Inc","CLSI",2021,"","","","Laboratory Method","","[38052776]"
299766,"299766.340","Enterobacter hormaechei subsp. steigerwaltii JBEAACG-19-0081","ceftazidime","",">16",">","16","mg/L","MIC","","","Beckman Coulter Inc","CLSI",2021,"","","","Laboratory Method","","[38052776]"
299766,"299766.309","Enterobacter hormaechei subsp. steigerwaltii JBBEABG-19-0028","imipenem","","1","","1","mg/L","MIC","","","Beckman Coulter Inc","CLSI",2021,"","","","Laboratory Method","","[38052776]"
299766,"299766.342","Enterobacter hormaechei subsp. steigerwaltii JBEAAAD-19-0047","cefuroxime","",">32",">","32","mg/L","MIC","","","Beckman Coulter Inc","CLSI",2021,"","","","Laboratory Method","","[38052776]"
299766,"299766.279","Enterobacter hormaechei subsp. steigerwaltii JBBCADC-19-0002","colistin","","<=1","<=","1","mg/L","MIC","","","Beckman Coulter Inc","CLSI",2021,"","","","Laboratory Method","","[38052776]"
299766,"299766.341","Enterobacter hormaechei subsp. steigerwaltii JBEAACG-19-0092","imipenem","","2","","2","mg/L","MIC","","","Beckman Coulter Inc","CLSI",2021,"","","","Laboratory Method","","[38052776]"
299766,"299766.290","Enterobacter hormaechei subsp. steigerwaltii JBBDAAF-19-0070","ampicillin/sulbactam","",">32/16",">","32/16","mg/L","MIC","","","Beckman Coulter Inc","CLSI",2021,"","","","Laboratory Method","","[38052776]"
299766,"299766.328","Enterobacter hormaechei subsp. steigerwaltii JBEAAEE-19-0001","cefuroxime","",">32",">","32","mg/L","MIC","","","Beckman Coulter Inc","CLSI",2021,"","","","Laboratory Method","","[38052776]"
299766,"299766.309","Enterobacter hormaechei subsp. steigerwaltii JBBEABG-19-0028","ceftazidime/clavulanic acid","",">32",">","32","mg/L","MIC","","","Beckman Coulter Inc","CLSI",2021,"","","","Laboratory Method","","[38052776]"
299766,"299766.305","Enterobacter hormaechei subsp. steigerwaltii JBBDAJB-19-0023","doripenem","","4","","4","mg/L","MIC","","","Beckman Coulter Inc","CLSI",2021,"","","","Laboratory Method","","[38052776]"
299766,"299766.282","Enterobacter hormaechei subsp. steigerwaltii JBBCAEG-19-0003","piperacillin","",">64",">","64","mg/L","MIC","","","Beckman Coulter Inc","CLSI",2021,"","","","Laboratory Method","","[38052776]"
299766,"299766.302","Enterobacter hormaechei subsp. steigerwaltii JBBDAJB-19-0020","cefpodoxime","",">64",">","64","mg/L","MIC","","","Beckman Coulter Inc","CLSI",2021,"","","","Laboratory Method","","[38052776]"
299766,"299766.317","Enterobacter hormaechei subsp. steigerwaltii JBCHACG-19-0311","chloramphenicol","","<=8","<=","8","mg/L","MIC","","","Beckman Coulter Inc","CLSI",2021,"","","","Laboratory Method","","[38052776]"
299766,"299766.272","Enterobacter hormaechei subsp. steigerwaltii JBBBAAB-19-0138","cefoperazone/sulbactam","",">32/16",">","32/16","mg/L","MIC","","","Beckman Coulter Inc","CLSI",2021,"","","","Laboratory Method","","[38052776]"
299766,"299766.266","Enterobacter hormaechei subsp. steigerwaltii JBABADI-19-0091","cefotaxime/clavulanic acid","",">32",">","32","mg/L","MIC","","","Beckman Coulter Inc","CLSI",2021,"","","","Laboratory Method","","[38052776]"
299766,"299766.342","Enterobacter hormaechei subsp. steigerwaltii JBEAAAD-19-0047","chloramphenicol","","<=8","<=","8","mg/L","MIC","","","Beckman Coulter Inc","CLSI",2021,"","","","Laboratory Method","","[38052776]"
299766,"299766.320","Enterobacter hormaechei subsp. steigerwaltii JBCIAEJ-19-0013","fosfomycin","",">16",">","16","mg/L","MIC","","","Beckman Coulter Inc","CLSI",2021,"","","","Laboratory Method","","[38052776]"
299766,"299766.329","Enterobacter hormaechei subsp. steigerwaltii JBEAAEE-19-0043","amikacin","","<=4","<=","4","mg/L","MIC","","","Beckman Coulter Inc","CLSI",2021,"","","","Laboratory Method","","[38052776]"
299766,"299766.300","Enterobacter hormaechei subsp. steigerwaltii JBBDAGF-19-0034","minocycline","",">8",">","8","mg/L","MIC","","","Beckman Coulter Inc","CLSI",2021,"","","","Laboratory Method","","[38052776]"
299766,"299766.293","Enterobacter hormaechei subsp. steigerwaltii JBBDAAJ-19-0055","doripenem","","8","","8","mg/L","MIC","","","Beckman Coulter Inc","CLSI",2021,"","","","Laboratory Method","","[38052776]"
299766,"299766.341","Enterobacter hormaechei subsp. steigerwaltii JBEAACG-19-0092","levofloxacin","","2","","2","mg/L","MIC","","","Beckman Coulter Inc","CLSI",2021,"","","","Laboratory Method","","[38052776]"
299766,"299766.305","Enterobacter hormaechei subsp. steigerwaltii JBBDAJB-19-0023","levofloxacin","","<=0.5","<=","0.5","mg/L","MIC","","","Beckman Coulter Inc","CLSI",2021,"","","","Laboratory Method","","[38052776]"
299766,"299766.309","Enterobacter hormaechei subsp. steigerwaltii JBBEABG-19-0028","chloramphenicol","","<=8","<=","8","mg/L","MIC","","","Beckman Coulter Inc","CLSI",2021,"","","","Laboratory Method","","[38052776]"
299766,"299766.268","Enterobacter hormaechei subsp. steigerwaltii JBAGABE-19-0098","cefotetan","",">32",">","32","mg/L","MIC","","","Beckman Coulter Inc","CLSI",2021,"","","","Laboratory Method","","[38052776]"
299766,"299766.266","Enterobacter hormaechei subsp. steigerwaltii JBABADI-19-0091","minocycline","",">8",">","8","mg/L","MIC","","","Beckman Coulter Inc","CLSI",2021,"","","","Laboratory Method","","[38052776]"
299766,"299766.279","Enterobacter hormaechei subsp. steigerwaltii JBBCADC-19-0002","gentamicin","","<=1","<=","1","mg/L","MIC","","","Beckman Coulter Inc","CLSI",2021,"","","","Laboratory Method","","[38052776]"
299766,"299766.304","Enterobacter hormaechei subsp. steigerwaltii JBBDAJB-19-0015","cefuroxime","",">32",">","32","mg/L","MIC","","","Beckman Coulter Inc","CLSI",2021,"","","","Laboratory Method","","[38052776]"
299766,"299766.328","Enterobacter hormaechei subsp. steigerwaltii JBEAAEE-19-0001","ceftriaxone","",">64",">","64","mg/L","MIC","","","Beckman Coulter Inc","CLSI",2021,"","","","Laboratory Method","","[38052776]"
299766,"299766.308","Enterobacter hormaechei subsp. steigerwaltii JBBEABA-19-0025","aztreonam","","<=1","<=","1","mg/L","MIC","","","Beckman Coulter Inc","CLSI",2021,"","","","Laboratory Method","","[38052776]"
299766,"299766.268","Enterobacter hormaechei subsp. steigerwaltii JBAGABE-19-0098","tigecycline","","1","","1","mg/L","MIC","","","Beckman Coulter Inc","CLSI",2021,"","","","Laboratory Method","","[38052776]"
299766,"299766.321","Enterobacter hormaechei subsp. steigerwaltii JBDDAAF-19-0084","cefmetazole","",">32",">","32","mg/L","MIC","","","Beckman Coulter Inc","CLSI",2021,"","","","Laboratory Method","","[38052776]"
299766,"299766.325","Enterobacter hormaechei subsp. steigerwaltii JBDGAAB-19-0117","gentamicin","","<=1","<=","1","mg/L","MIC","","","Beckman Coulter Inc","CLSI",2021,"","","","Laboratory Method","","[38052776]"
299766,"299766.347","Enterobacter hormaechei subsp. steigerwaltii JBDJAAE-19-0094","cefuroxime","",">32",">","32","mg/L","MIC","","","Beckman Coulter Inc","CLSI",2021,"","","","Laboratory Method","","[38052776]"
299766,"299766.348","Enterobacter hormaechei subsp. steigerwaltii JBBBAAB-19-0014","tobramycin","","<=1","<=","1","mg/L","MIC","","","Beckman Coulter Inc","CLSI",2021,"","","","Laboratory Method","","[38052776]"
299766,"299766.268","Enterobacter hormaechei subsp. steigerwaltii JBAGABE-19-0098","aztreonam","","8","","8","mg/L","MIC","","","Beckman Coulter Inc","CLSI",2021,"","","","Laboratory Method","","[38052776]"
299766,"299766.304","Enterobacter hormaechei subsp. steigerwaltii JBBDAJB-19-0015","cefepime","",">16",">","16","mg/L","MIC","","","Beckman Coulter Inc","CLSI",2021,"","","","Laboratory Method","","[38052776]"
299766,"299766.300","Enterobacter hormaechei subsp. steigerwaltii JBBDAGF-19-0034","piperacillin","","<=4","<=","4","mg/L","MIC","","","Beckman Coulter Inc","CLSI",2021,"","","","Laboratory Method","","[38052776]"
299766,"299766.326","Enterobacter hormaechei subsp. steigerwaltii JBEAACH-19-0177","meropenem","","<=0.5","<=","0.5","mg/L","MIC","","","Beckman Coulter Inc","CLSI",2021,"","","","Laboratory Method","","[38052776]"
299766,"299766.342","Enterobacter hormaechei subsp. steigerwaltii JBEAAAD-19-0047","ceftazidime/clavulanic acid","",">32",">","32","mg/L","MIC","","","Beckman Coulter Inc","CLSI",2021,"","","","Laboratory Method","","[38052776]"
299766,"299766.291","Enterobacter hormaechei subsp. steigerwaltii JBBDAAF-19-0142","doripenem","","4","","4","mg/L","MIC","","","Beckman Coulter Inc","CLSI",2021,"","","","Laboratory Method","","[38052776]"
299766,"299766.306","Enterobacter hormaechei subsp. steigerwaltii JBBEAAJ-19-0008","piperacillin","","16","","16","mg/L","MIC","","","Beckman Coulter Inc","CLSI",2021,"","","","Laboratory Method","","[38052776]"
299766,"299766.274","Enterobacter hormaechei subsp. steigerwaltii JBBBAEF-19-0073","meropenem","","4","","4","mg/L","MIC","","","Beckman Coulter Inc","CLSI",2021,"","","","Laboratory Method","","[38052776]"
299766,"299766.276","Enterobacter hormaechei subsp. steigerwaltii JBBCAAG-19-0002","gentamicin","","<=1","<=","1","mg/L","MIC","","","Beckman Coulter Inc","CLSI",2021,"","","","Laboratory Method","","[38052776]"
299766,"299766.340","Enterobacter hormaechei subsp. steigerwaltii JBEAACG-19-0081","cefotaxime","",">128",">","128","mg/L","MIC","","","Beckman Coulter Inc","CLSI",2021,"","","","Laboratory Method","","[38052776]"
299766,"299766.324","Enterobacter hormaechei subsp. steigerwaltii JBDGAAB-19-0118","cefepime","","<=1","<=","1","mg/L","MIC","","","Beckman Coulter Inc","CLSI",2021,"","","","Laboratory Method","","[38052776]"
299766,"299766.288","Enterobacter hormaechei subsp. steigerwaltii JBBDAAF-19-0049","trimethoprim/sulfamethoxazole","","<=1/19","<=","1/19","mg/L","MIC","","","Beckman Coulter Inc","CLSI",2021,"","","","Laboratory Method","","[38052776]"
299766,"299766.322","Enterobacter hormaechei subsp. steigerwaltii JBDGAAB-19-0032","aztreonam","","<=1","<=","1","mg/L","MIC","","","Beckman Coulter Inc","CLSI",2021,"","","","Laboratory Method","","[38052776]"
299766,"299766.304","Enterobacter hormaechei subsp. steigerwaltii JBBDAJB-19-0015","fosfomycin","","<=4","<=","4","mg/L","MIC","","","Beckman Coulter Inc","CLSI",2021,"","","","Laboratory Method","","[38052776]"
299766,"299766.303","Enterobacter hormaechei subsp. steigerwaltii JBBDAJB-19-0014","cefmetazole","",">32",">","32","mg/L","MIC","","","Beckman Coulter Inc","CLSI",2021,"","","","Laboratory Method","","[38052776]"
299766,"299766.298","Enterobacter hormaechei subsp. steigerwaltii JBBDAGF-19-0017","ceftriaxone","","1","","1","mg/L","MIC","","","Beckman Coulter Inc","CLSI",2021,"","","","Laboratory Method","","[38052776]"
299766,"299766.306","Enterobacter hormaechei subsp. steigerwaltii JBBEAAJ-19-0008","gentamicin","","2","","2","mg/L","MIC","","","Beckman Coulter Inc","CLSI",2021,"","","","Laboratory Method","","[38052776]"
299766,"299766.318","Enterobacter hormaechei subsp. steigerwaltii JBCHACG-19-0419","gentamicin","","2","","2","mg/L","MIC","","","Beckman Coulter Inc","CLSI",2021,"","","","Laboratory Method","","[38052776]"
299766,"299766.290","Enterobacter hormaechei subsp. steigerwaltii JBBDAAF-19-0070","cefoperazone/sulbactam","",">32/16",">","32/16","mg/L","MIC","","","Beckman Coulter Inc","CLSI",2021,"","","","Laboratory Method","","[38052776]"
299766,"299766.308","Enterobacter hormaechei subsp. steigerwaltii JBBEABA-19-0025","ceftriaxone","",">64",">","64","mg/L","MIC","","","Beckman Coulter Inc","CLSI",2021,"","","","Laboratory Method","","[38052776]"
299766,"299766.297","Enterobacter hormaechei subsp. steigerwaltii JBBDAFG-19-0124","imipenem","","1","","1","mg/L","MIC","","","Beckman Coulter Inc","CLSI",2021,"","","","Laboratory Method","","[38052776]"
299766,"299766.334","Enterobacter hormaechei subsp. steigerwaltii JBEAAFA-19-0408","cefotaxime/clavulanic acid","",">32",">","32","mg/L","MIC","","","Beckman Coulter Inc","CLSI",2021,"","","","Laboratory Method","","[38052776]"
299766,"299766.281","Enterobacter hormaechei subsp. steigerwaltii JBBCADC-19-0145","cefotaxime","",">128",">","128","mg/L","MIC","","","Beckman Coulter Inc","CLSI",2021,"","","","Laboratory Method","","[38052776]"
299766,"299766.311","Enterobacter hormaechei subsp. steigerwaltii JBBHAAB-19-0033","levofloxacin","","<=0.5","<=","0.5","mg/L","MIC","","","Beckman Coulter Inc","CLSI",2021,"","","","Laboratory Method","","[38052776]"
299766,"299766.289","Enterobacter hormaechei subsp. steigerwaltii JBBDAAF-19-0053","cefotetan","",">32",">","32","mg/L","MIC","","","Beckman Coulter Inc","CLSI",2021,"","","","Laboratory Method","","[38052776]"
299766,"299766.319","Enterobacter hormaechei subsp. steigerwaltii JBCHAFC-19-0064","cefoperazone/sulbactam","",">32/16",">","32/16","mg/L","MIC","","","Beckman Coulter Inc","CLSI",2021,"","","","Laboratory Method","","[38052776]"
299766,"299766.324","Enterobacter hormaechei subsp. steigerwaltii JBDGAAB-19-0118","levofloxacin","","<=0.5","<=","0.5","mg/L","MIC","","","Beckman Coulter Inc","CLSI",2021,"","","","Laboratory Method","","[38052776]"
299766,"299766.285","Enterobacter hormaechei subsp. steigerwaltii JBBDAAB-19-0061","tigecycline","","<=0.25","<=","0.25","mg/L","MIC","","","Beckman Coulter Inc","CLSI",2021,"","","","Laboratory Method","","[38052776]"
299766,"299766.346","Enterobacter hormaechei subsp. steigerwaltii JBCBAAD-19-0109","ceftazidime/clavulanic acid","","16","","16","mg/L","MIC","","","Beckman Coulter Inc","CLSI",2021,"","","","Laboratory Method","","[38052776]"
299766,"299766.281","Enterobacter hormaechei subsp. steigerwaltii JBBCADC-19-0145","cefuroxime","",">32",">","32","mg/L","MIC","","","Beckman Coulter Inc","CLSI",2021,"","","","Laboratory Method","","[38052776]"
299766,"299766.346","Enterobacter hormaechei subsp. steigerwaltii JBCBAAD-19-0109","ampicillin/sulbactam","",">32/16",">","32/16","mg/L","MIC","","","Beckman Coulter Inc","CLSI",2021,"","","","Laboratory Method","","[38052776]"
299766,"299766.316","Enterobacter hormaechei subsp. steigerwaltii JBCHAAE-19-0025","cefuroxime","",">32",">","32","mg/L","MIC","","","Beckman Coulter Inc","CLSI",2021,"","","","Laboratory Method","","[38052776]"
299766,"299766.327","Enterobacter hormaechei subsp. steigerwaltii JBEAACH-19-0275","ceftazidime/clavulanic acid","",">32",">","32","mg/L","MIC","","","Beckman Coulter Inc","CLSI",2021,"","","","Laboratory Method","","[38052776]"
299766,"299766.337","Enterobacter hormaechei subsp. steigerwaltii JBEDACG-19-0107","fosfomycin","",">16",">","16","mg/L","MIC","","","Beckman Coulter Inc","CLSI",2021,"","","","Laboratory Method","","[38052776]"
299766,"299766.310","Enterobacter hormaechei subsp. steigerwaltii JBBGAAF-19-0022","ceftriaxone","","64","","64","mg/L","MIC","","","Beckman Coulter Inc","CLSI",2021,"","","","Laboratory Method","","[38052776]"
299766,"299766.301","Enterobacter hormaechei subsp. steigerwaltii JBBDAGF-19-0055","trimethoprim/sulfamethoxazole","","<=1/19","<=","1/19","mg/L","MIC","","","Beckman Coulter Inc","CLSI",2021,"","","","Laboratory Method","","[38052776]"
299766,"299766.266","Enterobacter hormaechei subsp. steigerwaltii JBABADI-19-0091","cefotetan","",">32",">","32","mg/L","MIC","","","Beckman Coulter Inc","CLSI",2021,"","","","Laboratory Method","","[38052776]"
299766,"299766.319","Enterobacter hormaechei subsp. steigerwaltii JBCHAFC-19-0064","tigecycline","","4","","4","mg/L","MIC","","","Beckman Coulter Inc","CLSI",2021,"","","","Laboratory Method","","[38052776]"
299766,"299766.307","Enterobacter hormaechei subsp. steigerwaltii JBBEAAJ-19-0005","cefmetazole","",">32",">","32","mg/L","MIC","","","Beckman Coulter Inc","CLSI",2021,"","","","Laboratory Method","","[38052776]"
299766,"299766.326","Enterobacter hormaechei subsp. steigerwaltii JBEAACH-19-0177","ceftazidime","","<=1","<=","1","mg/L","MIC","","","Beckman Coulter Inc","CLSI",2021,"","","","Laboratory Method","","[38052776]"
299766,"299766.275","Enterobacter hormaechei subsp. steigerwaltii JBBCAAG-19-0001","ampicillin/sulbactam","",">32/16",">","32/16","mg/L","MIC","","","Beckman Coulter Inc","CLSI",2021,"","","","Laboratory Method","","[38052776]"
299766,"299766.333","Enterobacter hormaechei subsp. steigerwaltii JBEAAEE-19-0141","tobramycin","",">8",">","8","mg/L","MIC","","","Beckman Coulter Inc","CLSI",2021,"","","","Laboratory Method","","[38052776]"
299766,"299766.305","Enterobacter hormaechei subsp. steigerwaltii JBBDAJB-19-0023","aztreonam","",">16",">","16","mg/L","MIC","","","Beckman Coulter Inc","CLSI",2021,"","","","Laboratory Method","","[38052776]"
299766,"299766.339","Enterobacter hormaechei subsp. steigerwaltii JBAGABE-19-0120","tigecycline","","1","","1","mg/L","MIC","","","Beckman Coulter Inc","CLSI",2021,"","","","Laboratory Method","","[38052776]"
299766,"299766.318","Enterobacter hormaechei subsp. steigerwaltii JBCHACG-19-0419","chloramphenicol","",">16",">","16","mg/L","MIC","","","Beckman Coulter Inc","CLSI",2021,"","","","Laboratory Method","","[38052776]"
299766,"299766.341","Enterobacter hormaechei subsp. steigerwaltii JBEAACG-19-0092","cefotetan","",">32",">","32","mg/L","MIC","","","Beckman Coulter Inc","CLSI",2021,"","","","Laboratory Method","","[38052776]"
299766,"299766.340","Enterobacter hormaechei subsp. steigerwaltii JBEAACG-19-0081","ceftriaxone","",">64",">","64","mg/L","MIC","","","Beckman Coulter Inc","CLSI",2021,"","","","Laboratory Method","","[38052776]"
299766,"299766.332","Enterobacter hormaechei subsp. steigerwaltii JBEAAEE-19-0140","cefpodoxime","",">64",">","64","mg/L","MIC","","","Beckman Coulter Inc","CLSI",2021,"","","","Laboratory Method","","[38052776]"
299766,"299766.309","Enterobacter hormaechei subsp. steigerwaltii JBBEABG-19-0028","cefpodoxime","",">64",">","64","mg/L","MIC","","","Beckman Coulter Inc","CLSI",2021,"","","","Laboratory Method","","[38052776]"
299766,"299766.327","Enterobacter hormaechei subsp. steigerwaltii JBEAACH-19-0275","ampicillin/sulbactam","",">32/16",">","32/16","mg/L","MIC","","","Beckman Coulter Inc","CLSI",2021,"","","","Laboratory Method","","[38052776]"
299766,"299766.342","Enterobacter hormaechei subsp. steigerwaltii JBEAAAD-19-0047","colistin","","<=1","<=","1","mg/L","MIC","","","Beckman Coulter Inc","CLSI",2021,"","","","Laboratory Method","","[38052776]"
299766,"299766.267","Enterobacter hormaechei subsp. steigerwaltii JBAFAAB-19-0055","ciprofloxacin","","<=0.25","<=","0.25","mg/L","MIC","","","Beckman Coulter Inc","CLSI",2021,"","","","Laboratory Method","","[38052776]"
299766,"299766.308","Enterobacter hormaechei subsp. steigerwaltii JBBEABA-19-0025","cefozopran","",">16",">","16","mg/L","MIC","","","Beckman Coulter Inc","CLSI",2021,"","","","Laboratory Method","","[38052776]"
299766,"299766.321","Enterobacter hormaechei subsp. steigerwaltii JBDDAAF-19-0084","aztreonam","",">16",">","16","mg/L","MIC","","","Beckman Coulter Inc","CLSI",2021,"","","","Laboratory Method","","[38052776]"
299766,"299766.295","Enterobacter hormaechei subsp. steigerwaltii JBBDABE-19-0091","cefmetazole","",">32",">","32","mg/L","MIC","","","Beckman Coulter Inc","CLSI",2021,"","","","Laboratory Method","","[38052776]"
299766,"299766.278","Enterobacter hormaechei subsp. steigerwaltii JBBCAAG-19-0004","aztreonam","",">16",">","16","mg/L","MIC","","","Beckman Coulter Inc","CLSI",2021,"","","","Laboratory Method","","[38052776]"
299766,"299766.328","Enterobacter hormaechei subsp. steigerwaltii JBEAAEE-19-0001","minocycline","","2","","2","mg/L","MIC","","","Beckman Coulter Inc","CLSI",2021,"","","","Laboratory Method","","[38052776]"
299766,"299766.297","Enterobacter hormaechei subsp. steigerwaltii JBBDAFG-19-0124","meropenem","","2","","2","mg/L","MIC","","","Beckman Coulter Inc","CLSI",2021,"","","","Laboratory Method","","[38052776]"
299766,"299766.325","Enterobacter hormaechei subsp. steigerwaltii JBDGAAB-19-0117","chloramphenicol","","16","","16","mg/L","MIC","","","Beckman Coulter Inc","CLSI",2021,"","","","Laboratory Method","","[38052776]"
299766,"299766.282","Enterobacter hormaechei subsp. steigerwaltii JBBCAEG-19-0003","cefepime","",">16",">","16","mg/L","MIC","","","Beckman Coulter Inc","CLSI",2021,"","","","Laboratory Method","","[38052776]"
299766,"299766.341","Enterobacter hormaechei subsp. steigerwaltii JBEAACG-19-0092","ciprofloxacin","","4","","4","mg/L","MIC","","","Beckman Coulter Inc","CLSI",2021,"","","","Laboratory Method","","[38052776]"
299766,"299766.276","Enterobacter hormaechei subsp. steigerwaltii JBBCAAG-19-0002","chloramphenicol","","<=8","<=","8","mg/L","MIC","","","Beckman Coulter Inc","CLSI",2021,"","","","Laboratory Method","","[38052776]"
299766,"299766.322","Enterobacter hormaechei subsp. steigerwaltii JBDGAAB-19-0032","imipenem","","1","","1","mg/L","MIC","","","Beckman Coulter Inc","CLSI",2021,"","","","Laboratory Method","","[38052776]"
299766,"299766.334","Enterobacter hormaechei subsp. steigerwaltii JBEAAFA-19-0408","colistin","","<=1","<=","1","mg/L","MIC","","","Beckman Coulter Inc","CLSI",2021,"","","","Laboratory Method","","[38052776]"
299766,"299766.271","Enterobacter hormaechei subsp. steigerwaltii JBAJAAJ-19-0001","cefotetan","",">32",">","32","mg/L","MIC","","","Beckman Coulter Inc","CLSI",2021,"","","","Laboratory Method","","[38052776]"
299766,"299766.274","Enterobacter hormaechei subsp. steigerwaltii JBBBAEF-19-0073","ceftazidime","",">16",">","16","mg/L","MIC","","","Beckman Coulter Inc","CLSI",2021,"","","","Laboratory Method","","[38052776]"
299766,"299766.324","Enterobacter hormaechei subsp. steigerwaltii JBDGAAB-19-0118","tobramycin","","<=1","<=","1","mg/L","MIC","","","Beckman Coulter Inc","CLSI",2021,"","","","Laboratory Method","","[38052776]"
299766,"299766.317","Enterobacter hormaechei subsp. steigerwaltii JBCHACG-19-0311","cefozopran","","4","","4","mg/L","MIC","","","Beckman Coulter Inc","CLSI",2021,"","","","Laboratory Method","","[38052776]"
299766,"299766.320","Enterobacter hormaechei subsp. steigerwaltii JBCIAEJ-19-0013","ceftazidime","",">16",">","16","mg/L","MIC","","","Beckman Coulter Inc","CLSI",2021,"","","","Laboratory Method","","[38052776]"
299766,"299766.301","Enterobacter hormaechei subsp. steigerwaltii JBBDAGF-19-0055","meropenem","","8","","8","mg/L","MIC","","","Beckman Coulter Inc","CLSI",2021,"","","","Laboratory Method","","[38052776]"
299766,"299766.299","Enterobacter hormaechei subsp. steigerwaltii JBBDAGF-19-0016","aztreonam","","<=1","<=","1","mg/L","MIC","","","Beckman Coulter Inc","CLSI",2021,"","","","Laboratory Method","","[38052776]"
299766,"299766.288","Enterobacter hormaechei subsp. steigerwaltii JBBDAAF-19-0049","cefepime","",">16",">","16","mg/L","MIC","","","Beckman Coulter Inc","CLSI",2021,"","","","Laboratory Method","","[38052776]"
299766,"299766.341","Enterobacter hormaechei subsp. steigerwaltii JBEAACG-19-0092","meropenem","","4","","4","mg/L","MIC","","","Beckman Coulter Inc","CLSI",2021,"","","","Laboratory Method","","[38052776]"
299766,"299766.333","Enterobacter hormaechei subsp. steigerwaltii JBEAAEE-19-0141","amikacin","","<=4","<=","4","mg/L","MIC","","","Beckman Coulter Inc","CLSI",2021,"","","","Laboratory Method","","[38052776]"
299766,"299766.304","Enterobacter hormaechei subsp. steigerwaltii JBBDAJB-19-0015","tobramycin","","8","","8","mg/L","MIC","","","Beckman Coulter Inc","CLSI",2021,"","","","Laboratory Method","","[38052776]"
299766,"299766.345","Enterobacter hormaechei subsp. steigerwaltii JBCBAAD-19-0112","cefepime","","<=1","<=","1","mg/L","MIC","","","Beckman Coulter Inc","CLSI",2021,"","","","Laboratory Method","","[38052776]"
299766,"299766.297","Enterobacter hormaechei subsp. steigerwaltii JBBDAFG-19-0124","ceftazidime","",">16",">","16","mg/L","MIC","","","Beckman Coulter Inc","CLSI",2021,"","","","Laboratory Method","","[38052776]"
299766,"299766.329","Enterobacter hormaechei subsp. steigerwaltii JBEAAEE-19-0043","cefozopran","",">16",">","16","mg/L","MIC","","","Beckman Coulter Inc","CLSI",2021,"","","","Laboratory Method","","[38052776]"
299766,"299766.322","Enterobacter hormaechei subsp. steigerwaltii JBDGAAB-19-0032","chloramphenicol","",">16",">","16","mg/L","MIC","","","Beckman Coulter Inc","CLSI",2021,"","","","Laboratory Method","","[38052776]"
299766,"299766.331","Enterobacter hormaechei subsp. steigerwaltii JBEAAEE-19-0042","cefmetazole","",">32",">","32","mg/L","MIC","","","Beckman Coulter Inc","CLSI",2021,"","","","Laboratory Method","","[38052776]"
299766,"299766.309","Enterobacter hormaechei subsp. steigerwaltii JBBEABG-19-0028","piperacillin/tazobactam","","<=4","<=","4","mg/L","MIC","","","Beckman Coulter Inc","CLSI",2021,"","","","Laboratory Method","","[38052776]"
299766,"299766.336","Enterobacter hormaechei subsp. steigerwaltii JBEDACG-19-0108","cefpodoxime","",">64",">","64","mg/L","MIC","","","Beckman Coulter Inc","CLSI",2021,"","","","Laboratory Method","","[38052776]"
299766,"299766.330","Enterobacter hormaechei subsp. steigerwaltii JBEAAEE-19-0050","cefoperazone/sulbactam","",">32/16",">","32/16","mg/L","MIC","","","Beckman Coulter Inc","CLSI",2021,"","","","Laboratory Method","","[38052776]"
299766,"299766.313","Enterobacter hormaechei subsp. steigerwaltii JBCDAAB-19-0062","cefpodoxime","",">64",">","64","mg/L","MIC","","","Beckman Coulter Inc","CLSI",2021,"","","","Laboratory Method","","[38052776]"
299766,"299766.297","Enterobacter hormaechei subsp. steigerwaltii JBBDAFG-19-0124","aztreonam","",">16",">","16","mg/L","MIC","","","Beckman Coulter Inc","CLSI",2021,"","","","Laboratory Method","","[38052776]"
299766,"299766.339","Enterobacter hormaechei subsp. steigerwaltii JBAGABE-19-0120","cefepime","",">16",">","16","mg/L","MIC","","","Beckman Coulter Inc","CLSI",2021,"","","","Laboratory Method","","[38052776]"
299766,"299766.309","Enterobacter hormaechei subsp. steigerwaltii JBBEABG-19-0028","ampicillin/sulbactam","","32/16","","32/16","mg/L","MIC","","","Beckman Coulter Inc","CLSI",2021,"","","","Laboratory Method","","[38052776]"
299766,"299766.285","Enterobacter hormaechei subsp. steigerwaltii JBBDAAB-19-0061","ceftazidime","",">16",">","16","mg/L","MIC","","","Beckman Coulter Inc","CLSI",2021,"","","","Laboratory Method","","[38052776]"
299766,"299766.287","Enterobacter hormaechei subsp. steigerwaltii JBBDAAF-19-0018","cefozopran","",">16",">","16","mg/L","MIC","","","Beckman Coulter Inc","CLSI",2021,"","","","Laboratory Method","","[38052776]"
299766,"299766.337","Enterobacter hormaechei subsp. steigerwaltii JBEDACG-19-0107","amikacin","","<=4","<=","4","mg/L","MIC","","","Beckman Coulter Inc","CLSI",2021,"","","","Laboratory Method","","[38052776]"
299766,"299766.290","Enterobacter hormaechei subsp. steigerwaltii JBBDAAF-19-0070","colistin","","<=1","<=","1","mg/L","MIC","","","Beckman Coulter Inc","CLSI",2021,"","","","Laboratory Method","","[38052776]"
299766,"299766.310","Enterobacter hormaechei subsp. steigerwaltii JBBGAAF-19-0022","tobramycin","","<=1","<=","1","mg/L","MIC","","","Beckman Coulter Inc","CLSI",2021,"","","","Laboratory Method","","[38052776]"
299766,"299766.267","Enterobacter hormaechei subsp. steigerwaltii JBAFAAB-19-0055","ceftazidime/clavulanic acid","",">32",">","32","mg/L","MIC","","","Beckman Coulter Inc","CLSI",2021,"","","","Laboratory Method","","[38052776]"
299766,"299766.266","Enterobacter hormaechei subsp. steigerwaltii JBABADI-19-0091","tigecycline","","2","","2","mg/L","MIC","","","Beckman Coulter Inc","CLSI",2021,"","","","Laboratory Method","","[38052776]"
299766,"299766.266","Enterobacter hormaechei subsp. steigerwaltii JBABADI-19-0091","cefepime","",">16",">","16","mg/L","MIC","","","Beckman Coulter Inc","CLSI",2021,"","","","Laboratory Method","","[38052776]"
299766,"299766.291","Enterobacter hormaechei subsp. steigerwaltii JBBDAAF-19-0142","imipenem","","4","","4","mg/L","MIC","","","Beckman Coulter Inc","CLSI",2021,"","","","Laboratory Method","","[38052776]"
299766,"299766.333","Enterobacter hormaechei subsp. steigerwaltii JBEAAEE-19-0141","cefozopran","",">16",">","16","mg/L","MIC","","","Beckman Coulter Inc","CLSI",2021,"","","","Laboratory Method","","[38052776]"
299766,"299766.322","Enterobacter hormaechei subsp. steigerwaltii JBDGAAB-19-0032","cefepime","","<=1","<=","1","mg/L","MIC","","","Beckman Coulter Inc","CLSI",2021,"","","","Laboratory Method","","[38052776]"
299766,"299766.344","Enterobacter hormaechei subsp. steigerwaltii JBDJAAE-19-0102","piperacillin","",">64",">","64","mg/L","MIC","","","Beckman Coulter Inc","CLSI",2021,"","","","Laboratory Method","","[38052776]"
299766,"299766.291","Enterobacter hormaechei subsp. steigerwaltii JBBDAAF-19-0142","ceftazidime/clavulanic acid","",">32",">","32","mg/L","MIC","","","Beckman Coulter Inc","CLSI",2021,"","","","Laboratory Method","","[38052776]"
299766,"299766.328","Enterobacter hormaechei subsp. steigerwaltii JBEAAEE-19-0001","ceftazidime/clavulanic acid","",">32",">","32","mg/L","MIC","","","Beckman Coulter Inc","CLSI",2021,"","","","Laboratory Method","","[38052776]"
299766,"299766.349","Enterobacter hormaechei subsp. steigerwaltii JBEAACG-19-0097","fosfomycin","","16","","16","mg/L","MIC","","","Beckman Coulter Inc","CLSI",2021,"","","","Laboratory Method","","[38052776]"
299766,"299766.285","Enterobacter hormaechei subsp. steigerwaltii JBBDAAB-19-0061","ceftriaxone","",">64",">","64","mg/L","MIC","","","Beckman Coulter Inc","CLSI",2021,"","","","Laboratory Method","","[38052776]"
299766,"299766.324","Enterobacter hormaechei subsp. steigerwaltii JBDGAAB-19-0118","piperacillin","","<=4","<=","4","mg/L","MIC","","","Beckman Coulter Inc","CLSI",2021,"","","","Laboratory Method","","[38052776]"
299766,"299766.302","Enterobacter hormaechei subsp. steigerwaltii JBBDAJB-19-0020","imipenem","","2","","2","mg/L","MIC","","","Beckman Coulter Inc","CLSI",2021,"","","","Laboratory Method","","[38052776]"
299766,"299766.304","Enterobacter hormaechei subsp. steigerwaltii JBBDAJB-19-0015","piperacillin","",">64",">","64","mg/L","MIC","","","Beckman Coulter Inc","CLSI",2021,"","","","Laboratory Method","","[38052776]"
299766,"299766.279","Enterobacter hormaechei subsp. steigerwaltii JBBCADC-19-0002","cefuroxime","",">32",">","32","mg/L","MIC","","","Beckman Coulter Inc","CLSI",2021,"","","","Laboratory Method","","[38052776]"
299766,"299766.324","Enterobacter hormaechei subsp. steigerwaltii JBDGAAB-19-0118","amikacin","","<=4","<=","4","mg/L","MIC","","","Beckman Coulter Inc","CLSI",2021,"","","","Laboratory Method","","[38052776]"
299766,"299766.301","Enterobacter hormaechei subsp. steigerwaltii JBBDAGF-19-0055","cefotaxime","",">128",">","128","mg/L","MIC","","","Beckman Coulter Inc","CLSI",2021,"","","","Laboratory Method","","[38052776]"
299766,"299766.290","Enterobacter hormaechei subsp. steigerwaltii JBBDAAF-19-0070","cefotaxime/clavulanic acid","",">32",">","32","mg/L","MIC","","","Beckman Coulter Inc","CLSI",2021,"","","","Laboratory Method","","[38052776]"
299766,"299766.315","Enterobacter hormaechei subsp. steigerwaltii JBCGAAG-19-0534","piperacillin/tazobactam","","32","","32","mg/L","MIC","","","Beckman Coulter Inc","CLSI",2021,"","","","Laboratory Method","","[38052776]"
299766,"299766.326","Enterobacter hormaechei subsp. steigerwaltii JBEAACH-19-0177","cefozopran","","<=1","<=","1","mg/L","MIC","","","Beckman Coulter Inc","CLSI",2021,"","","","Laboratory Method","","[38052776]"
299766,"299766.334","Enterobacter hormaechei subsp. steigerwaltii JBEAAFA-19-0408","imipenem","","1","","1","mg/L","MIC","","","Beckman Coulter Inc","CLSI",2021,"","","","Laboratory Method","","[38052776]"
299766,"299766.277","Enterobacter hormaechei subsp. steigerwaltii JBBCAAG-19-0003","cefoperazone/sulbactam","",">32/16",">","32/16","mg/L","MIC","","","Beckman Coulter Inc","CLSI",2021,"","","","Laboratory Method","","[38052776]"
299766,"299766.299","Enterobacter hormaechei subsp. steigerwaltii JBBDAGF-19-0016","cefotetan","","<=1","<=","1","mg/L","MIC","","","Beckman Coulter Inc","CLSI",2021,"","","","Laboratory Method","","[38052776]"
299766,"299766.270","Enterobacter hormaechei subsp. steigerwaltii JBAJAAH-19-0047","cefotetan","",">32",">","32","mg/L","MIC","","","Beckman Coulter Inc","CLSI",2021,"","","","Laboratory Method","","[38052776]"
299766,"299766.269","Enterobacter hormaechei subsp. steigerwaltii JBAIAAD-19-0115","piperacillin/tazobactam","",">64",">","64","mg/L","MIC","","","Beckman Coulter Inc","CLSI",2021,"","","","Laboratory Method","","[38052776]"
299766,"299766.280","Enterobacter hormaechei subsp. steigerwaltii JBBCADC-19-0142","chloramphenicol","","<=8","<=","8","mg/L","MIC","","","Beckman Coulter Inc","CLSI",2021,"","","","Laboratory Method","","[38052776]"
299766,"299766.346","Enterobacter hormaechei subsp. steigerwaltii JBCBAAD-19-0109","chloramphenicol","","<=8","<=","8","mg/L","MIC","","","Beckman Coulter Inc","CLSI",2021,"","","","Laboratory Method","","[38052776]"
299766,"299766.344","Enterobacter hormaechei subsp. steigerwaltii JBDJAAE-19-0102","aztreonam","",">16",">","16","mg/L","MIC","","","Beckman Coulter Inc","CLSI",2021,"","","","Laboratory Method","","[38052776]"
299766,"299766.331","Enterobacter hormaechei subsp. steigerwaltii JBEAAEE-19-0042","piperacillin","",">64",">","64","mg/L","MIC","","","Beckman Coulter Inc","CLSI",2021,"","","","Laboratory Method","","[38052776]"
299766,"299766.338","Enterobacter hormaechei subsp. steigerwaltii JBEHAAB-19-0192","minocycline","","4","","4","mg/L","MIC","","","Beckman Coulter Inc","CLSI",2021,"","","","Laboratory Method","","[38052776]"
299766,"299766.342","Enterobacter hormaechei subsp. steigerwaltii JBEAAAD-19-0047","amikacin","","<=4","<=","4","mg/L","MIC","","","Beckman Coulter Inc","CLSI",2021,"","","","Laboratory Method","","[38052776]"
299766,"299766.281","Enterobacter hormaechei subsp. steigerwaltii JBBCADC-19-0145","amikacin","","<=4","<=","4","mg/L","MIC","","","Beckman Coulter Inc","CLSI",2021,"","","","Laboratory Method","","[38052776]"
299766,"299766.337","Enterobacter hormaechei subsp. steigerwaltii JBEDACG-19-0107","cefotaxime/clavulanic acid","",">32",">","32","mg/L","MIC","","","Beckman Coulter Inc","CLSI",2021,"","","","Laboratory Method","","[38052776]"
299766,"299766.313","Enterobacter hormaechei subsp. steigerwaltii JBCDAAB-19-0062","meropenem","","<=0.5","<=","0.5","mg/L","MIC","","","Beckman Coulter Inc","CLSI",2021,"","","","Laboratory Method","","[38052776]"
299766,"299766.314","Enterobacter hormaechei subsp. steigerwaltii JBCDABA-19-0190","piperacillin/tazobactam","","<=4","<=","4","mg/L","MIC","","","Beckman Coulter Inc","CLSI",2021,"","","","Laboratory Method","","[38052776]"
299766,"299766.312","Enterobacter hormaechei subsp. steigerwaltii JBCBAAJ-19-0100","cefpodoxime","",">64",">","64","mg/L","MIC","","","Beckman Coulter Inc","CLSI",2021,"","","","Laboratory Method","","[38052776]"
299766,"299766.301","Enterobacter hormaechei subsp. steigerwaltii JBBDAGF-19-0055","ampicillin/sulbactam","",">32/16",">","32/16","mg/L","MIC","","","Beckman Coulter Inc","CLSI",2021,"","","","Laboratory Method","","[38052776]"
299766,"299766.268","Enterobacter hormaechei subsp. steigerwaltii JBAGABE-19-0098","tobramycin","","4","","4","mg/L","MIC","","","Beckman Coulter Inc","CLSI",2021,"","","","Laboratory Method","","[38052776]"
299766,"299766.290","Enterobacter hormaechei subsp. steigerwaltii JBBDAAF-19-0070","tigecycline","","1","","1","mg/L","MIC","","","Beckman Coulter Inc","CLSI",2021,"","","","Laboratory Method","","[38052776]"
299766,"299766.291","Enterobacter hormaechei subsp. steigerwaltii JBBDAAF-19-0142","amikacin","","<=4","<=","4","mg/L","MIC","","","Beckman Coulter Inc","CLSI",2021,"","","","Laboratory Method","","[38052776]"
299766,"299766.343","Enterobacter hormaechei subsp. steigerwaltii JBCDACH-19-0001","tobramycin","","<=1","<=","1","mg/L","MIC","","","Beckman Coulter Inc","CLSI",2021,"","","","Laboratory Method","","[38052776]"
299766,"299766.295","Enterobacter hormaechei subsp. steigerwaltii JBBDABE-19-0091","fosfomycin","","<=4","<=","4","mg/L","MIC","","","Beckman Coulter Inc","CLSI",2021,"","","","Laboratory Method","","[38052776]"
299766,"299766.346","Enterobacter hormaechei subsp. steigerwaltii JBCBAAD-19-0109","cefpodoxime","",">64",">","64","mg/L","MIC","","","Beckman Coulter Inc","CLSI",2021,"","","","Laboratory Method","","[38052776]"
299766,"299766.283","Enterobacter hormaechei subsp. steigerwaltii JBBDAAB-19-0170","colistin","","<=1","<=","1","mg/L","MIC","","","Beckman Coulter Inc","CLSI",2021,"","","","Laboratory Method","","[38052776]"
299766,"299766.303","Enterobacter hormaechei subsp. steigerwaltii JBBDAJB-19-0014","cefotaxime","",">128",">","128","mg/L","MIC","","","Beckman Coulter Inc","CLSI",2021,"","","","Laboratory Method","","[38052776]"
299766,"299766.283","Enterobacter hormaechei subsp. steigerwaltii JBBDAAB-19-0170","doripenem","","4","","4","mg/L","MIC","","","Beckman Coulter Inc","CLSI",2021,"","","","Laboratory Method","","[38052776]"
299766,"299766.312","Enterobacter hormaechei subsp. steigerwaltii JBCBAAJ-19-0100","colistin","","<=1","<=","1","mg/L","MIC","","","Beckman Coulter Inc","CLSI",2021,"","","","Laboratory Method","","[38052776]"
299766,"299766.266","Enterobacter hormaechei subsp. steigerwaltii JBABADI-19-0091","aztreonam","",">16",">","16","mg/L","MIC","","","Beckman Coulter Inc","CLSI",2021,"","","","Laboratory Method","","[38052776]"
299766,"299766.309","Enterobacter hormaechei subsp. steigerwaltii JBBEABG-19-0028","tobramycin","","8","","8","mg/L","MIC","","","Beckman Coulter Inc","CLSI",2021,"","","","Laboratory Method","","[38052776]"
299766,"299766.273","Enterobacter hormaechei subsp. steigerwaltii JBBBAAB-19-0139","cefepime","","2","","2","mg/L","MIC","","","Beckman Coulter Inc","CLSI",2021,"","","","Laboratory Method","","[38052776]"
299766,"299766.270","Enterobacter hormaechei subsp. steigerwaltii JBAJAAH-19-0047","cefoperazone/sulbactam","",">32/16",">","32/16","mg/L","MIC","","","Beckman Coulter Inc","CLSI",2021,"","","","Laboratory Method","","[38052776]"
299766,"299766.279","Enterobacter hormaechei subsp. steigerwaltii JBBCADC-19-0002","imipenem","","1","","1","mg/L","MIC","","","Beckman Coulter Inc","CLSI",2021,"","","","Laboratory Method","","[38052776]"
299766,"299766.338","Enterobacter hormaechei subsp. steigerwaltii JBEHAAB-19-0192","meropenem","","<=0.5","<=","0.5","mg/L","MIC","","","Beckman Coulter Inc","CLSI",2021,"","","","Laboratory Method","","[38052776]"
299766,"299766.324","Enterobacter hormaechei subsp. steigerwaltii JBDGAAB-19-0118","trimethoprim/sulfamethoxazole","","<=1/19","<=","1/19","mg/L","MIC","","","Beckman Coulter Inc","CLSI",2021,"","","","Laboratory Method","","[38052776]"
299766,"299766.318","Enterobacter hormaechei subsp. steigerwaltii JBCHACG-19-0419","cefozopran","","8","","8","mg/L","MIC","","","Beckman Coulter Inc","CLSI",2021,"","","","Laboratory Method","","[38052776]"
299766,"299766.325","Enterobacter hormaechei subsp. steigerwaltii JBDGAAB-19-0117","cefotaxime/clavulanic acid","",">32",">","32","mg/L","MIC","","","Beckman Coulter Inc","CLSI",2021,"","","","Laboratory Method","","[38052776]"
299766,"299766.306","Enterobacter hormaechei subsp. steigerwaltii JBBEAAJ-19-0008","cefepime","","4","","4","mg/L","MIC","","","Beckman Coulter Inc","CLSI",2021,"","","","Laboratory Method","","[38052776]"
299766,"299766.310","Enterobacter hormaechei subsp. steigerwaltii JBBGAAF-19-0022","ceftazidime/clavulanic acid","",">32",">","32","mg/L","MIC","","","Beckman Coulter Inc","CLSI",2021,"","","","Laboratory Method","","[38052776]"
299766,"299766.312","Enterobacter hormaechei subsp. steigerwaltii JBCBAAJ-19-0100","ceftazidime","",">16",">","16","mg/L","MIC","","","Beckman Coulter Inc","CLSI",2021,"","","","Laboratory Method","","[38052776]"
299766,"299766.279","Enterobacter hormaechei subsp. steigerwaltii JBBCADC-19-0002","piperacillin/tazobactam","","64","","64","mg/L","MIC","","","Beckman Coulter Inc","CLSI",2021,"","","","Laboratory Method","","[38052776]"
299766,"299766.311","Enterobacter hormaechei subsp. steigerwaltii JBBHAAB-19-0033","gentamicin","","<=1","<=","1","mg/L","MIC","","","Beckman Coulter Inc","CLSI",2021,"","","","Laboratory Method","","[38052776]"
299766,"299766.346","Enterobacter hormaechei subsp. steigerwaltii JBCBAAD-19-0109","trimethoprim/sulfamethoxazole","","<=1/19","<=","1/19","mg/L","MIC","","","Beckman Coulter Inc","CLSI",2021,"","","","Laboratory Method","","[38052776]"
299766,"299766.271","Enterobacter hormaechei subsp. steigerwaltii JBAJAAJ-19-0001","doripenem","","4","","4","mg/L","MIC","","","Beckman Coulter Inc","CLSI",2021,"","","","Laboratory Method","","[38052776]"
299766,"299766.300","Enterobacter hormaechei subsp. steigerwaltii JBBDAGF-19-0034","cefuroxime","",">32",">","32","mg/L","MIC","","","Beckman Coulter Inc","CLSI",2021,"","","","Laboratory Method","","[38052776]"
299766,"299766.309","Enterobacter hormaechei subsp. steigerwaltii JBBEABG-19-0028","cefepime","","4","","4","mg/L","MIC","","","Beckman Coulter Inc","CLSI",2021,"","","","Laboratory Method","","[38052776]"
299766,"299766.266","Enterobacter hormaechei subsp. steigerwaltii JBABADI-19-0091","gentamicin","","<=1","<=","1","mg/L","MIC","","","Beckman Coulter Inc","CLSI",2021,"","","","Laboratory Method","","[38052776]"
299766,"299766.292","Enterobacter hormaechei subsp. steigerwaltii JBBDAAJ-19-0051","levofloxacin","",">8",">","8","mg/L","MIC","","","Beckman Coulter Inc","CLSI",2021,"","","","Laboratory Method","","[38052776]"
299766,"299766.346","Enterobacter hormaechei subsp. steigerwaltii JBCBAAD-19-0109","cefotetan","",">32",">","32","mg/L","MIC","","","Beckman Coulter Inc","CLSI",2021,"","","","Laboratory Method","","[38052776]"
299766,"299766.322","Enterobacter hormaechei subsp. steigerwaltii JBDGAAB-19-0032","cefpodoxime","","8","","8","mg/L","MIC","","","Beckman Coulter Inc","CLSI",2021,"","","","Laboratory Method","","[38052776]"
299766,"299766.289","Enterobacter hormaechei subsp. steigerwaltii JBBDAAF-19-0053","fosfomycin","","<=4","<=","4","mg/L","MIC","","","Beckman Coulter Inc","CLSI",2021,"","","","Laboratory Method","","[38052776]"
299766,"299766.283","Enterobacter hormaechei subsp. steigerwaltii JBBDAAB-19-0170","aztreonam","","<=1","<=","1","mg/L","MIC","","","Beckman Coulter Inc","CLSI",2021,"","","","Laboratory Method","","[38052776]"
299766,"299766.296","Enterobacter hormaechei subsp. steigerwaltii JBBDADH-19-0027","ciprofloxacin","","1","","1","mg/L","MIC","","","Beckman Coulter Inc","CLSI",2021,"","","","Laboratory Method","","[38052776]"
299766,"299766.291","Enterobacter hormaechei subsp. steigerwaltii JBBDAAF-19-0142","piperacillin/tazobactam","","<=4","<=","4","mg/L","MIC","","","Beckman Coulter Inc","CLSI",2021,"","","","Laboratory Method","","[38052776]"
299766,"299766.279","Enterobacter hormaechei subsp. steigerwaltii JBBCADC-19-0002","amikacin","","<=4","<=","4","mg/L","MIC","","","Beckman Coulter Inc","CLSI",2021,"","","","Laboratory Method","","[38052776]"
299766,"299766.329","Enterobacter hormaechei subsp. steigerwaltii JBEAAEE-19-0043","chloramphenicol","",">16",">","16","mg/L","MIC","","","Beckman Coulter Inc","CLSI",2021,"","","","Laboratory Method","","[38052776]"
299766,"299766.348","Enterobacter hormaechei subsp. steigerwaltii JBBBAAB-19-0014","cefepime","",">16",">","16","mg/L","MIC","","","Beckman Coulter Inc","CLSI",2021,"","","","Laboratory Method","","[38052776]"
299766,"299766.303","Enterobacter hormaechei subsp. steigerwaltii JBBDAJB-19-0014","cefoperazone/sulbactam","",">32/16",">","32/16","mg/L","MIC","","","Beckman Coulter Inc","CLSI",2021,"","","","Laboratory Method","","[38052776]"
299766,"299766.330","Enterobacter hormaechei subsp. steigerwaltii JBEAAEE-19-0050","cefepime","",">16",">","16","mg/L","MIC","","","Beckman Coulter Inc","CLSI",2021,"","","","Laboratory Method","","[38052776]"
299766,"299766.291","Enterobacter hormaechei subsp. steigerwaltii JBBDAAF-19-0142","levofloxacin","","<=0.5","<=","0.5","mg/L","MIC","","","Beckman Coulter Inc","CLSI",2021,"","","","Laboratory Method","","[38052776]"
299766,"299766.338","Enterobacter hormaechei subsp. steigerwaltii JBEHAAB-19-0192","ceftazidime/clavulanic acid","",">32",">","32","mg/L","MIC","","","Beckman Coulter Inc","CLSI",2021,"","","","Laboratory Method","","[38052776]"
299766,"299766.326","Enterobacter hormaechei subsp. steigerwaltii JBEAACH-19-0177","cefuroxime","",">32",">","32","mg/L","MIC","","","Beckman Coulter Inc","CLSI",2021,"","","","Laboratory Method","","[38052776]"
299766,"299766.288","Enterobacter hormaechei subsp. steigerwaltii JBBDAAF-19-0049","ampicillin/sulbactam","",">32/16",">","32/16","mg/L","MIC","","","Beckman Coulter Inc","CLSI",2021,"","","","Laboratory Method","","[38052776]"
299766,"299766.314","Enterobacter hormaechei subsp. steigerwaltii JBCDABA-19-0190","cefpodoxime","","2","","2","mg/L","MIC","","","Beckman Coulter Inc","CLSI",2021,"","","","Laboratory Method","","[38052776]"
299766,"299766.267","Enterobacter hormaechei subsp. steigerwaltii JBAFAAB-19-0055","trimethoprim/sulfamethoxazole","",">2/38",">","2/38","mg/L","MIC","","","Beckman Coulter Inc","CLSI",2021,"","","","Laboratory Method","","[38052776]"
299766,"299766.335","Enterobacter hormaechei subsp. steigerwaltii JBEBAAB-19-0102","doripenem","","2","","2","mg/L","MIC","","","Beckman Coulter Inc","CLSI",2021,"","","","Laboratory Method","","[38052776]"
299766,"299766.344","Enterobacter hormaechei subsp. steigerwaltii JBDJAAE-19-0102","cefozopran","",">16",">","16","mg/L","MIC","","","Beckman Coulter Inc","CLSI",2021,"","","","Laboratory Method","","[38052776]"
299766,"299766.311","Enterobacter hormaechei subsp. steigerwaltii JBBHAAB-19-0033","ceftazidime","",">16",">","16","mg/L","MIC","","","Beckman Coulter Inc","CLSI",2021,"","","","Laboratory Method","","[38052776]"
299766,"299766.274","Enterobacter hormaechei subsp. steigerwaltii JBBBAEF-19-0073","cefozopran","",">16",">","16","mg/L","MIC","","","Beckman Coulter Inc","CLSI",2021,"","","","Laboratory Method","","[38052776]"
299766,"299766.332","Enterobacter hormaechei subsp. steigerwaltii JBEAAEE-19-0140","chloramphenicol","","<=8","<=","8","mg/L","MIC","","","Beckman Coulter Inc","CLSI",2021,"","","","Laboratory Method","","[38052776]"
299766,"299766.293","Enterobacter hormaechei subsp. steigerwaltii JBBDAAJ-19-0055","tigecycline","","1","","1","mg/L","MIC","","","Beckman Coulter Inc","CLSI",2021,"","","","Laboratory Method","","[38052776]"
299766,"299766.320","Enterobacter hormaechei subsp. steigerwaltii JBCIAEJ-19-0013","ceftriaxone","","64","","64","mg/L","MIC","","","Beckman Coulter Inc","CLSI",2021,"","","","Laboratory Method","","[38052776]"
299766,"299766.333","Enterobacter hormaechei subsp. steigerwaltii JBEAAEE-19-0141","chloramphenicol","","<=8","<=","8","mg/L","MIC","","","Beckman Coulter Inc","CLSI",2021,"","","","Laboratory Method","","[38052776]"
299766,"299766.304","Enterobacter hormaechei subsp. steigerwaltii JBBDAJB-19-0015","cefpodoxime","",">64",">","64","mg/L","MIC","","","Beckman Coulter Inc","CLSI",2021,"","","","Laboratory Method","","[38052776]"
299766,"299766.326","Enterobacter hormaechei subsp. steigerwaltii JBEAACH-19-0177","chloramphenicol","","<=8","<=","8","mg/L","MIC","","","Beckman Coulter Inc","CLSI",2021,"","","","Laboratory Method","","[38052776]"
299766,"299766.324","Enterobacter hormaechei subsp. steigerwaltii JBDGAAB-19-0118","tigecycline","","1","","1","mg/L","MIC","","","Beckman Coulter Inc","CLSI",2021,"","","","Laboratory Method","","[38052776]"
299766,"299766.329","Enterobacter hormaechei subsp. steigerwaltii JBEAAEE-19-0043","cefoperazone/sulbactam","",">32/16",">","32/16","mg/L","MIC","","","Beckman Coulter Inc","CLSI",2021,"","","","Laboratory Method","","[38052776]"
299766,"299766.266","Enterobacter hormaechei subsp. steigerwaltii JBABADI-19-0091","ceftazidime/clavulanic acid","",">32",">","32","mg/L","MIC","","","Beckman Coulter Inc","CLSI",2021,"","","","Laboratory Method","","[38052776]"
299766,"299766.272","Enterobacter hormaechei subsp. steigerwaltii JBBBAAB-19-0138","piperacillin/tazobactam","","<=4","<=","4","mg/L","MIC","","","Beckman Coulter Inc","CLSI",2021,"","","","Laboratory Method","","[38052776]"
299766,"299766.268","Enterobacter hormaechei subsp. steigerwaltii JBAGABE-19-0098","piperacillin/tazobactam","","16","","16","mg/L","MIC","","","Beckman Coulter Inc","CLSI",2021,"","","","Laboratory Method","","[38052776]"
299766,"299766.278","Enterobacter hormaechei subsp. steigerwaltii JBBCAAG-19-0004","ceftriaxone","","64","","64","mg/L","MIC","","","Beckman Coulter Inc","CLSI",2021,"","","","Laboratory Method","","[38052776]"
299766,"299766.312","Enterobacter hormaechei subsp. steigerwaltii JBCBAAJ-19-0100","cefuroxime","",">32",">","32","mg/L","MIC","","","Beckman Coulter Inc","CLSI",2021,"","","","Laboratory Method","","[38052776]"
299766,"299766.265","Enterobacter hormaechei subsp. steigerwaltii JBABADI-19-0083","cefepime","",">16",">","16","mg/L","MIC","","","Beckman Coulter Inc","CLSI",2021,"","","","Laboratory Method","","[38052776]"
299766,"299766.280","Enterobacter hormaechei subsp. steigerwaltii JBBCADC-19-0142","aztreonam","","<=1","<=","1","mg/L","MIC","","","Beckman Coulter Inc","CLSI",2021,"","","","Laboratory Method","","[38052776]"
299766,"299766.338","Enterobacter hormaechei subsp. steigerwaltii JBEHAAB-19-0192","ceftazidime","",">16",">","16","mg/L","MIC","","","Beckman Coulter Inc","CLSI",2021,"","","","Laboratory Method","","[38052776]"
299766,"299766.285","Enterobacter hormaechei subsp. steigerwaltii JBBDAAB-19-0061","ceftazidime/clavulanic acid","",">32",">","32","mg/L","MIC","","","Beckman Coulter Inc","CLSI",2021,"","","","Laboratory Method","","[38052776]"
299766,"299766.275","Enterobacter hormaechei subsp. steigerwaltii JBBCAAG-19-0001","tigecycline","","1","","1","mg/L","MIC","","","Beckman Coulter Inc","CLSI",2021,"","","","Laboratory Method","","[38052776]"
299766,"299766.314","Enterobacter hormaechei subsp. steigerwaltii JBCDABA-19-0190","ceftazidime","","<=1","<=","1","mg/L","MIC","","","Beckman Coulter Inc","CLSI",2021,"","","","Laboratory Method","","[38052776]"
299766,"299766.276","Enterobacter hormaechei subsp. steigerwaltii JBBCAAG-19-0002","cefotetan","",">32",">","32","mg/L","MIC","","","Beckman Coulter Inc","CLSI",2021,"","","","Laboratory Method","","[38052776]"
299766,"299766.349","Enterobacter hormaechei subsp. steigerwaltii JBEAACG-19-0097","ceftazidime/clavulanic acid","",">32",">","32","mg/L","MIC","","","Beckman Coulter Inc","CLSI",2021,"","","","Laboratory Method","","[38052776]"
299766,"299766.283","Enterobacter hormaechei subsp. steigerwaltii JBBDAAB-19-0170","cefuroxime","",">32",">","32","mg/L","MIC","","","Beckman Coulter Inc","CLSI",2021,"","","","Laboratory Method","","[38052776]"
299766,"299766.307","Enterobacter hormaechei subsp. steigerwaltii JBBEAAJ-19-0005","tigecycline","","1","","1","mg/L","MIC","","","Beckman Coulter Inc","CLSI",2021,"","","","Laboratory Method","","[38052776]"
299766,"299766.279","Enterobacter hormaechei subsp. steigerwaltii JBBCADC-19-0002","cefotaxime","","128","","128","mg/L","MIC","","","Beckman Coulter Inc","CLSI",2021,"","","","Laboratory Method","","[38052776]"
299766,"299766.324","Enterobacter hormaechei subsp. steigerwaltii JBDGAAB-19-0118","minocycline","","2","","2","mg/L","MIC","","","Beckman Coulter Inc","CLSI",2021,"","","","Laboratory Method","","[38052776]"
299766,"299766.297","Enterobacter hormaechei subsp. steigerwaltii JBBDAFG-19-0124","cefmetazole","",">32",">","32","mg/L","MIC","","","Beckman Coulter Inc","CLSI",2021,"","","","Laboratory Method","","[38052776]"
299766,"299766.321","Enterobacter hormaechei subsp. steigerwaltii JBDDAAF-19-0084","cefozopran","","4","","4","mg/L","MIC","","","Beckman Coulter Inc","CLSI",2021,"","","","Laboratory Method","","[38052776]"
299766,"299766.300","Enterobacter hormaechei subsp. steigerwaltii JBBDAGF-19-0034","cefozopran","","16","","16","mg/L","MIC","","","Beckman Coulter Inc","CLSI",2021,"","","","Laboratory Method","","[38052776]"
299766,"299766.292","Enterobacter hormaechei subsp. steigerwaltii JBBDAAJ-19-0051","cefepime","",">16",">","16","mg/L","MIC","","","Beckman Coulter Inc","CLSI",2021,"","","","Laboratory Method","","[38052776]"
299766,"299766.287","Enterobacter hormaechei subsp. steigerwaltii JBBDAAF-19-0018","meropenem","","2","","2","mg/L","MIC","","","Beckman Coulter Inc","CLSI",2021,"","","","Laboratory Method","","[38052776]"
299766,"299766.331","Enterobacter hormaechei subsp. steigerwaltii JBEAAEE-19-0042","ceftriaxone","","32","","32","mg/L","MIC","","","Beckman Coulter Inc","CLSI",2021,"","","","Laboratory Method","","[38052776]"
299766,"299766.308","Enterobacter hormaechei subsp. steigerwaltii JBBEABA-19-0025","ceftazidime","",">16",">","16","mg/L","MIC","","","Beckman Coulter Inc","CLSI",2021,"","","","Laboratory Method","","[38052776]"
299766,"299766.338","Enterobacter hormaechei subsp. steigerwaltii JBEHAAB-19-0192","cefepime","","2","","2","mg/L","MIC","","","Beckman Coulter Inc","CLSI",2021,"","","","Laboratory Method","","[38052776]"
299766,"299766.338","Enterobacter hormaechei subsp. steigerwaltii JBEHAAB-19-0192","cefuroxime","",">32",">","32","mg/L","MIC","","","Beckman Coulter Inc","CLSI",2021,"","","","Laboratory Method","","[38052776]"
299766,"299766.317","Enterobacter hormaechei subsp. steigerwaltii JBCHACG-19-0311","levofloxacin","","<=0.5","<=","0.5","mg/L","MIC","","","Beckman Coulter Inc","CLSI",2021,"","","","Laboratory Method","","[38052776]"
299766,"299766.339","Enterobacter hormaechei subsp. steigerwaltii JBAGABE-19-0120","fosfomycin","","16","","16","mg/L","MIC","","","Beckman Coulter Inc","CLSI",2021,"","","","Laboratory Method","","[38052776]"
299766,"299766.336","Enterobacter hormaechei subsp. steigerwaltii JBEDACG-19-0108","cefotaxime/clavulanic acid","",">32",">","32","mg/L","MIC","","","Beckman Coulter Inc","CLSI",2021,"","","","Laboratory Method","","[38052776]"
299766,"299766.284","Enterobacter hormaechei subsp. steigerwaltii JBBDAAB-19-0177","tobramycin","","4","","4","mg/L","MIC","","","Beckman Coulter Inc","CLSI",2021,"","","","Laboratory Method","","[38052776]"
299766,"299766.326","Enterobacter hormaechei subsp. steigerwaltii JBEAACH-19-0177","cefotetan","","16","","16","mg/L","MIC","","","Beckman Coulter Inc","CLSI",2021,"","","","Laboratory Method","","[38052776]"
299766,"299766.284","Enterobacter hormaechei subsp. steigerwaltii JBBDAAB-19-0177","trimethoprim/sulfamethoxazole","","<=1/19","<=","1/19","mg/L","MIC","","","Beckman Coulter Inc","CLSI",2021,"","","","Laboratory Method","","[38052776]"
299766,"299766.312","Enterobacter hormaechei subsp. steigerwaltii JBCBAAJ-19-0100","cefmetazole","",">32",">","32","mg/L","MIC","","","Beckman Coulter Inc","CLSI",2021,"","","","Laboratory Method","","[38052776]"
299766,"299766.276","Enterobacter hormaechei subsp. steigerwaltii JBBCAAG-19-0002","ciprofloxacin","","<=0.25","<=","0.25","mg/L","MIC","","","Beckman Coulter Inc","CLSI",2021,"","","","Laboratory Method","","[38052776]"
299766,"299766.286","Enterobacter hormaechei subsp. steigerwaltii JBBDAAB-19-0067","ceftriaxone","",">64",">","64","mg/L","MIC","","","Beckman Coulter Inc","CLSI",2021,"","","","Laboratory Method","","[38052776]"
299766,"299766.281","Enterobacter hormaechei subsp. steigerwaltii JBBCADC-19-0145","minocycline","",">8",">","8","mg/L","MIC","","","Beckman Coulter Inc","CLSI",2021,"","","","Laboratory Method","","[38052776]"
299766,"299766.272","Enterobacter hormaechei subsp. steigerwaltii JBBBAAB-19-0138","meropenem","",">8",">","8","mg/L","MIC","","","Beckman Coulter Inc","CLSI",2021,"","","","Laboratory Method","","[38052776]"
299766,"299766.298","Enterobacter hormaechei subsp. steigerwaltii JBBDAGF-19-0017","fosfomycin","","<=4","<=","4","mg/L","MIC","","","Beckman Coulter Inc","CLSI",2021,"","","","Laboratory Method","","[38052776]"
299766,"299766.307","Enterobacter hormaechei subsp. steigerwaltii JBBEAAJ-19-0005","doripenem","","4","","4","mg/L","MIC","","","Beckman Coulter Inc","CLSI",2021,"","","","Laboratory Method","","[38052776]"
299766,"299766.276","Enterobacter hormaechei subsp. steigerwaltii JBBCAAG-19-0002","imipenem","","1","","1","mg/L","MIC","","","Beckman Coulter Inc","CLSI",2021,"","","","Laboratory Method","","[38052776]"
299766,"299766.327","Enterobacter hormaechei subsp. steigerwaltii JBEAACH-19-0275","tigecycline","","1","","1","mg/L","MIC","","","Beckman Coulter Inc","CLSI",2021,"","","","Laboratory Method","","[38052776]"
299766,"299766.343","Enterobacter hormaechei subsp. steigerwaltii JBCDACH-19-0001","ciprofloxacin","","<=0.25","<=","0.25","mg/L","MIC","","","Beckman Coulter Inc","CLSI",2021,"","","","Laboratory Method","","[38052776]"
299766,"299766.278","Enterobacter hormaechei subsp. steigerwaltii JBBCAAG-19-0004","cefpodoxime","",">64",">","64","mg/L","MIC","","","Beckman Coulter Inc","CLSI",2021,"","","","Laboratory Method","","[38052776]"
299766,"299766.318","Enterobacter hormaechei subsp. steigerwaltii JBCHACG-19-0419","cefotetan","",">32",">","32","mg/L","MIC","","","Beckman Coulter Inc","CLSI",2021,"","","","Laboratory Method","","[38052776]"
299766,"299766.272","Enterobacter hormaechei subsp. steigerwaltii JBBBAAB-19-0138","chloramphenicol","","<=8","<=","8","mg/L","MIC","","","Beckman Coulter Inc","CLSI",2021,"","","","Laboratory Method","","[38052776]"
299766,"299766.268","Enterobacter hormaechei subsp. steigerwaltii JBAGABE-19-0098","minocycline","",">8",">","8","mg/L","MIC","","","Beckman Coulter Inc","CLSI",2021,"","","","Laboratory Method","","[38052776]"
299766,"299766.318","Enterobacter hormaechei subsp. steigerwaltii JBCHACG-19-0419","piperacillin","",">64",">","64","mg/L","MIC","","","Beckman Coulter Inc","CLSI",2021,"","","","Laboratory Method","","[38052776]"
299766,"299766.294","Enterobacter hormaechei subsp. steigerwaltii JBBDABA-19-0004","cefotaxime/clavulanic acid","","32","","32","mg/L","MIC","","","Beckman Coulter Inc","CLSI",2021,"","","","Laboratory Method","","[38052776]"
299766,"299766.291","Enterobacter hormaechei subsp. steigerwaltii JBBDAAF-19-0142","chloramphenicol","","<=8","<=","8","mg/L","MIC","","","Beckman Coulter Inc","CLSI",2021,"","","","Laboratory Method","","[38052776]"
299766,"299766.347","Enterobacter hormaechei subsp. steigerwaltii JBDJAAE-19-0094","piperacillin","",">64",">","64","mg/L","MIC","","","Beckman Coulter Inc","CLSI",2021,"","","","Laboratory Method","","[38052776]"
299766,"299766.343","Enterobacter hormaechei subsp. steigerwaltii JBCDACH-19-0001","cefoperazone/sulbactam","","<=8/4","<=","8/4","mg/L","MIC","","","Beckman Coulter Inc","CLSI",2021,"","","","Laboratory Method","","[38052776]"
299766,"299766.300","Enterobacter hormaechei subsp. steigerwaltii JBBDAGF-19-0034","cefotaxime/clavulanic acid","","16","","16","mg/L","MIC","","","Beckman Coulter Inc","CLSI",2021,"","","","Laboratory Method","","[38052776]"
299766,"299766.305","Enterobacter hormaechei subsp. steigerwaltii JBBDAJB-19-0023","piperacillin/tazobactam","","<=4","<=","4","mg/L","MIC","","","Beckman Coulter Inc","CLSI",2021,"","","","Laboratory Method","","[38052776]"
299766,"299766.322","Enterobacter hormaechei subsp. steigerwaltii JBDGAAB-19-0032","cefotetan","","<=1","<=","1","mg/L","MIC","","","Beckman Coulter Inc","CLSI",2021,"","","","Laboratory Method","","[38052776]"
299766,"299766.313","Enterobacter hormaechei subsp. steigerwaltii JBCDAAB-19-0062","ciprofloxacin","","<=0.25","<=","0.25","mg/L","MIC","","","Beckman Coulter Inc","CLSI",2021,"","","","Laboratory Method","","[38052776]"
299766,"299766.284","Enterobacter hormaechei subsp. steigerwaltii JBBDAAB-19-0177","cefotaxime","","64","","64","mg/L","MIC","","","Beckman Coulter Inc","CLSI",2021,"","","","Laboratory Method","","[38052776]"
299766,"299766.283","Enterobacter hormaechei subsp. steigerwaltii JBBDAAB-19-0170","ciprofloxacin","","4","","4","mg/L","MIC","","","Beckman Coulter Inc","CLSI",2021,"","","","Laboratory Method","","[38052776]"
299766,"299766.297","Enterobacter hormaechei subsp. steigerwaltii JBBDAFG-19-0124","ciprofloxacin","","2","","2","mg/L","MIC","","","Beckman Coulter Inc","CLSI",2021,"","","","Laboratory Method","","[38052776]"
299766,"299766.286","Enterobacter hormaechei subsp. steigerwaltii JBBDAAB-19-0067","ampicillin/sulbactam","",">32/16",">","32/16","mg/L","MIC","","","Beckman Coulter Inc","CLSI",2021,"","","","Laboratory Method","","[38052776]"
299766,"299766.282","Enterobacter hormaechei subsp. steigerwaltii JBBCAEG-19-0003","minocycline","","4","","4","mg/L","MIC","","","Beckman Coulter Inc","CLSI",2021,"","","","Laboratory Method","","[38052776]"
299766,"299766.298","Enterobacter hormaechei subsp. steigerwaltii JBBDAGF-19-0017","ciprofloxacin","","<=0.25","<=","0.25","mg/L","MIC","","","Beckman Coulter Inc","CLSI",2021,"","","","Laboratory Method","","[38052776]"
299766,"299766.280","Enterobacter hormaechei subsp. steigerwaltii JBBCADC-19-0142","gentamicin","","2","","2","mg/L","MIC","","","Beckman Coulter Inc","CLSI",2021,"","","","Laboratory Method","","[38052776]"
299766,"299766.300","Enterobacter hormaechei subsp. steigerwaltii JBBDAGF-19-0034","doripenem","","2","","2","mg/L","MIC","","","Beckman Coulter Inc","CLSI",2021,"","","","Laboratory Method","","[38052776]"
299766,"299766.331","Enterobacter hormaechei subsp. steigerwaltii JBEAAEE-19-0042","levofloxacin","","2","","2","mg/L","MIC","","","Beckman Coulter Inc","CLSI",2021,"","","","Laboratory Method","","[38052776]"
299766,"299766.267","Enterobacter hormaechei subsp. steigerwaltii JBAFAAB-19-0055","cefotetan","",">32",">","32","mg/L","MIC","","","Beckman Coulter Inc","CLSI",2021,"","","","Laboratory Method","","[38052776]"
299766,"299766.340","Enterobacter hormaechei subsp. steigerwaltii JBEAACG-19-0081","doripenem","","2","","2","mg/L","MIC","","","Beckman Coulter Inc","CLSI",2021,"","","","Laboratory Method","","[38052776]"
299766,"299766.310","Enterobacter hormaechei subsp. steigerwaltii JBBGAAF-19-0022","amikacin","","<=4","<=","4","mg/L","MIC","","","Beckman Coulter Inc","CLSI",2021,"","","","Laboratory Method","","[38052776]"
299766,"299766.317","Enterobacter hormaechei subsp. steigerwaltii JBCHACG-19-0311","aztreonam","","4","","4","mg/L","MIC","","","Beckman Coulter Inc","CLSI",2021,"","","","Laboratory Method","","[38052776]"
299766,"299766.306","Enterobacter hormaechei subsp. steigerwaltii JBBEAAJ-19-0008","ceftazidime/clavulanic acid","",">32",">","32","mg/L","MIC","","","Beckman Coulter Inc","CLSI",2021,"","","","Laboratory Method","","[38052776]"
299766,"299766.312","Enterobacter hormaechei subsp. steigerwaltii JBCBAAJ-19-0100","tobramycin","","<=1","<=","1","mg/L","MIC","","","Beckman Coulter Inc","CLSI",2021,"","","","Laboratory Method","","[38052776]"
299766,"299766.319","Enterobacter hormaechei subsp. steigerwaltii JBCHAFC-19-0064","cefotaxime","",">128",">","128","mg/L","MIC","","","Beckman Coulter Inc","CLSI",2021,"","","","Laboratory Method","","[38052776]"
299766,"299766.326","Enterobacter hormaechei subsp. steigerwaltii JBEAACH-19-0177","cefotaxime","","<=0.5","<=","0.5","mg/L","MIC","","","Beckman Coulter Inc","CLSI",2021,"","","","Laboratory Method","","[38052776]"
299766,"299766.308","Enterobacter hormaechei subsp. steigerwaltii JBBEABA-19-0025","tobramycin","","8","","8","mg/L","MIC","","","Beckman Coulter Inc","CLSI",2021,"","","","Laboratory Method","","[38052776]"
299766,"299766.282","Enterobacter hormaechei subsp. steigerwaltii JBBCAEG-19-0003","colistin","","4","","4","mg/L","MIC","","","Beckman Coulter Inc","CLSI",2021,"","","","Laboratory Method","","[38052776]"
299766,"299766.339","Enterobacter hormaechei subsp. steigerwaltii JBAGABE-19-0120","minocycline","",">8",">","8","mg/L","MIC","","","Beckman Coulter Inc","CLSI",2021,"","","","Laboratory Method","","[38052776]"
299766,"299766.280","Enterobacter hormaechei subsp. steigerwaltii JBBCADC-19-0142","levofloxacin","","<=0.5","<=","0.5","mg/L","MIC","","","Beckman Coulter Inc","CLSI",2021,"","","","Laboratory Method","","[38052776]"
299766,"299766.332","Enterobacter hormaechei subsp. steigerwaltii JBEAAEE-19-0140","cefuroxime","",">32",">","32","mg/L","MIC","","","Beckman Coulter Inc","CLSI",2021,"","","","Laboratory Method","","[38052776]"
299766,"299766.348","Enterobacter hormaechei subsp. steigerwaltii JBBBAAB-19-0014","cefotaxime/clavulanic acid","",">32",">","32","mg/L","MIC","","","Beckman Coulter Inc","CLSI",2021,"","","","Laboratory Method","","[38052776]"
299766,"299766.334","Enterobacter hormaechei subsp. steigerwaltii JBEAAFA-19-0408","tobramycin","","<=1","<=","1","mg/L","MIC","","","Beckman Coulter Inc","CLSI",2021,"","","","Laboratory Method","","[38052776]"
299766,"299766.347","Enterobacter hormaechei subsp. steigerwaltii JBDJAAE-19-0094","cefmetazole","",">32",">","32","mg/L","MIC","","","Beckman Coulter Inc","CLSI",2021,"","","","Laboratory Method","","[38052776]"
299766,"299766.346","Enterobacter hormaechei subsp. steigerwaltii JBCBAAD-19-0109","tigecycline","","1","","1","mg/L","MIC","","","Beckman Coulter Inc","CLSI",2021,"","","","Laboratory Method","","[38052776]"
299766,"299766.331","Enterobacter hormaechei subsp. steigerwaltii JBEAAEE-19-0042","aztreonam","","<=1","<=","1","mg/L","MIC","","","Beckman Coulter Inc","CLSI",2021,"","","","Laboratory Method","","[38052776]"
299766,"299766.302","Enterobacter hormaechei subsp. steigerwaltii JBBDAJB-19-0020","cefuroxime","",">32",">","32","mg/L","MIC","","","Beckman Coulter Inc","CLSI",2021,"","","","Laboratory Method","","[38052776]"
299766,"299766.328","Enterobacter hormaechei subsp. steigerwaltii JBEAAEE-19-0001","colistin","","<=1","<=","1","mg/L","MIC","","","Beckman Coulter Inc","CLSI",2021,"","","","Laboratory Method","","[38052776]"
299766,"299766.307","Enterobacter hormaechei subsp. steigerwaltii JBBEAAJ-19-0005","levofloxacin","","<=0.5","<=","0.5","mg/L","MIC","","","Beckman Coulter Inc","CLSI",2021,"","","","Laboratory Method","","[38052776]"
299766,"299766.341","Enterobacter hormaechei subsp. steigerwaltii JBEAACG-19-0092","tobramycin","",">8",">","8","mg/L","MIC","","","Beckman Coulter Inc","CLSI",2021,"","","","Laboratory Method","","[38052776]"
299766,"299766.343","Enterobacter hormaechei subsp. steigerwaltii JBCDACH-19-0001","meropenem","",">8",">","8","mg/L","MIC","","","Beckman Coulter Inc","CLSI",2021,"","","","Laboratory Method","","[38052776]"
299766,"299766.296","Enterobacter hormaechei subsp. steigerwaltii JBBDADH-19-0027","colistin","","<=1","<=","1","mg/L","MIC","","","Beckman Coulter Inc","CLSI",2021,"","","","Laboratory Method","","[38052776]"
299766,"299766.339","Enterobacter hormaechei subsp. steigerwaltii JBAGABE-19-0120","tobramycin","","4","","4","mg/L","MIC","","","Beckman Coulter Inc","CLSI",2021,"","","","Laboratory Method","","[38052776]"
299766,"299766.329","Enterobacter hormaechei subsp. steigerwaltii JBEAAEE-19-0043","cefotetan","",">32",">","32","mg/L","MIC","","","Beckman Coulter Inc","CLSI",2021,"","","","Laboratory Method","","[38052776]"
299766,"299766.337","Enterobacter hormaechei subsp. steigerwaltii JBEDACG-19-0107","chloramphenicol","","16","","16","mg/L","MIC","","","Beckman Coulter Inc","CLSI",2021,"","","","Laboratory Method","","[38052776]"
299766,"299766.302","Enterobacter hormaechei subsp. steigerwaltii JBBDAJB-19-0020","cefoperazone/sulbactam","",">32/16",">","32/16","mg/L","MIC","","","Beckman Coulter Inc","CLSI",2021,"","","","Laboratory Method","","[38052776]"
299766,"299766.306","Enterobacter hormaechei subsp. steigerwaltii JBBEAAJ-19-0008","cefmetazole","",">32",">","32","mg/L","MIC","","","Beckman Coulter Inc","CLSI",2021,"","","","Laboratory Method","","[38052776]"
299766,"299766.335","Enterobacter hormaechei subsp. steigerwaltii JBEBAAB-19-0102","cefepime","","8","","8","mg/L","MIC","","","Beckman Coulter Inc","CLSI",2021,"","","","Laboratory Method","","[38052776]"
299766,"299766.290","Enterobacter hormaechei subsp. steigerwaltii JBBDAAF-19-0070","minocycline","","8","","8","mg/L","MIC","","","Beckman Coulter Inc","CLSI",2021,"","","","Laboratory Method","","[38052776]"
299766,"299766.313","Enterobacter hormaechei subsp. steigerwaltii JBCDAAB-19-0062","trimethoprim/sulfamethoxazole","","<=1/19","<=","1/19","mg/L","MIC","","","Beckman Coulter Inc","CLSI",2021,"","","","Laboratory Method","","[38052776]"
299766,"299766.276","Enterobacter hormaechei subsp. steigerwaltii JBBCAAG-19-0002","cefepime","","8","","8","mg/L","MIC","","","Beckman Coulter Inc","CLSI",2021,"","","","Laboratory Method","","[38052776]"
299766,"299766.295","Enterobacter hormaechei subsp. steigerwaltii JBBDABE-19-0091","cefoperazone/sulbactam","",">32/16",">","32/16","mg/L","MIC","","","Beckman Coulter Inc","CLSI",2021,"","","","Laboratory Method","","[38052776]"
299766,"299766.329","Enterobacter hormaechei subsp. steigerwaltii JBEAAEE-19-0043","fosfomycin","",">16",">","16","mg/L","MIC","","","Beckman Coulter Inc","CLSI",2021,"","","","Laboratory Method","","[38052776]"
299766,"299766.266","Enterobacter hormaechei subsp. steigerwaltii JBABADI-19-0091","ceftriaxone","",">64",">","64","mg/L","MIC","","","Beckman Coulter Inc","CLSI",2021,"","","","Laboratory Method","","[38052776]"
299766,"299766.282","Enterobacter hormaechei subsp. steigerwaltii JBBCAEG-19-0003","cefoperazone/sulbactam","",">32/16",">","32/16","mg/L","MIC","","","Beckman Coulter Inc","CLSI",2021,"","","","Laboratory Method","","[38052776]"
299766,"299766.346","Enterobacter hormaechei subsp. steigerwaltii JBCBAAD-19-0109","cefuroxime","",">32",">","32","mg/L","MIC","","","Beckman Coulter Inc","CLSI",2021,"","","","Laboratory Method","","[38052776]"
299766,"299766.273","Enterobacter hormaechei subsp. steigerwaltii JBBBAAB-19-0139","trimethoprim/sulfamethoxazole","","<=1/19","<=","1/19","mg/L","MIC","","","Beckman Coulter Inc","CLSI",2021,"","","","Laboratory Method","","[38052776]"
299766,"299766.313","Enterobacter hormaechei subsp. steigerwaltii JBCDAAB-19-0062","ceftazidime/clavulanic acid","",">32",">","32","mg/L","MIC","","","Beckman Coulter Inc","CLSI",2021,"","","","Laboratory Method","","[38052776]"
299766,"299766.322","Enterobacter hormaechei subsp. steigerwaltii JBDGAAB-19-0032","ceftriaxone","","<=0.5","<=","0.5","mg/L","MIC","","","Beckman Coulter Inc","CLSI",2021,"","","","Laboratory Method","","[38052776]"
299766,"299766.331","Enterobacter hormaechei subsp. steigerwaltii JBEAAEE-19-0042","tigecycline","","2","","2","mg/L","MIC","","","Beckman Coulter Inc","CLSI",2021,"","","","Laboratory Method","","[38052776]"
299766,"299766.320","Enterobacter hormaechei subsp. steigerwaltii JBCIAEJ-19-0013","cefepime","","<=1","<=","1","mg/L","MIC","","","Beckman Coulter Inc","CLSI",2021,"","","","Laboratory Method","","[38052776]"
299766,"299766.284","Enterobacter hormaechei subsp. steigerwaltii JBBDAAB-19-0177","doripenem","","1","","1","mg/L","MIC","","","Beckman Coulter Inc","CLSI",2021,"","","","Laboratory Method","","[38052776]"
299766,"299766.308","Enterobacter hormaechei subsp. steigerwaltii JBBEABA-19-0025","amikacin","","<=4","<=","4","mg/L","MIC","","","Beckman Coulter Inc","CLSI",2021,"","","","Laboratory Method","","[38052776]"
299766,"299766.321","Enterobacter hormaechei subsp. steigerwaltii JBDDAAF-19-0084","ceftazidime","",">16",">","16","mg/L","MIC","","","Beckman Coulter Inc","CLSI",2021,"","","","Laboratory Method","","[38052776]"
299766,"299766.347","Enterobacter hormaechei subsp. steigerwaltii JBDJAAE-19-0094","chloramphenicol","","<=8","<=","8","mg/L","MIC","","","Beckman Coulter Inc","CLSI",2021,"","","","Laboratory Method","","[38052776]"
299766,"299766.289","Enterobacter hormaechei subsp. steigerwaltii JBBDAAF-19-0053","minocycline","","4","","4","mg/L","MIC","","","Beckman Coulter Inc","CLSI",2021,"","","","Laboratory Method","","[38052776]"
299766,"299766.314","Enterobacter hormaechei subsp. steigerwaltii JBCDABA-19-0190","fosfomycin","","16","","16","mg/L","MIC","","","Beckman Coulter Inc","CLSI",2021,"","","","Laboratory Method","","[38052776]"
299766,"299766.292","Enterobacter hormaechei subsp. steigerwaltii JBBDAAJ-19-0051","aztreonam","",">16",">","16","mg/L","MIC","","","Beckman Coulter Inc","CLSI",2021,"","","","Laboratory Method","","[38052776]"
299766,"299766.308","Enterobacter hormaechei subsp. steigerwaltii JBBEABA-19-0025","ampicillin/sulbactam","",">32/16",">","32/16","mg/L","MIC","","","Beckman Coulter Inc","CLSI",2021,"","","","Laboratory Method","","[38052776]"
299766,"299766.341","Enterobacter hormaechei subsp. steigerwaltii JBEAACG-19-0092","cefotaxime","",">128",">","128","mg/L","MIC","","","Beckman Coulter Inc","CLSI",2021,"","","","Laboratory Method","","[38052776]"
299766,"299766.265","Enterobacter hormaechei subsp. steigerwaltii JBABADI-19-0083","doripenem","",">8",">","8","mg/L","MIC","","","Beckman Coulter Inc","CLSI",2021,"","","","Laboratory Method","","[38052776]"
299766,"299766.321","Enterobacter hormaechei subsp. steigerwaltii JBDDAAF-19-0084","cefotetan","","32","","32","mg/L","MIC","","","Beckman Coulter Inc","CLSI",2021,"","","","Laboratory Method","","[38052776]"
299766,"299766.270","Enterobacter hormaechei subsp. steigerwaltii JBAJAAH-19-0047","meropenem","",">8",">","8","mg/L","MIC","","","Beckman Coulter Inc","CLSI",2021,"","","","Laboratory Method","","[38052776]"
299766,"299766.307","Enterobacter hormaechei subsp. steigerwaltii JBBEAAJ-19-0005","piperacillin","","<=4","<=","4","mg/L","MIC","","","Beckman Coulter Inc","CLSI",2021,"","","","Laboratory Method","","[38052776]"
299766,"299766.346","Enterobacter hormaechei subsp. steigerwaltii JBCBAAD-19-0109","doripenem","","<=0.5","<=","0.5","mg/L","MIC","","","Beckman Coulter Inc","CLSI",2021,"","","","Laboratory Method","","[38052776]"
299766,"299766.275","Enterobacter hormaechei subsp. steigerwaltii JBBCAAG-19-0001","cefotaxime/clavulanic acid","",">32",">","32","mg/L","MIC","","","Beckman Coulter Inc","CLSI",2021,"","","","Laboratory Method","","[38052776]"
299766,"299766.286","Enterobacter hormaechei subsp. steigerwaltii JBBDAAB-19-0067","meropenem","","4","","4","mg/L","MIC","","","Beckman Coulter Inc","CLSI",2021,"","","","Laboratory Method","","[38052776]"
299766,"299766.294","Enterobacter hormaechei subsp. steigerwaltii JBBDABA-19-0004","ciprofloxacin","","1","","1","mg/L","MIC","","","Beckman Coulter Inc","CLSI",2021,"","","","Laboratory Method","","[38052776]"
299766,"299766.323","Enterobacter hormaechei subsp. steigerwaltii JBDGAAB-19-0063","cefuroxime","",">32",">","32","mg/L","MIC","","","Beckman Coulter Inc","CLSI",2021,"","","","Laboratory Method","","[38052776]"
299766,"299766.305","Enterobacter hormaechei subsp. steigerwaltii JBBDAJB-19-0023","meropenem","","8","","8","mg/L","MIC","","","Beckman Coulter Inc","CLSI",2021,"","","","Laboratory Method","","[38052776]"
299766,"299766.308","Enterobacter hormaechei subsp. steigerwaltii JBBEABA-19-0025","cefpodoxime","",">64",">","64","mg/L","MIC","","","Beckman Coulter Inc","CLSI",2021,"","","","Laboratory Method","","[38052776]"
299766,"299766.341","Enterobacter hormaechei subsp. steigerwaltii JBEAACG-19-0092","ampicillin/sulbactam","",">32/16",">","32/16","mg/L","MIC","","","Beckman Coulter Inc","CLSI",2021,"","","","Laboratory Method","","[38052776]"
299766,"299766.300","Enterobacter hormaechei subsp. steigerwaltii JBBDAGF-19-0034","tigecycline","","1","","1","mg/L","MIC","","","Beckman Coulter Inc","CLSI",2021,"","","","Laboratory Method","","[38052776]"
299766,"299766.267","Enterobacter hormaechei subsp. steigerwaltii JBAFAAB-19-0055","meropenem","","<=0.5","<=","0.5","mg/L","MIC","","","Beckman Coulter Inc","CLSI",2021,"","","","Laboratory Method","","[38052776]"
299766,"299766.340","Enterobacter hormaechei subsp. steigerwaltii JBEAACG-19-0081","cefozopran","","16","","16","mg/L","MIC","","","Beckman Coulter Inc","CLSI",2021,"","","","Laboratory Method","","[38052776]"
299766,"299766.274","Enterobacter hormaechei subsp. steigerwaltii JBBBAEF-19-0073","ampicillin/sulbactam","",">32/16",">","32/16","mg/L","MIC","","","Beckman Coulter Inc","CLSI",2021,"","","","Laboratory Method","","[38052776]"
299766,"299766.332","Enterobacter hormaechei subsp. steigerwaltii JBEAAEE-19-0140","cefmetazole","",">32",">","32","mg/L","MIC","","","Beckman Coulter Inc","CLSI",2021,"","","","Laboratory Method","","[38052776]"
299766,"299766.313","Enterobacter hormaechei subsp. steigerwaltii JBCDAAB-19-0062","cefotaxime","","128","","128","mg/L","MIC","","","Beckman Coulter Inc","CLSI",2021,"","","","Laboratory Method","","[38052776]"
299766,"299766.272","Enterobacter hormaechei subsp. steigerwaltii JBBBAAB-19-0138","amikacin","","<=4","<=","4","mg/L","MIC","","","Beckman Coulter Inc","CLSI",2021,"","","","Laboratory Method","","[38052776]"
299766,"299766.325","Enterobacter hormaechei subsp. steigerwaltii JBDGAAB-19-0117","cefuroxime","",">32",">","32","mg/L","MIC","","","Beckman Coulter Inc","CLSI",2021,"","","","Laboratory Method","","[38052776]"
299766,"299766.339","Enterobacter hormaechei subsp. steigerwaltii JBAGABE-19-0120","cefmetazole","",">32",">","32","mg/L","MIC","","","Beckman Coulter Inc","CLSI",2021,"","","","Laboratory Method","","[38052776]"
299766,"299766.330","Enterobacter hormaechei subsp. steigerwaltii JBEAAEE-19-0050","piperacillin","","<=4","<=","4","mg/L","MIC","","","Beckman Coulter Inc","CLSI",2021,"","","","Laboratory Method","","[38052776]"
299766,"299766.278","Enterobacter hormaechei subsp. steigerwaltii JBBCAAG-19-0004","fosfomycin","",">16",">","16","mg/L","MIC","","","Beckman Coulter Inc","CLSI",2021,"","","","Laboratory Method","","[38052776]"
299766,"299766.301","Enterobacter hormaechei subsp. steigerwaltii JBBDAGF-19-0055","cefuroxime","",">32",">","32","mg/L","MIC","","","Beckman Coulter Inc","CLSI",2021,"","","","Laboratory Method","","[38052776]"
299766,"299766.283","Enterobacter hormaechei subsp. steigerwaltii JBBDAAB-19-0170","cefotaxime","","128","","128","mg/L","MIC","","","Beckman Coulter Inc","CLSI",2021,"","","","Laboratory Method","","[38052776]"
299766,"299766.276","Enterobacter hormaechei subsp. steigerwaltii JBBCAAG-19-0002","piperacillin/tazobactam","","64","","64","mg/L","MIC","","","Beckman Coulter Inc","CLSI",2021,"","","","Laboratory Method","","[38052776]"
299766,"299766.325","Enterobacter hormaechei subsp. steigerwaltii JBDGAAB-19-0117","tigecycline","","1","","1","mg/L","MIC","","","Beckman Coulter Inc","CLSI",2021,"","","","Laboratory Method","","[38052776]"
299766,"299766.343","Enterobacter hormaechei subsp. steigerwaltii JBCDACH-19-0001","ampicillin/sulbactam","","16/8","","16/8","mg/L","MIC","","","Beckman Coulter Inc","CLSI",2021,"","","","Laboratory Method","","[38052776]"
299766,"299766.323","Enterobacter hormaechei subsp. steigerwaltii JBDGAAB-19-0063","cefmetazole","","32","","32","mg/L","MIC","","","Beckman Coulter Inc","CLSI",2021,"","","","Laboratory Method","","[38052776]"
299766,"299766.328","Enterobacter hormaechei subsp. steigerwaltii JBEAAEE-19-0001","cefozopran","",">16",">","16","mg/L","MIC","","","Beckman Coulter Inc","CLSI",2021,"","","","Laboratory Method","","[38052776]"
299766,"299766.294","Enterobacter hormaechei subsp. steigerwaltii JBBDABA-19-0004","cefoperazone/sulbactam","",">32/16",">","32/16","mg/L","MIC","","","Beckman Coulter Inc","CLSI",2021,"","","","Laboratory Method","","[38052776]"
299766,"299766.341","Enterobacter hormaechei subsp. steigerwaltii JBEAACG-19-0092","ceftriaxone","",">64",">","64","mg/L","MIC","","","Beckman Coulter Inc","CLSI",2021,"","","","Laboratory Method","","[38052776]"
299766,"299766.280","Enterobacter hormaechei subsp. steigerwaltii JBBCADC-19-0142","doripenem","","4","","4","mg/L","MIC","","","Beckman Coulter Inc","CLSI",2021,"","","","Laboratory Method","","[38052776]"
299766,"299766.286","Enterobacter hormaechei subsp. steigerwaltii JBBDAAB-19-0067","aztreonam","","2","","2","mg/L","MIC","","","Beckman Coulter Inc","CLSI",2021,"","","","Laboratory Method","","[38052776]"
299766,"299766.307","Enterobacter hormaechei subsp. steigerwaltii JBBEAAJ-19-0005","cefotetan","",">32",">","32","mg/L","MIC","","","Beckman Coulter Inc","CLSI",2021,"","","","Laboratory Method","","[38052776]"
299766,"299766.334","Enterobacter hormaechei subsp. steigerwaltii JBEAAFA-19-0408","ceftazidime","",">16",">","16","mg/L","MIC","","","Beckman Coulter Inc","CLSI",2021,"","","","Laboratory Method","","[38052776]"
299766,"299766.289","Enterobacter hormaechei subsp. steigerwaltii JBBDAAF-19-0053","cefmetazole","",">32",">","32","mg/L","MIC","","","Beckman Coulter Inc","CLSI",2021,"","","","Laboratory Method","","[38052776]"
299766,"299766.338","Enterobacter hormaechei subsp. steigerwaltii JBEHAAB-19-0192","amikacin","","<=4","<=","4","mg/L","MIC","","","Beckman Coulter Inc","CLSI",2021,"","","","Laboratory Method","","[38052776]"
299766,"299766.286","Enterobacter hormaechei subsp. steigerwaltii JBBDAAB-19-0067","cefotaxime/clavulanic acid","",">32",">","32","mg/L","MIC","","","Beckman Coulter Inc","CLSI",2021,"","","","Laboratory Method","","[38052776]"
299766,"299766.318","Enterobacter hormaechei subsp. steigerwaltii JBCHACG-19-0419","fosfomycin","","<=4","<=","4","mg/L","MIC","","","Beckman Coulter Inc","CLSI",2021,"","","","Laboratory Method","","[38052776]"
299766,"299766.282","Enterobacter hormaechei subsp. steigerwaltii JBBCAEG-19-0003","tobramycin","","8","","8","mg/L","MIC","","","Beckman Coulter Inc","CLSI",2021,"","","","Laboratory Method","","[38052776]"
299766,"299766.342","Enterobacter hormaechei subsp. steigerwaltii JBEAAAD-19-0047","aztreonam","","<=1","<=","1","mg/L","MIC","","","Beckman Coulter Inc","CLSI",2021,"","","","Laboratory Method","","[38052776]"
299766,"299766.348","Enterobacter hormaechei subsp. steigerwaltii JBBBAAB-19-0014","cefoperazone/sulbactam","",">32/16",">","32/16","mg/L","MIC","","","Beckman Coulter Inc","CLSI",2021,"","","","Laboratory Method","","[38052776]"
299766,"299766.327","Enterobacter hormaechei subsp. steigerwaltii JBEAACH-19-0275","amikacin","","<=4","<=","4","mg/L","MIC","","","Beckman Coulter Inc","CLSI",2021,"","","","Laboratory Method","","[38052776]"
299766,"299766.333","Enterobacter hormaechei subsp. steigerwaltii JBEAAEE-19-0141","doripenem","","1","","1","mg/L","MIC","","","Beckman Coulter Inc","CLSI",2021,"","","","Laboratory Method","","[38052776]"
299766,"299766.272","Enterobacter hormaechei subsp. steigerwaltii JBBBAAB-19-0138","levofloxacin","","<=0.5","<=","0.5","mg/L","MIC","","","Beckman Coulter Inc","CLSI",2021,"","","","Laboratory Method","","[38052776]"
299766,"299766.286","Enterobacter hormaechei subsp. steigerwaltii JBBDAAB-19-0067","cefotaxime","",">128",">","128","mg/L","MIC","","","Beckman Coulter Inc","CLSI",2021,"","","","Laboratory Method","","[38052776]"
299766,"299766.289","Enterobacter hormaechei subsp. steigerwaltii JBBDAAF-19-0053","ceftazidime","",">16",">","16","mg/L","MIC","","","Beckman Coulter Inc","CLSI",2021,"","","","Laboratory Method","","[38052776]"
299766,"299766.299","Enterobacter hormaechei subsp. steigerwaltii JBBDAGF-19-0016","ciprofloxacin","","<=0.25","<=","0.25","mg/L","MIC","","","Beckman Coulter Inc","CLSI",2021,"","","","Laboratory Method","","[38052776]"
299766,"299766.307","Enterobacter hormaechei subsp. steigerwaltii JBBEAAJ-19-0005","colistin","","<=1","<=","1","mg/L","MIC","","","Beckman Coulter Inc","CLSI",2021,"","","","Laboratory Method","","[38052776]"
299766,"299766.337","Enterobacter hormaechei subsp. steigerwaltii JBEDACG-19-0107","trimethoprim/sulfamethoxazole","","<=1/19","<=","1/19","mg/L","MIC","","","Beckman Coulter Inc","CLSI",2021,"","","","Laboratory Method","","[38052776]"
299766,"299766.292","Enterobacter hormaechei subsp. steigerwaltii JBBDAAJ-19-0051","minocycline","","8","","8","mg/L","MIC","","","Beckman Coulter Inc","CLSI",2021,"","","","Laboratory Method","","[38052776]"
299766,"299766.325","Enterobacter hormaechei subsp. steigerwaltii JBDGAAB-19-0117","cefoperazone/sulbactam","",">32/16",">","32/16","mg/L","MIC","","","Beckman Coulter Inc","CLSI",2021,"","","","Laboratory Method","","[38052776]"
299766,"299766.285","Enterobacter hormaechei subsp. steigerwaltii JBBDAAB-19-0061","cefuroxime","",">32",">","32","mg/L","MIC","","","Beckman Coulter Inc","CLSI",2021,"","","","Laboratory Method","","[38052776]"
299766,"299766.314","Enterobacter hormaechei subsp. steigerwaltii JBCDABA-19-0190","levofloxacin","","<=0.5","<=","0.5","mg/L","MIC","","","Beckman Coulter Inc","CLSI",2021,"","","","Laboratory Method","","[38052776]"
299766,"299766.321","Enterobacter hormaechei subsp. steigerwaltii JBDDAAF-19-0084","ceftriaxone","",">64",">","64","mg/L","MIC","","","Beckman Coulter Inc","CLSI",2021,"","","","Laboratory Method","","[38052776]"
299766,"299766.265","Enterobacter hormaechei subsp. steigerwaltii JBABADI-19-0083","gentamicin","","<=1","<=","1","mg/L","MIC","","","Beckman Coulter Inc","CLSI",2021,"","","","Laboratory Method","","[38052776]"
299766,"299766.299","Enterobacter hormaechei subsp. steigerwaltii JBBDAGF-19-0016","imipenem","","<=0.5","<=","0.5","mg/L","MIC","","","Beckman Coulter Inc","CLSI",2021,"","","","Laboratory Method","","[38052776]"
299766,"299766.289","Enterobacter hormaechei subsp. steigerwaltii JBBDAAF-19-0053","chloramphenicol","","<=8","<=","8","mg/L","MIC","","","Beckman Coulter Inc","CLSI",2021,"","","","Laboratory Method","","[38052776]"
299766,"299766.348","Enterobacter hormaechei subsp. steigerwaltii JBBBAAB-19-0014","cefmetazole","",">32",">","32","mg/L","MIC","","","Beckman Coulter Inc","CLSI",2021,"","","","Laboratory Method","","[38052776]"
299766,"299766.313","Enterobacter hormaechei subsp. steigerwaltii JBCDAAB-19-0062","doripenem","","<=0.5","<=","0.5","mg/L","MIC","","","Beckman Coulter Inc","CLSI",2021,"","","","Laboratory Method","","[38052776]"
299766,"299766.311","Enterobacter hormaechei subsp. steigerwaltii JBBHAAB-19-0033","cefozopran","",">16",">","16","mg/L","MIC","","","Beckman Coulter Inc","CLSI",2021,"","","","Laboratory Method","","[38052776]"
299766,"299766.273","Enterobacter hormaechei subsp. steigerwaltii JBBBAAB-19-0139","chloramphenicol","","<=8","<=","8","mg/L","MIC","","","Beckman Coulter Inc","CLSI",2021,"","","","Laboratory Method","","[38052776]"
299766,"299766.279","Enterobacter hormaechei subsp. steigerwaltii JBBCADC-19-0002","trimethoprim/sulfamethoxazole","","<=1/19","<=","1/19","mg/L","MIC","","","Beckman Coulter Inc","CLSI",2021,"","","","Laboratory Method","","[38052776]"
299766,"299766.277","Enterobacter hormaechei subsp. steigerwaltii JBBCAAG-19-0003","piperacillin","",">64",">","64","mg/L","MIC","","","Beckman Coulter Inc","CLSI",2021,"","","","Laboratory Method","","[38052776]"
299766,"299766.293","Enterobacter hormaechei subsp. steigerwaltii JBBDAAJ-19-0055","trimethoprim/sulfamethoxazole","","<=1/19","<=","1/19","mg/L","MIC","","","Beckman Coulter Inc","CLSI",2021,"","","","Laboratory Method","","[38052776]"
299766,"299766.334","Enterobacter hormaechei subsp. steigerwaltii JBEAAFA-19-0408","aztreonam","",">16",">","16","mg/L","MIC","","","Beckman Coulter Inc","CLSI",2021,"","","","Laboratory Method","","[38052776]"
299766,"299766.265","Enterobacter hormaechei subsp. steigerwaltii JBABADI-19-0083","imipenem","",">8",">","8","mg/L","MIC","","","Beckman Coulter Inc","CLSI",2021,"","","","Laboratory Method","","[38052776]"
299766,"299766.333","Enterobacter hormaechei subsp. steigerwaltii JBEAAEE-19-0141","ceftazidime/clavulanic acid","",">32",">","32","mg/L","MIC","","","Beckman Coulter Inc","CLSI",2021,"","","","Laboratory Method","","[38052776]"
299766,"299766.305","Enterobacter hormaechei subsp. steigerwaltii JBBDAJB-19-0023","piperacillin","",">64",">","64","mg/L","MIC","","","Beckman Coulter Inc","CLSI",2021,"","","","Laboratory Method","","[38052776]"
299766,"299766.321","Enterobacter hormaechei subsp. steigerwaltii JBDDAAF-19-0084","cefuroxime","",">32",">","32","mg/L","MIC","","","Beckman Coulter Inc","CLSI",2021,"","","","Laboratory Method","","[38052776]"
299766,"299766.347","Enterobacter hormaechei subsp. steigerwaltii JBDJAAE-19-0094","amikacin","","<=4","<=","4","mg/L","MIC","","","Beckman Coulter Inc","CLSI",2021,"","","","Laboratory Method","","[38052776]"
299766,"299766.269","Enterobacter hormaechei subsp. steigerwaltii JBAIAAD-19-0115","cefotetan","",">32",">","32","mg/L","MIC","","","Beckman Coulter Inc","CLSI",2021,"","","","Laboratory Method","","[38052776]"
299766,"299766.299","Enterobacter hormaechei subsp. steigerwaltii JBBDAGF-19-0016","piperacillin/tazobactam","","<=4","<=","4","mg/L","MIC","","","Beckman Coulter Inc","CLSI",2021,"","","","Laboratory Method","","[38052776]"
299766,"299766.267","Enterobacter hormaechei subsp. steigerwaltii JBAFAAB-19-0055","gentamicin","","<=1","<=","1","mg/L","MIC","","","Beckman Coulter Inc","CLSI",2021,"","","","Laboratory Method","","[38052776]"
299766,"299766.340","Enterobacter hormaechei subsp. steigerwaltii JBEAACG-19-0081","imipenem","","2","","2","mg/L","MIC","","","Beckman Coulter Inc","CLSI",2021,"","","","Laboratory Method","","[38052776]"
299766,"299766.339","Enterobacter hormaechei subsp. steigerwaltii JBAGABE-19-0120","meropenem","","8","","8","mg/L","MIC","","","Beckman Coulter Inc","CLSI",2021,"","","","Laboratory Method","","[38052776]"
299766,"299766.283","Enterobacter hormaechei subsp. steigerwaltii JBBDAAB-19-0170","piperacillin","","8","","8","mg/L","MIC","","","Beckman Coulter Inc","CLSI",2021,"","","","Laboratory Method","","[38052776]"
299766,"299766.345","Enterobacter hormaechei subsp. steigerwaltii JBCBAAD-19-0112","piperacillin","","16","","16","mg/L","MIC","","","Beckman Coulter Inc","CLSI",2021,"","","","Laboratory Method","","[38052776]"
299766,"299766.345","Enterobacter hormaechei subsp. steigerwaltii JBCBAAD-19-0112","amikacin","","<=4","<=","4","mg/L","MIC","","","Beckman Coulter Inc","CLSI",2021,"","","","Laboratory Method","","[38052776]"
299766,"299766.305","Enterobacter hormaechei subsp. steigerwaltii JBBDAJB-19-0023","minocycline","","2","","2","mg/L","MIC","","","Beckman Coulter Inc","CLSI",2021,"","","","Laboratory Method","","[38052776]"
299766,"299766.310","Enterobacter hormaechei subsp. steigerwaltii JBBGAAF-19-0022","ciprofloxacin","","<=0.25","<=","0.25","mg/L","MIC","","","Beckman Coulter Inc","CLSI",2021,"","","","Laboratory Method","","[38052776]"
299766,"299766.273","Enterobacter hormaechei subsp. steigerwaltii JBBBAAB-19-0139","aztreonam","","<=1","<=","1","mg/L","MIC","","","Beckman Coulter Inc","CLSI",2021,"","","","Laboratory Method","","[38052776]"
299766,"299766.322","Enterobacter hormaechei subsp. steigerwaltii JBDGAAB-19-0032","minocycline","","2","","2","mg/L","MIC","","","Beckman Coulter Inc","CLSI",2021,"","","","Laboratory Method","","[38052776]"
299766,"299766.296","Enterobacter hormaechei subsp. steigerwaltii JBBDADH-19-0027","doripenem","","8","","8","mg/L","MIC","","","Beckman Coulter Inc","CLSI",2021,"","","","Laboratory Method","","[38052776]"
299766,"299766.315","Enterobacter hormaechei subsp. steigerwaltii JBCGAAG-19-0534","tigecycline","","1","","1","mg/L","MIC","","","Beckman Coulter Inc","CLSI",2021,"","","","Laboratory Method","","[38052776]"
299766,"299766.283","Enterobacter hormaechei subsp. steigerwaltii JBBDAAB-19-0170","chloramphenicol","","<=8","<=","8","mg/L","MIC","","","Beckman Coulter Inc","CLSI",2021,"","","","Laboratory Method","","[38052776]"
299766,"299766.275","Enterobacter hormaechei subsp. steigerwaltii JBBCAAG-19-0001","aztreonam","",">16",">","16","mg/L","MIC","","","Beckman Coulter Inc","CLSI",2021,"","","","Laboratory Method","","[38052776]"
299766,"299766.291","Enterobacter hormaechei subsp. steigerwaltii JBBDAAF-19-0142","cefotetan","",">32",">","32","mg/L","MIC","","","Beckman Coulter Inc","CLSI",2021,"","","","Laboratory Method","","[38052776]"
299766,"299766.270","Enterobacter hormaechei subsp. steigerwaltii JBAJAAH-19-0047","minocycline","","4","","4","mg/L","MIC","","","Beckman Coulter Inc","CLSI",2021,"","","","Laboratory Method","","[38052776]"
299766,"299766.282","Enterobacter hormaechei subsp. steigerwaltii JBBCAEG-19-0003","ciprofloxacin","","<=0.25","<=","0.25","mg/L","MIC","","","Beckman Coulter Inc","CLSI",2021,"","","","Laboratory Method","","[38052776]"
299766,"299766.316","Enterobacter hormaechei subsp. steigerwaltii JBCHAAE-19-0025","meropenem","","<=0.5","<=","0.5","mg/L","MIC","","","Beckman Coulter Inc","CLSI",2021,"","","","Laboratory Method","","[38052776]"
299766,"299766.298","Enterobacter hormaechei subsp. steigerwaltii JBBDAGF-19-0017","cefuroxime","",">32",">","32","mg/L","MIC","","","Beckman Coulter Inc","CLSI",2021,"","","","Laboratory Method","","[38052776]"
299766,"299766.310","Enterobacter hormaechei subsp. steigerwaltii JBBGAAF-19-0022","cefmetazole","",">32",">","32","mg/L","MIC","","","Beckman Coulter Inc","CLSI",2021,"","","","Laboratory Method","","[38052776]"
299766,"299766.327","Enterobacter hormaechei subsp. steigerwaltii JBEAACH-19-0275","cefotetan","",">32",">","32","mg/L","MIC","","","Beckman Coulter Inc","CLSI",2021,"","","","Laboratory Method","","[38052776]"
299766,"299766.267","Enterobacter hormaechei subsp. steigerwaltii JBAFAAB-19-0055","cefoperazone/sulbactam","",">32/16",">","32/16","mg/L","MIC","","","Beckman Coulter Inc","CLSI",2021,"","","","Laboratory Method","","[38052776]"
299766,"299766.311","Enterobacter hormaechei subsp. steigerwaltii JBBHAAB-19-0033","cefpodoxime","",">64",">","64","mg/L","MIC","","","Beckman Coulter Inc","CLSI",2021,"","","","Laboratory Method","","[38052776]"
299766,"299766.282","Enterobacter hormaechei subsp. steigerwaltii JBBCAEG-19-0003","cefotaxime/clavulanic acid","",">32",">","32","mg/L","MIC","","","Beckman Coulter Inc","CLSI",2021,"","","","Laboratory Method","","[38052776]"
299766,"299766.281","Enterobacter hormaechei subsp. steigerwaltii JBBCADC-19-0145","cefmetazole","",">32",">","32","mg/L","MIC","","","Beckman Coulter Inc","CLSI",2021,"","","","Laboratory Method","","[38052776]"
299766,"299766.317","Enterobacter hormaechei subsp. steigerwaltii JBCHACG-19-0311","imipenem","","1","","1","mg/L","MIC","","","Beckman Coulter Inc","CLSI",2021,"","","","Laboratory Method","","[38052776]"
299766,"299766.344","Enterobacter hormaechei subsp. steigerwaltii JBDJAAE-19-0102","amikacin","","<=4","<=","4","mg/L","MIC","","","Beckman Coulter Inc","CLSI",2021,"","","","Laboratory Method","","[38052776]"
299766,"299766.294","Enterobacter hormaechei subsp. steigerwaltii JBBDABA-19-0004","cefpodoxime","",">64",">","64","mg/L","MIC","","","Beckman Coulter Inc","CLSI",2021,"","","","Laboratory Method","","[38052776]"
299766,"299766.329","Enterobacter hormaechei subsp. steigerwaltii JBEAAEE-19-0043","cefepime","","16","","16","mg/L","MIC","","","Beckman Coulter Inc","CLSI",2021,"","","","Laboratory Method","","[38052776]"
299766,"299766.291","Enterobacter hormaechei subsp. steigerwaltii JBBDAAF-19-0142","cefoperazone/sulbactam","",">32/16",">","32/16","mg/L","MIC","","","Beckman Coulter Inc","CLSI",2021,"","","","Laboratory Method","","[38052776]"
299766,"299766.320","Enterobacter hormaechei subsp. steigerwaltii JBCIAEJ-19-0013","levofloxacin","","<=0.5","<=","0.5","mg/L","MIC","","","Beckman Coulter Inc","CLSI",2021,"","","","Laboratory Method","","[38052776]"
299766,"299766.293","Enterobacter hormaechei subsp. steigerwaltii JBBDAAJ-19-0055","cefotetan","",">32",">","32","mg/L","MIC","","","Beckman Coulter Inc","CLSI",2021,"","","","Laboratory Method","","[38052776]"
299766,"299766.306","Enterobacter hormaechei subsp. steigerwaltii JBBEAAJ-19-0008","trimethoprim/sulfamethoxazole","","<=1/19","<=","1/19","mg/L","MIC","","","Beckman Coulter Inc","CLSI",2021,"","","","Laboratory Method","","[38052776]"
299766,"299766.325","Enterobacter hormaechei subsp. steigerwaltii JBDGAAB-19-0117","aztreonam","",">16",">","16","mg/L","MIC","","","Beckman Coulter Inc","CLSI",2021,"","","","Laboratory Method","","[38052776]"
299766,"299766.293","Enterobacter hormaechei subsp. steigerwaltii JBBDAAJ-19-0055","ceftriaxone","","64","","64","mg/L","MIC","","","Beckman Coulter Inc","CLSI",2021,"","","","Laboratory Method","","[38052776]"
299766,"299766.346","Enterobacter hormaechei subsp. steigerwaltii JBCBAAD-19-0109","cefmetazole","",">32",">","32","mg/L","MIC","","","Beckman Coulter Inc","CLSI",2021,"","","","Laboratory Method","","[38052776]"
299766,"299766.321","Enterobacter hormaechei subsp. steigerwaltii JBDDAAF-19-0084","tigecycline","","<=0.25","<=","0.25","mg/L","MIC","","","Beckman Coulter Inc","CLSI",2021,"","","","Laboratory Method","","[38052776]"
299766,"299766.275","Enterobacter hormaechei subsp. steigerwaltii JBBCAAG-19-0001","cefotetan","",">32",">","32","mg/L","MIC","","","Beckman Coulter Inc","CLSI",2021,"","","","Laboratory Method","","[38052776]"
299766,"299766.326","Enterobacter hormaechei subsp. steigerwaltii JBEAACH-19-0177","cefotaxime/clavulanic acid","","2","","2","mg/L","MIC","","","Beckman Coulter Inc","CLSI",2021,"","","","Laboratory Method","","[38052776]"
299766,"299766.310","Enterobacter hormaechei subsp. steigerwaltii JBBGAAF-19-0022","ceftazidime","",">16",">","16","mg/L","MIC","","","Beckman Coulter Inc","CLSI",2021,"","","","Laboratory Method","","[38052776]"
299766,"299766.323","Enterobacter hormaechei subsp. steigerwaltii JBDGAAB-19-0063","ampicillin/sulbactam","","8/4","","8/4","mg/L","MIC","","","Beckman Coulter Inc","CLSI",2021,"","","","Laboratory Method","","[38052776]"
299766,"299766.299","Enterobacter hormaechei subsp. steigerwaltii JBBDAGF-19-0016","colistin","","<=1","<=","1","mg/L","MIC","","","Beckman Coulter Inc","CLSI",2021,"","","","Laboratory Method","","[38052776]"
299766,"299766.283","Enterobacter hormaechei subsp. steigerwaltii JBBDAAB-19-0170","gentamicin","","2","","2","mg/L","MIC","","","Beckman Coulter Inc","CLSI",2021,"","","","Laboratory Method","","[38052776]"
299766,"299766.285","Enterobacter hormaechei subsp. steigerwaltii JBBDAAB-19-0061","colistin","","<=1","<=","1","mg/L","MIC","","","Beckman Coulter Inc","CLSI",2021,"","","","Laboratory Method","","[38052776]"
299766,"299766.293","Enterobacter hormaechei subsp. steigerwaltii JBBDAAJ-19-0055","cefozopran","",">16",">","16","mg/L","MIC","","","Beckman Coulter Inc","CLSI",2021,"","","","Laboratory Method","","[38052776]"
299766,"299766.337","Enterobacter hormaechei subsp. steigerwaltii JBEDACG-19-0107","piperacillin","",">64",">","64","mg/L","MIC","","","Beckman Coulter Inc","CLSI",2021,"","","","Laboratory Method","","[38052776]"
299766,"299766.337","Enterobacter hormaechei subsp. steigerwaltii JBEDACG-19-0107","cefoperazone/sulbactam","",">32/16",">","32/16","mg/L","MIC","","","Beckman Coulter Inc","CLSI",2021,"","","","Laboratory Method","","[38052776]"
299766,"299766.348","Enterobacter hormaechei subsp. steigerwaltii JBBBAAB-19-0014","chloramphenicol","","16","","16","mg/L","MIC","","","Beckman Coulter Inc","CLSI",2021,"","","","Laboratory Method","","[38052776]"
299766,"299766.292","Enterobacter hormaechei subsp. steigerwaltii JBBDAAJ-19-0051","ampicillin/sulbactam","",">32/16",">","32/16","mg/L","MIC","","","Beckman Coulter Inc","CLSI",2021,"","","","Laboratory Method","","[38052776]"
299766,"299766.330","Enterobacter hormaechei subsp. steigerwaltii JBEAAEE-19-0050","ampicillin/sulbactam","",">32/16",">","32/16","mg/L","MIC","","","Beckman Coulter Inc","CLSI",2021,"","","","Laboratory Method","","[38052776]"
299766,"299766.314","Enterobacter hormaechei subsp. steigerwaltii JBCDABA-19-0190","doripenem","","<=0.5","<=","0.5","mg/L","MIC","","","Beckman Coulter Inc","CLSI",2021,"","","","Laboratory Method","","[38052776]"
299766,"299766.286","Enterobacter hormaechei subsp. steigerwaltii JBBDAAB-19-0067","gentamicin","","2","","2","mg/L","MIC","","","Beckman Coulter Inc","CLSI",2021,"","","","Laboratory Method","","[38052776]"
299766,"299766.331","Enterobacter hormaechei subsp. steigerwaltii JBEAAEE-19-0042","cefoperazone/sulbactam","",">32/16",">","32/16","mg/L","MIC","","","Beckman Coulter Inc","CLSI",2021,"","","","Laboratory Method","","[38052776]"
299766,"299766.273","Enterobacter hormaechei subsp. steigerwaltii JBBBAAB-19-0139","cefmetazole","",">32",">","32","mg/L","MIC","","","Beckman Coulter Inc","CLSI",2021,"","","","Laboratory Method","","[38052776]"
299766,"299766.306","Enterobacter hormaechei subsp. steigerwaltii JBBEAAJ-19-0008","meropenem","","8","","8","mg/L","MIC","","","Beckman Coulter Inc","CLSI",2021,"","","","Laboratory Method","","[38052776]"
299766,"299766.346","Enterobacter hormaechei subsp. steigerwaltii JBCBAAD-19-0109","piperacillin/tazobactam","","<=4","<=","4","mg/L","MIC","","","Beckman Coulter Inc","CLSI",2021,"","","","Laboratory Method","","[38052776]"
299766,"299766.294","Enterobacter hormaechei subsp. steigerwaltii JBBDABA-19-0004","imipenem","","2","","2","mg/L","MIC","","","Beckman Coulter Inc","CLSI",2021,"","","","Laboratory Method","","[38052776]"
299766,"299766.267","Enterobacter hormaechei subsp. steigerwaltii JBAFAAB-19-0055","tigecycline","","1","","1","mg/L","MIC","","","Beckman Coulter Inc","CLSI",2021,"","","","Laboratory Method","","[38052776]"
299766,"299766.266","Enterobacter hormaechei subsp. steigerwaltii JBABADI-19-0091","cefotaxime","",">128",">","128","mg/L","MIC","","","Beckman Coulter Inc","CLSI",2021,"","","","Laboratory Method","","[38052776]"
299766,"299766.285","Enterobacter hormaechei subsp. steigerwaltii JBBDAAB-19-0061","chloramphenicol","","16","","16","mg/L","MIC","","","Beckman Coulter Inc","CLSI",2021,"","","","Laboratory Method","","[38052776]"
299766,"299766.313","Enterobacter hormaechei subsp. steigerwaltii JBCDAAB-19-0062","cefuroxime","",">32",">","32","mg/L","MIC","","","Beckman Coulter Inc","CLSI",2021,"","","","Laboratory Method","","[38052776]"
299766,"299766.334","Enterobacter hormaechei subsp. steigerwaltii JBEAAFA-19-0408","cefozopran","",">16",">","16","mg/L","MIC","","","Beckman Coulter Inc","CLSI",2021,"","","","Laboratory Method","","[38052776]"
299766,"299766.267","Enterobacter hormaechei subsp. steigerwaltii JBAFAAB-19-0055","cefotaxime/clavulanic acid","",">32",">","32","mg/L","MIC","","","Beckman Coulter Inc","CLSI",2021,"","","","Laboratory Method","","[38052776]"
299766,"299766.277","Enterobacter hormaechei subsp. steigerwaltii JBBCAAG-19-0003","piperacillin/tazobactam","","16","","16","mg/L","MIC","","","Beckman Coulter Inc","CLSI",2021,"","","","Laboratory Method","","[38052776]"
299766,"299766.349","Enterobacter hormaechei subsp. steigerwaltii JBEAACG-19-0097","cefpodoxime","",">64",">","64","mg/L","MIC","","","Beckman Coulter Inc","CLSI",2021,"","","","Laboratory Method","","[38052776]"
299766,"299766.278","Enterobacter hormaechei subsp. steigerwaltii JBBCAAG-19-0004","cefuroxime","",">32",">","32","mg/L","MIC","","","Beckman Coulter Inc","CLSI",2021,"","","","Laboratory Method","","[38052776]"
299766,"299766.334","Enterobacter hormaechei subsp. steigerwaltii JBEAAFA-19-0408","tigecycline","","1","","1","mg/L","MIC","","","Beckman Coulter Inc","CLSI",2021,"","","","Laboratory Method","","[38052776]"
299766,"299766.280","Enterobacter hormaechei subsp. steigerwaltii JBBCADC-19-0142","cefpodoxime","",">64",">","64","mg/L","MIC","","","Beckman Coulter Inc","CLSI",2021,"","","","Laboratory Method","","[38052776]"
299766,"299766.289","Enterobacter hormaechei subsp. steigerwaltii JBBDAAF-19-0053","cefuroxime","",">32",">","32","mg/L","MIC","","","Beckman Coulter Inc","CLSI",2021,"","","","Laboratory Method","","[38052776]"
299766,"299766.298","Enterobacter hormaechei subsp. steigerwaltii JBBDAGF-19-0017","aztreonam","","<=1","<=","1","mg/L","MIC","","","Beckman Coulter Inc","CLSI",2021,"","","","Laboratory Method","","[38052776]"
299766,"299766.272","Enterobacter hormaechei subsp. steigerwaltii JBBBAAB-19-0138","tobramycin","","4","","4","mg/L","MIC","","","Beckman Coulter Inc","CLSI",2021,"","","","Laboratory Method","","[38052776]"
299766,"299766.315","Enterobacter hormaechei subsp. steigerwaltii JBCGAAG-19-0534","cefoperazone/sulbactam","","32/16","","32/16","mg/L","MIC","","","Beckman Coulter Inc","CLSI",2021,"","","","Laboratory Method","","[38052776]"
299766,"299766.290","Enterobacter hormaechei subsp. steigerwaltii JBBDAAF-19-0070","cefmetazole","",">32",">","32","mg/L","MIC","","","Beckman Coulter Inc","CLSI",2021,"","","","Laboratory Method","","[38052776]"
299766,"299766.345","Enterobacter hormaechei subsp. steigerwaltii JBCBAAD-19-0112","meropenem","","<=0.5","<=","0.5","mg/L","MIC","","","Beckman Coulter Inc","CLSI",2021,"","","","Laboratory Method","","[38052776]"
299766,"299766.328","Enterobacter hormaechei subsp. steigerwaltii JBEAAEE-19-0001","tobramycin","",">8",">","8","mg/L","MIC","","","Beckman Coulter Inc","CLSI",2021,"","","","Laboratory Method","","[38052776]"
299766,"299766.316","Enterobacter hormaechei subsp. steigerwaltii JBCHAAE-19-0025","imipenem","","<=0.5","<=","0.5","mg/L","MIC","","","Beckman Coulter Inc","CLSI",2021,"","","","Laboratory Method","","[38052776]"
299766,"299766.315","Enterobacter hormaechei subsp. steigerwaltii JBCGAAG-19-0534","cefotaxime","","64","","64","mg/L","MIC","","","Beckman Coulter Inc","CLSI",2021,"","","","Laboratory Method","","[38052776]"
299766,"299766.349","Enterobacter hormaechei subsp. steigerwaltii JBEAACG-19-0097","tigecycline","","1","","1","mg/L","MIC","","","Beckman Coulter Inc","CLSI",2021,"","","","Laboratory Method","","[38052776]"
299766,"299766.269","Enterobacter hormaechei subsp. steigerwaltii JBAIAAD-19-0115","cefoperazone/sulbactam","",">32/16",">","32/16","mg/L","MIC","","","Beckman Coulter Inc","CLSI",2021,"","","","Laboratory Method","","[38052776]"
299766,"299766.336","Enterobacter hormaechei subsp. steigerwaltii JBEDACG-19-0108","colistin","","<=1","<=","1","mg/L","MIC","","","Beckman Coulter Inc","CLSI",2021,"","","","Laboratory Method","","[38052776]"
299766,"299766.321","Enterobacter hormaechei subsp. steigerwaltii JBDDAAF-19-0084","minocycline","","<=1","<=","1","mg/L","MIC","","","Beckman Coulter Inc","CLSI",2021,"","","","Laboratory Method","","[38052776]"
299766,"299766.293","Enterobacter hormaechei subsp. steigerwaltii JBBDAAJ-19-0055","piperacillin","","8","","8","mg/L","MIC","","","Beckman Coulter Inc","CLSI",2021,"","","","Laboratory Method","","[38052776]"
299766,"299766.291","Enterobacter hormaechei subsp. steigerwaltii JBBDAAF-19-0142","meropenem","","4","","4","mg/L","MIC","","","Beckman Coulter Inc","CLSI",2021,"","","","Laboratory Method","","[38052776]"
299766,"299766.265","Enterobacter hormaechei subsp. steigerwaltii JBABADI-19-0083","ampicillin/sulbactam","",">32/16",">","32/16","mg/L","MIC","","","Beckman Coulter Inc","CLSI",2021,"","","","Laboratory Method","","[38052776]"
299766,"299766.337","Enterobacter hormaechei subsp. steigerwaltii JBEDACG-19-0107","cefpodoxime","",">64",">","64","mg/L","MIC","","","Beckman Coulter Inc","CLSI",2021,"","","","Laboratory Method","","[38052776]"
299766,"299766.345","Enterobacter hormaechei subsp. steigerwaltii JBCBAAD-19-0112","trimethoprim/sulfamethoxazole","","<=1/19","<=","1/19","mg/L","MIC","","","Beckman Coulter Inc","CLSI",2021,"","","","Laboratory Method","","[38052776]"
299766,"299766.302","Enterobacter hormaechei subsp. steigerwaltii JBBDAJB-19-0020","ceftazidime/clavulanic acid","",">32",">","32","mg/L","MIC","","","Beckman Coulter Inc","CLSI",2021,"","","","Laboratory Method","","[38052776]"
299766,"299766.340","Enterobacter hormaechei subsp. steigerwaltii JBEAACG-19-0081","cefotaxime/clavulanic acid","","32","","32","mg/L","MIC","","","Beckman Coulter Inc","CLSI",2021,"","","","Laboratory Method","","[38052776]"
299766,"299766.294","Enterobacter hormaechei subsp. steigerwaltii JBBDABA-19-0004","ceftazidime","",">16",">","16","mg/L","MIC","","","Beckman Coulter Inc","CLSI",2021,"","","","Laboratory Method","","[38052776]"
299766,"299766.294","Enterobacter hormaechei subsp. steigerwaltii JBBDABA-19-0004","ampicillin/sulbactam","",">32/16",">","32/16","mg/L","MIC","","","Beckman Coulter Inc","CLSI",2021,"","","","Laboratory Method","","[38052776]"
299766,"299766.333","Enterobacter hormaechei subsp. steigerwaltii JBEAAEE-19-0141","ampicillin/sulbactam","","32/16","","32/16","mg/L","MIC","","","Beckman Coulter Inc","CLSI",2021,"","","","Laboratory Method","","[38052776]"
299766,"299766.304","Enterobacter hormaechei subsp. steigerwaltii JBBDAJB-19-0015","piperacillin/tazobactam","","<=4","<=","4","mg/L","MIC","","","Beckman Coulter Inc","CLSI",2021,"","","","Laboratory Method","","[38052776]"
299766,"299766.292","Enterobacter hormaechei subsp. steigerwaltii JBBDAAJ-19-0051","chloramphenicol","","16","","16","mg/L","MIC","","","Beckman Coulter Inc","CLSI",2021,"","","","Laboratory Method","","[38052776]"
299766,"299766.342","Enterobacter hormaechei subsp. steigerwaltii JBEAAAD-19-0047","cefmetazole","",">32",">","32","mg/L","MIC","","","Beckman Coulter Inc","CLSI",2021,"","","","Laboratory Method","","[38052776]"
299766,"299766.289","Enterobacter hormaechei subsp. steigerwaltii JBBDAAF-19-0053","cefpodoxime","",">64",">","64","mg/L","MIC","","","Beckman Coulter Inc","CLSI",2021,"","","","Laboratory Method","","[38052776]"
299766,"299766.301","Enterobacter hormaechei subsp. steigerwaltii JBBDAGF-19-0055","fosfomycin","","<=4","<=","4","mg/L","MIC","","","Beckman Coulter Inc","CLSI",2021,"","","","Laboratory Method","","[38052776]"
299766,"299766.312","Enterobacter hormaechei subsp. steigerwaltii JBCBAAJ-19-0100","cefotaxime","",">128",">","128","mg/L","MIC","","","Beckman Coulter Inc","CLSI",2021,"","","","Laboratory Method","","[38052776]"
299766,"299766.349","Enterobacter hormaechei subsp. steigerwaltii JBEAACG-19-0097","tobramycin","",">8",">","8","mg/L","MIC","","","Beckman Coulter Inc","CLSI",2021,"","","","Laboratory Method","","[38052776]"
299766,"299766.298","Enterobacter hormaechei subsp. steigerwaltii JBBDAGF-19-0017","chloramphenicol","","<=8","<=","8","mg/L","MIC","","","Beckman Coulter Inc","CLSI",2021,"","","","Laboratory Method","","[38052776]"
299766,"299766.293","Enterobacter hormaechei subsp. steigerwaltii JBBDAAJ-19-0055","cefuroxime","",">32",">","32","mg/L","MIC","","","Beckman Coulter Inc","CLSI",2021,"","","","Laboratory Method","","[38052776]"
299766,"299766.341","Enterobacter hormaechei subsp. steigerwaltii JBEAACG-19-0092","piperacillin","",">64",">","64","mg/L","MIC","","","Beckman Coulter Inc","CLSI",2021,"","","","Laboratory Method","","[38052776]"
299766,"299766.323","Enterobacter hormaechei subsp. steigerwaltii JBDGAAB-19-0063","cefotetan","","<=1","<=","1","mg/L","MIC","","","Beckman Coulter Inc","CLSI",2021,"","","","Laboratory Method","","[38052776]"
299766,"299766.314","Enterobacter hormaechei subsp. steigerwaltii JBCDABA-19-0190","trimethoprim/sulfamethoxazole","",">2/38",">","2/38","mg/L","MIC","","","Beckman Coulter Inc","CLSI",2021,"","","","Laboratory Method","","[38052776]"
299766,"299766.304","Enterobacter hormaechei subsp. steigerwaltii JBBDAJB-19-0015","doripenem","","2","","2","mg/L","MIC","","","Beckman Coulter Inc","CLSI",2021,"","","","Laboratory Method","","[38052776]"
299766,"299766.338","Enterobacter hormaechei subsp. steigerwaltii JBEHAAB-19-0192","doripenem","","<=0.5","<=","0.5","mg/L","MIC","","","Beckman Coulter Inc","CLSI",2021,"","","","Laboratory Method","","[38052776]"
299766,"299766.339","Enterobacter hormaechei subsp. steigerwaltii JBAGABE-19-0120","doripenem","","8","","8","mg/L","MIC","","","Beckman Coulter Inc","CLSI",2021,"","","","Laboratory Method","","[38052776]"
299766,"299766.311","Enterobacter hormaechei subsp. steigerwaltii JBBHAAB-19-0033","imipenem","","1","","1","mg/L","MIC","","","Beckman Coulter Inc","CLSI",2021,"","","","Laboratory Method","","[38052776]"
299766,"299766.313","Enterobacter hormaechei subsp. steigerwaltii JBCDAAB-19-0062","tobramycin","","<=1","<=","1","mg/L","MIC","","","Beckman Coulter Inc","CLSI",2021,"","","","Laboratory Method","","[38052776]"
299766,"299766.310","Enterobacter hormaechei subsp. steigerwaltii JBBGAAF-19-0022","doripenem","","4","","4","mg/L","MIC","","","Beckman Coulter Inc","CLSI",2021,"","","","Laboratory Method","","[38052776]"
299766,"299766.313","Enterobacter hormaechei subsp. steigerwaltii JBCDAAB-19-0062","piperacillin/tazobactam","","64","","64","mg/L","MIC","","","Beckman Coulter Inc","CLSI",2021,"","","","Laboratory Method","","[38052776]"
299766,"299766.278","Enterobacter hormaechei subsp. steigerwaltii JBBCAAG-19-0004","cefotetan","",">32",">","32","mg/L","MIC","","","Beckman Coulter Inc","CLSI",2021,"","","","Laboratory Method","","[38052776]"
299766,"299766.307","Enterobacter hormaechei subsp. steigerwaltii JBBEAAJ-19-0005","cefozopran","",">16",">","16","mg/L","MIC","","","Beckman Coulter Inc","CLSI",2021,"","","","Laboratory Method","","[38052776]"
299766,"299766.326","Enterobacter hormaechei subsp. steigerwaltii JBEAACH-19-0177","amikacin","","<=4","<=","4","mg/L","MIC","","","Beckman Coulter Inc","CLSI",2021,"","","","Laboratory Method","","[38052776]"
299766,"299766.305","Enterobacter hormaechei subsp. steigerwaltii JBBDAJB-19-0023","imipenem","","2","","2","mg/L","MIC","","","Beckman Coulter Inc","CLSI",2021,"","","","Laboratory Method","","[38052776]"
299766,"299766.281","Enterobacter hormaechei subsp. steigerwaltii JBBCADC-19-0145","cefozopran","",">16",">","16","mg/L","MIC","","","Beckman Coulter Inc","CLSI",2021,"","","","Laboratory Method","","[38052776]"
299766,"299766.315","Enterobacter hormaechei subsp. steigerwaltii JBCGAAG-19-0534","cefmetazole","",">32",">","32","mg/L","MIC","","","Beckman Coulter Inc","CLSI",2021,"","","","Laboratory Method","","[38052776]"
299766,"299766.302","Enterobacter hormaechei subsp. steigerwaltii JBBDAJB-19-0020","cefotetan","",">32",">","32","mg/L","MIC","","","Beckman Coulter Inc","CLSI",2021,"","","","Laboratory Method","","[38052776]"
299766,"299766.277","Enterobacter hormaechei subsp. steigerwaltii JBBCAAG-19-0003","tobramycin","","4","","4","mg/L","MIC","","","Beckman Coulter Inc","CLSI",2021,"","","","Laboratory Method","","[38052776]"
299766,"299766.339","Enterobacter hormaechei subsp. steigerwaltii JBAGABE-19-0120","piperacillin/tazobactam","","<=4","<=","4","mg/L","MIC","","","Beckman Coulter Inc","CLSI",2021,"","","","Laboratory Method","","[38052776]"
299766,"299766.318","Enterobacter hormaechei subsp. steigerwaltii JBCHACG-19-0419","ceftazidime/clavulanic acid","",">32",">","32","mg/L","MIC","","","Beckman Coulter Inc","CLSI",2021,"","","","Laboratory Method","","[38052776]"
299766,"299766.294","Enterobacter hormaechei subsp. steigerwaltii JBBDABA-19-0004","levofloxacin","","<=0.5","<=","0.5","mg/L","MIC","","","Beckman Coulter Inc","CLSI",2021,"","","","Laboratory Method","","[38052776]"
299766,"299766.334","Enterobacter hormaechei subsp. steigerwaltii JBEAAFA-19-0408","cefpodoxime","",">64",">","64","mg/L","MIC","","","Beckman Coulter Inc","CLSI",2021,"","","","Laboratory Method","","[38052776]"
299766,"299766.281","Enterobacter hormaechei subsp. steigerwaltii JBBCADC-19-0145","imipenem","","2","","2","mg/L","MIC","","","Beckman Coulter Inc","CLSI",2021,"","","","Laboratory Method","","[38052776]"
299766,"299766.265","Enterobacter hormaechei subsp. steigerwaltii JBABADI-19-0083","cefmetazole","",">32",">","32","mg/L","MIC","","","Beckman Coulter Inc","CLSI",2021,"","","","Laboratory Method","","[38052776]"
299766,"299766.309","Enterobacter hormaechei subsp. steigerwaltii JBBEABG-19-0028","amikacin","","<=4","<=","4","mg/L","MIC","","","Beckman Coulter Inc","CLSI",2021,"","","","Laboratory Method","","[38052776]"
299766,"299766.316","Enterobacter hormaechei subsp. steigerwaltii JBCHAAE-19-0025","cefoperazone/sulbactam","",">32/16",">","32/16","mg/L","MIC","","","Beckman Coulter Inc","CLSI",2021,"","","","Laboratory Method","","[38052776]"
299766,"299766.340","Enterobacter hormaechei subsp. steigerwaltii JBEAACG-19-0081","cefotetan","",">32",">","32","mg/L","MIC","","","Beckman Coulter Inc","CLSI",2021,"","","","Laboratory Method","","[38052776]"
299766,"299766.268","Enterobacter hormaechei subsp. steigerwaltii JBAGABE-19-0098","ampicillin/sulbactam","",">32/16",">","32/16","mg/L","MIC","","","Beckman Coulter Inc","CLSI",2021,"","","","Laboratory Method","","[38052776]"
299766,"299766.315","Enterobacter hormaechei subsp. steigerwaltii JBCGAAG-19-0534","cefozopran","","8","","8","mg/L","MIC","","","Beckman Coulter Inc","CLSI",2021,"","","","Laboratory Method","","[38052776]"
299766,"299766.303","Enterobacter hormaechei subsp. steigerwaltii JBBDAJB-19-0014","cefotaxime/clavulanic acid","",">32",">","32","mg/L","MIC","","","Beckman Coulter Inc","CLSI",2021,"","","","Laboratory Method","","[38052776]"
299766,"299766.270","Enterobacter hormaechei subsp. steigerwaltii JBAJAAH-19-0047","tobramycin","","<=1","<=","1","mg/L","MIC","","","Beckman Coulter Inc","CLSI",2021,"","","","Laboratory Method","","[38052776]"
299766,"299766.339","Enterobacter hormaechei subsp. steigerwaltii JBAGABE-19-0120","cefoperazone/sulbactam","",">32/16",">","32/16","mg/L","MIC","","","Beckman Coulter Inc","CLSI",2021,"","","","Laboratory Method","","[38052776]"
299766,"299766.277","Enterobacter hormaechei subsp. steigerwaltii JBBCAAG-19-0003","imipenem","","2","","2","mg/L","MIC","","","Beckman Coulter Inc","CLSI",2021,"","","","Laboratory Method","","[38052776]"
299766,"299766.297","Enterobacter hormaechei subsp. steigerwaltii JBBDAFG-19-0124","cefotaxime/clavulanic acid","",">32",">","32","mg/L","MIC","","","Beckman Coulter Inc","CLSI",2021,"","","","Laboratory Method","","[38052776]"
299766,"299766.341","Enterobacter hormaechei subsp. steigerwaltii JBEAACG-19-0092","tigecycline","","1","","1","mg/L","MIC","","","Beckman Coulter Inc","CLSI",2021,"","","","Laboratory Method","","[38052776]"
299766,"299766.270","Enterobacter hormaechei subsp. steigerwaltii JBAJAAH-19-0047","colistin","","<=1","<=","1","mg/L","MIC","","","Beckman Coulter Inc","CLSI",2021,"","","","Laboratory Method","","[38052776]"
299766,"299766.318","Enterobacter hormaechei subsp. steigerwaltii JBCHACG-19-0419","levofloxacin","","<=0.5","<=","0.5","mg/L","MIC","","","Beckman Coulter Inc","CLSI",2021,"","","","Laboratory Method","","[38052776]"
299766,"299766.325","Enterobacter hormaechei subsp. steigerwaltii JBDGAAB-19-0117","levofloxacin","","<=0.5","<=","0.5","mg/L","MIC","","","Beckman Coulter Inc","CLSI",2021,"","","","Laboratory Method","","[38052776]"
299766,"299766.338","Enterobacter hormaechei subsp. steigerwaltii JBEHAAB-19-0192","fosfomycin","","16","","16","mg/L","MIC","","","Beckman Coulter Inc","CLSI",2021,"","","","Laboratory Method","","[38052776]"
299766,"299766.349","Enterobacter hormaechei subsp. steigerwaltii JBEAACG-19-0097","minocycline","","4","","4","mg/L","MIC","","","Beckman Coulter Inc","CLSI",2021,"","","","Laboratory Method","","[38052776]"
299766,"299766.321","Enterobacter hormaechei subsp. steigerwaltii JBDDAAF-19-0084","cefotaxime","","64","","64","mg/L","MIC","","","Beckman Coulter Inc","CLSI",2021,"","","","Laboratory Method","","[38052776]"
299766,"299766.326","Enterobacter hormaechei subsp. steigerwaltii JBEAACH-19-0177","piperacillin","","<=4","<=","4","mg/L","MIC","","","Beckman Coulter Inc","CLSI",2021,"","","","Laboratory Method","","[38052776]"
299766,"299766.302","Enterobacter hormaechei subsp. steigerwaltii JBBDAJB-19-0020","piperacillin","",">64",">","64","mg/L","MIC","","","Beckman Coulter Inc","CLSI",2021,"","","","Laboratory Method","","[38052776]"
299766,"299766.300","Enterobacter hormaechei subsp. steigerwaltii JBBDAGF-19-0034","cefepime","","4","","4","mg/L","MIC","","","Beckman Coulter Inc","CLSI",2021,"","","","Laboratory Method","","[38052776]"
299766,"299766.342","Enterobacter hormaechei subsp. steigerwaltii JBEAAAD-19-0047","cefotetan","",">32",">","32","mg/L","MIC","","","Beckman Coulter Inc","CLSI",2021,"","","","Laboratory Method","","[38052776]"
299766,"299766.305","Enterobacter hormaechei subsp. steigerwaltii JBBDAJB-19-0023","cefpodoxime","",">64",">","64","mg/L","MIC","","","Beckman Coulter Inc","CLSI",2021,"","","","Laboratory Method","","[38052776]"
299766,"299766.324","Enterobacter hormaechei subsp. steigerwaltii JBDGAAB-19-0118","ceftazidime","","<=1","<=","1","mg/L","MIC","","","Beckman Coulter Inc","CLSI",2021,"","","","Laboratory Method","","[38052776]"
299766,"299766.287","Enterobacter hormaechei subsp. steigerwaltii JBBDAAF-19-0018","cefotaxime/clavulanic acid","",">32",">","32","mg/L","MIC","","","Beckman Coulter Inc","CLSI",2021,"","","","Laboratory Method","","[38052776]"
299766,"299766.290","Enterobacter hormaechei subsp. steigerwaltii JBBDAAF-19-0070","cefpodoxime","",">64",">","64","mg/L","MIC","","","Beckman Coulter Inc","CLSI",2021,"","","","Laboratory Method","","[38052776]"
299766,"299766.327","Enterobacter hormaechei subsp. steigerwaltii JBEAACH-19-0275","tobramycin","","<=1","<=","1","mg/L","MIC","","","Beckman Coulter Inc","CLSI",2021,"","","","Laboratory Method","","[38052776]"
299766,"299766.323","Enterobacter hormaechei subsp. steigerwaltii JBDGAAB-19-0063","meropenem","","<=0.5","<=","0.5","mg/L","MIC","","","Beckman Coulter Inc","CLSI",2021,"","","","Laboratory Method","","[38052776]"
299766,"299766.300","Enterobacter hormaechei subsp. steigerwaltii JBBDAGF-19-0034","ceftriaxone","","16","","16","mg/L","MIC","","","Beckman Coulter Inc","CLSI",2021,"","","","Laboratory Method","","[38052776]"
299766,"299766.270","Enterobacter hormaechei subsp. steigerwaltii JBAJAAH-19-0047","ceftriaxone","",">64",">","64","mg/L","MIC","","","Beckman Coulter Inc","CLSI",2021,"","","","Laboratory Method","","[38052776]"
299766,"299766.265","Enterobacter hormaechei subsp. steigerwaltii JBABADI-19-0083","ciprofloxacin","","<=0.25","<=","0.25","mg/L","MIC","","","Beckman Coulter Inc","CLSI",2021,"","","","Laboratory Method","","[38052776]"
299766,"299766.275","Enterobacter hormaechei subsp. steigerwaltii JBBCAAG-19-0001","ciprofloxacin","","1","","1","mg/L","MIC","","","Beckman Coulter Inc","CLSI",2021,"","","","Laboratory Method","","[38052776]"
299766,"299766.311","Enterobacter hormaechei subsp. steigerwaltii JBBHAAB-19-0033","chloramphenicol","","<=8","<=","8","mg/L","MIC","","","Beckman Coulter Inc","CLSI",2021,"","","","Laboratory Method","","[38052776]"
299766,"299766.282","Enterobacter hormaechei subsp. steigerwaltii JBBCAEG-19-0003","cefpodoxime","",">64",">","64","mg/L","MIC","","","Beckman Coulter Inc","CLSI",2021,"","","","Laboratory Method","","[38052776]"
299766,"299766.308","Enterobacter hormaechei subsp. steigerwaltii JBBEABA-19-0025","piperacillin/tazobactam","","<=4","<=","4","mg/L","MIC","","","Beckman Coulter Inc","CLSI",2021,"","","","Laboratory Method","","[38052776]"
299766,"299766.342","Enterobacter hormaechei subsp. steigerwaltii JBEAAAD-19-0047","doripenem","","1","","1","mg/L","MIC","","","Beckman Coulter Inc","CLSI",2021,"","","","Laboratory Method","","[38052776]"
299766,"299766.347","Enterobacter hormaechei subsp. steigerwaltii JBDJAAE-19-0094","gentamicin","","4","","4","mg/L","MIC","","","Beckman Coulter Inc","CLSI",2021,"","","","Laboratory Method","","[38052776]"
299766,"299766.302","Enterobacter hormaechei subsp. steigerwaltii JBBDAJB-19-0020","cefozopran","",">16",">","16","mg/L","MIC","","","Beckman Coulter Inc","CLSI",2021,"","","","Laboratory Method","","[38052776]"
299766,"299766.296","Enterobacter hormaechei subsp. steigerwaltii JBBDADH-19-0027","cefepime","",">16",">","16","mg/L","MIC","","","Beckman Coulter Inc","CLSI",2021,"","","","Laboratory Method","","[38052776]"
299766,"299766.304","Enterobacter hormaechei subsp. steigerwaltii JBBDAJB-19-0015","cefotetan","",">32",">","32","mg/L","MIC","","","Beckman Coulter Inc","CLSI",2021,"","","","Laboratory Method","","[38052776]"
299766,"299766.349","Enterobacter hormaechei subsp. steigerwaltii JBEAACG-19-0097","meropenem","","4","","4","mg/L","MIC","","","Beckman Coulter Inc","CLSI",2021,"","","","Laboratory Method","","[38052776]"
299766,"299766.316","Enterobacter hormaechei subsp. steigerwaltii JBCHAAE-19-0025","doripenem","","<=0.5","<=","0.5","mg/L","MIC","","","Beckman Coulter Inc","CLSI",2021,"","","","Laboratory Method","","[38052776]"
299766,"299766.268","Enterobacter hormaechei subsp. steigerwaltii JBAGABE-19-0098","ceftriaxone","",">64",">","64","mg/L","MIC","","","Beckman Coulter Inc","CLSI",2021,"","","","Laboratory Method","","[38052776]"
299766,"299766.340","Enterobacter hormaechei subsp. steigerwaltii JBEAACG-19-0081","trimethoprim/sulfamethoxazole","",">2/38",">","2/38","mg/L","MIC","","","Beckman Coulter Inc","CLSI",2021,"","","","Laboratory Method","","[38052776]"
299766,"299766.313","Enterobacter hormaechei subsp. steigerwaltii JBCDAAB-19-0062","cefozopran","","16","","16","mg/L","MIC","","","Beckman Coulter Inc","CLSI",2021,"","","","Laboratory Method","","[38052776]"
299766,"299766.318","Enterobacter hormaechei subsp. steigerwaltii JBCHACG-19-0419","ceftazidime","",">16",">","16","mg/L","MIC","","","Beckman Coulter Inc","CLSI",2021,"","","","Laboratory Method","","[38052776]"
299766,"299766.310","Enterobacter hormaechei subsp. steigerwaltii JBBGAAF-19-0022","minocycline","","4","","4","mg/L","MIC","","","Beckman Coulter Inc","CLSI",2021,"","","","Laboratory Method","","[38052776]"
299766,"299766.281","Enterobacter hormaechei subsp. steigerwaltii JBBCADC-19-0145","gentamicin","","<=1","<=","1","mg/L","MIC","","","Beckman Coulter Inc","CLSI",2021,"","","","Laboratory Method","","[38052776]"
299766,"299766.278","Enterobacter hormaechei subsp. steigerwaltii JBBCAAG-19-0004","cefepime","","4","","4","mg/L","MIC","","","Beckman Coulter Inc","CLSI",2021,"","","","Laboratory Method","","[38052776]"
299766,"299766.286","Enterobacter hormaechei subsp. steigerwaltii JBBDAAB-19-0067","cefmetazole","",">32",">","32","mg/L","MIC","","","Beckman Coulter Inc","CLSI",2021,"","","","Laboratory Method","","[38052776]"
299766,"299766.345","Enterobacter hormaechei subsp. steigerwaltii JBCBAAD-19-0112","chloramphenicol","","<=8","<=","8","mg/L","MIC","","","Beckman Coulter Inc","CLSI",2021,"","","","Laboratory Method","","[38052776]"
299766,"299766.296","Enterobacter hormaechei subsp. steigerwaltii JBBDADH-19-0027","tobramycin","","8","","8","mg/L","MIC","","","Beckman Coulter Inc","CLSI",2021,"","","","Laboratory Method","","[38052776]"
299766,"299766.271","Enterobacter hormaechei subsp. steigerwaltii JBAJAAJ-19-0001","chloramphenicol","","<=8","<=","8","mg/L","MIC","","","Beckman Coulter Inc","CLSI",2021,"","","","Laboratory Method","","[38052776]"
299766,"299766.316","Enterobacter hormaechei subsp. steigerwaltii JBCHAAE-19-0025","levofloxacin","","<=0.5","<=","0.5","mg/L","MIC","","","Beckman Coulter Inc","CLSI",2021,"","","","Laboratory Method","","[38052776]"
299766,"299766.295","Enterobacter hormaechei subsp. steigerwaltii JBBDABE-19-0091","trimethoprim/sulfamethoxazole","",">2/38",">","2/38","mg/L","MIC","","","Beckman Coulter Inc","CLSI",2021,"","","","Laboratory Method","","[38052776]"
299766,"299766.338","Enterobacter hormaechei subsp. steigerwaltii JBEHAAB-19-0192","ampicillin/sulbactam","",">32/16",">","32/16","mg/L","MIC","","","Beckman Coulter Inc","CLSI",2021,"","","","Laboratory Method","","[38052776]"
299766,"299766.320","Enterobacter hormaechei subsp. steigerwaltii JBCIAEJ-19-0013","amikacin","","<=4","<=","4","mg/L","MIC","","","Beckman Coulter Inc","CLSI",2021,"","","","Laboratory Method","","[38052776]"
299766,"299766.299","Enterobacter hormaechei subsp. steigerwaltii JBBDAGF-19-0016","levofloxacin","","<=0.5","<=","0.5","mg/L","MIC","","","Beckman Coulter Inc","CLSI",2021,"","","","Laboratory Method","","[38052776]"
299766,"299766.279","Enterobacter hormaechei subsp. steigerwaltii JBBCADC-19-0002","ceftazidime","",">16",">","16","mg/L","MIC","","","Beckman Coulter Inc","CLSI",2021,"","","","Laboratory Method","","[38052776]"
299766,"299766.348","Enterobacter hormaechei subsp. steigerwaltii JBBBAAB-19-0014","doripenem","","<=0.5","<=","0.5","mg/L","MIC","","","Beckman Coulter Inc","CLSI",2021,"","","","Laboratory Method","","[38052776]"
299766,"299766.321","Enterobacter hormaechei subsp. steigerwaltii JBDDAAF-19-0084","cefotaxime/clavulanic acid","",">32",">","32","mg/L","MIC","","","Beckman Coulter Inc","CLSI",2021,"","","","Laboratory Method","","[38052776]"
299766,"299766.312","Enterobacter hormaechei subsp. steigerwaltii JBCBAAJ-19-0100","cefozopran","",">16",">","16","mg/L","MIC","","","Beckman Coulter Inc","CLSI",2021,"","","","Laboratory Method","","[38052776]"
299766,"299766.319","Enterobacter hormaechei subsp. steigerwaltii JBCHAFC-19-0064","ceftriaxone","",">64",">","64","mg/L","MIC","","","Beckman Coulter Inc","CLSI",2021,"","","","Laboratory Method","","[38052776]"
299766,"299766.279","Enterobacter hormaechei subsp. steigerwaltii JBBCADC-19-0002","ceftazidime/clavulanic acid","","4","","4","mg/L","MIC","","","Beckman Coulter Inc","CLSI",2021,"","","","Laboratory Method","","[38052776]"
299766,"299766.303","Enterobacter hormaechei subsp. steigerwaltii JBBDAJB-19-0014","gentamicin","","2","","2","mg/L","MIC","","","Beckman Coulter Inc","CLSI",2021,"","","","Laboratory Method","","[38052776]"
299766,"299766.339","Enterobacter hormaechei subsp. steigerwaltii JBAGABE-19-0120","gentamicin","","<=1","<=","1","mg/L","MIC","","","Beckman Coulter Inc","CLSI",2021,"","","","Laboratory Method","","[38052776]"
299766,"299766.270","Enterobacter hormaechei subsp. steigerwaltii JBAJAAH-19-0047","cefozopran","",">16",">","16","mg/L","MIC","","","Beckman Coulter Inc","CLSI",2021,"","","","Laboratory Method","","[38052776]"
299766,"299766.341","Enterobacter hormaechei subsp. steigerwaltii JBEAACG-19-0092","ceftazidime/clavulanic acid","",">32",">","32","mg/L","MIC","","","Beckman Coulter Inc","CLSI",2021,"","","","Laboratory Method","","[38052776]"
299766,"299766.311","Enterobacter hormaechei subsp. steigerwaltii JBBHAAB-19-0033","cefepime","",">16",">","16","mg/L","MIC","","","Beckman Coulter Inc","CLSI",2021,"","","","Laboratory Method","","[38052776]"
299766,"299766.284","Enterobacter hormaechei subsp. steigerwaltii JBBDAAB-19-0177","amikacin","","<=4","<=","4","mg/L","MIC","","","Beckman Coulter Inc","CLSI",2021,"","","","Laboratory Method","","[38052776]"
299766,"299766.292","Enterobacter hormaechei subsp. steigerwaltii JBBDAAJ-19-0051","tobramycin","","4","","4","mg/L","MIC","","","Beckman Coulter Inc","CLSI",2021,"","","","Laboratory Method","","[38052776]"
299766,"299766.329","Enterobacter hormaechei subsp. steigerwaltii JBEAAEE-19-0043","meropenem","","8","","8","mg/L","MIC","","","Beckman Coulter Inc","CLSI",2021,"","","","Laboratory Method","","[38052776]"
299766,"299766.300","Enterobacter hormaechei subsp. steigerwaltii JBBDAGF-19-0034","trimethoprim/sulfamethoxazole","","<=1/19","<=","1/19","mg/L","MIC","","","Beckman Coulter Inc","CLSI",2021,"","","","Laboratory Method","","[38052776]"
299766,"299766.266","Enterobacter hormaechei subsp. steigerwaltii JBABADI-19-0091","cefpodoxime","",">64",">","64","mg/L","MIC","","","Beckman Coulter Inc","CLSI",2021,"","","","Laboratory Method","","[38052776]"
299766,"299766.347","Enterobacter hormaechei subsp. steigerwaltii JBDJAAE-19-0094","aztreonam","",">16",">","16","mg/L","MIC","","","Beckman Coulter Inc","CLSI",2021,"","","","Laboratory Method","","[38052776]"
299766,"299766.343","Enterobacter hormaechei subsp. steigerwaltii JBCDACH-19-0001","cefotetan","","16","","16","mg/L","MIC","","","Beckman Coulter Inc","CLSI",2021,"","","","Laboratory Method","","[38052776]"
299766,"299766.311","Enterobacter hormaechei subsp. steigerwaltii JBBHAAB-19-0033","trimethoprim/sulfamethoxazole","","<=1/19","<=","1/19","mg/L","MIC","","","Beckman Coulter Inc","CLSI",2021,"","","","Laboratory Method","","[38052776]"
299766,"299766.273","Enterobacter hormaechei subsp. steigerwaltii JBBBAAB-19-0139","gentamicin","","2","","2","mg/L","MIC","","","Beckman Coulter Inc","CLSI",2021,"","","","Laboratory Method","","[38052776]"
299766,"299766.317","Enterobacter hormaechei subsp. steigerwaltii JBCHACG-19-0311","ciprofloxacin","","<=0.25","<=","0.25","mg/L","MIC","","","Beckman Coulter Inc","CLSI",2021,"","","","Laboratory Method","","[38052776]"
299766,"299766.308","Enterobacter hormaechei subsp. steigerwaltii JBBEABA-19-0025","gentamicin","","2","","2","mg/L","MIC","","","Beckman Coulter Inc","CLSI",2021,"","","","Laboratory Method","","[38052776]"
299766,"299766.313","Enterobacter hormaechei subsp. steigerwaltii JBCDAAB-19-0062","cefotaxime/clavulanic acid","",">32",">","32","mg/L","MIC","","","Beckman Coulter Inc","CLSI",2021,"","","","Laboratory Method","","[38052776]"
299766,"299766.309","Enterobacter hormaechei subsp. steigerwaltii JBBEABG-19-0028","tigecycline","","1","","1","mg/L","MIC","","","Beckman Coulter Inc","CLSI",2021,"","","","Laboratory Method","","[38052776]"
299766,"299766.271","Enterobacter hormaechei subsp. steigerwaltii JBAJAAJ-19-0001","fosfomycin","",">16",">","16","mg/L","MIC","","","Beckman Coulter Inc","CLSI",2021,"","","","Laboratory Method","","[38052776]"
299766,"299766.338","Enterobacter hormaechei subsp. steigerwaltii JBEHAAB-19-0192","gentamicin","","<=1","<=","1","mg/L","MIC","","","Beckman Coulter Inc","CLSI",2021,"","","","Laboratory Method","","[38052776]"
299766,"299766.298","Enterobacter hormaechei subsp. steigerwaltii JBBDAGF-19-0017","tobramycin","","<=1","<=","1","mg/L","MIC","","","Beckman Coulter Inc","CLSI",2021,"","","","Laboratory Method","","[38052776]"
299766,"299766.317","Enterobacter hormaechei subsp. steigerwaltii JBCHACG-19-0311","tigecycline","","1","","1","mg/L","MIC","","","Beckman Coulter Inc","CLSI",2021,"","","","Laboratory Method","","[38052776]"
299766,"299766.282","Enterobacter hormaechei subsp. steigerwaltii JBBCAEG-19-0003","chloramphenicol","","<=8","<=","8","mg/L","MIC","","","Beckman Coulter Inc","CLSI",2021,"","","","Laboratory Method","","[38052776]"
299766,"299766.331","Enterobacter hormaechei subsp. steigerwaltii JBEAAEE-19-0042","cefepime","","8","","8","mg/L","MIC","","","Beckman Coulter Inc","CLSI",2021,"","","","Laboratory Method","","[38052776]"
299766,"299766.306","Enterobacter hormaechei subsp. steigerwaltii JBBEAAJ-19-0008","minocycline","","2","","2","mg/L","MIC","","","Beckman Coulter Inc","CLSI",2021,"","","","Laboratory Method","","[38052776]"
299766,"299766.296","Enterobacter hormaechei subsp. steigerwaltii JBBDADH-19-0027","ceftriaxone","",">64",">","64","mg/L","MIC","","","Beckman Coulter Inc","CLSI",2021,"","","","Laboratory Method","","[38052776]"
299766,"299766.305","Enterobacter hormaechei subsp. steigerwaltii JBBDAJB-19-0023","ceftazidime/clavulanic acid","",">32",">","32","mg/L","MIC","","","Beckman Coulter Inc","CLSI",2021,"","","","Laboratory Method","","[38052776]"
299766,"299766.270","Enterobacter hormaechei subsp. steigerwaltii JBAJAAH-19-0047","cefotaxime","",">128",">","128","mg/L","MIC","","","Beckman Coulter Inc","CLSI",2021,"","","","Laboratory Method","","[38052776]"
299766,"299766.323","Enterobacter hormaechei subsp. steigerwaltii JBDGAAB-19-0063","aztreonam","","<=1","<=","1","mg/L","MIC","","","Beckman Coulter Inc","CLSI",2021,"","","","Laboratory Method","","[38052776]"
299766,"299766.329","Enterobacter hormaechei subsp. steigerwaltii JBEAAEE-19-0043","aztreonam","","<=1","<=","1","mg/L","MIC","","","Beckman Coulter Inc","CLSI",2021,"","","","Laboratory Method","","[38052776]"
299766,"299766.337","Enterobacter hormaechei subsp. steigerwaltii JBEDACG-19-0107","colistin","","2","","2","mg/L","MIC","","","Beckman Coulter Inc","CLSI",2021,"","","","Laboratory Method","","[38052776]"
299766,"299766.271","Enterobacter hormaechei subsp. steigerwaltii JBAJAAJ-19-0001","cefuroxime","",">32",">","32","mg/L","MIC","","","Beckman Coulter Inc","CLSI",2021,"","","","Laboratory Method","","[38052776]"
299766,"299766.314","Enterobacter hormaechei subsp. steigerwaltii JBCDABA-19-0190","ceftriaxone","","<=0.5","<=","0.5","mg/L","MIC","","","Beckman Coulter Inc","CLSI",2021,"","","","Laboratory Method","","[38052776]"
299766,"299766.336","Enterobacter hormaechei subsp. steigerwaltii JBEDACG-19-0108","fosfomycin","",">16",">","16","mg/L","MIC","","","Beckman Coulter Inc","CLSI",2021,"","","","Laboratory Method","","[38052776]"
299766,"299766.347","Enterobacter hormaechei subsp. steigerwaltii JBDJAAE-19-0094","minocycline","","8","","8","mg/L","MIC","","","Beckman Coulter Inc","CLSI",2021,"","","","Laboratory Method","","[38052776]"
299766,"299766.313","Enterobacter hormaechei subsp. steigerwaltii JBCDAAB-19-0062","piperacillin","",">64",">","64","mg/L","MIC","","","Beckman Coulter Inc","CLSI",2021,"","","","Laboratory Method","","[38052776]"
299766,"299766.291","Enterobacter hormaechei subsp. steigerwaltii JBBDAAF-19-0142","piperacillin","","<=4","<=","4","mg/L","MIC","","","Beckman Coulter Inc","CLSI",2021,"","","","Laboratory Method","","[38052776]"
299766,"299766.279","Enterobacter hormaechei subsp. steigerwaltii JBBCADC-19-0002","ceftriaxone","",">64",">","64","mg/L","MIC","","","Beckman Coulter Inc","CLSI",2021,"","","","Laboratory Method","","[38052776]"
299766,"299766.271","Enterobacter hormaechei subsp. steigerwaltii JBAJAAJ-19-0001","tobramycin","","8","","8","mg/L","MIC","","","Beckman Coulter Inc","CLSI",2021,"","","","Laboratory Method","","[38052776]"
299766,"299766.329","Enterobacter hormaechei subsp. steigerwaltii JBEAAEE-19-0043","ceftazidime","",">16",">","16","mg/L","MIC","","","Beckman Coulter Inc","CLSI",2021,"","","","Laboratory Method","","[38052776]"
299766,"299766.276","Enterobacter hormaechei subsp. steigerwaltii JBBCAAG-19-0002","cefmetazole","",">32",">","32","mg/L","MIC","","","Beckman Coulter Inc","CLSI",2021,"","","","Laboratory Method","","[38052776]"
299766,"299766.265","Enterobacter hormaechei subsp. steigerwaltii JBABADI-19-0083","cefoperazone/sulbactam","",">32/16",">","32/16","mg/L","MIC","","","Beckman Coulter Inc","CLSI",2021,"","","","Laboratory Method","","[38052776]"
299766,"299766.297","Enterobacter hormaechei subsp. steigerwaltii JBBDAFG-19-0124","chloramphenicol","","<=8","<=","8","mg/L","MIC","","","Beckman Coulter Inc","CLSI",2021,"","","","Laboratory Method","","[38052776]"
299766,"299766.320","Enterobacter hormaechei subsp. steigerwaltii JBCIAEJ-19-0013","cefotaxime","","64","","64","mg/L","MIC","","","Beckman Coulter Inc","CLSI",2021,"","","","Laboratory Method","","[38052776]"
299766,"299766.276","Enterobacter hormaechei subsp. steigerwaltii JBBCAAG-19-0002","tobramycin","","2","","2","mg/L","MIC","","","Beckman Coulter Inc","CLSI",2021,"","","","Laboratory Method","","[38052776]"
299766,"299766.287","Enterobacter hormaechei subsp. steigerwaltii JBBDAAF-19-0018","fosfomycin","","<=4","<=","4","mg/L","MIC","","","Beckman Coulter Inc","CLSI",2021,"","","","Laboratory Method","","[38052776]"
299766,"299766.300","Enterobacter hormaechei subsp. steigerwaltii JBBDAGF-19-0034","piperacillin/tazobactam","","<=4","<=","4","mg/L","MIC","","","Beckman Coulter Inc","CLSI",2021,"","","","Laboratory Method","","[38052776]"
299766,"299766.269","Enterobacter hormaechei subsp. steigerwaltii JBAIAAD-19-0115","ciprofloxacin","","1","","1","mg/L","MIC","","","Beckman Coulter Inc","CLSI",2021,"","","","Laboratory Method","","[38052776]"
299766,"299766.334","Enterobacter hormaechei subsp. steigerwaltii JBEAAFA-19-0408","amikacin","","<=4","<=","4","mg/L","MIC","","","Beckman Coulter Inc","CLSI",2021,"","","","Laboratory Method","","[38052776]"
299766,"299766.267","Enterobacter hormaechei subsp. steigerwaltii JBAFAAB-19-0055","ampicillin/sulbactam","",">32/16",">","32/16","mg/L","MIC","","","Beckman Coulter Inc","CLSI",2021,"","","","Laboratory Method","","[38052776]"
299766,"299766.265","Enterobacter hormaechei subsp. steigerwaltii JBABADI-19-0083","cefozopran","",">16",">","16","mg/L","MIC","","","Beckman Coulter Inc","CLSI",2021,"","","","Laboratory Method","","[38052776]"
299766,"299766.330","Enterobacter hormaechei subsp. steigerwaltii JBEAAEE-19-0050","fosfomycin","",">16",">","16","mg/L","MIC","","","Beckman Coulter Inc","CLSI",2021,"","","","Laboratory Method","","[38052776]"
299766,"299766.302","Enterobacter hormaechei subsp. steigerwaltii JBBDAJB-19-0020","amikacin","","<=4","<=","4","mg/L","MIC","","","Beckman Coulter Inc","CLSI",2021,"","","","Laboratory Method","","[38052776]"
299766,"299766.265","Enterobacter hormaechei subsp. steigerwaltii JBABADI-19-0083","cefuroxime","",">32",">","32","mg/L","MIC","","","Beckman Coulter Inc","CLSI",2021,"","","","Laboratory Method","","[38052776]"
299766,"299766.307","Enterobacter hormaechei subsp. steigerwaltii JBBEAAJ-19-0005","piperacillin/tazobactam","","<=4","<=","4","mg/L","MIC","","","Beckman Coulter Inc","CLSI",2021,"","","","Laboratory Method","","[38052776]"
299766,"299766.301","Enterobacter hormaechei subsp. steigerwaltii JBBDAGF-19-0055","piperacillin","","64","","64","mg/L","MIC","","","Beckman Coulter Inc","CLSI",2021,"","","","Laboratory Method","","[38052776]"
299766,"299766.323","Enterobacter hormaechei subsp. steigerwaltii JBDGAAB-19-0063","piperacillin/tazobactam","","<=4","<=","4","mg/L","MIC","","","Beckman Coulter Inc","CLSI",2021,"","","","Laboratory Method","","[38052776]"
299766,"299766.341","Enterobacter hormaechei subsp. steigerwaltii JBEAACG-19-0092","doripenem","","2","","2","mg/L","MIC","","","Beckman Coulter Inc","CLSI",2021,"","","","Laboratory Method","","[38052776]"
299766,"299766.328","Enterobacter hormaechei subsp. steigerwaltii JBEAAEE-19-0001","cefotaxime","","128","","128","mg/L","MIC","","","Beckman Coulter Inc","CLSI",2021,"","","","Laboratory Method","","[38052776]"
299766,"299766.281","Enterobacter hormaechei subsp. steigerwaltii JBBCADC-19-0145","cefepime","","16","","16","mg/L","MIC","","","Beckman Coulter Inc","CLSI",2021,"","","","Laboratory Method","","[38052776]"
299766,"299766.314","Enterobacter hormaechei subsp. steigerwaltii JBCDABA-19-0190","gentamicin","",">8",">","8","mg/L","MIC","","","Beckman Coulter Inc","CLSI",2021,"","","","Laboratory Method","","[38052776]"
299766,"299766.297","Enterobacter hormaechei subsp. steigerwaltii JBBDAFG-19-0124","fosfomycin","","16","","16","mg/L","MIC","","","Beckman Coulter Inc","CLSI",2021,"","","","Laboratory Method","","[38052776]"
299766,"299766.301","Enterobacter hormaechei subsp. steigerwaltii JBBDAGF-19-0055","levofloxacin","","<=0.5","<=","0.5","mg/L","MIC","","","Beckman Coulter Inc","CLSI",2021,"","","","Laboratory Method","","[38052776]"
299766,"299766.277","Enterobacter hormaechei subsp. steigerwaltii JBBCAAG-19-0003","aztreonam","",">16",">","16","mg/L","MIC","","","Beckman Coulter Inc","CLSI",2021,"","","","Laboratory Method","","[38052776]"
299766,"299766.312","Enterobacter hormaechei subsp. steigerwaltii JBCBAAJ-19-0100","amikacin","","<=4","<=","4","mg/L","MIC","","","Beckman Coulter Inc","CLSI",2021,"","","","Laboratory Method","","[38052776]"
299766,"299766.266","Enterobacter hormaechei subsp. steigerwaltii JBABADI-19-0091","piperacillin/tazobactam","",">64",">","64","mg/L","MIC","","","Beckman Coulter Inc","CLSI",2021,"","","","Laboratory Method","","[38052776]"
299766,"299766.269","Enterobacter hormaechei subsp. steigerwaltii JBAIAAD-19-0115","piperacillin","",">64",">","64","mg/L","MIC","","","Beckman Coulter Inc","CLSI",2021,"","","","Laboratory Method","","[38052776]"
299766,"299766.291","Enterobacter hormaechei subsp. steigerwaltii JBBDAAF-19-0142","ciprofloxacin","","<=0.25","<=","0.25","mg/L","MIC","","","Beckman Coulter Inc","CLSI",2021,"","","","Laboratory Method","","[38052776]"
299766,"299766.335","Enterobacter hormaechei subsp. steigerwaltii JBEBAAB-19-0102","imipenem","","2","","2","mg/L","MIC","","","Beckman Coulter Inc","CLSI",2021,"","","","Laboratory Method","","[38052776]"
299766,"299766.267","Enterobacter hormaechei subsp. steigerwaltii JBAFAAB-19-0055","cefotaxime","","128","","128","mg/L","MIC","","","Beckman Coulter Inc","CLSI",2021,"","","","Laboratory Method","","[38052776]"
299766,"299766.298","Enterobacter hormaechei subsp. steigerwaltii JBBDAGF-19-0017","amikacin","","<=4","<=","4","mg/L","MIC","","","Beckman Coulter Inc","CLSI",2021,"","","","Laboratory Method","","[38052776]"
299766,"299766.330","Enterobacter hormaechei subsp. steigerwaltii JBEAAEE-19-0050","cefozopran","",">16",">","16","mg/L","MIC","","","Beckman Coulter Inc","CLSI",2021,"","","","Laboratory Method","","[38052776]"
299766,"299766.286","Enterobacter hormaechei subsp. steigerwaltii JBBDAAB-19-0067","tigecycline","","<=0.25","<=","0.25","mg/L","MIC","","","Beckman Coulter Inc","CLSI",2021,"","","","Laboratory Method","","[38052776]"
299766,"299766.266","Enterobacter hormaechei subsp. steigerwaltii JBABADI-19-0091","trimethoprim/sulfamethoxazole","","<=1/19","<=","1/19","mg/L","MIC","","","Beckman Coulter Inc","CLSI",2021,"","","","Laboratory Method","","[38052776]"
299766,"299766.340","Enterobacter hormaechei subsp. steigerwaltii JBEAACG-19-0081","ciprofloxacin","","4","","4","mg/L","MIC","","","Beckman Coulter Inc","CLSI",2021,"","","","Laboratory Method","","[38052776]"
299766,"299766.309","Enterobacter hormaechei subsp. steigerwaltii JBBEABG-19-0028","ceftazidime","",">16",">","16","mg/L","MIC","","","Beckman Coulter Inc","CLSI",2021,"","","","Laboratory Method","","[38052776]"
299766,"299766.330","Enterobacter hormaechei subsp. steigerwaltii JBEAAEE-19-0050","cefotetan","",">32",">","32","mg/L","MIC","","","Beckman Coulter Inc","CLSI",2021,"","","","Laboratory Method","","[38052776]"
299766,"299766.314","Enterobacter hormaechei subsp. steigerwaltii JBCDABA-19-0190","chloramphenicol","","<=8","<=","8","mg/L","MIC","","","Beckman Coulter Inc","CLSI",2021,"","","","Laboratory Method","","[38052776]"
299766,"299766.328","Enterobacter hormaechei subsp. steigerwaltii JBEAAEE-19-0001","cefoperazone/sulbactam","",">32/16",">","32/16","mg/L","MIC","","","Beckman Coulter Inc","CLSI",2021,"","","","Laboratory Method","","[38052776]"
299766,"299766.289","Enterobacter hormaechei subsp. steigerwaltii JBBDAAF-19-0053","doripenem","","2","","2","mg/L","MIC","","","Beckman Coulter Inc","CLSI",2021,"","","","Laboratory Method","","[38052776]"
299766,"299766.300","Enterobacter hormaechei subsp. steigerwaltii JBBDAGF-19-0034","gentamicin","","<=1","<=","1","mg/L","MIC","","","Beckman Coulter Inc","CLSI",2021,"","","","Laboratory Method","","[38052776]"
299766,"299766.329","Enterobacter hormaechei subsp. steigerwaltii JBEAAEE-19-0043","gentamicin","","2","","2","mg/L","MIC","","","Beckman Coulter Inc","CLSI",2021,"","","","Laboratory Method","","[38052776]"
299766,"299766.291","Enterobacter hormaechei subsp. steigerwaltii JBBDAAF-19-0142","cefepime","","2","","2","mg/L","MIC","","","Beckman Coulter Inc","CLSI",2021,"","","","Laboratory Method","","[38052776]"
299766,"299766.283","Enterobacter hormaechei subsp. steigerwaltii JBBDAAB-19-0170","ceftazidime","",">16",">","16","mg/L","MIC","","","Beckman Coulter Inc","CLSI",2021,"","","","Laboratory Method","","[38052776]"
299766,"299766.339","Enterobacter hormaechei subsp. steigerwaltii JBAGABE-19-0120","amikacin","","<=4","<=","4","mg/L","MIC","","","Beckman Coulter Inc","CLSI",2021,"","","","Laboratory Method","","[38052776]"
299766,"299766.326","Enterobacter hormaechei subsp. steigerwaltii JBEAACH-19-0177","tigecycline","","1","","1","mg/L","MIC","","","Beckman Coulter Inc","CLSI",2021,"","","","Laboratory Method","","[38052776]"
299766,"299766.307","Enterobacter hormaechei subsp. steigerwaltii JBBEAAJ-19-0005","trimethoprim/sulfamethoxazole","","<=1/19","<=","1/19","mg/L","MIC","","","Beckman Coulter Inc","CLSI",2021,"","","","Laboratory Method","","[38052776]"
299766,"299766.323","Enterobacter hormaechei subsp. steigerwaltii JBDGAAB-19-0063","tigecycline","","1","","1","mg/L","MIC","","","Beckman Coulter Inc","CLSI",2021,"","","","Laboratory Method","","[38052776]"
299766,"299766.303","Enterobacter hormaechei subsp. steigerwaltii JBBDAJB-19-0014","cefpodoxime","",">64",">","64","mg/L","MIC","","","Beckman Coulter Inc","CLSI",2021,"","","","Laboratory Method","","[38052776]"
299766,"299766.310","Enterobacter hormaechei subsp. steigerwaltii JBBGAAF-19-0022","imipenem","","2","","2","mg/L","MIC","","","Beckman Coulter Inc","CLSI",2021,"","","","Laboratory Method","","[38052776]"
299766,"299766.310","Enterobacter hormaechei subsp. steigerwaltii JBBGAAF-19-0022","cefotaxime/clavulanic acid","",">32",">","32","mg/L","MIC","","","Beckman Coulter Inc","CLSI",2021,"","","","Laboratory Method","","[38052776]"
299766,"299766.336","Enterobacter hormaechei subsp. steigerwaltii JBEDACG-19-0108","meropenem","","1","","1","mg/L","MIC","","","Beckman Coulter Inc","CLSI",2021,"","","","Laboratory Method","","[38052776]"
299766,"299766.313","Enterobacter hormaechei subsp. steigerwaltii JBCDAAB-19-0062","cefoperazone/sulbactam","","32/16","","32/16","mg/L","MIC","","","Beckman Coulter Inc","CLSI",2021,"","","","Laboratory Method","","[38052776]"
299766,"299766.298","Enterobacter hormaechei subsp. steigerwaltii JBBDAGF-19-0017","ampicillin/sulbactam","",">32/16",">","32/16","mg/L","MIC","","","Beckman Coulter Inc","CLSI",2021,"","","","Laboratory Method","","[38052776]"
299766,"299766.345","Enterobacter hormaechei subsp. steigerwaltii JBCBAAD-19-0112","cefotaxime","","4","","4","mg/L","MIC","","","Beckman Coulter Inc","CLSI",2021,"","","","Laboratory Method","","[38052776]"
299766,"299766.339","Enterobacter hormaechei subsp. steigerwaltii JBAGABE-19-0120","ciprofloxacin","","1","","1","mg/L","MIC","","","Beckman Coulter Inc","CLSI",2021,"","","","Laboratory Method","","[38052776]"
299766,"299766.323","Enterobacter hormaechei subsp. steigerwaltii JBDGAAB-19-0063","ceftriaxone","","1","","1","mg/L","MIC","","","Beckman Coulter Inc","CLSI",2021,"","","","Laboratory Method","","[38052776]"
299766,"299766.283","Enterobacter hormaechei subsp. steigerwaltii JBBDAAB-19-0170","cefmetazole","",">32",">","32","mg/L","MIC","","","Beckman Coulter Inc","CLSI",2021,"","","","Laboratory Method","","[38052776]"
299766,"299766.274","Enterobacter hormaechei subsp. steigerwaltii JBBBAEF-19-0073","piperacillin/tazobactam","","<=4","<=","4","mg/L","MIC","","","Beckman Coulter Inc","CLSI",2021,"","","","Laboratory Method","","[38052776]"
299766,"299766.300","Enterobacter hormaechei subsp. steigerwaltii JBBDAGF-19-0034","imipenem","","2","","2","mg/L","MIC","","","Beckman Coulter Inc","CLSI",2021,"","","","Laboratory Method","","[38052776]"
299766,"299766.323","Enterobacter hormaechei subsp. steigerwaltii JBDGAAB-19-0063","cefotaxime","","<=0.5","<=","0.5","mg/L","MIC","","","Beckman Coulter Inc","CLSI",2021,"","","","Laboratory Method","","[38052776]"
299766,"299766.281","Enterobacter hormaechei subsp. steigerwaltii JBBCADC-19-0145","tigecycline","","1","","1","mg/L","MIC","","","Beckman Coulter Inc","CLSI",2021,"","","","Laboratory Method","","[38052776]"
299766,"299766.306","Enterobacter hormaechei subsp. steigerwaltii JBBEAAJ-19-0008","cefoperazone/sulbactam","","32/16","","32/16","mg/L","MIC","","","Beckman Coulter Inc","CLSI",2021,"","","","Laboratory Method","","[38052776]"
299766,"299766.294","Enterobacter hormaechei subsp. steigerwaltii JBBDABA-19-0004","cefuroxime","",">32",">","32","mg/L","MIC","","","Beckman Coulter Inc","CLSI",2021,"","","","Laboratory Method","","[38052776]"
299766,"299766.345","Enterobacter hormaechei subsp. steigerwaltii JBCBAAD-19-0112","fosfomycin","","16","","16","mg/L","MIC","","","Beckman Coulter Inc","CLSI",2021,"","","","Laboratory Method","","[38052776]"
299766,"299766.280","Enterobacter hormaechei subsp. steigerwaltii JBBCADC-19-0142","colistin","","2","","2","mg/L","MIC","","","Beckman Coulter Inc","CLSI",2021,"","","","Laboratory Method","","[38052776]"
299766,"299766.293","Enterobacter hormaechei subsp. steigerwaltii JBBDAAJ-19-0055","cefmetazole","",">32",">","32","mg/L","MIC","","","Beckman Coulter Inc","CLSI",2021,"","","","Laboratory Method","","[38052776]"
299766,"299766.288","Enterobacter hormaechei subsp. steigerwaltii JBBDAAF-19-0049","piperacillin","",">64",">","64","mg/L","MIC","","","Beckman Coulter Inc","CLSI",2021,"","","","Laboratory Method","","[38052776]"
299766,"299766.331","Enterobacter hormaechei subsp. steigerwaltii JBEAAEE-19-0042","ciprofloxacin","","4","","4","mg/L","MIC","","","Beckman Coulter Inc","CLSI",2021,"","","","Laboratory Method","","[38052776]"
299766,"299766.309","Enterobacter hormaechei subsp. steigerwaltii JBBEABG-19-0028","fosfomycin","","<=4","<=","4","mg/L","MIC","","","Beckman Coulter Inc","CLSI",2021,"","","","Laboratory Method","","[38052776]"
299766,"299766.296","Enterobacter hormaechei subsp. steigerwaltii JBBDADH-19-0027","ceftazidime/clavulanic acid","",">32",">","32","mg/L","MIC","","","Beckman Coulter Inc","CLSI",2021,"","","","Laboratory Method","","[38052776]"
299766,"299766.293","Enterobacter hormaechei subsp. steigerwaltii JBBDAAJ-19-0055","amikacin","","<=4","<=","4","mg/L","MIC","","","Beckman Coulter Inc","CLSI",2021,"","","","Laboratory Method","","[38052776]"
299766,"299766.324","Enterobacter hormaechei subsp. steigerwaltii JBDGAAB-19-0118","gentamicin","","<=1","<=","1","mg/L","MIC","","","Beckman Coulter Inc","CLSI",2021,"","","","Laboratory Method","","[38052776]"
299766,"299766.304","Enterobacter hormaechei subsp. steigerwaltii JBBDAJB-19-0015","cefozopran","",">16",">","16","mg/L","MIC","","","Beckman Coulter Inc","CLSI",2021,"","","","Laboratory Method","","[38052776]"
299766,"299766.301","Enterobacter hormaechei subsp. steigerwaltii JBBDAGF-19-0055","amikacin","","<=4","<=","4","mg/L","MIC","","","Beckman Coulter Inc","CLSI",2021,"","","","Laboratory Method","","[38052776]"
299766,"299766.310","Enterobacter hormaechei subsp. steigerwaltii JBBGAAF-19-0022","cefpodoxime","",">64",">","64","mg/L","MIC","","","Beckman Coulter Inc","CLSI",2021,"","","","Laboratory Method","","[38052776]"
299766,"299766.305","Enterobacter hormaechei subsp. steigerwaltii JBBDAJB-19-0023","cefotaxime","",">128",">","128","mg/L","MIC","","","Beckman Coulter Inc","CLSI",2021,"","","","Laboratory Method","","[38052776]"
299766,"299766.331","Enterobacter hormaechei subsp. steigerwaltii JBEAAEE-19-0042","amikacin","","<=4","<=","4","mg/L","MIC","","","Beckman Coulter Inc","CLSI",2021,"","","","Laboratory Method","","[38052776]"
299766,"299766.271","Enterobacter hormaechei subsp. steigerwaltii JBAJAAJ-19-0001","aztreonam","",">16",">","16","mg/L","MIC","","","Beckman Coulter Inc","CLSI",2021,"","","","Laboratory Method","","[38052776]"
299766,"299766.332","Enterobacter hormaechei subsp. steigerwaltii JBEAAEE-19-0140","cefepime","","4","","4","mg/L","MIC","","","Beckman Coulter Inc","CLSI",2021,"","","","Laboratory Method","","[38052776]"
299766,"299766.337","Enterobacter hormaechei subsp. steigerwaltii JBEDACG-19-0107","cefozopran","",">16",">","16","mg/L","MIC","","","Beckman Coulter Inc","CLSI",2021,"","","","Laboratory Method","","[38052776]"
299766,"299766.272","Enterobacter hormaechei subsp. steigerwaltii JBBBAAB-19-0138","cefuroxime","",">32",">","32","mg/L","MIC","","","Beckman Coulter Inc","CLSI",2021,"","","","Laboratory Method","","[38052776]"
299766,"299766.285","Enterobacter hormaechei subsp. steigerwaltii JBBDAAB-19-0061","doripenem","","2","","2","mg/L","MIC","","","Beckman Coulter Inc","CLSI",2021,"","","","Laboratory Method","","[38052776]"
299766,"299766.288","Enterobacter hormaechei subsp. steigerwaltii JBBDAAF-19-0049","levofloxacin","","<=0.5","<=","0.5","mg/L","MIC","","","Beckman Coulter Inc","CLSI",2021,"","","","Laboratory Method","","[38052776]"
299766,"299766.324","Enterobacter hormaechei subsp. steigerwaltii JBDGAAB-19-0118","cefuroxime","",">32",">","32","mg/L","MIC","","","Beckman Coulter Inc","CLSI",2021,"","","","Laboratory Method","","[38052776]"
299766,"299766.332","Enterobacter hormaechei subsp. steigerwaltii JBEAAEE-19-0140","doripenem","","2","","2","mg/L","MIC","","","Beckman Coulter Inc","CLSI",2021,"","","","Laboratory Method","","[38052776]"
299766,"299766.332","Enterobacter hormaechei subsp. steigerwaltii JBEAAEE-19-0140","piperacillin","","<=4","<=","4","mg/L","MIC","","","Beckman Coulter Inc","CLSI",2021,"","","","Laboratory Method","","[38052776]"
299766,"299766.326","Enterobacter hormaechei subsp. steigerwaltii JBEAACH-19-0177","aztreonam","","<=1","<=","1","mg/L","MIC","","","Beckman Coulter Inc","CLSI",2021,"","","","Laboratory Method","","[38052776]"
299766,"299766.285","Enterobacter hormaechei subsp. steigerwaltii JBBDAAB-19-0061","cefotaxime","","64","","64","mg/L","MIC","","","Beckman Coulter Inc","CLSI",2021,"","","","Laboratory Method","","[38052776]"
299766,"299766.314","Enterobacter hormaechei subsp. steigerwaltii JBCDABA-19-0190","cefozopran","","<=1","<=","1","mg/L","MIC","","","Beckman Coulter Inc","CLSI",2021,"","","","Laboratory Method","","[38052776]"
299766,"299766.329","Enterobacter hormaechei subsp. steigerwaltii JBEAAEE-19-0043","piperacillin/tazobactam","","8","","8","mg/L","MIC","","","Beckman Coulter Inc","CLSI",2021,"","","","Laboratory Method","","[38052776]"
299766,"299766.276","Enterobacter hormaechei subsp. steigerwaltii JBBCAAG-19-0002","colistin","","<=1","<=","1","mg/L","MIC","","","Beckman Coulter Inc","CLSI",2021,"","","","Laboratory Method","","[38052776]"
299766,"299766.307","Enterobacter hormaechei subsp. steigerwaltii JBBEAAJ-19-0005","cefotaxime","","64","","64","mg/L","MIC","","","Beckman Coulter Inc","CLSI",2021,"","","","Laboratory Method","","[38052776]"
299766,"299766.316","Enterobacter hormaechei subsp. steigerwaltii JBCHAAE-19-0025","ceftazidime","",">16",">","16","mg/L","MIC","","","Beckman Coulter Inc","CLSI",2021,"","","","Laboratory Method","","[38052776]"
299766,"299766.324","Enterobacter hormaechei subsp. steigerwaltii JBDGAAB-19-0118","aztreonam","","<=1","<=","1","mg/L","MIC","","","Beckman Coulter Inc","CLSI",2021,"","","","Laboratory Method","","[38052776]"
299766,"299766.273","Enterobacter hormaechei subsp. steigerwaltii JBBBAAB-19-0139","ciprofloxacin","","1","","1","mg/L","MIC","","","Beckman Coulter Inc","CLSI",2021,"","","","Laboratory Method","","[38052776]"
299766,"299766.301","Enterobacter hormaechei subsp. steigerwaltii JBBDAGF-19-0055","cefepime","",">16",">","16","mg/L","MIC","","","Beckman Coulter Inc","CLSI",2021,"","","","Laboratory Method","","[38052776]"
299766,"299766.281","Enterobacter hormaechei subsp. steigerwaltii JBBCADC-19-0145","levofloxacin","","<=0.5","<=","0.5","mg/L","MIC","","","Beckman Coulter Inc","CLSI",2021,"","","","Laboratory Method","","[38052776]"
299766,"299766.345","Enterobacter hormaechei subsp. steigerwaltii JBCBAAD-19-0112","cefmetazole","",">32",">","32","mg/L","MIC","","","Beckman Coulter Inc","CLSI",2021,"","","","Laboratory Method","","[38052776]"
299766,"299766.339","Enterobacter hormaechei subsp. steigerwaltii JBAGABE-19-0120","cefotetan","",">32",">","32","mg/L","MIC","","","Beckman Coulter Inc","CLSI",2021,"","","","Laboratory Method","","[38052776]"
299766,"299766.296","Enterobacter hormaechei subsp. steigerwaltii JBBDADH-19-0027","cefozopran","",">16",">","16","mg/L","MIC","","","Beckman Coulter Inc","CLSI",2021,"","","","Laboratory Method","","[38052776]"
299766,"299766.305","Enterobacter hormaechei subsp. steigerwaltii JBBDAJB-19-0023","cefuroxime","",">32",">","32","mg/L","MIC","","","Beckman Coulter Inc","CLSI",2021,"","","","Laboratory Method","","[38052776]"
299766,"299766.270","Enterobacter hormaechei subsp. steigerwaltii JBAJAAH-19-0047","doripenem","","8","","8","mg/L","MIC","","","Beckman Coulter Inc","CLSI",2021,"","","","Laboratory Method","","[38052776]"
299766,"299766.328","Enterobacter hormaechei subsp. steigerwaltii JBEAAEE-19-0001","fosfomycin","","16","","16","mg/L","MIC","","","Beckman Coulter Inc","CLSI",2021,"","","","Laboratory Method","","[38052776]"
299766,"299766.288","Enterobacter hormaechei subsp. steigerwaltii JBBDAAF-19-0049","chloramphenicol","","<=8","<=","8","mg/L","MIC","","","Beckman Coulter Inc","CLSI",2021,"","","","Laboratory Method","","[38052776]"
299766,"299766.327","Enterobacter hormaechei subsp. steigerwaltii JBEAACH-19-0275","minocycline","","8","","8","mg/L","MIC","","","Beckman Coulter Inc","CLSI",2021,"","","","Laboratory Method","","[38052776]"
299766,"299766.295","Enterobacter hormaechei subsp. steigerwaltii JBBDABE-19-0091","ampicillin/sulbactam","",">32/16",">","32/16","mg/L","MIC","","","Beckman Coulter Inc","CLSI",2021,"","","","Laboratory Method","","[38052776]"
299766,"299766.290","Enterobacter hormaechei subsp. steigerwaltii JBBDAAF-19-0070","chloramphenicol","",">16",">","16","mg/L","MIC","","","Beckman Coulter Inc","CLSI",2021,"","","","Laboratory Method","","[38052776]"
299766,"299766.340","Enterobacter hormaechei subsp. steigerwaltii JBEAACG-19-0081","cefepime","",">16",">","16","mg/L","MIC","","","Beckman Coulter Inc","CLSI",2021,"","","","Laboratory Method","","[38052776]"
299766,"299766.311","Enterobacter hormaechei subsp. steigerwaltii JBBHAAB-19-0033","cefotetan","",">32",">","32","mg/L","MIC","","","Beckman Coulter Inc","CLSI",2021,"","","","Laboratory Method","","[38052776]"
299766,"299766.323","Enterobacter hormaechei subsp. steigerwaltii JBDGAAB-19-0063","chloramphenicol","","<=8","<=","8","mg/L","MIC","","","Beckman Coulter Inc","CLSI",2021,"","","","Laboratory Method","","[38052776]"
299766,"299766.345","Enterobacter hormaechei subsp. steigerwaltii JBCBAAD-19-0112","imipenem","","2","","2","mg/L","MIC","","","Beckman Coulter Inc","CLSI",2021,"","","","Laboratory Method","","[38052776]"
299766,"299766.274","Enterobacter hormaechei subsp. steigerwaltii JBBBAEF-19-0073","cefotaxime","",">128",">","128","mg/L","MIC","","","Beckman Coulter Inc","CLSI",2021,"","","","Laboratory Method","","[38052776]"
299766,"299766.298","Enterobacter hormaechei subsp. steigerwaltii JBBDAGF-19-0017","colistin","","<=1","<=","1","mg/L","MIC","","","Beckman Coulter Inc","CLSI",2021,"","","","Laboratory Method","","[38052776]"
299766,"299766.295","Enterobacter hormaechei subsp. steigerwaltii JBBDABE-19-0091","gentamicin","","2","","2","mg/L","MIC","","","Beckman Coulter Inc","CLSI",2021,"","","","Laboratory Method","","[38052776]"
299766,"299766.333","Enterobacter hormaechei subsp. steigerwaltii JBEAAEE-19-0141","piperacillin/tazobactam","","8","","8","mg/L","MIC","","","Beckman Coulter Inc","CLSI",2021,"","","","Laboratory Method","","[38052776]"
299766,"299766.303","Enterobacter hormaechei subsp. steigerwaltii JBBDAJB-19-0014","cefotetan","",">32",">","32","mg/L","MIC","","","Beckman Coulter Inc","CLSI",2021,"","","","Laboratory Method","","[38052776]"
299766,"299766.303","Enterobacter hormaechei subsp. steigerwaltii JBBDAJB-19-0014","ciprofloxacin","","<=0.25","<=","0.25","mg/L","MIC","","","Beckman Coulter Inc","CLSI",2021,"","","","Laboratory Method","","[38052776]"
299766,"299766.348","Enterobacter hormaechei subsp. steigerwaltii JBBBAAB-19-0014","cefuroxime","",">32",">","32","mg/L","MIC","","","Beckman Coulter Inc","CLSI",2021,"","","","Laboratory Method","","[38052776]"
299766,"299766.344","Enterobacter hormaechei subsp. steigerwaltii JBDJAAE-19-0102","ampicillin/sulbactam","",">32/16",">","32/16","mg/L","MIC","","","Beckman Coulter Inc","CLSI",2021,"","","","Laboratory Method","","[38052776]"
299766,"299766.342","Enterobacter hormaechei subsp. steigerwaltii JBEAAAD-19-0047","piperacillin/tazobactam","","<=4","<=","4","mg/L","MIC","","","Beckman Coulter Inc","CLSI",2021,"","","","Laboratory Method","","[38052776]"
299766,"299766.303","Enterobacter hormaechei subsp. steigerwaltii JBBDAJB-19-0014","chloramphenicol","","<=8","<=","8","mg/L","MIC","","","Beckman Coulter Inc","CLSI",2021,"","","","Laboratory Method","","[38052776]"
299766,"299766.269","Enterobacter hormaechei subsp. steigerwaltii JBAIAAD-19-0115","cefozopran","",">16",">","16","mg/L","MIC","","","Beckman Coulter Inc","CLSI",2021,"","","","Laboratory Method","","[38052776]"
299766,"299766.266","Enterobacter hormaechei subsp. steigerwaltii JBABADI-19-0091","fosfomycin","",">16",">","16","mg/L","MIC","","","Beckman Coulter Inc","CLSI",2021,"","","","Laboratory Method","","[38052776]"
299766,"299766.287","Enterobacter hormaechei subsp. steigerwaltii JBBDAAF-19-0018","cefmetazole","",">32",">","32","mg/L","MIC","","","Beckman Coulter Inc","CLSI",2021,"","","","Laboratory Method","","[38052776]"
299766,"299766.281","Enterobacter hormaechei subsp. steigerwaltii JBBCADC-19-0145","ciprofloxacin","","1","","1","mg/L","MIC","","","Beckman Coulter Inc","CLSI",2021,"","","","Laboratory Method","","[38052776]"
299766,"299766.302","Enterobacter hormaechei subsp. steigerwaltii JBBDAJB-19-0020","levofloxacin","","<=0.5","<=","0.5","mg/L","MIC","","","Beckman Coulter Inc","CLSI",2021,"","","","Laboratory Method","","[38052776]"
299766,"299766.317","Enterobacter hormaechei subsp. steigerwaltii JBCHACG-19-0311","doripenem","","<=0.5","<=","0.5","mg/L","MIC","","","Beckman Coulter Inc","CLSI",2021,"","","","Laboratory Method","","[38052776]"
299766,"299766.339","Enterobacter hormaechei subsp. steigerwaltii JBAGABE-19-0120","chloramphenicol","","<=8","<=","8","mg/L","MIC","","","Beckman Coulter Inc","CLSI",2021,"","","","Laboratory Method","","[38052776]"
299766,"299766.272","Enterobacter hormaechei subsp. steigerwaltii JBBBAAB-19-0138","gentamicin","","2","","2","mg/L","MIC","","","Beckman Coulter Inc","CLSI",2021,"","","","Laboratory Method","","[38052776]"
299766,"299766.345","Enterobacter hormaechei subsp. steigerwaltii JBCBAAD-19-0112","cefotaxime/clavulanic acid","","16","","16","mg/L","MIC","","","Beckman Coulter Inc","CLSI",2021,"","","","Laboratory Method","","[38052776]"
299766,"299766.335","Enterobacter hormaechei subsp. steigerwaltii JBEBAAB-19-0102","levofloxacin","","2","","2","mg/L","MIC","","","Beckman Coulter Inc","CLSI",2021,"","","","Laboratory Method","","[38052776]"
299766,"299766.289","Enterobacter hormaechei subsp. steigerwaltii JBBDAAF-19-0053","tigecycline","","1","","1","mg/L","MIC","","","Beckman Coulter Inc","CLSI",2021,"","","","Laboratory Method","","[38052776]"
299766,"299766.305","Enterobacter hormaechei subsp. steigerwaltii JBBDAJB-19-0023","chloramphenicol","","<=8","<=","8","mg/L","MIC","","","Beckman Coulter Inc","CLSI",2021,"","","","Laboratory Method","","[38052776]"
299766,"299766.309","Enterobacter hormaechei subsp. steigerwaltii JBBEABG-19-0028","cefuroxime","",">32",">","32","mg/L","MIC","","","Beckman Coulter Inc","CLSI",2021,"","","","Laboratory Method","","[38052776]"
299766,"299766.306","Enterobacter hormaechei subsp. steigerwaltii JBBEAAJ-19-0008","cefotetan","",">32",">","32","mg/L","MIC","","","Beckman Coulter Inc","CLSI",2021,"","","","Laboratory Method","","[38052776]"
299766,"299766.269","Enterobacter hormaechei subsp. steigerwaltii JBAIAAD-19-0115","amikacin","","<=4","<=","4","mg/L","MIC","","","Beckman Coulter Inc","CLSI",2021,"","","","Laboratory Method","","[38052776]"
299766,"299766.346","Enterobacter hormaechei subsp. steigerwaltii JBCBAAD-19-0109","aztreonam","","4","","4","mg/L","MIC","","","Beckman Coulter Inc","CLSI",2021,"","","","Laboratory Method","","[38052776]"
299766,"299766.324","Enterobacter hormaechei subsp. steigerwaltii JBDGAAB-19-0118","cefmetazole","","32","","32","mg/L","MIC","","","Beckman Coulter Inc","CLSI",2021,"","","","Laboratory Method","","[38052776]"
299766,"299766.290","Enterobacter hormaechei subsp. steigerwaltii JBBDAAF-19-0070","ceftazidime","",">16",">","16","mg/L","MIC","","","Beckman Coulter Inc","CLSI",2021,"","","","Laboratory Method","","[38052776]"
299766,"299766.304","Enterobacter hormaechei subsp. steigerwaltii JBBDAJB-19-0015","meropenem","","2","","2","mg/L","MIC","","","Beckman Coulter Inc","CLSI",2021,"","","","Laboratory Method","","[38052776]"
299766,"299766.304","Enterobacter hormaechei subsp. steigerwaltii JBBDAJB-19-0015","aztreonam","",">16",">","16","mg/L","MIC","","","Beckman Coulter Inc","CLSI",2021,"","","","Laboratory Method","","[38052776]"
299766,"299766.292","Enterobacter hormaechei subsp. steigerwaltii JBBDAAJ-19-0051","cefmetazole","",">32",">","32","mg/L","MIC","","","Beckman Coulter Inc","CLSI",2021,"","","","Laboratory Method","","[38052776]"
299766,"299766.344","Enterobacter hormaechei subsp. steigerwaltii JBDJAAE-19-0102","imipenem","","<=0.5","<=","0.5","mg/L","MIC","","","Beckman Coulter Inc","CLSI",2021,"","","","Laboratory Method","","[38052776]"
299766,"299766.312","Enterobacter hormaechei subsp. steigerwaltii JBCBAAJ-19-0100","ampicillin/sulbactam","",">32/16",">","32/16","mg/L","MIC","","","Beckman Coulter Inc","CLSI",2021,"","","","Laboratory Method","","[38052776]"
299766,"299766.343","Enterobacter hormaechei subsp. steigerwaltii JBCDACH-19-0001","fosfomycin","","<=4","<=","4","mg/L","MIC","","","Beckman Coulter Inc","CLSI",2021,"","","","Laboratory Method","","[38052776]"
299766,"299766.288","Enterobacter hormaechei subsp. steigerwaltii JBBDAAF-19-0049","piperacillin/tazobactam","","64","","64","mg/L","MIC","","","Beckman Coulter Inc","CLSI",2021,"","","","Laboratory Method","","[38052776]"
299766,"299766.338","Enterobacter hormaechei subsp. steigerwaltii JBEHAAB-19-0192","aztreonam","","16","","16","mg/L","MIC","","","Beckman Coulter Inc","CLSI",2021,"","","","Laboratory Method","","[38052776]"
299766,"299766.345","Enterobacter hormaechei subsp. steigerwaltii JBCBAAD-19-0112","ceftriaxone","","4","","4","mg/L","MIC","","","Beckman Coulter Inc","CLSI",2021,"","","","Laboratory Method","","[38052776]"
299766,"299766.308","Enterobacter hormaechei subsp. steigerwaltii JBBEABA-19-0025","meropenem","","2","","2","mg/L","MIC","","","Beckman Coulter Inc","CLSI",2021,"","","","Laboratory Method","","[38052776]"
299766,"299766.292","Enterobacter hormaechei subsp. steigerwaltii JBBDAAJ-19-0051","ciprofloxacin","",">4",">","4","mg/L","MIC","","","Beckman Coulter Inc","CLSI",2021,"","","","Laboratory Method","","[38052776]"
299766,"299766.297","Enterobacter hormaechei subsp. steigerwaltii JBBDAFG-19-0124","cefuroxime","",">32",">","32","mg/L","MIC","","","Beckman Coulter Inc","CLSI",2021,"","","","Laboratory Method","","[38052776]"
299766,"299766.334","Enterobacter hormaechei subsp. steigerwaltii JBEAAFA-19-0408","ampicillin/sulbactam","",">32/16",">","32/16","mg/L","MIC","","","Beckman Coulter Inc","CLSI",2021,"","","","Laboratory Method","","[38052776]"
299766,"299766.308","Enterobacter hormaechei subsp. steigerwaltii JBBEABA-19-0025","tigecycline","","1","","1","mg/L","MIC","","","Beckman Coulter Inc","CLSI",2021,"","","","Laboratory Method","","[38052776]"
299766,"299766.337","Enterobacter hormaechei subsp. steigerwaltii JBEDACG-19-0107","cefepime","","16","","16","mg/L","MIC","","","Beckman Coulter Inc","CLSI",2021,"","","","Laboratory Method","","[38052776]"
299766,"299766.270","Enterobacter hormaechei subsp. steigerwaltii JBAJAAH-19-0047","levofloxacin","","<=0.5","<=","0.5","mg/L","MIC","","","Beckman Coulter Inc","CLSI",2021,"","","","Laboratory Method","","[38052776]"
299766,"299766.273","Enterobacter hormaechei subsp. steigerwaltii JBBBAAB-19-0139","ampicillin/sulbactam","",">32/16",">","32/16","mg/L","MIC","","","Beckman Coulter Inc","CLSI",2021,"","","","Laboratory Method","","[38052776]"
299766,"299766.320","Enterobacter hormaechei subsp. steigerwaltii JBCIAEJ-19-0013","tobramycin","","<=1","<=","1","mg/L","MIC","","","Beckman Coulter Inc","CLSI",2021,"","","","Laboratory Method","","[38052776]"
299766,"299766.271","Enterobacter hormaechei subsp. steigerwaltii JBAJAAJ-19-0001","meropenem","","8","","8","mg/L","MIC","","","Beckman Coulter Inc","CLSI",2021,"","","","Laboratory Method","","[38052776]"
299766,"299766.318","Enterobacter hormaechei subsp. steigerwaltii JBCHACG-19-0419","doripenem","","<=0.5","<=","0.5","mg/L","MIC","","","Beckman Coulter Inc","CLSI",2021,"","","","Laboratory Method","","[38052776]"
299766,"299766.299","Enterobacter hormaechei subsp. steigerwaltii JBBDAGF-19-0016","cefozopran","","<=1","<=","1","mg/L","MIC","","","Beckman Coulter Inc","CLSI",2021,"","","","Laboratory Method","","[38052776]"
299766,"299766.347","Enterobacter hormaechei subsp. steigerwaltii JBDJAAE-19-0094","tobramycin","","8","","8","mg/L","MIC","","","Beckman Coulter Inc","CLSI",2021,"","","","Laboratory Method","","[38052776]"
299766,"299766.305","Enterobacter hormaechei subsp. steigerwaltii JBBDAJB-19-0023","colistin","","<=1","<=","1","mg/L","MIC","","","Beckman Coulter Inc","CLSI",2021,"","","","Laboratory Method","","[38052776]"
299766,"299766.348","Enterobacter hormaechei subsp. steigerwaltii JBBBAAB-19-0014","ceftazidime/clavulanic acid","",">32",">","32","mg/L","MIC","","","Beckman Coulter Inc","CLSI",2021,"","","","Laboratory Method","","[38052776]"
299766,"299766.306","Enterobacter hormaechei subsp. steigerwaltii JBBEAAJ-19-0008","cefotaxime/clavulanic acid","",">32",">","32","mg/L","MIC","","","Beckman Coulter Inc","CLSI",2021,"","","","Laboratory Method","","[38052776]"
299766,"299766.313","Enterobacter hormaechei subsp. steigerwaltii JBCDAAB-19-0062","chloramphenicol","","<=8","<=","8","mg/L","MIC","","","Beckman Coulter Inc","CLSI",2021,"","","","Laboratory Method","","[38052776]"
299766,"299766.282","Enterobacter hormaechei subsp. steigerwaltii JBBCAEG-19-0003","gentamicin","","<=1","<=","1","mg/L","MIC","","","Beckman Coulter Inc","CLSI",2021,"","","","Laboratory Method","","[38052776]"
299766,"299766.302","Enterobacter hormaechei subsp. steigerwaltii JBBDAJB-19-0020","cefotaxime/clavulanic acid","",">32",">","32","mg/L","MIC","","","Beckman Coulter Inc","CLSI",2021,"","","","Laboratory Method","","[38052776]"
299766,"299766.314","Enterobacter hormaechei subsp. steigerwaltii JBCDABA-19-0190","cefmetazole","","32","","32","mg/L","MIC","","","Beckman Coulter Inc","CLSI",2021,"","","","Laboratory Method","","[38052776]"
299766,"299766.308","Enterobacter hormaechei subsp. steigerwaltii JBBEABA-19-0025","cefotaxime","","128","","128","mg/L","MIC","","","Beckman Coulter Inc","CLSI",2021,"","","","Laboratory Method","","[38052776]"
299766,"299766.304","Enterobacter hormaechei subsp. steigerwaltii JBBDAJB-19-0015","tigecycline","","<=0.25","<=","0.25","mg/L","MIC","","","Beckman Coulter Inc","CLSI",2021,"","","","Laboratory Method","","[38052776]"
299766,"299766.306","Enterobacter hormaechei subsp. steigerwaltii JBBEAAJ-19-0008","imipenem","","4","","4","mg/L","MIC","","","Beckman Coulter Inc","CLSI",2021,"","","","Laboratory Method","","[38052776]"
299766,"299766.324","Enterobacter hormaechei subsp. steigerwaltii JBDGAAB-19-0118","imipenem","","1","","1","mg/L","MIC","","","Beckman Coulter Inc","CLSI",2021,"","","","Laboratory Method","","[38052776]"
299766,"299766.342","Enterobacter hormaechei subsp. steigerwaltii JBEAAAD-19-0047","ceftazidime","",">16",">","16","mg/L","MIC","","","Beckman Coulter Inc","CLSI",2021,"","","","Laboratory Method","","[38052776]"
299766,"299766.314","Enterobacter hormaechei subsp. steigerwaltii JBCDABA-19-0190","cefotetan","","4","","4","mg/L","MIC","","","Beckman Coulter Inc","CLSI",2021,"","","","Laboratory Method","","[38052776]"
299766,"299766.339","Enterobacter hormaechei subsp. steigerwaltii JBAGABE-19-0120","levofloxacin","","<=0.5","<=","0.5","mg/L","MIC","","","Beckman Coulter Inc","CLSI",2021,"","","","Laboratory Method","","[38052776]"
299766,"299766.309","Enterobacter hormaechei subsp. steigerwaltii JBBEABG-19-0028","colistin","","<=1","<=","1","mg/L","MIC","","","Beckman Coulter Inc","CLSI",2021,"","","","Laboratory Method","","[38052776]"
299766,"299766.306","Enterobacter hormaechei subsp. steigerwaltii JBBEAAJ-19-0008","cefuroxime","",">32",">","32","mg/L","MIC","","","Beckman Coulter Inc","CLSI",2021,"","","","Laboratory Method","","[38052776]"
299766,"299766.289","Enterobacter hormaechei subsp. steigerwaltii JBBDAAF-19-0053","meropenem","","2","","2","mg/L","MIC","","","Beckman Coulter Inc","CLSI",2021,"","","","Laboratory Method","","[38052776]"
299766,"299766.306","Enterobacter hormaechei subsp. steigerwaltii JBBEAAJ-19-0008","fosfomycin","","16","","16","mg/L","MIC","","","Beckman Coulter Inc","CLSI",2021,"","","","Laboratory Method","","[38052776]"
299766,"299766.274","Enterobacter hormaechei subsp. steigerwaltii JBBBAEF-19-0073","chloramphenicol","","<=8","<=","8","mg/L","MIC","","","Beckman Coulter Inc","CLSI",2021,"","","","Laboratory Method","","[38052776]"
299766,"299766.294","Enterobacter hormaechei subsp. steigerwaltii JBBDABA-19-0004","ceftriaxone","",">64",">","64","mg/L","MIC","","","Beckman Coulter Inc","CLSI",2021,"","","","Laboratory Method","","[38052776]"
299766,"299766.270","Enterobacter hormaechei subsp. steigerwaltii JBAJAAH-19-0047","trimethoprim/sulfamethoxazole","","<=1/19","<=","1/19","mg/L","MIC","","","Beckman Coulter Inc","CLSI",2021,"","","","Laboratory Method","","[38052776]"
299766,"299766.285","Enterobacter hormaechei subsp. steigerwaltii JBBDAAB-19-0061","aztreonam","","<=1","<=","1","mg/L","MIC","","","Beckman Coulter Inc","CLSI",2021,"","","","Laboratory Method","","[38052776]"
299766,"299766.309","Enterobacter hormaechei subsp. steigerwaltii JBBEABG-19-0028","minocycline","",">8",">","8","mg/L","MIC","","","Beckman Coulter Inc","CLSI",2021,"","","","Laboratory Method","","[38052776]"
299766,"299766.301","Enterobacter hormaechei subsp. steigerwaltii JBBDAGF-19-0055","chloramphenicol","","<=8","<=","8","mg/L","MIC","","","Beckman Coulter Inc","CLSI",2021,"","","","Laboratory Method","","[38052776]"
299766,"299766.320","Enterobacter hormaechei subsp. steigerwaltii JBCIAEJ-19-0013","ampicillin/sulbactam","",">32/16",">","32/16","mg/L","MIC","","","Beckman Coulter Inc","CLSI",2021,"","","","Laboratory Method","","[38052776]"
299766,"299766.344","Enterobacter hormaechei subsp. steigerwaltii JBDJAAE-19-0102","minocycline","","4","","4","mg/L","MIC","","","Beckman Coulter Inc","CLSI",2021,"","","","Laboratory Method","","[38052776]"
299766,"299766.311","Enterobacter hormaechei subsp. steigerwaltii JBBHAAB-19-0033","cefuroxime","",">32",">","32","mg/L","MIC","","","Beckman Coulter Inc","CLSI",2021,"","","","Laboratory Method","","[38052776]"
299766,"299766.315","Enterobacter hormaechei subsp. steigerwaltii JBCGAAG-19-0534","cefotaxime/clavulanic acid","",">32",">","32","mg/L","MIC","","","Beckman Coulter Inc","CLSI",2021,"","","","Laboratory Method","","[38052776]"
299766,"299766.289","Enterobacter hormaechei subsp. steigerwaltii JBBDAAF-19-0053","ceftazidime/clavulanic acid","",">32",">","32","mg/L","MIC","","","Beckman Coulter Inc","CLSI",2021,"","","","Laboratory Method","","[38052776]"
299766,"299766.282","Enterobacter hormaechei subsp. steigerwaltii JBBCAEG-19-0003","aztreonam","","<=1","<=","1","mg/L","MIC","","","Beckman Coulter Inc","CLSI",2021,"","","","Laboratory Method","","[38052776]"
299766,"299766.289","Enterobacter hormaechei subsp. steigerwaltii JBBDAAF-19-0053","levofloxacin","","<=0.5","<=","0.5","mg/L","MIC","","","Beckman Coulter Inc","CLSI",2021,"","","","Laboratory Method","","[38052776]"
299766,"299766.313","Enterobacter hormaechei subsp. steigerwaltii JBCDAAB-19-0062","gentamicin","","<=1","<=","1","mg/L","MIC","","","Beckman Coulter Inc","CLSI",2021,"","","","Laboratory Method","","[38052776]"
299766,"299766.310","Enterobacter hormaechei subsp. steigerwaltii JBBGAAF-19-0022","colistin","","<=1","<=","1","mg/L","MIC","","","Beckman Coulter Inc","CLSI",2021,"","","","Laboratory Method","","[38052776]"
299766,"299766.320","Enterobacter hormaechei subsp. steigerwaltii JBCIAEJ-19-0013","cefuroxime","",">32",">","32","mg/L","MIC","","","Beckman Coulter Inc","CLSI",2021,"","","","Laboratory Method","","[38052776]"
299766,"299766.266","Enterobacter hormaechei subsp. steigerwaltii JBABADI-19-0091","amikacin","","<=4","<=","4","mg/L","MIC","","","Beckman Coulter Inc","CLSI",2021,"","","","Laboratory Method","","[38052776]"
299766,"299766.310","Enterobacter hormaechei subsp. steigerwaltii JBBGAAF-19-0022","piperacillin","",">64",">","64","mg/L","MIC","","","Beckman Coulter Inc","CLSI",2021,"","","","Laboratory Method","","[38052776]"
299766,"299766.298","Enterobacter hormaechei subsp. steigerwaltii JBBDAGF-19-0017","cefozopran","","<=1","<=","1","mg/L","MIC","","","Beckman Coulter Inc","CLSI",2021,"","","","Laboratory Method","","[38052776]"
299766,"299766.292","Enterobacter hormaechei subsp. steigerwaltii JBBDAAJ-19-0051","amikacin","","<=4","<=","4","mg/L","MIC","","","Beckman Coulter Inc","CLSI",2021,"","","","Laboratory Method","","[38052776]"
299766,"299766.344","Enterobacter hormaechei subsp. steigerwaltii JBDJAAE-19-0102","cefotaxime","",">128",">","128","mg/L","MIC","","","Beckman Coulter Inc","CLSI",2021,"","","","Laboratory Method","","[38052776]"
299766,"299766.325","Enterobacter hormaechei subsp. steigerwaltii JBDGAAB-19-0117","amikacin","","<=4","<=","4","mg/L","MIC","","","Beckman Coulter Inc","CLSI",2021,"","","","Laboratory Method","","[38052776]"
299766,"299766.291","Enterobacter hormaechei subsp. steigerwaltii JBBDAAF-19-0142","ceftazidime","",">16",">","16","mg/L","MIC","","","Beckman Coulter Inc","CLSI",2021,"","","","Laboratory Method","","[38052776]"
299766,"299766.311","Enterobacter hormaechei subsp. steigerwaltii JBBHAAB-19-0033","tobramycin","","<=1","<=","1","mg/L","MIC","","","Beckman Coulter Inc","CLSI",2021,"","","","Laboratory Method","","[38052776]"
299766,"299766.315","Enterobacter hormaechei subsp. steigerwaltii JBCGAAG-19-0534","ciprofloxacin","","<=0.25","<=","0.25","mg/L","MIC","","","Beckman Coulter Inc","CLSI",2021,"","","","Laboratory Method","","[38052776]"
299766,"299766.303","Enterobacter hormaechei subsp. steigerwaltii JBBDAJB-19-0014","doripenem","","8","","8","mg/L","MIC","","","Beckman Coulter Inc","CLSI",2021,"","","","Laboratory Method","","[38052776]"
299766,"299766.338","Enterobacter hormaechei subsp. steigerwaltii JBEHAAB-19-0192","cefmetazole","",">32",">","32","mg/L","MIC","","","Beckman Coulter Inc","CLSI",2021,"","","","Laboratory Method","","[38052776]"
299766,"299766.317","Enterobacter hormaechei subsp. steigerwaltii JBCHACG-19-0311","cefuroxime","",">32",">","32","mg/L","MIC","","","Beckman Coulter Inc","CLSI",2021,"","","","Laboratory Method","","[38052776]"
299766,"299766.275","Enterobacter hormaechei subsp. steigerwaltii JBBCAAG-19-0001","piperacillin","",">64",">","64","mg/L","MIC","","","Beckman Coulter Inc","CLSI",2021,"","","","Laboratory Method","","[38052776]"
299766,"299766.285","Enterobacter hormaechei subsp. steigerwaltii JBBDAAB-19-0061","ciprofloxacin","","1","","1","mg/L","MIC","","","Beckman Coulter Inc","CLSI",2021,"","","","Laboratory Method","","[38052776]"
299766,"299766.266","Enterobacter hormaechei subsp. steigerwaltii JBABADI-19-0091","colistin","","<=1","<=","1","mg/L","MIC","","","Beckman Coulter Inc","CLSI",2021,"","","","Laboratory Method","","[38052776]"
299766,"299766.284","Enterobacter hormaechei subsp. steigerwaltii JBBDAAB-19-0177","gentamicin","","2","","2","mg/L","MIC","","","Beckman Coulter Inc","CLSI",2021,"","","","Laboratory Method","","[38052776]"
299766,"299766.284","Enterobacter hormaechei subsp. steigerwaltii JBBDAAB-19-0177","colistin","","<=1","<=","1","mg/L","MIC","","","Beckman Coulter Inc","CLSI",2021,"","","","Laboratory Method","","[38052776]"
299766,"299766.277","Enterobacter hormaechei subsp. steigerwaltii JBBCAAG-19-0003","levofloxacin","","<=0.5","<=","0.5","mg/L","MIC","","","Beckman Coulter Inc","CLSI",2021,"","","","Laboratory Method","","[38052776]"
299766,"299766.319","Enterobacter hormaechei subsp. steigerwaltii JBCHAFC-19-0064","aztreonam","",">16",">","16","mg/L","MIC","","","Beckman Coulter Inc","CLSI",2021,"","","","Laboratory Method","","[38052776]"
299766,"299766.315","Enterobacter hormaechei subsp. steigerwaltii JBCGAAG-19-0534","colistin","","<=1","<=","1","mg/L","MIC","","","Beckman Coulter Inc","CLSI",2021,"","","","Laboratory Method","","[38052776]"
299766,"299766.286","Enterobacter hormaechei subsp. steigerwaltii JBBDAAB-19-0067","tobramycin","","4","","4","mg/L","MIC","","","Beckman Coulter Inc","CLSI",2021,"","","","Laboratory Method","","[38052776]"
299766,"299766.290","Enterobacter hormaechei subsp. steigerwaltii JBBDAAF-19-0070","piperacillin/tazobactam","",">64",">","64","mg/L","MIC","","","Beckman Coulter Inc","CLSI",2021,"","","","Laboratory Method","","[38052776]"
299766,"299766.342","Enterobacter hormaechei subsp. steigerwaltii JBEAAAD-19-0047","piperacillin","",">64",">","64","mg/L","MIC","","","Beckman Coulter Inc","CLSI",2021,"","","","Laboratory Method","","[38052776]"
299766,"299766.310","Enterobacter hormaechei subsp. steigerwaltii JBBGAAF-19-0022","gentamicin","","<=1","<=","1","mg/L","MIC","","","Beckman Coulter Inc","CLSI",2021,"","","","Laboratory Method","","[38052776]"
299766,"299766.307","Enterobacter hormaechei subsp. steigerwaltii JBBEAAJ-19-0005","cefuroxime","",">32",">","32","mg/L","MIC","","","Beckman Coulter Inc","CLSI",2021,"","","","Laboratory Method","","[38052776]"
299766,"299766.337","Enterobacter hormaechei subsp. steigerwaltii JBEDACG-19-0107","ceftriaxone","",">64",">","64","mg/L","MIC","","","Beckman Coulter Inc","CLSI",2021,"","","","Laboratory Method","","[38052776]"
299766,"299766.284","Enterobacter hormaechei subsp. steigerwaltii JBBDAAB-19-0177","chloramphenicol","","<=8","<=","8","mg/L","MIC","","","Beckman Coulter Inc","CLSI",2021,"","","","Laboratory Method","","[38052776]"
299766,"299766.289","Enterobacter hormaechei subsp. steigerwaltii JBBDAAF-19-0053","piperacillin","",">64",">","64","mg/L","MIC","","","Beckman Coulter Inc","CLSI",2021,"","","","Laboratory Method","","[38052776]"
299766,"299766.312","Enterobacter hormaechei subsp. steigerwaltii JBCBAAJ-19-0100","ceftazidime/clavulanic acid","",">32",">","32","mg/L","MIC","","","Beckman Coulter Inc","CLSI",2021,"","","","Laboratory Method","","[38052776]"
299766,"299766.327","Enterobacter hormaechei subsp. steigerwaltii JBEAACH-19-0275","levofloxacin","","<=0.5","<=","0.5","mg/L","MIC","","","Beckman Coulter Inc","CLSI",2021,"","","","Laboratory Method","","[38052776]"
299766,"299766.341","Enterobacter hormaechei subsp. steigerwaltii JBEAACG-19-0092","cefoperazone/sulbactam","",">32/16",">","32/16","mg/L","MIC","","","Beckman Coulter Inc","CLSI",2021,"","","","Laboratory Method","","[38052776]"
299766,"299766.336","Enterobacter hormaechei subsp. steigerwaltii JBEDACG-19-0108","ciprofloxacin","","2","","2","mg/L","MIC","","","Beckman Coulter Inc","CLSI",2021,"","","","Laboratory Method","","[38052776]"
299766,"299766.335","Enterobacter hormaechei subsp. steigerwaltii JBEBAAB-19-0102","chloramphenicol","","<=8","<=","8","mg/L","MIC","","","Beckman Coulter Inc","CLSI",2021,"","","","Laboratory Method","","[38052776]"
299766,"299766.288","Enterobacter hormaechei subsp. steigerwaltii JBBDAAF-19-0049","minocycline","","2","","2","mg/L","MIC","","","Beckman Coulter Inc","CLSI",2021,"","","","Laboratory Method","","[38052776]"
299766,"299766.341","Enterobacter hormaechei subsp. steigerwaltii JBEAACG-19-0092","cefmetazole","",">32",">","32","mg/L","MIC","","","Beckman Coulter Inc","CLSI",2021,"","","","Laboratory Method","","[38052776]"
299766,"299766.280","Enterobacter hormaechei subsp. steigerwaltii JBBCADC-19-0142","tobramycin","","4","","4","mg/L","MIC","","","Beckman Coulter Inc","CLSI",2021,"","","","Laboratory Method","","[38052776]"
299766,"299766.297","Enterobacter hormaechei subsp. steigerwaltii JBBDAFG-19-0124","minocycline","",">8",">","8","mg/L","MIC","","","Beckman Coulter Inc","CLSI",2021,"","","","Laboratory Method","","[38052776]"
299766,"299766.281","Enterobacter hormaechei subsp. steigerwaltii JBBCADC-19-0145","piperacillin","","16","","16","mg/L","MIC","","","Beckman Coulter Inc","CLSI",2021,"","","","Laboratory Method","","[38052776]"
299766,"299766.293","Enterobacter hormaechei subsp. steigerwaltii JBBDAAJ-19-0055","cefotaxime","","128","","128","mg/L","MIC","","","Beckman Coulter Inc","CLSI",2021,"","","","Laboratory Method","","[38052776]"
299766,"299766.284","Enterobacter hormaechei subsp. steigerwaltii JBBDAAB-19-0177","cefepime","","4","","4","mg/L","MIC","","","Beckman Coulter Inc","CLSI",2021,"","","","Laboratory Method","","[38052776]"
299766,"299766.334","Enterobacter hormaechei subsp. steigerwaltii JBEAAFA-19-0408","piperacillin","",">64",">","64","mg/L","MIC","","","Beckman Coulter Inc","CLSI",2021,"","","","Laboratory Method","","[38052776]"
299766,"299766.330","Enterobacter hormaechei subsp. steigerwaltii JBEAAEE-19-0050","cefotaxime/clavulanic acid","",">32",">","32","mg/L","MIC","","","Beckman Coulter Inc","CLSI",2021,"","","","Laboratory Method","","[38052776]"
299766,"299766.348","Enterobacter hormaechei subsp. steigerwaltii JBBBAAB-19-0014","levofloxacin","","<=0.5","<=","0.5","mg/L","MIC","","","Beckman Coulter Inc","CLSI",2021,"","","","Laboratory Method","","[38052776]"
299766,"299766.311","Enterobacter hormaechei subsp. steigerwaltii JBBHAAB-19-0033","cefmetazole","",">32",">","32","mg/L","MIC","","","Beckman Coulter Inc","CLSI",2021,"","","","Laboratory Method","","[38052776]"
299766,"299766.282","Enterobacter hormaechei subsp. steigerwaltii JBBCAEG-19-0003","ceftriaxone","",">64",">","64","mg/L","MIC","","","Beckman Coulter Inc","CLSI",2021,"","","","Laboratory Method","","[38052776]"
299766,"299766.330","Enterobacter hormaechei subsp. steigerwaltii JBEAAEE-19-0050","tigecycline","","1","","1","mg/L","MIC","","","Beckman Coulter Inc","CLSI",2021,"","","","Laboratory Method","","[38052776]"
299766,"299766.310","Enterobacter hormaechei subsp. steigerwaltii JBBGAAF-19-0022","cefozopran","",">16",">","16","mg/L","MIC","","","Beckman Coulter Inc","CLSI",2021,"","","","Laboratory Method","","[38052776]"
299766,"299766.308","Enterobacter hormaechei subsp. steigerwaltii JBBEABA-19-0025","trimethoprim/sulfamethoxazole","","<=1/19","<=","1/19","mg/L","MIC","","","Beckman Coulter Inc","CLSI",2021,"","","","Laboratory Method","","[38052776]"
299766,"299766.336","Enterobacter hormaechei subsp. steigerwaltii JBEDACG-19-0108","cefoperazone/sulbactam","",">32/16",">","32/16","mg/L","MIC","","","Beckman Coulter Inc","CLSI",2021,"","","","Laboratory Method","","[38052776]"
299766,"299766.289","Enterobacter hormaechei subsp. steigerwaltii JBBDAAF-19-0053","ampicillin/sulbactam","",">32/16",">","32/16","mg/L","MIC","","","Beckman Coulter Inc","CLSI",2021,"","","","Laboratory Method","","[38052776]"
299766,"299766.321","Enterobacter hormaechei subsp. steigerwaltii JBDDAAF-19-0084","ceftazidime/clavulanic acid","",">32",">","32","mg/L","MIC","","","Beckman Coulter Inc","CLSI",2021,"","","","Laboratory Method","","[38052776]"
299766,"299766.278","Enterobacter hormaechei subsp. steigerwaltii JBBCAAG-19-0004","ceftazidime/clavulanic acid","",">32",">","32","mg/L","MIC","","","Beckman Coulter Inc","CLSI",2021,"","","","Laboratory Method","","[38052776]"
299766,"299766.348","Enterobacter hormaechei subsp. steigerwaltii JBBBAAB-19-0014","piperacillin","","8","","8","mg/L","MIC","","","Beckman Coulter Inc","CLSI",2021,"","","","Laboratory Method","","[38052776]"
299766,"299766.289","Enterobacter hormaechei subsp. steigerwaltii JBBDAAF-19-0053","cefotaxime/clavulanic acid","",">32",">","32","mg/L","MIC","","","Beckman Coulter Inc","CLSI",2021,"","","","Laboratory Method","","[38052776]"
299766,"299766.290","Enterobacter hormaechei subsp. steigerwaltii JBBDAAF-19-0070","meropenem","","8","","8","mg/L","MIC","","","Beckman Coulter Inc","CLSI",2021,"","","","Laboratory Method","","[38052776]"
299766,"299766.326","Enterobacter hormaechei subsp. steigerwaltii JBEAACH-19-0177","doripenem","","<=0.5","<=","0.5","mg/L","MIC","","","Beckman Coulter Inc","CLSI",2021,"","","","Laboratory Method","","[38052776]"
299766,"299766.317","Enterobacter hormaechei subsp. steigerwaltii JBCHACG-19-0311","cefotaxime","","64","","64","mg/L","MIC","","","Beckman Coulter Inc","CLSI",2021,"","","","Laboratory Method","","[38052776]"
299766,"299766.284","Enterobacter hormaechei subsp. steigerwaltii JBBDAAB-19-0177","ceftriaxone","","64","","64","mg/L","MIC","","","Beckman Coulter Inc","CLSI",2021,"","","","Laboratory Method","","[38052776]"
299766,"299766.326","Enterobacter hormaechei subsp. steigerwaltii JBEAACH-19-0177","imipenem","","1","","1","mg/L","MIC","","","Beckman Coulter Inc","CLSI",2021,"","","","Laboratory Method","","[38052776]"
299766,"299766.322","Enterobacter hormaechei subsp. steigerwaltii JBDGAAB-19-0032","gentamicin","","<=1","<=","1","mg/L","MIC","","","Beckman Coulter Inc","CLSI",2021,"","","","Laboratory Method","","[38052776]"
299766,"299766.299","Enterobacter hormaechei subsp. steigerwaltii JBBDAGF-19-0016","fosfomycin","","<=4","<=","4","mg/L","MIC","","","Beckman Coulter Inc","CLSI",2021,"","","","Laboratory Method","","[38052776]"
299766,"299766.301","Enterobacter hormaechei subsp. steigerwaltii JBBDAGF-19-0055","ciprofloxacin","","<=0.25","<=","0.25","mg/L","MIC","","","Beckman Coulter Inc","CLSI",2021,"","","","Laboratory Method","","[38052776]"
299766,"299766.335","Enterobacter hormaechei subsp. steigerwaltii JBEBAAB-19-0102","cefpodoxime","",">64",">","64","mg/L","MIC","","","Beckman Coulter Inc","CLSI",2021,"","","","Laboratory Method","","[38052776]"
299766,"299766.309","Enterobacter hormaechei subsp. steigerwaltii JBBEABG-19-0028","cefotetan","",">32",">","32","mg/L","MIC","","","Beckman Coulter Inc","CLSI",2021,"","","","Laboratory Method","","[38052776]"
299766,"299766.325","Enterobacter hormaechei subsp. steigerwaltii JBDGAAB-19-0117","ceftriaxone","",">64",">","64","mg/L","MIC","","","Beckman Coulter Inc","CLSI",2021,"","","","Laboratory Method","","[38052776]"
299766,"299766.277","Enterobacter hormaechei subsp. steigerwaltii JBBCAAG-19-0003","ampicillin/sulbactam","",">32/16",">","32/16","mg/L","MIC","","","Beckman Coulter Inc","CLSI",2021,"","","","Laboratory Method","","[38052776]"
299766,"299766.279","Enterobacter hormaechei subsp. steigerwaltii JBBCADC-19-0002","doripenem","","<=0.5","<=","0.5","mg/L","MIC","","","Beckman Coulter Inc","CLSI",2021,"","","","Laboratory Method","","[38052776]"
299766,"299766.348","Enterobacter hormaechei subsp. steigerwaltii JBBBAAB-19-0014","ceftriaxone","",">64",">","64","mg/L","MIC","","","Beckman Coulter Inc","CLSI",2021,"","","","Laboratory Method","","[38052776]"
299766,"299766.299","Enterobacter hormaechei subsp. steigerwaltii JBBDAGF-19-0016","cefuroxime","",">32",">","32","mg/L","MIC","","","Beckman Coulter Inc","CLSI",2021,"","","","Laboratory Method","","[38052776]"
299766,"299766.321","Enterobacter hormaechei subsp. steigerwaltii JBDDAAF-19-0084","imipenem","","<=0.5","<=","0.5","mg/L","MIC","","","Beckman Coulter Inc","CLSI",2021,"","","","Laboratory Method","","[38052776]"
299766,"299766.338","Enterobacter hormaechei subsp. steigerwaltii JBEHAAB-19-0192","piperacillin/tazobactam","","64","","64","mg/L","MIC","","","Beckman Coulter Inc","CLSI",2021,"","","","Laboratory Method","","[38052776]"
299766,"299766.347","Enterobacter hormaechei subsp. steigerwaltii JBDJAAE-19-0094","cefotaxime","",">128",">","128","mg/L","MIC","","","Beckman Coulter Inc","CLSI",2021,"","","","Laboratory Method","","[38052776]"
299766,"299766.341","Enterobacter hormaechei subsp. steigerwaltii JBEAACG-19-0092","amikacin","","<=4","<=","4","mg/L","MIC","","","Beckman Coulter Inc","CLSI",2021,"","","","Laboratory Method","","[38052776]"
299766,"299766.271","Enterobacter hormaechei subsp. steigerwaltii JBAJAAJ-19-0001","gentamicin","","2","","2","mg/L","MIC","","","Beckman Coulter Inc","CLSI",2021,"","","","Laboratory Method","","[38052776]"
299766,"299766.330","Enterobacter hormaechei subsp. steigerwaltii JBEAAEE-19-0050","chloramphenicol","","<=8","<=","8","mg/L","MIC","","","Beckman Coulter Inc","CLSI",2021,"","","","Laboratory Method","","[38052776]"
299766,"299766.306","Enterobacter hormaechei subsp. steigerwaltii JBBEAAJ-19-0008","cefozopran","","16","","16","mg/L","MIC","","","Beckman Coulter Inc","CLSI",2021,"","","","Laboratory Method","","[38052776]"
299766,"299766.331","Enterobacter hormaechei subsp. steigerwaltii JBEAAEE-19-0042","cefpodoxime","",">64",">","64","mg/L","MIC","","","Beckman Coulter Inc","CLSI",2021,"","","","Laboratory Method","","[38052776]"
299766,"299766.316","Enterobacter hormaechei subsp. steigerwaltii JBCHAAE-19-0025","ampicillin/sulbactam","",">32/16",">","32/16","mg/L","MIC","","","Beckman Coulter Inc","CLSI",2021,"","","","Laboratory Method","","[38052776]"
299766,"299766.318","Enterobacter hormaechei subsp. steigerwaltii JBCHACG-19-0419","amikacin","","<=4","<=","4","mg/L","MIC","","","Beckman Coulter Inc","CLSI",2021,"","","","Laboratory Method","","[38052776]"
299766,"299766.339","Enterobacter hormaechei subsp. steigerwaltii JBAGABE-19-0120","cefotaxime","","128","","128","mg/L","MIC","","","Beckman Coulter Inc","CLSI",2021,"","","","Laboratory Method","","[38052776]"
299766,"299766.336","Enterobacter hormaechei subsp. steigerwaltii JBEDACG-19-0108","piperacillin/tazobactam","",">64",">","64","mg/L","MIC","","","Beckman Coulter Inc","CLSI",2021,"","","","Laboratory Method","","[38052776]"
299766,"299766.319","Enterobacter hormaechei subsp. steigerwaltii JBCHAFC-19-0064","cefepime","","8","","8","mg/L","MIC","","","Beckman Coulter Inc","CLSI",2021,"","","","Laboratory Method","","[38052776]"
299766,"299766.295","Enterobacter hormaechei subsp. steigerwaltii JBBDABE-19-0091","doripenem","","2","","2","mg/L","MIC","","","Beckman Coulter Inc","CLSI",2021,"","","","Laboratory Method","","[38052776]"
299766,"299766.346","Enterobacter hormaechei subsp. steigerwaltii JBCBAAD-19-0109","meropenem","","<=0.5","<=","0.5","mg/L","MIC","","","Beckman Coulter Inc","CLSI",2021,"","","","Laboratory Method","","[38052776]"
299766,"299766.272","Enterobacter hormaechei subsp. steigerwaltii JBBBAAB-19-0138","tigecycline","","1","","1","mg/L","MIC","","","Beckman Coulter Inc","CLSI",2021,"","","","Laboratory Method","","[38052776]"
299766,"299766.322","Enterobacter hormaechei subsp. steigerwaltii JBDGAAB-19-0032","cefoperazone/sulbactam","","<=8/4","<=","8/4","mg/L","MIC","","","Beckman Coulter Inc","CLSI",2021,"","","","Laboratory Method","","[38052776]"
299766,"299766.347","Enterobacter hormaechei subsp. steigerwaltii JBDJAAE-19-0094","doripenem","","1","","1","mg/L","MIC","","","Beckman Coulter Inc","CLSI",2021,"","","","Laboratory Method","","[38052776]"
299766,"299766.322","Enterobacter hormaechei subsp. steigerwaltii JBDGAAB-19-0032","amikacin","","<=4","<=","4","mg/L","MIC","","","Beckman Coulter Inc","CLSI",2021,"","","","Laboratory Method","","[38052776]"
299766,"299766.341","Enterobacter hormaechei subsp. steigerwaltii JBEAACG-19-0092","ceftazidime","",">16",">","16","mg/L","MIC","","","Beckman Coulter Inc","CLSI",2021,"","","","Laboratory Method","","[38052776]"
299766,"299766.336","Enterobacter hormaechei subsp. steigerwaltii JBEDACG-19-0108","chloramphenicol","","16","","16","mg/L","MIC","","","Beckman Coulter Inc","CLSI",2021,"","","","Laboratory Method","","[38052776]"
299766,"299766.310","Enterobacter hormaechei subsp. steigerwaltii JBBGAAF-19-0022","meropenem","","8","","8","mg/L","MIC","","","Beckman Coulter Inc","CLSI",2021,"","","","Laboratory Method","","[38052776]"
299766,"299766.308","Enterobacter hormaechei subsp. steigerwaltii JBBEABA-19-0025","cefepime","","8","","8","mg/L","MIC","","","Beckman Coulter Inc","CLSI",2021,"","","","Laboratory Method","","[38052776]"
299766,"299766.347","Enterobacter hormaechei subsp. steigerwaltii JBDJAAE-19-0094","cefotetan","",">32",">","32","mg/L","MIC","","","Beckman Coulter Inc","CLSI",2021,"","","","Laboratory Method","","[38052776]"
299766,"299766.315","Enterobacter hormaechei subsp. steigerwaltii JBCGAAG-19-0534","trimethoprim/sulfamethoxazole","","<=1/19","<=","1/19","mg/L","MIC","","","Beckman Coulter Inc","CLSI",2021,"","","","Laboratory Method","","[38052776]"
299766,"299766.329","Enterobacter hormaechei subsp. steigerwaltii JBEAAEE-19-0043","imipenem","","4","","4","mg/L","MIC","","","Beckman Coulter Inc","CLSI",2021,"","","","Laboratory Method","","[38052776]"
299766,"299766.327","Enterobacter hormaechei subsp. steigerwaltii JBEAACH-19-0275","imipenem","","1","","1","mg/L","MIC","","","Beckman Coulter Inc","CLSI",2021,"","","","Laboratory Method","","[38052776]"
299766,"299766.287","Enterobacter hormaechei subsp. steigerwaltii JBBDAAF-19-0018","cefoperazone/sulbactam","",">32/16",">","32/16","mg/L","MIC","","","Beckman Coulter Inc","CLSI",2021,"","","","Laboratory Method","","[38052776]"
299766,"299766.269","Enterobacter hormaechei subsp. steigerwaltii JBAIAAD-19-0115","fosfomycin","",">16",">","16","mg/L","MIC","","","Beckman Coulter Inc","CLSI",2021,"","","","Laboratory Method","","[38052776]"
299766,"299766.324","Enterobacter hormaechei subsp. steigerwaltii JBDGAAB-19-0118","cefoperazone/sulbactam","","<=8/4","<=","8/4","mg/L","MIC","","","Beckman Coulter Inc","CLSI",2021,"","","","Laboratory Method","","[38052776]"
299766,"299766.274","Enterobacter hormaechei subsp. steigerwaltii JBBBAEF-19-0073","minocycline","","4","","4","mg/L","MIC","","","Beckman Coulter Inc","CLSI",2021,"","","","Laboratory Method","","[38052776]"
299766,"299766.266","Enterobacter hormaechei subsp. steigerwaltii JBABADI-19-0091","ciprofloxacin","","<=0.25","<=","0.25","mg/L","MIC","","","Beckman Coulter Inc","CLSI",2021,"","","","Laboratory Method","","[38052776]"
299766,"299766.284","Enterobacter hormaechei subsp. steigerwaltii JBBDAAB-19-0177","ciprofloxacin","","<=0.25","<=","0.25","mg/L","MIC","","","Beckman Coulter Inc","CLSI",2021,"","","","Laboratory Method","","[38052776]"
299766,"299766.272","Enterobacter hormaechei subsp. steigerwaltii JBBBAAB-19-0138","ciprofloxacin","","1","","1","mg/L","MIC","","","Beckman Coulter Inc","CLSI",2021,"","","","Laboratory Method","","[38052776]"
299766,"299766.291","Enterobacter hormaechei subsp. steigerwaltii JBBDAAF-19-0142","cefotaxime","","128","","128","mg/L","MIC","","","Beckman Coulter Inc","CLSI",2021,"","","","Laboratory Method","","[38052776]"
299766,"299766.330","Enterobacter hormaechei subsp. steigerwaltii JBEAAEE-19-0050","imipenem","","4","","4","mg/L","MIC","","","Beckman Coulter Inc","CLSI",2021,"","","","Laboratory Method","","[38052776]"
299766,"299766.287","Enterobacter hormaechei subsp. steigerwaltii JBBDAAF-19-0018","ceftriaxone","",">64",">","64","mg/L","MIC","","","Beckman Coulter Inc","CLSI",2021,"","","","Laboratory Method","","[38052776]"
299766,"299766.278","Enterobacter hormaechei subsp. steigerwaltii JBBCAAG-19-0004","cefoperazone/sulbactam","",">32/16",">","32/16","mg/L","MIC","","","Beckman Coulter Inc","CLSI",2021,"","","","Laboratory Method","","[38052776]"
299766,"299766.266","Enterobacter hormaechei subsp. steigerwaltii JBABADI-19-0091","cefozopran","",">16",">","16","mg/L","MIC","","","Beckman Coulter Inc","CLSI",2021,"","","","Laboratory Method","","[38052776]"
299766,"299766.330","Enterobacter hormaechei subsp. steigerwaltii JBEAAEE-19-0050","piperacillin/tazobactam","",">64",">","64","mg/L","MIC","","","Beckman Coulter Inc","CLSI",2021,"","","","Laboratory Method","","[38052776]"
299766,"299766.293","Enterobacter hormaechei subsp. steigerwaltii JBBDAAJ-19-0055","meropenem","","8","","8","mg/L","MIC","","","Beckman Coulter Inc","CLSI",2021,"","","","Laboratory Method","","[38052776]"
299766,"299766.306","Enterobacter hormaechei subsp. steigerwaltii JBBEAAJ-19-0008","amikacin","","<=4","<=","4","mg/L","MIC","","","Beckman Coulter Inc","CLSI",2021,"","","","Laboratory Method","","[38052776]"
299766,"299766.302","Enterobacter hormaechei subsp. steigerwaltii JBBDAJB-19-0020","colistin","","<=1","<=","1","mg/L","MIC","","","Beckman Coulter Inc","CLSI",2021,"","","","Laboratory Method","","[38052776]"
299766,"299766.278","Enterobacter hormaechei subsp. steigerwaltii JBBCAAG-19-0004","minocycline","",">8",">","8","mg/L","MIC","","","Beckman Coulter Inc","CLSI",2021,"","","","Laboratory Method","","[38052776]"
299766,"299766.286","Enterobacter hormaechei subsp. steigerwaltii JBBDAAB-19-0067","cefozopran","",">16",">","16","mg/L","MIC","","","Beckman Coulter Inc","CLSI",2021,"","","","Laboratory Method","","[38052776]"
299766,"299766.303","Enterobacter hormaechei subsp. steigerwaltii JBBDAJB-19-0014","minocycline","","<=1","<=","1","mg/L","MIC","","","Beckman Coulter Inc","CLSI",2021,"","","","Laboratory Method","","[38052776]"
299766,"299766.315","Enterobacter hormaechei subsp. steigerwaltii JBCGAAG-19-0534","ampicillin/sulbactam","",">32/16",">","32/16","mg/L","MIC","","","Beckman Coulter Inc","CLSI",2021,"","","","Laboratory Method","","[38052776]"
299766,"299766.348","Enterobacter hormaechei subsp. steigerwaltii JBBBAAB-19-0014","imipenem","","<=0.5","<=","0.5","mg/L","MIC","","","Beckman Coulter Inc","CLSI",2021,"","","","Laboratory Method","","[38052776]"
299766,"299766.323","Enterobacter hormaechei subsp. steigerwaltii JBDGAAB-19-0063","cefoperazone/sulbactam","","<=8/4","<=","8/4","mg/L","MIC","","","Beckman Coulter Inc","CLSI",2021,"","","","Laboratory Method","","[38052776]"
299766,"299766.318","Enterobacter hormaechei subsp. steigerwaltii JBCHACG-19-0419","cefmetazole","",">32",">","32","mg/L","MIC","","","Beckman Coulter Inc","CLSI",2021,"","","","Laboratory Method","","[38052776]"
299766,"299766.329","Enterobacter hormaechei subsp. steigerwaltii JBEAAEE-19-0043","minocycline","",">8",">","8","mg/L","MIC","","","Beckman Coulter Inc","CLSI",2021,"","","","Laboratory Method","","[38052776]"
299766,"299766.329","Enterobacter hormaechei subsp. steigerwaltii JBEAAEE-19-0043","ceftriaxone","",">64",">","64","mg/L","MIC","","","Beckman Coulter Inc","CLSI",2021,"","","","Laboratory Method","","[38052776]"
299766,"299766.274","Enterobacter hormaechei subsp. steigerwaltii JBBBAEF-19-0073","ceftriaxone","",">64",">","64","mg/L","MIC","","","Beckman Coulter Inc","CLSI",2021,"","","","Laboratory Method","","[38052776]"
299766,"299766.288","Enterobacter hormaechei subsp. steigerwaltii JBBDAAF-19-0049","cefoperazone/sulbactam","",">32/16",">","32/16","mg/L","MIC","","","Beckman Coulter Inc","CLSI",2021,"","","","Laboratory Method","","[38052776]"
299766,"299766.267","Enterobacter hormaechei subsp. steigerwaltii JBAFAAB-19-0055","chloramphenicol","",">16",">","16","mg/L","MIC","","","Beckman Coulter Inc","CLSI",2021,"","","","Laboratory Method","","[38052776]"
299766,"299766.336","Enterobacter hormaechei subsp. steigerwaltii JBEDACG-19-0108","ampicillin/sulbactam","",">32/16",">","32/16","mg/L","MIC","","","Beckman Coulter Inc","CLSI",2021,"","","","Laboratory Method","","[38052776]"
299766,"299766.337","Enterobacter hormaechei subsp. steigerwaltii JBEDACG-19-0107","ceftazidime/clavulanic acid","",">32",">","32","mg/L","MIC","","","Beckman Coulter Inc","CLSI",2021,"","","","Laboratory Method","","[38052776]"
299766,"299766.269","Enterobacter hormaechei subsp. steigerwaltii JBAIAAD-19-0115","imipenem","",">8",">","8","mg/L","MIC","","","Beckman Coulter Inc","CLSI",2021,"","","","Laboratory Method","","[38052776]"
299766,"299766.266","Enterobacter hormaechei subsp. steigerwaltii JBABADI-19-0091","cefuroxime","",">32",">","32","mg/L","MIC","","","Beckman Coulter Inc","CLSI",2021,"","","","Laboratory Method","","[38052776]"
299766,"299766.277","Enterobacter hormaechei subsp. steigerwaltii JBBCAAG-19-0003","minocycline","",">8",">","8","mg/L","MIC","","","Beckman Coulter Inc","CLSI",2021,"","","","Laboratory Method","","[38052776]"
299766,"299766.330","Enterobacter hormaechei subsp. steigerwaltii JBEAAEE-19-0050","ceftazidime","",">16",">","16","mg/L","MIC","","","Beckman Coulter Inc","CLSI",2021,"","","","Laboratory Method","","[38052776]"
299766,"299766.268","Enterobacter hormaechei subsp. steigerwaltii JBAGABE-19-0098","amikacin","","<=4","<=","4","mg/L","MIC","","","Beckman Coulter Inc","CLSI",2021,"","","","Laboratory Method","","[38052776]"
299766,"299766.296","Enterobacter hormaechei subsp. steigerwaltii JBBDADH-19-0027","cefotetan","",">32",">","32","mg/L","MIC","","","Beckman Coulter Inc","CLSI",2021,"","","","Laboratory Method","","[38052776]"
299766,"299766.292","Enterobacter hormaechei subsp. steigerwaltii JBBDAAJ-19-0051","cefuroxime","",">32",">","32","mg/L","MIC","","","Beckman Coulter Inc","CLSI",2021,"","","","Laboratory Method","","[38052776]"
299766,"299766.277","Enterobacter hormaechei subsp. steigerwaltii JBBCAAG-19-0003","cefepime","","8","","8","mg/L","MIC","","","Beckman Coulter Inc","CLSI",2021,"","","","Laboratory Method","","[38052776]"
299766,"299766.346","Enterobacter hormaechei subsp. steigerwaltii JBCBAAD-19-0109","cefotaxime","","2","","2","mg/L","MIC","","","Beckman Coulter Inc","CLSI",2021,"","","","Laboratory Method","","[38052776]"
299766,"299766.268","Enterobacter hormaechei subsp. steigerwaltii JBAGABE-19-0098","fosfomycin","",">16",">","16","mg/L","MIC","","","Beckman Coulter Inc","CLSI",2021,"","","","Laboratory Method","","[38052776]"
299766,"299766.269","Enterobacter hormaechei subsp. steigerwaltii JBAIAAD-19-0115","minocycline","","4","","4","mg/L","MIC","","","Beckman Coulter Inc","CLSI",2021,"","","","Laboratory Method","","[38052776]"
299766,"299766.307","Enterobacter hormaechei subsp. steigerwaltii JBBEAAJ-19-0005","fosfomycin","","16","","16","mg/L","MIC","","","Beckman Coulter Inc","CLSI",2021,"","","","Laboratory Method","","[38052776]"
299766,"299766.339","Enterobacter hormaechei subsp. steigerwaltii JBAGABE-19-0120","trimethoprim/sulfamethoxazole","","<=1/19","<=","1/19","mg/L","MIC","","","Beckman Coulter Inc","CLSI",2021,"","","","Laboratory Method","","[38052776]"
299766,"299766.274","Enterobacter hormaechei subsp. steigerwaltii JBBBAEF-19-0073","ciprofloxacin","","1","","1","mg/L","MIC","","","Beckman Coulter Inc","CLSI",2021,"","","","Laboratory Method","","[38052776]"
299766,"299766.312","Enterobacter hormaechei subsp. steigerwaltii JBCBAAJ-19-0100","levofloxacin","","1","","1","mg/L","MIC","","","Beckman Coulter Inc","CLSI",2021,"","","","Laboratory Method","","[38052776]"
299766,"299766.269","Enterobacter hormaechei subsp. steigerwaltii JBAIAAD-19-0115","trimethoprim/sulfamethoxazole","",">2/38",">","2/38","mg/L","MIC","","","Beckman Coulter Inc","CLSI",2021,"","","","Laboratory Method","","[38052776]"
299766,"299766.327","Enterobacter hormaechei subsp. steigerwaltii JBEAACH-19-0275","trimethoprim/sulfamethoxazole","","<=1/19","<=","1/19","mg/L","MIC","","","Beckman Coulter Inc","CLSI",2021,"","","","Laboratory Method","","[38052776]"
299766,"299766.341","Enterobacter hormaechei subsp. steigerwaltii JBEAACG-19-0092","gentamicin","","4","","4","mg/L","MIC","","","Beckman Coulter Inc","CLSI",2021,"","","","Laboratory Method","","[38052776]"
299766,"299766.349","Enterobacter hormaechei subsp. steigerwaltii JBEAACG-19-0097","cefoperazone/sulbactam","",">32/16",">","32/16","mg/L","MIC","","","Beckman Coulter Inc","CLSI",2021,"","","","Laboratory Method","","[38052776]"
299766,"299766.342","Enterobacter hormaechei subsp. steigerwaltii JBEAAAD-19-0047","minocycline","",">8",">","8","mg/L","MIC","","","Beckman Coulter Inc","CLSI",2021,"","","","Laboratory Method","","[38052776]"
299766,"299766.296","Enterobacter hormaechei subsp. steigerwaltii JBBDADH-19-0027","chloramphenicol","","<=8","<=","8","mg/L","MIC","","","Beckman Coulter Inc","CLSI",2021,"","","","Laboratory Method","","[38052776]"
299766,"299766.328","Enterobacter hormaechei subsp. steigerwaltii JBEAAEE-19-0001","aztreonam","",">16",">","16","mg/L","MIC","","","Beckman Coulter Inc","CLSI",2021,"","","","Laboratory Method","","[38052776]"
299766,"299766.293","Enterobacter hormaechei subsp. steigerwaltii JBBDAAJ-19-0055","cefotaxime/clavulanic acid","",">32",">","32","mg/L","MIC","","","Beckman Coulter Inc","CLSI",2021,"","","","Laboratory Method","","[38052776]"
299766,"299766.342","Enterobacter hormaechei subsp. steigerwaltii JBEAAAD-19-0047","meropenem","","2","","2","mg/L","MIC","","","Beckman Coulter Inc","CLSI",2021,"","","","Laboratory Method","","[38052776]"
299766,"299766.281","Enterobacter hormaechei subsp. steigerwaltii JBBCADC-19-0145","ceftazidime/clavulanic acid","",">32",">","32","mg/L","MIC","","","Beckman Coulter Inc","CLSI",2021,"","","","Laboratory Method","","[38052776]"
299766,"299766.339","Enterobacter hormaechei subsp. steigerwaltii JBAGABE-19-0120","ceftazidime/clavulanic acid","",">32",">","32","mg/L","MIC","","","Beckman Coulter Inc","CLSI",2021,"","","","Laboratory Method","","[38052776]"
299766,"299766.305","Enterobacter hormaechei subsp. steigerwaltii JBBDAJB-19-0023","amikacin","","<=4","<=","4","mg/L","MIC","","","Beckman Coulter Inc","CLSI",2021,"","","","Laboratory Method","","[38052776]"
299766,"299766.275","Enterobacter hormaechei subsp. steigerwaltii JBBCAAG-19-0001","fosfomycin","","16","","16","mg/L","MIC","","","Beckman Coulter Inc","CLSI",2021,"","","","Laboratory Method","","[38052776]"
299766,"299766.268","Enterobacter hormaechei subsp. steigerwaltii JBAGABE-19-0098","chloramphenicol","","<=8","<=","8","mg/L","MIC","","","Beckman Coulter Inc","CLSI",2021,"","","","Laboratory Method","","[38052776]"
299766,"299766.339","Enterobacter hormaechei subsp. steigerwaltii JBAGABE-19-0120","cefpodoxime","",">64",">","64","mg/L","MIC","","","Beckman Coulter Inc","CLSI",2021,"","","","Laboratory Method","","[38052776]"
299766,"299766.332","Enterobacter hormaechei subsp. steigerwaltii JBEAAEE-19-0140","trimethoprim/sulfamethoxazole","",">2/38",">","2/38","mg/L","MIC","","","Beckman Coulter Inc","CLSI",2021,"","","","Laboratory Method","","[38052776]"
299766,"299766.266","Enterobacter hormaechei subsp. steigerwaltii JBABADI-19-0091","ceftazidime","",">16",">","16","mg/L","MIC","","","Beckman Coulter Inc","CLSI",2021,"","","","Laboratory Method","","[38052776]"
299766,"299766.296","Enterobacter hormaechei subsp. steigerwaltii JBBDADH-19-0027","gentamicin","","2","","2","mg/L","MIC","","","Beckman Coulter Inc","CLSI",2021,"","","","Laboratory Method","","[38052776]"
299766,"299766.348","Enterobacter hormaechei subsp. steigerwaltii JBBBAAB-19-0014","fosfomycin","",">16",">","16","mg/L","MIC","","","Beckman Coulter Inc","CLSI",2021,"","","","Laboratory Method","","[38052776]"
299766,"299766.311","Enterobacter hormaechei subsp. steigerwaltii JBBHAAB-19-0033","ampicillin/sulbactam","",">32/16",">","32/16","mg/L","MIC","","","Beckman Coulter Inc","CLSI",2021,"","","","Laboratory Method","","[38052776]"
299766,"299766.292","Enterobacter hormaechei subsp. steigerwaltii JBBDAAJ-19-0051","doripenem","","8","","8","mg/L","MIC","","","Beckman Coulter Inc","CLSI",2021,"","","","Laboratory Method","","[38052776]"
299766,"299766.319","Enterobacter hormaechei subsp. steigerwaltii JBCHAFC-19-0064","piperacillin","",">64",">","64","mg/L","MIC","","","Beckman Coulter Inc","CLSI",2021,"","","","Laboratory Method","","[38052776]"
299766,"299766.282","Enterobacter hormaechei subsp. steigerwaltii JBBCAEG-19-0003","ceftazidime/clavulanic acid","",">32",">","32","mg/L","MIC","","","Beckman Coulter Inc","CLSI",2021,"","","","Laboratory Method","","[38052776]"
299766,"299766.273","Enterobacter hormaechei subsp. steigerwaltii JBBBAAB-19-0139","ceftriaxone","",">64",">","64","mg/L","MIC","","","Beckman Coulter Inc","CLSI",2021,"","","","Laboratory Method","","[38052776]"
299766,"299766.300","Enterobacter hormaechei subsp. steigerwaltii JBBDAGF-19-0034","amikacin","","<=4","<=","4","mg/L","MIC","","","Beckman Coulter Inc","CLSI",2021,"","","","Laboratory Method","","[38052776]"
299766,"299766.326","Enterobacter hormaechei subsp. steigerwaltii JBEAACH-19-0177","piperacillin/tazobactam","","<=4","<=","4","mg/L","MIC","","","Beckman Coulter Inc","CLSI",2021,"","","","Laboratory Method","","[38052776]"
299766,"299766.302","Enterobacter hormaechei subsp. steigerwaltii JBBDAJB-19-0020","ampicillin/sulbactam","",">32/16",">","32/16","mg/L","MIC","","","Beckman Coulter Inc","CLSI",2021,"","","","Laboratory Method","","[38052776]"
299766,"299766.340","Enterobacter hormaechei subsp. steigerwaltii JBEAACG-19-0081","minocycline","","4","","4","mg/L","MIC","","","Beckman Coulter Inc","CLSI",2021,"","","","Laboratory Method","","[38052776]"
299766,"299766.334","Enterobacter hormaechei subsp. steigerwaltii JBEAAFA-19-0408","gentamicin","","<=1","<=","1","mg/L","MIC","","","Beckman Coulter Inc","CLSI",2021,"","","","Laboratory Method","","[38052776]"
299766,"299766.346","Enterobacter hormaechei subsp. steigerwaltii JBCBAAD-19-0109","amikacin","","<=4","<=","4","mg/L","MIC","","","Beckman Coulter Inc","CLSI",2021,"","","","Laboratory Method","","[38052776]"
299766,"299766.347","Enterobacter hormaechei subsp. steigerwaltii JBDJAAE-19-0094","ceftazidime/clavulanic acid","","32","","32","mg/L","MIC","","","Beckman Coulter Inc","CLSI",2021,"","","","Laboratory Method","","[38052776]"
299766,"299766.325","Enterobacter hormaechei subsp. steigerwaltii JBDGAAB-19-0117","piperacillin","",">64",">","64","mg/L","MIC","","","Beckman Coulter Inc","CLSI",2021,"","","","Laboratory Method","","[38052776]"
299766,"299766.309","Enterobacter hormaechei subsp. steigerwaltii JBBEABG-19-0028","cefmetazole","",">32",">","32","mg/L","MIC","","","Beckman Coulter Inc","CLSI",2021,"","","","Laboratory Method","","[38052776]"
299766,"299766.287","Enterobacter hormaechei subsp. steigerwaltii JBBDAAF-19-0018","piperacillin","",">64",">","64","mg/L","MIC","","","Beckman Coulter Inc","CLSI",2021,"","","","Laboratory Method","","[38052776]"
299766,"299766.308","Enterobacter hormaechei subsp. steigerwaltii JBBEABA-19-0025","cefotaxime/clavulanic acid","",">32",">","32","mg/L","MIC","","","Beckman Coulter Inc","CLSI",2021,"","","","Laboratory Method","","[38052776]"
299766,"299766.294","Enterobacter hormaechei subsp. steigerwaltii JBBDABA-19-0004","cefepime","","16","","16","mg/L","MIC","","","Beckman Coulter Inc","CLSI",2021,"","","","Laboratory Method","","[38052776]"
299766,"299766.338","Enterobacter hormaechei subsp. steigerwaltii JBEHAAB-19-0192","cefoperazone/sulbactam","","32/16","","32/16","mg/L","MIC","","","Beckman Coulter Inc","CLSI",2021,"","","","Laboratory Method","","[38052776]"
299766,"299766.349","Enterobacter hormaechei subsp. steigerwaltii JBEAACG-19-0097","trimethoprim/sulfamethoxazole","",">2/38",">","2/38","mg/L","MIC","","","Beckman Coulter Inc","CLSI",2021,"","","","Laboratory Method","","[38052776]"
299766,"299766.335","Enterobacter hormaechei subsp. steigerwaltii JBEBAAB-19-0102","tobramycin","",">8",">","8","mg/L","MIC","","","Beckman Coulter Inc","CLSI",2021,"","","","Laboratory Method","","[38052776]"
299766,"299766.295","Enterobacter hormaechei subsp. steigerwaltii JBBDABE-19-0091","ceftazidime/clavulanic acid","","32","","32","mg/L","MIC","","","Beckman Coulter Inc","CLSI",2021,"","","","Laboratory Method","","[38052776]"
299766,"299766.325","Enterobacter hormaechei subsp. steigerwaltii JBDGAAB-19-0117","piperacillin/tazobactam","","64","","64","mg/L","MIC","","","Beckman Coulter Inc","CLSI",2021,"","","","Laboratory Method","","[38052776]"
299766,"299766.308","Enterobacter hormaechei subsp. steigerwaltii JBBEABA-19-0025","chloramphenicol","","<=8","<=","8","mg/L","MIC","","","Beckman Coulter Inc","CLSI",2021,"","","","Laboratory Method","","[38052776]"
299766,"299766.305","Enterobacter hormaechei subsp. steigerwaltii JBBDAJB-19-0023","ampicillin/sulbactam","",">32/16",">","32/16","mg/L","MIC","","","Beckman Coulter Inc","CLSI",2021,"","","","Laboratory Method","","[38052776]"
299766,"299766.298","Enterobacter hormaechei subsp. steigerwaltii JBBDAGF-19-0017","ceftazidime","","<=1","<=","1","mg/L","MIC","","","Beckman Coulter Inc","CLSI",2021,"","","","Laboratory Method","","[38052776]"
299766,"299766.267","Enterobacter hormaechei subsp. steigerwaltii JBAFAAB-19-0055","ceftriaxone","",">64",">","64","mg/L","MIC","","","Beckman Coulter Inc","CLSI",2021,"","","","Laboratory Method","","[38052776]"
299766,"299766.349","Enterobacter hormaechei subsp. steigerwaltii JBEAACG-19-0097","cefmetazole","",">32",">","32","mg/L","MIC","","","Beckman Coulter Inc","CLSI",2021,"","","","Laboratory Method","","[38052776]"
299766,"299766.314","Enterobacter hormaechei subsp. steigerwaltii JBCDABA-19-0190","meropenem","","<=0.5","<=","0.5","mg/L","MIC","","","Beckman Coulter Inc","CLSI",2021,"","","","Laboratory Method","","[38052776]"
299766,"299766.343","Enterobacter hormaechei subsp. steigerwaltii JBCDACH-19-0001","imipenem","",">8",">","8","mg/L","MIC","","","Beckman Coulter Inc","CLSI",2021,"","","","Laboratory Method","","[38052776]"
299766,"299766.349","Enterobacter hormaechei subsp. steigerwaltii JBEAACG-19-0097","imipenem","","2","","2","mg/L","MIC","","","Beckman Coulter Inc","CLSI",2021,"","","","Laboratory Method","","[38052776]"
299766,"299766.302","Enterobacter hormaechei subsp. steigerwaltii JBBDAJB-19-0020","cefotaxime","",">128",">","128","mg/L","MIC","","","Beckman Coulter Inc","CLSI",2021,"","","","Laboratory Method","","[38052776]"
299766,"299766.323","Enterobacter hormaechei subsp. steigerwaltii JBDGAAB-19-0063","imipenem","","<=0.5","<=","0.5","mg/L","MIC","","","Beckman Coulter Inc","CLSI",2021,"","","","Laboratory Method","","[38052776]"
299766,"299766.279","Enterobacter hormaechei subsp. steigerwaltii JBBCADC-19-0002","aztreonam","",">16",">","16","mg/L","MIC","","","Beckman Coulter Inc","CLSI",2021,"","","","Laboratory Method","","[38052776]"
299766,"299766.297","Enterobacter hormaechei subsp. steigerwaltii JBBDAFG-19-0124","cefotaxime","",">128",">","128","mg/L","MIC","","","Beckman Coulter Inc","CLSI",2021,"","","","Laboratory Method","","[38052776]"
299766,"299766.336","Enterobacter hormaechei subsp. steigerwaltii JBEDACG-19-0108","trimethoprim/sulfamethoxazole","","<=1/19","<=","1/19","mg/L","MIC","","","Beckman Coulter Inc","CLSI",2021,"","","","Laboratory Method","","[38052776]"
299766,"299766.328","Enterobacter hormaechei subsp. steigerwaltii JBEAAEE-19-0001","cefotetan","",">32",">","32","mg/L","MIC","","","Beckman Coulter Inc","CLSI",2021,"","","","Laboratory Method","","[38052776]"
299766,"299766.286","Enterobacter hormaechei subsp. steigerwaltii JBBDAAB-19-0067","doripenem","","4","","4","mg/L","MIC","","","Beckman Coulter Inc","CLSI",2021,"","","","Laboratory Method","","[38052776]"
299766,"299766.305","Enterobacter hormaechei subsp. steigerwaltii JBBDAJB-19-0023","tigecycline","","<=0.25","<=","0.25","mg/L","MIC","","","Beckman Coulter Inc","CLSI",2021,"","","","Laboratory Method","","[38052776]"
299766,"299766.290","Enterobacter hormaechei subsp. steigerwaltii JBBDAAF-19-0070","ceftriaxone","",">64",">","64","mg/L","MIC","","","Beckman Coulter Inc","CLSI",2021,"","","","Laboratory Method","","[38052776]"
299766,"299766.327","Enterobacter hormaechei subsp. steigerwaltii JBEAACH-19-0275","fosfomycin","",">16",">","16","mg/L","MIC","","","Beckman Coulter Inc","CLSI",2021,"","","","Laboratory Method","","[38052776]"
299766,"299766.287","Enterobacter hormaechei subsp. steigerwaltii JBBDAAF-19-0018","cefepime","",">16",">","16","mg/L","MIC","","","Beckman Coulter Inc","CLSI",2021,"","","","Laboratory Method","","[38052776]"
299766,"299766.292","Enterobacter hormaechei subsp. steigerwaltii JBBDAAJ-19-0051","ceftriaxone","",">64",">","64","mg/L","MIC","","","Beckman Coulter Inc","CLSI",2021,"","","","Laboratory Method","","[38052776]"
299766,"299766.337","Enterobacter hormaechei subsp. steigerwaltii JBEDACG-19-0107","ceftazidime","",">16",">","16","mg/L","MIC","","","Beckman Coulter Inc","CLSI",2021,"","","","Laboratory Method","","[38052776]"
299766,"299766.292","Enterobacter hormaechei subsp. steigerwaltii JBBDAAJ-19-0051","cefozopran","",">16",">","16","mg/L","MIC","","","Beckman Coulter Inc","CLSI",2021,"","","","Laboratory Method","","[38052776]"
299766,"299766.274","Enterobacter hormaechei subsp. steigerwaltii JBBBAEF-19-0073","cefepime","","8","","8","mg/L","MIC","","","Beckman Coulter Inc","CLSI",2021,"","","","Laboratory Method","","[38052776]"
299766,"299766.303","Enterobacter hormaechei subsp. steigerwaltii JBBDAJB-19-0014","trimethoprim/sulfamethoxazole","","<=1/19","<=","1/19","mg/L","MIC","","","Beckman Coulter Inc","CLSI",2021,"","","","Laboratory Method","","[38052776]"
299766,"299766.305","Enterobacter hormaechei subsp. steigerwaltii JBBDAJB-19-0023","ciprofloxacin","","<=0.25","<=","0.25","mg/L","MIC","","","Beckman Coulter Inc","CLSI",2021,"","","","Laboratory Method","","[38052776]"
299766,"299766.293","Enterobacter hormaechei subsp. steigerwaltii JBBDAAJ-19-0055","aztreonam","","<=1","<=","1","mg/L","MIC","","","Beckman Coulter Inc","CLSI",2021,"","","","Laboratory Method","","[38052776]"
299766,"299766.293","Enterobacter hormaechei subsp. steigerwaltii JBBDAAJ-19-0055","colistin","","<=1","<=","1","mg/L","MIC","","","Beckman Coulter Inc","CLSI",2021,"","","","Laboratory Method","","[38052776]"
299766,"299766.309","Enterobacter hormaechei subsp. steigerwaltii JBBEABG-19-0028","meropenem","","1","","1","mg/L","MIC","","","Beckman Coulter Inc","CLSI",2021,"","","","Laboratory Method","","[38052776]"
299766,"299766.305","Enterobacter hormaechei subsp. steigerwaltii JBBDAJB-19-0023","fosfomycin","","<=4","<=","4","mg/L","MIC","","","Beckman Coulter Inc","CLSI",2021,"","","","Laboratory Method","","[38052776]"
299766,"299766.319","Enterobacter hormaechei subsp. steigerwaltii JBCHAFC-19-0064","fosfomycin","","16","","16","mg/L","MIC","","","Beckman Coulter Inc","CLSI",2021,"","","","Laboratory Method","","[38052776]"
299766,"299766.299","Enterobacter hormaechei subsp. steigerwaltii JBBDAGF-19-0016","tigecycline","","1","","1","mg/L","MIC","","","Beckman Coulter Inc","CLSI",2021,"","","","Laboratory Method","","[38052776]"
299766,"299766.326","Enterobacter hormaechei subsp. steigerwaltii JBEAACH-19-0177","ceftazidime/clavulanic acid","","1","","1","mg/L","MIC","","","Beckman Coulter Inc","CLSI",2021,"","","","Laboratory Method","","[38052776]"
299766,"299766.320","Enterobacter hormaechei subsp. steigerwaltii JBCIAEJ-19-0013","cefotaxime/clavulanic acid","",">32",">","32","mg/L","MIC","","","Beckman Coulter Inc","CLSI",2021,"","","","Laboratory Method","","[38052776]"
299766,"299766.343","Enterobacter hormaechei subsp. steigerwaltii JBCDACH-19-0001","cefotaxime/clavulanic acid","","1","","1","mg/L","MIC","","","Beckman Coulter Inc","CLSI",2021,"","","","Laboratory Method","","[38052776]"
299766,"299766.280","Enterobacter hormaechei subsp. steigerwaltii JBBCADC-19-0142","trimethoprim/sulfamethoxazole","","<=1/19","<=","1/19","mg/L","MIC","","","Beckman Coulter Inc","CLSI",2021,"","","","Laboratory Method","","[38052776]"
299766,"299766.278","Enterobacter hormaechei subsp. steigerwaltii JBBCAAG-19-0004","piperacillin/tazobactam","","16","","16","mg/L","MIC","","","Beckman Coulter Inc","CLSI",2021,"","","","Laboratory Method","","[38052776]"
299766,"299766.291","Enterobacter hormaechei subsp. steigerwaltii JBBDAAF-19-0142","colistin","","4","","4","mg/L","MIC","","","Beckman Coulter Inc","CLSI",2021,"","","","Laboratory Method","","[38052776]"
299766,"299766.287","Enterobacter hormaechei subsp. steigerwaltii JBBDAAF-19-0018","trimethoprim/sulfamethoxazole","","<=1/19","<=","1/19","mg/L","MIC","","","Beckman Coulter Inc","CLSI",2021,"","","","Laboratory Method","","[38052776]"
299766,"299766.285","Enterobacter hormaechei subsp. steigerwaltii JBBDAAB-19-0061","ampicillin/sulbactam","",">32/16",">","32/16","mg/L","MIC","","","Beckman Coulter Inc","CLSI",2021,"","","","Laboratory Method","","[38052776]"
299766,"299766.301","Enterobacter hormaechei subsp. steigerwaltii JBBDAGF-19-0055","tobramycin","","4","","4","mg/L","MIC","","","Beckman Coulter Inc","CLSI",2021,"","","","Laboratory Method","","[38052776]"
299766,"299766.330","Enterobacter hormaechei subsp. steigerwaltii JBEAAEE-19-0050","tobramycin","",">8",">","8","mg/L","MIC","","","Beckman Coulter Inc","CLSI",2021,"","","","Laboratory Method","","[38052776]"
299766,"299766.285","Enterobacter hormaechei subsp. steigerwaltii JBBDAAB-19-0061","piperacillin","","16","","16","mg/L","MIC","","","Beckman Coulter Inc","CLSI",2021,"","","","Laboratory Method","","[38052776]"
299766,"299766.271","Enterobacter hormaechei subsp. steigerwaltii JBAJAAJ-19-0001","cefoperazone/sulbactam","",">32/16",">","32/16","mg/L","MIC","","","Beckman Coulter Inc","CLSI",2021,"","","","Laboratory Method","","[38052776]"
299766,"299766.312","Enterobacter hormaechei subsp. steigerwaltii JBCBAAJ-19-0100","fosfomycin","",">16",">","16","mg/L","MIC","","","Beckman Coulter Inc","CLSI",2021,"","","","Laboratory Method","","[38052776]"
299766,"299766.265","Enterobacter hormaechei subsp. steigerwaltii JBABADI-19-0083","cefotaxime","",">128",">","128","mg/L","MIC","","","Beckman Coulter Inc","CLSI",2021,"","","","Laboratory Method","","[38052776]"
299766,"299766.333","Enterobacter hormaechei subsp. steigerwaltii JBEAAEE-19-0141","cefepime","","8","","8","mg/L","MIC","","","Beckman Coulter Inc","CLSI",2021,"","","","Laboratory Method","","[38052776]"
299766,"299766.280","Enterobacter hormaechei subsp. steigerwaltii JBBCADC-19-0142","cefotaxime","","128","","128","mg/L","MIC","","","Beckman Coulter Inc","CLSI",2021,"","","","Laboratory Method","","[38052776]"
299766,"299766.286","Enterobacter hormaechei subsp. steigerwaltii JBBDAAB-19-0067","ciprofloxacin","","<=0.25","<=","0.25","mg/L","MIC","","","Beckman Coulter Inc","CLSI",2021,"","","","Laboratory Method","","[38052776]"
299766,"299766.310","Enterobacter hormaechei subsp. steigerwaltii JBBGAAF-19-0022","fosfomycin","",">16",">","16","mg/L","MIC","","","Beckman Coulter Inc","CLSI",2021,"","","","Laboratory Method","","[38052776]"
299766,"299766.300","Enterobacter hormaechei subsp. steigerwaltii JBBDAGF-19-0034","colistin","","<=1","<=","1","mg/L","MIC","","","Beckman Coulter Inc","CLSI",2021,"","","","Laboratory Method","","[38052776]"
299766,"299766.336","Enterobacter hormaechei subsp. steigerwaltii JBEDACG-19-0108","cefozopran","",">16",">","16","mg/L","MIC","","","Beckman Coulter Inc","CLSI",2021,"","","","Laboratory Method","","[38052776]"
299766,"299766.298","Enterobacter hormaechei subsp. steigerwaltii JBBDAGF-19-0017","cefotaxime","","<=0.5","<=","0.5","mg/L","MIC","","","Beckman Coulter Inc","CLSI",2021,"","","","Laboratory Method","","[38052776]"
299766,"299766.273","Enterobacter hormaechei subsp. steigerwaltii JBBBAAB-19-0139","amikacin","","<=4","<=","4","mg/L","MIC","","","Beckman Coulter Inc","CLSI",2021,"","","","Laboratory Method","","[38052776]"
299766,"299766.321","Enterobacter hormaechei subsp. steigerwaltii JBDDAAF-19-0084","trimethoprim/sulfamethoxazole","","<=1/19","<=","1/19","mg/L","MIC","","","Beckman Coulter Inc","CLSI",2021,"","","","Laboratory Method","","[38052776]"
299766,"299766.331","Enterobacter hormaechei subsp. steigerwaltii JBEAAEE-19-0042","cefotaxime","","64","","64","mg/L","MIC","","","Beckman Coulter Inc","CLSI",2021,"","","","Laboratory Method","","[38052776]"
299766,"299766.284","Enterobacter hormaechei subsp. steigerwaltii JBBDAAB-19-0177","ceftazidime","",">16",">","16","mg/L","MIC","","","Beckman Coulter Inc","CLSI",2021,"","","","Laboratory Method","","[38052776]"
299766,"299766.343","Enterobacter hormaechei subsp. steigerwaltii JBCDACH-19-0001","gentamicin","","<=1","<=","1","mg/L","MIC","","","Beckman Coulter Inc","CLSI",2021,"","","","Laboratory Method","","[38052776]"
299766,"299766.297","Enterobacter hormaechei subsp. steigerwaltii JBBDAFG-19-0124","ampicillin/sulbactam","",">32/16",">","32/16","mg/L","MIC","","","Beckman Coulter Inc","CLSI",2021,"","","","Laboratory Method","","[38052776]"
299766,"299766.324","Enterobacter hormaechei subsp. steigerwaltii JBDGAAB-19-0118","cefotaxime/clavulanic acid","","1","","1","mg/L","MIC","","","Beckman Coulter Inc","CLSI",2021,"","","","Laboratory Method","","[38052776]"
299766,"299766.298","Enterobacter hormaechei subsp. steigerwaltii JBBDAGF-19-0017","cefoperazone/sulbactam","","<=8/4","<=","8/4","mg/L","MIC","","","Beckman Coulter Inc","CLSI",2021,"","","","Laboratory Method","","[38052776]"
299766,"299766.296","Enterobacter hormaechei subsp. steigerwaltii JBBDADH-19-0027","cefoperazone/sulbactam","",">32/16",">","32/16","mg/L","MIC","","","Beckman Coulter Inc","CLSI",2021,"","","","Laboratory Method","","[38052776]"
299766,"299766.319","Enterobacter hormaechei subsp. steigerwaltii JBCHAFC-19-0064","ceftazidime","",">16",">","16","mg/L","MIC","","","Beckman Coulter Inc","CLSI",2021,"","","","Laboratory Method","","[38052776]"
299766,"299766.286","Enterobacter hormaechei subsp. steigerwaltii JBBDAAB-19-0067","trimethoprim/sulfamethoxazole","","<=1/19","<=","1/19","mg/L","MIC","","","Beckman Coulter Inc","CLSI",2021,"","","","Laboratory Method","","[38052776]"
299766,"299766.296","Enterobacter hormaechei subsp. steigerwaltii JBBDADH-19-0027","piperacillin/tazobactam","",">64",">","64","mg/L","MIC","","","Beckman Coulter Inc","CLSI",2021,"","","","Laboratory Method","","[38052776]"
299766,"299766.308","Enterobacter hormaechei subsp. steigerwaltii JBBEABA-19-0025","imipenem","","2","","2","mg/L","MIC","","","Beckman Coulter Inc","CLSI",2021,"","","","Laboratory Method","","[38052776]"
299766,"299766.299","Enterobacter hormaechei subsp. steigerwaltii JBBDAGF-19-0016","cefepime","","<=1","<=","1","mg/L","MIC","","","Beckman Coulter Inc","CLSI",2021,"","","","Laboratory Method","","[38052776]"
299766,"299766.341","Enterobacter hormaechei subsp. steigerwaltii JBEAACG-19-0092","cefpodoxime","",">64",">","64","mg/L","MIC","","","Beckman Coulter Inc","CLSI",2021,"","","","Laboratory Method","","[38052776]"
299766,"299766.265","Enterobacter hormaechei subsp. steigerwaltii JBABADI-19-0083","colistin","","<=1","<=","1","mg/L","MIC","","","Beckman Coulter Inc","CLSI",2021,"","","","Laboratory Method","","[38052776]"
299766,"299766.280","Enterobacter hormaechei subsp. steigerwaltii JBBCADC-19-0142","tigecycline","","1","","1","mg/L","MIC","","","Beckman Coulter Inc","CLSI",2021,"","","","Laboratory Method","","[38052776]"
299766,"299766.345","Enterobacter hormaechei subsp. steigerwaltii JBCBAAD-19-0112","cefozopran","","<=1","<=","1","mg/L","MIC","","","Beckman Coulter Inc","CLSI",2021,"","","","Laboratory Method","","[38052776]"
299766,"299766.329","Enterobacter hormaechei subsp. steigerwaltii JBEAAEE-19-0043","piperacillin","",">64",">","64","mg/L","MIC","","","Beckman Coulter Inc","CLSI",2021,"","","","Laboratory Method","","[38052776]"
299766,"299766.282","Enterobacter hormaechei subsp. steigerwaltii JBBCAEG-19-0003","imipenem","","4","","4","mg/L","MIC","","","Beckman Coulter Inc","CLSI",2021,"","","","Laboratory Method","","[38052776]"
299766,"299766.329","Enterobacter hormaechei subsp. steigerwaltii JBEAAEE-19-0043","cefotaxime","","128","","128","mg/L","MIC","","","Beckman Coulter Inc","CLSI",2021,"","","","Laboratory Method","","[38052776]"
299766,"299766.334","Enterobacter hormaechei subsp. steigerwaltii JBEAAFA-19-0408","minocycline","","4","","4","mg/L","MIC","","","Beckman Coulter Inc","CLSI",2021,"","","","Laboratory Method","","[38052776]"
299766,"299766.302","Enterobacter hormaechei subsp. steigerwaltii JBBDAJB-19-0020","cefmetazole","",">32",">","32","mg/L","MIC","","","Beckman Coulter Inc","CLSI",2021,"","","","Laboratory Method","","[38052776]"
299766,"299766.297","Enterobacter hormaechei subsp. steigerwaltii JBBDAFG-19-0124","tobramycin","","4","","4","mg/L","MIC","","","Beckman Coulter Inc","CLSI",2021,"","","","Laboratory Method","","[38052776]"
299766,"299766.332","Enterobacter hormaechei subsp. steigerwaltii JBEAAEE-19-0140","cefotaxime","","64","","64","mg/L","MIC","","","Beckman Coulter Inc","CLSI",2021,"","","","Laboratory Method","","[38052776]"
299766,"299766.276","Enterobacter hormaechei subsp. steigerwaltii JBBCAAG-19-0002","trimethoprim/sulfamethoxazole","","<=1/19","<=","1/19","mg/L","MIC","","","Beckman Coulter Inc","CLSI",2021,"","","","Laboratory Method","","[38052776]"
299766,"299766.276","Enterobacter hormaechei subsp. steigerwaltii JBBCAAG-19-0002","amikacin","","<=4","<=","4","mg/L","MIC","","","Beckman Coulter Inc","CLSI",2021,"","","","Laboratory Method","","[38052776]"
299766,"299766.323","Enterobacter hormaechei subsp. steigerwaltii JBDGAAB-19-0063","cefozopran","","<=1","<=","1","mg/L","MIC","","","Beckman Coulter Inc","CLSI",2021,"","","","Laboratory Method","","[38052776]"
299766,"299766.324","Enterobacter hormaechei subsp. steigerwaltii JBDGAAB-19-0118","cefozopran","","<=1","<=","1","mg/L","MIC","","","Beckman Coulter Inc","CLSI",2021,"","","","Laboratory Method","","[38052776]"
299766,"299766.266","Enterobacter hormaechei subsp. steigerwaltii JBABADI-19-0091","imipenem","","8","","8","mg/L","MIC","","","Beckman Coulter Inc","CLSI",2021,"","","","Laboratory Method","","[38052776]"
299766,"299766.279","Enterobacter hormaechei subsp. steigerwaltii JBBCADC-19-0002","tobramycin","","<=1","<=","1","mg/L","MIC","","","Beckman Coulter Inc","CLSI",2021,"","","","Laboratory Method","","[38052776]"
299766,"299766.279","Enterobacter hormaechei subsp. steigerwaltii JBBCADC-19-0002","piperacillin","",">64",">","64","mg/L","MIC","","","Beckman Coulter Inc","CLSI",2021,"","","","Laboratory Method","","[38052776]"
299766,"299766.304","Enterobacter hormaechei subsp. steigerwaltii JBBDAJB-19-0015","trimethoprim/sulfamethoxazole","","<=1/19","<=","1/19","mg/L","MIC","","","Beckman Coulter Inc","CLSI",2021,"","","","Laboratory Method","","[38052776]"
299766,"299766.328","Enterobacter hormaechei subsp. steigerwaltii JBEAAEE-19-0001","amikacin","","<=4","<=","4","mg/L","MIC","","","Beckman Coulter Inc","CLSI",2021,"","","","Laboratory Method","","[38052776]"
299766,"299766.317","Enterobacter hormaechei subsp. steigerwaltii JBCHACG-19-0311","ceftazidime/clavulanic acid","","16","","16","mg/L","MIC","","","Beckman Coulter Inc","CLSI",2021,"","","","Laboratory Method","","[38052776]"
299766,"299766.312","Enterobacter hormaechei subsp. steigerwaltii JBCBAAJ-19-0100","cefepime","",">16",">","16","mg/L","MIC","","","Beckman Coulter Inc","CLSI",2021,"","","","Laboratory Method","","[38052776]"
299766,"299766.272","Enterobacter hormaechei subsp. steigerwaltii JBBBAAB-19-0138","imipenem","","2","","2","mg/L","MIC","","","Beckman Coulter Inc","CLSI",2021,"","","","Laboratory Method","","[38052776]"
299766,"299766.325","Enterobacter hormaechei subsp. steigerwaltii JBDGAAB-19-0117","cefozopran","","16","","16","mg/L","MIC","","","Beckman Coulter Inc","CLSI",2021,"","","","Laboratory Method","","[38052776]"
299766,"299766.329","Enterobacter hormaechei subsp. steigerwaltii JBEAAEE-19-0043","cefpodoxime","",">64",">","64","mg/L","MIC","","","Beckman Coulter Inc","CLSI",2021,"","","","Laboratory Method","","[38052776]"
299766,"299766.328","Enterobacter hormaechei subsp. steigerwaltii JBEAAEE-19-0001","meropenem","","4","","4","mg/L","MIC","","","Beckman Coulter Inc","CLSI",2021,"","","","Laboratory Method","","[38052776]"
299766,"299766.268","Enterobacter hormaechei subsp. steigerwaltii JBAGABE-19-0098","meropenem","","8","","8","mg/L","MIC","","","Beckman Coulter Inc","CLSI",2021,"","","","Laboratory Method","","[38052776]"
299766,"299766.309","Enterobacter hormaechei subsp. steigerwaltii JBBEABG-19-0028","levofloxacin","","<=0.5","<=","0.5","mg/L","MIC","","","Beckman Coulter Inc","CLSI",2021,"","","","Laboratory Method","","[38052776]"
299766,"299766.290","Enterobacter hormaechei subsp. steigerwaltii JBBDAAF-19-0070","fosfomycin","",">16",">","16","mg/L","MIC","","","Beckman Coulter Inc","CLSI",2021,"","","","Laboratory Method","","[38052776]"
299766,"299766.279","Enterobacter hormaechei subsp. steigerwaltii JBBCADC-19-0002","tigecycline","","2","","2","mg/L","MIC","","","Beckman Coulter Inc","CLSI",2021,"","","","Laboratory Method","","[38052776]"
299766,"299766.303","Enterobacter hormaechei subsp. steigerwaltii JBBDAJB-19-0014","piperacillin/tazobactam","","8","","8","mg/L","MIC","","","Beckman Coulter Inc","CLSI",2021,"","","","Laboratory Method","","[38052776]"
299766,"299766.331","Enterobacter hormaechei subsp. steigerwaltii JBEAAEE-19-0042","doripenem","","2","","2","mg/L","MIC","","","Beckman Coulter Inc","CLSI",2021,"","","","Laboratory Method","","[38052776]"
299766,"299766.318","Enterobacter hormaechei subsp. steigerwaltii JBCHACG-19-0419","cefoperazone/sulbactam","",">32/16",">","32/16","mg/L","MIC","","","Beckman Coulter Inc","CLSI",2021,"","","","Laboratory Method","","[38052776]"
299766,"299766.270","Enterobacter hormaechei subsp. steigerwaltii JBAJAAH-19-0047","gentamicin","","<=1","<=","1","mg/L","MIC","","","Beckman Coulter Inc","CLSI",2021,"","","","Laboratory Method","","[38052776]"
299766,"299766.347","Enterobacter hormaechei subsp. steigerwaltii JBDJAAE-19-0094","piperacillin/tazobactam","","<=4","<=","4","mg/L","MIC","","","Beckman Coulter Inc","CLSI",2021,"","","","Laboratory Method","","[38052776]"
299766,"299766.320","Enterobacter hormaechei subsp. steigerwaltii JBCIAEJ-19-0013","gentamicin","","<=1","<=","1","mg/L","MIC","","","Beckman Coulter Inc","CLSI",2021,"","","","Laboratory Method","","[38052776]"
299766,"299766.332","Enterobacter hormaechei subsp. steigerwaltii JBEAAEE-19-0140","gentamicin","","4","","4","mg/L","MIC","","","Beckman Coulter Inc","CLSI",2021,"","","","Laboratory Method","","[38052776]"
299766,"299766.279","Enterobacter hormaechei subsp. steigerwaltii JBBCADC-19-0002","cefmetazole","",">32",">","32","mg/L","MIC","","","Beckman Coulter Inc","CLSI",2021,"","","","Laboratory Method","","[38052776]"
299766,"299766.266","Enterobacter hormaechei subsp. steigerwaltii JBABADI-19-0091","doripenem","","4","","4","mg/L","MIC","","","Beckman Coulter Inc","CLSI",2021,"","","","Laboratory Method","","[38052776]"
299766,"299766.333","Enterobacter hormaechei subsp. steigerwaltii JBEAAEE-19-0141","tigecycline","","1","","1","mg/L","MIC","","","Beckman Coulter Inc","CLSI",2021,"","","","Laboratory Method","","[38052776]"
299766,"299766.304","Enterobacter hormaechei subsp. steigerwaltii JBBDAJB-19-0015","ceftriaxone","",">64",">","64","mg/L","MIC","","","Beckman Coulter Inc","CLSI",2021,"","","","Laboratory Method","","[38052776]"
299766,"299766.328","Enterobacter hormaechei subsp. steigerwaltii JBEAAEE-19-0001","cefotaxime/clavulanic acid","","32","","32","mg/L","MIC","","","Beckman Coulter Inc","CLSI",2021,"","","","Laboratory Method","","[38052776]"
299766,"299766.341","Enterobacter hormaechei subsp. steigerwaltii JBEAACG-19-0092","piperacillin/tazobactam","","32","","32","mg/L","MIC","","","Beckman Coulter Inc","CLSI",2021,"","","","Laboratory Method","","[38052776]"
299766,"299766.338","Enterobacter hormaechei subsp. steigerwaltii JBEHAAB-19-0192","colistin","","<=1","<=","1","mg/L","MIC","","","Beckman Coulter Inc","CLSI",2021,"","","","Laboratory Method","","[38052776]"
299766,"299766.321","Enterobacter hormaechei subsp. steigerwaltii JBDDAAF-19-0084","cefoperazone/sulbactam","","32/16","","32/16","mg/L","MIC","","","Beckman Coulter Inc","CLSI",2021,"","","","Laboratory Method","","[38052776]"
299766,"299766.333","Enterobacter hormaechei subsp. steigerwaltii JBEAAEE-19-0141","ciprofloxacin","","4","","4","mg/L","MIC","","","Beckman Coulter Inc","CLSI",2021,"","","","Laboratory Method","","[38052776]"
299766,"299766.314","Enterobacter hormaechei subsp. steigerwaltii JBCDABA-19-0190","imipenem","","<=0.5","<=","0.5","mg/L","MIC","","","Beckman Coulter Inc","CLSI",2021,"","","","Laboratory Method","","[38052776]"
299766,"299766.299","Enterobacter hormaechei subsp. steigerwaltii JBBDAGF-19-0016","amikacin","","<=4","<=","4","mg/L","MIC","","","Beckman Coulter Inc","CLSI",2021,"","","","Laboratory Method","","[38052776]"
299766,"299766.275","Enterobacter hormaechei subsp. steigerwaltii JBBCAAG-19-0001","meropenem","","4","","4","mg/L","MIC","","","Beckman Coulter Inc","CLSI",2021,"","","","Laboratory Method","","[38052776]"
299766,"299766.281","Enterobacter hormaechei subsp. steigerwaltii JBBCADC-19-0145","trimethoprim/sulfamethoxazole","","<=1/19","<=","1/19","mg/L","MIC","","","Beckman Coulter Inc","CLSI",2021,"","","","Laboratory Method","","[38052776]"
299766,"299766.288","Enterobacter hormaechei subsp. steigerwaltii JBBDAAF-19-0049","amikacin","","16","","16","mg/L","MIC","","","Beckman Coulter Inc","CLSI",2021,"","","","Laboratory Method","","[38052776]"
299766,"299766.268","Enterobacter hormaechei subsp. steigerwaltii JBAGABE-19-0098","gentamicin","","<=1","<=","1","mg/L","MIC","","","Beckman Coulter Inc","CLSI",2021,"","","","Laboratory Method","","[38052776]"
299766,"299766.290","Enterobacter hormaechei subsp. steigerwaltii JBBDAAF-19-0070","cefotetan","",">32",">","32","mg/L","MIC","","","Beckman Coulter Inc","CLSI",2021,"","","","Laboratory Method","","[38052776]"
299766,"299766.268","Enterobacter hormaechei subsp. steigerwaltii JBAGABE-19-0098","ceftazidime","",">16",">","16","mg/L","MIC","","","Beckman Coulter Inc","CLSI",2021,"","","","Laboratory Method","","[38052776]"
299766,"299766.335","Enterobacter hormaechei subsp. steigerwaltii JBEBAAB-19-0102","gentamicin","","4","","4","mg/L","MIC","","","Beckman Coulter Inc","CLSI",2021,"","","","Laboratory Method","","[38052776]"
299766,"299766.333","Enterobacter hormaechei subsp. steigerwaltii JBEAAEE-19-0141","cefpodoxime","",">64",">","64","mg/L","MIC","","","Beckman Coulter Inc","CLSI",2021,"","","","Laboratory Method","","[38052776]"
299766,"299766.270","Enterobacter hormaechei subsp. steigerwaltii JBAJAAH-19-0047","cefotaxime/clavulanic acid","",">32",">","32","mg/L","MIC","","","Beckman Coulter Inc","CLSI",2021,"","","","Laboratory Method","","[38052776]"
299766,"299766.321","Enterobacter hormaechei subsp. steigerwaltii JBDDAAF-19-0084","piperacillin/tazobactam","","64","","64","mg/L","MIC","","","Beckman Coulter Inc","CLSI",2021,"","","","Laboratory Method","","[38052776]"
299766,"299766.317","Enterobacter hormaechei subsp. steigerwaltii JBCHACG-19-0311","trimethoprim/sulfamethoxazole","","<=1/19","<=","1/19","mg/L","MIC","","","Beckman Coulter Inc","CLSI",2021,"","","","Laboratory Method","","[38052776]"
299766,"299766.340","Enterobacter hormaechei subsp. steigerwaltii JBEAACG-19-0081","piperacillin/tazobactam","","64","","64","mg/L","MIC","","","Beckman Coulter Inc","CLSI",2021,"","","","Laboratory Method","","[38052776]"
299766,"299766.344","Enterobacter hormaechei subsp. steigerwaltii JBDJAAE-19-0102","doripenem","","1","","1","mg/L","MIC","","","Beckman Coulter Inc","CLSI",2021,"","","","Laboratory Method","","[38052776]"
299766,"299766.320","Enterobacter hormaechei subsp. steigerwaltii JBCIAEJ-19-0013","ceftazidime/clavulanic acid","",">32",">","32","mg/L","MIC","","","Beckman Coulter Inc","CLSI",2021,"","","","Laboratory Method","","[38052776]"
299766,"299766.280","Enterobacter hormaechei subsp. steigerwaltii JBBCADC-19-0142","amikacin","","<=4","<=","4","mg/L","MIC","","","Beckman Coulter Inc","CLSI",2021,"","","","Laboratory Method","","[38052776]"
299766,"299766.341","Enterobacter hormaechei subsp. steigerwaltii JBEAACG-19-0092","minocycline","","4","","4","mg/L","MIC","","","Beckman Coulter Inc","CLSI",2021,"","","","Laboratory Method","","[38052776]"
299766,"299766.294","Enterobacter hormaechei subsp. steigerwaltii JBBDABA-19-0004","ceftazidime/clavulanic acid","",">32",">","32","mg/L","MIC","","","Beckman Coulter Inc","CLSI",2021,"","","","Laboratory Method","","[38052776]"
299766,"299766.305","Enterobacter hormaechei subsp. steigerwaltii JBBDAJB-19-0023","cefotetan","",">32",">","32","mg/L","MIC","","","Beckman Coulter Inc","CLSI",2021,"","","","Laboratory Method","","[38052776]"
299766,"299766.290","Enterobacter hormaechei subsp. steigerwaltii JBBDAAF-19-0070","gentamicin","","<=1","<=","1","mg/L","MIC","","","Beckman Coulter Inc","CLSI",2021,"","","","Laboratory Method","","[38052776]"
299766,"299766.348","Enterobacter hormaechei subsp. steigerwaltii JBBBAAB-19-0014","trimethoprim/sulfamethoxazole","","<=1/19","<=","1/19","mg/L","MIC","","","Beckman Coulter Inc","CLSI",2021,"","","","Laboratory Method","","[38052776]"
299766,"299766.289","Enterobacter hormaechei subsp. steigerwaltii JBBDAAF-19-0053","imipenem","","2","","2","mg/L","MIC","","","Beckman Coulter Inc","CLSI",2021,"","","","Laboratory Method","","[38052776]"
299766,"299766.322","Enterobacter hormaechei subsp. steigerwaltii JBDGAAB-19-0032","fosfomycin","","<=4","<=","4","mg/L","MIC","","","Beckman Coulter Inc","CLSI",2021,"","","","Laboratory Method","","[38052776]"
299766,"299766.316","Enterobacter hormaechei subsp. steigerwaltii JBCHAAE-19-0025","tigecycline","","1","","1","mg/L","MIC","","","Beckman Coulter Inc","CLSI",2021,"","","","Laboratory Method","","[38052776]"
299766,"299766.277","Enterobacter hormaechei subsp. steigerwaltii JBBCAAG-19-0003","colistin","","4","","4","mg/L","MIC","","","Beckman Coulter Inc","CLSI",2021,"","","","Laboratory Method","","[38052776]"
299766,"299766.279","Enterobacter hormaechei subsp. steigerwaltii JBBCADC-19-0002","cefoperazone/sulbactam","",">32/16",">","32/16","mg/L","MIC","","","Beckman Coulter Inc","CLSI",2021,"","","","Laboratory Method","","[38052776]"
299766,"299766.328","Enterobacter hormaechei subsp. steigerwaltii JBEAAEE-19-0001","tigecycline","","1","","1","mg/L","MIC","","","Beckman Coulter Inc","CLSI",2021,"","","","Laboratory Method","","[38052776]"
299766,"299766.315","Enterobacter hormaechei subsp. steigerwaltii JBCGAAG-19-0534","aztreonam","",">16",">","16","mg/L","MIC","","","Beckman Coulter Inc","CLSI",2021,"","","","Laboratory Method","","[38052776]"
299766,"299766.305","Enterobacter hormaechei subsp. steigerwaltii JBBDAJB-19-0023","gentamicin","","2","","2","mg/L","MIC","","","Beckman Coulter Inc","CLSI",2021,"","","","Laboratory Method","","[38052776]"
299766,"299766.269","Enterobacter hormaechei subsp. steigerwaltii JBAIAAD-19-0115","tobramycin","","<=1","<=","1","mg/L","MIC","","","Beckman Coulter Inc","CLSI",2021,"","","","Laboratory Method","","[38052776]"
299766,"299766.293","Enterobacter hormaechei subsp. steigerwaltii JBBDAAJ-19-0055","ciprofloxacin","","4","","4","mg/L","MIC","","","Beckman Coulter Inc","CLSI",2021,"","","","Laboratory Method","","[38052776]"
299766,"299766.312","Enterobacter hormaechei subsp. steigerwaltii JBCBAAJ-19-0100","tigecycline","",">4",">","4","mg/L","MIC","","","Beckman Coulter Inc","CLSI",2021,"","","","Laboratory Method","","[38052776]"
299766,"299766.321","Enterobacter hormaechei subsp. steigerwaltii JBDDAAF-19-0084","levofloxacin","","<=0.5","<=","0.5","mg/L","MIC","","","Beckman Coulter Inc","CLSI",2021,"","","","Laboratory Method","","[38052776]"
299766,"299766.326","Enterobacter hormaechei subsp. steigerwaltii JBEAACH-19-0177","minocycline","","2","","2","mg/L","MIC","","","Beckman Coulter Inc","CLSI",2021,"","","","Laboratory Method","","[38052776]"
299766,"299766.296","Enterobacter hormaechei subsp. steigerwaltii JBBDADH-19-0027","levofloxacin","","<=0.5","<=","0.5","mg/L","MIC","","","Beckman Coulter Inc","CLSI",2021,"","","","Laboratory Method","","[38052776]"
299766,"299766.345","Enterobacter hormaechei subsp. steigerwaltii JBCBAAD-19-0112","minocycline","","4","","4","mg/L","MIC","","","Beckman Coulter Inc","CLSI",2021,"","","","Laboratory Method","","[38052776]"
299766,"299766.344","Enterobacter hormaechei subsp. steigerwaltii JBDJAAE-19-0102","ceftazidime/clavulanic acid","","16","","16","mg/L","MIC","","","Beckman Coulter Inc","CLSI",2021,"","","","Laboratory Method","","[38052776]"
299766,"299766.285","Enterobacter hormaechei subsp. steigerwaltii JBBDAAB-19-0061","cefmetazole","",">32",">","32","mg/L","MIC","","","Beckman Coulter Inc","CLSI",2021,"","","","Laboratory Method","","[38052776]"
299766,"299766.316","Enterobacter hormaechei subsp. steigerwaltii JBCHAAE-19-0025","amikacin","","<=4","<=","4","mg/L","MIC","","","Beckman Coulter Inc","CLSI",2021,"","","","Laboratory Method","","[38052776]"
299766,"299766.292","Enterobacter hormaechei subsp. steigerwaltii JBBDAAJ-19-0051","tigecycline","","2","","2","mg/L","MIC","","","Beckman Coulter Inc","CLSI",2021,"","","","Laboratory Method","","[38052776]"
299766,"299766.287","Enterobacter hormaechei subsp. steigerwaltii JBBDAAF-19-0018","ceftazidime","",">16",">","16","mg/L","MIC","","","Beckman Coulter Inc","CLSI",2021,"","","","Laboratory Method","","[38052776]"
299766,"299766.345","Enterobacter hormaechei subsp. steigerwaltii JBCBAAD-19-0112","doripenem","","<=0.5","<=","0.5","mg/L","MIC","","","Beckman Coulter Inc","CLSI",2021,"","","","Laboratory Method","","[38052776]"
299766,"299766.289","Enterobacter hormaechei subsp. steigerwaltii JBBDAAF-19-0053","ceftriaxone","",">64",">","64","mg/L","MIC","","","Beckman Coulter Inc","CLSI",2021,"","","","Laboratory Method","","[38052776]"
299766,"299766.330","Enterobacter hormaechei subsp. steigerwaltii JBEAAEE-19-0050","ciprofloxacin","",">4",">","4","mg/L","MIC","","","Beckman Coulter Inc","CLSI",2021,"","","","Laboratory Method","","[38052776]"
299766,"299766.313","Enterobacter hormaechei subsp. steigerwaltii JBCDAAB-19-0062","minocycline","","2","","2","mg/L","MIC","","","Beckman Coulter Inc","CLSI",2021,"","","","Laboratory Method","","[38052776]"
299766,"299766.330","Enterobacter hormaechei subsp. steigerwaltii JBEAAEE-19-0050","ceftriaxone","",">64",">","64","mg/L","MIC","","","Beckman Coulter Inc","CLSI",2021,"","","","Laboratory Method","","[38052776]"
299766,"299766.322","Enterobacter hormaechei subsp. steigerwaltii JBDGAAB-19-0032","cefotaxime","","<=0.5","<=","0.5","mg/L","MIC","","","Beckman Coulter Inc","CLSI",2021,"","","","Laboratory Method","","[38052776]"
299766,"299766.268","Enterobacter hormaechei subsp. steigerwaltii JBAGABE-19-0098","doripenem","","8","","8","mg/L","MIC","","","Beckman Coulter Inc","CLSI",2021,"","","","Laboratory Method","","[38052776]"
299766,"299766.274","Enterobacter hormaechei subsp. steigerwaltii JBBBAEF-19-0073","amikacin","","<=4","<=","4","mg/L","MIC","","","Beckman Coulter Inc","CLSI",2021,"","","","Laboratory Method","","[38052776]"
299766,"299766.335","Enterobacter hormaechei subsp. steigerwaltii JBEBAAB-19-0102","cefoperazone/sulbactam","",">32/16",">","32/16","mg/L","MIC","","","Beckman Coulter Inc","CLSI",2021,"","","","Laboratory Method","","[38052776]"
299766,"299766.271","Enterobacter hormaechei subsp. steigerwaltii JBAJAAJ-19-0001","ciprofloxacin","","2","","2","mg/L","MIC","","","Beckman Coulter Inc","CLSI",2021,"","","","Laboratory Method","","[38052776]"
299766,"299766.268","Enterobacter hormaechei subsp. steigerwaltii JBAGABE-19-0098","cefotaxime/clavulanic acid","",">32",">","32","mg/L","MIC","","","Beckman Coulter Inc","CLSI",2021,"","","","Laboratory Method","","[38052776]"
299766,"299766.267","Enterobacter hormaechei subsp. steigerwaltii JBAFAAB-19-0055","piperacillin/tazobactam","",">64",">","64","mg/L","MIC","","","Beckman Coulter Inc","CLSI",2021,"","","","Laboratory Method","","[38052776]"
299766,"299766.281","Enterobacter hormaechei subsp. steigerwaltii JBBCADC-19-0145","tobramycin","","4","","4","mg/L","MIC","","","Beckman Coulter Inc","CLSI",2021,"","","","Laboratory Method","","[38052776]"
299766,"299766.327","Enterobacter hormaechei subsp. steigerwaltii JBEAACH-19-0275","cefoperazone/sulbactam","",">32/16",">","32/16","mg/L","MIC","","","Beckman Coulter Inc","CLSI",2021,"","","","Laboratory Method","","[38052776]"
299766,"299766.292","Enterobacter hormaechei subsp. steigerwaltii JBBDAAJ-19-0051","cefpodoxime","",">64",">","64","mg/L","MIC","","","Beckman Coulter Inc","CLSI",2021,"","","","Laboratory Method","","[38052776]"
299766,"299766.283","Enterobacter hormaechei subsp. steigerwaltii JBBDAAB-19-0170","meropenem","","8","","8","mg/L","MIC","","","Beckman Coulter Inc","CLSI",2021,"","","","Laboratory Method","","[38052776]"
299766,"299766.307","Enterobacter hormaechei subsp. steigerwaltii JBBEAAJ-19-0005","cefpodoxime","",">64",">","64","mg/L","MIC","","","Beckman Coulter Inc","CLSI",2021,"","","","Laboratory Method","","[38052776]"
299766,"299766.283","Enterobacter hormaechei subsp. steigerwaltii JBBDAAB-19-0170","cefpodoxime","",">64",">","64","mg/L","MIC","","","Beckman Coulter Inc","CLSI",2021,"","","","Laboratory Method","","[38052776]"
299766,"299766.277","Enterobacter hormaechei subsp. steigerwaltii JBBCAAG-19-0003","ceftriaxone","","64","","64","mg/L","MIC","","","Beckman Coulter Inc","CLSI",2021,"","","","Laboratory Method","","[38052776]"
299766,"299766.265","Enterobacter hormaechei subsp. steigerwaltii JBABADI-19-0083","amikacin","","<=4","<=","4","mg/L","MIC","","","Beckman Coulter Inc","CLSI",2021,"","","","Laboratory Method","","[38052776]"
299766,"299766.344","Enterobacter hormaechei subsp. steigerwaltii JBDJAAE-19-0102","levofloxacin","","<=0.5","<=","0.5","mg/L","MIC","","","Beckman Coulter Inc","CLSI",2021,"","","","Laboratory Method","","[38052776]"
299766,"299766.337","Enterobacter hormaechei subsp. steigerwaltii JBEDACG-19-0107","levofloxacin","","2","","2","mg/L","MIC","","","Beckman Coulter Inc","CLSI",2021,"","","","Laboratory Method","","[38052776]"
299766,"299766.326","Enterobacter hormaechei subsp. steigerwaltii JBEAACH-19-0177","cefepime","","<=1","<=","1","mg/L","MIC","","","Beckman Coulter Inc","CLSI",2021,"","","","Laboratory Method","","[38052776]"
299766,"299766.295","Enterobacter hormaechei subsp. steigerwaltii JBBDABE-19-0091","amikacin","","<=4","<=","4","mg/L","MIC","","","Beckman Coulter Inc","CLSI",2021,"","","","Laboratory Method","","[38052776]"
299766,"299766.315","Enterobacter hormaechei subsp. steigerwaltii JBCGAAG-19-0534","meropenem","","1","","1","mg/L","MIC","","","Beckman Coulter Inc","CLSI",2021,"","","","Laboratory Method","","[38052776]"
299766,"299766.288","Enterobacter hormaechei subsp. steigerwaltii JBBDAAF-19-0049","imipenem","","2","","2","mg/L","MIC","","","Beckman Coulter Inc","CLSI",2021,"","","","Laboratory Method","","[38052776]"
299766,"299766.290","Enterobacter hormaechei subsp. steigerwaltii JBBDAAF-19-0070","imipenem","","8","","8","mg/L","MIC","","","Beckman Coulter Inc","CLSI",2021,"","","","Laboratory Method","","[38052776]"
299766,"299766.314","Enterobacter hormaechei subsp. steigerwaltii JBCDABA-19-0190","cefoperazone/sulbactam","","<=8/4","<=","8/4","mg/L","MIC","","","Beckman Coulter Inc","CLSI",2021,"","","","Laboratory Method","","[38052776]"
299766,"299766.270","Enterobacter hormaechei subsp. steigerwaltii JBAJAAH-19-0047","ciprofloxacin","","<=0.25","<=","0.25","mg/L","MIC","","","Beckman Coulter Inc","CLSI",2021,"","","","Laboratory Method","","[38052776]"
299766,"299766.345","Enterobacter hormaechei subsp. steigerwaltii JBCBAAD-19-0112","cefuroxime","",">32",">","32","mg/L","MIC","","","Beckman Coulter Inc","CLSI",2021,"","","","Laboratory Method","","[38052776]"
299766,"299766.340","Enterobacter hormaechei subsp. steigerwaltii JBEAACG-19-0081","gentamicin","","4","","4","mg/L","MIC","","","Beckman Coulter Inc","CLSI",2021,"","","","Laboratory Method","","[38052776]"
299766,"299766.301","Enterobacter hormaechei subsp. steigerwaltii JBBDAGF-19-0055","gentamicin","","<=1","<=","1","mg/L","MIC","","","Beckman Coulter Inc","CLSI",2021,"","","","Laboratory Method","","[38052776]"
299766,"299766.273","Enterobacter hormaechei subsp. steigerwaltii JBBBAAB-19-0139","doripenem","","8","","8","mg/L","MIC","","","Beckman Coulter Inc","CLSI",2021,"","","","Laboratory Method","","[38052776]"
299766,"299766.301","Enterobacter hormaechei subsp. steigerwaltii JBBDAGF-19-0055","aztreonam","","<=1","<=","1","mg/L","MIC","","","Beckman Coulter Inc","CLSI",2021,"","","","Laboratory Method","","[38052776]"
299766,"299766.338","Enterobacter hormaechei subsp. steigerwaltii JBEHAAB-19-0192","trimethoprim/sulfamethoxazole","","<=1/19","<=","1/19","mg/L","MIC","","","Beckman Coulter Inc","CLSI",2021,"","","","Laboratory Method","","[38052776]"
299766,"299766.339","Enterobacter hormaechei subsp. steigerwaltii JBAGABE-19-0120","ampicillin/sulbactam","",">32/16",">","32/16","mg/L","MIC","","","Beckman Coulter Inc","CLSI",2021,"","","","Laboratory Method","","[38052776]"
299766,"299766.312","Enterobacter hormaechei subsp. steigerwaltii JBCBAAJ-19-0100","doripenem","","<=0.5","<=","0.5","mg/L","MIC","","","Beckman Coulter Inc","CLSI",2021,"","","","Laboratory Method","","[38052776]"
299766,"299766.314","Enterobacter hormaechei subsp. steigerwaltii JBCDABA-19-0190","cefepime","","<=1","<=","1","mg/L","MIC","","","Beckman Coulter Inc","CLSI",2021,"","","","Laboratory Method","","[38052776]"
299766,"299766.329","Enterobacter hormaechei subsp. steigerwaltii JBEAAEE-19-0043","ampicillin/sulbactam","",">32/16",">","32/16","mg/L","MIC","","","Beckman Coulter Inc","CLSI",2021,"","","","Laboratory Method","","[38052776]"
299766,"299766.307","Enterobacter hormaechei subsp. steigerwaltii JBBEAAJ-19-0005","ampicillin/sulbactam","",">32/16",">","32/16","mg/L","MIC","","","Beckman Coulter Inc","CLSI",2021,"","","","Laboratory Method","","[38052776]"
299766,"299766.338","Enterobacter hormaechei subsp. steigerwaltii JBEHAAB-19-0192","tigecycline","","1","","1","mg/L","MIC","","","Beckman Coulter Inc","CLSI",2021,"","","","Laboratory Method","","[38052776]"
299766,"299766.303","Enterobacter hormaechei subsp. steigerwaltii JBBDAJB-19-0014","imipenem","","2","","2","mg/L","MIC","","","Beckman Coulter Inc","CLSI",2021,"","","","Laboratory Method","","[38052776]"
299766,"299766.288","Enterobacter hormaechei subsp. steigerwaltii JBBDAAF-19-0049","colistin","","<=1","<=","1","mg/L","MIC","","","Beckman Coulter Inc","CLSI",2021,"","","","Laboratory Method","","[38052776]"
299766,"299766.299","Enterobacter hormaechei subsp. steigerwaltii JBBDAGF-19-0016","tobramycin","","<=1","<=","1","mg/L","MIC","","","Beckman Coulter Inc","CLSI",2021,"","","","Laboratory Method","","[38052776]"
299766,"299766.349","Enterobacter hormaechei subsp. steigerwaltii JBEAACG-19-0097","cefepime","",">16",">","16","mg/L","MIC","","","Beckman Coulter Inc","CLSI",2021,"","","","Laboratory Method","","[38052776]"
299766,"299766.325","Enterobacter hormaechei subsp. steigerwaltii JBDGAAB-19-0117","ceftazidime","",">16",">","16","mg/L","MIC","","","Beckman Coulter Inc","CLSI",2021,"","","","Laboratory Method","","[38052776]"
299766,"299766.305","Enterobacter hormaechei subsp. steigerwaltii JBBDAJB-19-0023","trimethoprim/sulfamethoxazole","","<=1/19","<=","1/19","mg/L","MIC","","","Beckman Coulter Inc","CLSI",2021,"","","","Laboratory Method","","[38052776]"
299766,"299766.295","Enterobacter hormaechei subsp. steigerwaltii JBBDABE-19-0091","tigecycline","","1","","1","mg/L","MIC","","","Beckman Coulter Inc","CLSI",2021,"","","","Laboratory Method","","[38052776]"
299766,"299766.309","Enterobacter hormaechei subsp. steigerwaltii JBBEABG-19-0028","doripenem","","1","","1","mg/L","MIC","","","Beckman Coulter Inc","CLSI",2021,"","","","Laboratory Method","","[38052776]"
299766,"299766.293","Enterobacter hormaechei subsp. steigerwaltii JBBDAAJ-19-0055","chloramphenicol","","<=8","<=","8","mg/L","MIC","","","Beckman Coulter Inc","CLSI",2021,"","","","Laboratory Method","","[38052776]"
299766,"299766.330","Enterobacter hormaechei subsp. steigerwaltii JBEAAEE-19-0050","minocycline","","<=1","<=","1","mg/L","MIC","","","Beckman Coulter Inc","CLSI",2021,"","","","Laboratory Method","","[38052776]"
299766,"299766.317","Enterobacter hormaechei subsp. steigerwaltii JBCHACG-19-0311","gentamicin","","<=1","<=","1","mg/L","MIC","","","Beckman Coulter Inc","CLSI",2021,"","","","Laboratory Method","","[38052776]"
299766,"299766.297","Enterobacter hormaechei subsp. steigerwaltii JBBDAFG-19-0124","cefozopran","",">16",">","16","mg/L","MIC","","","Beckman Coulter Inc","CLSI",2021,"","","","Laboratory Method","","[38052776]"
299766,"299766.279","Enterobacter hormaechei subsp. steigerwaltii JBBCADC-19-0002","chloramphenicol","","16","","16","mg/L","MIC","","","Beckman Coulter Inc","CLSI",2021,"","","","Laboratory Method","","[38052776]"
299766,"299766.266","Enterobacter hormaechei subsp. steigerwaltii JBABADI-19-0091","chloramphenicol","",">16",">","16","mg/L","MIC","","","Beckman Coulter Inc","CLSI",2021,"","","","Laboratory Method","","[38052776]"
299766,"299766.292","Enterobacter hormaechei subsp. steigerwaltii JBBDAAJ-19-0051","cefotetan","",">32",">","32","mg/L","MIC","","","Beckman Coulter Inc","CLSI",2021,"","","","Laboratory Method","","[38052776]"
299766,"299766.304","Enterobacter hormaechei subsp. steigerwaltii JBBDAJB-19-0015","levofloxacin","","<=0.5","<=","0.5","mg/L","MIC","","","Beckman Coulter Inc","CLSI",2021,"","","","Laboratory Method","","[38052776]"
299766,"299766.333","Enterobacter hormaechei subsp. steigerwaltii JBEAAEE-19-0141","cefmetazole","",">32",">","32","mg/L","MIC","","","Beckman Coulter Inc","CLSI",2021,"","","","Laboratory Method","","[38052776]"
299766,"299766.311","Enterobacter hormaechei subsp. steigerwaltii JBBHAAB-19-0033","meropenem","","1","","1","mg/L","MIC","","","Beckman Coulter Inc","CLSI",2021,"","","","Laboratory Method","","[38052776]"
299766,"299766.316","Enterobacter hormaechei subsp. steigerwaltii JBCHAAE-19-0025","fosfomycin","",">16",">","16","mg/L","MIC","","","Beckman Coulter Inc","CLSI",2021,"","","","Laboratory Method","","[38052776]"
299766,"299766.288","Enterobacter hormaechei subsp. steigerwaltii JBBDAAF-19-0049","aztreonam","",">16",">","16","mg/L","MIC","","","Beckman Coulter Inc","CLSI",2021,"","","","Laboratory Method","","[38052776]"
299766,"299766.273","Enterobacter hormaechei subsp. steigerwaltii JBBBAAB-19-0139","piperacillin","","<=4","<=","4","mg/L","MIC","","","Beckman Coulter Inc","CLSI",2021,"","","","Laboratory Method","","[38052776]"
299766,"299766.282","Enterobacter hormaechei subsp. steigerwaltii JBBCAEG-19-0003","doripenem","","4","","4","mg/L","MIC","","","Beckman Coulter Inc","CLSI",2021,"","","","Laboratory Method","","[38052776]"
299766,"299766.301","Enterobacter hormaechei subsp. steigerwaltii JBBDAGF-19-0055","piperacillin/tazobactam","","8","","8","mg/L","MIC","","","Beckman Coulter Inc","CLSI",2021,"","","","Laboratory Method","","[38052776]"
299766,"299766.300","Enterobacter hormaechei subsp. steigerwaltii JBBDAGF-19-0034","ampicillin/sulbactam","","32/16","","32/16","mg/L","MIC","","","Beckman Coulter Inc","CLSI",2021,"","","","Laboratory Method","","[38052776]"
299766,"299766.331","Enterobacter hormaechei subsp. steigerwaltii JBEAAEE-19-0042","meropenem","","4","","4","mg/L","MIC","","","Beckman Coulter Inc","CLSI",2021,"","","","Laboratory Method","","[38052776]"
299766,"299766.293","Enterobacter hormaechei subsp. steigerwaltii JBBDAAJ-19-0055","piperacillin/tazobactam","","<=4","<=","4","mg/L","MIC","","","Beckman Coulter Inc","CLSI",2021,"","","","Laboratory Method","","[38052776]"
299766,"299766.270","Enterobacter hormaechei subsp. steigerwaltii JBAJAAH-19-0047","cefpodoxime","",">64",">","64","mg/L","MIC","","","Beckman Coulter Inc","CLSI",2021,"","","","Laboratory Method","","[38052776]"
299766,"299766.278","Enterobacter hormaechei subsp. steigerwaltii JBBCAAG-19-0004","ciprofloxacin","","<=0.25","<=","0.25","mg/L","MIC","","","Beckman Coulter Inc","CLSI",2021,"","","","Laboratory Method","","[38052776]"
299766,"299766.297","Enterobacter hormaechei subsp. steigerwaltii JBBDAFG-19-0124","cefpodoxime","",">64",">","64","mg/L","MIC","","","Beckman Coulter Inc","CLSI",2021,"","","","Laboratory Method","","[38052776]"
299766,"299766.265","Enterobacter hormaechei subsp. steigerwaltii JBABADI-19-0083","chloramphenicol","",">16",">","16","mg/L","MIC","","","Beckman Coulter Inc","CLSI",2021,"","","","Laboratory Method","","[38052776]"
299766,"299766.334","Enterobacter hormaechei subsp. steigerwaltii JBEAAFA-19-0408","piperacillin/tazobactam","","64","","64","mg/L","MIC","","","Beckman Coulter Inc","CLSI",2021,"","","","Laboratory Method","","[38052776]"
299766,"299766.285","Enterobacter hormaechei subsp. steigerwaltii JBBDAAB-19-0061","cefpodoxime","",">64",">","64","mg/L","MIC","","","Beckman Coulter Inc","CLSI",2021,"","","","Laboratory Method","","[38052776]"
299766,"299766.333","Enterobacter hormaechei subsp. steigerwaltii JBEAAEE-19-0141","aztreonam","","<=1","<=","1","mg/L","MIC","","","Beckman Coulter Inc","CLSI",2021,"","","","Laboratory Method","","[38052776]"
299766,"299766.285","Enterobacter hormaechei subsp. steigerwaltii JBBDAAB-19-0061","minocycline","",">8",">","8","mg/L","MIC","","","Beckman Coulter Inc","CLSI",2021,"","","","Laboratory Method","","[38052776]"
299766,"299766.315","Enterobacter hormaechei subsp. steigerwaltii JBCGAAG-19-0534","cefuroxime","",">32",">","32","mg/L","MIC","","","Beckman Coulter Inc","CLSI",2021,"","","","Laboratory Method","","[38052776]"
299766,"299766.338","Enterobacter hormaechei subsp. steigerwaltii JBEHAAB-19-0192","ciprofloxacin","","<=0.25","<=","0.25","mg/L","MIC","","","Beckman Coulter Inc","CLSI",2021,"","","","Laboratory Method","","[38052776]"
299766,"299766.325","Enterobacter hormaechei subsp. steigerwaltii JBDGAAB-19-0117","cefotetan","",">32",">","32","mg/L","MIC","","","Beckman Coulter Inc","CLSI",2021,"","","","Laboratory Method","","[38052776]"
299766,"299766.331","Enterobacter hormaechei subsp. steigerwaltii JBEAAEE-19-0042","minocycline","",">8",">","8","mg/L","MIC","","","Beckman Coulter Inc","CLSI",2021,"","","","Laboratory Method","","[38052776]"
299766,"299766.272","Enterobacter hormaechei subsp. steigerwaltii JBBBAAB-19-0138","piperacillin","",">64",">","64","mg/L","MIC","","","Beckman Coulter Inc","CLSI",2021,"","","","Laboratory Method","","[38052776]"
299766,"299766.349","Enterobacter hormaechei subsp. steigerwaltii JBEAACG-19-0097","ceftriaxone","",">64",">","64","mg/L","MIC","","","Beckman Coulter Inc","CLSI",2021,"","","","Laboratory Method","","[38052776]"
299766,"299766.268","Enterobacter hormaechei subsp. steigerwaltii JBAGABE-19-0098","colistin","","8","","8","mg/L","MIC","","","Beckman Coulter Inc","CLSI",2021,"","","","Laboratory Method","","[38052776]"
299766,"299766.272","Enterobacter hormaechei subsp. steigerwaltii JBBBAAB-19-0138","cefpodoxime","",">64",">","64","mg/L","MIC","","","Beckman Coulter Inc","CLSI",2021,"","","","Laboratory Method","","[38052776]"
299766,"299766.274","Enterobacter hormaechei subsp. steigerwaltii JBBBAEF-19-0073","piperacillin","","8","","8","mg/L","MIC","","","Beckman Coulter Inc","CLSI",2021,"","","","Laboratory Method","","[38052776]"
299766,"299766.313","Enterobacter hormaechei subsp. steigerwaltii JBCDAAB-19-0062","aztreonam","",">16",">","16","mg/L","MIC","","","Beckman Coulter Inc","CLSI",2021,"","","","Laboratory Method","","[38052776]"
299766,"299766.332","Enterobacter hormaechei subsp. steigerwaltii JBEAAEE-19-0140","meropenem","","4","","4","mg/L","MIC","","","Beckman Coulter Inc","CLSI",2021,"","","","Laboratory Method","","[38052776]"
299766,"299766.340","Enterobacter hormaechei subsp. steigerwaltii JBEAACG-19-0081","tobramycin","",">8",">","8","mg/L","MIC","","","Beckman Coulter Inc","CLSI",2021,"","","","Laboratory Method","","[38052776]"
299766,"299766.336","Enterobacter hormaechei subsp. steigerwaltii JBEDACG-19-0108","tigecycline","","2","","2","mg/L","MIC","","","Beckman Coulter Inc","CLSI",2021,"","","","Laboratory Method","","[38052776]"
299766,"299766.346","Enterobacter hormaechei subsp. steigerwaltii JBCBAAD-19-0109","ceftriaxone","","4","","4","mg/L","MIC","","","Beckman Coulter Inc","CLSI",2021,"","","","Laboratory Method","","[38052776]"
299766,"299766.294","Enterobacter hormaechei subsp. steigerwaltii JBBDABA-19-0004","piperacillin","","64","","64","mg/L","MIC","","","Beckman Coulter Inc","CLSI",2021,"","","","Laboratory Method","","[38052776]"
299766,"299766.280","Enterobacter hormaechei subsp. steigerwaltii JBBCADC-19-0142","cefoperazone/sulbactam","",">32/16",">","32/16","mg/L","MIC","","","Beckman Coulter Inc","CLSI",2021,"","","","Laboratory Method","","[38052776]"
299766,"299766.298","Enterobacter hormaechei subsp. steigerwaltii JBBDAGF-19-0017","piperacillin/tazobactam","","<=4","<=","4","mg/L","MIC","","","Beckman Coulter Inc","CLSI",2021,"","","","Laboratory Method","","[38052776]"
299766,"299766.284","Enterobacter hormaechei subsp. steigerwaltii JBBDAAB-19-0177","cefuroxime","",">32",">","32","mg/L","MIC","","","Beckman Coulter Inc","CLSI",2021,"","","","Laboratory Method","","[38052776]"
299766,"299766.327","Enterobacter hormaechei subsp. steigerwaltii JBEAACH-19-0275","cefotaxime","",">128",">","128","mg/L","MIC","","","Beckman Coulter Inc","CLSI",2021,"","","","Laboratory Method","","[38052776]"
299766,"299766.347","Enterobacter hormaechei subsp. steigerwaltii JBDJAAE-19-0094","cefepime","",">16",">","16","mg/L","MIC","","","Beckman Coulter Inc","CLSI",2021,"","","","Laboratory Method","","[38052776]"
299766,"299766.265","Enterobacter hormaechei subsp. steigerwaltii JBABADI-19-0083","aztreonam","",">16",">","16","mg/L","MIC","","","Beckman Coulter Inc","CLSI",2021,"","","","Laboratory Method","","[38052776]"
299766,"299766.283","Enterobacter hormaechei subsp. steigerwaltii JBBDAAB-19-0170","cefepime","","16","","16","mg/L","MIC","","","Beckman Coulter Inc","CLSI",2021,"","","","Laboratory Method","","[38052776]"
299766,"299766.278","Enterobacter hormaechei subsp. steigerwaltii JBBCAAG-19-0004","cefotaxime/clavulanic acid","",">32",">","32","mg/L","MIC","","","Beckman Coulter Inc","CLSI",2021,"","","","Laboratory Method","","[38052776]"
299766,"299766.313","Enterobacter hormaechei subsp. steigerwaltii JBCDAAB-19-0062","ampicillin/sulbactam","",">32/16",">","32/16","mg/L","MIC","","","Beckman Coulter Inc","CLSI",2021,"","","","Laboratory Method","","[38052776]"
299766,"299766.296","Enterobacter hormaechei subsp. steigerwaltii JBBDADH-19-0027","ceftazidime","",">16",">","16","mg/L","MIC","","","Beckman Coulter Inc","CLSI",2021,"","","","Laboratory Method","","[38052776]"
299766,"299766.334","Enterobacter hormaechei subsp. steigerwaltii JBEAAFA-19-0408","cefotaxime","","128","","128","mg/L","MIC","","","Beckman Coulter Inc","CLSI",2021,"","","","Laboratory Method","","[38052776]"
299766,"299766.284","Enterobacter hormaechei subsp. steigerwaltii JBBDAAB-19-0177","piperacillin/tazobactam","","<=4","<=","4","mg/L","MIC","","","Beckman Coulter Inc","CLSI",2021,"","","","Laboratory Method","","[38052776]"
299766,"299766.346","Enterobacter hormaechei subsp. steigerwaltii JBCBAAD-19-0109","colistin","",">8",">","8","mg/L","MIC","","","Beckman Coulter Inc","CLSI",2021,"","","","Laboratory Method","","[38052776]"
299766,"299766.336","Enterobacter hormaechei subsp. steigerwaltii JBEDACG-19-0108","doripenem","","1","","1","mg/L","MIC","","","Beckman Coulter Inc","CLSI",2021,"","","","Laboratory Method","","[38052776]"
299766,"299766.325","Enterobacter hormaechei subsp. steigerwaltii JBDGAAB-19-0117","tobramycin","","<=1","<=","1","mg/L","MIC","","","Beckman Coulter Inc","CLSI",2021,"","","","Laboratory Method","","[38052776]"
299766,"299766.330","Enterobacter hormaechei subsp. steigerwaltii JBEAAEE-19-0050","colistin","","<=1","<=","1","mg/L","MIC","","","Beckman Coulter Inc","CLSI",2021,"","","","Laboratory Method","","[38052776]"
299766,"299766.322","Enterobacter hormaechei subsp. steigerwaltii JBDGAAB-19-0032","tigecycline","","1","","1","mg/L","MIC","","","Beckman Coulter Inc","CLSI",2021,"","","","Laboratory Method","","[38052776]"
299766,"299766.321","Enterobacter hormaechei subsp. steigerwaltii JBDDAAF-19-0084","chloramphenicol","","<=8","<=","8","mg/L","MIC","","","Beckman Coulter Inc","CLSI",2021,"","","","Laboratory Method","","[38052776]"
299766,"299766.292","Enterobacter hormaechei subsp. steigerwaltii JBBDAAJ-19-0051","cefoperazone/sulbactam","",">32/16",">","32/16","mg/L","MIC","","","Beckman Coulter Inc","CLSI",2021,"","","","Laboratory Method","","[38052776]"
299766,"299766.340","Enterobacter hormaechei subsp. steigerwaltii JBEAACG-19-0081","colistin","","<=1","<=","1","mg/L","MIC","","","Beckman Coulter Inc","CLSI",2021,"","","","Laboratory Method","","[38052776]"
299766,"299766.337","Enterobacter hormaechei subsp. steigerwaltii JBEDACG-19-0107","cefotaxime","",">128",">","128","mg/L","MIC","","","Beckman Coulter Inc","CLSI",2021,"","","","Laboratory Method","","[38052776]"
299766,"299766.331","Enterobacter hormaechei subsp. steigerwaltii JBEAAEE-19-0042","ceftazidime/clavulanic acid","",">32",">","32","mg/L","MIC","","","Beckman Coulter Inc","CLSI",2021,"","","","Laboratory Method","","[38052776]"
299766,"299766.331","Enterobacter hormaechei subsp. steigerwaltii JBEAAEE-19-0042","chloramphenicol","",">16",">","16","mg/L","MIC","","","Beckman Coulter Inc","CLSI",2021,"","","","Laboratory Method","","[38052776]"
299766,"299766.336","Enterobacter hormaechei subsp. steigerwaltii JBEDACG-19-0108","levofloxacin","","4","","4","mg/L","MIC","","","Beckman Coulter Inc","CLSI",2021,"","","","Laboratory Method","","[38052776]"
299766,"299766.297","Enterobacter hormaechei subsp. steigerwaltii JBBDAFG-19-0124","gentamicin","","<=1","<=","1","mg/L","MIC","","","Beckman Coulter Inc","CLSI",2021,"","","","Laboratory Method","","[38052776]"
299766,"299766.269","Enterobacter hormaechei subsp. steigerwaltii JBAIAAD-19-0115","cefotaxime","",">128",">","128","mg/L","MIC","","","Beckman Coulter Inc","CLSI",2021,"","","","Laboratory Method","","[38052776]"
299766,"299766.307","Enterobacter hormaechei subsp. steigerwaltii JBBEAAJ-19-0005","meropenem","","8","","8","mg/L","MIC","","","Beckman Coulter Inc","CLSI",2021,"","","","Laboratory Method","","[38052776]"
299766,"299766.299","Enterobacter hormaechei subsp. steigerwaltii JBBDAGF-19-0016","cefoperazone/sulbactam","","16/8","","16/8","mg/L","MIC","","","Beckman Coulter Inc","CLSI",2021,"","","","Laboratory Method","","[38052776]"
299766,"299766.301","Enterobacter hormaechei subsp. steigerwaltii JBBDAGF-19-0055","cefmetazole","",">32",">","32","mg/L","MIC","","","Beckman Coulter Inc","CLSI",2021,"","","","Laboratory Method","","[38052776]"
299766,"299766.345","Enterobacter hormaechei subsp. steigerwaltii JBCBAAD-19-0112","ceftazidime/clavulanic acid","","16","","16","mg/L","MIC","","","Beckman Coulter Inc","CLSI",2021,"","","","Laboratory Method","","[38052776]"
299766,"299766.304","Enterobacter hormaechei subsp. steigerwaltii JBBDAJB-19-0015","ampicillin/sulbactam","",">32/16",">","32/16","mg/L","MIC","","","Beckman Coulter Inc","CLSI",2021,"","","","Laboratory Method","","[38052776]"
299766,"299766.290","Enterobacter hormaechei subsp. steigerwaltii JBBDAAF-19-0070","ciprofloxacin","","<=0.25","<=","0.25","mg/L","MIC","","","Beckman Coulter Inc","CLSI",2021,"","","","Laboratory Method","","[38052776]"
299766,"299766.348","Enterobacter hormaechei subsp. steigerwaltii JBBBAAB-19-0014","minocycline","","4","","4","mg/L","MIC","","","Beckman Coulter Inc","CLSI",2021,"","","","Laboratory Method","","[38052776]"
299766,"299766.268","Enterobacter hormaechei subsp. steigerwaltii JBAGABE-19-0098","cefoperazone/sulbactam","",">32/16",">","32/16","mg/L","MIC","","","Beckman Coulter Inc","CLSI",2021,"","","","Laboratory Method","","[38052776]"
299766,"299766.335","Enterobacter hormaechei subsp. steigerwaltii JBEBAAB-19-0102","aztreonam","","<=1","<=","1","mg/L","MIC","","","Beckman Coulter Inc","CLSI",2021,"","","","Laboratory Method","","[38052776]"
299766,"299766.320","Enterobacter hormaechei subsp. steigerwaltii JBCIAEJ-19-0013","trimethoprim/sulfamethoxazole","","<=1/19","<=","1/19","mg/L","MIC","","","Beckman Coulter Inc","CLSI",2021,"","","","Laboratory Method","","[38052776]"
299766,"299766.286","Enterobacter hormaechei subsp. steigerwaltii JBBDAAB-19-0067","piperacillin","",">64",">","64","mg/L","MIC","","","Beckman Coulter Inc","CLSI",2021,"","","","Laboratory Method","","[38052776]"
299766,"299766.302","Enterobacter hormaechei subsp. steigerwaltii JBBDAJB-19-0020","ceftriaxone","",">64",">","64","mg/L","MIC","","","Beckman Coulter Inc","CLSI",2021,"","","","Laboratory Method","","[38052776]"
299766,"299766.285","Enterobacter hormaechei subsp. steigerwaltii JBBDAAB-19-0061","cefoperazone/sulbactam","",">32/16",">","32/16","mg/L","MIC","","","Beckman Coulter Inc","CLSI",2021,"","","","Laboratory Method","","[38052776]"
299766,"299766.335","Enterobacter hormaechei subsp. steigerwaltii JBEBAAB-19-0102","ceftazidime","",">16",">","16","mg/L","MIC","","","Beckman Coulter Inc","CLSI",2021,"","","","Laboratory Method","","[38052776]"
299766,"299766.279","Enterobacter hormaechei subsp. steigerwaltii JBBCADC-19-0002","meropenem","","1","","1","mg/L","MIC","","","Beckman Coulter Inc","CLSI",2021,"","","","Laboratory Method","","[38052776]"
299766,"299766.320","Enterobacter hormaechei subsp. steigerwaltii JBCIAEJ-19-0013","chloramphenicol","","<=8","<=","8","mg/L","MIC","","","Beckman Coulter Inc","CLSI",2021,"","","","Laboratory Method","","[38052776]"
299766,"299766.316","Enterobacter hormaechei subsp. steigerwaltii JBCHAAE-19-0025","ceftazidime/clavulanic acid","",">32",">","32","mg/L","MIC","","","Beckman Coulter Inc","CLSI",2021,"","","","Laboratory Method","","[38052776]"
299766,"299766.319","Enterobacter hormaechei subsp. steigerwaltii JBCHAFC-19-0064","cefozopran","",">16",">","16","mg/L","MIC","","","Beckman Coulter Inc","CLSI",2021,"","","","Laboratory Method","","[38052776]"
299766,"299766.271","Enterobacter hormaechei subsp. steigerwaltii JBAJAAJ-19-0001","cefotaxime","","128","","128","mg/L","MIC","","","Beckman Coulter Inc","CLSI",2021,"","","","Laboratory Method","","[38052776]"
299766,"299766.341","Enterobacter hormaechei subsp. steigerwaltii JBEAACG-19-0092","colistin","","2","","2","mg/L","MIC","","","Beckman Coulter Inc","CLSI",2021,"","","","Laboratory Method","","[38052776]"
299766,"299766.281","Enterobacter hormaechei subsp. steigerwaltii JBBCADC-19-0145","aztreonam","","<=1","<=","1","mg/L","MIC","","","Beckman Coulter Inc","CLSI",2021,"","","","Laboratory Method","","[38052776]"
299766,"299766.277","Enterobacter hormaechei subsp. steigerwaltii JBBCAAG-19-0003","cefotaxime","","64","","64","mg/L","MIC","","","Beckman Coulter Inc","CLSI",2021,"","","","Laboratory Method","","[38052776]"
299766,"299766.294","Enterobacter hormaechei subsp. steigerwaltii JBBDABA-19-0004","doripenem","","4","","4","mg/L","MIC","","","Beckman Coulter Inc","CLSI",2021,"","","","Laboratory Method","","[38052776]"
299766,"299766.332","Enterobacter hormaechei subsp. steigerwaltii JBEAAEE-19-0140","ceftazidime","",">16",">","16","mg/L","MIC","","","Beckman Coulter Inc","CLSI",2021,"","","","Laboratory Method","","[38052776]"
299766,"299766.276","Enterobacter hormaechei subsp. steigerwaltii JBBCAAG-19-0002","ceftriaxone","","64","","64","mg/L","MIC","","","Beckman Coulter Inc","CLSI",2021,"","","","Laboratory Method","","[38052776]"
299766,"299766.283","Enterobacter hormaechei subsp. steigerwaltii JBBDAAB-19-0170","trimethoprim/sulfamethoxazole","","<=1/19","<=","1/19","mg/L","MIC","","","Beckman Coulter Inc","CLSI",2021,"","","","Laboratory Method","","[38052776]"
299766,"299766.287","Enterobacter hormaechei subsp. steigerwaltii JBBDAAF-19-0018","imipenem","","2","","2","mg/L","MIC","","","Beckman Coulter Inc","CLSI",2021,"","","","Laboratory Method","","[38052776]"
299766,"299766.331","Enterobacter hormaechei subsp. steigerwaltii JBEAAEE-19-0042","gentamicin","","<=1","<=","1","mg/L","MIC","","","Beckman Coulter Inc","CLSI",2021,"","","","Laboratory Method","","[38052776]"
299766,"299766.293","Enterobacter hormaechei subsp. steigerwaltii JBBDAAJ-19-0055","cefpodoxime","",">64",">","64","mg/L","MIC","","","Beckman Coulter Inc","CLSI",2021,"","","","Laboratory Method","","[38052776]"
299766,"299766.278","Enterobacter hormaechei subsp. steigerwaltii JBBCAAG-19-0004","tigecycline","","1","","1","mg/L","MIC","","","Beckman Coulter Inc","CLSI",2021,"","","","Laboratory Method","","[38052776]"
299766,"299766.343","Enterobacter hormaechei subsp. steigerwaltii JBCDACH-19-0001","ceftazidime/clavulanic acid","","1","","1","mg/L","MIC","","","Beckman Coulter Inc","CLSI",2021,"","","","Laboratory Method","","[38052776]"
299766,"299766.327","Enterobacter hormaechei subsp. steigerwaltii JBEAACH-19-0275","meropenem","","<=0.5","<=","0.5","mg/L","MIC","","","Beckman Coulter Inc","CLSI",2021,"","","","Laboratory Method","","[38052776]"
299766,"299766.305","Enterobacter hormaechei subsp. steigerwaltii JBBDAJB-19-0023","cefozopran","",">16",">","16","mg/L","MIC","","","Beckman Coulter Inc","CLSI",2021,"","","","Laboratory Method","","[38052776]"
299766,"299766.298","Enterobacter hormaechei subsp. steigerwaltii JBBDAGF-19-0017","tigecycline","","1","","1","mg/L","MIC","","","Beckman Coulter Inc","CLSI",2021,"","","","Laboratory Method","","[38052776]"
299766,"299766.309","Enterobacter hormaechei subsp. steigerwaltii JBBEABG-19-0028","ciprofloxacin","","<=0.25","<=","0.25","mg/L","MIC","","","Beckman Coulter Inc","CLSI",2021,"","","","Laboratory Method","","[38052776]"
299766,"299766.267","Enterobacter hormaechei subsp. steigerwaltii JBAFAAB-19-0055","ceftazidime","",">16",">","16","mg/L","MIC","","","Beckman Coulter Inc","CLSI",2021,"","","","Laboratory Method","","[38052776]"
299766,"299766.336","Enterobacter hormaechei subsp. steigerwaltii JBEDACG-19-0108","ceftriaxone","",">64",">","64","mg/L","MIC","","","Beckman Coulter Inc","CLSI",2021,"","","","Laboratory Method","","[38052776]"
299766,"299766.283","Enterobacter hormaechei subsp. steigerwaltii JBBDAAB-19-0170","imipenem","","2","","2","mg/L","MIC","","","Beckman Coulter Inc","CLSI",2021,"","","","Laboratory Method","","[38052776]"
299766,"299766.318","Enterobacter hormaechei subsp. steigerwaltii JBCHACG-19-0419","ceftriaxone","",">64",">","64","mg/L","MIC","","","Beckman Coulter Inc","CLSI",2021,"","","","Laboratory Method","","[38052776]"
299766,"299766.284","Enterobacter hormaechei subsp. steigerwaltii JBBDAAB-19-0177","tigecycline","","1","","1","mg/L","MIC","","","Beckman Coulter Inc","CLSI",2021,"","","","Laboratory Method","","[38052776]"
299766,"299766.278","Enterobacter hormaechei subsp. steigerwaltii JBBCAAG-19-0004","piperacillin","",">64",">","64","mg/L","MIC","","","Beckman Coulter Inc","CLSI",2021,"","","","Laboratory Method","","[38052776]"
299766,"299766.279","Enterobacter hormaechei subsp. steigerwaltii JBBCADC-19-0002","levofloxacin","","<=0.5","<=","0.5","mg/L","MIC","","","Beckman Coulter Inc","CLSI",2021,"","","","Laboratory Method","","[38052776]"
299766,"299766.301","Enterobacter hormaechei subsp. steigerwaltii JBBDAGF-19-0055","ceftazidime","",">16",">","16","mg/L","MIC","","","Beckman Coulter Inc","CLSI",2021,"","","","Laboratory Method","","[38052776]"
299766,"299766.287","Enterobacter hormaechei subsp. steigerwaltii JBBDAAF-19-0018","chloramphenicol","","<=8","<=","8","mg/L","MIC","","","Beckman Coulter Inc","CLSI",2021,"","","","Laboratory Method","","[38052776]"
299766,"299766.342","Enterobacter hormaechei subsp. steigerwaltii JBEAAAD-19-0047","tigecycline","","<=0.25","<=","0.25","mg/L","MIC","","","Beckman Coulter Inc","CLSI",2021,"","","","Laboratory Method","","[38052776]"
299766,"299766.300","Enterobacter hormaechei subsp. steigerwaltii JBBDAGF-19-0034","fosfomycin","","<=4","<=","4","mg/L","MIC","","","Beckman Coulter Inc","CLSI",2021,"","","","Laboratory Method","","[38052776]"
299766,"299766.290","Enterobacter hormaechei subsp. steigerwaltii JBBDAAF-19-0070","ceftazidime/clavulanic acid","",">32",">","32","mg/L","MIC","","","Beckman Coulter Inc","CLSI",2021,"","","","Laboratory Method","","[38052776]"
299766,"299766.285","Enterobacter hormaechei subsp. steigerwaltii JBBDAAB-19-0061","meropenem","","4","","4","mg/L","MIC","","","Beckman Coulter Inc","CLSI",2021,"","","","Laboratory Method","","[38052776]"
299766,"299766.294","Enterobacter hormaechei subsp. steigerwaltii JBBDABA-19-0004","chloramphenicol","","<=8","<=","8","mg/L","MIC","","","Beckman Coulter Inc","CLSI",2021,"","","","Laboratory Method","","[38052776]"
299766,"299766.333","Enterobacter hormaechei subsp. steigerwaltii JBEAAEE-19-0141","colistin","","<=1","<=","1","mg/L","MIC","","","Beckman Coulter Inc","CLSI",2021,"","","","Laboratory Method","","[38052776]"
299766,"299766.328","Enterobacter hormaechei subsp. steigerwaltii JBEAAEE-19-0001","cefpodoxime","",">64",">","64","mg/L","MIC","","","Beckman Coulter Inc","CLSI",2021,"","","","Laboratory Method","","[38052776]"
299766,"299766.300","Enterobacter hormaechei subsp. steigerwaltii JBBDAGF-19-0034","cefpodoxime","",">64",">","64","mg/L","MIC","","","Beckman Coulter Inc","CLSI",2021,"","","","Laboratory Method","","[38052776]"
299766,"299766.296","Enterobacter hormaechei subsp. steigerwaltii JBBDADH-19-0027","piperacillin","",">64",">","64","mg/L","MIC","","","Beckman Coulter Inc","CLSI",2021,"","","","Laboratory Method","","[38052776]"
299766,"299766.335","Enterobacter hormaechei subsp. steigerwaltii JBEBAAB-19-0102","cefozopran","",">16",">","16","mg/L","MIC","","","Beckman Coulter Inc","CLSI",2021,"","","","Laboratory Method","","[38052776]"
299766,"299766.325","Enterobacter hormaechei subsp. steigerwaltii JBDGAAB-19-0117","ceftazidime/clavulanic acid","",">32",">","32","mg/L","MIC","","","Beckman Coulter Inc","CLSI",2021,"","","","Laboratory Method","","[38052776]"
299766,"299766.335","Enterobacter hormaechei subsp. steigerwaltii JBEBAAB-19-0102","cefuroxime","",">32",">","32","mg/L","MIC","","","Beckman Coulter Inc","CLSI",2021,"","","","Laboratory Method","","[38052776]"
299766,"299766.329","Enterobacter hormaechei subsp. steigerwaltii JBEAAEE-19-0043","doripenem","","4","","4","mg/L","MIC","","","Beckman Coulter Inc","CLSI",2021,"","","","Laboratory Method","","[38052776]"
299766,"299766.310","Enterobacter hormaechei subsp. steigerwaltii JBBGAAF-19-0022","cefepime","","16","","16","mg/L","MIC","","","Beckman Coulter Inc","CLSI",2021,"","","","Laboratory Method","","[38052776]"
299766,"299766.275","Enterobacter hormaechei subsp. steigerwaltii JBBCAAG-19-0001","cefoperazone/sulbactam","",">32/16",">","32/16","mg/L","MIC","","","Beckman Coulter Inc","CLSI",2021,"","","","Laboratory Method","","[38052776]"
299766,"299766.270","Enterobacter hormaechei subsp. steigerwaltii JBAJAAH-19-0047","piperacillin/tazobactam","",">64",">","64","mg/L","MIC","","","Beckman Coulter Inc","CLSI",2021,"","","","Laboratory Method","","[38052776]"
299766,"299766.283","Enterobacter hormaechei subsp. steigerwaltii JBBDAAB-19-0170","tobramycin","","8","","8","mg/L","MIC","","","Beckman Coulter Inc","CLSI",2021,"","","","Laboratory Method","","[38052776]"
299766,"299766.267","Enterobacter hormaechei subsp. steigerwaltii JBAFAAB-19-0055","cefpodoxime","",">64",">","64","mg/L","MIC","","","Beckman Coulter Inc","CLSI",2021,"","","","Laboratory Method","","[38052776]"
299766,"299766.272","Enterobacter hormaechei subsp. steigerwaltii JBBBAAB-19-0138","cefotetan","",">32",">","32","mg/L","MIC","","","Beckman Coulter Inc","CLSI",2021,"","","","Laboratory Method","","[38052776]"
299766,"299766.283","Enterobacter hormaechei subsp. steigerwaltii JBBDAAB-19-0170","cefoperazone/sulbactam","",">32/16",">","32/16","mg/L","MIC","","","Beckman Coulter Inc","CLSI",2021,"","","","Laboratory Method","","[38052776]"
299766,"299766.283","Enterobacter hormaechei subsp. steigerwaltii JBBDAAB-19-0170","cefotaxime/clavulanic acid","",">32",">","32","mg/L","MIC","","","Beckman Coulter Inc","CLSI",2021,"","","","Laboratory Method","","[38052776]"
299766,"299766.265","Enterobacter hormaechei subsp. steigerwaltii JBABADI-19-0083","cefpodoxime","",">64",">","64","mg/L","MIC","","","Beckman Coulter Inc","CLSI",2021,"","","","Laboratory Method","","[38052776]"
299766,"299766.331","Enterobacter hormaechei subsp. steigerwaltii JBEAAEE-19-0042","ceftazidime","",">16",">","16","mg/L","MIC","","","Beckman Coulter Inc","CLSI",2021,"","","","Laboratory Method","","[38052776]"
299766,"299766.274","Enterobacter hormaechei subsp. steigerwaltii JBBBAEF-19-0073","aztreonam","","4","","4","mg/L","MIC","","","Beckman Coulter Inc","CLSI",2021,"","","","Laboratory Method","","[38052776]"
299766,"299766.322","Enterobacter hormaechei subsp. steigerwaltii JBDGAAB-19-0032","ceftazidime/clavulanic acid","","<=0.12","<=","0.12","mg/L","MIC","","","Beckman Coulter Inc","CLSI",2021,"","","","Laboratory Method","","[38052776]"
299766,"299766.326","Enterobacter hormaechei subsp. steigerwaltii JBEAACH-19-0177","colistin","","2","","2","mg/L","MIC","","","Beckman Coulter Inc","CLSI",2021,"","","","Laboratory Method","","[38052776]"
299766,"299766.340","Enterobacter hormaechei subsp. steigerwaltii JBEAACG-19-0081","tigecycline","","1","","1","mg/L","MIC","","","Beckman Coulter Inc","CLSI",2021,"","","","Laboratory Method","","[38052776]"
299766,"299766.297","Enterobacter hormaechei subsp. steigerwaltii JBBDAFG-19-0124","trimethoprim/sulfamethoxazole","",">2/38",">","2/38","mg/L","MIC","","","Beckman Coulter Inc","CLSI",2021,"","","","Laboratory Method","","[38052776]"
299766,"299766.277","Enterobacter hormaechei subsp. steigerwaltii JBBCAAG-19-0003","ceftazidime/clavulanic acid","",">32",">","32","mg/L","MIC","","","Beckman Coulter Inc","CLSI",2021,"","","","Laboratory Method","","[38052776]"
299766,"299766.303","Enterobacter hormaechei subsp. steigerwaltii JBBDAJB-19-0014","piperacillin","",">64",">","64","mg/L","MIC","","","Beckman Coulter Inc","CLSI",2021,"","","","Laboratory Method","","[38052776]"
299766,"299766.271","Enterobacter hormaechei subsp. steigerwaltii JBAJAAJ-19-0001","ceftazidime","",">16",">","16","mg/L","MIC","","","Beckman Coulter Inc","CLSI",2021,"","","","Laboratory Method","","[38052776]"
299766,"299766.325","Enterobacter hormaechei subsp. steigerwaltii JBDGAAB-19-0117","meropenem","","<=0.5","<=","0.5","mg/L","MIC","","","Beckman Coulter Inc","CLSI",2021,"","","","Laboratory Method","","[38052776]"
299766,"299766.297","Enterobacter hormaechei subsp. steigerwaltii JBBDAFG-19-0124","piperacillin/tazobactam","",">64",">","64","mg/L","MIC","","","Beckman Coulter Inc","CLSI",2021,"","","","Laboratory Method","","[38052776]"
299766,"299766.317","Enterobacter hormaechei subsp. steigerwaltii JBCHACG-19-0311","amikacin","","<=4","<=","4","mg/L","MIC","","","Beckman Coulter Inc","CLSI",2021,"","","","Laboratory Method","","[38052776]"
299766,"299766.335","Enterobacter hormaechei subsp. steigerwaltii JBEBAAB-19-0102","ceftriaxone","",">64",">","64","mg/L","MIC","","","Beckman Coulter Inc","CLSI",2021,"","","","Laboratory Method","","[38052776]"
299766,"299766.312","Enterobacter hormaechei subsp. steigerwaltii JBCBAAJ-19-0100","cefotetan","",">32",">","32","mg/L","MIC","","","Beckman Coulter Inc","CLSI",2021,"","","","Laboratory Method","","[38052776]"
299766,"299766.290","Enterobacter hormaechei subsp. steigerwaltii JBBDAAF-19-0070","aztreonam","",">16",">","16","mg/L","MIC","","","Beckman Coulter Inc","CLSI",2021,"","","","Laboratory Method","","[38052776]"
299766,"299766.348","Enterobacter hormaechei subsp. steigerwaltii JBBBAAB-19-0014","meropenem","","<=0.5","<=","0.5","mg/L","MIC","","","Beckman Coulter Inc","CLSI",2021,"","","","Laboratory Method","","[38052776]"
299766,"299766.286","Enterobacter hormaechei subsp. steigerwaltii JBBDAAB-19-0067","cefuroxime","",">32",">","32","mg/L","MIC","","","Beckman Coulter Inc","CLSI",2021,"","","","Laboratory Method","","[38052776]"
299766,"299766.304","Enterobacter hormaechei subsp. steigerwaltii JBBDAJB-19-0015","imipenem","","1","","1","mg/L","MIC","","","Beckman Coulter Inc","CLSI",2021,"","","","Laboratory Method","","[38052776]"
299766,"299766.284","Enterobacter hormaechei subsp. steigerwaltii JBBDAAB-19-0177","cefotetan","",">32",">","32","mg/L","MIC","","","Beckman Coulter Inc","CLSI",2021,"","","","Laboratory Method","","[38052776]"
299766,"299766.267","Enterobacter hormaechei subsp. steigerwaltii JBAFAAB-19-0055","cefepime","",">16",">","16","mg/L","MIC","","","Beckman Coulter Inc","CLSI",2021,"","","","Laboratory Method","","[38052776]"
299766,"299766.332","Enterobacter hormaechei subsp. steigerwaltii JBEAAEE-19-0140","levofloxacin","","2","","2","mg/L","MIC","","","Beckman Coulter Inc","CLSI",2021,"","","","Laboratory Method","","[38052776]"
299766,"299766.348","Enterobacter hormaechei subsp. steigerwaltii JBBBAAB-19-0014","amikacin","","<=4","<=","4","mg/L","MIC","","","Beckman Coulter Inc","CLSI",2021,"","","","Laboratory Method","","[38052776]"
299766,"299766.345","Enterobacter hormaechei subsp. steigerwaltii JBCBAAD-19-0112","cefotetan","",">32",">","32","mg/L","MIC","","","Beckman Coulter Inc","CLSI",2021,"","","","Laboratory Method","","[38052776]"
299766,"299766.343","Enterobacter hormaechei subsp. steigerwaltii JBCDACH-19-0001","doripenem","",">8",">","8","mg/L","MIC","","","Beckman Coulter Inc","CLSI",2021,"","","","Laboratory Method","","[38052776]"
299766,"299766.288","Enterobacter hormaechei subsp. steigerwaltii JBBDAAF-19-0049","ceftriaxone","",">64",">","64","mg/L","MIC","","","Beckman Coulter Inc","CLSI",2021,"","","","Laboratory Method","","[38052776]"
299766,"299766.272","Enterobacter hormaechei subsp. steigerwaltii JBBBAAB-19-0138","cefozopran","",">16",">","16","mg/L","MIC","","","Beckman Coulter Inc","CLSI",2021,"","","","Laboratory Method","","[38052776]"
299766,"299766.280","Enterobacter hormaechei subsp. steigerwaltii JBBCADC-19-0142","piperacillin","","16","","16","mg/L","MIC","","","Beckman Coulter Inc","CLSI",2021,"","","","Laboratory Method","","[38052776]"
299766,"299766.284","Enterobacter hormaechei subsp. steigerwaltii JBBDAAB-19-0177","fosfomycin","","<=4","<=","4","mg/L","MIC","","","Beckman Coulter Inc","CLSI",2021,"","","","Laboratory Method","","[38052776]"
299766,"299766.308","Enterobacter hormaechei subsp. steigerwaltii JBBEABA-19-0025","ceftazidime/clavulanic acid","",">32",">","32","mg/L","MIC","","","Beckman Coulter Inc","CLSI",2021,"","","","Laboratory Method","","[38052776]"
299766,"299766.336","Enterobacter hormaechei subsp. steigerwaltii JBEDACG-19-0108","ceftazidime/clavulanic acid","",">32",">","32","mg/L","MIC","","","Beckman Coulter Inc","CLSI",2021,"","","","Laboratory Method","","[38052776]"
299766,"299766.281","Enterobacter hormaechei subsp. steigerwaltii JBBCADC-19-0145","cefotetan","",">32",">","32","mg/L","MIC","","","Beckman Coulter Inc","CLSI",2021,"","","","Laboratory Method","","[38052776]"
299766,"299766.281","Enterobacter hormaechei subsp. steigerwaltii JBBCADC-19-0145","meropenem","","8","","8","mg/L","MIC","","","Beckman Coulter Inc","CLSI",2021,"","","","Laboratory Method","","[38052776]"
299766,"299766.302","Enterobacter hormaechei subsp. steigerwaltii JBBDAJB-19-0020","minocycline","","<=1","<=","1","mg/L","MIC","","","Beckman Coulter Inc","CLSI",2021,"","","","Laboratory Method","","[38052776]"
299766,"299766.324","Enterobacter hormaechei subsp. steigerwaltii JBDGAAB-19-0118","cefotaxime","","<=0.5","<=","0.5","mg/L","MIC","","","Beckman Coulter Inc","CLSI",2021,"","","","Laboratory Method","","[38052776]"
299766,"299766.288","Enterobacter hormaechei subsp. steigerwaltii JBBDAAF-19-0049","fosfomycin","","<=4","<=","4","mg/L","MIC","","","Beckman Coulter Inc","CLSI",2021,"","","","Laboratory Method","","[38052776]"
299766,"299766.334","Enterobacter hormaechei subsp. steigerwaltii JBEAAFA-19-0408","cefuroxime","",">32",">","32","mg/L","MIC","","","Beckman Coulter Inc","CLSI",2021,"","","","Laboratory Method","","[38052776]"
299766,"299766.342","Enterobacter hormaechei subsp. steigerwaltii JBEAAAD-19-0047","levofloxacin","","1","","1","mg/L","MIC","","","Beckman Coulter Inc","CLSI",2021,"","","","Laboratory Method","","[38052776]"
299766,"299766.343","Enterobacter hormaechei subsp. steigerwaltii JBCDACH-19-0001","minocycline","","4","","4","mg/L","MIC","","","Beckman Coulter Inc","CLSI",2021,"","","","Laboratory Method","","[38052776]"
299766,"299766.310","Enterobacter hormaechei subsp. steigerwaltii JBBGAAF-19-0022","ampicillin/sulbactam","",">32/16",">","32/16","mg/L","MIC","","","Beckman Coulter Inc","CLSI",2021,"","","","Laboratory Method","","[38052776]"
299766,"299766.339","Enterobacter hormaechei subsp. steigerwaltii JBAGABE-19-0120","piperacillin","","64","","64","mg/L","MIC","","","Beckman Coulter Inc","CLSI",2021,"","","","Laboratory Method","","[38052776]"
299766,"299766.334","Enterobacter hormaechei subsp. steigerwaltii JBEAAFA-19-0408","meropenem","","<=0.5","<=","0.5","mg/L","MIC","","","Beckman Coulter Inc","CLSI",2021,"","","","Laboratory Method","","[38052776]"
299766,"299766.269","Enterobacter hormaechei subsp. steigerwaltii JBAIAAD-19-0115","aztreonam","",">16",">","16","mg/L","MIC","","","Beckman Coulter Inc","CLSI",2021,"","","","Laboratory Method","","[38052776]"
299766,"299766.300","Enterobacter hormaechei subsp. steigerwaltii JBBDAGF-19-0034","chloramphenicol","","<=8","<=","8","mg/L","MIC","","","Beckman Coulter Inc","CLSI",2021,"","","","Laboratory Method","","[38052776]"
299766,"299766.327","Enterobacter hormaechei subsp. steigerwaltii JBEAACH-19-0275","chloramphenicol","","16","","16","mg/L","MIC","","","Beckman Coulter Inc","CLSI",2021,"","","","Laboratory Method","","[38052776]"
299766,"299766.304","Enterobacter hormaechei subsp. steigerwaltii JBBDAJB-19-0015","cefotaxime/clavulanic acid","","32","","32","mg/L","MIC","","","Beckman Coulter Inc","CLSI",2021,"","","","Laboratory Method","","[38052776]"
299766,"299766.322","Enterobacter hormaechei subsp. steigerwaltii JBDGAAB-19-0032","ceftazidime","","<=1","<=","1","mg/L","MIC","","","Beckman Coulter Inc","CLSI",2021,"","","","Laboratory Method","","[38052776]"
299766,"299766.287","Enterobacter hormaechei subsp. steigerwaltii JBBDAAF-19-0018","tobramycin","","4","","4","mg/L","MIC","","","Beckman Coulter Inc","CLSI",2021,"","","","Laboratory Method","","[38052776]"
299766,"299766.316","Enterobacter hormaechei subsp. steigerwaltii JBCHAAE-19-0025","cefpodoxime","",">64",">","64","mg/L","MIC","","","Beckman Coulter Inc","CLSI",2021,"","","","Laboratory Method","","[38052776]"
299766,"299766.328","Enterobacter hormaechei subsp. steigerwaltii JBEAAEE-19-0001","cefmetazole","",">32",">","32","mg/L","MIC","","","Beckman Coulter Inc","CLSI",2021,"","","","Laboratory Method","","[38052776]"
299766,"299766.290","Enterobacter hormaechei subsp. steigerwaltii JBBDAAF-19-0070","doripenem","","4","","4","mg/L","MIC","","","Beckman Coulter Inc","CLSI",2021,"","","","Laboratory Method","","[38052776]"
299766,"299766.281","Enterobacter hormaechei subsp. steigerwaltii JBBCADC-19-0145","chloramphenicol","","<=8","<=","8","mg/L","MIC","","","Beckman Coulter Inc","CLSI",2021,"","","","Laboratory Method","","[38052776]"
299766,"299766.277","Enterobacter hormaechei subsp. steigerwaltii JBBCAAG-19-0003","tigecycline","","1","","1","mg/L","MIC","","","Beckman Coulter Inc","CLSI",2021,"","","","Laboratory Method","","[38052776]"
299766,"299766.293","Enterobacter hormaechei subsp. steigerwaltii JBBDAAJ-19-0055","ceftazidime","",">16",">","16","mg/L","MIC","","","Beckman Coulter Inc","CLSI",2021,"","","","Laboratory Method","","[38052776]"
299766,"299766.273","Enterobacter hormaechei subsp. steigerwaltii JBBBAAB-19-0139","cefuroxime","",">32",">","32","mg/L","MIC","","","Beckman Coulter Inc","CLSI",2021,"","","","Laboratory Method","","[38052776]"
299766,"299766.334","Enterobacter hormaechei subsp. steigerwaltii JBEAAFA-19-0408","ceftazidime/clavulanic acid","",">32",">","32","mg/L","MIC","","","Beckman Coulter Inc","CLSI",2021,"","","","Laboratory Method","","[38052776]"
299766,"299766.346","Enterobacter hormaechei subsp. steigerwaltii JBCBAAD-19-0109","cefotaxime/clavulanic acid","","8","","8","mg/L","MIC","","","Beckman Coulter Inc","CLSI",2021,"","","","Laboratory Method","","[38052776]"
299766,"299766.347","Enterobacter hormaechei subsp. steigerwaltii JBDJAAE-19-0094","cefozopran","",">16",">","16","mg/L","MIC","","","Beckman Coulter Inc","CLSI",2021,"","","","Laboratory Method","","[38052776]"
299766,"299766.283","Enterobacter hormaechei subsp. steigerwaltii JBBDAAB-19-0170","minocycline","",">8",">","8","mg/L","MIC","","","Beckman Coulter Inc","CLSI",2021,"","","","Laboratory Method","","[38052776]"
299766,"299766.299","Enterobacter hormaechei subsp. steigerwaltii JBBDAGF-19-0016","cefotaxime","","<=0.5","<=","0.5","mg/L","MIC","","","Beckman Coulter Inc","CLSI",2021,"","","","Laboratory Method","","[38052776]"
299766,"299766.319","Enterobacter hormaechei subsp. steigerwaltii JBCHAFC-19-0064","ciprofloxacin","","<=0.25","<=","0.25","mg/L","MIC","","","Beckman Coulter Inc","CLSI",2021,"","","","Laboratory Method","","[38052776]"
299766,"299766.276","Enterobacter hormaechei subsp. steigerwaltii JBBCAAG-19-0002","cefozopran","","16","","16","mg/L","MIC","","","Beckman Coulter Inc","CLSI",2021,"","","","Laboratory Method","","[38052776]"
299766,"299766.301","Enterobacter hormaechei subsp. steigerwaltii JBBDAGF-19-0055","ceftazidime/clavulanic acid","",">32",">","32","mg/L","MIC","","","Beckman Coulter Inc","CLSI",2021,"","","","Laboratory Method","","[38052776]"
299766,"299766.290","Enterobacter hormaechei subsp. steigerwaltii JBBDAAF-19-0070","cefozopran","",">16",">","16","mg/L","MIC","","","Beckman Coulter Inc","CLSI",2021,"","","","Laboratory Method","","[38052776]"
299766,"299766.312","Enterobacter hormaechei subsp. steigerwaltii JBCBAAJ-19-0100","cefotaxime/clavulanic acid","",">32",">","32","mg/L","MIC","","","Beckman Coulter Inc","CLSI",2021,"","","","Laboratory Method","","[38052776]"
299766,"299766.297","Enterobacter hormaechei subsp. steigerwaltii JBBDAFG-19-0124","cefotetan","",">32",">","32","mg/L","MIC","","","Beckman Coulter Inc","CLSI",2021,"","","","Laboratory Method","","[38052776]"
299766,"299766.311","Enterobacter hormaechei subsp. steigerwaltii JBBHAAB-19-0033","doripenem","","1","","1","mg/L","MIC","","","Beckman Coulter Inc","CLSI",2021,"","","","Laboratory Method","","[38052776]"
299766,"299766.319","Enterobacter hormaechei subsp. steigerwaltii JBCHAFC-19-0064","cefmetazole","",">32",">","32","mg/L","MIC","","","Beckman Coulter Inc","CLSI",2021,"","","","Laboratory Method","","[38052776]"
299766,"299766.332","Enterobacter hormaechei subsp. steigerwaltii JBEAAEE-19-0140","minocycline","","2","","2","mg/L","MIC","","","Beckman Coulter Inc","CLSI",2021,"","","","Laboratory Method","","[38052776]"
299766,"299766.280","Enterobacter hormaechei subsp. steigerwaltii JBBCADC-19-0142","ceftazidime/clavulanic acid","",">32",">","32","mg/L","MIC","","","Beckman Coulter Inc","CLSI",2021,"","","","Laboratory Method","","[38052776]"
299766,"299766.329","Enterobacter hormaechei subsp. steigerwaltii JBEAAEE-19-0043","cefotaxime/clavulanic acid","",">32",">","32","mg/L","MIC","","","Beckman Coulter Inc","CLSI",2021,"","","","Laboratory Method","","[38052776]"
299766,"299766.286","Enterobacter hormaechei subsp. steigerwaltii JBBDAAB-19-0067","ceftazidime","",">16",">","16","mg/L","MIC","","","Beckman Coulter Inc","CLSI",2021,"","","","Laboratory Method","","[38052776]"
299766,"299766.314","Enterobacter hormaechei subsp. steigerwaltii JBCDABA-19-0190","aztreonam","","<=1","<=","1","mg/L","MIC","","","Beckman Coulter Inc","CLSI",2021,"","","","Laboratory Method","","[38052776]"
299766,"299766.292","Enterobacter hormaechei subsp. steigerwaltii JBBDAAJ-19-0051","cefotaxime","",">128",">","128","mg/L","MIC","","","Beckman Coulter Inc","CLSI",2021,"","","","Laboratory Method","","[38052776]"
299766,"299766.301","Enterobacter hormaechei subsp. steigerwaltii JBBDAGF-19-0055","imipenem","","8","","8","mg/L","MIC","","","Beckman Coulter Inc","CLSI",2021,"","","","Laboratory Method","","[38052776]"
299766,"299766.328","Enterobacter hormaechei subsp. steigerwaltii JBEAAEE-19-0001","gentamicin","","4","","4","mg/L","MIC","","","Beckman Coulter Inc","CLSI",2021,"","","","Laboratory Method","","[38052776]"
299766,"299766.270","Enterobacter hormaechei subsp. steigerwaltii JBAJAAH-19-0047","tigecycline","","1","","1","mg/L","MIC","","","Beckman Coulter Inc","CLSI",2021,"","","","Laboratory Method","","[38052776]"
299766,"299766.312","Enterobacter hormaechei subsp. steigerwaltii JBCBAAJ-19-0100","imipenem","","1","","1","mg/L","MIC","","","Beckman Coulter Inc","CLSI",2021,"","","","Laboratory Method","","[38052776]"
299766,"299766.327","Enterobacter hormaechei subsp. steigerwaltii JBEAACH-19-0275","cefozopran","",">16",">","16","mg/L","MIC","","","Beckman Coulter Inc","CLSI",2021,"","","","Laboratory Method","","[38052776]"
299766,"299766.320","Enterobacter hormaechei subsp. steigerwaltii JBCIAEJ-19-0013","minocycline","","4","","4","mg/L","MIC","","","Beckman Coulter Inc","CLSI",2021,"","","","Laboratory Method","","[38052776]"
299766,"299766.310","Enterobacter hormaechei subsp. steigerwaltii JBBGAAF-19-0022","trimethoprim/sulfamethoxazole","","<=1/19","<=","1/19","mg/L","MIC","","","Beckman Coulter Inc","CLSI",2021,"","","","Laboratory Method","","[38052776]"
299766,"299766.276","Enterobacter hormaechei subsp. steigerwaltii JBBCAAG-19-0002","cefuroxime","",">32",">","32","mg/L","MIC","","","Beckman Coulter Inc","CLSI",2021,"","","","Laboratory Method","","[38052776]"
299766,"299766.317","Enterobacter hormaechei subsp. steigerwaltii JBCHACG-19-0311","cefotetan","",">32",">","32","mg/L","MIC","","","Beckman Coulter Inc","CLSI",2021,"","","","Laboratory Method","","[38052776]"
299766,"299766.333","Enterobacter hormaechei subsp. steigerwaltii JBEAAEE-19-0141","cefuroxime","",">32",">","32","mg/L","MIC","","","Beckman Coulter Inc","CLSI",2021,"","","","Laboratory Method","","[38052776]"
299766,"299766.312","Enterobacter hormaechei subsp. steigerwaltii JBCBAAJ-19-0100","gentamicin","","<=1","<=","1","mg/L","MIC","","","Beckman Coulter Inc","CLSI",2021,"","","","Laboratory Method","","[38052776]"
299766,"299766.306","Enterobacter hormaechei subsp. steigerwaltii JBBEAAJ-19-0008","piperacillin/tazobactam","","<=4","<=","4","mg/L","MIC","","","Beckman Coulter Inc","CLSI",2021,"","","","Laboratory Method","","[38052776]"
299766,"299766.332","Enterobacter hormaechei subsp. steigerwaltii JBEAAEE-19-0140","cefozopran","","16","","16","mg/L","MIC","","","Beckman Coulter Inc","CLSI",2021,"","","","Laboratory Method","","[38052776]"
299766,"299766.301","Enterobacter hormaechei subsp. steigerwaltii JBBDAGF-19-0055","ceftriaxone","",">64",">","64","mg/L","MIC","","","Beckman Coulter Inc","CLSI",2021,"","","","Laboratory Method","","[38052776]"
299766,"299766.331","Enterobacter hormaechei subsp. steigerwaltii JBEAAEE-19-0042","cefozopran","",">16",">","16","mg/L","MIC","","","Beckman Coulter Inc","CLSI",2021,"","","","Laboratory Method","","[38052776]"
299766,"299766.279","Enterobacter hormaechei subsp. steigerwaltii JBBCADC-19-0002","cefpodoxime","",">64",">","64","mg/L","MIC","","","Beckman Coulter Inc","CLSI",2021,"","","","Laboratory Method","","[38052776]"
299766,"299766.341","Enterobacter hormaechei subsp. steigerwaltii JBEAACG-19-0092","aztreonam","",">16",">","16","mg/L","MIC","","","Beckman Coulter Inc","CLSI",2021,"","","","Laboratory Method","","[38052776]"
299766,"299766.271","Enterobacter hormaechei subsp. steigerwaltii JBAJAAJ-19-0001","ceftazidime/clavulanic acid","",">32",">","32","mg/L","MIC","","","Beckman Coulter Inc","CLSI",2021,"","","","Laboratory Method","","[38052776]"
299766,"299766.330","Enterobacter hormaechei subsp. steigerwaltii JBEAAEE-19-0050","doripenem","","8","","8","mg/L","MIC","","","Beckman Coulter Inc","CLSI",2021,"","","","Laboratory Method","","[38052776]"
299766,"299766.315","Enterobacter hormaechei subsp. steigerwaltii JBCGAAG-19-0534","fosfomycin","",">16",">","16","mg/L","MIC","","","Beckman Coulter Inc","CLSI",2021,"","","","Laboratory Method","","[38052776]"
299766,"299766.307","Enterobacter hormaechei subsp. steigerwaltii JBBEAAJ-19-0005","cefotaxime/clavulanic acid","",">32",">","32","mg/L","MIC","","","Beckman Coulter Inc","CLSI",2021,"","","","Laboratory Method","","[38052776]"
299766,"299766.317","Enterobacter hormaechei subsp. steigerwaltii JBCHACG-19-0311","ceftazidime","","16","","16","mg/L","MIC","","","Beckman Coulter Inc","CLSI",2021,"","","","Laboratory Method","","[38052776]"
299766,"299766.265","Enterobacter hormaechei subsp. steigerwaltii JBABADI-19-0083","trimethoprim/sulfamethoxazole","","<=1/19","<=","1/19","mg/L","MIC","","","Beckman Coulter Inc","CLSI",2021,"","","","Laboratory Method","","[38052776]"
299766,"299766.337","Enterobacter hormaechei subsp. steigerwaltii JBEDACG-19-0107","cefotetan","",">32",">","32","mg/L","MIC","","","Beckman Coulter Inc","CLSI",2021,"","","","Laboratory Method","","[38052776]"
299766,"299766.340","Enterobacter hormaechei subsp. steigerwaltii JBEAACG-19-0081","piperacillin","",">64",">","64","mg/L","MIC","","","Beckman Coulter Inc","CLSI",2021,"","","","Laboratory Method","","[38052776]"
299766,"299766.302","Enterobacter hormaechei subsp. steigerwaltii JBBDAJB-19-0020","meropenem","","8","","8","mg/L","MIC","","","Beckman Coulter Inc","CLSI",2021,"","","","Laboratory Method","","[38052776]"
299766,"299766.342","Enterobacter hormaechei subsp. steigerwaltii JBEAAAD-19-0047","cefepime","","16","","16","mg/L","MIC","","","Beckman Coulter Inc","CLSI",2021,"","","","Laboratory Method","","[38052776]"
299766,"299766.336","Enterobacter hormaechei subsp. steigerwaltii JBEDACG-19-0108","imipenem","","2","","2","mg/L","MIC","","","Beckman Coulter Inc","CLSI",2021,"","","","Laboratory Method","","[38052776]"
299766,"299766.344","Enterobacter hormaechei subsp. steigerwaltii JBDJAAE-19-0102","cefoperazone/sulbactam","",">32/16",">","32/16","mg/L","MIC","","","Beckman Coulter Inc","CLSI",2021,"","","","Laboratory Method","","[38052776]"
299766,"299766.297","Enterobacter hormaechei subsp. steigerwaltii JBBDAFG-19-0124","piperacillin","",">64",">","64","mg/L","MIC","","","Beckman Coulter Inc","CLSI",2021,"","","","Laboratory Method","","[38052776]"
299766,"299766.348","Enterobacter hormaechei subsp. steigerwaltii JBBBAAB-19-0014","cefozopran","",">16",">","16","mg/L","MIC","","","Beckman Coulter Inc","CLSI",2021,"","","","Laboratory Method","","[38052776]"
299766,"299766.282","Enterobacter hormaechei subsp. steigerwaltii JBBCAEG-19-0003","ceftazidime","",">16",">","16","mg/L","MIC","","","Beckman Coulter Inc","CLSI",2021,"","","","Laboratory Method","","[38052776]"
299766,"299766.289","Enterobacter hormaechei subsp. steigerwaltii JBBDAAF-19-0053","colistin","","<=1","<=","1","mg/L","MIC","","","Beckman Coulter Inc","CLSI",2021,"","","","Laboratory Method","","[38052776]"
299766,"299766.303","Enterobacter hormaechei subsp. steigerwaltii JBBDAJB-19-0014","aztreonam","",">16",">","16","mg/L","MIC","","","Beckman Coulter Inc","CLSI",2021,"","","","Laboratory Method","","[38052776]"
299766,"299766.329","Enterobacter hormaechei subsp. steigerwaltii JBEAAEE-19-0043","levofloxacin","","1","","1","mg/L","MIC","","","Beckman Coulter Inc","CLSI",2021,"","","","Laboratory Method","","[38052776]"
299766,"299766.275","Enterobacter hormaechei subsp. steigerwaltii JBBCAAG-19-0001","tobramycin","","4","","4","mg/L","MIC","","","Beckman Coulter Inc","CLSI",2021,"","","","Laboratory Method","","[38052776]"
299766,"299766.296","Enterobacter hormaechei subsp. steigerwaltii JBBDADH-19-0027","cefpodoxime","",">64",">","64","mg/L","MIC","","","Beckman Coulter Inc","CLSI",2021,"","","","Laboratory Method","","[38052776]"
299766,"299766.338","Enterobacter hormaechei subsp. steigerwaltii JBEHAAB-19-0192","chloramphenicol","","<=8","<=","8","mg/L","MIC","","","Beckman Coulter Inc","CLSI",2021,"","","","Laboratory Method","","[38052776]"
299766,"299766.311","Enterobacter hormaechei subsp. steigerwaltii JBBHAAB-19-0033","minocycline","","4","","4","mg/L","MIC","","","Beckman Coulter Inc","CLSI",2021,"","","","Laboratory Method","","[38052776]"
299766,"299766.324","Enterobacter hormaechei subsp. steigerwaltii JBDGAAB-19-0118","chloramphenicol","","<=8","<=","8","mg/L","MIC","","","Beckman Coulter Inc","CLSI",2021,"","","","Laboratory Method","","[38052776]"
299766,"299766.295","Enterobacter hormaechei subsp. steigerwaltii JBBDABE-19-0091","chloramphenicol","","<=8","<=","8","mg/L","MIC","","","Beckman Coulter Inc","CLSI",2021,"","","","Laboratory Method","","[38052776]"
299766,"299766.287","Enterobacter hormaechei subsp. steigerwaltii JBBDAAF-19-0018","aztreonam","",">16",">","16","mg/L","MIC","","","Beckman Coulter Inc","CLSI",2021,"","","","Laboratory Method","","[38052776]"
299766,"299766.311","Enterobacter hormaechei subsp. steigerwaltii JBBHAAB-19-0033","cefoperazone/sulbactam","",">32/16",">","32/16","mg/L","MIC","","","Beckman Coulter Inc","CLSI",2021,"","","","Laboratory Method","","[38052776]"
299766,"299766.345","Enterobacter hormaechei subsp. steigerwaltii JBCBAAD-19-0112","ampicillin/sulbactam","",">32/16",">","32/16","mg/L","MIC","","","Beckman Coulter Inc","CLSI",2021,"","","","Laboratory Method","","[38052776]"
299766,"299766.288","Enterobacter hormaechei subsp. steigerwaltii JBBDAAF-19-0049","tigecycline","","1","","1","mg/L","MIC","","","Beckman Coulter Inc","CLSI",2021,"","","","Laboratory Method","","[38052776]"
299766,"299766.307","Enterobacter hormaechei subsp. steigerwaltii JBBEAAJ-19-0005","imipenem","","4","","4","mg/L","MIC","","","Beckman Coulter Inc","CLSI",2021,"","","","Laboratory Method","","[38052776]"
299766,"299766.337","Enterobacter hormaechei subsp. steigerwaltii JBEDACG-19-0107","tobramycin","","<=1","<=","1","mg/L","MIC","","","Beckman Coulter Inc","CLSI",2021,"","","","Laboratory Method","","[38052776]"
299766,"299766.326","Enterobacter hormaechei subsp. steigerwaltii JBEAACH-19-0177","ampicillin/sulbactam","","32/16","","32/16","mg/L","MIC","","","Beckman Coulter Inc","CLSI",2021,"","","","Laboratory Method","","[38052776]"
299766,"299766.338","Enterobacter hormaechei subsp. steigerwaltii JBEHAAB-19-0192","piperacillin","",">64",">","64","mg/L","MIC","","","Beckman Coulter Inc","CLSI",2021,"","","","Laboratory Method","","[38052776]"
299766,"299766.313","Enterobacter hormaechei subsp. steigerwaltii JBCDAAB-19-0062","ceftazidime","",">16",">","16","mg/L","MIC","","","Beckman Coulter Inc","CLSI",2021,"","","","Laboratory Method","","[38052776]"
299766,"299766.287","Enterobacter hormaechei subsp. steigerwaltii JBBDAAF-19-0018","cefotetan","",">32",">","32","mg/L","MIC","","","Beckman Coulter Inc","CLSI",2021,"","","","Laboratory Method","","[38052776]"
299766,"299766.338","Enterobacter hormaechei subsp. steigerwaltii JBEHAAB-19-0192","ceftriaxone","",">64",">","64","mg/L","MIC","","","Beckman Coulter Inc","CLSI",2021,"","","","Laboratory Method","","[38052776]"
299766,"299766.310","Enterobacter hormaechei subsp. steigerwaltii JBBGAAF-19-0022","aztreonam","",">16",">","16","mg/L","MIC","","","Beckman Coulter Inc","CLSI",2021,"","","","Laboratory Method","","[38052776]"
299766,"299766.324","Enterobacter hormaechei subsp. steigerwaltii JBDGAAB-19-0118","cefotetan","","<=1","<=","1","mg/L","MIC","","","Beckman Coulter Inc","CLSI",2021,"","","","Laboratory Method","","[38052776]"
299766,"299766.324","Enterobacter hormaechei subsp. steigerwaltii JBDGAAB-19-0118","piperacillin/tazobactam","","<=4","<=","4","mg/L","MIC","","","Beckman Coulter Inc","CLSI",2021,"","","","Laboratory Method","","[38052776]"
299766,"299766.276","Enterobacter hormaechei subsp. steigerwaltii JBBCAAG-19-0002","cefotaxime","","32","","32","mg/L","MIC","","","Beckman Coulter Inc","CLSI",2021,"","","","Laboratory Method","","[38052776]"
299766,"299766.269","Enterobacter hormaechei subsp. steigerwaltii JBAIAAD-19-0115","chloramphenicol","",">16",">","16","mg/L","MIC","","","Beckman Coulter Inc","CLSI",2021,"","","","Laboratory Method","","[38052776]"
299766,"299766.265","Enterobacter hormaechei subsp. steigerwaltii JBABADI-19-0083","fosfomycin","",">16",">","16","mg/L","MIC","","","Beckman Coulter Inc","CLSI",2021,"","","","Laboratory Method","","[38052776]"
299766,"299766.286","Enterobacter hormaechei subsp. steigerwaltii JBBDAAB-19-0067","piperacillin/tazobactam","","32","","32","mg/L","MIC","","","Beckman Coulter Inc","CLSI",2021,"","","","Laboratory Method","","[38052776]"
299766,"299766.318","Enterobacter hormaechei subsp. steigerwaltii JBCHACG-19-0419","colistin","","<=1","<=","1","mg/L","MIC","","","Beckman Coulter Inc","CLSI",2021,"","","","Laboratory Method","","[38052776]"
299766,"299766.303","Enterobacter hormaechei subsp. steigerwaltii JBBDAJB-19-0014","ceftazidime/clavulanic acid","",">32",">","32","mg/L","MIC","","","Beckman Coulter Inc","CLSI",2021,"","","","Laboratory Method","","[38052776]"
299766,"299766.302","Enterobacter hormaechei subsp. steigerwaltii JBBDAJB-19-0020","chloramphenicol","","<=8","<=","8","mg/L","MIC","","","Beckman Coulter Inc","CLSI",2021,"","","","Laboratory Method","","[38052776]"
299766,"299766.292","Enterobacter hormaechei subsp. steigerwaltii JBBDAAJ-19-0051","gentamicin","","<=1","<=","1","mg/L","MIC","","","Beckman Coulter Inc","CLSI",2021,"","","","Laboratory Method","","[38052776]"
299766,"299766.287","Enterobacter hormaechei subsp. steigerwaltii JBBDAAF-19-0018","cefpodoxime","",">64",">","64","mg/L","MIC","","","Beckman Coulter Inc","CLSI",2021,"","","","Laboratory Method","","[38052776]"
299766,"299766.291","Enterobacter hormaechei subsp. steigerwaltii JBBDAAF-19-0142","trimethoprim/sulfamethoxazole","","<=1/19","<=","1/19","mg/L","MIC","","","Beckman Coulter Inc","CLSI",2021,"","","","Laboratory Method","","[38052776]"
299766,"299766.326","Enterobacter hormaechei subsp. steigerwaltii JBEAACH-19-0177","fosfomycin","",">16",">","16","mg/L","MIC","","","Beckman Coulter Inc","CLSI",2021,"","","","Laboratory Method","","[38052776]"
299766,"299766.270","Enterobacter hormaechei subsp. steigerwaltii JBAJAAH-19-0047","amikacin","","<=4","<=","4","mg/L","MIC","","","Beckman Coulter Inc","CLSI",2021,"","","","Laboratory Method","","[38052776]"
299766,"299766.286","Enterobacter hormaechei subsp. steigerwaltii JBBDAAB-19-0067","levofloxacin","","<=0.5","<=","0.5","mg/L","MIC","","","Beckman Coulter Inc","CLSI",2021,"","","","Laboratory Method","","[38052776]"
299766,"299766.304","Enterobacter hormaechei subsp. steigerwaltii JBBDAJB-19-0015","amikacin","","<=4","<=","4","mg/L","MIC","","","Beckman Coulter Inc","CLSI",2021,"","","","Laboratory Method","","[38052776]"
299766,"299766.295","Enterobacter hormaechei subsp. steigerwaltii JBBDABE-19-0091","imipenem","","<=0.5","<=","0.5","mg/L","MIC","","","Beckman Coulter Inc","CLSI",2021,"","","","Laboratory Method","","[38052776]"
299766,"299766.307","Enterobacter hormaechei subsp. steigerwaltii JBBEAAJ-19-0005","tobramycin","","4","","4","mg/L","MIC","","","Beckman Coulter Inc","CLSI",2021,"","","","Laboratory Method","","[38052776]"
299766,"299766.287","Enterobacter hormaechei subsp. steigerwaltii JBBDAAF-19-0018","piperacillin/tazobactam","","64","","64","mg/L","MIC","","","Beckman Coulter Inc","CLSI",2021,"","","","Laboratory Method","","[38052776]"
299766,"299766.280","Enterobacter hormaechei subsp. steigerwaltii JBBCADC-19-0142","ampicillin/sulbactam","",">32/16",">","32/16","mg/L","MIC","","","Beckman Coulter Inc","CLSI",2021,"","","","Laboratory Method","","[38052776]"
299766,"299766.276","Enterobacter hormaechei subsp. steigerwaltii JBBCAAG-19-0002","meropenem","","2","","2","mg/L","MIC","","","Beckman Coulter Inc","CLSI",2021,"","","","Laboratory Method","","[38052776]"
299766,"299766.322","Enterobacter hormaechei subsp. steigerwaltii JBDGAAB-19-0032","levofloxacin","","<=0.5","<=","0.5","mg/L","MIC","","","Beckman Coulter Inc","CLSI",2021,"","","","Laboratory Method","","[38052776]"
299766,"299766.310","Enterobacter hormaechei subsp. steigerwaltii JBBGAAF-19-0022","cefotaxime","","128","","128","mg/L","MIC","","","Beckman Coulter Inc","CLSI",2021,"","","","Laboratory Method","","[38052776]"
299766,"299766.272","Enterobacter hormaechei subsp. steigerwaltii JBBBAAB-19-0138","trimethoprim/sulfamethoxazole","",">2/38",">","2/38","mg/L","MIC","","","Beckman Coulter Inc","CLSI",2021,"","","","Laboratory Method","","[38052776]"
299766,"299766.273","Enterobacter hormaechei subsp. steigerwaltii JBBBAAB-19-0139","levofloxacin","","<=0.5","<=","0.5","mg/L","MIC","","","Beckman Coulter Inc","CLSI",2021,"","","","Laboratory Method","","[38052776]"
299766,"299766.278","Enterobacter hormaechei subsp. steigerwaltii JBBCAAG-19-0004","cefmetazole","",">32",">","32","mg/L","MIC","","","Beckman Coulter Inc","CLSI",2021,"","","","Laboratory Method","","[38052776]"
299766,"299766.316","Enterobacter hormaechei subsp. steigerwaltii JBCHAAE-19-0025","piperacillin/tazobactam","",">64",">","64","mg/L","MIC","","","Beckman Coulter Inc","CLSI",2021,"","","","Laboratory Method","","[38052776]"
299766,"299766.296","Enterobacter hormaechei subsp. steigerwaltii JBBDADH-19-0027","imipenem","","4","","4","mg/L","MIC","","","Beckman Coulter Inc","CLSI",2021,"","","","Laboratory Method","","[38052776]"
299766,"299766.330","Enterobacter hormaechei subsp. steigerwaltii JBEAAEE-19-0050","meropenem","","4","","4","mg/L","MIC","","","Beckman Coulter Inc","CLSI",2021,"","","","Laboratory Method","","[38052776]"
299766,"299766.319","Enterobacter hormaechei subsp. steigerwaltii JBCHAFC-19-0064","amikacin","","<=4","<=","4","mg/L","MIC","","","Beckman Coulter Inc","CLSI",2021,"","","","Laboratory Method","","[38052776]"
299766,"299766.328","Enterobacter hormaechei subsp. steigerwaltii JBEAAEE-19-0001","ceftazidime","",">16",">","16","mg/L","MIC","","","Beckman Coulter Inc","CLSI",2021,"","","","Laboratory Method","","[38052776]"
299766,"299766.298","Enterobacter hormaechei subsp. steigerwaltii JBBDAGF-19-0017","piperacillin","","<=4","<=","4","mg/L","MIC","","","Beckman Coulter Inc","CLSI",2021,"","","","Laboratory Method","","[38052776]"
299766,"299766.344","Enterobacter hormaechei subsp. steigerwaltii JBDJAAE-19-0102","ceftazidime","","16","","16","mg/L","MIC","","","Beckman Coulter Inc","CLSI",2021,"","","","Laboratory Method","","[38052776]"
299766,"299766.284","Enterobacter hormaechei subsp. steigerwaltii JBBDAAB-19-0177","piperacillin","","<=4","<=","4","mg/L","MIC","","","Beckman Coulter Inc","CLSI",2021,"","","","Laboratory Method","","[38052776]"
299766,"299766.284","Enterobacter hormaechei subsp. steigerwaltii JBBDAAB-19-0177","ampicillin/sulbactam","",">32/16",">","32/16","mg/L","MIC","","","Beckman Coulter Inc","CLSI",2021,"","","","Laboratory Method","","[38052776]"
299766,"299766.277","Enterobacter hormaechei subsp. steigerwaltii JBBCAAG-19-0003","fosfomycin","","16","","16","mg/L","MIC","","","Beckman Coulter Inc","CLSI",2021,"","","","Laboratory Method","","[38052776]"
299766,"299766.281","Enterobacter hormaechei subsp. steigerwaltii JBBCADC-19-0145","ceftriaxone","",">64",">","64","mg/L","MIC","","","Beckman Coulter Inc","CLSI",2021,"","","","Laboratory Method","","[38052776]"
299766,"299766.300","Enterobacter hormaechei subsp. steigerwaltii JBBDAGF-19-0034","tobramycin","","4","","4","mg/L","MIC","","","Beckman Coulter Inc","CLSI",2021,"","","","Laboratory Method","","[38052776]"
299766,"299766.299","Enterobacter hormaechei subsp. steigerwaltii JBBDAGF-19-0016","trimethoprim/sulfamethoxazole","","<=1/19","<=","1/19","mg/L","MIC","","","Beckman Coulter Inc","CLSI",2021,"","","","Laboratory Method","","[38052776]"
299766,"299766.298","Enterobacter hormaechei subsp. steigerwaltii JBBDAGF-19-0017","cefpodoxime","","8","","8","mg/L","MIC","","","Beckman Coulter Inc","CLSI",2021,"","","","Laboratory Method","","[38052776]"
299766,"299766.326","Enterobacter hormaechei subsp. steigerwaltii JBEAACH-19-0177","trimethoprim/sulfamethoxazole","","<=1/19","<=","1/19","mg/L","MIC","","","Beckman Coulter Inc","CLSI",2021,"","","","Laboratory Method","","[38052776]"
299766,"299766.327","Enterobacter hormaechei subsp. steigerwaltii JBEAACH-19-0275","ceftriaxone","",">64",">","64","mg/L","MIC","","","Beckman Coulter Inc","CLSI",2021,"","","","Laboratory Method","","[38052776]"
299766,"299766.322","Enterobacter hormaechei subsp. steigerwaltii JBDGAAB-19-0032","cefuroxime","",">32",">","32","mg/L","MIC","","","Beckman Coulter Inc","CLSI",2021,"","","","Laboratory Method","","[38052776]"
299766,"299766.282","Enterobacter hormaechei subsp. steigerwaltii JBBCAEG-19-0003","levofloxacin","","<=0.5","<=","0.5","mg/L","MIC","","","Beckman Coulter Inc","CLSI",2021,"","","","Laboratory Method","","[38052776]"
299766,"299766.284","Enterobacter hormaechei subsp. steigerwaltii JBBDAAB-19-0177","imipenem","","2","","2","mg/L","MIC","","","Beckman Coulter Inc","CLSI",2021,"","","","Laboratory Method","","[38052776]"
299766,"299766.349","Enterobacter hormaechei subsp. steigerwaltii JBEAACG-19-0097","colistin","","<=1","<=","1","mg/L","MIC","","","Beckman Coulter Inc","CLSI",2021,"","","","Laboratory Method","","[38052776]"
299766,"299766.331","Enterobacter hormaechei subsp. steigerwaltii JBEAAEE-19-0042","cefotetan","",">32",">","32","mg/L","MIC","","","Beckman Coulter Inc","CLSI",2021,"","","","Laboratory Method","","[38052776]"
299766,"299766.331","Enterobacter hormaechei subsp. steigerwaltii JBEAAEE-19-0042","piperacillin/tazobactam","","8","","8","mg/L","MIC","","","Beckman Coulter Inc","CLSI",2021,"","","","Laboratory Method","","[38052776]"
299766,"299766.348","Enterobacter hormaechei subsp. steigerwaltii JBBBAAB-19-0014","piperacillin/tazobactam","",">64",">","64","mg/L","MIC","","","Beckman Coulter Inc","CLSI",2021,"","","","Laboratory Method","","[38052776]"
299766,"299766.306","Enterobacter hormaechei subsp. steigerwaltii JBBEAAJ-19-0008","cefpodoxime","",">64",">","64","mg/L","MIC","","","Beckman Coulter Inc","CLSI",2021,"","","","Laboratory Method","","[38052776]"
299766,"299766.297","Enterobacter hormaechei subsp. steigerwaltii JBBDAFG-19-0124","ceftriaxone","",">64",">","64","mg/L","MIC","","","Beckman Coulter Inc","CLSI",2021,"","","","Laboratory Method","","[38052776]"
299766,"299766.291","Enterobacter hormaechei subsp. steigerwaltii JBBDAAF-19-0142","ceftriaxone","",">64",">","64","mg/L","MIC","","","Beckman Coulter Inc","CLSI",2021,"","","","Laboratory Method","","[38052776]"
299766,"299766.300","Enterobacter hormaechei subsp. steigerwaltii JBBDAGF-19-0034","aztreonam","","<=1","<=","1","mg/L","MIC","","","Beckman Coulter Inc","CLSI",2021,"","","","Laboratory Method","","[38052776]"
299766,"299766.268","Enterobacter hormaechei subsp. steigerwaltii JBAGABE-19-0098","cefpodoxime","",">64",">","64","mg/L","MIC","","","Beckman Coulter Inc","CLSI",2021,"","","","Laboratory Method","","[38052776]"
299766,"299766.316","Enterobacter hormaechei subsp. steigerwaltii JBCHAAE-19-0025","ciprofloxacin","","<=0.25","<=","0.25","mg/L","MIC","","","Beckman Coulter Inc","CLSI",2021,"","","","Laboratory Method","","[38052776]"
299766,"299766.308","Enterobacter hormaechei subsp. steigerwaltii JBBEABA-19-0025","cefmetazole","",">32",">","32","mg/L","MIC","","","Beckman Coulter Inc","CLSI",2021,"","","","Laboratory Method","","[38052776]"
299766,"299766.296","Enterobacter hormaechei subsp. steigerwaltii JBBDADH-19-0027","cefmetazole","",">32",">","32","mg/L","MIC","","","Beckman Coulter Inc","CLSI",2021,"","","","Laboratory Method","","[38052776]"
299766,"299766.280","Enterobacter hormaechei subsp. steigerwaltii JBBCADC-19-0142","cefmetazole","",">32",">","32","mg/L","MIC","","","Beckman Coulter Inc","CLSI",2021,"","","","Laboratory Method","","[38052776]"
299766,"299766.271","Enterobacter hormaechei subsp. steigerwaltii JBAJAAJ-19-0001","levofloxacin","","1","","1","mg/L","MIC","","","Beckman Coulter Inc","CLSI",2021,"","","","Laboratory Method","","[38052776]"
299766,"299766.321","Enterobacter hormaechei subsp. steigerwaltii JBDDAAF-19-0084","fosfomycin","",">16",">","16","mg/L","MIC","","","Beckman Coulter Inc","CLSI",2021,"","","","Laboratory Method","","[38052776]"
299766,"299766.347","Enterobacter hormaechei subsp. steigerwaltii JBDJAAE-19-0094","ampicillin/sulbactam","",">32/16",">","32/16","mg/L","MIC","","","Beckman Coulter Inc","CLSI",2021,"","","","Laboratory Method","","[38052776]"
299766,"299766.278","Enterobacter hormaechei subsp. steigerwaltii JBBCAAG-19-0004","ceftazidime","",">16",">","16","mg/L","MIC","","","Beckman Coulter Inc","CLSI",2021,"","","","Laboratory Method","","[38052776]"
299766,"299766.273","Enterobacter hormaechei subsp. steigerwaltii JBBBAAB-19-0139","cefotaxime","","128","","128","mg/L","MIC","","","Beckman Coulter Inc","CLSI",2021,"","","","Laboratory Method","","[38052776]"
299766,"299766.332","Enterobacter hormaechei subsp. steigerwaltii JBEAAEE-19-0140","ceftriaxone","","64","","64","mg/L","MIC","","","Beckman Coulter Inc","CLSI",2021,"","","","Laboratory Method","","[38052776]"
299766,"299766.307","Enterobacter hormaechei subsp. steigerwaltii JBBEAAJ-19-0005","amikacin","","<=4","<=","4","mg/L","MIC","","","Beckman Coulter Inc","CLSI",2021,"","","","Laboratory Method","","[38052776]"
299766,"299766.319","Enterobacter hormaechei subsp. steigerwaltii JBCHAFC-19-0064","piperacillin/tazobactam","",">64",">","64","mg/L","MIC","","","Beckman Coulter Inc","CLSI",2021,"","","","Laboratory Method","","[38052776]"
299766,"299766.338","Enterobacter hormaechei subsp. steigerwaltii JBEHAAB-19-0192","cefozopran","","16","","16","mg/L","MIC","","","Beckman Coulter Inc","CLSI",2021,"","","","Laboratory Method","","[38052776]"
299766,"299766.312","Enterobacter hormaechei subsp. steigerwaltii JBCBAAJ-19-0100","piperacillin/tazobactam","",">64",">","64","mg/L","MIC","","","Beckman Coulter Inc","CLSI",2021,"","","","Laboratory Method","","[38052776]"
299766,"299766.306","Enterobacter hormaechei subsp. steigerwaltii JBBEAAJ-19-0008","tigecycline","","1","","1","mg/L","MIC","","","Beckman Coulter Inc","CLSI",2021,"","","","Laboratory Method","","[38052776]"
299766,"299766.265","Enterobacter hormaechei subsp. steigerwaltii JBABADI-19-0083","minocycline","","4","","4","mg/L","MIC","","","Beckman Coulter Inc","CLSI",2021,"","","","Laboratory Method","","[38052776]"
299766,"299766.304","Enterobacter hormaechei subsp. steigerwaltii JBBDAJB-19-0015","colistin","","<=1","<=","1","mg/L","MIC","","","Beckman Coulter Inc","CLSI",2021,"","","","Laboratory Method","","[38052776]"
299766,"299766.276","Enterobacter hormaechei subsp. steigerwaltii JBBCAAG-19-0002","doripenem","","1","","1","mg/L","MIC","","","Beckman Coulter Inc","CLSI",2021,"","","","Laboratory Method","","[38052776]"
299766,"299766.342","Enterobacter hormaechei subsp. steigerwaltii JBEAAAD-19-0047","cefoperazone/sulbactam","",">32/16",">","32/16","mg/L","MIC","","","Beckman Coulter Inc","CLSI",2021,"","","","Laboratory Method","","[38052776]"
299766,"299766.347","Enterobacter hormaechei subsp. steigerwaltii JBDJAAE-19-0094","fosfomycin","","16","","16","mg/L","MIC","","","Beckman Coulter Inc","CLSI",2021,"","","","Laboratory Method","","[38052776]"
299766,"299766.314","Enterobacter hormaechei subsp. steigerwaltii JBCDABA-19-0190","cefotaxime","","<=0.5","<=","0.5","mg/L","MIC","","","Beckman Coulter Inc","CLSI",2021,"","","","Laboratory Method","","[38052776]"
299766,"299766.328","Enterobacter hormaechei subsp. steigerwaltii JBEAAEE-19-0001","doripenem","","2","","2","mg/L","MIC","","","Beckman Coulter Inc","CLSI",2021,"","","","Laboratory Method","","[38052776]"
299766,"299766.321","Enterobacter hormaechei subsp. steigerwaltii JBDDAAF-19-0084","gentamicin","","<=1","<=","1","mg/L","MIC","","","Beckman Coulter Inc","CLSI",2021,"","","","Laboratory Method","","[38052776]"
299766,"299766.323","Enterobacter hormaechei subsp. steigerwaltii JBDGAAB-19-0063","trimethoprim/sulfamethoxazole","",">2/38",">","2/38","mg/L","MIC","","","Beckman Coulter Inc","CLSI",2021,"","","","Laboratory Method","","[38052776]"
299766,"299766.304","Enterobacter hormaechei subsp. steigerwaltii JBBDAJB-19-0015","ciprofloxacin","","<=0.25","<=","0.25","mg/L","MIC","","","Beckman Coulter Inc","CLSI",2021,"","","","Laboratory Method","","[38052776]"
299766,"299766.308","Enterobacter hormaechei subsp. steigerwaltii JBBEABA-19-0025","ciprofloxacin","","2","","2","mg/L","MIC","","","Beckman Coulter Inc","CLSI",2021,"","","","Laboratory Method","","[38052776]"
299766,"299766.318","Enterobacter hormaechei subsp. steigerwaltii JBCHACG-19-0419","cefuroxime","",">32",">","32","mg/L","MIC","","","Beckman Coulter Inc","CLSI",2021,"","","","Laboratory Method","","[38052776]"
299766,"299766.288","Enterobacter hormaechei subsp. steigerwaltii JBBDAAF-19-0049","cefotetan","",">32",">","32","mg/L","MIC","","","Beckman Coulter Inc","CLSI",2021,"","","","Laboratory Method","","[38052776]"
299766,"299766.303","Enterobacter hormaechei subsp. steigerwaltii JBBDAJB-19-0014","amikacin","","<=4","<=","4","mg/L","MIC","","","Beckman Coulter Inc","CLSI",2021,"","","","Laboratory Method","","[38052776]"
299766,"299766.343","Enterobacter hormaechei subsp. steigerwaltii JBCDACH-19-0001","ceftriaxone","","<=0.5","<=","0.5","mg/L","MIC","","","Beckman Coulter Inc","CLSI",2021,"","","","Laboratory Method","","[38052776]"
299766,"299766.288","Enterobacter hormaechei subsp. steigerwaltii JBBDAAF-19-0049","ceftazidime","",">16",">","16","mg/L","MIC","","","Beckman Coulter Inc","CLSI",2021,"","","","Laboratory Method","","[38052776]"
299766,"299766.340","Enterobacter hormaechei subsp. steigerwaltii JBEAACG-19-0081","meropenem","","4","","4","mg/L","MIC","","","Beckman Coulter Inc","CLSI",2021,"","","","Laboratory Method","","[38052776]"
299766,"299766.301","Enterobacter hormaechei subsp. steigerwaltii JBBDAGF-19-0055","cefotetan","",">32",">","32","mg/L","MIC","","","Beckman Coulter Inc","CLSI",2021,"","","","Laboratory Method","","[38052776]"
299766,"299766.294","Enterobacter hormaechei subsp. steigerwaltii JBBDABA-19-0004","tobramycin","","8","","8","mg/L","MIC","","","Beckman Coulter Inc","CLSI",2021,"","","","Laboratory Method","","[38052776]"
299766,"299766.349","Enterobacter hormaechei subsp. steigerwaltii JBEAACG-19-0097","cefotaxime","",">128",">","128","mg/L","MIC","","","Beckman Coulter Inc","CLSI",2021,"","","","Laboratory Method","","[38052776]"
299766,"299766.273","Enterobacter hormaechei subsp. steigerwaltii JBBBAAB-19-0139","cefozopran","","16","","16","mg/L","MIC","","","Beckman Coulter Inc","CLSI",2021,"","","","Laboratory Method","","[38052776]"
299766,"299766.343","Enterobacter hormaechei subsp. steigerwaltii JBCDACH-19-0001","piperacillin","","16","","16","mg/L","MIC","","","Beckman Coulter Inc","CLSI",2021,"","","","Laboratory Method","","[38052776]"
299766,"299766.347","Enterobacter hormaechei subsp. steigerwaltii JBDJAAE-19-0094","ciprofloxacin","","<=0.25","<=","0.25","mg/L","MIC","","","Beckman Coulter Inc","CLSI",2021,"","","","Laboratory Method","","[38052776]"
299766,"299766.313","Enterobacter hormaechei subsp. steigerwaltii JBCDAAB-19-0062","levofloxacin","","<=0.5","<=","0.5","mg/L","MIC","","","Beckman Coulter Inc","CLSI",2021,"","","","Laboratory Method","","[38052776]"
299766,"299766.314","Enterobacter hormaechei subsp. steigerwaltii JBCDABA-19-0190","ciprofloxacin","","<=0.25","<=","0.25","mg/L","MIC","","","Beckman Coulter Inc","CLSI",2021,"","","","Laboratory Method","","[38052776]"
299766,"299766.343","Enterobacter hormaechei subsp. steigerwaltii JBCDACH-19-0001","amikacin","","<=4","<=","4","mg/L","MIC","","","Beckman Coulter Inc","CLSI",2021,"","","","Laboratory Method","","[38052776]"
299766,"299766.321","Enterobacter hormaechei subsp. steigerwaltii JBDDAAF-19-0084","cefpodoxime","",">64",">","64","mg/L","MIC","","","Beckman Coulter Inc","CLSI",2021,"","","","Laboratory Method","","[38052776]"
299766,"299766.331","Enterobacter hormaechei subsp. steigerwaltii JBEAAEE-19-0042","imipenem","","2","","2","mg/L","MIC","","","Beckman Coulter Inc","CLSI",2021,"","","","Laboratory Method","","[38052776]"
299766,"299766.331","Enterobacter hormaechei subsp. steigerwaltii JBEAAEE-19-0042","cefuroxime","",">32",">","32","mg/L","MIC","","","Beckman Coulter Inc","CLSI",2021,"","","","Laboratory Method","","[38052776]"
299766,"299766.279","Enterobacter hormaechei subsp. steigerwaltii JBBCADC-19-0002","fosfomycin","","<=4","<=","4","mg/L","MIC","","","Beckman Coulter Inc","CLSI",2021,"","","","Laboratory Method","","[38052776]"
299766,"299766.286","Enterobacter hormaechei subsp. steigerwaltii JBBDAAB-19-0067","chloramphenicol","","<=8","<=","8","mg/L","MIC","","","Beckman Coulter Inc","CLSI",2021,"","","","Laboratory Method","","[38052776]"
299766,"299766.349","Enterobacter hormaechei subsp. steigerwaltii JBEAACG-19-0097","chloramphenicol","","16","","16","mg/L","MIC","","","Beckman Coulter Inc","CLSI",2021,"","","","Laboratory Method","","[38052776]"
299766,"299766.326","Enterobacter hormaechei subsp. steigerwaltii JBEAACH-19-0177","ceftriaxone","","<=0.5","<=","0.5","mg/L","MIC","","","Beckman Coulter Inc","CLSI",2021,"","","","Laboratory Method","","[38052776]"
299766,"299766.348","Enterobacter hormaechei subsp. steigerwaltii JBBBAAB-19-0014","ciprofloxacin","","<=0.25","<=","0.25","mg/L","MIC","","","Beckman Coulter Inc","CLSI",2021,"","","","Laboratory Method","","[38052776]"
299766,"299766.286","Enterobacter hormaechei subsp. steigerwaltii JBBDAAB-19-0067","cefepime","",">16",">","16","mg/L","MIC","","","Beckman Coulter Inc","CLSI",2021,"","","","Laboratory Method","","[38052776]"
299766,"299766.272","Enterobacter hormaechei subsp. steigerwaltii JBBBAAB-19-0138","colistin","","<=1","<=","1","mg/L","MIC","","","Beckman Coulter Inc","CLSI",2021,"","","","Laboratory Method","","[38052776]"
299766,"299766.314","Enterobacter hormaechei subsp. steigerwaltii JBCDABA-19-0190","ampicillin/sulbactam","","16/8","","16/8","mg/L","MIC","","","Beckman Coulter Inc","CLSI",2021,"","","","Laboratory Method","","[38052776]"
299766,"299766.311","Enterobacter hormaechei subsp. steigerwaltii JBBHAAB-19-0033","colistin","","<=1","<=","1","mg/L","MIC","","","Beckman Coulter Inc","CLSI",2021,"","","","Laboratory Method","","[38052776]"
299766,"299766.313","Enterobacter hormaechei subsp. steigerwaltii JBCDAAB-19-0062","cefotetan","",">32",">","32","mg/L","MIC","","","Beckman Coulter Inc","CLSI",2021,"","","","Laboratory Method","","[38052776]"
299766,"299766.273","Enterobacter hormaechei subsp. steigerwaltii JBBBAAB-19-0139","tigecycline","","1","","1","mg/L","MIC","","","Beckman Coulter Inc","CLSI",2021,"","","","Laboratory Method","","[38052776]"
299766,"299766.347","Enterobacter hormaechei subsp. steigerwaltii JBDJAAE-19-0094","imipenem","","<=0.5","<=","0.5","mg/L","MIC","","","Beckman Coulter Inc","CLSI",2021,"","","","Laboratory Method","","[38052776]"
299766,"299766.318","Enterobacter hormaechei subsp. steigerwaltii JBCHACG-19-0419","minocycline","","8","","8","mg/L","MIC","","","Beckman Coulter Inc","CLSI",2021,"","","","Laboratory Method","","[38052776]"
299766,"299766.306","Enterobacter hormaechei subsp. steigerwaltii JBBEAAJ-19-0008","ceftriaxone","","64","","64","mg/L","MIC","","","Beckman Coulter Inc","CLSI",2021,"","","","Laboratory Method","","[38052776]"
299766,"299766.343","Enterobacter hormaechei subsp. steigerwaltii JBCDACH-19-0001","chloramphenicol","","<=8","<=","8","mg/L","MIC","","","Beckman Coulter Inc","CLSI",2021,"","","","Laboratory Method","","[38052776]"
299766,"299766.267","Enterobacter hormaechei subsp. steigerwaltii JBAFAAB-19-0055","doripenem","","<=0.5","<=","0.5","mg/L","MIC","","","Beckman Coulter Inc","CLSI",2021,"","","","Laboratory Method","","[38052776]"
299766,"299766.299","Enterobacter hormaechei subsp. steigerwaltii JBBDAGF-19-0016","doripenem","","<=0.5","<=","0.5","mg/L","MIC","","","Beckman Coulter Inc","CLSI",2021,"","","","Laboratory Method","","[38052776]"
299766,"299766.344","Enterobacter hormaechei subsp. steigerwaltii JBDJAAE-19-0102","cefmetazole","",">32",">","32","mg/L","MIC","","","Beckman Coulter Inc","CLSI",2021,"","","","Laboratory Method","","[38052776]"
299766,"299766.341","Enterobacter hormaechei subsp. steigerwaltii JBEAACG-19-0092","cefepime","",">16",">","16","mg/L","MIC","","","Beckman Coulter Inc","CLSI",2021,"","","","Laboratory Method","","[38052776]"
299766,"299766.336","Enterobacter hormaechei subsp. steigerwaltii JBEDACG-19-0108","cefuroxime","",">32",">","32","mg/L","MIC","","","Beckman Coulter Inc","CLSI",2021,"","","","Laboratory Method","","[38052776]"
299766,"299766.349","Enterobacter hormaechei subsp. steigerwaltii JBEAACG-19-0097","piperacillin/tazobactam","","64","","64","mg/L","MIC","","","Beckman Coulter Inc","CLSI",2021,"","","","Laboratory Method","","[38052776]"
299766,"299766.275","Enterobacter hormaechei subsp. steigerwaltii JBBCAAG-19-0001","ceftazidime/clavulanic acid","",">32",">","32","mg/L","MIC","","","Beckman Coulter Inc","CLSI",2021,"","","","Laboratory Method","","[38052776]"
299766,"299766.287","Enterobacter hormaechei subsp. steigerwaltii JBBDAAF-19-0018","ceftazidime/clavulanic acid","",">32",">","32","mg/L","MIC","","","Beckman Coulter Inc","CLSI",2021,"","","","Laboratory Method","","[38052776]"
299766,"299766.268","Enterobacter hormaechei subsp. steigerwaltii JBAGABE-19-0098","imipenem","","4","","4","mg/L","MIC","","","Beckman Coulter Inc","CLSI",2021,"","","","Laboratory Method","","[38052776]"
299766,"299766.298","Enterobacter hormaechei subsp. steigerwaltii JBBDAGF-19-0017","imipenem","","<=0.5","<=","0.5","mg/L","MIC","","","Beckman Coulter Inc","CLSI",2021,"","","","Laboratory Method","","[38052776]"
299766,"299766.295","Enterobacter hormaechei subsp. steigerwaltii JBBDABE-19-0091","meropenem","","4","","4","mg/L","MIC","","","Beckman Coulter Inc","CLSI",2021,"","","","Laboratory Method","","[38052776]"
299766,"299766.349","Enterobacter hormaechei subsp. steigerwaltii JBEAACG-19-0097","cefozopran","",">16",">","16","mg/L","MIC","","","Beckman Coulter Inc","CLSI",2021,"","","","Laboratory Method","","[38052776]"
299766,"299766.322","Enterobacter hormaechei subsp. steigerwaltii JBDGAAB-19-0032","piperacillin","","<=4","<=","4","mg/L","MIC","","","Beckman Coulter Inc","CLSI",2021,"","","","Laboratory Method","","[38052776]"
299766,"299766.296","Enterobacter hormaechei subsp. steigerwaltii JBBDADH-19-0027","tigecycline","","1","","1","mg/L","MIC","","","Beckman Coulter Inc","CLSI",2021,"","","","Laboratory Method","","[38052776]"
299766,"299766.282","Enterobacter hormaechei subsp. steigerwaltii JBBCAEG-19-0003","meropenem","","8","","8","mg/L","MIC","","","Beckman Coulter Inc","CLSI",2021,"","","","Laboratory Method","","[38052776]"
299766,"299766.297","Enterobacter hormaechei subsp. steigerwaltii JBBDAFG-19-0124","cefepime","",">16",">","16","mg/L","MIC","","","Beckman Coulter Inc","CLSI",2021,"","","","Laboratory Method","","[38052776]"
299766,"299766.295","Enterobacter hormaechei subsp. steigerwaltii JBBDABE-19-0091","colistin","","<=1","<=","1","mg/L","MIC","","","Beckman Coulter Inc","CLSI",2021,"","","","Laboratory Method","","[38052776]"
299766,"299766.349","Enterobacter hormaechei subsp. steigerwaltii JBEAACG-19-0097","ampicillin/sulbactam","",">32/16",">","32/16","mg/L","MIC","","","Beckman Coulter Inc","CLSI",2021,"","","","Laboratory Method","","[38052776]"
299766,"299766.319","Enterobacter hormaechei subsp. steigerwaltii JBCHAFC-19-0064","chloramphenicol","","16","","16","mg/L","MIC","","","Beckman Coulter Inc","CLSI",2021,"","","","Laboratory Method","","[38052776]"
299766,"299766.271","Enterobacter hormaechei subsp. steigerwaltii JBAJAAJ-19-0001","ampicillin/sulbactam","",">32/16",">","32/16","mg/L","MIC","","","Beckman Coulter Inc","CLSI",2021,"","","","Laboratory Method","","[38052776]"
299766,"299766.294","Enterobacter hormaechei subsp. steigerwaltii JBBDABA-19-0004","colistin","","<=1","<=","1","mg/L","MIC","","","Beckman Coulter Inc","CLSI",2021,"","","","Laboratory Method","","[38052776]"
299766,"299766.307","Enterobacter hormaechei subsp. steigerwaltii JBBEAAJ-19-0005","cefepime","","8","","8","mg/L","MIC","","","Beckman Coulter Inc","CLSI",2021,"","","","Laboratory Method","","[38052776]"
299766,"299766.308","Enterobacter hormaechei subsp. steigerwaltii JBBEABA-19-0025","fosfomycin","","<=4","<=","4","mg/L","MIC","","","Beckman Coulter Inc","CLSI",2021,"","","","Laboratory Method","","[38052776]"
299766,"299766.302","Enterobacter hormaechei subsp. steigerwaltii JBBDAJB-19-0020","cefepime","",">16",">","16","mg/L","MIC","","","Beckman Coulter Inc","CLSI",2021,"","","","Laboratory Method","","[38052776]"
299766,"299766.278","Enterobacter hormaechei subsp. steigerwaltii JBBCAAG-19-0004","cefotaxime","","64","","64","mg/L","MIC","","","Beckman Coulter Inc","CLSI",2021,"","","","Laboratory Method","","[38052776]"
299766,"299766.323","Enterobacter hormaechei subsp. steigerwaltii JBDGAAB-19-0063","tobramycin","","<=1","<=","1","mg/L","MIC","","","Beckman Coulter Inc","CLSI",2021,"","","","Laboratory Method","","[38052776]"
299766,"299766.269","Enterobacter hormaechei subsp. steigerwaltii JBAIAAD-19-0115","tigecycline","","1","","1","mg/L","MIC","","","Beckman Coulter Inc","CLSI",2021,"","","","Laboratory Method","","[38052776]"
299766,"299766.282","Enterobacter hormaechei subsp. steigerwaltii JBBCAEG-19-0003","cefuroxime","",">32",">","32","mg/L","MIC","","","Beckman Coulter Inc","CLSI",2021,"","","","Laboratory Method","","[38052776]"
299766,"299766.348","Enterobacter hormaechei subsp. steigerwaltii JBBBAAB-19-0014","gentamicin","","<=1","<=","1","mg/L","MIC","","","Beckman Coulter Inc","CLSI",2021,"","","","Laboratory Method","","[38052776]"
299766,"299766.309","Enterobacter hormaechei subsp. steigerwaltii JBBEABG-19-0028","ceftriaxone","","64","","64","mg/L","MIC","","","Beckman Coulter Inc","CLSI",2021,"","","","Laboratory Method","","[38052776]"
299766,"299766.336","Enterobacter hormaechei subsp. steigerwaltii JBEDACG-19-0108","amikacin","","<=4","<=","4","mg/L","MIC","","","Beckman Coulter Inc","CLSI",2021,"","","","Laboratory Method","","[38052776]"
299766,"299766.332","Enterobacter hormaechei subsp. steigerwaltii JBEAAEE-19-0140","cefoperazone/sulbactam","",">32/16",">","32/16","mg/L","MIC","","","Beckman Coulter Inc","CLSI",2021,"","","","Laboratory Method","","[38052776]"
299766,"299766.348","Enterobacter hormaechei subsp. steigerwaltii JBBBAAB-19-0014","cefpodoxime","",">64",">","64","mg/L","MIC","","","Beckman Coulter Inc","CLSI",2021,"","","","Laboratory Method","","[38052776]"
299766,"299766.335","Enterobacter hormaechei subsp. steigerwaltii JBEBAAB-19-0102","cefotaxime/clavulanic acid","",">32",">","32","mg/L","MIC","","","Beckman Coulter Inc","CLSI",2021,"","","","Laboratory Method","","[38052776]"
299766,"299766.312","Enterobacter hormaechei subsp. steigerwaltii JBCBAAJ-19-0100","trimethoprim/sulfamethoxazole","","<=1/19","<=","1/19","mg/L","MIC","","","Beckman Coulter Inc","CLSI",2021,"","","","Laboratory Method","","[38052776]"
299766,"299766.316","Enterobacter hormaechei subsp. steigerwaltii JBCHAAE-19-0025","colistin","","<=1","<=","1","mg/L","MIC","","","Beckman Coulter Inc","CLSI",2021,"","","","Laboratory Method","","[38052776]"
299766,"299766.326","Enterobacter hormaechei subsp. steigerwaltii JBEAACH-19-0177","levofloxacin","","<=0.5","<=","0.5","mg/L","MIC","","","Beckman Coulter Inc","CLSI",2021,"","","","Laboratory Method","","[38052776]"
299766,"299766.320","Enterobacter hormaechei subsp. steigerwaltii JBCIAEJ-19-0013","piperacillin/tazobactam","","32","","32","mg/L","MIC","","","Beckman Coulter Inc","CLSI",2021,"","","","Laboratory Method","","[38052776]"
299766,"299766.309","Enterobacter hormaechei subsp. steigerwaltii JBBEABG-19-0028","cefoperazone/sulbactam","",">32/16",">","32/16","mg/L","MIC","","","Beckman Coulter Inc","CLSI",2021,"","","","Laboratory Method","","[38052776]"
299766,"299766.329","Enterobacter hormaechei subsp. steigerwaltii JBEAAEE-19-0043","colistin","","<=1","<=","1","mg/L","MIC","","","Beckman Coulter Inc","CLSI",2021,"","","","Laboratory Method","","[38052776]"
299766,"299766.295","Enterobacter hormaechei subsp. steigerwaltii JBBDABE-19-0091","ciprofloxacin","","1","","1","mg/L","MIC","","","Beckman Coulter Inc","CLSI",2021,"","","","Laboratory Method","","[38052776]"
299766,"299766.278","Enterobacter hormaechei subsp. steigerwaltii JBBCAAG-19-0004","gentamicin","","<=1","<=","1","mg/L","MIC","","","Beckman Coulter Inc","CLSI",2021,"","","","Laboratory Method","","[38052776]"
299766,"299766.335","Enterobacter hormaechei subsp. steigerwaltii JBEBAAB-19-0102","piperacillin/tazobactam","","8","","8","mg/L","MIC","","","Beckman Coulter Inc","CLSI",2021,"","","","Laboratory Method","","[38052776]"
299766,"299766.295","Enterobacter hormaechei subsp. steigerwaltii JBBDABE-19-0091","levofloxacin","","<=0.5","<=","0.5","mg/L","MIC","","","Beckman Coulter Inc","CLSI",2021,"","","","Laboratory Method","","[38052776]"
299766,"299766.274","Enterobacter hormaechei subsp. steigerwaltii JBBBAEF-19-0073","levofloxacin","","<=0.5","<=","0.5","mg/L","MIC","","","Beckman Coulter Inc","CLSI",2021,"","","","Laboratory Method","","[38052776]"
299766,"299766.281","Enterobacter hormaechei subsp. steigerwaltii JBBCADC-19-0145","cefoperazone/sulbactam","",">32/16",">","32/16","mg/L","MIC","","","Beckman Coulter Inc","CLSI",2021,"","","","Laboratory Method","","[38052776]"
299766,"299766.299","Enterobacter hormaechei subsp. steigerwaltii JBBDAGF-19-0016","ceftriaxone","","<=0.5","<=","0.5","mg/L","MIC","","","Beckman Coulter Inc","CLSI",2021,"","","","Laboratory Method","","[38052776]"
299766,"299766.328","Enterobacter hormaechei subsp. steigerwaltii JBEAAEE-19-0001","levofloxacin","","2","","2","mg/L","MIC","","","Beckman Coulter Inc","CLSI",2021,"","","","Laboratory Method","","[38052776]"
299766,"299766.273","Enterobacter hormaechei subsp. steigerwaltii JBBBAAB-19-0139","cefotetan","",">32",">","32","mg/L","MIC","","","Beckman Coulter Inc","CLSI",2021,"","","","Laboratory Method","","[38052776]"
299766,"299766.272","Enterobacter hormaechei subsp. steigerwaltii JBBBAAB-19-0138","ceftazidime/clavulanic acid","",">32",">","32","mg/L","MIC","","","Beckman Coulter Inc","CLSI",2021,"","","","Laboratory Method","","[38052776]"
299766,"299766.291","Enterobacter hormaechei subsp. steigerwaltii JBBDAAF-19-0142","cefuroxime","",">32",">","32","mg/L","MIC","","","Beckman Coulter Inc","CLSI",2021,"","","","Laboratory Method","","[38052776]"
299766,"299766.272","Enterobacter hormaechei subsp. steigerwaltii JBBBAAB-19-0138","minocycline","","2","","2","mg/L","MIC","","","Beckman Coulter Inc","CLSI",2021,"","","","Laboratory Method","","[38052776]"
299766,"299766.271","Enterobacter hormaechei subsp. steigerwaltii JBAJAAJ-19-0001","cefpodoxime","",">64",">","64","mg/L","MIC","","","Beckman Coulter Inc","CLSI",2021,"","","","Laboratory Method","","[38052776]"
299766,"299766.319","Enterobacter hormaechei subsp. steigerwaltii JBCHAFC-19-0064","levofloxacin","","<=0.5","<=","0.5","mg/L","MIC","","","Beckman Coulter Inc","CLSI",2021,"","","","Laboratory Method","","[38052776]"
299766,"299766.273","Enterobacter hormaechei subsp. steigerwaltii JBBBAAB-19-0139","cefpodoxime","",">64",">","64","mg/L","MIC","","","Beckman Coulter Inc","CLSI",2021,"","","","Laboratory Method","","[38052776]"
299766,"299766.334","Enterobacter hormaechei subsp. steigerwaltii JBEAAFA-19-0408","fosfomycin","","<=4","<=","4","mg/L","MIC","","","Beckman Coulter Inc","CLSI",2021,"","","","Laboratory Method","","[38052776]"
299766,"299766.275","Enterobacter hormaechei subsp. steigerwaltii JBBCAAG-19-0001","doripenem","","2","","2","mg/L","MIC","","","Beckman Coulter Inc","CLSI",2021,"","","","Laboratory Method","","[38052776]"
299766,"299766.336","Enterobacter hormaechei subsp. steigerwaltii JBEDACG-19-0108","gentamicin","","<=1","<=","1","mg/L","MIC","","","Beckman Coulter Inc","CLSI",2021,"","","","Laboratory Method","","[38052776]"
299766,"299766.315","Enterobacter hormaechei subsp. steigerwaltii JBCGAAG-19-0534","amikacin","","<=4","<=","4","mg/L","MIC","","","Beckman Coulter Inc","CLSI",2021,"","","","Laboratory Method","","[38052776]"
299766,"299766.345","Enterobacter hormaechei subsp. steigerwaltii JBCBAAD-19-0112","levofloxacin","","<=0.5","<=","0.5","mg/L","MIC","","","Beckman Coulter Inc","CLSI",2021,"","","","Laboratory Method","","[38052776]"
299766,"299766.346","Enterobacter hormaechei subsp. steigerwaltii JBCBAAD-19-0109","cefepime","","<=1","<=","1","mg/L","MIC","","","Beckman Coulter Inc","CLSI",2021,"","","","Laboratory Method","","[38052776]"
299766,"299766.286","Enterobacter hormaechei subsp. steigerwaltii JBBDAAB-19-0067","ceftazidime/clavulanic acid","",">32",">","32","mg/L","MIC","","","Beckman Coulter Inc","CLSI",2021,"","","","Laboratory Method","","[38052776]"
299766,"299766.336","Enterobacter hormaechei subsp. steigerwaltii JBEDACG-19-0108","cefotetan","",">32",">","32","mg/L","MIC","","","Beckman Coulter Inc","CLSI",2021,"","","","Laboratory Method","","[38052776]"
299766,"299766.302","Enterobacter hormaechei subsp. steigerwaltii JBBDAJB-19-0020","tigecycline","","<=0.25","<=","0.25","mg/L","MIC","","","Beckman Coulter Inc","CLSI",2021,"","","","Laboratory Method","","[38052776]"
299766,"299766.266","Enterobacter hormaechei subsp. steigerwaltii JBABADI-19-0091","piperacillin","",">64",">","64","mg/L","MIC","","","Beckman Coulter Inc","CLSI",2021,"","","","Laboratory Method","","[38052776]"
299766,"299766.346","Enterobacter hormaechei subsp. steigerwaltii JBCBAAD-19-0109","levofloxacin","","1","","1","mg/L","MIC","","","Beckman Coulter Inc","CLSI",2021,"","","","Laboratory Method","","[38052776]"
299766,"299766.344","Enterobacter hormaechei subsp. steigerwaltii JBDJAAE-19-0102","meropenem","","2","","2","mg/L","MIC","","","Beckman Coulter Inc","CLSI",2021,"","","","Laboratory Method","","[38052776]"
299766,"299766.300","Enterobacter hormaechei subsp. steigerwaltii JBBDAGF-19-0034","ciprofloxacin","","1","","1","mg/L","MIC","","","Beckman Coulter Inc","CLSI",2021,"","","","Laboratory Method","","[38052776]"
299766,"299766.332","Enterobacter hormaechei subsp. steigerwaltii JBEAAEE-19-0140","amikacin","","<=4","<=","4","mg/L","MIC","","","Beckman Coulter Inc","CLSI",2021,"","","","Laboratory Method","","[38052776]"
299766,"299766.313","Enterobacter hormaechei subsp. steigerwaltii JBCDAAB-19-0062","fosfomycin","",">16",">","16","mg/L","MIC","","","Beckman Coulter Inc","CLSI",2021,"","","","Laboratory Method","","[38052776]"
299766,"299766.312","Enterobacter hormaechei subsp. steigerwaltii JBCBAAJ-19-0100","chloramphenicol","",">16",">","16","mg/L","MIC","","","Beckman Coulter Inc","CLSI",2021,"","","","Laboratory Method","","[38052776]"
299766,"299766.271","Enterobacter hormaechei subsp. steigerwaltii JBAJAAJ-19-0001","piperacillin","","<=4","<=","4","mg/L","MIC","","","Beckman Coulter Inc","CLSI",2021,"","","","Laboratory Method","","[38052776]"
299766,"299766.303","Enterobacter hormaechei subsp. steigerwaltii JBBDAJB-19-0014","levofloxacin","","<=0.5","<=","0.5","mg/L","MIC","","","Beckman Coulter Inc","CLSI",2021,"","","","Laboratory Method","","[38052776]"
299766,"299766.311","Enterobacter hormaechei subsp. steigerwaltii JBBHAAB-19-0033","piperacillin","",">64",">","64","mg/L","MIC","","","Beckman Coulter Inc","CLSI",2021,"","","","Laboratory Method","","[38052776]"
299766,"299766.294","Enterobacter hormaechei subsp. steigerwaltii JBBDABA-19-0004","trimethoprim/sulfamethoxazole","","2/38","","2/38","mg/L","MIC","","","Beckman Coulter Inc","CLSI",2021,"","","","Laboratory Method","","[38052776]"
299766,"299766.291","Enterobacter hormaechei subsp. steigerwaltii JBBDAAF-19-0142","fosfomycin","",">16",">","16","mg/L","MIC","","","Beckman Coulter Inc","CLSI",2021,"","","","Laboratory Method","","[38052776]"
299766,"299766.288","Enterobacter hormaechei subsp. steigerwaltii JBBDAAF-19-0049","cefotaxime","","128","","128","mg/L","MIC","","","Beckman Coulter Inc","CLSI",2021,"","","","Laboratory Method","","[38052776]"
299766,"299766.334","Enterobacter hormaechei subsp. steigerwaltii JBEAAFA-19-0408","trimethoprim/sulfamethoxazole","","<=1/19","<=","1/19","mg/L","MIC","","","Beckman Coulter Inc","CLSI",2021,"","","","Laboratory Method","","[38052776]"
299766,"299766.276","Enterobacter hormaechei subsp. steigerwaltii JBBCAAG-19-0002","ceftazidime/clavulanic acid","",">32",">","32","mg/L","MIC","","","Beckman Coulter Inc","CLSI",2021,"","","","Laboratory Method","","[38052776]"
299766,"299766.299","Enterobacter hormaechei subsp. steigerwaltii JBBDAGF-19-0016","minocycline","","2","","2","mg/L","MIC","","","Beckman Coulter Inc","CLSI",2021,"","","","Laboratory Method","","[38052776]"
299766,"299766.320","Enterobacter hormaechei subsp. steigerwaltii JBCIAEJ-19-0013","meropenem","","<=0.5","<=","0.5","mg/L","MIC","","","Beckman Coulter Inc","CLSI",2021,"","","","Laboratory Method","","[38052776]"
299766,"299766.328","Enterobacter hormaechei subsp. steigerwaltii JBEAAEE-19-0001","piperacillin","","64","","64","mg/L","MIC","","","Beckman Coulter Inc","CLSI",2021,"","","","Laboratory Method","","[38052776]"
299766,"299766.286","Enterobacter hormaechei subsp. steigerwaltii JBBDAAB-19-0067","imipenem","","4","","4","mg/L","MIC","","","Beckman Coulter Inc","CLSI",2021,"","","","Laboratory Method","","[38052776]"
299766,"299766.294","Enterobacter hormaechei subsp. steigerwaltii JBBDABA-19-0004","aztreonam","","<=1","<=","1","mg/L","MIC","","","Beckman Coulter Inc","CLSI",2021,"","","","Laboratory Method","","[38052776]"
299766,"299766.340","Enterobacter hormaechei subsp. steigerwaltii JBEAACG-19-0081","cefpodoxime","",">64",">","64","mg/L","MIC","","","Beckman Coulter Inc","CLSI",2021,"","","","Laboratory Method","","[38052776]"
299766,"299766.325","Enterobacter hormaechei subsp. steigerwaltii JBDGAAB-19-0117","cefmetazole","",">32",">","32","mg/L","MIC","","","Beckman Coulter Inc","CLSI",2021,"","","","Laboratory Method","","[38052776]"
299766,"299766.327","Enterobacter hormaechei subsp. steigerwaltii JBEAACH-19-0275","colistin","","<=1","<=","1","mg/L","MIC","","","Beckman Coulter Inc","CLSI",2021,"","","","Laboratory Method","","[38052776]"
299766,"299766.276","Enterobacter hormaechei subsp. steigerwaltii JBBCAAG-19-0002","aztreonam","",">16",">","16","mg/L","MIC","","","Beckman Coulter Inc","CLSI",2021,"","","","Laboratory Method","","[38052776]"
299766,"299766.266","Enterobacter hormaechei subsp. steigerwaltii JBABADI-19-0091","cefoperazone/sulbactam","",">32/16",">","32/16","mg/L","MIC","","","Beckman Coulter Inc","CLSI",2021,"","","","Laboratory Method","","[38052776]"
299766,"299766.333","Enterobacter hormaechei subsp. steigerwaltii JBEAAEE-19-0141","gentamicin","","8","","8","mg/L","MIC","","","Beckman Coulter Inc","CLSI",2021,"","","","Laboratory Method","","[38052776]"
299766,"299766.319","Enterobacter hormaechei subsp. steigerwaltii JBCHAFC-19-0064","cefuroxime","",">32",">","32","mg/L","MIC","","","Beckman Coulter Inc","CLSI",2021,"","","","Laboratory Method","","[38052776]"
299766,"299766.315","Enterobacter hormaechei subsp. steigerwaltii JBCGAAG-19-0534","ceftazidime/clavulanic acid","","32","","32","mg/L","MIC","","","Beckman Coulter Inc","CLSI",2021,"","","","Laboratory Method","","[38052776]"
299766,"299766.344","Enterobacter hormaechei subsp. steigerwaltii JBDJAAE-19-0102","cefotetan","",">32",">","32","mg/L","MIC","","","Beckman Coulter Inc","CLSI",2021,"","","","Laboratory Method","","[38052776]"
299766,"299766.324","Enterobacter hormaechei subsp. steigerwaltii JBDGAAB-19-0118","fosfomycin","","16","","16","mg/L","MIC","","","Beckman Coulter Inc","CLSI",2021,"","","","Laboratory Method","","[38052776]"
299766,"299766.308","Enterobacter hormaechei subsp. steigerwaltii JBBEABA-19-0025","cefuroxime","",">32",">","32","mg/L","MIC","","","Beckman Coulter Inc","CLSI",2021,"","","","Laboratory Method","","[38052776]"
299766,"299766.285","Enterobacter hormaechei subsp. steigerwaltii JBBDAAB-19-0061","cefotaxime/clavulanic acid","",">32",">","32","mg/L","MIC","","","Beckman Coulter Inc","CLSI",2021,"","","","Laboratory Method","","[38052776]"
299766,"299766.335","Enterobacter hormaechei subsp. steigerwaltii JBEBAAB-19-0102","trimethoprim/sulfamethoxazole","",">2/38",">","2/38","mg/L","MIC","","","Beckman Coulter Inc","CLSI",2021,"","","","Laboratory Method","","[38052776]"
299766,"299766.270","Enterobacter hormaechei subsp. steigerwaltii JBAJAAH-19-0047","cefuroxime","",">32",">","32","mg/L","MIC","","","Beckman Coulter Inc","CLSI",2021,"","","","Laboratory Method","","[38052776]"
299766,"299766.347","Enterobacter hormaechei subsp. steigerwaltii JBDJAAE-19-0094","cefotaxime/clavulanic acid","","32","","32","mg/L","MIC","","","Beckman Coulter Inc","CLSI",2021,"","","","Laboratory Method","","[38052776]"
299766,"299766.316","Enterobacter hormaechei subsp. steigerwaltii JBCHAAE-19-0025","aztreonam","",">16",">","16","mg/L","MIC","","","Beckman Coulter Inc","CLSI",2021,"","","","Laboratory Method","","[38052776]"
299766,"299766.278","Enterobacter hormaechei subsp. steigerwaltii JBBCAAG-19-0004","tobramycin","","4","","4","mg/L","MIC","","","Beckman Coulter Inc","CLSI",2021,"","","","Laboratory Method","","[38052776]"
299766,"299766.292","Enterobacter hormaechei subsp. steigerwaltii JBBDAAJ-19-0051","piperacillin/tazobactam","",">64",">","64","mg/L","MIC","","","Beckman Coulter Inc","CLSI",2021,"","","","Laboratory Method","","[38052776]"
299766,"299766.308","Enterobacter hormaechei subsp. steigerwaltii JBBEABA-19-0025","piperacillin","",">64",">","64","mg/L","MIC","","","Beckman Coulter Inc","CLSI",2021,"","","","Laboratory Method","","[38052776]"
299766,"299766.349","Enterobacter hormaechei subsp. steigerwaltii JBEAACG-19-0097","cefuroxime","",">32",">","32","mg/L","MIC","","","Beckman Coulter Inc","CLSI",2021,"","","","Laboratory Method","","[38052776]"
299766,"299766.288","Enterobacter hormaechei subsp. steigerwaltii JBBDAAF-19-0049","cefotaxime/clavulanic acid","",">32",">","32","mg/L","MIC","","","Beckman Coulter Inc","CLSI",2021,"","","","Laboratory Method","","[38052776]"
299766,"299766.274","Enterobacter hormaechei subsp. steigerwaltii JBBBAEF-19-0073","doripenem","","4","","4","mg/L","MIC","","","Beckman Coulter Inc","CLSI",2021,"","","","Laboratory Method","","[38052776]"
299766,"299766.304","Enterobacter hormaechei subsp. steigerwaltii JBBDAJB-19-0015","cefmetazole","",">32",">","32","mg/L","MIC","","","Beckman Coulter Inc","CLSI",2021,"","","","Laboratory Method","","[38052776]"
299766,"299766.310","Enterobacter hormaechei subsp. steigerwaltii JBBGAAF-19-0022","chloramphenicol","","<=8","<=","8","mg/L","MIC","","","Beckman Coulter Inc","CLSI",2021,"","","","Laboratory Method","","[38052776]"
299766,"299766.342","Enterobacter hormaechei subsp. steigerwaltii JBEAAAD-19-0047","imipenem","","2","","2","mg/L","MIC","","","Beckman Coulter Inc","CLSI",2021,"","","","Laboratory Method","","[38052776]"
299766,"299766.267","Enterobacter hormaechei subsp. steigerwaltii JBAFAAB-19-0055","fosfomycin","","16","","16","mg/L","MIC","","","Beckman Coulter Inc","CLSI",2021,"","","","Laboratory Method","","[38052776]"
299766,"299766.271","Enterobacter hormaechei subsp. steigerwaltii JBAJAAJ-19-0001","trimethoprim/sulfamethoxazole","","<=1/19","<=","1/19","mg/L","MIC","","","Beckman Coulter Inc","CLSI",2021,"","","","Laboratory Method","","[38052776]"
299766,"299766.322","Enterobacter hormaechei subsp. steigerwaltii JBDGAAB-19-0032","ciprofloxacin","","1","","1","mg/L","MIC","","","Beckman Coulter Inc","CLSI",2021,"","","","Laboratory Method","","[38052776]"
299766,"299766.280","Enterobacter hormaechei subsp. steigerwaltii JBBCADC-19-0142","cefuroxime","",">32",">","32","mg/L","MIC","","","Beckman Coulter Inc","CLSI",2021,"","","","Laboratory Method","","[38052776]"
299766,"299766.267","Enterobacter hormaechei subsp. steigerwaltii JBAFAAB-19-0055","minocycline","","2","","2","mg/L","MIC","","","Beckman Coulter Inc","CLSI",2021,"","","","Laboratory Method","","[38052776]"
299766,"299766.308","Enterobacter hormaechei subsp. steigerwaltii JBBEABA-19-0025","minocycline","",">8",">","8","mg/L","MIC","","","Beckman Coulter Inc","CLSI",2021,"","","","Laboratory Method","","[38052776]"
299766,"299766.344","Enterobacter hormaechei subsp. steigerwaltii JBDJAAE-19-0102","cefotaxime/clavulanic acid","","32","","32","mg/L","MIC","","","Beckman Coulter Inc","CLSI",2021,"","","","Laboratory Method","","[38052776]"
299766,"299766.285","Enterobacter hormaechei subsp. steigerwaltii JBBDAAB-19-0061","trimethoprim/sulfamethoxazole","","<=1/19","<=","1/19","mg/L","MIC","","","Beckman Coulter Inc","CLSI",2021,"","","","Laboratory Method","","[38052776]"
299766,"299766.299","Enterobacter hormaechei subsp. steigerwaltii JBBDAGF-19-0016","piperacillin","","<=4","<=","4","mg/L","MIC","","","Beckman Coulter Inc","CLSI",2021,"","","","Laboratory Method","","[38052776]"
299766,"299766.289","Enterobacter hormaechei subsp. steigerwaltii JBBDAAF-19-0053","cefotaxime","",">128",">","128","mg/L","MIC","","","Beckman Coulter Inc","CLSI",2021,"","","","Laboratory Method","","[38052776]"
299766,"299766.283","Enterobacter hormaechei subsp. steigerwaltii JBBDAAB-19-0170","ceftriaxone","",">64",">","64","mg/L","MIC","","","Beckman Coulter Inc","CLSI",2021,"","","","Laboratory Method","","[38052776]"
299766,"299766.285","Enterobacter hormaechei subsp. steigerwaltii JBBDAAB-19-0061","levofloxacin","","<=0.5","<=","0.5","mg/L","MIC","","","Beckman Coulter Inc","CLSI",2021,"","","","Laboratory Method","","[38052776]"
299766,"299766.298","Enterobacter hormaechei subsp. steigerwaltii JBBDAGF-19-0017","doripenem","","<=0.5","<=","0.5","mg/L","MIC","","","Beckman Coulter Inc","CLSI",2021,"","","","Laboratory Method","","[38052776]"
299766,"299766.282","Enterobacter hormaechei subsp. steigerwaltii JBBCAEG-19-0003","cefotetan","",">32",">","32","mg/L","MIC","","","Beckman Coulter Inc","CLSI",2021,"","","","Laboratory Method","","[38052776]"
299766,"299766.291","Enterobacter hormaechei subsp. steigerwaltii JBBDAAF-19-0142","minocycline","","2","","2","mg/L","MIC","","","Beckman Coulter Inc","CLSI",2021,"","","","Laboratory Method","","[38052776]"
299766,"299766.340","Enterobacter hormaechei subsp. steigerwaltii JBEAACG-19-0081","cefuroxime","",">32",">","32","mg/L","MIC","","","Beckman Coulter Inc","CLSI",2021,"","","","Laboratory Method","","[38052776]"
299766,"299766.340","Enterobacter hormaechei subsp. steigerwaltii JBEAACG-19-0081","ampicillin/sulbactam","",">32/16",">","32/16","mg/L","MIC","","","Beckman Coulter Inc","CLSI",2021,"","","","Laboratory Method","","[38052776]"
299766,"299766.337","Enterobacter hormaechei subsp. steigerwaltii JBEDACG-19-0107","gentamicin","","<=1","<=","1","mg/L","MIC","","","Beckman Coulter Inc","CLSI",2021,"","","","Laboratory Method","","[38052776]"
299766,"299766.288","Enterobacter hormaechei subsp. steigerwaltii JBBDAAF-19-0049","ciprofloxacin","","<=0.25","<=","0.25","mg/L","MIC","","","Beckman Coulter Inc","CLSI",2021,"","","","Laboratory Method","","[38052776]"
299766,"299766.335","Enterobacter hormaechei subsp. steigerwaltii JBEBAAB-19-0102","fosfomycin","","16","","16","mg/L","MIC","","","Beckman Coulter Inc","CLSI",2021,"","","","Laboratory Method","","[38052776]"
299766,"299766.318","Enterobacter hormaechei subsp. steigerwaltii JBCHACG-19-0419","meropenem","","<=0.5","<=","0.5","mg/L","MIC","","","Beckman Coulter Inc","CLSI",2021,"","","","Laboratory Method","","[38052776]"
299766,"299766.306","Enterobacter hormaechei subsp. steigerwaltii JBBEAAJ-19-0008","colistin","","2","","2","mg/L","MIC","","","Beckman Coulter Inc","CLSI",2021,"","","","Laboratory Method","","[38052776]"
299766,"299766.302","Enterobacter hormaechei subsp. steigerwaltii JBBDAJB-19-0020","trimethoprim/sulfamethoxazole","","<=1/19","<=","1/19","mg/L","MIC","","","Beckman Coulter Inc","CLSI",2021,"","","","Laboratory Method","","[38052776]"
299766,"299766.342","Enterobacter hormaechei subsp. steigerwaltii JBEAAAD-19-0047","fosfomycin","","<=4","<=","4","mg/L","MIC","","","Beckman Coulter Inc","CLSI",2021,"","","","Laboratory Method","","[38052776]"
299766,"299766.265","Enterobacter hormaechei subsp. steigerwaltii JBABADI-19-0083","cefotetan","",">32",">","32","mg/L","MIC","","","Beckman Coulter Inc","CLSI",2021,"","","","Laboratory Method","","[38052776]"
299766,"299766.303","Enterobacter hormaechei subsp. steigerwaltii JBBDAJB-19-0014","tigecycline","","<=0.25","<=","0.25","mg/L","MIC","","","Beckman Coulter Inc","CLSI",2021,"","","","Laboratory Method","","[38052776]"
299766,"299766.267","Enterobacter hormaechei subsp. steigerwaltii JBAFAAB-19-0055","aztreonam","",">16",">","16","mg/L","MIC","","","Beckman Coulter Inc","CLSI",2021,"","","","Laboratory Method","","[38052776]"
299766,"299766.322","Enterobacter hormaechei subsp. steigerwaltii JBDGAAB-19-0032","meropenem","","<=0.5","<=","0.5","mg/L","MIC","","","Beckman Coulter Inc","CLSI",2021,"","","","Laboratory Method","","[38052776]"
299766,"299766.315","Enterobacter hormaechei subsp. steigerwaltii JBCGAAG-19-0534","imipenem","","<=0.5","<=","0.5","mg/L","MIC","","","Beckman Coulter Inc","CLSI",2021,"","","","Laboratory Method","","[38052776]"
299766,"299766.293","Enterobacter hormaechei subsp. steigerwaltii JBBDAAJ-19-0055","cefepime","","16","","16","mg/L","MIC","","","Beckman Coulter Inc","CLSI",2021,"","","","Laboratory Method","","[38052776]"
299766,"299766.311","Enterobacter hormaechei subsp. steigerwaltii JBBHAAB-19-0033","piperacillin/tazobactam","",">64",">","64","mg/L","MIC","","","Beckman Coulter Inc","CLSI",2021,"","","","Laboratory Method","","[38052776]"
299766,"299766.321","Enterobacter hormaechei subsp. steigerwaltii JBDDAAF-19-0084","doripenem","","<=0.5","<=","0.5","mg/L","MIC","","","Beckman Coulter Inc","CLSI",2021,"","","","Laboratory Method","","[38052776]"
299766,"299766.317","Enterobacter hormaechei subsp. steigerwaltii JBCHACG-19-0311","meropenem","","<=0.5","<=","0.5","mg/L","MIC","","","Beckman Coulter Inc","CLSI",2021,"","","","Laboratory Method","","[38052776]"
299766,"299766.338","Enterobacter hormaechei subsp. steigerwaltii JBEHAAB-19-0192","imipenem","","<=0.5","<=","0.5","mg/L","MIC","","","Beckman Coulter Inc","CLSI",2021,"","","","Laboratory Method","","[38052776]"
299766,"299766.344","Enterobacter hormaechei subsp. steigerwaltii JBDJAAE-19-0102","cefpodoxime","",">64",">","64","mg/L","MIC","","","Beckman Coulter Inc","CLSI",2021,"","","","Laboratory Method","","[38052776]"
299766,"299766.345","Enterobacter hormaechei subsp. steigerwaltii JBCBAAD-19-0112","cefpodoxime","",">64",">","64","mg/L","MIC","","","Beckman Coulter Inc","CLSI",2021,"","","","Laboratory Method","","[38052776]"
299766,"299766.265","Enterobacter hormaechei subsp. steigerwaltii JBABADI-19-0083","levofloxacin","","<=0.5","<=","0.5","mg/L","MIC","","","Beckman Coulter Inc","CLSI",2021,"","","","Laboratory Method","","[38052776]"
299766,"299766.344","Enterobacter hormaechei subsp. steigerwaltii JBDJAAE-19-0102","tigecycline","","1","","1","mg/L","MIC","","","Beckman Coulter Inc","CLSI",2021,"","","","Laboratory Method","","[38052776]"
299766,"299766.290","Enterobacter hormaechei subsp. steigerwaltii JBBDAAF-19-0070","cefotaxime","",">128",">","128","mg/L","MIC","","","Beckman Coulter Inc","CLSI",2021,"","","","Laboratory Method","","[38052776]"
299766,"299766.341","Enterobacter hormaechei subsp. steigerwaltii JBEAACG-19-0092","cefotaxime/clavulanic acid","",">32",">","32","mg/L","MIC","","","Beckman Coulter Inc","CLSI",2021,"","","","Laboratory Method","","[38052776]"
299766,"299766.327","Enterobacter hormaechei subsp. steigerwaltii JBEAACH-19-0275","ceftazidime","",">16",">","16","mg/L","MIC","","","Beckman Coulter Inc","CLSI",2021,"","","","Laboratory Method","","[38052776]"
299766,"299766.308","Enterobacter hormaechei subsp. steigerwaltii JBBEABA-19-0025","doripenem","","2","","2","mg/L","MIC","","","Beckman Coulter Inc","CLSI",2021,"","","","Laboratory Method","","[38052776]"
299766,"299766.316","Enterobacter hormaechei subsp. steigerwaltii JBCHAAE-19-0025","ceftriaxone","",">64",">","64","mg/L","MIC","","","Beckman Coulter Inc","CLSI",2021,"","","","Laboratory Method","","[38052776]"
299766,"299766.339","Enterobacter hormaechei subsp. steigerwaltii JBAGABE-19-0120","cefotaxime/clavulanic acid","",">32",">","32","mg/L","MIC","","","Beckman Coulter Inc","CLSI",2021,"","","","Laboratory Method","","[38052776]"
299766,"299766.274","Enterobacter hormaechei subsp. steigerwaltii JBBBAEF-19-0073","gentamicin","","<=1","<=","1","mg/L","MIC","","","Beckman Coulter Inc","CLSI",2021,"","","","Laboratory Method","","[38052776]"
299766,"299766.313","Enterobacter hormaechei subsp. steigerwaltii JBCDAAB-19-0062","cefmetazole","",">32",">","32","mg/L","MIC","","","Beckman Coulter Inc","CLSI",2021,"","","","Laboratory Method","","[38052776]"
299766,"299766.268","Enterobacter hormaechei subsp. steigerwaltii JBAGABE-19-0098","cefuroxime","",">32",">","32","mg/L","MIC","","","Beckman Coulter Inc","CLSI",2021,"","","","Laboratory Method","","[38052776]"
299766,"299766.325","Enterobacter hormaechei subsp. steigerwaltii JBDGAAB-19-0117","cefepime","","4","","4","mg/L","MIC","","","Beckman Coulter Inc","CLSI",2021,"","","","Laboratory Method","","[38052776]"
299766,"299766.305","Enterobacter hormaechei subsp. steigerwaltii JBBDAJB-19-0023","ceftazidime","",">16",">","16","mg/L","MIC","","","Beckman Coulter Inc","CLSI",2021,"","","","Laboratory Method","","[38052776]"
299766,"299766.326","Enterobacter hormaechei subsp. steigerwaltii JBEAACH-19-0177","gentamicin","","<=1","<=","1","mg/L","MIC","","","Beckman Coulter Inc","CLSI",2021,"","","","Laboratory Method","","[38052776]"
299766,"299766.285","Enterobacter hormaechei subsp. steigerwaltii JBBDAAB-19-0061","cefepime","","8","","8","mg/L","MIC","","","Beckman Coulter Inc","CLSI",2021,"","","","Laboratory Method","","[38052776]"
299766,"299766.274","Enterobacter hormaechei subsp. steigerwaltii JBBBAEF-19-0073","tobramycin","","4","","4","mg/L","MIC","","","Beckman Coulter Inc","CLSI",2021,"","","","Laboratory Method","","[38052776]"
299766,"299766.314","Enterobacter hormaechei subsp. steigerwaltii JBCDABA-19-0190","amikacin","","<=4","<=","4","mg/L","MIC","","","Beckman Coulter Inc","CLSI",2021,"","","","Laboratory Method","","[38052776]"
299766,"299766.274","Enterobacter hormaechei subsp. steigerwaltii JBBBAEF-19-0073","cefuroxime","",">32",">","32","mg/L","MIC","","","Beckman Coulter Inc","CLSI",2021,"","","","Laboratory Method","","[38052776]"
299766,"299766.301","Enterobacter hormaechei subsp. steigerwaltii JBBDAGF-19-0055","cefpodoxime","",">64",">","64","mg/L","MIC","","","Beckman Coulter Inc","CLSI",2021,"","","","Laboratory Method","","[38052776]"
299766,"299766.285","Enterobacter hormaechei subsp. steigerwaltii JBBDAAB-19-0061","piperacillin/tazobactam","","<=4","<=","4","mg/L","MIC","","","Beckman Coulter Inc","CLSI",2021,"","","","Laboratory Method","","[38052776]"
299766,"299766.315","Enterobacter hormaechei subsp. steigerwaltii JBCGAAG-19-0534","piperacillin","","64","","64","mg/L","MIC","","","Beckman Coulter Inc","CLSI",2021,"","","","Laboratory Method","","[38052776]"
299766,"299766.319","Enterobacter hormaechei subsp. steigerwaltii JBCHAFC-19-0064","meropenem","","<=0.5","<=","0.5","mg/L","MIC","","","Beckman Coulter Inc","CLSI",2021,"","","","Laboratory Method","","[38052776]"
299766,"299766.303","Enterobacter hormaechei subsp. steigerwaltii JBBDAJB-19-0014","colistin","","<=1","<=","1","mg/L","MIC","","","Beckman Coulter Inc","CLSI",2021,"","","","Laboratory Method","","[38052776]"
299766,"299766.320","Enterobacter hormaechei subsp. steigerwaltii JBCIAEJ-19-0013","cefmetazole","",">32",">","32","mg/L","MIC","","","Beckman Coulter Inc","CLSI",2021,"","","","Laboratory Method","","[38052776]"
299766,"299766.327","Enterobacter hormaechei subsp. steigerwaltii JBEAACH-19-0275","ciprofloxacin","","<=0.25","<=","0.25","mg/L","MIC","","","Beckman Coulter Inc","CLSI",2021,"","","","Laboratory Method","","[38052776]"
299766,"299766.284","Enterobacter hormaechei subsp. steigerwaltii JBBDAAB-19-0177","cefozopran","","16","","16","mg/L","MIC","","","Beckman Coulter Inc","CLSI",2021,"","","","Laboratory Method","","[38052776]"
299766,"299766.335","Enterobacter hormaechei subsp. steigerwaltii JBEBAAB-19-0102","meropenem","","4","","4","mg/L","MIC","","","Beckman Coulter Inc","CLSI",2021,"","","","Laboratory Method","","[38052776]"
299766,"299766.323","Enterobacter hormaechei subsp. steigerwaltii JBDGAAB-19-0063","minocycline","","2","","2","mg/L","MIC","","","Beckman Coulter Inc","CLSI",2021,"","","","Laboratory Method","","[38052776]"
299766,"299766.290","Enterobacter hormaechei subsp. steigerwaltii JBBDAAF-19-0070","cefuroxime","",">32",">","32","mg/L","MIC","","","Beckman Coulter Inc","CLSI",2021,"","","","Laboratory Method","","[38052776]"
299766,"299766.332","Enterobacter hormaechei subsp. steigerwaltii JBEAAEE-19-0140","imipenem","","2","","2","mg/L","MIC","","","Beckman Coulter Inc","CLSI",2021,"","","","Laboratory Method","","[38052776]"
299766,"299766.276","Enterobacter hormaechei subsp. steigerwaltii JBBCAAG-19-0002","levofloxacin","","<=0.5","<=","0.5","mg/L","MIC","","","Beckman Coulter Inc","CLSI",2021,"","","","Laboratory Method","","[38052776]"
299766,"299766.316","Enterobacter hormaechei subsp. steigerwaltii JBCHAAE-19-0025","cefmetazole","",">32",">","32","mg/L","MIC","","","Beckman Coulter Inc","CLSI",2021,"","","","Laboratory Method","","[38052776]"
299766,"299766.324","Enterobacter hormaechei subsp. steigerwaltii JBDGAAB-19-0118","colistin","","2","","2","mg/L","MIC","","","Beckman Coulter Inc","CLSI",2021,"","","","Laboratory Method","","[38052776]"
299766,"299766.279","Enterobacter hormaechei subsp. steigerwaltii JBBCADC-19-0002","minocycline","","8","","8","mg/L","MIC","","","Beckman Coulter Inc","CLSI",2021,"","","","Laboratory Method","","[38052776]"
299766,"299766.274","Enterobacter hormaechei subsp. steigerwaltii JBBBAEF-19-0073","trimethoprim/sulfamethoxazole","","<=1/19","<=","1/19","mg/L","MIC","","","Beckman Coulter Inc","CLSI",2021,"","","","Laboratory Method","","[38052776]"
299766,"299766.287","Enterobacter hormaechei subsp. steigerwaltii JBBDAAF-19-0018","amikacin","","<=4","<=","4","mg/L","MIC","","","Beckman Coulter Inc","CLSI",2021,"","","","Laboratory Method","","[38052776]"
299766,"299766.316","Enterobacter hormaechei subsp. steigerwaltii JBCHAAE-19-0025","trimethoprim/sulfamethoxazole","","<=1/19","<=","1/19","mg/L","MIC","","","Beckman Coulter Inc","CLSI",2021,"","","","Laboratory Method","","[38052776]"
299766,"299766.330","Enterobacter hormaechei subsp. steigerwaltii JBEAAEE-19-0050","cefuroxime","",">32",">","32","mg/L","MIC","","","Beckman Coulter Inc","CLSI",2021,"","","","Laboratory Method","","[38052776]"
299766,"299766.283","Enterobacter hormaechei subsp. steigerwaltii JBBDAAB-19-0170","cefozopran","",">16",">","16","mg/L","MIC","","","Beckman Coulter Inc","CLSI",2021,"","","","Laboratory Method","","[38052776]"
299766,"299766.265","Enterobacter hormaechei subsp. steigerwaltii JBABADI-19-0083","ceftriaxone","",">64",">","64","mg/L","MIC","","","Beckman Coulter Inc","CLSI",2021,"","","","Laboratory Method","","[38052776]"
299766,"299766.319","Enterobacter hormaechei subsp. steigerwaltii JBCHAFC-19-0064","gentamicin","","<=1","<=","1","mg/L","MIC","","","Beckman Coulter Inc","CLSI",2021,"","","","Laboratory Method","","[38052776]"
299766,"299766.345","Enterobacter hormaechei subsp. steigerwaltii JBCBAAD-19-0112","gentamicin","","<=1","<=","1","mg/L","MIC","","","Beckman Coulter Inc","CLSI",2021,"","","","Laboratory Method","","[38052776]"
299766,"299766.309","Enterobacter hormaechei subsp. steigerwaltii JBBEABG-19-0028","trimethoprim/sulfamethoxazole","","<=1/19","<=","1/19","mg/L","MIC","","","Beckman Coulter Inc","CLSI",2021,"","","","Laboratory Method","","[38052776]"
299766,"299766.331","Enterobacter hormaechei subsp. steigerwaltii JBEAAEE-19-0042","trimethoprim/sulfamethoxazole","","2/38","","2/38","mg/L","MIC","","","Beckman Coulter Inc","CLSI",2021,"","","","Laboratory Method","","[38052776]"
299766,"299766.269","Enterobacter hormaechei subsp. steigerwaltii JBAIAAD-19-0115","doripenem","","4","","4","mg/L","MIC","","","Beckman Coulter Inc","CLSI",2021,"","","","Laboratory Method","","[38052776]"
299766,"299766.293","Enterobacter hormaechei subsp. steigerwaltii JBBDAAJ-19-0055","gentamicin","","2","","2","mg/L","MIC","","","Beckman Coulter Inc","CLSI",2021,"","","","Laboratory Method","","[38052776]"
299766,"299766.298","Enterobacter hormaechei subsp. steigerwaltii JBBDAGF-19-0017","cefmetazole","",">32",">","32","mg/L","MIC","","","Beckman Coulter Inc","CLSI",2021,"","","","Laboratory Method","","[38052776]"
299766,"299766.326","Enterobacter hormaechei subsp. steigerwaltii JBEAACH-19-0177","tobramycin","","<=1","<=","1","mg/L","MIC","","","Beckman Coulter Inc","CLSI",2021,"","","","Laboratory Method","","[38052776]"
299766,"299766.337","Enterobacter hormaechei subsp. steigerwaltii JBEDACG-19-0107","doripenem","","<=0.5","<=","0.5","mg/L","MIC","","","Beckman Coulter Inc","CLSI",2021,"","","","Laboratory Method","","[38052776]"
299766,"299766.349","Enterobacter hormaechei subsp. steigerwaltii JBEAACG-19-0097","amikacin","","<=4","<=","4","mg/L","MIC","","","Beckman Coulter Inc","CLSI",2021,"","","","Laboratory Method","","[38052776]"
299766,"299766.292","Enterobacter hormaechei subsp. steigerwaltii JBBDAAJ-19-0051","ceftazidime","",">16",">","16","mg/L","MIC","","","Beckman Coulter Inc","CLSI",2021,"","","","Laboratory Method","","[38052776]"
299766,"299766.349","Enterobacter hormaechei subsp. steigerwaltii JBEAACG-19-0097","gentamicin","","4","","4","mg/L","MIC","","","Beckman Coulter Inc","CLSI",2021,"","","","Laboratory Method","","[38052776]"
299766,"299766.275","Enterobacter hormaechei subsp. steigerwaltii JBBCAAG-19-0001","gentamicin","","<=1","<=","1","mg/L","MIC","","","Beckman Coulter Inc","CLSI",2021,"","","","Laboratory Method","","[38052776]"
299766,"299766.326","Enterobacter hormaechei subsp. steigerwaltii JBEAACH-19-0177","cefoperazone/sulbactam","","<=8/4","<=","8/4","mg/L","MIC","","","Beckman Coulter Inc","CLSI",2021,"","","","Laboratory Method","","[38052776]"
299766,"299766.268","Enterobacter hormaechei subsp. steigerwaltii JBAGABE-19-0098","ceftazidime/clavulanic acid","",">32",">","32","mg/L","MIC","","","Beckman Coulter Inc","CLSI",2021,"","","","Laboratory Method","","[38052776]"
299766,"299766.307","Enterobacter hormaechei subsp. steigerwaltii JBBEAAJ-19-0005","chloramphenicol","","<=8","<=","8","mg/L","MIC","","","Beckman Coulter Inc","CLSI",2021,"","","","Laboratory Method","","[38052776]"
299766,"299766.278","Enterobacter hormaechei subsp. steigerwaltii JBBCAAG-19-0004","trimethoprim/sulfamethoxazole","","<=1/19","<=","1/19","mg/L","MIC","","","Beckman Coulter Inc","CLSI",2021,"","","","Laboratory Method","","[38052776]"
299766,"299766.278","Enterobacter hormaechei subsp. steigerwaltii JBBCAAG-19-0004","doripenem","","2","","2","mg/L","MIC","","","Beckman Coulter Inc","CLSI",2021,"","","","Laboratory Method","","[38052776]"
299766,"299766.330","Enterobacter hormaechei subsp. steigerwaltii JBEAAEE-19-0050","aztreonam","",">16",">","16","mg/L","MIC","","","Beckman Coulter Inc","CLSI",2021,"","","","Laboratory Method","","[38052776]"
299766,"299766.273","Enterobacter hormaechei subsp. steigerwaltii JBBBAAB-19-0139","cefoperazone/sulbactam","",">32/16",">","32/16","mg/L","MIC","","","Beckman Coulter Inc","CLSI",2021,"","","","Laboratory Method","","[38052776]"
299766,"299766.277","Enterobacter hormaechei subsp. steigerwaltii JBBCAAG-19-0003","gentamicin","","2","","2","mg/L","MIC","","","Beckman Coulter Inc","CLSI",2021,"","","","Laboratory Method","","[38052776]"
299766,"299766.343","Enterobacter hormaechei subsp. steigerwaltii JBCDACH-19-0001","cefepime","","<=1","<=","1","mg/L","MIC","","","Beckman Coulter Inc","CLSI",2021,"","","","Laboratory Method","","[38052776]"
299766,"299766.301","Enterobacter hormaechei subsp. steigerwaltii JBBDAGF-19-0055","cefotaxime/clavulanic acid","",">32",">","32","mg/L","MIC","","","Beckman Coulter Inc","CLSI",2021,"","","","Laboratory Method","","[38052776]"
299766,"299766.294","Enterobacter hormaechei subsp. steigerwaltii JBBDABA-19-0004","meropenem","","8","","8","mg/L","MIC","","","Beckman Coulter Inc","CLSI",2021,"","","","Laboratory Method","","[38052776]"
299766,"299766.337","Enterobacter hormaechei subsp. steigerwaltii JBEDACG-19-0107","piperacillin/tazobactam","",">64",">","64","mg/L","MIC","","","Beckman Coulter Inc","CLSI",2021,"","","","Laboratory Method","","[38052776]"
299766,"299766.348","Enterobacter hormaechei subsp. steigerwaltii JBBBAAB-19-0014","cefotetan","",">32",">","32","mg/L","MIC","","","Beckman Coulter Inc","CLSI",2021,"","","","Laboratory Method","","[38052776]"
299766,"299766.286","Enterobacter hormaechei subsp. steigerwaltii JBBDAAB-19-0067","cefoperazone/sulbactam","",">32/16",">","32/16","mg/L","MIC","","","Beckman Coulter Inc","CLSI",2021,"","","","Laboratory Method","","[38052776]"
299766,"299766.278","Enterobacter hormaechei subsp. steigerwaltii JBBCAAG-19-0004","colistin","","<=1","<=","1","mg/L","MIC","","","Beckman Coulter Inc","CLSI",2021,"","","","Laboratory Method","","[38052776]"
299766,"299766.283","Enterobacter hormaechei subsp. steigerwaltii JBBDAAB-19-0170","ampicillin/sulbactam","",">32/16",">","32/16","mg/L","MIC","","","Beckman Coulter Inc","CLSI",2021,"","","","Laboratory Method","","[38052776]"
299766,"299766.327","Enterobacter hormaechei subsp. steigerwaltii JBEAACH-19-0275","cefuroxime","",">32",">","32","mg/L","MIC","","","Beckman Coulter Inc","CLSI",2021,"","","","Laboratory Method","","[38052776]"
299766,"299766.344","Enterobacter hormaechei subsp. steigerwaltii JBDJAAE-19-0102","piperacillin/tazobactam","","<=4","<=","4","mg/L","MIC","","","Beckman Coulter Inc","CLSI",2021,"","","","Laboratory Method","","[38052776]"
299766,"299766.269","Enterobacter hormaechei subsp. steigerwaltii JBAIAAD-19-0115","cefepime","",">16",">","16","mg/L","MIC","","","Beckman Coulter Inc","CLSI",2021,"","","","Laboratory Method","","[38052776]"
299766,"299766.284","Enterobacter hormaechei subsp. steigerwaltii JBBDAAB-19-0177","minocycline","",">8",">","8","mg/L","MIC","","","Beckman Coulter Inc","CLSI",2021,"","","","Laboratory Method","","[38052776]"
299766,"299766.269","Enterobacter hormaechei subsp. steigerwaltii JBAIAAD-19-0115","ceftazidime","",">16",">","16","mg/L","MIC","","","Beckman Coulter Inc","CLSI",2021,"","","","Laboratory Method","","[38052776]"
299766,"299766.274","Enterobacter hormaechei subsp. steigerwaltii JBBBAEF-19-0073","fosfomycin","",">16",">","16","mg/L","MIC","","","Beckman Coulter Inc","CLSI",2021,"","","","Laboratory Method","","[38052776]"
299766,"299766.277","Enterobacter hormaechei subsp. steigerwaltii JBBCAAG-19-0003","cefmetazole","",">32",">","32","mg/L","MIC","","","Beckman Coulter Inc","CLSI",2021,"","","","Laboratory Method","","[38052776]"
299766,"299766.270","Enterobacter hormaechei subsp. steigerwaltii JBAJAAH-19-0047","cefepime","","16","","16","mg/L","MIC","","","Beckman Coulter Inc","CLSI",2021,"","","","Laboratory Method","","[38052776]"
299766,"299766.343","Enterobacter hormaechei subsp. steigerwaltii JBCDACH-19-0001","aztreonam","","<=1","<=","1","mg/L","MIC","","","Beckman Coulter Inc","CLSI",2021,"","","","Laboratory Method","","[38052776]"
299766,"299766.265","Enterobacter hormaechei subsp. steigerwaltii JBABADI-19-0083","ceftazidime/clavulanic acid","",">32",">","32","mg/L","MIC","","","Beckman Coulter Inc","CLSI",2021,"","","","Laboratory Method","","[38052776]"
299766,"299766.316","Enterobacter hormaechei subsp. steigerwaltii JBCHAAE-19-0025","gentamicin","","<=1","<=","1","mg/L","MIC","","","Beckman Coulter Inc","CLSI",2021,"","","","Laboratory Method","","[38052776]"
299766,"299766.297","Enterobacter hormaechei subsp. steigerwaltii JBBDAFG-19-0124","levofloxacin","","2","","2","mg/L","MIC","","","Beckman Coulter Inc","CLSI",2021,"","","","Laboratory Method","","[38052776]"
299766,"299766.277","Enterobacter hormaechei subsp. steigerwaltii JBBCAAG-19-0003","meropenem","","4","","4","mg/L","MIC","","","Beckman Coulter Inc","CLSI",2021,"","","","Laboratory Method","","[38052776]"
299766,"299766.281","Enterobacter hormaechei subsp. steigerwaltii JBBCADC-19-0145","colistin","","4","","4","mg/L","MIC","","","Beckman Coulter Inc","CLSI",2021,"","","","Laboratory Method","","[38052776]"
299766,"299766.271","Enterobacter hormaechei subsp. steigerwaltii JBAJAAJ-19-0001","cefotaxime/clavulanic acid","",">32",">","32","mg/L","MIC","","","Beckman Coulter Inc","CLSI",2021,"","","","Laboratory Method","","[38052776]"
299766,"299766.330","Enterobacter hormaechei subsp. steigerwaltii JBEAAEE-19-0050","ceftazidime/clavulanic acid","",">32",">","32","mg/L","MIC","","","Beckman Coulter Inc","CLSI",2021,"","","","Laboratory Method","","[38052776]"
299766,"299766.328","Enterobacter hormaechei subsp. steigerwaltii JBEAAEE-19-0001","chloramphenicol","","<=8","<=","8","mg/L","MIC","","","Beckman Coulter Inc","CLSI",2021,"","","","Laboratory Method","","[38052776]"
299766,"299766.302","Enterobacter hormaechei subsp. steigerwaltii JBBDAJB-19-0020","piperacillin/tazobactam","","<=4","<=","4","mg/L","MIC","","","Beckman Coulter Inc","CLSI",2021,"","","","Laboratory Method","","[38052776]"
299766,"299766.287","Enterobacter hormaechei subsp. steigerwaltii JBBDAAF-19-0018","levofloxacin","","<=0.5","<=","0.5","mg/L","MIC","","","Beckman Coulter Inc","CLSI",2021,"","","","Laboratory Method","","[38052776]"
299766,"299766.315","Enterobacter hormaechei subsp. steigerwaltii JBCGAAG-19-0534","cefpodoxime","",">64",">","64","mg/L","MIC","","","Beckman Coulter Inc","CLSI",2021,"","","","Laboratory Method","","[38052776]"
299766,"299766.343","Enterobacter hormaechei subsp. steigerwaltii JBCDACH-19-0001","ceftazidime","","8","","8","mg/L","MIC","","","Beckman Coulter Inc","CLSI",2021,"","","","Laboratory Method","","[38052776]"
299766,"299766.274","Enterobacter hormaechei subsp. steigerwaltii JBBBAEF-19-0073","cefotaxime/clavulanic acid","",">32",">","32","mg/L","MIC","","","Beckman Coulter Inc","CLSI",2021,"","","","Laboratory Method","","[38052776]"
299766,"299766.297","Enterobacter hormaechei subsp. steigerwaltii JBBDAFG-19-0124","amikacin","","<=4","<=","4","mg/L","MIC","","","Beckman Coulter Inc","CLSI",2021,"","","","Laboratory Method","","[38052776]"
299766,"299766.275","Enterobacter hormaechei subsp. steigerwaltii JBBCAAG-19-0001","cefpodoxime","",">64",">","64","mg/L","MIC","","","Beckman Coulter Inc","CLSI",2021,"","","","Laboratory Method","","[38052776]"
299766,"299766.303","Enterobacter hormaechei subsp. steigerwaltii JBBDAJB-19-0014","fosfomycin","","<=4","<=","4","mg/L","MIC","","","Beckman Coulter Inc","CLSI",2021,"","","","Laboratory Method","","[38052776]"
299766,"299766.349","Enterobacter hormaechei subsp. steigerwaltii JBEAACG-19-0097","aztreonam","",">16",">","16","mg/L","MIC","","","Beckman Coulter Inc","CLSI",2021,"","","","Laboratory Method","","[38052776]"
299766,"299766.276","Enterobacter hormaechei subsp. steigerwaltii JBBCAAG-19-0002","cefoperazone/sulbactam","",">32/16",">","32/16","mg/L","MIC","","","Beckman Coulter Inc","CLSI",2021,"","","","Laboratory Method","","[38052776]"
299766,"299766.290","Enterobacter hormaechei subsp. steigerwaltii JBBDAAF-19-0070","trimethoprim/sulfamethoxazole","","<=1/19","<=","1/19","mg/L","MIC","","","Beckman Coulter Inc","CLSI",2021,"","","","Laboratory Method","","[38052776]"
299766,"299766.295","Enterobacter hormaechei subsp. steigerwaltii JBBDABE-19-0091","piperacillin","","16","","16","mg/L","MIC","","","Beckman Coulter Inc","CLSI",2021,"","","","Laboratory Method","","[38052776]"
299766,"299766.272","Enterobacter hormaechei subsp. steigerwaltii JBBBAAB-19-0138","ceftriaxone","",">64",">","64","mg/L","MIC","","","Beckman Coulter Inc","CLSI",2021,"","","","Laboratory Method","","[38052776]"
299766,"299766.315","Enterobacter hormaechei subsp. steigerwaltii JBCGAAG-19-0534","cefotetan","",">32",">","32","mg/L","MIC","","","Beckman Coulter Inc","CLSI",2021,"","","","Laboratory Method","","[38052776]"
299766,"299766.319","Enterobacter hormaechei subsp. steigerwaltii JBCHAFC-19-0064","cefotaxime/clavulanic acid","",">32",">","32","mg/L","MIC","","","Beckman Coulter Inc","CLSI",2021,"","","","Laboratory Method","","[38052776]"
299766,"299766.335","Enterobacter hormaechei subsp. steigerwaltii JBEBAAB-19-0102","ciprofloxacin","","4","","4","mg/L","MIC","","","Beckman Coulter Inc","CLSI",2021,"","","","Laboratory Method","","[38052776]"
299766,"299766.319","Enterobacter hormaechei subsp. steigerwaltii JBCHAFC-19-0064","tobramycin","","<=1","<=","1","mg/L","MIC","","","Beckman Coulter Inc","CLSI",2021,"","","","Laboratory Method","","[38052776]"
299766,"299766.292","Enterobacter hormaechei subsp. steigerwaltii JBBDAAJ-19-0051","piperacillin","",">64",">","64","mg/L","MIC","","","Beckman Coulter Inc","CLSI",2021,"","","","Laboratory Method","","[38052776]"
299766,"299766.333","Enterobacter hormaechei subsp. steigerwaltii JBEAAEE-19-0141","cefoperazone/sulbactam","",">32/16",">","32/16","mg/L","MIC","","","Beckman Coulter Inc","CLSI",2021,"","","","Laboratory Method","","[38052776]"
299766,"299766.332","Enterobacter hormaechei subsp. steigerwaltii JBEAAEE-19-0140","cefotetan","",">32",">","32","mg/L","MIC","","","Beckman Coulter Inc","CLSI",2021,"","","","Laboratory Method","","[38052776]"
299766,"299766.294","Enterobacter hormaechei subsp. steigerwaltii JBBDABA-19-0004","minocycline","","4","","4","mg/L","MIC","","","Beckman Coulter Inc","CLSI",2021,"","","","Laboratory Method","","[38052776]"
299766,"299766.270","Enterobacter hormaechei subsp. steigerwaltii JBAJAAH-19-0047","piperacillin","",">64",">","64","mg/L","MIC","","","Beckman Coulter Inc","CLSI",2021,"","","","Laboratory Method","","[38052776]"
299766,"299766.273","Enterobacter hormaechei subsp. steigerwaltii JBBBAAB-19-0139","ceftazidime","",">16",">","16","mg/L","MIC","","","Beckman Coulter Inc","CLSI",2021,"","","","Laboratory Method","","[38052776]"
299766,"299766.296","Enterobacter hormaechei subsp. steigerwaltii JBBDADH-19-0027","ampicillin/sulbactam","",">32/16",">","32/16","mg/L","MIC","","","Beckman Coulter Inc","CLSI",2021,"","","","Laboratory Method","","[38052776]"
299766,"299766.324","Enterobacter hormaechei subsp. steigerwaltii JBDGAAB-19-0118","meropenem","","<=0.5","<=","0.5","mg/L","MIC","","","Beckman Coulter Inc","CLSI",2021,"","","","Laboratory Method","","[38052776]"
299766,"299766.319","Enterobacter hormaechei subsp. steigerwaltii JBCHAFC-19-0064","ampicillin/sulbactam","",">32/16",">","32/16","mg/L","MIC","","","Beckman Coulter Inc","CLSI",2021,"","","","Laboratory Method","","[38052776]"
299766,"299766.274","Enterobacter hormaechei subsp. steigerwaltii JBBBAEF-19-0073","cefoperazone/sulbactam","",">32/16",">","32/16","mg/L","MIC","","","Beckman Coulter Inc","CLSI",2021,"","","","Laboratory Method","","[38052776]"
299766,"299766.274","Enterobacter hormaechei subsp. steigerwaltii JBBBAEF-19-0073","tigecycline","","1","","1","mg/L","MIC","","","Beckman Coulter Inc","CLSI",2021,"","","","Laboratory Method","","[38052776]"
299766,"299766.340","Enterobacter hormaechei subsp. steigerwaltii JBEAACG-19-0081","ceftazidime/clavulanic acid","",">32",">","32","mg/L","MIC","","","Beckman Coulter Inc","CLSI",2021,"","","","Laboratory Method","","[38052776]"
299766,"299766.324","Enterobacter hormaechei subsp. steigerwaltii JBDGAAB-19-0118","ceftriaxone","","<=0.5","<=","0.5","mg/L","MIC","","","Beckman Coulter Inc","CLSI",2021,"","","","Laboratory Method","","[38052776]"
299766,"299766.303","Enterobacter hormaechei subsp. steigerwaltii JBBDAJB-19-0014","cefozopran","",">16",">","16","mg/L","MIC","","","Beckman Coulter Inc","CLSI",2021,"","","","Laboratory Method","","[38052776]"
299766,"299766.349","Enterobacter hormaechei subsp. steigerwaltii JBEAACG-19-0097","ceftazidime","",">16",">","16","mg/L","MIC","","","Beckman Coulter Inc","CLSI",2021,"","","","Laboratory Method","","[38052776]"
299766,"299766.306","Enterobacter hormaechei subsp. steigerwaltii JBBEAAJ-19-0008","chloramphenicol","","<=8","<=","8","mg/L","MIC","","","Beckman Coulter Inc","CLSI",2021,"","","","Laboratory Method","","[38052776]"
299766,"299766.306","Enterobacter hormaechei subsp. steigerwaltii JBBEAAJ-19-0008","ciprofloxacin","","<=0.25","<=","0.25","mg/L","MIC","","","Beckman Coulter Inc","CLSI",2021,"","","","Laboratory Method","","[38052776]"
299766,"299766.280","Enterobacter hormaechei subsp. steigerwaltii JBBCADC-19-0142","meropenem","","4","","4","mg/L","MIC","","","Beckman Coulter Inc","CLSI",2021,"","","","Laboratory Method","","[38052776]"
299766,"299766.349","Enterobacter hormaechei subsp. steigerwaltii JBEAACG-19-0097","doripenem","","2","","2","mg/L","MIC","","","Beckman Coulter Inc","CLSI",2021,"","","","Laboratory Method","","[38052776]"
299766,"299766.325","Enterobacter hormaechei subsp. steigerwaltii JBDGAAB-19-0117","ampicillin/sulbactam","",">32/16",">","32/16","mg/L","MIC","","","Beckman Coulter Inc","CLSI",2021,"","","","Laboratory Method","","[38052776]"
299766,"299766.336","Enterobacter hormaechei subsp. steigerwaltii JBEDACG-19-0108","piperacillin","",">64",">","64","mg/L","MIC","","","Beckman Coulter Inc","CLSI",2021,"","","","Laboratory Method","","[38052776]"
299766,"299766.322","Enterobacter hormaechei subsp. steigerwaltii JBDGAAB-19-0032","tobramycin","","<=1","<=","1","mg/L","MIC","","","Beckman Coulter Inc","CLSI",2021,"","","","Laboratory Method","","[38052776]"
299766,"299766.310","Enterobacter hormaechei subsp. steigerwaltii JBBGAAF-19-0022","cefuroxime","",">32",">","32","mg/L","MIC","","","Beckman Coulter Inc","CLSI",2021,"","","","Laboratory Method","","[38052776]"
299766,"299766.282","Enterobacter hormaechei subsp. steigerwaltii JBBCAEG-19-0003","cefmetazole","",">32",">","32","mg/L","MIC","","","Beckman Coulter Inc","CLSI",2021,"","","","Laboratory Method","","[38052776]"
299766,"299766.277","Enterobacter hormaechei subsp. steigerwaltii JBBCAAG-19-0003","cefpodoxime","",">64",">","64","mg/L","MIC","","","Beckman Coulter Inc","CLSI",2021,"","","","Laboratory Method","","[38052776]"
299766,"299766.294","Enterobacter hormaechei subsp. steigerwaltii JBBDABA-19-0004","amikacin","","<=4","<=","4","mg/L","MIC","","","Beckman Coulter Inc","CLSI",2021,"","","","Laboratory Method","","[38052776]"
299766,"299766.314","Enterobacter hormaechei subsp. steigerwaltii JBCDABA-19-0190","minocycline","","2","","2","mg/L","MIC","","","Beckman Coulter Inc","CLSI",2021,"","","","Laboratory Method","","[38052776]"
299766,"299766.290","Enterobacter hormaechei subsp. steigerwaltii JBBDAAF-19-0070","tobramycin","","<=1","<=","1","mg/L","MIC","","","Beckman Coulter Inc","CLSI",2021,"","","","Laboratory Method","","[38052776]"
299766,"299766.288","Enterobacter hormaechei subsp. steigerwaltii JBBDAAF-19-0049","cefpodoxime","",">64",">","64","mg/L","MIC","","","Beckman Coulter Inc","CLSI",2021,"","","","Laboratory Method","","[38052776]"
299766,"299766.324","Enterobacter hormaechei subsp. steigerwaltii JBDGAAB-19-0118","doripenem","","<=0.5","<=","0.5","mg/L","MIC","","","Beckman Coulter Inc","CLSI",2021,"","","","Laboratory Method","","[38052776]"
299766,"299766.336","Enterobacter hormaechei subsp. steigerwaltii JBEDACG-19-0108","tobramycin","","<=1","<=","1","mg/L","MIC","","","Beckman Coulter Inc","CLSI",2021,"","","","Laboratory Method","","[38052776]"
299766,"299766.299","Enterobacter hormaechei subsp. steigerwaltii JBBDAGF-19-0016","ceftazidime","","<=1","<=","1","mg/L","MIC","","","Beckman Coulter Inc","CLSI",2021,"","","","Laboratory Method","","[38052776]"
299766,"299766.347","Enterobacter hormaechei subsp. steigerwaltii JBDJAAE-19-0094","cefpodoxime","",">64",">","64","mg/L","MIC","","","Beckman Coulter Inc","CLSI",2021,"","","","Laboratory Method","","[38052776]"
299766,"299766.296","Enterobacter hormaechei subsp. steigerwaltii JBBDADH-19-0027","aztreonam","","<=1","<=","1","mg/L","MIC","","","Beckman Coulter Inc","CLSI",2021,"","","","Laboratory Method","","[38052776]"
299766,"299766.321","Enterobacter hormaechei subsp. steigerwaltii JBDDAAF-19-0084","cefepime","","4","","4","mg/L","MIC","","","Beckman Coulter Inc","CLSI",2021,"","","","Laboratory Method","","[38052776]"
299766,"299766.318","Enterobacter hormaechei subsp. steigerwaltii JBCHACG-19-0419","cefotaxime/clavulanic acid","",">32",">","32","mg/L","MIC","","","Beckman Coulter Inc","CLSI",2021,"","","","Laboratory Method","","[38052776]"
299766,"299766.269","Enterobacter hormaechei subsp. steigerwaltii JBAIAAD-19-0115","cefpodoxime","",">64",">","64","mg/L","MIC","","","Beckman Coulter Inc","CLSI",2021,"","","","Laboratory Method","","[38052776]"
299766,"299766.311","Enterobacter hormaechei subsp. steigerwaltii JBBHAAB-19-0033","amikacin","","<=4","<=","4","mg/L","MIC","","","Beckman Coulter Inc","CLSI",2021,"","","","Laboratory Method","","[38052776]"
299766,"299766.301","Enterobacter hormaechei subsp. steigerwaltii JBBDAGF-19-0055","tigecycline","","1","","1","mg/L","MIC","","","Beckman Coulter Inc","CLSI",2021,"","","","Laboratory Method","","[38052776]"
299766,"299766.322","Enterobacter hormaechei subsp. steigerwaltii JBDGAAB-19-0032","ampicillin/sulbactam","","8/4","","8/4","mg/L","MIC","","","Beckman Coulter Inc","CLSI",2021,"","","","Laboratory Method","","[38052776]"
299766,"299766.307","Enterobacter hormaechei subsp. steigerwaltii JBBEAAJ-19-0005","minocycline","","2","","2","mg/L","MIC","","","Beckman Coulter Inc","CLSI",2021,"","","","Laboratory Method","","[38052776]"
299766,"299766.326","Enterobacter hormaechei subsp. steigerwaltii JBEAACH-19-0177","ciprofloxacin","","<=0.25","<=","0.25","mg/L","MIC","","","Beckman Coulter Inc","CLSI",2021,"","","","Laboratory Method","","[38052776]"
299766,"299766.272","Enterobacter hormaechei subsp. steigerwaltii JBBBAAB-19-0138","fosfomycin","","<=4","<=","4","mg/L","MIC","","","Beckman Coulter Inc","CLSI",2021,"","","","Laboratory Method","","[38052776]"
299766,"299766.267","Enterobacter hormaechei subsp. steigerwaltii JBAFAAB-19-0055","cefozopran","",">16",">","16","mg/L","MIC","","","Beckman Coulter Inc","CLSI",2021,"","","","Laboratory Method","","[38052776]"
299766,"299766.286","Enterobacter hormaechei subsp. steigerwaltii JBBDAAB-19-0067","cefpodoxime","",">64",">","64","mg/L","MIC","","","Beckman Coulter Inc","CLSI",2021,"","","","Laboratory Method","","[38052776]"
299766,"299766.271","Enterobacter hormaechei subsp. steigerwaltii JBAJAAJ-19-0001","ceftriaxone","",">64",">","64","mg/L","MIC","","","Beckman Coulter Inc","CLSI",2021,"","","","Laboratory Method","","[38052776]"
299766,"299766.290","Enterobacter hormaechei subsp. steigerwaltii JBBDAAF-19-0070","levofloxacin","","<=0.5","<=","0.5","mg/L","MIC","","","Beckman Coulter Inc","CLSI",2021,"","","","Laboratory Method","","[38052776]"
299766,"299766.301","Enterobacter hormaechei subsp. steigerwaltii JBBDAGF-19-0055","doripenem","",">8",">","8","mg/L","MIC","","","Beckman Coulter Inc","CLSI",2021,"","","","Laboratory Method","","[38052776]"
299766,"299766.266","Enterobacter hormaechei subsp. steigerwaltii JBABADI-19-0091","ampicillin/sulbactam","",">32/16",">","32/16","mg/L","MIC","","","Beckman Coulter Inc","CLSI",2021,"","","","Laboratory Method","","[38052776]"
299766,"299766.323","Enterobacter hormaechei subsp. steigerwaltii JBDGAAB-19-0063","ceftazidime/clavulanic acid","","1","","1","mg/L","MIC","","","Beckman Coulter Inc","CLSI",2021,"","","","Laboratory Method","","[38052776]"
299766,"299766.330","Enterobacter hormaechei subsp. steigerwaltii JBEAAEE-19-0050","levofloxacin","","2","","2","mg/L","MIC","","","Beckman Coulter Inc","CLSI",2021,"","","","Laboratory Method","","[38052776]"
299766,"299766.303","Enterobacter hormaechei subsp. steigerwaltii JBBDAJB-19-0014","ampicillin/sulbactam","",">32/16",">","32/16","mg/L","MIC","","","Beckman Coulter Inc","CLSI",2021,"","","","Laboratory Method","","[38052776]"
299766,"299766.346","Enterobacter hormaechei subsp. steigerwaltii JBCBAAD-19-0109","gentamicin","","<=1","<=","1","mg/L","MIC","","","Beckman Coulter Inc","CLSI",2021,"","","","Laboratory Method","","[38052776]"
299766,"299766.280","Enterobacter hormaechei subsp. steigerwaltii JBBCADC-19-0142","ciprofloxacin","","1","","1","mg/L","MIC","","","Beckman Coulter Inc","CLSI",2021,"","","","Laboratory Method","","[38052776]"
299766,"299766.337","Enterobacter hormaechei subsp. steigerwaltii JBEDACG-19-0107","meropenem","","1","","1","mg/L","MIC","","","Beckman Coulter Inc","CLSI",2021,"","","","Laboratory Method","","[38052776]"
299766,"299766.282","Enterobacter hormaechei subsp. steigerwaltii JBBCAEG-19-0003","piperacillin/tazobactam","","8","","8","mg/L","MIC","","","Beckman Coulter Inc","CLSI",2021,"","","","Laboratory Method","","[38052776]"
299766,"299766.282","Enterobacter hormaechei subsp. steigerwaltii JBBCAEG-19-0003","amikacin","","<=4","<=","4","mg/L","MIC","","","Beckman Coulter Inc","CLSI",2021,"","","","Laboratory Method","","[38052776]"
299766,"299766.291","Enterobacter hormaechei subsp. steigerwaltii JBBDAAF-19-0142","cefozopran","","16","","16","mg/L","MIC","","","Beckman Coulter Inc","CLSI",2021,"","","","Laboratory Method","","[38052776]"
299766,"299766.299","Enterobacter hormaechei subsp. steigerwaltii JBBDAGF-19-0016","meropenem","","<=0.5","<=","0.5","mg/L","MIC","","","Beckman Coulter Inc","CLSI",2021,"","","","Laboratory Method","","[38052776]"
299766,"299766.327","Enterobacter hormaechei subsp. steigerwaltii JBEAACH-19-0275","doripenem","","<=0.5","<=","0.5","mg/L","MIC","","","Beckman Coulter Inc","CLSI",2021,"","","","Laboratory Method","","[38052776]"
299766,"299766.296","Enterobacter hormaechei subsp. steigerwaltii JBBDADH-19-0027","amikacin","","<=4","<=","4","mg/L","MIC","","","Beckman Coulter Inc","CLSI",2021,"","","","Laboratory Method","","[38052776]"
299766,"299766.331","Enterobacter hormaechei subsp. steigerwaltii JBEAAEE-19-0042","colistin","","<=1","<=","1","mg/L","MIC","","","Beckman Coulter Inc","CLSI",2021,"","","","Laboratory Method","","[38052776]"
299766,"299766.345","Enterobacter hormaechei subsp. steigerwaltii JBCBAAD-19-0112","piperacillin/tazobactam","","<=4","<=","4","mg/L","MIC","","","Beckman Coulter Inc","CLSI",2021,"","","","Laboratory Method","","[38052776]"
299766,"299766.343","Enterobacter hormaechei subsp. steigerwaltii JBCDACH-19-0001","cefuroxime","",">32",">","32","mg/L","MIC","","","Beckman Coulter Inc","CLSI",2021,"","","","Laboratory Method","","[38052776]"
299766,"299766.283","Enterobacter hormaechei subsp. steigerwaltii JBBDAAB-19-0170","tigecycline","","<=0.25","<=","0.25","mg/L","MIC","","","Beckman Coulter Inc","CLSI",2021,"","","","Laboratory Method","","[38052776]"
299766,"299766.293","Enterobacter hormaechei subsp. steigerwaltii JBBDAAJ-19-0055","fosfomycin","","16","","16","mg/L","MIC","","","Beckman Coulter Inc","CLSI",2021,"","","","Laboratory Method","","[38052776]"
299766,"299766.334","Enterobacter hormaechei subsp. steigerwaltii JBEAAFA-19-0408","levofloxacin","","<=0.5","<=","0.5","mg/L","MIC","","","Beckman Coulter Inc","CLSI",2021,"","","","Laboratory Method","","[38052776]"
299766,"299766.312","Enterobacter hormaechei subsp. steigerwaltii JBCBAAJ-19-0100","cefoperazone/sulbactam","",">32/16",">","32/16","mg/L","MIC","","","Beckman Coulter Inc","CLSI",2021,"","","","Laboratory Method","","[38052776]"
299766,"299766.336","Enterobacter hormaechei subsp. steigerwaltii JBEDACG-19-0108","cefmetazole","",">32",">","32","mg/L","MIC","","","Beckman Coulter Inc","CLSI",2021,"","","","Laboratory Method","","[38052776]"
299766,"299766.269","Enterobacter hormaechei subsp. steigerwaltii JBAIAAD-19-0115","levofloxacin","","<=0.5","<=","0.5","mg/L","MIC","","","Beckman Coulter Inc","CLSI",2021,"","","","Laboratory Method","","[38052776]"
299766,"299766.294","Enterobacter hormaechei subsp. steigerwaltii JBBDABA-19-0004","cefozopran","",">16",">","16","mg/L","MIC","","","Beckman Coulter Inc","CLSI",2021,"","","","Laboratory Method","","[38052776]"
299766,"299766.318","Enterobacter hormaechei subsp. steigerwaltii JBCHACG-19-0419","cefepime","","2","","2","mg/L","MIC","","","Beckman Coulter Inc","CLSI",2021,"","","","Laboratory Method","","[38052776]"
299766,"299766.309","Enterobacter hormaechei subsp. steigerwaltii JBBEABG-19-0028","piperacillin","","8","","8","mg/L","MIC","","","Beckman Coulter Inc","CLSI",2021,"","","","Laboratory Method","","[38052776]"
299766,"299766.287","Enterobacter hormaechei subsp. steigerwaltii JBBDAAF-19-0018","minocycline","",">8",">","8","mg/L","MIC","","","Beckman Coulter Inc","CLSI",2021,"","","","Laboratory Method","","[38052776]"
299766,"299766.339","Enterobacter hormaechei subsp. steigerwaltii JBAGABE-19-0120","cefuroxime","",">32",">","32","mg/L","MIC","","","Beckman Coulter Inc","CLSI",2021,"","","","Laboratory Method","","[38052776]"
299766,"299766.293","Enterobacter hormaechei subsp. steigerwaltii JBBDAAJ-19-0055","ampicillin/sulbactam","",">32/16",">","32/16","mg/L","MIC","","","Beckman Coulter Inc","CLSI",2021,"","","","Laboratory Method","","[38052776]"
299766,"299766.337","Enterobacter hormaechei subsp. steigerwaltii JBEDACG-19-0107","aztreonam","",">16",">","16","mg/L","MIC","","","Beckman Coulter Inc","CLSI",2021,"","","","Laboratory Method","","[38052776]"
299766,"299766.288","Enterobacter hormaechei subsp. steigerwaltii JBBDAAF-19-0049","gentamicin","","<=1","<=","1","mg/L","MIC","","","Beckman Coulter Inc","CLSI",2021,"","","","Laboratory Method","","[38052776]"
299766,"299766.319","Enterobacter hormaechei subsp. steigerwaltii JBCHAFC-19-0064","minocycline","",">8",">","8","mg/L","MIC","","","Beckman Coulter Inc","CLSI",2021,"","","","Laboratory Method","","[38052776]"
299766,"299766.301","Enterobacter hormaechei subsp. steigerwaltii JBBDAGF-19-0055","cefozopran","",">16",">","16","mg/L","MIC","","","Beckman Coulter Inc","CLSI",2021,"","","","Laboratory Method","","[38052776]"
299766,"299766.307","Enterobacter hormaechei subsp. steigerwaltii JBBEAAJ-19-0005","ciprofloxacin","","<=0.25","<=","0.25","mg/L","MIC","","","Beckman Coulter Inc","CLSI",2021,"","","","Laboratory Method","","[38052776]"
299766,"299766.303","Enterobacter hormaechei subsp. steigerwaltii JBBDAJB-19-0014","cefuroxime","",">32",">","32","mg/L","MIC","","","Beckman Coulter Inc","CLSI",2021,"","","","Laboratory Method","","[38052776]"
299766,"299766.326","Enterobacter hormaechei subsp. steigerwaltii JBEAACH-19-0177","cefpodoxime","","8","","8","mg/L","MIC","","","Beckman Coulter Inc","CLSI",2021,"","","","Laboratory Method","","[38052776]"
299766,"299766.343","Enterobacter hormaechei subsp. steigerwaltii JBCDACH-19-0001","levofloxacin","","<=0.5","<=","0.5","mg/L","MIC","","","Beckman Coulter Inc","CLSI",2021,"","","","Laboratory Method","","[38052776]"
299766,"299766.271","Enterobacter hormaechei subsp. steigerwaltii JBAJAAJ-19-0001","amikacin","","<=4","<=","4","mg/L","MIC","","","Beckman Coulter Inc","CLSI",2021,"","","","Laboratory Method","","[38052776]"
299766,"299766.335","Enterobacter hormaechei subsp. steigerwaltii JBEBAAB-19-0102","ceftazidime/clavulanic acid","",">32",">","32","mg/L","MIC","","","Beckman Coulter Inc","CLSI",2021,"","","","Laboratory Method","","[38052776]"
299766,"299766.275","Enterobacter hormaechei subsp. steigerwaltii JBBCAAG-19-0001","ceftazidime","",">16",">","16","mg/L","MIC","","","Beckman Coulter Inc","CLSI",2021,"","","","Laboratory Method","","[38052776]"
299766,"299766.327","Enterobacter hormaechei subsp. steigerwaltii JBEAACH-19-0275","gentamicin","","<=1","<=","1","mg/L","MIC","","","Beckman Coulter Inc","CLSI",2021,"","","","Laboratory Method","","[38052776]"
299766,"299766.320","Enterobacter hormaechei subsp. steigerwaltii JBCIAEJ-19-0013","ciprofloxacin","","<=0.25","<=","0.25","mg/L","MIC","","","Beckman Coulter Inc","CLSI",2021,"","","","Laboratory Method","","[38052776]"
299766,"299766.291","Enterobacter hormaechei subsp. steigerwaltii JBBDAAF-19-0142","gentamicin","","<=1","<=","1","mg/L","MIC","","","Beckman Coulter Inc","CLSI",2021,"","","","Laboratory Method","","[38052776]"
299766,"299766.324","Enterobacter hormaechei subsp. steigerwaltii JBDGAAB-19-0118","ciprofloxacin","","<=0.25","<=","0.25","mg/L","MIC","","","Beckman Coulter Inc","CLSI",2021,"","","","Laboratory Method","","[38052776]"
299766,"299766.278","Enterobacter hormaechei subsp. steigerwaltii JBBCAAG-19-0004","chloramphenicol","","<=8","<=","8","mg/L","MIC","","","Beckman Coulter Inc","CLSI",2021,"","","","Laboratory Method","","[38052776]"
299766,"299766.319","Enterobacter hormaechei subsp. steigerwaltii JBCHAFC-19-0064","cefpodoxime","",">64",">","64","mg/L","MIC","","","Beckman Coulter Inc","CLSI",2021,"","","","Laboratory Method","","[38052776]"
299766,"299766.293","Enterobacter hormaechei subsp. steigerwaltii JBBDAAJ-19-0055","tobramycin","","8","","8","mg/L","MIC","","","Beckman Coulter Inc","CLSI",2021,"","","","Laboratory Method","","[38052776]"
299766,"299766.265","Enterobacter hormaechei subsp. steigerwaltii JBABADI-19-0083","tobramycin","","<=1","<=","1","mg/L","MIC","","","Beckman Coulter Inc","CLSI",2021,"","","","Laboratory Method","","[38052776]"
299766,"299766.315","Enterobacter hormaechei subsp. steigerwaltii JBCGAAG-19-0534","chloramphenicol","","16","","16","mg/L","MIC","","","Beckman Coulter Inc","CLSI",2021,"","","","Laboratory Method","","[38052776]"
299766,"299766.284","Enterobacter hormaechei subsp. steigerwaltii JBBDAAB-19-0177","cefotaxime/clavulanic acid","",">32",">","32","mg/L","MIC","","","Beckman Coulter Inc","CLSI",2021,"","","","Laboratory Method","","[38052776]"
299766,"299766.331","Enterobacter hormaechei subsp. steigerwaltii JBEAAEE-19-0042","fosfomycin","","<=4","<=","4","mg/L","MIC","","","Beckman Coulter Inc","CLSI",2021,"","","","Laboratory Method","","[38052776]"
299766,"299766.315","Enterobacter hormaechei subsp. steigerwaltii JBCGAAG-19-0534","levofloxacin","","<=0.5","<=","0.5","mg/L","MIC","","","Beckman Coulter Inc","CLSI",2021,"","","","Laboratory Method","","[38052776]"
299766,"299766.330","Enterobacter hormaechei subsp. steigerwaltii JBEAAEE-19-0050","trimethoprim/sulfamethoxazole","",">2/38",">","2/38","mg/L","MIC","","","Beckman Coulter Inc","CLSI",2021,"","","","Laboratory Method","","[38052776]"
299766,"299766.312","Enterobacter hormaechei subsp. steigerwaltii JBCBAAJ-19-0100","piperacillin","",">64",">","64","mg/L","MIC","","","Beckman Coulter Inc","CLSI",2021,"","","","Laboratory Method","","[38052776]"
299766,"299766.303","Enterobacter hormaechei subsp. steigerwaltii JBBDAJB-19-0014","meropenem","","4","","4","mg/L","MIC","","","Beckman Coulter Inc","CLSI",2021,"","","","Laboratory Method","","[38052776]"
299766,"299766.333","Enterobacter hormaechei subsp. steigerwaltii JBEAAEE-19-0141","ceftazidime","",">16",">","16","mg/L","MIC","","","Beckman Coulter Inc","CLSI",2021,"","","","Laboratory Method","","[38052776]"
299766,"299766.342","Enterobacter hormaechei subsp. steigerwaltii JBEAAAD-19-0047","cefotaxime","","128","","128","mg/L","MIC","","","Beckman Coulter Inc","CLSI",2021,"","","","Laboratory Method","","[38052776]"
299766,"299766.273","Enterobacter hormaechei subsp. steigerwaltii JBBBAAB-19-0139","fosfomycin","","<=4","<=","4","mg/L","MIC","","","Beckman Coulter Inc","CLSI",2021,"","","","Laboratory Method","","[38052776]"
299766,"299766.265","Enterobacter hormaechei subsp. steigerwaltii JBABADI-19-0083","cefotaxime/clavulanic acid","",">32",">","32","mg/L","MIC","","","Beckman Coulter Inc","CLSI",2021,"","","","Laboratory Method","","[38052776]"
299766,"299766.330","Enterobacter hormaechei subsp. steigerwaltii JBEAAEE-19-0050","cefpodoxime","",">64",">","64","mg/L","MIC","","","Beckman Coulter Inc","CLSI",2021,"","","","Laboratory Method","","[38052776]"
299766,"299766.280","Enterobacter hormaechei subsp. steigerwaltii JBBCADC-19-0142","piperacillin/tazobactam","","<=4","<=","4","mg/L","MIC","","","Beckman Coulter Inc","CLSI",2021,"","","","Laboratory Method","","[38052776]"
299766,"299766.290","Enterobacter hormaechei subsp. steigerwaltii JBBDAAF-19-0070","cefepime","",">16",">","16","mg/L","MIC","","","Beckman Coulter Inc","CLSI",2021,"","","","Laboratory Method","","[38052776]"
299766,"299766.338","Enterobacter hormaechei subsp. steigerwaltii JBEHAAB-19-0192","cefotaxime/clavulanic acid","",">32",">","32","mg/L","MIC","","","Beckman Coulter Inc","CLSI",2021,"","","","Laboratory Method","","[38052776]"
299766,"299766.318","Enterobacter hormaechei subsp. steigerwaltii JBCHACG-19-0419","imipenem","","1","","1","mg/L","MIC","","","Beckman Coulter Inc","CLSI",2021,"","","","Laboratory Method","","[38052776]"
299766,"299766.318","Enterobacter hormaechei subsp. steigerwaltii JBCHACG-19-0419","cefpodoxime","",">64",">","64","mg/L","MIC","","","Beckman Coulter Inc","CLSI",2021,"","","","Laboratory Method","","[38052776]"
299766,"299766.345","Enterobacter hormaechei subsp. steigerwaltii JBCBAAD-19-0112","colistin","","<=1","<=","1","mg/L","MIC","","","Beckman Coulter Inc","CLSI",2021,"","","","Laboratory Method","","[38052776]"
299766,"299766.270","Enterobacter hormaechei subsp. steigerwaltii JBAJAAH-19-0047","ampicillin/sulbactam","",">32/16",">","32/16","mg/L","MIC","","","Beckman Coulter Inc","CLSI",2021,"","","","Laboratory Method","","[38052776]"
299766,"299766.309","Enterobacter hormaechei subsp. steigerwaltii JBBEABG-19-0028","cefotaxime/clavulanic acid","","32","","32","mg/L","MIC","","","Beckman Coulter Inc","CLSI",2021,"","","","Laboratory Method","","[38052776]"
299766,"299766.295","Enterobacter hormaechei subsp. steigerwaltii JBBDABE-19-0091","cefotaxime/clavulanic acid","",">32",">","32","mg/L","MIC","","","Beckman Coulter Inc","CLSI",2021,"","","","Laboratory Method","","[38052776]"
299766,"299766.320","Enterobacter hormaechei subsp. steigerwaltii JBCIAEJ-19-0013","cefozopran","","8","","8","mg/L","MIC","","","Beckman Coulter Inc","CLSI",2021,"","","","Laboratory Method","","[38052776]"
299766,"299766.272","Enterobacter hormaechei subsp. steigerwaltii JBBBAAB-19-0138","cefotaxime/clavulanic acid","",">32",">","32","mg/L","MIC","","","Beckman Coulter Inc","CLSI",2021,"","","","Laboratory Method","","[38052776]"
299766,"299766.274","Enterobacter hormaechei subsp. steigerwaltii JBBBAEF-19-0073","imipenem","","4","","4","mg/L","MIC","","","Beckman Coulter Inc","CLSI",2021,"","","","Laboratory Method","","[38052776]"
299766,"299766.284","Enterobacter hormaechei subsp. steigerwaltii JBBDAAB-19-0177","aztreonam","","<=1","<=","1","mg/L","MIC","","","Beckman Coulter Inc","CLSI",2021,"","","","Laboratory Method","","[38052776]"
299766,"299766.294","Enterobacter hormaechei subsp. steigerwaltii JBBDABA-19-0004","cefmetazole","",">32",">","32","mg/L","MIC","","","Beckman Coulter Inc","CLSI",2021,"","","","Laboratory Method","","[38052776]"
299766,"299766.285","Enterobacter hormaechei subsp. steigerwaltii JBBDAAB-19-0061","gentamicin","","2","","2","mg/L","MIC","","","Beckman Coulter Inc","CLSI",2021,"","","","Laboratory Method","","[38052776]"
299766,"299766.295","Enterobacter hormaechei subsp. steigerwaltii JBBDABE-19-0091","tobramycin","","8","","8","mg/L","MIC","","","Beckman Coulter Inc","CLSI",2021,"","","","Laboratory Method","","[38052776]"
299766,"299766.328","Enterobacter hormaechei subsp. steigerwaltii JBEAAEE-19-0001","ampicillin/sulbactam","",">32/16",">","32/16","mg/L","MIC","","","Beckman Coulter Inc","CLSI",2021,"","","","Laboratory Method","","[38052776]"
299766,"299766.276","Enterobacter hormaechei subsp. steigerwaltii JBBCAAG-19-0002","ampicillin/sulbactam","",">32/16",">","32/16","mg/L","MIC","","","Beckman Coulter Inc","CLSI",2021,"","","","Laboratory Method","","[38052776]"
299766,"299766.267","Enterobacter hormaechei subsp. steigerwaltii JBAFAAB-19-0055","imipenem","","<=0.5","<=","0.5","mg/L","MIC","","","Beckman Coulter Inc","CLSI",2021,"","","","Laboratory Method","","[38052776]"
299766,"299766.319","Enterobacter hormaechei subsp. steigerwaltii JBCHAFC-19-0064","trimethoprim/sulfamethoxazole","","<=1/19","<=","1/19","mg/L","MIC","","","Beckman Coulter Inc","CLSI",2021,"","","","Laboratory Method","","[38052776]"
299766,"299766.348","Enterobacter hormaechei subsp. steigerwaltii JBBBAAB-19-0014","ampicillin/sulbactam","",">32/16",">","32/16","mg/L","MIC","","","Beckman Coulter Inc","CLSI",2021,"","","","Laboratory Method","","[38052776]"
299766,"299766.327","Enterobacter hormaechei subsp. steigerwaltii JBEAACH-19-0275","cefmetazole","",">32",">","32","mg/L","MIC","","","Beckman Coulter Inc","CLSI",2021,"","","","Laboratory Method","","[38052776]"
299766,"299766.279","Enterobacter hormaechei subsp. steigerwaltii JBBCADC-19-0002","cefotaxime/clavulanic acid","","32","","32","mg/L","MIC","","","Beckman Coulter Inc","CLSI",2021,"","","","Laboratory Method","","[38052776]"
299766,"299766.274","Enterobacter hormaechei subsp. steigerwaltii JBBBAEF-19-0073","ceftazidime/clavulanic acid","",">32",">","32","mg/L","MIC","","","Beckman Coulter Inc","CLSI",2021,"","","","Laboratory Method","","[38052776]"
299766,"299766.341","Enterobacter hormaechei subsp. steigerwaltii JBEAACG-19-0092","fosfomycin","","16","","16","mg/L","MIC","","","Beckman Coulter Inc","CLSI",2021,"","","","Laboratory Method","","[38052776]"
299766,"299766.275","Enterobacter hormaechei subsp. steigerwaltii JBBCAAG-19-0001","cefepime","","8","","8","mg/L","MIC","","","Beckman Coulter Inc","CLSI",2021,"","","","Laboratory Method","","[38052776]"
299766,"299766.314","Enterobacter hormaechei subsp. steigerwaltii JBCDABA-19-0190","tigecycline","","1","","1","mg/L","MIC","","","Beckman Coulter Inc","CLSI",2021,"","","","Laboratory Method","","[38052776]"
299766,"299766.307","Enterobacter hormaechei subsp. steigerwaltii JBBEAAJ-19-0005","cefoperazone/sulbactam","","32/16","","32/16","mg/L","MIC","","","Beckman Coulter Inc","CLSI",2021,"","","","Laboratory Method","","[38052776]"
299766,"299766.320","Enterobacter hormaechei subsp. steigerwaltii JBCIAEJ-19-0013","piperacillin","",">64",">","64","mg/L","MIC","","","Beckman Coulter Inc","CLSI",2021,"","","","Laboratory Method","","[38052776]"
299766,"299766.325","Enterobacter hormaechei subsp. steigerwaltii JBDGAAB-19-0117","ciprofloxacin","","<=0.25","<=","0.25","mg/L","MIC","","","Beckman Coulter Inc","CLSI",2021,"","","","Laboratory Method","","[38052776]"
299766,"299766.276","Enterobacter hormaechei subsp. steigerwaltii JBBCAAG-19-0002","ceftazidime","",">16",">","16","mg/L","MIC","","","Beckman Coulter Inc","CLSI",2021,"","","","Laboratory Method","","[38052776]"
299766,"299766.325","Enterobacter hormaechei subsp. steigerwaltii JBDGAAB-19-0117","doripenem","","<=0.5","<=","0.5","mg/L","MIC","","","Beckman Coulter Inc","CLSI",2021,"","","","Laboratory Method","","[38052776]"
299766,"299766.287","Enterobacter hormaechei subsp. steigerwaltii JBBDAAF-19-0018","ampicillin/sulbactam","",">32/16",">","32/16","mg/L","MIC","","","Beckman Coulter Inc","CLSI",2021,"","","","Laboratory Method","","[38052776]"
299766,"299766.295","Enterobacter hormaechei subsp. steigerwaltii JBBDABE-19-0091","aztreonam","",">16",">","16","mg/L","MIC","","","Beckman Coulter Inc","CLSI",2021,"","","","Laboratory Method","","[38052776]"
299766,"299766.323","Enterobacter hormaechei subsp. steigerwaltii JBDGAAB-19-0063","gentamicin","","<=1","<=","1","mg/L","MIC","","","Beckman Coulter Inc","CLSI",2021,"","","","Laboratory Method","","[38052776]"
299766,"299766.282","Enterobacter hormaechei subsp. steigerwaltii JBBCAEG-19-0003","tigecycline","","1","","1","mg/L","MIC","","","Beckman Coulter Inc","CLSI",2021,"","","","Laboratory Method","","[38052776]"
299766,"299766.316","Enterobacter hormaechei subsp. steigerwaltii JBCHAAE-19-0025","minocycline","","4","","4","mg/L","MIC","","","Beckman Coulter Inc","CLSI",2021,"","","","Laboratory Method","","[38052776]"
299766,"299766.318","Enterobacter hormaechei subsp. steigerwaltii JBCHACG-19-0419","aztreonam","",">16",">","16","mg/L","MIC","","","Beckman Coulter Inc","CLSI",2021,"","","","Laboratory Method","","[38052776]"
299766,"299766.284","Enterobacter hormaechei subsp. steigerwaltii JBBDAAB-19-0177","cefoperazone/sulbactam","",">32/16",">","32/16","mg/L","MIC","","","Beckman Coulter Inc","CLSI",2021,"","","","Laboratory Method","","[38052776]"
299766,"299766.276","Enterobacter hormaechei subsp. steigerwaltii JBBCAAG-19-0002","cefotaxime/clavulanic acid","",">32",">","32","mg/L","MIC","","","Beckman Coulter Inc","CLSI",2021,"","","","Laboratory Method","","[38052776]"
299766,"299766.346","Enterobacter hormaechei subsp. steigerwaltii JBCBAAD-19-0109","imipenem","","2","","2","mg/L","MIC","","","Beckman Coulter Inc","CLSI",2021,"","","","Laboratory Method","","[38052776]"
299766,"299766.317","Enterobacter hormaechei subsp. steigerwaltii JBCHACG-19-0311","piperacillin/tazobactam","","<=4","<=","4","mg/L","MIC","","","Beckman Coulter Inc","CLSI",2021,"","","","Laboratory Method","","[38052776]"
299766,"299766.284","Enterobacter hormaechei subsp. steigerwaltii JBBDAAB-19-0177","cefpodoxime","",">64",">","64","mg/L","MIC","","","Beckman Coulter Inc","CLSI",2021,"","","","Laboratory Method","","[38052776]"
299766,"299766.288","Enterobacter hormaechei subsp. steigerwaltii JBBDAAF-19-0049","cefmetazole","",">32",">","32","mg/L","MIC","","","Beckman Coulter Inc","CLSI",2021,"","","","Laboratory Method","","[38052776]"
299766,"299766.347","Enterobacter hormaechei subsp. steigerwaltii JBDJAAE-19-0094","meropenem","","2","","2","mg/L","MIC","","","Beckman Coulter Inc","CLSI",2021,"","","","Laboratory Method","","[38052776]"
299766,"299766.275","Enterobacter hormaechei subsp. steigerwaltii JBBCAAG-19-0001","cefozopran","",">16",">","16","mg/L","MIC","","","Beckman Coulter Inc","CLSI",2021,"","","","Laboratory Method","","[38052776]"
299766,"299766.334","Enterobacter hormaechei subsp. steigerwaltii JBEAAFA-19-0408","cefoperazone/sulbactam","",">32/16",">","32/16","mg/L","MIC","","","Beckman Coulter Inc","CLSI",2021,"","","","Laboratory Method","","[38052776]"
299766,"299766.289","Enterobacter hormaechei subsp. steigerwaltii JBBDAAF-19-0053","cefoperazone/sulbactam","",">32/16",">","32/16","mg/L","MIC","","","Beckman Coulter Inc","CLSI",2021,"","","","Laboratory Method","","[38052776]"
299766,"299766.341","Enterobacter hormaechei subsp. steigerwaltii JBEAACG-19-0092","cefuroxime","",">32",">","32","mg/L","MIC","","","Beckman Coulter Inc","CLSI",2021,"","","","Laboratory Method","","[38052776]"
299766,"299766.313","Enterobacter hormaechei subsp. steigerwaltii JBCDAAB-19-0062","imipenem","","1","","1","mg/L","MIC","","","Beckman Coulter Inc","CLSI",2021,"","","","Laboratory Method","","[38052776]"
299766,"299766.314","Enterobacter hormaechei subsp. steigerwaltii JBCDABA-19-0190","piperacillin","","8","","8","mg/L","MIC","","","Beckman Coulter Inc","CLSI",2021,"","","","Laboratory Method","","[38052776]"
299766,"299766.320","Enterobacter hormaechei subsp. steigerwaltii JBCIAEJ-19-0013","imipenem","","<=0.5","<=","0.5","mg/L","MIC","","","Beckman Coulter Inc","CLSI",2021,"","","","Laboratory Method","","[38052776]"
299766,"299766.333","Enterobacter hormaechei subsp. steigerwaltii JBEAAEE-19-0141","piperacillin","","8","","8","mg/L","MIC","","","Beckman Coulter Inc","CLSI",2021,"","","","Laboratory Method","","[38052776]"
299766,"299766.274","Enterobacter hormaechei subsp. steigerwaltii JBBBAEF-19-0073","cefmetazole","",">32",">","32","mg/L","MIC","","","Beckman Coulter Inc","CLSI",2021,"","","","Laboratory Method","","[38052776]"
299766,"299766.277","Enterobacter hormaechei subsp. steigerwaltii JBBCAAG-19-0003","cefozopran","","16","","16","mg/L","MIC","","","Beckman Coulter Inc","CLSI",2021,"","","","Laboratory Method","","[38052776]"
299766,"299766.346","Enterobacter hormaechei subsp. steigerwaltii JBCBAAD-19-0109","tobramycin","","<=1","<=","1","mg/L","MIC","","","Beckman Coulter Inc","CLSI",2021,"","","","Laboratory Method","","[38052776]"
299766,"299766.295","Enterobacter hormaechei subsp. steigerwaltii JBBDABE-19-0091","minocycline","","<=1","<=","1","mg/L","MIC","","","Beckman Coulter Inc","CLSI",2021,"","","","Laboratory Method","","[38052776]"
299766,"299766.277","Enterobacter hormaechei subsp. steigerwaltii JBBCAAG-19-0003","cefotetan","",">32",">","32","mg/L","MIC","","","Beckman Coulter Inc","CLSI",2021,"","","","Laboratory Method","","[38052776]"
299766,"299766.342","Enterobacter hormaechei subsp. steigerwaltii JBEAAAD-19-0047","ciprofloxacin","","<=0.25","<=","0.25","mg/L","MIC","","","Beckman Coulter Inc","CLSI",2021,"","","","Laboratory Method","","[38052776]"
299766,"299766.304","Enterobacter hormaechei subsp. steigerwaltii JBBDAJB-19-0015","cefoperazone/sulbactam","",">32/16",">","32/16","mg/L","MIC","","","Beckman Coulter Inc","CLSI",2021,"","","","Laboratory Method","","[38052776]"
299766,"299766.330","Enterobacter hormaechei subsp. steigerwaltii JBEAAEE-19-0050","cefmetazole","",">32",">","32","mg/L","MIC","","","Beckman Coulter Inc","CLSI",2021,"","","","Laboratory Method","","[38052776]"
299766,"299766.300","Enterobacter hormaechei subsp. steigerwaltii JBBDAGF-19-0034","meropenem","","2","","2","mg/L","MIC","","","Beckman Coulter Inc","CLSI",2021,"","","","Laboratory Method","","[38052776]"
299766,"299766.323","Enterobacter hormaechei subsp. steigerwaltii JBDGAAB-19-0063","doripenem","","<=0.5","<=","0.5","mg/L","MIC","","","Beckman Coulter Inc","CLSI",2021,"","","","Laboratory Method","","[38052776]"
299766,"299766.344","Enterobacter hormaechei subsp. steigerwaltii JBDJAAE-19-0102","fosfomycin","","16","","16","mg/L","MIC","","","Beckman Coulter Inc","CLSI",2021,"","","","Laboratory Method","","[38052776]"
299766,"299766.308","Enterobacter hormaechei subsp. steigerwaltii JBBEABA-19-0025","cefoperazone/sulbactam","",">32/16",">","32/16","mg/L","MIC","","","Beckman Coulter Inc","CLSI",2021,"","","","Laboratory Method","","[38052776]"
299766,"299766.282","Enterobacter hormaechei subsp. steigerwaltii JBBCAEG-19-0003","trimethoprim/sulfamethoxazole","","<=1/19","<=","1/19","mg/L","MIC","","","Beckman Coulter Inc","CLSI",2021,"","","","Laboratory Method","","[38052776]"
299766,"299766.323","Enterobacter hormaechei subsp. steigerwaltii JBDGAAB-19-0063","ceftazidime","","<=1","<=","1","mg/L","MIC","","","Beckman Coulter Inc","CLSI",2021,"","","","Laboratory Method","","[38052776]"
299766,"299766.312","Enterobacter hormaechei subsp. steigerwaltii JBCBAAJ-19-0100","ceftriaxone","",">64",">","64","mg/L","MIC","","","Beckman Coulter Inc","CLSI",2021,"","","","Laboratory Method","","[38052776]"
299766,"299766.324","Enterobacter hormaechei subsp. steigerwaltii JBDGAAB-19-0118","cefpodoxime","","2","","2","mg/L","MIC","","","Beckman Coulter Inc","CLSI",2021,"","","","Laboratory Method","","[38052776]"
299766,"299766.312","Enterobacter hormaechei subsp. steigerwaltii JBCBAAJ-19-0100","minocycline","",">8",">","8","mg/L","MIC","","","Beckman Coulter Inc","CLSI",2021,"","","","Laboratory Method","","[38052776]"
299766,"299766.277","Enterobacter hormaechei subsp. steigerwaltii JBBCAAG-19-0003","cefuroxime","",">32",">","32","mg/L","MIC","","","Beckman Coulter Inc","CLSI",2021,"","","","Laboratory Method","","[38052776]"
299766,"299766.268","Enterobacter hormaechei subsp. steigerwaltii JBAGABE-19-0098","piperacillin","","64","","64","mg/L","MIC","","","Beckman Coulter Inc","CLSI",2021,"","","","Laboratory Method","","[38052776]"
299766,"299766.268","Enterobacter hormaechei subsp. steigerwaltii JBAGABE-19-0098","ciprofloxacin","","1","","1","mg/L","MIC","","","Beckman Coulter Inc","CLSI",2021,"","","","Laboratory Method","","[38052776]"
299766,"299766.267","Enterobacter hormaechei subsp. steigerwaltii JBAFAAB-19-0055","tobramycin","","2","","2","mg/L","MIC","","","Beckman Coulter Inc","CLSI",2021,"","","","Laboratory Method","","[38052776]"
299766,"299766.304","Enterobacter hormaechei subsp. steigerwaltii JBBDAJB-19-0015","chloramphenicol","","<=8","<=","8","mg/L","MIC","","","Beckman Coulter Inc","CLSI",2021,"","","","Laboratory Method","","[38052776]"
299766,"299766.275","Enterobacter hormaechei subsp. steigerwaltii JBBCAAG-19-0001","cefuroxime","",">32",">","32","mg/L","MIC","","","Beckman Coulter Inc","CLSI",2021,"","","","Laboratory Method","","[38052776]"
299766,"299766.275","Enterobacter hormaechei subsp. steigerwaltii JBBCAAG-19-0001","levofloxacin","","<=0.5","<=","0.5","mg/L","MIC","","","Beckman Coulter Inc","CLSI",2021,"","","","Laboratory Method","","[38052776]"
299766,"299766.282","Enterobacter hormaechei subsp. steigerwaltii JBBCAEG-19-0003","fosfomycin","","16","","16","mg/L","MIC","","","Beckman Coulter Inc","CLSI",2021,"","","","Laboratory Method","","[38052776]"
299766,"299766.269","Enterobacter hormaechei subsp. steigerwaltii JBAIAAD-19-0115","meropenem","",">8",">","8","mg/L","MIC","","","Beckman Coulter Inc","CLSI",2021,"","","","Laboratory Method","","[38052776]"
299766,"299766.343","Enterobacter hormaechei subsp. steigerwaltii JBCDACH-19-0001","colistin","",">8",">","8","mg/L","MIC","","","Beckman Coulter Inc","CLSI",2021,"","","","Laboratory Method","","[38052776]"
299766,"299766.323","Enterobacter hormaechei subsp. steigerwaltii JBDGAAB-19-0063","cefepime","","<=1","<=","1","mg/L","MIC","","","Beckman Coulter Inc","CLSI",2021,"","","","Laboratory Method","","[38052776]"
299766,"299766.281","Enterobacter hormaechei subsp. steigerwaltii JBBCADC-19-0145","cefpodoxime","",">64",">","64","mg/L","MIC","","","Beckman Coulter Inc","CLSI",2021,"","","","Laboratory Method","","[38052776]"
299766,"299766.304","Enterobacter hormaechei subsp. steigerwaltii JBBDAJB-19-0015","ceftazidime/clavulanic acid","",">32",">","32","mg/L","MIC","","","Beckman Coulter Inc","CLSI",2021,"","","","Laboratory Method","","[38052776]"
299766,"299766.300","Enterobacter hormaechei subsp. steigerwaltii JBBDAGF-19-0034","cefmetazole","",">32",">","32","mg/L","MIC","","","Beckman Coulter Inc","CLSI",2021,"","","","Laboratory Method","","[38052776]"
299766,"299766.292","Enterobacter hormaechei subsp. steigerwaltii JBBDAAJ-19-0051","imipenem","","2","","2","mg/L","MIC","","","Beckman Coulter Inc","CLSI",2021,"","","","Laboratory Method","","[38052776]"
299766,"299766.287","Enterobacter hormaechei subsp. steigerwaltii JBBDAAF-19-0018","colistin","","<=1","<=","1","mg/L","MIC","","","Beckman Coulter Inc","CLSI",2021,"","","","Laboratory Method","","[38052776]"
299766,"299766.333","Enterobacter hormaechei subsp. steigerwaltii JBEAAEE-19-0141","ceftriaxone","","64","","64","mg/L","MIC","","","Beckman Coulter Inc","CLSI",2021,"","","","Laboratory Method","","[38052776]"
299766,"299766.344","Enterobacter hormaechei subsp. steigerwaltii JBDJAAE-19-0102","ciprofloxacin","","<=0.25","<=","0.25","mg/L","MIC","","","Beckman Coulter Inc","CLSI",2021,"","","","Laboratory Method","","[38052776]"
299766,"299766.327","Enterobacter hormaechei subsp. steigerwaltii JBEAACH-19-0275","piperacillin","",">64",">","64","mg/L","MIC","","","Beckman Coulter Inc","CLSI",2021,"","","","Laboratory Method","","[38052776]"
299766,"299766.349","Enterobacter hormaechei subsp. steigerwaltii JBEAACG-19-0097","cefotetan","",">32",">","32","mg/L","MIC","","","Beckman Coulter Inc","CLSI",2021,"","","","Laboratory Method","","[38052776]"
299766,"299766.348","Enterobacter hormaechei subsp. steigerwaltii JBBBAAB-19-0014","tigecycline","","1","","1","mg/L","MIC","","","Beckman Coulter Inc","CLSI",2021,"","","","Laboratory Method","","[38052776]"
299766,"299766.271","Enterobacter hormaechei subsp. steigerwaltii JBAJAAJ-19-0001","piperacillin/tazobactam","","8","","8","mg/L","MIC","","","Beckman Coulter Inc","CLSI",2021,"","","","Laboratory Method","","[38052776]"
299766,"299766.271","Enterobacter hormaechei subsp. steigerwaltii JBAJAAJ-19-0001","cefozopran","",">16",">","16","mg/L","MIC","","","Beckman Coulter Inc","CLSI",2021,"","","","Laboratory Method","","[38052776]"
299766,"299766.269","Enterobacter hormaechei subsp. steigerwaltii JBAIAAD-19-0115","ceftazidime/clavulanic acid","",">32",">","32","mg/L","MIC","","","Beckman Coulter Inc","CLSI",2021,"","","","Laboratory Method","","[38052776]"
299766,"299766.322","Enterobacter hormaechei subsp. steigerwaltii JBDGAAB-19-0032","cefozopran","","<=1","<=","1","mg/L","MIC","","","Beckman Coulter Inc","CLSI",2021,"","","","Laboratory Method","","[38052776]"
299766,"299766.334","Enterobacter hormaechei subsp. steigerwaltii JBEAAFA-19-0408","chloramphenicol","","16","","16","mg/L","MIC","","","Beckman Coulter Inc","CLSI",2021,"","","","Laboratory Method","","[38052776]"
299766,"299766.272","Enterobacter hormaechei subsp. steigerwaltii JBBBAAB-19-0138","cefepime","","16","","16","mg/L","MIC","","","Beckman Coulter Inc","CLSI",2021,"","","","Laboratory Method","","[38052776]"
299766,"299766.294","Enterobacter hormaechei subsp. steigerwaltii JBBDABA-19-0004","fosfomycin","",">16",">","16","mg/L","MIC","","","Beckman Coulter Inc","CLSI",2021,"","","","Laboratory Method","","[38052776]"
299766,"299766.298","Enterobacter hormaechei subsp. steigerwaltii JBBDAGF-19-0017","levofloxacin","","<=0.5","<=","0.5","mg/L","MIC","","","Beckman Coulter Inc","CLSI",2021,"","","","Laboratory Method","","[38052776]"
299766,"299766.342","Enterobacter hormaechei subsp. steigerwaltii JBEAAAD-19-0047","cefpodoxime","",">64",">","64","mg/L","MIC","","","Beckman Coulter Inc","CLSI",2021,"","","","Laboratory Method","","[38052776]"
299766,"299766.332","Enterobacter hormaechei subsp. steigerwaltii JBEAAEE-19-0140","ciprofloxacin","","4","","4","mg/L","MIC","","","Beckman Coulter Inc","CLSI",2021,"","","","Laboratory Method","","[38052776]"
299766,"299766.268","Enterobacter hormaechei subsp. steigerwaltii JBAGABE-19-0098","levofloxacin","","<=0.5","<=","0.5","mg/L","MIC","","","Beckman Coulter Inc","CLSI",2021,"","","","Laboratory Method","","[38052776]"
299766,"299766.269","Enterobacter hormaechei subsp. steigerwaltii JBAIAAD-19-0115","colistin","","<=1","<=","1","mg/L","MIC","","","Beckman Coulter Inc","CLSI",2021,"","","","Laboratory Method","","[38052776]"
299766,"299766.300","Enterobacter hormaechei subsp. steigerwaltii JBBDAGF-19-0034","ceftazidime/clavulanic acid","",">32",">","32","mg/L","MIC","","","Beckman Coulter Inc","CLSI",2021,"","","","Laboratory Method","","[38052776]"
299766,"299766.273","Enterobacter hormaechei subsp. steigerwaltii JBBBAAB-19-0139","colistin","","<=1","<=","1","mg/L","MIC","","","Beckman Coulter Inc","CLSI",2021,"","","","Laboratory Method","","[38052776]"
299766,"299766.339","Enterobacter hormaechei subsp. steigerwaltii JBAGABE-19-0120","colistin","","<=1","<=","1","mg/L","MIC","","","Beckman Coulter Inc","CLSI",2021,"","","","Laboratory Method","","[38052776]"
299766,"299766.305","Enterobacter hormaechei subsp. steigerwaltii JBBDAJB-19-0023","cefoperazone/sulbactam","",">32/16",">","32/16","mg/L","MIC","","","Beckman Coulter Inc","CLSI",2021,"","","","Laboratory Method","","[38052776]"
299766,"299766.302","Enterobacter hormaechei subsp. steigerwaltii JBBDAJB-19-0020","doripenem","","8","","8","mg/L","MIC","","","Beckman Coulter Inc","CLSI",2021,"","","","Laboratory Method","","[38052776]"
299766,"299766.322","Enterobacter hormaechei subsp. steigerwaltii JBDGAAB-19-0032","colistin","","4","","4","mg/L","MIC","","","Beckman Coulter Inc","CLSI",2021,"","","","Laboratory Method","","[38052776]"
299766,"299766.275","Enterobacter hormaechei subsp. steigerwaltii JBBCAAG-19-0001","amikacin","","<=4","<=","4","mg/L","MIC","","","Beckman Coulter Inc","CLSI",2021,"","","","Laboratory Method","","[38052776]"
299766,"299766.313","Enterobacter hormaechei subsp. steigerwaltii JBCDAAB-19-0062","tigecycline","","1","","1","mg/L","MIC","","","Beckman Coulter Inc","CLSI",2021,"","","","Laboratory Method","","[38052776]"
299766,"299766.292","Enterobacter hormaechei subsp. steigerwaltii JBBDAAJ-19-0051","colistin","","<=1","<=","1","mg/L","MIC","","","Beckman Coulter Inc","CLSI",2021,"","","","Laboratory Method","","[38052776]"
299766,"299766.288","Enterobacter hormaechei subsp. steigerwaltii JBBDAAF-19-0049","ceftazidime/clavulanic acid","",">32",">","32","mg/L","MIC","","","Beckman Coulter Inc","CLSI",2021,"","","","Laboratory Method","","[38052776]"
299766,"299766.310","Enterobacter hormaechei subsp. steigerwaltii JBBGAAF-19-0022","cefoperazone/sulbactam","",">32/16",">","32/16","mg/L","MIC","","","Beckman Coulter Inc","CLSI",2021,"","","","Laboratory Method","","[38052776]"
299766,"299766.279","Enterobacter hormaechei subsp. steigerwaltii JBBCADC-19-0002","ampicillin/sulbactam","",">32/16",">","32/16","mg/L","MIC","","","Beckman Coulter Inc","CLSI",2021,"","","","Laboratory Method","","[38052776]"
299766,"299766.307","Enterobacter hormaechei subsp. steigerwaltii JBBEAAJ-19-0005","ceftazidime/clavulanic acid","",">32",">","32","mg/L","MIC","","","Beckman Coulter Inc","CLSI",2021,"","","","Laboratory Method","","[38052776]"
299766,"299766.338","Enterobacter hormaechei subsp. steigerwaltii JBEHAAB-19-0192","tobramycin","","<=1","<=","1","mg/L","MIC","","","Beckman Coulter Inc","CLSI",2021,"","","","Laboratory Method","","[38052776]"
299766,"299766.328","Enterobacter hormaechei subsp. steigerwaltii JBEAAEE-19-0001","piperacillin/tazobactam","","64","","64","mg/L","MIC","","","Beckman Coulter Inc","CLSI",2021,"","","","Laboratory Method","","[38052776]"
299766,"299766.340","Enterobacter hormaechei subsp. steigerwaltii JBEAACG-19-0081","levofloxacin","","2","","2","mg/L","MIC","","","Beckman Coulter Inc","CLSI",2021,"","","","Laboratory Method","","[38052776]"
299766,"299766.345","Enterobacter hormaechei subsp. steigerwaltii JBCBAAD-19-0112","ceftazidime","","8","","8","mg/L","MIC","","","Beckman Coulter Inc","CLSI",2021,"","","","Laboratory Method","","[38052776]"
299766,"299766.327","Enterobacter hormaechei subsp. steigerwaltii JBEAACH-19-0275","cefpodoxime","",">64",">","64","mg/L","MIC","","","Beckman Coulter Inc","CLSI",2021,"","","","Laboratory Method","","[38052776]"
299766,"299766.302","Enterobacter hormaechei subsp. steigerwaltii JBBDAJB-19-0020","aztreonam","",">16",">","16","mg/L","MIC","","","Beckman Coulter Inc","CLSI",2021,"","","","Laboratory Method","","[38052776]"
299766,"299766.314","Enterobacter hormaechei subsp. steigerwaltii JBCDABA-19-0190","cefuroxime","",">32",">","32","mg/L","MIC","","","Beckman Coulter Inc","CLSI",2021,"","","","Laboratory Method","","[38052776]"
299766,"299766.337","Enterobacter hormaechei subsp. steigerwaltii JBEDACG-19-0107","cefuroxime","",">32",">","32","mg/L","MIC","","","Beckman Coulter Inc","CLSI",2021,"","","","Laboratory Method","","[38052776]"
299766,"299766.343","Enterobacter hormaechei subsp. steigerwaltii JBCDACH-19-0001","cefpodoxime","","4","","4","mg/L","MIC","","","Beckman Coulter Inc","CLSI",2021,"","","","Laboratory Method","","[38052776]"
299766,"299766.277","Enterobacter hormaechei subsp. steigerwaltii JBBCAAG-19-0003","ciprofloxacin","","1","","1","mg/L","MIC","","","Beckman Coulter Inc","CLSI",2021,"","","","Laboratory Method","","[38052776]"
299766,"299766.300","Enterobacter hormaechei subsp. steigerwaltii JBBDAGF-19-0034","cefoperazone/sulbactam","","32/16","","32/16","mg/L","MIC","","","Beckman Coulter Inc","CLSI",2021,"","","","Laboratory Method","","[38052776]"
299766,"299766.282","Enterobacter hormaechei subsp. steigerwaltii JBBCAEG-19-0003","cefotaxime","","128","","128","mg/L","MIC","","","Beckman Coulter Inc","CLSI",2021,"","","","Laboratory Method","","[38052776]"
299766,"299766.287","Enterobacter hormaechei subsp. steigerwaltii JBBDAAF-19-0018","ciprofloxacin","","1","","1","mg/L","MIC","","","Beckman Coulter Inc","CLSI",2021,"","","","Laboratory Method","","[38052776]"
299766,"299766.307","Enterobacter hormaechei subsp. steigerwaltii JBBEAAJ-19-0005","gentamicin","","2","","2","mg/L","MIC","","","Beckman Coulter Inc","CLSI",2021,"","","","Laboratory Method","","[38052776]"
299766,"299766.335","Enterobacter hormaechei subsp. steigerwaltii JBEBAAB-19-0102","minocycline","","4","","4","mg/L","MIC","","","Beckman Coulter Inc","CLSI",2021,"","","","Laboratory Method","","[38052776]"
299766,"299766.265","Enterobacter hormaechei subsp. steigerwaltii JBABADI-19-0083","ceftazidime","",">16",">","16","mg/L","MIC","","","Beckman Coulter Inc","CLSI",2021,"","","","Laboratory Method","","[38052776]"
299766,"299766.294","Enterobacter hormaechei subsp. steigerwaltii JBBDABA-19-0004","cefotetan","",">32",">","32","mg/L","MIC","","","Beckman Coulter Inc","CLSI",2021,"","","","Laboratory Method","","[38052776]"
299766,"299766.287","Enterobacter hormaechei subsp. steigerwaltii JBBDAAF-19-0018","gentamicin","","<=1","<=","1","mg/L","MIC","","","Beckman Coulter Inc","CLSI",2021,"","","","Laboratory Method","","[38052776]"
299766,"299766.266","Enterobacter hormaechei subsp. steigerwaltii JBABADI-19-0091","tobramycin","","<=1","<=","1","mg/L","MIC","","","Beckman Coulter Inc","CLSI",2021,"","","","Laboratory Method","","[38052776]"
299766,"299766.316","Enterobacter hormaechei subsp. steigerwaltii JBCHAAE-19-0025","cefotetan","",">32",">","32","mg/L","MIC","","","Beckman Coulter Inc","CLSI",2021,"","","","Laboratory Method","","[38052776]"
299766,"299766.321","Enterobacter hormaechei subsp. steigerwaltii JBDDAAF-19-0084","tobramycin","","<=1","<=","1","mg/L","MIC","","","Beckman Coulter Inc","CLSI",2021,"","","","Laboratory Method","","[38052776]"
299766,"299766.266","Enterobacter hormaechei subsp. steigerwaltii JBABADI-19-0091","cefmetazole","",">32",">","32","mg/L","MIC","","","Beckman Coulter Inc","CLSI",2021,"","","","Laboratory Method","","[38052776]"
299766,"299766.318","Enterobacter hormaechei subsp. steigerwaltii JBCHACG-19-0419","cefotaxime","","128","","128","mg/L","MIC","","","Beckman Coulter Inc","CLSI",2021,"","","","Laboratory Method","","[38052776]"
299766,"299766.292","Enterobacter hormaechei subsp. steigerwaltii JBBDAAJ-19-0051","trimethoprim/sulfamethoxazole","","2/38","","2/38","mg/L","MIC","","","Beckman Coulter Inc","CLSI",2021,"","","","Laboratory Method","","[38052776]"
299766,"299766.349","Enterobacter hormaechei subsp. steigerwaltii JBEAACG-19-0097","levofloxacin","","8","","8","mg/L","MIC","","","Beckman Coulter Inc","CLSI",2021,"","","","Laboratory Method","","[38052776]"
299766,"299766.342","Enterobacter hormaechei subsp. steigerwaltii JBEAAAD-19-0047","ceftriaxone","",">64",">","64","mg/L","MIC","","","Beckman Coulter Inc","CLSI",2021,"","","","Laboratory Method","","[38052776]"
299766,"299766.315","Enterobacter hormaechei subsp. steigerwaltii JBCGAAG-19-0534","doripenem","","<=0.5","<=","0.5","mg/L","MIC","","","Beckman Coulter Inc","CLSI",2021,"","","","Laboratory Method","","[38052776]"
299766,"299766.280","Enterobacter hormaechei subsp. steigerwaltii JBBCADC-19-0142","cefepime","","8","","8","mg/L","MIC","","","Beckman Coulter Inc","CLSI",2021,"","","","Laboratory Method","","[38052776]"
299766,"299766.291","Enterobacter hormaechei subsp. steigerwaltii JBBDAAF-19-0142","cefotaxime/clavulanic acid","",">32",">","32","mg/L","MIC","","","Beckman Coulter Inc","CLSI",2021,"","","","Laboratory Method","","[38052776]"
299766,"299766.272","Enterobacter hormaechei subsp. steigerwaltii JBBBAAB-19-0138","doripenem","",">8",">","8","mg/L","MIC","","","Beckman Coulter Inc","CLSI",2021,"","","","Laboratory Method","","[38052776]"
299766,"299766.319","Enterobacter hormaechei subsp. steigerwaltii JBCHAFC-19-0064","doripenem","","<=0.5","<=","0.5","mg/L","MIC","","","Beckman Coulter Inc","CLSI",2021,"","","","Laboratory Method","","[38052776]"
299766,"299766.289","Enterobacter hormaechei subsp. steigerwaltii JBBDAAF-19-0053","tobramycin","",">8",">","8","mg/L","MIC","","","Beckman Coulter Inc","CLSI",2021,"","","","Laboratory Method","","[38052776]"
299766,"299766.302","Enterobacter hormaechei subsp. steigerwaltii JBBDAJB-19-0020","fosfomycin","","<=4","<=","4","mg/L","MIC","","","Beckman Coulter Inc","CLSI",2021,"","","","Laboratory Method","","[38052776]"
299766,"299766.346","Enterobacter hormaechei subsp. steigerwaltii JBCBAAD-19-0109","ceftazidime","","4","","4","mg/L","MIC","","","Beckman Coulter Inc","CLSI",2021,"","","","Laboratory Method","","[38052776]"
299766,"299766.343","Enterobacter hormaechei subsp. steigerwaltii JBCDACH-19-0001","cefotaxime","","1","","1","mg/L","MIC","","","Beckman Coulter Inc","CLSI",2021,"","","","Laboratory Method","","[38052776]"
299766,"299766.287","Enterobacter hormaechei subsp. steigerwaltii JBBDAAF-19-0018","cefuroxime","",">32",">","32","mg/L","MIC","","","Beckman Coulter Inc","CLSI",2021,"","","","Laboratory Method","","[38052776]"
299766,"299766.312","Enterobacter hormaechei subsp. steigerwaltii JBCBAAJ-19-0100","ciprofloxacin","","1","","1","mg/L","MIC","","","Beckman Coulter Inc","CLSI",2021,"","","","Laboratory Method","","[38052776]"
299766,"299766.306","Enterobacter hormaechei subsp. steigerwaltii JBBEAAJ-19-0008","tobramycin","","4","","4","mg/L","MIC","","","Beckman Coulter Inc","CLSI",2021,"","","","Laboratory Method","","[38052776]"
299766,"299766.329","Enterobacter hormaechei subsp. steigerwaltii JBEAAEE-19-0043","cefmetazole","",">32",">","32","mg/L","MIC","","","Beckman Coulter Inc","CLSI",2021,"","","","Laboratory Method","","[38052776]"
299766,"299766.332","Enterobacter hormaechei subsp. steigerwaltii JBEAAEE-19-0140","tigecycline","","1","","1","mg/L","MIC","","","Beckman Coulter Inc","CLSI",2021,"","","","Laboratory Method","","[38052776]"
299766,"299766.317","Enterobacter hormaechei subsp. steigerwaltii JBCHACG-19-0311","minocycline","","<=1","<=","1","mg/L","MIC","","","Beckman Coulter Inc","CLSI",2021,"","","","Laboratory Method","","[38052776]"
299766,"299766.333","Enterobacter hormaechei subsp. steigerwaltii JBEAAEE-19-0141","cefotetan","",">32",">","32","mg/L","MIC","","","Beckman Coulter Inc","CLSI",2021,"","","","Laboratory Method","","[38052776]"
299766,"299766.275","Enterobacter hormaechei subsp. steigerwaltii JBBCAAG-19-0001","minocycline","",">8",">","8","mg/L","MIC","","","Beckman Coulter Inc","CLSI",2021,"","","","Laboratory Method","","[38052776]"
299766,"299766.332","Enterobacter hormaechei subsp. steigerwaltii JBEAAEE-19-0140","colistin","","<=1","<=","1","mg/L","MIC","","","Beckman Coulter Inc","CLSI",2021,"","","","Laboratory Method","","[38052776]"
299766,"299766.317","Enterobacter hormaechei subsp. steigerwaltii JBCHACG-19-0311","cefotaxime/clavulanic acid","","32","","32","mg/L","MIC","","","Beckman Coulter Inc","CLSI",2021,"","","","Laboratory Method","","[38052776]"
299766,"299766.277","Enterobacter hormaechei subsp. steigerwaltii JBBCAAG-19-0003","trimethoprim/sulfamethoxazole","","<=1/19","<=","1/19","mg/L","MIC","","","Beckman Coulter Inc","CLSI",2021,"","","","Laboratory Method","","[38052776]"
299766,"299766.299","Enterobacter hormaechei subsp. steigerwaltii JBBDAGF-19-0016","chloramphenicol","","<=8","<=","8","mg/L","MIC","","","Beckman Coulter Inc","CLSI",2021,"","","","Laboratory Method","","[38052776]"
299766,"299766.270","Enterobacter hormaechei subsp. steigerwaltii JBAJAAH-19-0047","cefmetazole","",">32",">","32","mg/L","MIC","","","Beckman Coulter Inc","CLSI",2021,"","","","Laboratory Method","","[38052776]"
299766,"299766.317","Enterobacter hormaechei subsp. steigerwaltii JBCHACG-19-0311","piperacillin","","<=4","<=","4","mg/L","MIC","","","Beckman Coulter Inc","CLSI",2021,"","","","Laboratory Method","","[38052776]"
299766,"299766.309","Enterobacter hormaechei subsp. steigerwaltii JBBEABG-19-0028","cefozopran","","16","","16","mg/L","MIC","","","Beckman Coulter Inc","CLSI",2021,"","","","Laboratory Method","","[38052776]"
299766,"299766.286","Enterobacter hormaechei subsp. steigerwaltii JBBDAAB-19-0067","cefotetan","",">32",">","32","mg/L","MIC","","","Beckman Coulter Inc","CLSI",2021,"","","","Laboratory Method","","[38052776]"
299766,"299766.284","Enterobacter hormaechei subsp. steigerwaltii JBBDAAB-19-0177","cefmetazole","",">32",">","32","mg/L","MIC","","","Beckman Coulter Inc","CLSI",2021,"","","","Laboratory Method","","[38052776]"
299766,"299766.278","Enterobacter hormaechei subsp. steigerwaltii JBBCAAG-19-0004","cefozopran","","16","","16","mg/L","MIC","","","Beckman Coulter Inc","CLSI",2021,"","","","Laboratory Method","","[38052776]"
299766,"299766.332","Enterobacter hormaechei subsp. steigerwaltii JBEAAEE-19-0140","piperacillin/tazobactam","","<=4","<=","4","mg/L","MIC","","","Beckman Coulter Inc","CLSI",2021,"","","","Laboratory Method","","[38052776]"
299766,"299766.273","Enterobacter hormaechei subsp. steigerwaltii JBBBAAB-19-0139","tobramycin","","4","","4","mg/L","MIC","","","Beckman Coulter Inc","CLSI",2021,"","","","Laboratory Method","","[38052776]"
299766,"299766.310","Enterobacter hormaechei subsp. steigerwaltii JBBGAAF-19-0022","tigecycline","","1","","1","mg/L","MIC","","","Beckman Coulter Inc","CLSI",2021,"","","","Laboratory Method","","[38052776]"
299766,"299766.313","Enterobacter hormaechei subsp. steigerwaltii JBCDAAB-19-0062","colistin","","8","","8","mg/L","MIC","","","Beckman Coulter Inc","CLSI",2021,"","","","Laboratory Method","","[38052776]"
299766,"299766.275","Enterobacter hormaechei subsp. steigerwaltii JBBCAAG-19-0001","trimethoprim/sulfamethoxazole","","<=1/19","<=","1/19","mg/L","MIC","","","Beckman Coulter Inc","CLSI",2021,"","","","Laboratory Method","","[38052776]"
299766,"299766.344","Enterobacter hormaechei subsp. steigerwaltii JBDJAAE-19-0102","tobramycin","",">8",">","8","mg/L","MIC","","","Beckman Coulter Inc","CLSI",2021,"","","","Laboratory Method","","[38052776]"
299766,"299766.319","Enterobacter hormaechei subsp. steigerwaltii JBCHAFC-19-0064","ceftazidime/clavulanic acid","",">32",">","32","mg/L","MIC","","","Beckman Coulter Inc","CLSI",2021,"","","","Laboratory Method","","[38052776]"
299766,"299766.336","Enterobacter hormaechei subsp. steigerwaltii JBEDACG-19-0108","minocycline","","8","","8","mg/L","MIC","","","Beckman Coulter Inc","CLSI",2021,"","","","Laboratory Method","","[38052776]"
299766,"299766.271","Enterobacter hormaechei subsp. steigerwaltii JBAJAAJ-19-0001","colistin","","2","","2","mg/L","MIC","","","Beckman Coulter Inc","CLSI",2021,"","","","Laboratory Method","","[38052776]"
299766,"299766.297","Enterobacter hormaechei subsp. steigerwaltii JBBDAFG-19-0124","tigecycline","","1","","1","mg/L","MIC","","","Beckman Coulter Inc","CLSI",2021,"","","","Laboratory Method","","[38052776]"
299766,"299766.305","Enterobacter hormaechei subsp. steigerwaltii JBBDAJB-19-0023","ceftriaxone","",">64",">","64","mg/L","MIC","","","Beckman Coulter Inc","CLSI",2021,"","","","Laboratory Method","","[38052776]"
299766,"299766.302","Enterobacter hormaechei subsp. steigerwaltii JBBDAJB-19-0020","ciprofloxacin","","<=0.25","<=","0.25","mg/L","MIC","","","Beckman Coulter Inc","CLSI",2021,"","","","Laboratory Method","","[38052776]"
299766,"299766.296","Enterobacter hormaechei subsp. steigerwaltii JBBDADH-19-0027","fosfomycin","","<=4","<=","4","mg/L","MIC","","","Beckman Coulter Inc","CLSI",2021,"","","","Laboratory Method","","[38052776]"
299766,"299766.341","Enterobacter hormaechei subsp. steigerwaltii JBEAACG-19-0092","cefozopran","",">16",">","16","mg/L","MIC","","","Beckman Coulter Inc","CLSI",2021,"","","","Laboratory Method","","[38052776]"
299766,"299766.310","Enterobacter hormaechei subsp. steigerwaltii JBBGAAF-19-0022","piperacillin/tazobactam","",">64",">","64","mg/L","MIC","","","Beckman Coulter Inc","CLSI",2021,"","","","Laboratory Method","","[38052776]"
299766,"299766.337","Enterobacter hormaechei subsp. steigerwaltii JBEDACG-19-0107","ampicillin/sulbactam","",">32/16",">","32/16","mg/L","MIC","","","Beckman Coulter Inc","CLSI",2021,"","","","Laboratory Method","","[38052776]"
299766,"299766.301","Enterobacter hormaechei subsp. steigerwaltii JBBDAGF-19-0055","colistin","","<=1","<=","1","mg/L","MIC","","","Beckman Coulter Inc","CLSI",2021,"","","","Laboratory Method","","[38052776]"
299766,"299766.270","Enterobacter hormaechei subsp. steigerwaltii JBAJAAH-19-0047","aztreonam","",">16",">","16","mg/L","MIC","","","Beckman Coulter Inc","CLSI",2021,"","","","Laboratory Method","","[38052776]"
299766,"299766.311","Enterobacter hormaechei subsp. steigerwaltii JBBHAAB-19-0033","ceftriaxone","",">64",">","64","mg/L","MIC","","","Beckman Coulter Inc","CLSI",2021,"","","","Laboratory Method","","[38052776]"
299766,"299766.330","Enterobacter hormaechei subsp. steigerwaltii JBEAAEE-19-0050","amikacin","","<=4","<=","4","mg/L","MIC","","","Beckman Coulter Inc","CLSI",2021,"","","","Laboratory Method","","[38052776]"
299766,"299766.299","Enterobacter hormaechei subsp. steigerwaltii JBBDAGF-19-0016","cefpodoxime","","2","","2","mg/L","MIC","","","Beckman Coulter Inc","CLSI",2021,"","","","Laboratory Method","","[38052776]"
299766,"299766.348","Enterobacter hormaechei subsp. steigerwaltii JBBBAAB-19-0014","colistin","","2","","2","mg/L","MIC","","","Beckman Coulter Inc","CLSI",2021,"","","","Laboratory Method","","[38052776]"
299766,"299766.291","Enterobacter hormaechei subsp. steigerwaltii JBBDAAF-19-0142","ampicillin/sulbactam","","32/16","","32/16","mg/L","MIC","","","Beckman Coulter Inc","CLSI",2021,"","","","Laboratory Method","","[38052776]"
299766,"299766.349","Enterobacter hormaechei subsp. steigerwaltii JBEAACG-19-0097","ciprofloxacin","",">4",">","4","mg/L","MIC","","","Beckman Coulter Inc","CLSI",2021,"","","","Laboratory Method","","[38052776]"
299766,"299766.277","Enterobacter hormaechei subsp. steigerwaltii JBBCAAG-19-0003","amikacin","","<=4","<=","4","mg/L","MIC","","","Beckman Coulter Inc","CLSI",2021,"","","","Laboratory Method","","[38052776]"
299766,"299766.302","Enterobacter hormaechei subsp. steigerwaltii JBBDAJB-19-0020","tobramycin","","8","","8","mg/L","MIC","","","Beckman Coulter Inc","CLSI",2021,"","","","Laboratory Method","","[38052776]"
299766,"299766.333","Enterobacter hormaechei subsp. steigerwaltii JBEAAEE-19-0141","minocycline","","2","","2","mg/L","MIC","","","Beckman Coulter Inc","CLSI",2021,"","","","Laboratory Method","","[38052776]"
299766,"299766.336","Enterobacter hormaechei subsp. steigerwaltii JBEDACG-19-0108","aztreonam","",">16",">","16","mg/L","MIC","","","Beckman Coulter Inc","CLSI",2021,"","","","Laboratory Method","","[38052776]"
299766,"299766.322","Enterobacter hormaechei subsp. steigerwaltii JBDGAAB-19-0032","cefotaxime/clavulanic acid","","<=0.12","<=","0.12","mg/L","MIC","","","Beckman Coulter Inc","CLSI",2021,"","","","Laboratory Method","","[38052776]"
299766,"299766.283","Enterobacter hormaechei subsp. steigerwaltii JBBDAAB-19-0170","levofloxacin","","2","","2","mg/L","MIC","","","Beckman Coulter Inc","CLSI",2021,"","","","Laboratory Method","","[38052776]"
299766,"299766.325","Enterobacter hormaechei subsp. steigerwaltii JBDGAAB-19-0117","minocycline","","2","","2","mg/L","MIC","","","Beckman Coulter Inc","CLSI",2021,"","","","Laboratory Method","","[38052776]"
299766,"299766.344","Enterobacter hormaechei subsp. steigerwaltii JBDJAAE-19-0102","ceftriaxone","",">64",">","64","mg/L","MIC","","","Beckman Coulter Inc","CLSI",2021,"","","","Laboratory Method","","[38052776]"
299766,"299766.319","Enterobacter hormaechei subsp. steigerwaltii JBCHAFC-19-0064","cefotetan","",">32",">","32","mg/L","MIC","","","Beckman Coulter Inc","CLSI",2021,"","","","Laboratory Method","","[38052776]"
299766,"299766.297","Enterobacter hormaechei subsp. steigerwaltii JBBDAFG-19-0124","cefoperazone/sulbactam","",">32/16",">","32/16","mg/L","MIC","","","Beckman Coulter Inc","CLSI",2021,"","","","Laboratory Method","","[38052776]"
299766,"299766.334","Enterobacter hormaechei subsp. steigerwaltii JBEAAFA-19-0408","cefmetazole","",">32",">","32","mg/L","MIC","","","Beckman Coulter Inc","CLSI",2021,"","","","Laboratory Method","","[38052776]"
299766,"299766.269","Enterobacter hormaechei subsp. steigerwaltii JBAIAAD-19-0115","ceftriaxone","",">64",">","64","mg/L","MIC","","","Beckman Coulter Inc","CLSI",2021,"","","","Laboratory Method","","[38052776]"
299766,"299766.309","Enterobacter hormaechei subsp. steigerwaltii JBBEABG-19-0028","cefotaxime","","64","","64","mg/L","MIC","","","Beckman Coulter Inc","CLSI",2021,"","","","Laboratory Method","","[38052776]"
299766,"299766.295","Enterobacter hormaechei subsp. steigerwaltii JBBDABE-19-0091","cefotaxime","",">128",">","128","mg/L","MIC","","","Beckman Coulter Inc","CLSI",2021,"","","","Laboratory Method","","[38052776]"
299766,"299766.269","Enterobacter hormaechei subsp. steigerwaltii JBAIAAD-19-0115","gentamicin","","<=1","<=","1","mg/L","MIC","","","Beckman Coulter Inc","CLSI",2021,"","","","Laboratory Method","","[38052776]"
299766,"299766.299","Enterobacter hormaechei subsp. steigerwaltii JBBDAGF-19-0016","gentamicin","","<=1","<=","1","mg/L","MIC","","","Beckman Coulter Inc","CLSI",2021,"","","","Laboratory Method","","[38052776]"
299766,"299766.288","Enterobacter hormaechei subsp. steigerwaltii JBBDAAF-19-0049","meropenem","","2","","2","mg/L","MIC","","","Beckman Coulter Inc","CLSI",2021,"","","","Laboratory Method","","[38052776]"
299766,"299766.294","Enterobacter hormaechei subsp. steigerwaltii JBBDABA-19-0004","cefotaxime","",">128",">","128","mg/L","MIC","","","Beckman Coulter Inc","CLSI",2021,"","","","Laboratory Method","","[38052776]"
299766,"299766.337","Enterobacter hormaechei subsp. steigerwaltii JBEDACG-19-0107","ciprofloxacin","","2","","2","mg/L","MIC","","","Beckman Coulter Inc","CLSI",2021,"","","","Laboratory Method","","[38052776]"
299766,"299766.268","Enterobacter hormaechei subsp. steigerwaltii JBAGABE-19-0098","cefmetazole","",">32",">","32","mg/L","MIC","","","Beckman Coulter Inc","CLSI",2021,"","","","Laboratory Method","","[38052776]"
299766,"299766.311","Enterobacter hormaechei subsp. steigerwaltii JBBHAAB-19-0033","cefotaxime/clavulanic acid","",">32",">","32","mg/L","MIC","","","Beckman Coulter Inc","CLSI",2021,"","","","Laboratory Method","","[38052776]"
299766,"299766.287","Enterobacter hormaechei subsp. steigerwaltii JBBDAAF-19-0018","tigecycline","","1","","1","mg/L","MIC","","","Beckman Coulter Inc","CLSI",2021,"","","","Laboratory Method","","[38052776]"
299766,"299766.317","Enterobacter hormaechei subsp. steigerwaltii JBCHACG-19-0311","cefepime","","<=1","<=","1","mg/L","MIC","","","Beckman Coulter Inc","CLSI",2021,"","","","Laboratory Method","","[38052776]"
299766,"299766.286","Enterobacter hormaechei subsp. steigerwaltii JBBDAAB-19-0067","amikacin","","<=4","<=","4","mg/L","MIC","","","Beckman Coulter Inc","CLSI",2021,"","","","Laboratory Method","","[38052776]"
299766,"299766.280","Enterobacter hormaechei subsp. steigerwaltii JBBCADC-19-0142","ceftriaxone","",">64",">","64","mg/L","MIC","","","Beckman Coulter Inc","CLSI",2021,"","","","Laboratory Method","","[38052776]"
299766,"299766.285","Enterobacter hormaechei subsp. steigerwaltii JBBDAAB-19-0061","fosfomycin","","<=4","<=","4","mg/L","MIC","","","Beckman Coulter Inc","CLSI",2021,"","","","Laboratory Method","","[38052776]"
299766,"299766.296","Enterobacter hormaechei subsp. steigerwaltii JBBDADH-19-0027","meropenem","","8","","8","mg/L","MIC","","","Beckman Coulter Inc","CLSI",2021,"","","","Laboratory Method","","[38052776]"
299766,"299766.290","Enterobacter hormaechei subsp. steigerwaltii JBBDAAF-19-0070","amikacin","","<=4","<=","4","mg/L","MIC","","","Beckman Coulter Inc","CLSI",2021,"","","","Laboratory Method","","[38052776]"
299766,"299766.304","Enterobacter hormaechei subsp. steigerwaltii JBBDAJB-19-0015","gentamicin","","2","","2","mg/L","MIC","","","Beckman Coulter Inc","CLSI",2021,"","","","Laboratory Method","","[38052776]"
299766,"299766.300","Enterobacter hormaechei subsp. steigerwaltii JBBDAGF-19-0034","cefotaxime","","32","","32","mg/L","MIC","","","Beckman Coulter Inc","CLSI",2021,"","","","Laboratory Method","","[38052776]"
299766,"299766.323","Enterobacter hormaechei subsp. steigerwaltii JBDGAAB-19-0063","piperacillin","","<=4","<=","4","mg/L","MIC","","","Beckman Coulter Inc","CLSI",2021,"","","","Laboratory Method","","[38052776]"
299766,"299766.346","Enterobacter hormaechei subsp. steigerwaltii JBCBAAD-19-0109","minocycline","","2","","2","mg/L","MIC","","","Beckman Coulter Inc","CLSI",2021,"","","","Laboratory Method","","[38052776]"
299766,"299766.281","Enterobacter hormaechei subsp. steigerwaltii JBBCADC-19-0145","piperacillin/tazobactam","","<=4","<=","4","mg/L","MIC","","","Beckman Coulter Inc","CLSI",2021,"","","","Laboratory Method","","[38052776]"
299766,"299766.340","Enterobacter hormaechei subsp. steigerwaltii JBEAACG-19-0081","cefoperazone/sulbactam","",">32/16",">","32/16","mg/L","MIC","","","Beckman Coulter Inc","CLSI",2021,"","","","Laboratory Method","","[38052776]"
299766,"299766.305","Enterobacter hormaechei subsp. steigerwaltii JBBDAJB-19-0023","cefotaxime/clavulanic acid","","32","","32","mg/L","MIC","","","Beckman Coulter Inc","CLSI",2021,"","","","Laboratory Method","","[38052776]"
299766,"299766.336","Enterobacter hormaechei subsp. steigerwaltii JBEDACG-19-0108","cefotaxime","",">128",">","128","mg/L","MIC","","","Beckman Coulter Inc","CLSI",2021,"","","","Laboratory Method","","[38052776]"
299766,"299766.340","Enterobacter hormaechei subsp. steigerwaltii JBEAACG-19-0081","aztreonam","",">16",">","16","mg/L","MIC","","","Beckman Coulter Inc","CLSI",2021,"","","","Laboratory Method","","[38052776]"
299766,"299766.275","Enterobacter hormaechei subsp. steigerwaltii JBBCAAG-19-0001","colistin","","<=1","<=","1","mg/L","MIC","","","Beckman Coulter Inc","CLSI",2021,"","","","Laboratory Method","","[38052776]"
299766,"299766.323","Enterobacter hormaechei subsp. steigerwaltii JBDGAAB-19-0063","colistin","","<=1","<=","1","mg/L","MIC","","","Beckman Coulter Inc","CLSI",2021,"","","","Laboratory Method","","[38052776]"
