"Taxon ID","Genome ID","Genome Name","Antibiotic","Resistant Phenotype","Measurement","Measurement Sign","Measurement Value","Measurement Unit","Laboratory Typing Method","Laboratory Typing Method Version","Laboratory Typing Platform","Vendor","Testing Standard","Testing Standard Year","Computational Method","Computational Method Version","Computational Method Performance","Evidence","Source","PubMed"
593905,"593905.27","Salmonella enterica subsp. enterica serovar Corvallis strain NPHL 15376","tigecycline","Susceptible","<=0.5","<=","0.5","mg/L","Broth dilution","","VITEK 2","BioMerieux","CLSI","","","","","","",""
593905,"593905.27","Salmonella enterica subsp. enterica serovar Corvallis strain NPHL 15376","ampicillin/sulbactam","Resistant",">=32/16",">=","32/16","mg/L","Broth dilution","","VITEK 2","BioMerieux","CLSI","","","","","","",""
593905,"593905.28","Salmonella enterica subsp. enterica serovar Corvallis strain AR-0406","cefoxitin","Susceptible","==2","=","2","mg/L","Broth dilution","","","","CLSI","","","","","","",""
593905,"593905.27","Salmonella enterica subsp. enterica serovar Corvallis strain NPHL 15376","cefazolin","Resistant",">16",">","16","mg/L","Broth dilution","","BD Phoenix","BD","CLSI","","","","","","",""
593905,"593905.27","Salmonella enterica subsp. enterica serovar Corvallis strain NPHL 15376","tobramycin","Resistant",">8",">","8","mg/L","Broth dilution","","BD Phoenix","BD","CLSI","","","","","","",""
593905,"593905.28","Salmonella enterica subsp. enterica serovar Corvallis strain AR-0406","sulfisoxazole","Susceptible","==32","=","32","mg/L","Broth dilution","","","","CLSI","","","","","","",""
593905,"593905.27","Salmonella enterica subsp. enterica serovar Corvallis strain NPHL 15376","meropenem","Susceptible","<=0.25","<=","0.25","mg/L","Broth dilution","","VITEK 2","BioMerieux","CLSI","","","","","","",""
593905,"593905.27","Salmonella enterica subsp. enterica serovar Corvallis strain NPHL 15376","gentamicin","Resistant",">=16",">=","16","mg/L","Broth dilution","","VITEK 2","BioMerieux","CLSI","","","","","","",""
593905,"593905.27","Salmonella enterica subsp. enterica serovar Corvallis strain NPHL 15376","nitrofurantoin","Susceptible","==32","=","32","mg/L","Broth dilution","","VITEK 2","BioMerieux","CLSI","","","","","","",""
593905,"593905.27","Salmonella enterica subsp. enterica serovar Corvallis strain NPHL 15376","tobramycin","Resistant",">=16",">=","16","mg/L","Broth dilution","","VITEK 2","BioMerieux","CLSI","","","","","","",""
593905,"593905.27","Salmonella enterica subsp. enterica serovar Corvallis strain NPHL 15376","gentamicin","Resistant",">8",">","8","mg/L","Broth dilution","","BD Phoenix","BD","CLSI","","","","","","",""
593905,"593905.27","Salmonella enterica subsp. enterica serovar Corvallis strain NPHL 15376","ampicillin","Resistant",">=32",">=","32","mg/L","Broth dilution","","VITEK 2","BioMerieux","CLSI","","","","","","",""
593905,"593905.28","Salmonella enterica subsp. enterica serovar Corvallis strain AR-0406","streptomycin","","<=2","<=","2","mg/L","Broth dilution","","","","CLSI","","","","","","",""
593905,"593905.27","Salmonella enterica subsp. enterica serovar Corvallis strain NPHL 15376","imipenem","Susceptible","<=1","<=","1","mg/L","Broth dilution","","MicroScan","Siemens","CLSI","","","","","","",""
593905,"593905.27","Salmonella enterica subsp. enterica serovar Corvallis strain NPHL 15376","ceftazidime","Resistant",">16",">","16","mg/L","Broth dilution","","MicroScan","Siemens","CLSI","","","","","","",""
593905,"593905.28","Salmonella enterica subsp. enterica serovar Corvallis strain AR-0406","chloramphenicol","Susceptible","==4","=","4","mg/L","Broth dilution","","","","CLSI","","","","","","",""
593905,"593905.27","Salmonella enterica subsp. enterica serovar Corvallis strain NPHL 15376","trimethoprim/sulfamethoxazole","Resistant",">=16/304",">=","16/304","mg/L","Broth dilution","","VITEK 2","BioMerieux","CLSI","","","","","","",""
593905,"593905.27","Salmonella enterica subsp. enterica serovar Corvallis strain NPHL 15376","amikacin","Resistant",">32",">","32","mg/L","Broth dilution","","BD Phoenix","BD","CLSI","","","","","","",""
593905,"593905.27","Salmonella enterica subsp. enterica serovar Corvallis strain NPHL 15376","cefazolin","Resistant",">=64",">=","64","mg/L","Broth dilution","","VITEK 2","BioMerieux","CLSI","","","","","","",""
593905,"593905.27","Salmonella enterica subsp. enterica serovar Corvallis strain NPHL 15376","amoxicillin/clavulanic acid","Resistant",">16/8",">","16/8","mg/L","Broth dilution","","MicroScan","Siemens","CLSI","","","","","","",""
593905,"593905.28","Salmonella enterica subsp. enterica serovar Corvallis strain AR-0406","gentamicin","Susceptible","<=0.25","<=","0.25","mg/L","Broth dilution","","","","CLSI","","","","","","",""
593905,"593905.28","Salmonella enterica subsp. enterica serovar Corvallis strain AR-0406","azithromycin","","==2","=","2","mg/L","Broth dilution","","","","CLSI","","","","","","",""
593905,"593905.27","Salmonella enterica subsp. enterica serovar Corvallis strain NPHL 15376","ceftazidime","Resistant",">16",">","16","mg/L","Broth dilution","","BD Phoenix","BD","CLSI","","","","","","",""
593905,"593905.28","Salmonella enterica subsp. enterica serovar Corvallis strain AR-0406","nalidixic acid","","==16","=","16","mg/L","Broth dilution","","","","CLSI","","","","","","",""
593905,"593905.28","Salmonella enterica subsp. enterica serovar Corvallis strain AR-0406","ampicillin","Susceptible","<=1","<=","1","mg/L","Broth dilution","","","","CLSI","","","","","","",""
593905,"593905.28","Salmonella enterica subsp. enterica serovar Corvallis strain AR-0406","ciprofloxacin","Intermediate","==0.5","=","0.5","mg/L","Broth dilution","","","","CLSI","","","","","","",""
593905,"593905.27","Salmonella enterica subsp. enterica serovar Corvallis strain NPHL 15376","cefotaxime","Intermediate","==16","=","16","mg/L","Broth dilution","","MicroScan","Siemens","CLSI","","","","","","",""
593905,"593905.27","Salmonella enterica subsp. enterica serovar Corvallis strain NPHL 15376","moxifloxacin","Intermediate","==4","=","4","mg/L","Broth dilution","","VITEK 2","BioMerieux","CLSI","","","","","","",""
593905,"593905.27","Salmonella enterica subsp. enterica serovar Corvallis strain NPHL 15376","amikacin","Resistant",">=64",">=","64","mg/L","Broth dilution","","VITEK 2","BioMerieux","CLSI","","","","","","",""
593905,"593905.27","Salmonella enterica subsp. enterica serovar Corvallis strain NPHL 15376","ertapenem","Susceptible","<=1","<=","1","mg/L","Broth dilution","","MicroScan","Siemens","CLSI","","","","","","",""
593905,"593905.27","Salmonella enterica subsp. enterica serovar Corvallis strain NPHL 15376","piperacillin/tazobactam","Resistant",">64/4",">","64/4","mg/L","Broth dilution","","BD Phoenix","BD","CLSI","","","","","","",""
593905,"593905.27","Salmonella enterica subsp. enterica serovar Corvallis strain NPHL 15376","trimethoprim/sulfamethoxazole","Resistant",">2/38",">","2/38","mg/L","Broth dilution","","BD Phoenix","BD","CLSI","","","","","","",""
593905,"593905.27","Salmonella enterica subsp. enterica serovar Corvallis strain NPHL 15376","piperacillin/tazobactam","Susceptible","<=16/4","<=","16/4","mg/L","Broth dilution","","MicroScan","Siemens","CLSI","","","","","","",""
593905,"593905.27","Salmonella enterica subsp. enterica serovar Corvallis strain NPHL 15376","ampicillin/sulbactam","Resistant",">16/8",">","16/8","mg/L","Broth dilution","","MicroScan","Siemens","CLSI","","","","","","",""
593905,"593905.27","Salmonella enterica subsp. enterica serovar Corvallis strain NPHL 15376","tetracycline","Resistant",">8",">","8","mg/L","Broth dilution","","MicroScan","Siemens","CLSI","","","","","","",""
593905,"593905.27","Salmonella enterica subsp. enterica serovar Corvallis strain NPHL 15376","levofloxacin","Susceptible","<=2","<=","2","mg/L","Broth dilution","","MicroScan","Siemens","CLSI","","","","","","",""
593905,"593905.28","Salmonella enterica subsp. enterica serovar Corvallis strain AR-0406","trimethoprim/sulfamethoxazole","Susceptible","<=0.12/2.37","<=","0.12/2.37","mg/L","Broth dilution","","","","CLSI","","","","","","",""
593905,"593905.27","Salmonella enterica subsp. enterica serovar Corvallis strain NPHL 15376","ampicillin","Resistant",">16",">","16","mg/L","Broth dilution","","BD Phoenix","BD","CLSI","","","","","","",""
593905,"593905.27","Salmonella enterica subsp. enterica serovar Corvallis strain NPHL 15376","trimethoprim/sulfamethoxazole","Resistant",">2/38",">","2/38","mg/L","Broth dilution","","MicroScan","Siemens","CLSI","","","","","","",""
593905,"593905.28","Salmonella enterica subsp. enterica serovar Corvallis strain AR-0406","ceftiofur","","==0.5","=","0.5","mg/L","Broth dilution","","","","CLSI","","","","","","",""
593905,"593905.27","Salmonella enterica subsp. enterica serovar Corvallis strain NPHL 15376","meropenem","Susceptible","<=0.25","<=","0.25","mg/L","Broth dilution","","BD Phoenix","BD","CLSI","","","","","","",""
593905,"593905.27","Salmonella enterica subsp. enterica serovar Corvallis strain NPHL 15376","tetracycline","Resistant",">8",">","8","mg/L","Broth dilution","","BD Phoenix","BD","CLSI","","","","","","",""
593905,"593905.27","Salmonella enterica subsp. enterica serovar Corvallis strain NPHL 15376","imipenem","Susceptible","<=0.25","<=","0.25","mg/L","Broth dilution","","BD Phoenix","BD","CLSI","","","","","","",""
593905,"593905.27","Salmonella enterica subsp. enterica serovar Corvallis strain NPHL 15376","tigecycline","Susceptible","<=2","<=","2","mg/L","Broth dilution","","MicroScan","Siemens","CLSI","","","","","","",""
593905,"593905.27","Salmonella enterica subsp. enterica serovar Corvallis strain NPHL 15376","ertapenem","Susceptible","<=0.25","<=","0.25","mg/L","Broth dilution","","BD Phoenix","BD","CLSI","","","","","","",""
593905,"593905.27","Salmonella enterica subsp. enterica serovar Corvallis strain NPHL 15376","doripenem","Susceptible","<=0.5","<=","0.5","mg/L","Broth dilution","","MicroScan","Siemens","CLSI","","","","","","",""
593905,"593905.27","Salmonella enterica subsp. enterica serovar Corvallis strain NPHL 15376","ampicillin","Resistant",">16",">","16","mg/L","Broth dilution","","MicroScan","Siemens","CLSI","","","","","","",""
593905,"593905.27","Salmonella enterica subsp. enterica serovar Corvallis strain NPHL 15376","amoxicillin/clavulanic acid","Resistant",">16/8",">","16/8","mg/L","Broth dilution","","BD Phoenix","BD","CLSI","","","","","","",""
593905,"593905.28","Salmonella enterica subsp. enterica serovar Corvallis strain AR-0406","tetracycline","Susceptible","<=4","<=","4","mg/L","Broth dilution","","","","CLSI","","","","","","",""
593905,"593905.27","Salmonella enterica subsp. enterica serovar Corvallis strain NPHL 15376","imipenem","Susceptible","<=0.25","<=","0.25","mg/L","Broth dilution","","VITEK 2","BioMerieux","CLSI","","","","","","",""
593905,"593905.27","Salmonella enterica subsp. enterica serovar Corvallis strain NPHL 15376","ertapenem","Susceptible","<=0.5","<=","0.5","mg/L","Broth dilution","","VITEK 2","BioMerieux","CLSI","","","","","","",""
593905,"593905.28","Salmonella enterica subsp. enterica serovar Corvallis strain AR-0406","ceftriaxone","Susceptible","<=0.25","<=","0.25","mg/L","Broth dilution","","","","CLSI","","","","","","",""
593905,"593905.12","Salmonella enterica subsp. enterica serovar Corvallis strain CFSAN059903","amoxicillin/clavulanic acid","","1.0","","1.0","mg/L","","","","","","","MIC XGBoost Model","202503101","W1 score: 0.98, CI[0.96, 0.99]","Computational Method","",""
593905,"593905.12","Salmonella enterica subsp. enterica serovar Corvallis strain CFSAN059903","ampicillin","","1.0","","1.0","mg/L","","","","","","","MIC XGBoost Model","202503101","W1 score: 0.96, CI[0.95, 0.97]","Computational Method","",""
593905,"593905.12","Salmonella enterica subsp. enterica serovar Corvallis strain CFSAN059903","azithromycin","","4.0","","4.0","mg/L","","","","","","","MIC XGBoost Model","202503101","W1 score: 0.99, CI[0.98, 1.00]","Computational Method","",""
593905,"593905.12","Salmonella enterica subsp. enterica serovar Corvallis strain CFSAN059903","ceftazidime","","16.0","","16.0","mg/L","","","","","","","MIC XGBoost Model","202503101","W1 score: 0.93, CI[0.88, 0.99]","Computational Method","",""
593905,"593905.12","Salmonella enterica subsp. enterica serovar Corvallis strain CFSAN059903","chloramphenicol","","4.0","","4.0","mg/L","","","","","","","MIC XGBoost Model","202503101","W1 score: 0.99, CI[0.98, 1.00]","Computational Method","",""
593905,"593905.12","Salmonella enterica subsp. enterica serovar Corvallis strain CFSAN059903","ciprofloxacin","","0.0625","","0.0625","mg/L","","","","","","","MIC XGBoost Model","202503101","W1 score: 0.88, CI[0.86, 0.90]","Computational Method","",""
593905,"593905.12","Salmonella enterica subsp. enterica serovar Corvallis strain CFSAN059903","ceftriaxone","","0.25","","0.25","mg/L","","","","","","","MIC XGBoost Model","202503101","W1 score: 0.95, CI[0.94, 0.96]","Computational Method","",""
593905,"593905.12","Salmonella enterica subsp. enterica serovar Corvallis strain CFSAN059903","cefotaxime","","16.0","","16.0","mg/L","","","","","","","MIC XGBoost Model","202503101","W1 score: 0.95, CI[0.89, 1.00]","Computational Method","",""
593905,"593905.12","Salmonella enterica subsp. enterica serovar Corvallis strain CFSAN059903","sulfisoxazole","","32.0","","32.0","mg/L","","","","","","","MIC XGBoost Model","202503101","W1 score: 0.98, CI[0.97, 0.99]","Computational Method","",""
593905,"593905.12","Salmonella enterica subsp. enterica serovar Corvallis strain CFSAN059903","cefoxitin","","2.0","","2.0","mg/L","","","","","","","MIC XGBoost Model","202503101","W1 score: 0.98, CI[0.97, 1.00]","Computational Method","",""
593905,"593905.12","Salmonella enterica subsp. enterica serovar Corvallis strain CFSAN059903","gentamicin","","0.5","","0.5","mg/L","","","","","","","MIC XGBoost Model","202503101","W1 score: 0.97, CI[0.95, 0.99]","Computational Method","",""
593905,"593905.12","Salmonella enterica subsp. enterica serovar Corvallis strain CFSAN059903","kanamycin","","8.0","","8.0","mg/L","","","","","","","MIC XGBoost Model","202503101","W1 score: 0.99, CI[0.98, 1.01]","Computational Method","",""
593905,"593905.12","Salmonella enterica subsp. enterica serovar Corvallis strain CFSAN059903","meropenem","","0.5","","0.5","mg/L","","","","","","","MIC XGBoost Model","202503101","W1 score: 0.95, CI[0.90, 1.01]","Computational Method","",""
593905,"593905.12","Salmonella enterica subsp. enterica serovar Corvallis strain CFSAN059903","nalidixic acid","","8.0","","8.0","mg/L","","","","","","","MIC XGBoost Model","202503101","W1 score: 0.98, CI[0.97, 0.99]","Computational Method","",""
593905,"593905.12","Salmonella enterica subsp. enterica serovar Corvallis strain CFSAN059903","streptomycin","","16.0","","16.0","mg/L","","","","","","","MIC XGBoost Model","202503101","W1 score: 0.92, CI[0.90, 0.93]","Computational Method","",""
593905,"593905.12","Salmonella enterica subsp. enterica serovar Corvallis strain CFSAN059903","tetracycline","","4.0","","4.0","mg/L","","","","","","","MIC XGBoost Model","202503101","W1 score: 0.99, CI[0.98, 0.99]","Computational Method","",""
593905,"593905.12","Salmonella enterica subsp. enterica serovar Corvallis strain CFSAN059903","ceftiofur","","1.0","","1.0","mg/L","","","","","","","MIC XGBoost Model","202503101","W1 score: 0.99, CI[0.98, 0.99]","Computational Method","",""
593905,"593905.13","Salmonella enterica subsp. enterica serovar Corvallis strain 12-01738","amoxicillin/clavulanic acid","","8.0","","8.0","mg/L","","","","","","","MIC XGBoost Model","202503101","W1 score: 0.98, CI[0.96, 0.99]","Computational Method","",""
593905,"593905.13","Salmonella enterica subsp. enterica serovar Corvallis strain 12-01738","ampicillin","","32.0","","32.0","mg/L","","","","","","","MIC XGBoost Model","202503101","W1 score: 0.96, CI[0.95, 0.97]","Computational Method","",""
593905,"593905.13","Salmonella enterica subsp. enterica serovar Corvallis strain 12-01738","azithromycin","","4.0","","4.0","mg/L","","","","","","","MIC XGBoost Model","202503101","W1 score: 0.99, CI[0.98, 1.00]","Computational Method","",""
593905,"593905.13","Salmonella enterica subsp. enterica serovar Corvallis strain 12-01738","ceftazidime","","2.0","","2.0","mg/L","","","","","","","MIC XGBoost Model","202503101","W1 score: 0.93, CI[0.88, 0.99]","Computational Method","",""
593905,"593905.13","Salmonella enterica subsp. enterica serovar Corvallis strain 12-01738","chloramphenicol","","16.0","","16.0","mg/L","","","","","","","MIC XGBoost Model","202503101","W1 score: 0.99, CI[0.98, 1.00]","Computational Method","",""
593905,"593905.13","Salmonella enterica subsp. enterica serovar Corvallis strain 12-01738","ciprofloxacin","","0.0625","","0.0625","mg/L","","","","","","","MIC XGBoost Model","202503101","W1 score: 0.88, CI[0.86, 0.90]","Computational Method","",""
593905,"593905.13","Salmonella enterica subsp. enterica serovar Corvallis strain 12-01738","ceftriaxone","","16.0","","16.0","mg/L","","","","","","","MIC XGBoost Model","202503101","W1 score: 0.95, CI[0.94, 0.96]","Computational Method","",""
593905,"593905.13","Salmonella enterica subsp. enterica serovar Corvallis strain 12-01738","cefotaxime","","16.0","","16.0","mg/L","","","","","","","MIC XGBoost Model","202503101","W1 score: 0.95, CI[0.89, 1.00]","Computational Method","",""
593905,"593905.13","Salmonella enterica subsp. enterica serovar Corvallis strain 12-01738","sulfisoxazole","","256.0","","256.0","mg/L","","","","","","","MIC XGBoost Model","202503101","W1 score: 0.98, CI[0.97, 0.99]","Computational Method","",""
593905,"593905.13","Salmonella enterica subsp. enterica serovar Corvallis strain 12-01738","cefoxitin","","32.0","","32.0","mg/L","","","","","","","MIC XGBoost Model","202503101","W1 score: 0.98, CI[0.97, 1.00]","Computational Method","",""
593905,"593905.13","Salmonella enterica subsp. enterica serovar Corvallis strain 12-01738","gentamicin","","1.0","","1.0","mg/L","","","","","","","MIC XGBoost Model","202503101","W1 score: 0.97, CI[0.95, 0.99]","Computational Method","",""
593905,"593905.13","Salmonella enterica subsp. enterica serovar Corvallis strain 12-01738","kanamycin","","16.0","","16.0","mg/L","","","","","","","MIC XGBoost Model","202503101","W1 score: 0.99, CI[0.98, 1.01]","Computational Method","",""
593905,"593905.13","Salmonella enterica subsp. enterica serovar Corvallis strain 12-01738","meropenem","","0.25","","0.25","mg/L","","","","","","","MIC XGBoost Model","202503101","W1 score: 0.95, CI[0.90, 1.01]","Computational Method","",""
593905,"593905.13","Salmonella enterica subsp. enterica serovar Corvallis strain 12-01738","nalidixic acid","","2.0","","2.0","mg/L","","","","","","","MIC XGBoost Model","202503101","W1 score: 0.98, CI[0.97, 0.99]","Computational Method","",""
593905,"593905.13","Salmonella enterica subsp. enterica serovar Corvallis strain 12-01738","streptomycin","","64.0","","64.0","mg/L","","","","","","","MIC XGBoost Model","202503101","W1 score: 0.92, CI[0.90, 0.93]","Computational Method","",""
593905,"593905.13","Salmonella enterica subsp. enterica serovar Corvallis strain 12-01738","tetracycline","","16.0","","16.0","mg/L","","","","","","","MIC XGBoost Model","202503101","W1 score: 0.99, CI[0.98, 0.99]","Computational Method","",""
593905,"593905.13","Salmonella enterica subsp. enterica serovar Corvallis strain 12-01738","ceftiofur","","8.0","","8.0","mg/L","","","","","","","MIC XGBoost Model","202503101","W1 score: 0.99, CI[0.98, 0.99]","Computational Method","",""
593905,"593905.14","Salmonella enterica subsp. enterica serovar Corvallis strain SL_62_S353","amoxicillin/clavulanic acid","","1.0","","1.0","mg/L","","","","","","","MIC XGBoost Model","202503101","W1 score: 0.98, CI[0.96, 0.99]","Computational Method","",""
593905,"593905.14","Salmonella enterica subsp. enterica serovar Corvallis strain SL_62_S353","ampicillin","","1.0","","1.0","mg/L","","","","","","","MIC XGBoost Model","202503101","W1 score: 0.96, CI[0.95, 0.97]","Computational Method","",""
593905,"593905.14","Salmonella enterica subsp. enterica serovar Corvallis strain SL_62_S353","azithromycin","","4.0","","4.0","mg/L","","","","","","","MIC XGBoost Model","202503101","W1 score: 0.99, CI[0.98, 1.00]","Computational Method","",""
593905,"593905.14","Salmonella enterica subsp. enterica serovar Corvallis strain SL_62_S353","ceftazidime","","4.0","","4.0","mg/L","","","","","","","MIC XGBoost Model","202503101","W1 score: 0.93, CI[0.88, 0.99]","Computational Method","",""
593905,"593905.14","Salmonella enterica subsp. enterica serovar Corvallis strain SL_62_S353","chloramphenicol","","8.0","","8.0","mg/L","","","","","","","MIC XGBoost Model","202503101","W1 score: 0.99, CI[0.98, 1.00]","Computational Method","",""
593905,"593905.14","Salmonella enterica subsp. enterica serovar Corvallis strain SL_62_S353","ciprofloxacin","","0.015625","","0.015625","mg/L","","","","","","","MIC XGBoost Model","202503101","W1 score: 0.88, CI[0.86, 0.90]","Computational Method","",""
593905,"593905.14","Salmonella enterica subsp. enterica serovar Corvallis strain SL_62_S353","ceftriaxone","","0.25","","0.25","mg/L","","","","","","","MIC XGBoost Model","202503101","W1 score: 0.95, CI[0.94, 0.96]","Computational Method","",""
593905,"593905.14","Salmonella enterica subsp. enterica serovar Corvallis strain SL_62_S353","cefotaxime","","16.0","","16.0","mg/L","","","","","","","MIC XGBoost Model","202503101","W1 score: 0.95, CI[0.89, 1.00]","Computational Method","",""
593905,"593905.14","Salmonella enterica subsp. enterica serovar Corvallis strain SL_62_S353","sulfisoxazole","","32.0","","32.0","mg/L","","","","","","","MIC XGBoost Model","202503101","W1 score: 0.98, CI[0.97, 0.99]","Computational Method","",""
593905,"593905.14","Salmonella enterica subsp. enterica serovar Corvallis strain SL_62_S353","cefoxitin","","2.0","","2.0","mg/L","","","","","","","MIC XGBoost Model","202503101","W1 score: 0.98, CI[0.97, 1.00]","Computational Method","",""
593905,"593905.14","Salmonella enterica subsp. enterica serovar Corvallis strain SL_62_S353","gentamicin","","0.5","","0.5","mg/L","","","","","","","MIC XGBoost Model","202503101","W1 score: 0.97, CI[0.95, 0.99]","Computational Method","",""
593905,"593905.14","Salmonella enterica subsp. enterica serovar Corvallis strain SL_62_S353","kanamycin","","8.0","","8.0","mg/L","","","","","","","MIC XGBoost Model","202503101","W1 score: 0.99, CI[0.98, 1.01]","Computational Method","",""
593905,"593905.14","Salmonella enterica subsp. enterica serovar Corvallis strain SL_62_S353","meropenem","","0.25","","0.25","mg/L","","","","","","","MIC XGBoost Model","202503101","W1 score: 0.95, CI[0.90, 1.01]","Computational Method","",""
593905,"593905.14","Salmonella enterica subsp. enterica serovar Corvallis strain SL_62_S353","nalidixic acid","","4.0","","4.0","mg/L","","","","","","","MIC XGBoost Model","202503101","W1 score: 0.98, CI[0.97, 0.99]","Computational Method","",""
593905,"593905.14","Salmonella enterica subsp. enterica serovar Corvallis strain SL_62_S353","streptomycin","","16.0","","16.0","mg/L","","","","","","","MIC XGBoost Model","202503101","W1 score: 0.92, CI[0.90, 0.93]","Computational Method","",""
593905,"593905.14","Salmonella enterica subsp. enterica serovar Corvallis strain SL_62_S353","tetracycline","","4.0","","4.0","mg/L","","","","","","","MIC XGBoost Model","202503101","W1 score: 0.99, CI[0.98, 0.99]","Computational Method","",""
593905,"593905.14","Salmonella enterica subsp. enterica serovar Corvallis strain SL_62_S353","ceftiofur","","1.0","","1.0","mg/L","","","","","","","MIC XGBoost Model","202503101","W1 score: 0.99, CI[0.98, 0.99]","Computational Method","",""
593905,"593905.15","Salmonella enterica subsp. enterica serovar Corvallis strain SL_39_S118","amoxicillin/clavulanic acid","","1.0","","1.0","mg/L","","","","","","","MIC XGBoost Model","202503101","W1 score: 0.98, CI[0.96, 0.99]","Computational Method","",""
593905,"593905.15","Salmonella enterica subsp. enterica serovar Corvallis strain SL_39_S118","ampicillin","","2.0","","2.0","mg/L","","","","","","","MIC XGBoost Model","202503101","W1 score: 0.96, CI[0.95, 0.97]","Computational Method","",""
593905,"593905.15","Salmonella enterica subsp. enterica serovar Corvallis strain SL_39_S118","azithromycin","","4.0","","4.0","mg/L","","","","","","","MIC XGBoost Model","202503101","W1 score: 0.99, CI[0.98, 1.00]","Computational Method","",""
593905,"593905.15","Salmonella enterica subsp. enterica serovar Corvallis strain SL_39_S118","ceftazidime","","4.0","","4.0","mg/L","","","","","","","MIC XGBoost Model","202503101","W1 score: 0.93, CI[0.88, 0.99]","Computational Method","",""
593905,"593905.15","Salmonella enterica subsp. enterica serovar Corvallis strain SL_39_S118","chloramphenicol","","4.0","","4.0","mg/L","","","","","","","MIC XGBoost Model","202503101","W1 score: 0.99, CI[0.98, 1.00]","Computational Method","",""
593905,"593905.15","Salmonella enterica subsp. enterica serovar Corvallis strain SL_39_S118","ciprofloxacin","","0.03125","","0.03125","mg/L","","","","","","","MIC XGBoost Model","202503101","W1 score: 0.88, CI[0.86, 0.90]","Computational Method","",""
593905,"593905.15","Salmonella enterica subsp. enterica serovar Corvallis strain SL_39_S118","ceftriaxone","","0.25","","0.25","mg/L","","","","","","","MIC XGBoost Model","202503101","W1 score: 0.95, CI[0.94, 0.96]","Computational Method","",""
593905,"593905.15","Salmonella enterica subsp. enterica serovar Corvallis strain SL_39_S118","cefotaxime","","16.0","","16.0","mg/L","","","","","","","MIC XGBoost Model","202503101","W1 score: 0.95, CI[0.89, 1.00]","Computational Method","",""
593905,"593905.15","Salmonella enterica subsp. enterica serovar Corvallis strain SL_39_S118","sulfisoxazole","","32.0","","32.0","mg/L","","","","","","","MIC XGBoost Model","202503101","W1 score: 0.98, CI[0.97, 0.99]","Computational Method","",""
593905,"593905.15","Salmonella enterica subsp. enterica serovar Corvallis strain SL_39_S118","cefoxitin","","4.0","","4.0","mg/L","","","","","","","MIC XGBoost Model","202503101","W1 score: 0.98, CI[0.97, 1.00]","Computational Method","",""
593905,"593905.15","Salmonella enterica subsp. enterica serovar Corvallis strain SL_39_S118","gentamicin","","0.5","","0.5","mg/L","","","","","","","MIC XGBoost Model","202503101","W1 score: 0.97, CI[0.95, 0.99]","Computational Method","",""
593905,"593905.15","Salmonella enterica subsp. enterica serovar Corvallis strain SL_39_S118","kanamycin","","8.0","","8.0","mg/L","","","","","","","MIC XGBoost Model","202503101","W1 score: 0.99, CI[0.98, 1.01]","Computational Method","",""
593905,"593905.15","Salmonella enterica subsp. enterica serovar Corvallis strain SL_39_S118","meropenem","","0.25","","0.25","mg/L","","","","","","","MIC XGBoost Model","202503101","W1 score: 0.95, CI[0.90, 1.01]","Computational Method","",""
593905,"593905.15","Salmonella enterica subsp. enterica serovar Corvallis strain SL_39_S118","nalidixic acid","","4.0","","4.0","mg/L","","","","","","","MIC XGBoost Model","202503101","W1 score: 0.98, CI[0.97, 0.99]","Computational Method","",""
593905,"593905.15","Salmonella enterica subsp. enterica serovar Corvallis strain SL_39_S118","streptomycin","","16.0","","16.0","mg/L","","","","","","","MIC XGBoost Model","202503101","W1 score: 0.92, CI[0.90, 0.93]","Computational Method","",""
593905,"593905.15","Salmonella enterica subsp. enterica serovar Corvallis strain SL_39_S118","tetracycline","","4.0","","4.0","mg/L","","","","","","","MIC XGBoost Model","202503101","W1 score: 0.99, CI[0.98, 0.99]","Computational Method","",""
593905,"593905.15","Salmonella enterica subsp. enterica serovar Corvallis strain SL_39_S118","ceftiofur","","1.0","","1.0","mg/L","","","","","","","MIC XGBoost Model","202503101","W1 score: 0.99, CI[0.98, 0.99]","Computational Method","",""
593905,"593905.16","Salmonella enterica subsp. enterica serovar Corvallis strain SL_35_S91","amoxicillin/clavulanic acid","","1.0","","1.0","mg/L","","","","","","","MIC XGBoost Model","202503101","W1 score: 0.98, CI[0.96, 0.99]","Computational Method","",""
593905,"593905.16","Salmonella enterica subsp. enterica serovar Corvallis strain SL_35_S91","ampicillin","","2.0","","2.0","mg/L","","","","","","","MIC XGBoost Model","202503101","W1 score: 0.96, CI[0.95, 0.97]","Computational Method","",""
593905,"593905.16","Salmonella enterica subsp. enterica serovar Corvallis strain SL_35_S91","azithromycin","","4.0","","4.0","mg/L","","","","","","","MIC XGBoost Model","202503101","W1 score: 0.99, CI[0.98, 1.00]","Computational Method","",""
593905,"593905.16","Salmonella enterica subsp. enterica serovar Corvallis strain SL_35_S91","ceftazidime","","4.0","","4.0","mg/L","","","","","","","MIC XGBoost Model","202503101","W1 score: 0.93, CI[0.88, 0.99]","Computational Method","",""
593905,"593905.16","Salmonella enterica subsp. enterica serovar Corvallis strain SL_35_S91","chloramphenicol","","4.0","","4.0","mg/L","","","","","","","MIC XGBoost Model","202503101","W1 score: 0.99, CI[0.98, 1.00]","Computational Method","",""
593905,"593905.16","Salmonella enterica subsp. enterica serovar Corvallis strain SL_35_S91","ciprofloxacin","","0.03125","","0.03125","mg/L","","","","","","","MIC XGBoost Model","202503101","W1 score: 0.88, CI[0.86, 0.90]","Computational Method","",""
593905,"593905.16","Salmonella enterica subsp. enterica serovar Corvallis strain SL_35_S91","ceftriaxone","","0.25","","0.25","mg/L","","","","","","","MIC XGBoost Model","202503101","W1 score: 0.95, CI[0.94, 0.96]","Computational Method","",""
593905,"593905.16","Salmonella enterica subsp. enterica serovar Corvallis strain SL_35_S91","cefotaxime","","16.0","","16.0","mg/L","","","","","","","MIC XGBoost Model","202503101","W1 score: 0.95, CI[0.89, 1.00]","Computational Method","",""
593905,"593905.16","Salmonella enterica subsp. enterica serovar Corvallis strain SL_35_S91","sulfisoxazole","","32.0","","32.0","mg/L","","","","","","","MIC XGBoost Model","202503101","W1 score: 0.98, CI[0.97, 0.99]","Computational Method","",""
593905,"593905.16","Salmonella enterica subsp. enterica serovar Corvallis strain SL_35_S91","cefoxitin","","4.0","","4.0","mg/L","","","","","","","MIC XGBoost Model","202503101","W1 score: 0.98, CI[0.97, 1.00]","Computational Method","",""
593905,"593905.16","Salmonella enterica subsp. enterica serovar Corvallis strain SL_35_S91","gentamicin","","0.5","","0.5","mg/L","","","","","","","MIC XGBoost Model","202503101","W1 score: 0.97, CI[0.95, 0.99]","Computational Method","",""
593905,"593905.16","Salmonella enterica subsp. enterica serovar Corvallis strain SL_35_S91","kanamycin","","8.0","","8.0","mg/L","","","","","","","MIC XGBoost Model","202503101","W1 score: 0.99, CI[0.98, 1.01]","Computational Method","",""
593905,"593905.16","Salmonella enterica subsp. enterica serovar Corvallis strain SL_35_S91","meropenem","","0.25","","0.25","mg/L","","","","","","","MIC XGBoost Model","202503101","W1 score: 0.95, CI[0.90, 1.01]","Computational Method","",""
593905,"593905.16","Salmonella enterica subsp. enterica serovar Corvallis strain SL_35_S91","nalidixic acid","","4.0","","4.0","mg/L","","","","","","","MIC XGBoost Model","202503101","W1 score: 0.98, CI[0.97, 0.99]","Computational Method","",""
593905,"593905.16","Salmonella enterica subsp. enterica serovar Corvallis strain SL_35_S91","streptomycin","","16.0","","16.0","mg/L","","","","","","","MIC XGBoost Model","202503101","W1 score: 0.92, CI[0.90, 0.93]","Computational Method","",""
593905,"593905.16","Salmonella enterica subsp. enterica serovar Corvallis strain SL_35_S91","tetracycline","","4.0","","4.0","mg/L","","","","","","","MIC XGBoost Model","202503101","W1 score: 0.99, CI[0.98, 0.99]","Computational Method","",""
593905,"593905.16","Salmonella enterica subsp. enterica serovar Corvallis strain SL_35_S91","ceftiofur","","1.0","","1.0","mg/L","","","","","","","MIC XGBoost Model","202503101","W1 score: 0.99, CI[0.98, 0.99]","Computational Method","",""
593905,"593905.17","Salmonella enterica subsp. enterica serovar Corvallis strain SL_29_118","amoxicillin/clavulanic acid","","1.0","","1.0","mg/L","","","","","","","MIC XGBoost Model","202503101","W1 score: 0.98, CI[0.96, 0.99]","Computational Method","",""
593905,"593905.17","Salmonella enterica subsp. enterica serovar Corvallis strain SL_29_118","ampicillin","","2.0","","2.0","mg/L","","","","","","","MIC XGBoost Model","202503101","W1 score: 0.96, CI[0.95, 0.97]","Computational Method","",""
593905,"593905.17","Salmonella enterica subsp. enterica serovar Corvallis strain SL_29_118","azithromycin","","4.0","","4.0","mg/L","","","","","","","MIC XGBoost Model","202503101","W1 score: 0.99, CI[0.98, 1.00]","Computational Method","",""
593905,"593905.17","Salmonella enterica subsp. enterica serovar Corvallis strain SL_29_118","ceftazidime","","4.0","","4.0","mg/L","","","","","","","MIC XGBoost Model","202503101","W1 score: 0.93, CI[0.88, 0.99]","Computational Method","",""
593905,"593905.17","Salmonella enterica subsp. enterica serovar Corvallis strain SL_29_118","chloramphenicol","","4.0","","4.0","mg/L","","","","","","","MIC XGBoost Model","202503101","W1 score: 0.99, CI[0.98, 1.00]","Computational Method","",""
593905,"593905.17","Salmonella enterica subsp. enterica serovar Corvallis strain SL_29_118","ciprofloxacin","","0.03125","","0.03125","mg/L","","","","","","","MIC XGBoost Model","202503101","W1 score: 0.88, CI[0.86, 0.90]","Computational Method","",""
593905,"593905.17","Salmonella enterica subsp. enterica serovar Corvallis strain SL_29_118","ceftriaxone","","0.25","","0.25","mg/L","","","","","","","MIC XGBoost Model","202503101","W1 score: 0.95, CI[0.94, 0.96]","Computational Method","",""
593905,"593905.17","Salmonella enterica subsp. enterica serovar Corvallis strain SL_29_118","cefotaxime","","16.0","","16.0","mg/L","","","","","","","MIC XGBoost Model","202503101","W1 score: 0.95, CI[0.89, 1.00]","Computational Method","",""
593905,"593905.17","Salmonella enterica subsp. enterica serovar Corvallis strain SL_29_118","sulfisoxazole","","32.0","","32.0","mg/L","","","","","","","MIC XGBoost Model","202503101","W1 score: 0.98, CI[0.97, 0.99]","Computational Method","",""
593905,"593905.17","Salmonella enterica subsp. enterica serovar Corvallis strain SL_29_118","cefoxitin","","2.0","","2.0","mg/L","","","","","","","MIC XGBoost Model","202503101","W1 score: 0.98, CI[0.97, 1.00]","Computational Method","",""
593905,"593905.17","Salmonella enterica subsp. enterica serovar Corvallis strain SL_29_118","gentamicin","","0.5","","0.5","mg/L","","","","","","","MIC XGBoost Model","202503101","W1 score: 0.97, CI[0.95, 0.99]","Computational Method","",""
593905,"593905.17","Salmonella enterica subsp. enterica serovar Corvallis strain SL_29_118","kanamycin","","8.0","","8.0","mg/L","","","","","","","MIC XGBoost Model","202503101","W1 score: 0.99, CI[0.98, 1.01]","Computational Method","",""
593905,"593905.17","Salmonella enterica subsp. enterica serovar Corvallis strain SL_29_118","meropenem","","0.25","","0.25","mg/L","","","","","","","MIC XGBoost Model","202503101","W1 score: 0.95, CI[0.90, 1.01]","Computational Method","",""
593905,"593905.17","Salmonella enterica subsp. enterica serovar Corvallis strain SL_29_118","nalidixic acid","","4.0","","4.0","mg/L","","","","","","","MIC XGBoost Model","202503101","W1 score: 0.98, CI[0.97, 0.99]","Computational Method","",""
593905,"593905.17","Salmonella enterica subsp. enterica serovar Corvallis strain SL_29_118","streptomycin","","16.0","","16.0","mg/L","","","","","","","MIC XGBoost Model","202503101","W1 score: 0.92, CI[0.90, 0.93]","Computational Method","",""
593905,"593905.17","Salmonella enterica subsp. enterica serovar Corvallis strain SL_29_118","tetracycline","","4.0","","4.0","mg/L","","","","","","","MIC XGBoost Model","202503101","W1 score: 0.99, CI[0.98, 0.99]","Computational Method","",""
593905,"593905.17","Salmonella enterica subsp. enterica serovar Corvallis strain SL_29_118","ceftiofur","","1.0","","1.0","mg/L","","","","","","","MIC XGBoost Model","202503101","W1 score: 0.99, CI[0.98, 0.99]","Computational Method","",""
593905,"593905.18","Salmonella enterica subsp. enterica serovar Corvallis strain SL_26_115","amoxicillin/clavulanic acid","","1.0","","1.0","mg/L","","","","","","","MIC XGBoost Model","202503101","W1 score: 0.98, CI[0.96, 0.99]","Computational Method","",""
593905,"593905.18","Salmonella enterica subsp. enterica serovar Corvallis strain SL_26_115","ampicillin","","2.0","","2.0","mg/L","","","","","","","MIC XGBoost Model","202503101","W1 score: 0.96, CI[0.95, 0.97]","Computational Method","",""
593905,"593905.18","Salmonella enterica subsp. enterica serovar Corvallis strain SL_26_115","azithromycin","","4.0","","4.0","mg/L","","","","","","","MIC XGBoost Model","202503101","W1 score: 0.99, CI[0.98, 1.00]","Computational Method","",""
593905,"593905.18","Salmonella enterica subsp. enterica serovar Corvallis strain SL_26_115","ceftazidime","","4.0","","4.0","mg/L","","","","","","","MIC XGBoost Model","202503101","W1 score: 0.93, CI[0.88, 0.99]","Computational Method","",""
593905,"593905.18","Salmonella enterica subsp. enterica serovar Corvallis strain SL_26_115","chloramphenicol","","4.0","","4.0","mg/L","","","","","","","MIC XGBoost Model","202503101","W1 score: 0.99, CI[0.98, 1.00]","Computational Method","",""
593905,"593905.18","Salmonella enterica subsp. enterica serovar Corvallis strain SL_26_115","ciprofloxacin","","0.03125","","0.03125","mg/L","","","","","","","MIC XGBoost Model","202503101","W1 score: 0.88, CI[0.86, 0.90]","Computational Method","",""
593905,"593905.18","Salmonella enterica subsp. enterica serovar Corvallis strain SL_26_115","ceftriaxone","","0.25","","0.25","mg/L","","","","","","","MIC XGBoost Model","202503101","W1 score: 0.95, CI[0.94, 0.96]","Computational Method","",""
593905,"593905.18","Salmonella enterica subsp. enterica serovar Corvallis strain SL_26_115","cefotaxime","","16.0","","16.0","mg/L","","","","","","","MIC XGBoost Model","202503101","W1 score: 0.95, CI[0.89, 1.00]","Computational Method","",""
593905,"593905.18","Salmonella enterica subsp. enterica serovar Corvallis strain SL_26_115","sulfisoxazole","","32.0","","32.0","mg/L","","","","","","","MIC XGBoost Model","202503101","W1 score: 0.98, CI[0.97, 0.99]","Computational Method","",""
593905,"593905.18","Salmonella enterica subsp. enterica serovar Corvallis strain SL_26_115","cefoxitin","","2.0","","2.0","mg/L","","","","","","","MIC XGBoost Model","202503101","W1 score: 0.98, CI[0.97, 1.00]","Computational Method","",""
593905,"593905.18","Salmonella enterica subsp. enterica serovar Corvallis strain SL_26_115","gentamicin","","0.5","","0.5","mg/L","","","","","","","MIC XGBoost Model","202503101","W1 score: 0.97, CI[0.95, 0.99]","Computational Method","",""
593905,"593905.18","Salmonella enterica subsp. enterica serovar Corvallis strain SL_26_115","kanamycin","","8.0","","8.0","mg/L","","","","","","","MIC XGBoost Model","202503101","W1 score: 0.99, CI[0.98, 1.01]","Computational Method","",""
593905,"593905.18","Salmonella enterica subsp. enterica serovar Corvallis strain SL_26_115","meropenem","","0.25","","0.25","mg/L","","","","","","","MIC XGBoost Model","202503101","W1 score: 0.95, CI[0.90, 1.01]","Computational Method","",""
593905,"593905.18","Salmonella enterica subsp. enterica serovar Corvallis strain SL_26_115","nalidixic acid","","4.0","","4.0","mg/L","","","","","","","MIC XGBoost Model","202503101","W1 score: 0.98, CI[0.97, 0.99]","Computational Method","",""
593905,"593905.18","Salmonella enterica subsp. enterica serovar Corvallis strain SL_26_115","streptomycin","","16.0","","16.0","mg/L","","","","","","","MIC XGBoost Model","202503101","W1 score: 0.92, CI[0.90, 0.93]","Computational Method","",""
593905,"593905.18","Salmonella enterica subsp. enterica serovar Corvallis strain SL_26_115","tetracycline","","4.0","","4.0","mg/L","","","","","","","MIC XGBoost Model","202503101","W1 score: 0.99, CI[0.98, 0.99]","Computational Method","",""
593905,"593905.18","Salmonella enterica subsp. enterica serovar Corvallis strain SL_26_115","ceftiofur","","1.0","","1.0","mg/L","","","","","","","MIC XGBoost Model","202503101","W1 score: 0.99, CI[0.98, 0.99]","Computational Method","",""
593905,"593905.19","Salmonella enterica subsp. enterica serovar Corvallis strain SL_20_107","amoxicillin/clavulanic acid","","1.0","","1.0","mg/L","","","","","","","MIC XGBoost Model","202503101","W1 score: 0.98, CI[0.96, 0.99]","Computational Method","",""
593905,"593905.19","Salmonella enterica subsp. enterica serovar Corvallis strain SL_20_107","ampicillin","","2.0","","2.0","mg/L","","","","","","","MIC XGBoost Model","202503101","W1 score: 0.96, CI[0.95, 0.97]","Computational Method","",""
593905,"593905.19","Salmonella enterica subsp. enterica serovar Corvallis strain SL_20_107","azithromycin","","4.0","","4.0","mg/L","","","","","","","MIC XGBoost Model","202503101","W1 score: 0.99, CI[0.98, 1.00]","Computational Method","",""
593905,"593905.19","Salmonella enterica subsp. enterica serovar Corvallis strain SL_20_107","ceftazidime","","4.0","","4.0","mg/L","","","","","","","MIC XGBoost Model","202503101","W1 score: 0.93, CI[0.88, 0.99]","Computational Method","",""
593905,"593905.19","Salmonella enterica subsp. enterica serovar Corvallis strain SL_20_107","chloramphenicol","","4.0","","4.0","mg/L","","","","","","","MIC XGBoost Model","202503101","W1 score: 0.99, CI[0.98, 1.00]","Computational Method","",""
593905,"593905.19","Salmonella enterica subsp. enterica serovar Corvallis strain SL_20_107","ciprofloxacin","","0.03125","","0.03125","mg/L","","","","","","","MIC XGBoost Model","202503101","W1 score: 0.88, CI[0.86, 0.90]","Computational Method","",""
593905,"593905.19","Salmonella enterica subsp. enterica serovar Corvallis strain SL_20_107","ceftriaxone","","0.25","","0.25","mg/L","","","","","","","MIC XGBoost Model","202503101","W1 score: 0.95, CI[0.94, 0.96]","Computational Method","",""
593905,"593905.19","Salmonella enterica subsp. enterica serovar Corvallis strain SL_20_107","cefotaxime","","16.0","","16.0","mg/L","","","","","","","MIC XGBoost Model","202503101","W1 score: 0.95, CI[0.89, 1.00]","Computational Method","",""
593905,"593905.19","Salmonella enterica subsp. enterica serovar Corvallis strain SL_20_107","sulfisoxazole","","32.0","","32.0","mg/L","","","","","","","MIC XGBoost Model","202503101","W1 score: 0.98, CI[0.97, 0.99]","Computational Method","",""
593905,"593905.19","Salmonella enterica subsp. enterica serovar Corvallis strain SL_20_107","cefoxitin","","2.0","","2.0","mg/L","","","","","","","MIC XGBoost Model","202503101","W1 score: 0.98, CI[0.97, 1.00]","Computational Method","",""
593905,"593905.19","Salmonella enterica subsp. enterica serovar Corvallis strain SL_20_107","gentamicin","","0.5","","0.5","mg/L","","","","","","","MIC XGBoost Model","202503101","W1 score: 0.97, CI[0.95, 0.99]","Computational Method","",""
593905,"593905.19","Salmonella enterica subsp. enterica serovar Corvallis strain SL_20_107","kanamycin","","8.0","","8.0","mg/L","","","","","","","MIC XGBoost Model","202503101","W1 score: 0.99, CI[0.98, 1.01]","Computational Method","",""
593905,"593905.19","Salmonella enterica subsp. enterica serovar Corvallis strain SL_20_107","meropenem","","0.25","","0.25","mg/L","","","","","","","MIC XGBoost Model","202503101","W1 score: 0.95, CI[0.90, 1.01]","Computational Method","",""
593905,"593905.19","Salmonella enterica subsp. enterica serovar Corvallis strain SL_20_107","nalidixic acid","","4.0","","4.0","mg/L","","","","","","","MIC XGBoost Model","202503101","W1 score: 0.98, CI[0.97, 0.99]","Computational Method","",""
593905,"593905.19","Salmonella enterica subsp. enterica serovar Corvallis strain SL_20_107","streptomycin","","16.0","","16.0","mg/L","","","","","","","MIC XGBoost Model","202503101","W1 score: 0.92, CI[0.90, 0.93]","Computational Method","",""
593905,"593905.19","Salmonella enterica subsp. enterica serovar Corvallis strain SL_20_107","tetracycline","","4.0","","4.0","mg/L","","","","","","","MIC XGBoost Model","202503101","W1 score: 0.99, CI[0.98, 0.99]","Computational Method","",""
593905,"593905.19","Salmonella enterica subsp. enterica serovar Corvallis strain SL_20_107","ceftiofur","","1.0","","1.0","mg/L","","","","","","","MIC XGBoost Model","202503101","W1 score: 0.99, CI[0.98, 0.99]","Computational Method","",""
593905,"593905.20","Salmonella enterica subsp. enterica serovar Corvallis strain SL_17_98","amoxicillin/clavulanic acid","","1.0","","1.0","mg/L","","","","","","","MIC XGBoost Model","202503101","W1 score: 0.98, CI[0.96, 0.99]","Computational Method","",""
593905,"593905.20","Salmonella enterica subsp. enterica serovar Corvallis strain SL_17_98","ampicillin","","2.0","","2.0","mg/L","","","","","","","MIC XGBoost Model","202503101","W1 score: 0.96, CI[0.95, 0.97]","Computational Method","",""
593905,"593905.20","Salmonella enterica subsp. enterica serovar Corvallis strain SL_17_98","azithromycin","","4.0","","4.0","mg/L","","","","","","","MIC XGBoost Model","202503101","W1 score: 0.99, CI[0.98, 1.00]","Computational Method","",""
593905,"593905.20","Salmonella enterica subsp. enterica serovar Corvallis strain SL_17_98","ceftazidime","","4.0","","4.0","mg/L","","","","","","","MIC XGBoost Model","202503101","W1 score: 0.93, CI[0.88, 0.99]","Computational Method","",""
593905,"593905.20","Salmonella enterica subsp. enterica serovar Corvallis strain SL_17_98","chloramphenicol","","4.0","","4.0","mg/L","","","","","","","MIC XGBoost Model","202503101","W1 score: 0.99, CI[0.98, 1.00]","Computational Method","",""
593905,"593905.20","Salmonella enterica subsp. enterica serovar Corvallis strain SL_17_98","ciprofloxacin","","0.03125","","0.03125","mg/L","","","","","","","MIC XGBoost Model","202503101","W1 score: 0.88, CI[0.86, 0.90]","Computational Method","",""
593905,"593905.20","Salmonella enterica subsp. enterica serovar Corvallis strain SL_17_98","ceftriaxone","","0.25","","0.25","mg/L","","","","","","","MIC XGBoost Model","202503101","W1 score: 0.95, CI[0.94, 0.96]","Computational Method","",""
593905,"593905.20","Salmonella enterica subsp. enterica serovar Corvallis strain SL_17_98","cefotaxime","","16.0","","16.0","mg/L","","","","","","","MIC XGBoost Model","202503101","W1 score: 0.95, CI[0.89, 1.00]","Computational Method","",""
593905,"593905.20","Salmonella enterica subsp. enterica serovar Corvallis strain SL_17_98","sulfisoxazole","","32.0","","32.0","mg/L","","","","","","","MIC XGBoost Model","202503101","W1 score: 0.98, CI[0.97, 0.99]","Computational Method","",""
593905,"593905.20","Salmonella enterica subsp. enterica serovar Corvallis strain SL_17_98","cefoxitin","","2.0","","2.0","mg/L","","","","","","","MIC XGBoost Model","202503101","W1 score: 0.98, CI[0.97, 1.00]","Computational Method","",""
593905,"593905.20","Salmonella enterica subsp. enterica serovar Corvallis strain SL_17_98","gentamicin","","0.5","","0.5","mg/L","","","","","","","MIC XGBoost Model","202503101","W1 score: 0.97, CI[0.95, 0.99]","Computational Method","",""
593905,"593905.20","Salmonella enterica subsp. enterica serovar Corvallis strain SL_17_98","kanamycin","","8.0","","8.0","mg/L","","","","","","","MIC XGBoost Model","202503101","W1 score: 0.99, CI[0.98, 1.01]","Computational Method","",""
593905,"593905.20","Salmonella enterica subsp. enterica serovar Corvallis strain SL_17_98","meropenem","","0.25","","0.25","mg/L","","","","","","","MIC XGBoost Model","202503101","W1 score: 0.95, CI[0.90, 1.01]","Computational Method","",""
593905,"593905.20","Salmonella enterica subsp. enterica serovar Corvallis strain SL_17_98","nalidixic acid","","4.0","","4.0","mg/L","","","","","","","MIC XGBoost Model","202503101","W1 score: 0.98, CI[0.97, 0.99]","Computational Method","",""
593905,"593905.20","Salmonella enterica subsp. enterica serovar Corvallis strain SL_17_98","streptomycin","","16.0","","16.0","mg/L","","","","","","","MIC XGBoost Model","202503101","W1 score: 0.92, CI[0.90, 0.93]","Computational Method","",""
593905,"593905.20","Salmonella enterica subsp. enterica serovar Corvallis strain SL_17_98","tetracycline","","4.0","","4.0","mg/L","","","","","","","MIC XGBoost Model","202503101","W1 score: 0.99, CI[0.98, 0.99]","Computational Method","",""
593905,"593905.20","Salmonella enterica subsp. enterica serovar Corvallis strain SL_17_98","ceftiofur","","1.0","","1.0","mg/L","","","","","","","MIC XGBoost Model","202503101","W1 score: 0.99, CI[0.98, 0.99]","Computational Method","",""
593905,"593905.21","Salmonella enterica subsp. enterica serovar Corvallis strain SL_16_97","amoxicillin/clavulanic acid","","1.0","","1.0","mg/L","","","","","","","MIC XGBoost Model","202503101","W1 score: 0.98, CI[0.96, 0.99]","Computational Method","",""
593905,"593905.21","Salmonella enterica subsp. enterica serovar Corvallis strain SL_16_97","ampicillin","","2.0","","2.0","mg/L","","","","","","","MIC XGBoost Model","202503101","W1 score: 0.96, CI[0.95, 0.97]","Computational Method","",""
593905,"593905.21","Salmonella enterica subsp. enterica serovar Corvallis strain SL_16_97","azithromycin","","4.0","","4.0","mg/L","","","","","","","MIC XGBoost Model","202503101","W1 score: 0.99, CI[0.98, 1.00]","Computational Method","",""
593905,"593905.21","Salmonella enterica subsp. enterica serovar Corvallis strain SL_16_97","ceftazidime","","4.0","","4.0","mg/L","","","","","","","MIC XGBoost Model","202503101","W1 score: 0.93, CI[0.88, 0.99]","Computational Method","",""
593905,"593905.21","Salmonella enterica subsp. enterica serovar Corvallis strain SL_16_97","chloramphenicol","","4.0","","4.0","mg/L","","","","","","","MIC XGBoost Model","202503101","W1 score: 0.99, CI[0.98, 1.00]","Computational Method","",""
593905,"593905.21","Salmonella enterica subsp. enterica serovar Corvallis strain SL_16_97","ciprofloxacin","","0.03125","","0.03125","mg/L","","","","","","","MIC XGBoost Model","202503101","W1 score: 0.88, CI[0.86, 0.90]","Computational Method","",""
593905,"593905.21","Salmonella enterica subsp. enterica serovar Corvallis strain SL_16_97","ceftriaxone","","0.25","","0.25","mg/L","","","","","","","MIC XGBoost Model","202503101","W1 score: 0.95, CI[0.94, 0.96]","Computational Method","",""
593905,"593905.21","Salmonella enterica subsp. enterica serovar Corvallis strain SL_16_97","cefotaxime","","16.0","","16.0","mg/L","","","","","","","MIC XGBoost Model","202503101","W1 score: 0.95, CI[0.89, 1.00]","Computational Method","",""
593905,"593905.21","Salmonella enterica subsp. enterica serovar Corvallis strain SL_16_97","sulfisoxazole","","32.0","","32.0","mg/L","","","","","","","MIC XGBoost Model","202503101","W1 score: 0.98, CI[0.97, 0.99]","Computational Method","",""
593905,"593905.21","Salmonella enterica subsp. enterica serovar Corvallis strain SL_16_97","cefoxitin","","2.0","","2.0","mg/L","","","","","","","MIC XGBoost Model","202503101","W1 score: 0.98, CI[0.97, 1.00]","Computational Method","",""
593905,"593905.21","Salmonella enterica subsp. enterica serovar Corvallis strain SL_16_97","gentamicin","","0.5","","0.5","mg/L","","","","","","","MIC XGBoost Model","202503101","W1 score: 0.97, CI[0.95, 0.99]","Computational Method","",""
593905,"593905.21","Salmonella enterica subsp. enterica serovar Corvallis strain SL_16_97","kanamycin","","8.0","","8.0","mg/L","","","","","","","MIC XGBoost Model","202503101","W1 score: 0.99, CI[0.98, 1.01]","Computational Method","",""
593905,"593905.21","Salmonella enterica subsp. enterica serovar Corvallis strain SL_16_97","meropenem","","0.25","","0.25","mg/L","","","","","","","MIC XGBoost Model","202503101","W1 score: 0.95, CI[0.90, 1.01]","Computational Method","",""
593905,"593905.21","Salmonella enterica subsp. enterica serovar Corvallis strain SL_16_97","nalidixic acid","","4.0","","4.0","mg/L","","","","","","","MIC XGBoost Model","202503101","W1 score: 0.98, CI[0.97, 0.99]","Computational Method","",""
593905,"593905.21","Salmonella enterica subsp. enterica serovar Corvallis strain SL_16_97","streptomycin","","16.0","","16.0","mg/L","","","","","","","MIC XGBoost Model","202503101","W1 score: 0.92, CI[0.90, 0.93]","Computational Method","",""
593905,"593905.21","Salmonella enterica subsp. enterica serovar Corvallis strain SL_16_97","tetracycline","","4.0","","4.0","mg/L","","","","","","","MIC XGBoost Model","202503101","W1 score: 0.99, CI[0.98, 0.99]","Computational Method","",""
593905,"593905.21","Salmonella enterica subsp. enterica serovar Corvallis strain SL_16_97","ceftiofur","","1.0","","1.0","mg/L","","","","","","","MIC XGBoost Model","202503101","W1 score: 0.99, CI[0.98, 0.99]","Computational Method","",""
593905,"593905.22","Salmonella enterica subsp. enterica serovar Corvallis strain SL_19_103","amoxicillin/clavulanic acid","","1.0","","1.0","mg/L","","","","","","","MIC XGBoost Model","202503101","W1 score: 0.98, CI[0.96, 0.99]","Computational Method","",""
593905,"593905.22","Salmonella enterica subsp. enterica serovar Corvallis strain SL_19_103","ampicillin","","2.0","","2.0","mg/L","","","","","","","MIC XGBoost Model","202503101","W1 score: 0.96, CI[0.95, 0.97]","Computational Method","",""
593905,"593905.22","Salmonella enterica subsp. enterica serovar Corvallis strain SL_19_103","azithromycin","","4.0","","4.0","mg/L","","","","","","","MIC XGBoost Model","202503101","W1 score: 0.99, CI[0.98, 1.00]","Computational Method","",""
593905,"593905.22","Salmonella enterica subsp. enterica serovar Corvallis strain SL_19_103","ceftazidime","","4.0","","4.0","mg/L","","","","","","","MIC XGBoost Model","202503101","W1 score: 0.93, CI[0.88, 0.99]","Computational Method","",""
593905,"593905.22","Salmonella enterica subsp. enterica serovar Corvallis strain SL_19_103","chloramphenicol","","4.0","","4.0","mg/L","","","","","","","MIC XGBoost Model","202503101","W1 score: 0.99, CI[0.98, 1.00]","Computational Method","",""
593905,"593905.22","Salmonella enterica subsp. enterica serovar Corvallis strain SL_19_103","ciprofloxacin","","0.03125","","0.03125","mg/L","","","","","","","MIC XGBoost Model","202503101","W1 score: 0.88, CI[0.86, 0.90]","Computational Method","",""
593905,"593905.22","Salmonella enterica subsp. enterica serovar Corvallis strain SL_19_103","ceftriaxone","","0.25","","0.25","mg/L","","","","","","","MIC XGBoost Model","202503101","W1 score: 0.95, CI[0.94, 0.96]","Computational Method","",""
593905,"593905.22","Salmonella enterica subsp. enterica serovar Corvallis strain SL_19_103","cefotaxime","","16.0","","16.0","mg/L","","","","","","","MIC XGBoost Model","202503101","W1 score: 0.95, CI[0.89, 1.00]","Computational Method","",""
593905,"593905.22","Salmonella enterica subsp. enterica serovar Corvallis strain SL_19_103","sulfisoxazole","","256.0","","256.0","mg/L","","","","","","","MIC XGBoost Model","202503101","W1 score: 0.98, CI[0.97, 0.99]","Computational Method","",""
593905,"593905.22","Salmonella enterica subsp. enterica serovar Corvallis strain SL_19_103","cefoxitin","","2.0","","2.0","mg/L","","","","","","","MIC XGBoost Model","202503101","W1 score: 0.98, CI[0.97, 1.00]","Computational Method","",""
593905,"593905.22","Salmonella enterica subsp. enterica serovar Corvallis strain SL_19_103","gentamicin","","0.5","","0.5","mg/L","","","","","","","MIC XGBoost Model","202503101","W1 score: 0.97, CI[0.95, 0.99]","Computational Method","",""
593905,"593905.22","Salmonella enterica subsp. enterica serovar Corvallis strain SL_19_103","kanamycin","","8.0","","8.0","mg/L","","","","","","","MIC XGBoost Model","202503101","W1 score: 0.99, CI[0.98, 1.01]","Computational Method","",""
593905,"593905.22","Salmonella enterica subsp. enterica serovar Corvallis strain SL_19_103","meropenem","","0.25","","0.25","mg/L","","","","","","","MIC XGBoost Model","202503101","W1 score: 0.95, CI[0.90, 1.01]","Computational Method","",""
593905,"593905.22","Salmonella enterica subsp. enterica serovar Corvallis strain SL_19_103","nalidixic acid","","4.0","","4.0","mg/L","","","","","","","MIC XGBoost Model","202503101","W1 score: 0.98, CI[0.97, 0.99]","Computational Method","",""
593905,"593905.22","Salmonella enterica subsp. enterica serovar Corvallis strain SL_19_103","streptomycin","","32.0","","32.0","mg/L","","","","","","","MIC XGBoost Model","202503101","W1 score: 0.92, CI[0.90, 0.93]","Computational Method","",""
593905,"593905.22","Salmonella enterica subsp. enterica serovar Corvallis strain SL_19_103","tetracycline","","16.0","","16.0","mg/L","","","","","","","MIC XGBoost Model","202503101","W1 score: 0.99, CI[0.98, 0.99]","Computational Method","",""
593905,"593905.22","Salmonella enterica subsp. enterica serovar Corvallis strain SL_19_103","ceftiofur","","1.0","","1.0","mg/L","","","","","","","MIC XGBoost Model","202503101","W1 score: 0.99, CI[0.98, 0.99]","Computational Method","",""
593905,"593905.23","Salmonella enterica subsp. enterica serovar Corvallis strain SL_13_91","amoxicillin/clavulanic acid","","1.0","","1.0","mg/L","","","","","","","MIC XGBoost Model","202503101","W1 score: 0.98, CI[0.96, 0.99]","Computational Method","",""
593905,"593905.23","Salmonella enterica subsp. enterica serovar Corvallis strain SL_13_91","ampicillin","","2.0","","2.0","mg/L","","","","","","","MIC XGBoost Model","202503101","W1 score: 0.96, CI[0.95, 0.97]","Computational Method","",""
593905,"593905.23","Salmonella enterica subsp. enterica serovar Corvallis strain SL_13_91","azithromycin","","4.0","","4.0","mg/L","","","","","","","MIC XGBoost Model","202503101","W1 score: 0.99, CI[0.98, 1.00]","Computational Method","",""
593905,"593905.23","Salmonella enterica subsp. enterica serovar Corvallis strain SL_13_91","ceftazidime","","4.0","","4.0","mg/L","","","","","","","MIC XGBoost Model","202503101","W1 score: 0.93, CI[0.88, 0.99]","Computational Method","",""
593905,"593905.23","Salmonella enterica subsp. enterica serovar Corvallis strain SL_13_91","chloramphenicol","","4.0","","4.0","mg/L","","","","","","","MIC XGBoost Model","202503101","W1 score: 0.99, CI[0.98, 1.00]","Computational Method","",""
593905,"593905.23","Salmonella enterica subsp. enterica serovar Corvallis strain SL_13_91","ciprofloxacin","","0.03125","","0.03125","mg/L","","","","","","","MIC XGBoost Model","202503101","W1 score: 0.88, CI[0.86, 0.90]","Computational Method","",""
593905,"593905.23","Salmonella enterica subsp. enterica serovar Corvallis strain SL_13_91","ceftriaxone","","0.25","","0.25","mg/L","","","","","","","MIC XGBoost Model","202503101","W1 score: 0.95, CI[0.94, 0.96]","Computational Method","",""
593905,"593905.23","Salmonella enterica subsp. enterica serovar Corvallis strain SL_13_91","cefotaxime","","16.0","","16.0","mg/L","","","","","","","MIC XGBoost Model","202503101","W1 score: 0.95, CI[0.89, 1.00]","Computational Method","",""
593905,"593905.23","Salmonella enterica subsp. enterica serovar Corvallis strain SL_13_91","sulfisoxazole","","32.0","","32.0","mg/L","","","","","","","MIC XGBoost Model","202503101","W1 score: 0.98, CI[0.97, 0.99]","Computational Method","",""
593905,"593905.23","Salmonella enterica subsp. enterica serovar Corvallis strain SL_13_91","cefoxitin","","2.0","","2.0","mg/L","","","","","","","MIC XGBoost Model","202503101","W1 score: 0.98, CI[0.97, 1.00]","Computational Method","",""
593905,"593905.23","Salmonella enterica subsp. enterica serovar Corvallis strain SL_13_91","gentamicin","","0.5","","0.5","mg/L","","","","","","","MIC XGBoost Model","202503101","W1 score: 0.97, CI[0.95, 0.99]","Computational Method","",""
593905,"593905.23","Salmonella enterica subsp. enterica serovar Corvallis strain SL_13_91","kanamycin","","8.0","","8.0","mg/L","","","","","","","MIC XGBoost Model","202503101","W1 score: 0.99, CI[0.98, 1.01]","Computational Method","",""
593905,"593905.23","Salmonella enterica subsp. enterica serovar Corvallis strain SL_13_91","meropenem","","0.25","","0.25","mg/L","","","","","","","MIC XGBoost Model","202503101","W1 score: 0.95, CI[0.90, 1.01]","Computational Method","",""
593905,"593905.23","Salmonella enterica subsp. enterica serovar Corvallis strain SL_13_91","nalidixic acid","","4.0","","4.0","mg/L","","","","","","","MIC XGBoost Model","202503101","W1 score: 0.98, CI[0.97, 0.99]","Computational Method","",""
593905,"593905.23","Salmonella enterica subsp. enterica serovar Corvallis strain SL_13_91","streptomycin","","16.0","","16.0","mg/L","","","","","","","MIC XGBoost Model","202503101","W1 score: 0.92, CI[0.90, 0.93]","Computational Method","",""
593905,"593905.23","Salmonella enterica subsp. enterica serovar Corvallis strain SL_13_91","tetracycline","","4.0","","4.0","mg/L","","","","","","","MIC XGBoost Model","202503101","W1 score: 0.99, CI[0.98, 0.99]","Computational Method","",""
593905,"593905.23","Salmonella enterica subsp. enterica serovar Corvallis strain SL_13_91","ceftiofur","","1.0","","1.0","mg/L","","","","","","","MIC XGBoost Model","202503101","W1 score: 0.99, CI[0.98, 0.99]","Computational Method","",""
593905,"593905.24","Salmonella enterica subsp. enterica serovar Corvallis strain SL_12_81","amoxicillin/clavulanic acid","","1.0","","1.0","mg/L","","","","","","","MIC XGBoost Model","202503101","W1 score: 0.98, CI[0.96, 0.99]","Computational Method","",""
593905,"593905.24","Salmonella enterica subsp. enterica serovar Corvallis strain SL_12_81","ampicillin","","2.0","","2.0","mg/L","","","","","","","MIC XGBoost Model","202503101","W1 score: 0.96, CI[0.95, 0.97]","Computational Method","",""
593905,"593905.24","Salmonella enterica subsp. enterica serovar Corvallis strain SL_12_81","azithromycin","","4.0","","4.0","mg/L","","","","","","","MIC XGBoost Model","202503101","W1 score: 0.99, CI[0.98, 1.00]","Computational Method","",""
593905,"593905.24","Salmonella enterica subsp. enterica serovar Corvallis strain SL_12_81","ceftazidime","","4.0","","4.0","mg/L","","","","","","","MIC XGBoost Model","202503101","W1 score: 0.93, CI[0.88, 0.99]","Computational Method","",""
593905,"593905.24","Salmonella enterica subsp. enterica serovar Corvallis strain SL_12_81","chloramphenicol","","4.0","","4.0","mg/L","","","","","","","MIC XGBoost Model","202503101","W1 score: 0.99, CI[0.98, 1.00]","Computational Method","",""
593905,"593905.24","Salmonella enterica subsp. enterica serovar Corvallis strain SL_12_81","ciprofloxacin","","0.03125","","0.03125","mg/L","","","","","","","MIC XGBoost Model","202503101","W1 score: 0.88, CI[0.86, 0.90]","Computational Method","",""
593905,"593905.24","Salmonella enterica subsp. enterica serovar Corvallis strain SL_12_81","ceftriaxone","","0.25","","0.25","mg/L","","","","","","","MIC XGBoost Model","202503101","W1 score: 0.95, CI[0.94, 0.96]","Computational Method","",""
593905,"593905.24","Salmonella enterica subsp. enterica serovar Corvallis strain SL_12_81","cefotaxime","","16.0","","16.0","mg/L","","","","","","","MIC XGBoost Model","202503101","W1 score: 0.95, CI[0.89, 1.00]","Computational Method","",""
593905,"593905.24","Salmonella enterica subsp. enterica serovar Corvallis strain SL_12_81","sulfisoxazole","","32.0","","32.0","mg/L","","","","","","","MIC XGBoost Model","202503101","W1 score: 0.98, CI[0.97, 0.99]","Computational Method","",""
593905,"593905.24","Salmonella enterica subsp. enterica serovar Corvallis strain SL_12_81","cefoxitin","","2.0","","2.0","mg/L","","","","","","","MIC XGBoost Model","202503101","W1 score: 0.98, CI[0.97, 1.00]","Computational Method","",""
593905,"593905.24","Salmonella enterica subsp. enterica serovar Corvallis strain SL_12_81","gentamicin","","0.5","","0.5","mg/L","","","","","","","MIC XGBoost Model","202503101","W1 score: 0.97, CI[0.95, 0.99]","Computational Method","",""
593905,"593905.24","Salmonella enterica subsp. enterica serovar Corvallis strain SL_12_81","kanamycin","","8.0","","8.0","mg/L","","","","","","","MIC XGBoost Model","202503101","W1 score: 0.99, CI[0.98, 1.01]","Computational Method","",""
593905,"593905.24","Salmonella enterica subsp. enterica serovar Corvallis strain SL_12_81","meropenem","","0.25","","0.25","mg/L","","","","","","","MIC XGBoost Model","202503101","W1 score: 0.95, CI[0.90, 1.01]","Computational Method","",""
593905,"593905.24","Salmonella enterica subsp. enterica serovar Corvallis strain SL_12_81","nalidixic acid","","4.0","","4.0","mg/L","","","","","","","MIC XGBoost Model","202503101","W1 score: 0.98, CI[0.97, 0.99]","Computational Method","",""
593905,"593905.24","Salmonella enterica subsp. enterica serovar Corvallis strain SL_12_81","streptomycin","","16.0","","16.0","mg/L","","","","","","","MIC XGBoost Model","202503101","W1 score: 0.92, CI[0.90, 0.93]","Computational Method","",""
593905,"593905.24","Salmonella enterica subsp. enterica serovar Corvallis strain SL_12_81","tetracycline","","4.0","","4.0","mg/L","","","","","","","MIC XGBoost Model","202503101","W1 score: 0.99, CI[0.98, 0.99]","Computational Method","",""
593905,"593905.24","Salmonella enterica subsp. enterica serovar Corvallis strain SL_12_81","ceftiofur","","1.0","","1.0","mg/L","","","","","","","MIC XGBoost Model","202503101","W1 score: 0.99, CI[0.98, 0.99]","Computational Method","",""
593905,"593905.25","Salmonella enterica subsp. enterica serovar Corvallis strain SL_14_93","amoxicillin/clavulanic acid","","1.0","","1.0","mg/L","","","","","","","MIC XGBoost Model","202503101","W1 score: 0.98, CI[0.96, 0.99]","Computational Method","",""
593905,"593905.25","Salmonella enterica subsp. enterica serovar Corvallis strain SL_14_93","ampicillin","","2.0","","2.0","mg/L","","","","","","","MIC XGBoost Model","202503101","W1 score: 0.96, CI[0.95, 0.97]","Computational Method","",""
593905,"593905.25","Salmonella enterica subsp. enterica serovar Corvallis strain SL_14_93","azithromycin","","4.0","","4.0","mg/L","","","","","","","MIC XGBoost Model","202503101","W1 score: 0.99, CI[0.98, 1.00]","Computational Method","",""
593905,"593905.25","Salmonella enterica subsp. enterica serovar Corvallis strain SL_14_93","ceftazidime","","4.0","","4.0","mg/L","","","","","","","MIC XGBoost Model","202503101","W1 score: 0.93, CI[0.88, 0.99]","Computational Method","",""
593905,"593905.25","Salmonella enterica subsp. enterica serovar Corvallis strain SL_14_93","chloramphenicol","","4.0","","4.0","mg/L","","","","","","","MIC XGBoost Model","202503101","W1 score: 0.99, CI[0.98, 1.00]","Computational Method","",""
593905,"593905.25","Salmonella enterica subsp. enterica serovar Corvallis strain SL_14_93","ciprofloxacin","","0.03125","","0.03125","mg/L","","","","","","","MIC XGBoost Model","202503101","W1 score: 0.88, CI[0.86, 0.90]","Computational Method","",""
593905,"593905.25","Salmonella enterica subsp. enterica serovar Corvallis strain SL_14_93","ceftriaxone","","0.25","","0.25","mg/L","","","","","","","MIC XGBoost Model","202503101","W1 score: 0.95, CI[0.94, 0.96]","Computational Method","",""
593905,"593905.25","Salmonella enterica subsp. enterica serovar Corvallis strain SL_14_93","cefotaxime","","16.0","","16.0","mg/L","","","","","","","MIC XGBoost Model","202503101","W1 score: 0.95, CI[0.89, 1.00]","Computational Method","",""
593905,"593905.25","Salmonella enterica subsp. enterica serovar Corvallis strain SL_14_93","sulfisoxazole","","32.0","","32.0","mg/L","","","","","","","MIC XGBoost Model","202503101","W1 score: 0.98, CI[0.97, 0.99]","Computational Method","",""
593905,"593905.25","Salmonella enterica subsp. enterica serovar Corvallis strain SL_14_93","cefoxitin","","2.0","","2.0","mg/L","","","","","","","MIC XGBoost Model","202503101","W1 score: 0.98, CI[0.97, 1.00]","Computational Method","",""
593905,"593905.25","Salmonella enterica subsp. enterica serovar Corvallis strain SL_14_93","gentamicin","","0.5","","0.5","mg/L","","","","","","","MIC XGBoost Model","202503101","W1 score: 0.97, CI[0.95, 0.99]","Computational Method","",""
593905,"593905.25","Salmonella enterica subsp. enterica serovar Corvallis strain SL_14_93","kanamycin","","8.0","","8.0","mg/L","","","","","","","MIC XGBoost Model","202503101","W1 score: 0.99, CI[0.98, 1.01]","Computational Method","",""
593905,"593905.25","Salmonella enterica subsp. enterica serovar Corvallis strain SL_14_93","meropenem","","0.25","","0.25","mg/L","","","","","","","MIC XGBoost Model","202503101","W1 score: 0.95, CI[0.90, 1.01]","Computational Method","",""
593905,"593905.25","Salmonella enterica subsp. enterica serovar Corvallis strain SL_14_93","nalidixic acid","","4.0","","4.0","mg/L","","","","","","","MIC XGBoost Model","202503101","W1 score: 0.98, CI[0.97, 0.99]","Computational Method","",""
593905,"593905.25","Salmonella enterica subsp. enterica serovar Corvallis strain SL_14_93","streptomycin","","16.0","","16.0","mg/L","","","","","","","MIC XGBoost Model","202503101","W1 score: 0.92, CI[0.90, 0.93]","Computational Method","",""
593905,"593905.25","Salmonella enterica subsp. enterica serovar Corvallis strain SL_14_93","tetracycline","","4.0","","4.0","mg/L","","","","","","","MIC XGBoost Model","202503101","W1 score: 0.99, CI[0.98, 0.99]","Computational Method","",""
593905,"593905.25","Salmonella enterica subsp. enterica serovar Corvallis strain SL_14_93","ceftiofur","","1.0","","1.0","mg/L","","","","","","","MIC XGBoost Model","202503101","W1 score: 0.99, CI[0.98, 0.99]","Computational Method","",""
593905,"593905.26","Salmonella enterica subsp. enterica serovar Corvallis strain HIY0169","amoxicillin/clavulanic acid","","1.0","","1.0","mg/L","","","","","","","MIC XGBoost Model","202503101","W1 score: 0.98, CI[0.96, 0.99]","Computational Method","",""
593905,"593905.26","Salmonella enterica subsp. enterica serovar Corvallis strain HIY0169","ampicillin","","1.0","","1.0","mg/L","","","","","","","MIC XGBoost Model","202503101","W1 score: 0.96, CI[0.95, 0.97]","Computational Method","",""
593905,"593905.26","Salmonella enterica subsp. enterica serovar Corvallis strain HIY0169","azithromycin","","4.0","","4.0","mg/L","","","","","","","MIC XGBoost Model","202503101","W1 score: 0.99, CI[0.98, 1.00]","Computational Method","",""
593905,"593905.26","Salmonella enterica subsp. enterica serovar Corvallis strain HIY0169","ceftazidime","","2.0","","2.0","mg/L","","","","","","","MIC XGBoost Model","202503101","W1 score: 0.93, CI[0.88, 0.99]","Computational Method","",""
593905,"593905.26","Salmonella enterica subsp. enterica serovar Corvallis strain HIY0169","chloramphenicol","","8.0","","8.0","mg/L","","","","","","","MIC XGBoost Model","202503101","W1 score: 0.99, CI[0.98, 1.00]","Computational Method","",""
593905,"593905.26","Salmonella enterica subsp. enterica serovar Corvallis strain HIY0169","ciprofloxacin","","0.015625","","0.015625","mg/L","","","","","","","MIC XGBoost Model","202503101","W1 score: 0.88, CI[0.86, 0.90]","Computational Method","",""
593905,"593905.26","Salmonella enterica subsp. enterica serovar Corvallis strain HIY0169","ceftriaxone","","0.25","","0.25","mg/L","","","","","","","MIC XGBoost Model","202503101","W1 score: 0.95, CI[0.94, 0.96]","Computational Method","",""
593905,"593905.26","Salmonella enterica subsp. enterica serovar Corvallis strain HIY0169","cefotaxime","","16.0","","16.0","mg/L","","","","","","","MIC XGBoost Model","202503101","W1 score: 0.95, CI[0.89, 1.00]","Computational Method","",""
593905,"593905.26","Salmonella enterica subsp. enterica serovar Corvallis strain HIY0169","sulfisoxazole","","32.0","","32.0","mg/L","","","","","","","MIC XGBoost Model","202503101","W1 score: 0.98, CI[0.97, 0.99]","Computational Method","",""
593905,"593905.26","Salmonella enterica subsp. enterica serovar Corvallis strain HIY0169","cefoxitin","","2.0","","2.0","mg/L","","","","","","","MIC XGBoost Model","202503101","W1 score: 0.98, CI[0.97, 1.00]","Computational Method","",""
593905,"593905.26","Salmonella enterica subsp. enterica serovar Corvallis strain HIY0169","gentamicin","","0.5","","0.5","mg/L","","","","","","","MIC XGBoost Model","202503101","W1 score: 0.97, CI[0.95, 0.99]","Computational Method","",""
593905,"593905.26","Salmonella enterica subsp. enterica serovar Corvallis strain HIY0169","kanamycin","","8.0","","8.0","mg/L","","","","","","","MIC XGBoost Model","202503101","W1 score: 0.99, CI[0.98, 1.01]","Computational Method","",""
593905,"593905.26","Salmonella enterica subsp. enterica serovar Corvallis strain HIY0169","meropenem","","0.5","","0.5","mg/L","","","","","","","MIC XGBoost Model","202503101","W1 score: 0.95, CI[0.90, 1.01]","Computational Method","",""
593905,"593905.26","Salmonella enterica subsp. enterica serovar Corvallis strain HIY0169","nalidixic acid","","4.0","","4.0","mg/L","","","","","","","MIC XGBoost Model","202503101","W1 score: 0.98, CI[0.97, 0.99]","Computational Method","",""
593905,"593905.26","Salmonella enterica subsp. enterica serovar Corvallis strain HIY0169","streptomycin","","16.0","","16.0","mg/L","","","","","","","MIC XGBoost Model","202503101","W1 score: 0.92, CI[0.90, 0.93]","Computational Method","",""
593905,"593905.26","Salmonella enterica subsp. enterica serovar Corvallis strain HIY0169","tetracycline","","4.0","","4.0","mg/L","","","","","","","MIC XGBoost Model","202503101","W1 score: 0.99, CI[0.98, 0.99]","Computational Method","",""
593905,"593905.26","Salmonella enterica subsp. enterica serovar Corvallis strain HIY0169","ceftiofur","","1.0","","1.0","mg/L","","","","","","","MIC XGBoost Model","202503101","W1 score: 0.99, CI[0.98, 0.99]","Computational Method","",""
593905,"593905.27","Salmonella enterica subsp. enterica serovar Corvallis strain NPHL 15376","amoxicillin/clavulanic acid","","64.0","","64.0","mg/L","","","","","","","MIC XGBoost Model","202503101","W1 score: 0.98, CI[0.96, 0.99]","Computational Method","",""
593905,"593905.27","Salmonella enterica subsp. enterica serovar Corvallis strain NPHL 15376","ampicillin","","32.0","","32.0","mg/L","","","","","","","MIC XGBoost Model","202503101","W1 score: 0.96, CI[0.95, 0.97]","Computational Method","",""
593905,"593905.27","Salmonella enterica subsp. enterica serovar Corvallis strain NPHL 15376","azithromycin","","8.0","","8.0","mg/L","","","","","","","MIC XGBoost Model","202503101","W1 score: 0.99, CI[0.98, 1.00]","Computational Method","",""
593905,"593905.27","Salmonella enterica subsp. enterica serovar Corvallis strain NPHL 15376","ceftazidime","","16.0","","16.0","mg/L","","","","","","","MIC XGBoost Model","202503101","W1 score: 0.93, CI[0.88, 0.99]","Computational Method","",""
593905,"593905.27","Salmonella enterica subsp. enterica serovar Corvallis strain NPHL 15376","chloramphenicol","","16.0","","16.0","mg/L","","","","","","","MIC XGBoost Model","202503101","W1 score: 0.99, CI[0.98, 1.00]","Computational Method","",""
593905,"593905.27","Salmonella enterica subsp. enterica serovar Corvallis strain NPHL 15376","ciprofloxacin","","0.0625","","0.0625","mg/L","","","","","","","MIC XGBoost Model","202503101","W1 score: 0.88, CI[0.86, 0.90]","Computational Method","",""
593905,"593905.27","Salmonella enterica subsp. enterica serovar Corvallis strain NPHL 15376","ceftriaxone","","32.0","","32.0","mg/L","","","","","","","MIC XGBoost Model","202503101","W1 score: 0.95, CI[0.94, 0.96]","Computational Method","",""
593905,"593905.27","Salmonella enterica subsp. enterica serovar Corvallis strain NPHL 15376","cefotaxime","","32.0","","32.0","mg/L","","","","","","","MIC XGBoost Model","202503101","W1 score: 0.95, CI[0.89, 1.00]","Computational Method","",""
593905,"593905.27","Salmonella enterica subsp. enterica serovar Corvallis strain NPHL 15376","sulfisoxazole","","256.0","","256.0","mg/L","","","","","","","MIC XGBoost Model","202503101","W1 score: 0.98, CI[0.97, 0.99]","Computational Method","",""
593905,"593905.27","Salmonella enterica subsp. enterica serovar Corvallis strain NPHL 15376","cefoxitin","","32.0","","32.0","mg/L","","","","","","","MIC XGBoost Model","202503101","W1 score: 0.98, CI[0.97, 1.00]","Computational Method","",""
593905,"593905.27","Salmonella enterica subsp. enterica serovar Corvallis strain NPHL 15376","gentamicin","","16.0","","16.0","mg/L","","","","","","","MIC XGBoost Model","202503101","W1 score: 0.97, CI[0.95, 0.99]","Computational Method","",""
593905,"593905.27","Salmonella enterica subsp. enterica serovar Corvallis strain NPHL 15376","kanamycin","","64.0","","64.0","mg/L","","","","","","","MIC XGBoost Model","202503101","W1 score: 0.99, CI[0.98, 1.01]","Computational Method","",""
593905,"593905.27","Salmonella enterica subsp. enterica serovar Corvallis strain NPHL 15376","meropenem","","0.25","","0.25","mg/L","","","","","","","MIC XGBoost Model","202503101","W1 score: 0.95, CI[0.90, 1.01]","Computational Method","",""
593905,"593905.27","Salmonella enterica subsp. enterica serovar Corvallis strain NPHL 15376","nalidixic acid","","4.0","","4.0","mg/L","","","","","","","MIC XGBoost Model","202503101","W1 score: 0.98, CI[0.97, 0.99]","Computational Method","",""
593905,"593905.27","Salmonella enterica subsp. enterica serovar Corvallis strain NPHL 15376","streptomycin","","64.0","","64.0","mg/L","","","","","","","MIC XGBoost Model","202503101","W1 score: 0.92, CI[0.90, 0.93]","Computational Method","",""
593905,"593905.27","Salmonella enterica subsp. enterica serovar Corvallis strain NPHL 15376","tetracycline","","32.0","","32.0","mg/L","","","","","","","MIC XGBoost Model","202503101","W1 score: 0.99, CI[0.98, 0.99]","Computational Method","",""
593905,"593905.27","Salmonella enterica subsp. enterica serovar Corvallis strain NPHL 15376","ceftiofur","","8.0","","8.0","mg/L","","","","","","","MIC XGBoost Model","202503101","W1 score: 0.99, CI[0.98, 0.99]","Computational Method","",""
593905,"593905.28","Salmonella enterica subsp. enterica serovar Corvallis strain AR-0406","amoxicillin/clavulanic acid","","1.0","","1.0","mg/L","","","","","","","MIC XGBoost Model","202503101","W1 score: 0.98, CI[0.96, 0.99]","Computational Method","",""
593905,"593905.28","Salmonella enterica subsp. enterica serovar Corvallis strain AR-0406","ampicillin","","1.0","","1.0","mg/L","","","","","","","MIC XGBoost Model","202503101","W1 score: 0.96, CI[0.95, 0.97]","Computational Method","",""
593905,"593905.28","Salmonella enterica subsp. enterica serovar Corvallis strain AR-0406","azithromycin","","4.0","","4.0","mg/L","","","","","","","MIC XGBoost Model","202503101","W1 score: 0.99, CI[0.98, 1.00]","Computational Method","",""
593905,"593905.28","Salmonella enterica subsp. enterica serovar Corvallis strain AR-0406","ceftazidime","","4.0","","4.0","mg/L","","","","","","","MIC XGBoost Model","202503101","W1 score: 0.93, CI[0.88, 0.99]","Computational Method","",""
593905,"593905.28","Salmonella enterica subsp. enterica serovar Corvallis strain AR-0406","chloramphenicol","","4.0","","4.0","mg/L","","","","","","","MIC XGBoost Model","202503101","W1 score: 0.99, CI[0.98, 1.00]","Computational Method","",""
593905,"593905.28","Salmonella enterica subsp. enterica serovar Corvallis strain AR-0406","ciprofloxacin","","0.03125","","0.03125","mg/L","","","","","","","MIC XGBoost Model","202503101","W1 score: 0.88, CI[0.86, 0.90]","Computational Method","",""
593905,"593905.28","Salmonella enterica subsp. enterica serovar Corvallis strain AR-0406","ceftriaxone","","0.25","","0.25","mg/L","","","","","","","MIC XGBoost Model","202503101","W1 score: 0.95, CI[0.94, 0.96]","Computational Method","",""
593905,"593905.28","Salmonella enterica subsp. enterica serovar Corvallis strain AR-0406","cefotaxime","","16.0","","16.0","mg/L","","","","","","","MIC XGBoost Model","202503101","W1 score: 0.95, CI[0.89, 1.00]","Computational Method","",""
593905,"593905.28","Salmonella enterica subsp. enterica serovar Corvallis strain AR-0406","sulfisoxazole","","256.0","","256.0","mg/L","","","","","","","MIC XGBoost Model","202503101","W1 score: 0.98, CI[0.97, 0.99]","Computational Method","",""
593905,"593905.28","Salmonella enterica subsp. enterica serovar Corvallis strain AR-0406","cefoxitin","","2.0","","2.0","mg/L","","","","","","","MIC XGBoost Model","202503101","W1 score: 0.98, CI[0.97, 1.00]","Computational Method","",""
593905,"593905.28","Salmonella enterica subsp. enterica serovar Corvallis strain AR-0406","gentamicin","","0.5","","0.5","mg/L","","","","","","","MIC XGBoost Model","202503101","W1 score: 0.97, CI[0.95, 0.99]","Computational Method","",""
593905,"593905.28","Salmonella enterica subsp. enterica serovar Corvallis strain AR-0406","kanamycin","","8.0","","8.0","mg/L","","","","","","","MIC XGBoost Model","202503101","W1 score: 0.99, CI[0.98, 1.01]","Computational Method","",""
593905,"593905.28","Salmonella enterica subsp. enterica serovar Corvallis strain AR-0406","meropenem","","0.5","","0.5","mg/L","","","","","","","MIC XGBoost Model","202503101","W1 score: 0.95, CI[0.90, 1.01]","Computational Method","",""
593905,"593905.28","Salmonella enterica subsp. enterica serovar Corvallis strain AR-0406","nalidixic acid","","4.0","","4.0","mg/L","","","","","","","MIC XGBoost Model","202503101","W1 score: 0.98, CI[0.97, 0.99]","Computational Method","",""
593905,"593905.28","Salmonella enterica subsp. enterica serovar Corvallis strain AR-0406","streptomycin","","32.0","","32.0","mg/L","","","","","","","MIC XGBoost Model","202503101","W1 score: 0.92, CI[0.90, 0.93]","Computational Method","",""
593905,"593905.28","Salmonella enterica subsp. enterica serovar Corvallis strain AR-0406","tetracycline","","16.0","","16.0","mg/L","","","","","","","MIC XGBoost Model","202503101","W1 score: 0.99, CI[0.98, 0.99]","Computational Method","",""
593905,"593905.28","Salmonella enterica subsp. enterica serovar Corvallis strain AR-0406","ceftiofur","","1.0","","1.0","mg/L","","","","","","","MIC XGBoost Model","202503101","W1 score: 0.99, CI[0.98, 0.99]","Computational Method","",""
593905,"593905.40","Salmonella enterica subsp. enterica serovar Corvallis CFSAN059903","amoxicillin/clavulanic acid","","1.0","","1.0","mg/L","","","","","","","MIC XGBoost Model","202503101","W1 score: 0.98, CI[0.96, 0.99]","Computational Method","",""
593905,"593905.40","Salmonella enterica subsp. enterica serovar Corvallis CFSAN059903","ampicillin","","1.0","","1.0","mg/L","","","","","","","MIC XGBoost Model","202503101","W1 score: 0.96, CI[0.95, 0.97]","Computational Method","",""
593905,"593905.40","Salmonella enterica subsp. enterica serovar Corvallis CFSAN059903","azithromycin","","4.0","","4.0","mg/L","","","","","","","MIC XGBoost Model","202503101","W1 score: 0.99, CI[0.98, 1.00]","Computational Method","",""
593905,"593905.40","Salmonella enterica subsp. enterica serovar Corvallis CFSAN059903","ceftazidime","","8.0","","8.0","mg/L","","","","","","","MIC XGBoost Model","202503101","W1 score: 0.93, CI[0.88, 0.99]","Computational Method","",""
593905,"593905.40","Salmonella enterica subsp. enterica serovar Corvallis CFSAN059903","chloramphenicol","","4.0","","4.0","mg/L","","","","","","","MIC XGBoost Model","202503101","W1 score: 0.99, CI[0.98, 1.00]","Computational Method","",""
593905,"593905.40","Salmonella enterica subsp. enterica serovar Corvallis CFSAN059903","ciprofloxacin","","0.015625","","0.015625","mg/L","","","","","","","MIC XGBoost Model","202503101","W1 score: 0.88, CI[0.86, 0.90]","Computational Method","",""
593905,"593905.40","Salmonella enterica subsp. enterica serovar Corvallis CFSAN059903","ceftriaxone","","0.25","","0.25","mg/L","","","","","","","MIC XGBoost Model","202503101","W1 score: 0.95, CI[0.94, 0.96]","Computational Method","",""
593905,"593905.40","Salmonella enterica subsp. enterica serovar Corvallis CFSAN059903","cefotaxime","","16.0","","16.0","mg/L","","","","","","","MIC XGBoost Model","202503101","W1 score: 0.95, CI[0.89, 1.00]","Computational Method","",""
593905,"593905.40","Salmonella enterica subsp. enterica serovar Corvallis CFSAN059903","sulfisoxazole","","32.0","","32.0","mg/L","","","","","","","MIC XGBoost Model","202503101","W1 score: 0.98, CI[0.97, 0.99]","Computational Method","",""
593905,"593905.40","Salmonella enterica subsp. enterica serovar Corvallis CFSAN059903","cefoxitin","","2.0","","2.0","mg/L","","","","","","","MIC XGBoost Model","202503101","W1 score: 0.98, CI[0.97, 1.00]","Computational Method","",""
593905,"593905.40","Salmonella enterica subsp. enterica serovar Corvallis CFSAN059903","gentamicin","","0.5","","0.5","mg/L","","","","","","","MIC XGBoost Model","202503101","W1 score: 0.97, CI[0.95, 0.99]","Computational Method","",""
593905,"593905.40","Salmonella enterica subsp. enterica serovar Corvallis CFSAN059903","kanamycin","","8.0","","8.0","mg/L","","","","","","","MIC XGBoost Model","202503101","W1 score: 0.99, CI[0.98, 1.01]","Computational Method","",""
593905,"593905.40","Salmonella enterica subsp. enterica serovar Corvallis CFSAN059903","meropenem","","0.5","","0.5","mg/L","","","","","","","MIC XGBoost Model","202503101","W1 score: 0.95, CI[0.90, 1.01]","Computational Method","",""
593905,"593905.40","Salmonella enterica subsp. enterica serovar Corvallis CFSAN059903","nalidixic acid","","4.0","","4.0","mg/L","","","","","","","MIC XGBoost Model","202503101","W1 score: 0.98, CI[0.97, 0.99]","Computational Method","",""
593905,"593905.40","Salmonella enterica subsp. enterica serovar Corvallis CFSAN059903","streptomycin","","16.0","","16.0","mg/L","","","","","","","MIC XGBoost Model","202503101","W1 score: 0.92, CI[0.90, 0.93]","Computational Method","",""
593905,"593905.40","Salmonella enterica subsp. enterica serovar Corvallis CFSAN059903","tetracycline","","4.0","","4.0","mg/L","","","","","","","MIC XGBoost Model","202503101","W1 score: 0.99, CI[0.98, 0.99]","Computational Method","",""
593905,"593905.40","Salmonella enterica subsp. enterica serovar Corvallis CFSAN059903","ceftiofur","","1.0","","1.0","mg/L","","","","","","","MIC XGBoost Model","202503101","W1 score: 0.99, CI[0.98, 0.99]","Computational Method","",""
593905,"593905.5","Salmonella enterica subsp. enterica serovar Corvallis strain 95-0387","amoxicillin/clavulanic acid","","1.0","","1.0","mg/L","","","","","","","MIC XGBoost Model","202503101","W1 score: 0.98, CI[0.96, 0.99]","Computational Method","",""
593905,"593905.5","Salmonella enterica subsp. enterica serovar Corvallis strain 95-0387","ampicillin","","1.0","","1.0","mg/L","","","","","","","MIC XGBoost Model","202503101","W1 score: 0.96, CI[0.95, 0.97]","Computational Method","",""
593905,"593905.5","Salmonella enterica subsp. enterica serovar Corvallis strain 95-0387","azithromycin","","4.0","","4.0","mg/L","","","","","","","MIC XGBoost Model","202503101","W1 score: 0.99, CI[0.98, 1.00]","Computational Method","",""
593905,"593905.5","Salmonella enterica subsp. enterica serovar Corvallis strain 95-0387","ceftazidime","","8.0","","8.0","mg/L","","","","","","","MIC XGBoost Model","202503101","W1 score: 0.93, CI[0.88, 0.99]","Computational Method","",""
593905,"593905.5","Salmonella enterica subsp. enterica serovar Corvallis strain 95-0387","chloramphenicol","","4.0","","4.0","mg/L","","","","","","","MIC XGBoost Model","202503101","W1 score: 0.99, CI[0.98, 1.00]","Computational Method","",""
593905,"593905.5","Salmonella enterica subsp. enterica serovar Corvallis strain 95-0387","ciprofloxacin","","0.015625","","0.015625","mg/L","","","","","","","MIC XGBoost Model","202503101","W1 score: 0.88, CI[0.86, 0.90]","Computational Method","",""
593905,"593905.5","Salmonella enterica subsp. enterica serovar Corvallis strain 95-0387","ceftriaxone","","0.25","","0.25","mg/L","","","","","","","MIC XGBoost Model","202503101","W1 score: 0.95, CI[0.94, 0.96]","Computational Method","",""
593905,"593905.5","Salmonella enterica subsp. enterica serovar Corvallis strain 95-0387","cefotaxime","","16.0","","16.0","mg/L","","","","","","","MIC XGBoost Model","202503101","W1 score: 0.95, CI[0.89, 1.00]","Computational Method","",""
593905,"593905.5","Salmonella enterica subsp. enterica serovar Corvallis strain 95-0387","sulfisoxazole","","32.0","","32.0","mg/L","","","","","","","MIC XGBoost Model","202503101","W1 score: 0.98, CI[0.97, 0.99]","Computational Method","",""
593905,"593905.5","Salmonella enterica subsp. enterica serovar Corvallis strain 95-0387","cefoxitin","","4.0","","4.0","mg/L","","","","","","","MIC XGBoost Model","202503101","W1 score: 0.98, CI[0.97, 1.00]","Computational Method","",""
593905,"593905.5","Salmonella enterica subsp. enterica serovar Corvallis strain 95-0387","gentamicin","","0.5","","0.5","mg/L","","","","","","","MIC XGBoost Model","202503101","W1 score: 0.97, CI[0.95, 0.99]","Computational Method","",""
593905,"593905.5","Salmonella enterica subsp. enterica serovar Corvallis strain 95-0387","kanamycin","","8.0","","8.0","mg/L","","","","","","","MIC XGBoost Model","202503101","W1 score: 0.99, CI[0.98, 1.01]","Computational Method","",""
593905,"593905.5","Salmonella enterica subsp. enterica serovar Corvallis strain 95-0387","meropenem","","1.0","","1.0","mg/L","","","","","","","MIC XGBoost Model","202503101","W1 score: 0.95, CI[0.90, 1.01]","Computational Method","",""
593905,"593905.5","Salmonella enterica subsp. enterica serovar Corvallis strain 95-0387","nalidixic acid","","4.0","","4.0","mg/L","","","","","","","MIC XGBoost Model","202503101","W1 score: 0.98, CI[0.97, 0.99]","Computational Method","",""
593905,"593905.5","Salmonella enterica subsp. enterica serovar Corvallis strain 95-0387","streptomycin","","16.0","","16.0","mg/L","","","","","","","MIC XGBoost Model","202503101","W1 score: 0.92, CI[0.90, 0.93]","Computational Method","",""
593905,"593905.5","Salmonella enterica subsp. enterica serovar Corvallis strain 95-0387","tetracycline","","4.0","","4.0","mg/L","","","","","","","MIC XGBoost Model","202503101","W1 score: 0.99, CI[0.98, 0.99]","Computational Method","",""
593905,"593905.5","Salmonella enterica subsp. enterica serovar Corvallis strain 95-0387","ceftiofur","","1.0","","1.0","mg/L","","","","","","","MIC XGBoost Model","202503101","W1 score: 0.99, CI[0.98, 0.99]","Computational Method","",""
593905,"593905.6","Salmonella enterica subsp. enterica serovar Corvallis strain 2011K-1068","amoxicillin/clavulanic acid","","1.0","","1.0","mg/L","","","","","","","MIC XGBoost Model","202503101","W1 score: 0.98, CI[0.96, 0.99]","Computational Method","",""
593905,"593905.6","Salmonella enterica subsp. enterica serovar Corvallis strain 2011K-1068","ampicillin","","2.0","","2.0","mg/L","","","","","","","MIC XGBoost Model","202503101","W1 score: 0.96, CI[0.95, 0.97]","Computational Method","",""
593905,"593905.6","Salmonella enterica subsp. enterica serovar Corvallis strain 2011K-1068","azithromycin","","4.0","","4.0","mg/L","","","","","","","MIC XGBoost Model","202503101","W1 score: 0.99, CI[0.98, 1.00]","Computational Method","",""
593905,"593905.6","Salmonella enterica subsp. enterica serovar Corvallis strain 2011K-1068","ceftazidime","","4.0","","4.0","mg/L","","","","","","","MIC XGBoost Model","202503101","W1 score: 0.93, CI[0.88, 0.99]","Computational Method","",""
593905,"593905.6","Salmonella enterica subsp. enterica serovar Corvallis strain 2011K-1068","chloramphenicol","","4.0","","4.0","mg/L","","","","","","","MIC XGBoost Model","202503101","W1 score: 0.99, CI[0.98, 1.00]","Computational Method","",""
593905,"593905.6","Salmonella enterica subsp. enterica serovar Corvallis strain 2011K-1068","ciprofloxacin","","0.03125","","0.03125","mg/L","","","","","","","MIC XGBoost Model","202503101","W1 score: 0.88, CI[0.86, 0.90]","Computational Method","",""
593905,"593905.6","Salmonella enterica subsp. enterica serovar Corvallis strain 2011K-1068","ceftriaxone","","0.25","","0.25","mg/L","","","","","","","MIC XGBoost Model","202503101","W1 score: 0.95, CI[0.94, 0.96]","Computational Method","",""
593905,"593905.6","Salmonella enterica subsp. enterica serovar Corvallis strain 2011K-1068","cefotaxime","","16.0","","16.0","mg/L","","","","","","","MIC XGBoost Model","202503101","W1 score: 0.95, CI[0.89, 1.00]","Computational Method","",""
593905,"593905.6","Salmonella enterica subsp. enterica serovar Corvallis strain 2011K-1068","sulfisoxazole","","32.0","","32.0","mg/L","","","","","","","MIC XGBoost Model","202503101","W1 score: 0.98, CI[0.97, 0.99]","Computational Method","",""
593905,"593905.6","Salmonella enterica subsp. enterica serovar Corvallis strain 2011K-1068","cefoxitin","","2.0","","2.0","mg/L","","","","","","","MIC XGBoost Model","202503101","W1 score: 0.98, CI[0.97, 1.00]","Computational Method","",""
593905,"593905.6","Salmonella enterica subsp. enterica serovar Corvallis strain 2011K-1068","gentamicin","","0.5","","0.5","mg/L","","","","","","","MIC XGBoost Model","202503101","W1 score: 0.97, CI[0.95, 0.99]","Computational Method","",""
593905,"593905.6","Salmonella enterica subsp. enterica serovar Corvallis strain 2011K-1068","kanamycin","","8.0","","8.0","mg/L","","","","","","","MIC XGBoost Model","202503101","W1 score: 0.99, CI[0.98, 1.01]","Computational Method","",""
593905,"593905.6","Salmonella enterica subsp. enterica serovar Corvallis strain 2011K-1068","meropenem","","0.25","","0.25","mg/L","","","","","","","MIC XGBoost Model","202503101","W1 score: 0.95, CI[0.90, 1.01]","Computational Method","",""
593905,"593905.6","Salmonella enterica subsp. enterica serovar Corvallis strain 2011K-1068","nalidixic acid","","4.0","","4.0","mg/L","","","","","","","MIC XGBoost Model","202503101","W1 score: 0.98, CI[0.97, 0.99]","Computational Method","",""
593905,"593905.6","Salmonella enterica subsp. enterica serovar Corvallis strain 2011K-1068","streptomycin","","16.0","","16.0","mg/L","","","","","","","MIC XGBoost Model","202503101","W1 score: 0.92, CI[0.90, 0.93]","Computational Method","",""
593905,"593905.6","Salmonella enterica subsp. enterica serovar Corvallis strain 2011K-1068","tetracycline","","4.0","","4.0","mg/L","","","","","","","MIC XGBoost Model","202503101","W1 score: 0.99, CI[0.98, 0.99]","Computational Method","",""
593905,"593905.6","Salmonella enterica subsp. enterica serovar Corvallis strain 2011K-1068","ceftiofur","","1.0","","1.0","mg/L","","","","","","","MIC XGBoost Model","202503101","W1 score: 0.99, CI[0.98, 0.99]","Computational Method","",""
593905,"593905.7","Salmonella enterica subsp. enterica serovar Corvallis strain BCW_2855","amoxicillin/clavulanic acid","","1.0","","1.0","mg/L","","","","","","","MIC XGBoost Model","202503101","W1 score: 0.98, CI[0.96, 0.99]","Computational Method","",""
593905,"593905.7","Salmonella enterica subsp. enterica serovar Corvallis strain BCW_2855","ampicillin","","1.0","","1.0","mg/L","","","","","","","MIC XGBoost Model","202503101","W1 score: 0.96, CI[0.95, 0.97]","Computational Method","",""
593905,"593905.7","Salmonella enterica subsp. enterica serovar Corvallis strain BCW_2855","azithromycin","","4.0","","4.0","mg/L","","","","","","","MIC XGBoost Model","202503101","W1 score: 0.99, CI[0.98, 1.00]","Computational Method","",""
593905,"593905.7","Salmonella enterica subsp. enterica serovar Corvallis strain BCW_2855","ceftazidime","","4.0","","4.0","mg/L","","","","","","","MIC XGBoost Model","202503101","W1 score: 0.93, CI[0.88, 0.99]","Computational Method","",""
593905,"593905.7","Salmonella enterica subsp. enterica serovar Corvallis strain BCW_2855","chloramphenicol","","4.0","","4.0","mg/L","","","","","","","MIC XGBoost Model","202503101","W1 score: 0.99, CI[0.98, 1.00]","Computational Method","",""
593905,"593905.7","Salmonella enterica subsp. enterica serovar Corvallis strain BCW_2855","ciprofloxacin","","0.015625","","0.015625","mg/L","","","","","","","MIC XGBoost Model","202503101","W1 score: 0.88, CI[0.86, 0.90]","Computational Method","",""
593905,"593905.7","Salmonella enterica subsp. enterica serovar Corvallis strain BCW_2855","ceftriaxone","","0.25","","0.25","mg/L","","","","","","","MIC XGBoost Model","202503101","W1 score: 0.95, CI[0.94, 0.96]","Computational Method","",""
593905,"593905.7","Salmonella enterica subsp. enterica serovar Corvallis strain BCW_2855","cefotaxime","","16.0","","16.0","mg/L","","","","","","","MIC XGBoost Model","202503101","W1 score: 0.95, CI[0.89, 1.00]","Computational Method","",""
593905,"593905.7","Salmonella enterica subsp. enterica serovar Corvallis strain BCW_2855","sulfisoxazole","","32.0","","32.0","mg/L","","","","","","","MIC XGBoost Model","202503101","W1 score: 0.98, CI[0.97, 0.99]","Computational Method","",""
593905,"593905.7","Salmonella enterica subsp. enterica serovar Corvallis strain BCW_2855","cefoxitin","","2.0","","2.0","mg/L","","","","","","","MIC XGBoost Model","202503101","W1 score: 0.98, CI[0.97, 1.00]","Computational Method","",""
593905,"593905.7","Salmonella enterica subsp. enterica serovar Corvallis strain BCW_2855","gentamicin","","0.5","","0.5","mg/L","","","","","","","MIC XGBoost Model","202503101","W1 score: 0.97, CI[0.95, 0.99]","Computational Method","",""
593905,"593905.7","Salmonella enterica subsp. enterica serovar Corvallis strain BCW_2855","kanamycin","","8.0","","8.0","mg/L","","","","","","","MIC XGBoost Model","202503101","W1 score: 0.99, CI[0.98, 1.01]","Computational Method","",""
593905,"593905.7","Salmonella enterica subsp. enterica serovar Corvallis strain BCW_2855","meropenem","","0.25","","0.25","mg/L","","","","","","","MIC XGBoost Model","202503101","W1 score: 0.95, CI[0.90, 1.01]","Computational Method","",""
593905,"593905.7","Salmonella enterica subsp. enterica serovar Corvallis strain BCW_2855","nalidixic acid","","4.0","","4.0","mg/L","","","","","","","MIC XGBoost Model","202503101","W1 score: 0.98, CI[0.97, 0.99]","Computational Method","",""
593905,"593905.7","Salmonella enterica subsp. enterica serovar Corvallis strain BCW_2855","streptomycin","","16.0","","16.0","mg/L","","","","","","","MIC XGBoost Model","202503101","W1 score: 0.92, CI[0.90, 0.93]","Computational Method","",""
593905,"593905.7","Salmonella enterica subsp. enterica serovar Corvallis strain BCW_2855","tetracycline","","4.0","","4.0","mg/L","","","","","","","MIC XGBoost Model","202503101","W1 score: 0.99, CI[0.98, 0.99]","Computational Method","",""
593905,"593905.7","Salmonella enterica subsp. enterica serovar Corvallis strain BCW_2855","ceftiofur","","1.0","","1.0","mg/L","","","","","","","MIC XGBoost Model","202503101","W1 score: 0.99, CI[0.98, 0.99]","Computational Method","",""
593905,"593905.8","Salmonella enterica subsp. enterica serovar Corvallis strain BCW_2858","amoxicillin/clavulanic acid","","8.0","","8.0","mg/L","","","","","","","MIC XGBoost Model","202503101","W1 score: 0.98, CI[0.96, 0.99]","Computational Method","",""
593905,"593905.8","Salmonella enterica subsp. enterica serovar Corvallis strain BCW_2858","ampicillin","","32.0","","32.0","mg/L","","","","","","","MIC XGBoost Model","202503101","W1 score: 0.96, CI[0.95, 0.97]","Computational Method","",""
593905,"593905.8","Salmonella enterica subsp. enterica serovar Corvallis strain BCW_2858","azithromycin","","4.0","","4.0","mg/L","","","","","","","MIC XGBoost Model","202503101","W1 score: 0.99, CI[0.98, 1.00]","Computational Method","",""
593905,"593905.8","Salmonella enterica subsp. enterica serovar Corvallis strain BCW_2858","ceftazidime","","4.0","","4.0","mg/L","","","","","","","MIC XGBoost Model","202503101","W1 score: 0.93, CI[0.88, 0.99]","Computational Method","",""
593905,"593905.8","Salmonella enterica subsp. enterica serovar Corvallis strain BCW_2858","chloramphenicol","","4.0","","4.0","mg/L","","","","","","","MIC XGBoost Model","202503101","W1 score: 0.99, CI[0.98, 1.00]","Computational Method","",""
593905,"593905.8","Salmonella enterica subsp. enterica serovar Corvallis strain BCW_2858","ciprofloxacin","","0.125","","0.125","mg/L","","","","","","","MIC XGBoost Model","202503101","W1 score: 0.88, CI[0.86, 0.90]","Computational Method","",""
593905,"593905.8","Salmonella enterica subsp. enterica serovar Corvallis strain BCW_2858","ceftriaxone","","0.5","","0.5","mg/L","","","","","","","MIC XGBoost Model","202503101","W1 score: 0.95, CI[0.94, 0.96]","Computational Method","",""
593905,"593905.8","Salmonella enterica subsp. enterica serovar Corvallis strain BCW_2858","cefotaxime","","16.0","","16.0","mg/L","","","","","","","MIC XGBoost Model","202503101","W1 score: 0.95, CI[0.89, 1.00]","Computational Method","",""
593905,"593905.8","Salmonella enterica subsp. enterica serovar Corvallis strain BCW_2858","sulfisoxazole","","256.0","","256.0","mg/L","","","","","","","MIC XGBoost Model","202503101","W1 score: 0.98, CI[0.97, 0.99]","Computational Method","",""
593905,"593905.8","Salmonella enterica subsp. enterica serovar Corvallis strain BCW_2858","cefoxitin","","2.0","","2.0","mg/L","","","","","","","MIC XGBoost Model","202503101","W1 score: 0.98, CI[0.97, 1.00]","Computational Method","",""
593905,"593905.8","Salmonella enterica subsp. enterica serovar Corvallis strain BCW_2858","gentamicin","","0.5","","0.5","mg/L","","","","","","","MIC XGBoost Model","202503101","W1 score: 0.97, CI[0.95, 0.99]","Computational Method","",""
593905,"593905.8","Salmonella enterica subsp. enterica serovar Corvallis strain BCW_2858","kanamycin","","16.0","","16.0","mg/L","","","","","","","MIC XGBoost Model","202503101","W1 score: 0.99, CI[0.98, 1.01]","Computational Method","",""
593905,"593905.8","Salmonella enterica subsp. enterica serovar Corvallis strain BCW_2858","meropenem","","0.25","","0.25","mg/L","","","","","","","MIC XGBoost Model","202503101","W1 score: 0.95, CI[0.90, 1.01]","Computational Method","",""
593905,"593905.8","Salmonella enterica subsp. enterica serovar Corvallis strain BCW_2858","nalidixic acid","","32.0","","32.0","mg/L","","","","","","","MIC XGBoost Model","202503101","W1 score: 0.98, CI[0.97, 0.99]","Computational Method","",""
593905,"593905.8","Salmonella enterica subsp. enterica serovar Corvallis strain BCW_2858","streptomycin","","32.0","","32.0","mg/L","","","","","","","MIC XGBoost Model","202503101","W1 score: 0.92, CI[0.90, 0.93]","Computational Method","",""
593905,"593905.8","Salmonella enterica subsp. enterica serovar Corvallis strain BCW_2858","tetracycline","","4.0","","4.0","mg/L","","","","","","","MIC XGBoost Model","202503101","W1 score: 0.99, CI[0.98, 0.99]","Computational Method","",""
593905,"593905.8","Salmonella enterica subsp. enterica serovar Corvallis strain BCW_2858","ceftiofur","","2.0","","2.0","mg/L","","","","","","","MIC XGBoost Model","202503101","W1 score: 0.99, CI[0.98, 0.99]","Computational Method","",""
593905,"593905.9","Salmonella enterica subsp. enterica serovar Corvallis strain BCW_2669","amoxicillin/clavulanic acid","","1.0","","1.0","mg/L","","","","","","","MIC XGBoost Model","202503101","W1 score: 0.98, CI[0.96, 0.99]","Computational Method","",""
593905,"593905.9","Salmonella enterica subsp. enterica serovar Corvallis strain BCW_2669","ampicillin","","1.0","","1.0","mg/L","","","","","","","MIC XGBoost Model","202503101","W1 score: 0.96, CI[0.95, 0.97]","Computational Method","",""
593905,"593905.9","Salmonella enterica subsp. enterica serovar Corvallis strain BCW_2669","azithromycin","","4.0","","4.0","mg/L","","","","","","","MIC XGBoost Model","202503101","W1 score: 0.99, CI[0.98, 1.00]","Computational Method","",""
593905,"593905.9","Salmonella enterica subsp. enterica serovar Corvallis strain BCW_2669","ceftazidime","","8.0","","8.0","mg/L","","","","","","","MIC XGBoost Model","202503101","W1 score: 0.93, CI[0.88, 0.99]","Computational Method","",""
593905,"593905.9","Salmonella enterica subsp. enterica serovar Corvallis strain BCW_2669","chloramphenicol","","4.0","","4.0","mg/L","","","","","","","MIC XGBoost Model","202503101","W1 score: 0.99, CI[0.98, 1.00]","Computational Method","",""
593905,"593905.9","Salmonella enterica subsp. enterica serovar Corvallis strain BCW_2669","ciprofloxacin","","0.03125","","0.03125","mg/L","","","","","","","MIC XGBoost Model","202503101","W1 score: 0.88, CI[0.86, 0.90]","Computational Method","",""
593905,"593905.9","Salmonella enterica subsp. enterica serovar Corvallis strain BCW_2669","ceftriaxone","","0.25","","0.25","mg/L","","","","","","","MIC XGBoost Model","202503101","W1 score: 0.95, CI[0.94, 0.96]","Computational Method","",""
593905,"593905.9","Salmonella enterica subsp. enterica serovar Corvallis strain BCW_2669","cefotaxime","","16.0","","16.0","mg/L","","","","","","","MIC XGBoost Model","202503101","W1 score: 0.95, CI[0.89, 1.00]","Computational Method","",""
593905,"593905.9","Salmonella enterica subsp. enterica serovar Corvallis strain BCW_2669","sulfisoxazole","","256.0","","256.0","mg/L","","","","","","","MIC XGBoost Model","202503101","W1 score: 0.98, CI[0.97, 0.99]","Computational Method","",""
593905,"593905.9","Salmonella enterica subsp. enterica serovar Corvallis strain BCW_2669","cefoxitin","","2.0","","2.0","mg/L","","","","","","","MIC XGBoost Model","202503101","W1 score: 0.98, CI[0.97, 1.00]","Computational Method","",""
593905,"593905.9","Salmonella enterica subsp. enterica serovar Corvallis strain BCW_2669","gentamicin","","0.5","","0.5","mg/L","","","","","","","MIC XGBoost Model","202503101","W1 score: 0.97, CI[0.95, 0.99]","Computational Method","",""
593905,"593905.9","Salmonella enterica subsp. enterica serovar Corvallis strain BCW_2669","kanamycin","","8.0","","8.0","mg/L","","","","","","","MIC XGBoost Model","202503101","W1 score: 0.99, CI[0.98, 1.01]","Computational Method","",""
593905,"593905.9","Salmonella enterica subsp. enterica serovar Corvallis strain BCW_2669","meropenem","","0.25","","0.25","mg/L","","","","","","","MIC XGBoost Model","202503101","W1 score: 0.95, CI[0.90, 1.01]","Computational Method","",""
593905,"593905.9","Salmonella enterica subsp. enterica serovar Corvallis strain BCW_2669","nalidixic acid","","4.0","","4.0","mg/L","","","","","","","MIC XGBoost Model","202503101","W1 score: 0.98, CI[0.97, 0.99]","Computational Method","",""
593905,"593905.9","Salmonella enterica subsp. enterica serovar Corvallis strain BCW_2669","streptomycin","","32.0","","32.0","mg/L","","","","","","","MIC XGBoost Model","202503101","W1 score: 0.92, CI[0.90, 0.93]","Computational Method","",""
593905,"593905.9","Salmonella enterica subsp. enterica serovar Corvallis strain BCW_2669","tetracycline","","16.0","","16.0","mg/L","","","","","","","MIC XGBoost Model","202503101","W1 score: 0.99, CI[0.98, 0.99]","Computational Method","",""
593905,"593905.9","Salmonella enterica subsp. enterica serovar Corvallis strain BCW_2669","ceftiofur","","1.0","","1.0","mg/L","","","","","","","MIC XGBoost Model","202503101","W1 score: 0.99, CI[0.98, 0.99]","Computational Method","",""
593905,"593905.12","Salmonella enterica subsp. enterica serovar Corvallis strain CFSAN059903","trimethoprim/sulfamethoxazole","","0.25","","0.25","mg/L","","","","","","","MIC XGBoost Model","202503101","W1 score: 0.96, CI[0.95, 0.97]","Computational Method","",""
593905,"593905.13","Salmonella enterica subsp. enterica serovar Corvallis strain 12-01738","trimethoprim/sulfamethoxazole","","0.5","","0.5","mg/L","","","","","","","MIC XGBoost Model","202503101","W1 score: 0.96, CI[0.95, 0.97]","Computational Method","",""
593905,"593905.14","Salmonella enterica subsp. enterica serovar Corvallis strain SL_62_S353","trimethoprim/sulfamethoxazole","","0.125","","0.125","mg/L","","","","","","","MIC XGBoost Model","202503101","W1 score: 0.96, CI[0.95, 0.97]","Computational Method","",""
593905,"593905.15","Salmonella enterica subsp. enterica serovar Corvallis strain SL_39_S118","trimethoprim/sulfamethoxazole","","0.125","","0.125","mg/L","","","","","","","MIC XGBoost Model","202503101","W1 score: 0.96, CI[0.95, 0.97]","Computational Method","",""
593905,"593905.16","Salmonella enterica subsp. enterica serovar Corvallis strain SL_35_S91","trimethoprim/sulfamethoxazole","","0.125","","0.125","mg/L","","","","","","","MIC XGBoost Model","202503101","W1 score: 0.96, CI[0.95, 0.97]","Computational Method","",""
593905,"593905.17","Salmonella enterica subsp. enterica serovar Corvallis strain SL_29_118","trimethoprim/sulfamethoxazole","","0.125","","0.125","mg/L","","","","","","","MIC XGBoost Model","202503101","W1 score: 0.96, CI[0.95, 0.97]","Computational Method","",""
593905,"593905.18","Salmonella enterica subsp. enterica serovar Corvallis strain SL_26_115","trimethoprim/sulfamethoxazole","","0.125","","0.125","mg/L","","","","","","","MIC XGBoost Model","202503101","W1 score: 0.96, CI[0.95, 0.97]","Computational Method","",""
593905,"593905.19","Salmonella enterica subsp. enterica serovar Corvallis strain SL_20_107","trimethoprim/sulfamethoxazole","","0.125","","0.125","mg/L","","","","","","","MIC XGBoost Model","202503101","W1 score: 0.96, CI[0.95, 0.97]","Computational Method","",""
593905,"593905.20","Salmonella enterica subsp. enterica serovar Corvallis strain SL_17_98","trimethoprim/sulfamethoxazole","","0.125","","0.125","mg/L","","","","","","","MIC XGBoost Model","202503101","W1 score: 0.96, CI[0.95, 0.97]","Computational Method","",""
593905,"593905.21","Salmonella enterica subsp. enterica serovar Corvallis strain SL_16_97","trimethoprim/sulfamethoxazole","","0.125","","0.125","mg/L","","","","","","","MIC XGBoost Model","202503101","W1 score: 0.96, CI[0.95, 0.97]","Computational Method","",""
593905,"593905.22","Salmonella enterica subsp. enterica serovar Corvallis strain SL_19_103","trimethoprim/sulfamethoxazole","","0.25","","0.25","mg/L","","","","","","","MIC XGBoost Model","202503101","W1 score: 0.96, CI[0.95, 0.97]","Computational Method","",""
593905,"593905.23","Salmonella enterica subsp. enterica serovar Corvallis strain SL_13_91","trimethoprim/sulfamethoxazole","","0.125","","0.125","mg/L","","","","","","","MIC XGBoost Model","202503101","W1 score: 0.96, CI[0.95, 0.97]","Computational Method","",""
593905,"593905.24","Salmonella enterica subsp. enterica serovar Corvallis strain SL_12_81","trimethoprim/sulfamethoxazole","","0.125","","0.125","mg/L","","","","","","","MIC XGBoost Model","202503101","W1 score: 0.96, CI[0.95, 0.97]","Computational Method","",""
593905,"593905.25","Salmonella enterica subsp. enterica serovar Corvallis strain SL_14_93","trimethoprim/sulfamethoxazole","","0.125","","0.125","mg/L","","","","","","","MIC XGBoost Model","202503101","W1 score: 0.96, CI[0.95, 0.97]","Computational Method","",""
593905,"593905.26","Salmonella enterica subsp. enterica serovar Corvallis strain HIY0169","trimethoprim/sulfamethoxazole","","0.125","","0.125","mg/L","","","","","","","MIC XGBoost Model","202503101","W1 score: 0.96, CI[0.95, 0.97]","Computational Method","",""
593905,"593905.27","Salmonella enterica subsp. enterica serovar Corvallis strain NPHL 15376","trimethoprim/sulfamethoxazole","","4.0","","4.0","mg/L","","","","","","","MIC XGBoost Model","202503101","W1 score: 0.96, CI[0.95, 0.97]","Computational Method","",""
593905,"593905.28","Salmonella enterica subsp. enterica serovar Corvallis strain AR-0406","trimethoprim/sulfamethoxazole","","0.125","","0.125","mg/L","","","","","","","MIC XGBoost Model","202503101","W1 score: 0.96, CI[0.95, 0.97]","Computational Method","",""
593905,"593905.40","Salmonella enterica subsp. enterica serovar Corvallis CFSAN059903","trimethoprim/sulfamethoxazole","","0.25","","0.25","mg/L","","","","","","","MIC XGBoost Model","202503101","W1 score: 0.96, CI[0.95, 0.97]","Computational Method","",""
593905,"593905.5","Salmonella enterica subsp. enterica serovar Corvallis strain 95-0387","trimethoprim/sulfamethoxazole","","0.25","","0.25","mg/L","","","","","","","MIC XGBoost Model","202503101","W1 score: 0.96, CI[0.95, 0.97]","Computational Method","",""
593905,"593905.6","Salmonella enterica subsp. enterica serovar Corvallis strain 2011K-1068","trimethoprim/sulfamethoxazole","","0.125","","0.125","mg/L","","","","","","","MIC XGBoost Model","202503101","W1 score: 0.96, CI[0.95, 0.97]","Computational Method","",""
593905,"593905.7","Salmonella enterica subsp. enterica serovar Corvallis strain BCW_2855","trimethoprim/sulfamethoxazole","","0.125","","0.125","mg/L","","","","","","","MIC XGBoost Model","202503101","W1 score: 0.96, CI[0.95, 0.97]","Computational Method","",""
593905,"593905.8","Salmonella enterica subsp. enterica serovar Corvallis strain BCW_2858","trimethoprim/sulfamethoxazole","","0.25","","0.25","mg/L","","","","","","","MIC XGBoost Model","202503101","W1 score: 0.96, CI[0.95, 0.97]","Computational Method","",""
593905,"593905.9","Salmonella enterica subsp. enterica serovar Corvallis strain BCW_2669","trimethoprim/sulfamethoxazole","","0.125","","0.125","mg/L","","","","","","","MIC XGBoost Model","202503101","W1 score: 0.96, CI[0.95, 0.97]","Computational Method","",""
593905,"593905.12","Salmonella enterica subsp. enterica serovar Corvallis strain CFSAN059903","amoxicillin/clavulanic acid","Susceptible","","","","","","","","","","","SIR XGBoost Model","202503101","F1 score: 0.96, CI[0.95, 0.97]","Computational Method","",""
593905,"593905.12","Salmonella enterica subsp. enterica serovar Corvallis strain CFSAN059903","ampicillin","Susceptible","","","","","","","","","","","SIR XGBoost Model","202503101","F1 score: 0.93, CI[0.92, 0.93]","Computational Method","",""
593905,"593905.12","Salmonella enterica subsp. enterica serovar Corvallis strain CFSAN059903","azithromycin","Susceptible","","","","","","","","","","","SIR XGBoost Model","202503101","F1 score: 0.92, CI[0.87, 0.98]","Computational Method","",""
593905,"593905.12","Salmonella enterica subsp. enterica serovar Corvallis strain CFSAN059903","chloramphenicol","Susceptible","","","","","","","","","","","SIR XGBoost Model","202503101","F1 score: 0.90, CI[0.88, 0.91]","Computational Method","",""
593905,"593905.12","Salmonella enterica subsp. enterica serovar Corvallis strain CFSAN059903","ciprofloxacin","Susceptible","","","","","","","","","","","SIR XGBoost Model","202503101","F1 score: 0.95, CI[0.93, 0.96]","Computational Method","",""
593905,"593905.12","Salmonella enterica subsp. enterica serovar Corvallis strain CFSAN059903","ceftriaxone","Susceptible","","","","","","","","","","","SIR XGBoost Model","202503101","F1 score: 0.98, CI[0.97, 1.00]","Computational Method","",""
593905,"593905.12","Salmonella enterica subsp. enterica serovar Corvallis strain CFSAN059903","cefotaxime","Susceptible","","","","","","","","","","","SIR XGBoost Model","202503101","F1 score: 0.95, CI[0.90, 0.99]","Computational Method","",""
593905,"593905.12","Salmonella enterica subsp. enterica serovar Corvallis strain CFSAN059903","sulfisoxazole","Susceptible","","","","","","","","","","","SIR XGBoost Model","202503101","F1 score: 0.99, CI[0.98, 1.00]","Computational Method","",""
593905,"593905.12","Salmonella enterica subsp. enterica serovar Corvallis strain CFSAN059903","cefoxitin","Susceptible","","","","","","","","","","","SIR XGBoost Model","202503101","F1 score: 0.96, CI[0.93, 0.99]","Computational Method","",""
593905,"593905.12","Salmonella enterica subsp. enterica serovar Corvallis strain CFSAN059903","gentamicin","Susceptible","","","","","","","","","","","SIR XGBoost Model","202503101","F1 score: 0.92, CI[0.89, 0.95]","Computational Method","",""
593905,"593905.12","Salmonella enterica subsp. enterica serovar Corvallis strain CFSAN059903","kanamycin","Susceptible","","","","","","","","","","","SIR XGBoost Model","202503101","F1 score: 0.86, CI[0.77, 0.95]","Computational Method","",""
593905,"593905.12","Salmonella enterica subsp. enterica serovar Corvallis strain CFSAN059903","nalidixic acid","Susceptible","","","","","","","","","","","SIR XGBoost Model","202503101","F1 score: 0.95, CI[0.93, 0.96]","Computational Method","",""
593905,"593905.12","Salmonella enterica subsp. enterica serovar Corvallis strain CFSAN059903","pefloxacin","Susceptible","","","","","","","","","","","SIR XGBoost Model","202503101","F1 score: 0.98, CI[0.96, 1.00]","Computational Method","",""
593905,"593905.12","Salmonella enterica subsp. enterica serovar Corvallis strain CFSAN059903","sulfamethoxazole","Susceptible","","","","","","","","","","","SIR XGBoost Model","202503101","F1 score: 0.95, CI[0.93, 0.97]","Computational Method","",""
593905,"593905.12","Salmonella enterica subsp. enterica serovar Corvallis strain CFSAN059903","spectinomycin","Susceptible","","","","","","","","","","","SIR XGBoost Model","202503101","F1 score: 0.94, CI[0.90, 0.98]","Computational Method","",""
593905,"593905.12","Salmonella enterica subsp. enterica serovar Corvallis strain CFSAN059903","streptomycin","Susceptible","","","","","","","","","","","SIR XGBoost Model","202503101","F1 score: 0.94, CI[0.93, 0.96]","Computational Method","",""
593905,"593905.12","Salmonella enterica subsp. enterica serovar Corvallis strain CFSAN059903","tetracycline","Susceptible","","","","","","","","","","","SIR XGBoost Model","202503101","F1 score: 0.97, CI[0.96, 0.98]","Computational Method","",""
593905,"593905.12","Salmonella enterica subsp. enterica serovar Corvallis strain CFSAN059903","ceftiofur","Susceptible","","","","","","","","","","","SIR XGBoost Model","202503101","F1 score: 0.98, CI[0.97, 1.00]","Computational Method","",""
593905,"593905.12","Salmonella enterica subsp. enterica serovar Corvallis strain CFSAN059903","trimethoprim","Susceptible","","","","","","","","","","","SIR XGBoost Model","202503101","F1 score: 0.86, CI[0.78, 0.93]","Computational Method","",""
593905,"593905.13","Salmonella enterica subsp. enterica serovar Corvallis strain 12-01738","amoxicillin/clavulanic acid","Resistant","","","","","","","","","","","SIR XGBoost Model","202503101","F1 score: 0.96, CI[0.95, 0.97]","Computational Method","",""
593905,"593905.13","Salmonella enterica subsp. enterica serovar Corvallis strain 12-01738","ampicillin","Resistant","","","","","","","","","","","SIR XGBoost Model","202503101","F1 score: 0.93, CI[0.92, 0.93]","Computational Method","",""
593905,"593905.13","Salmonella enterica subsp. enterica serovar Corvallis strain 12-01738","azithromycin","Susceptible","","","","","","","","","","","SIR XGBoost Model","202503101","F1 score: 0.92, CI[0.87, 0.98]","Computational Method","",""
593905,"593905.13","Salmonella enterica subsp. enterica serovar Corvallis strain 12-01738","chloramphenicol","Resistant","","","","","","","","","","","SIR XGBoost Model","202503101","F1 score: 0.90, CI[0.88, 0.91]","Computational Method","",""
593905,"593905.13","Salmonella enterica subsp. enterica serovar Corvallis strain 12-01738","ciprofloxacin","Susceptible","","","","","","","","","","","SIR XGBoost Model","202503101","F1 score: 0.95, CI[0.93, 0.96]","Computational Method","",""
593905,"593905.13","Salmonella enterica subsp. enterica serovar Corvallis strain 12-01738","ceftriaxone","Resistant","","","","","","","","","","","SIR XGBoost Model","202503101","F1 score: 0.98, CI[0.97, 1.00]","Computational Method","",""
593905,"593905.13","Salmonella enterica subsp. enterica serovar Corvallis strain 12-01738","cefotaxime","Resistant","","","","","","","","","","","SIR XGBoost Model","202503101","F1 score: 0.95, CI[0.90, 0.99]","Computational Method","",""
593905,"593905.13","Salmonella enterica subsp. enterica serovar Corvallis strain 12-01738","sulfisoxazole","Resistant","","","","","","","","","","","SIR XGBoost Model","202503101","F1 score: 0.99, CI[0.98, 1.00]","Computational Method","",""
593905,"593905.13","Salmonella enterica subsp. enterica serovar Corvallis strain 12-01738","cefoxitin","Resistant","","","","","","","","","","","SIR XGBoost Model","202503101","F1 score: 0.96, CI[0.93, 0.99]","Computational Method","",""
593905,"593905.13","Salmonella enterica subsp. enterica serovar Corvallis strain 12-01738","gentamicin","Resistant","","","","","","","","","","","SIR XGBoost Model","202503101","F1 score: 0.92, CI[0.89, 0.95]","Computational Method","",""
593905,"593905.13","Salmonella enterica subsp. enterica serovar Corvallis strain 12-01738","kanamycin","Susceptible","","","","","","","","","","","SIR XGBoost Model","202503101","F1 score: 0.86, CI[0.77, 0.95]","Computational Method","",""
593905,"593905.13","Salmonella enterica subsp. enterica serovar Corvallis strain 12-01738","nalidixic acid","Susceptible","","","","","","","","","","","SIR XGBoost Model","202503101","F1 score: 0.95, CI[0.93, 0.96]","Computational Method","",""
593905,"593905.13","Salmonella enterica subsp. enterica serovar Corvallis strain 12-01738","pefloxacin","Susceptible","","","","","","","","","","","SIR XGBoost Model","202503101","F1 score: 0.98, CI[0.96, 1.00]","Computational Method","",""
593905,"593905.13","Salmonella enterica subsp. enterica serovar Corvallis strain 12-01738","sulfamethoxazole","Resistant","","","","","","","","","","","SIR XGBoost Model","202503101","F1 score: 0.95, CI[0.93, 0.97]","Computational Method","",""
593905,"593905.13","Salmonella enterica subsp. enterica serovar Corvallis strain 12-01738","spectinomycin","Susceptible","","","","","","","","","","","SIR XGBoost Model","202503101","F1 score: 0.94, CI[0.90, 0.98]","Computational Method","",""
593905,"593905.13","Salmonella enterica subsp. enterica serovar Corvallis strain 12-01738","streptomycin","Resistant","","","","","","","","","","","SIR XGBoost Model","202503101","F1 score: 0.94, CI[0.93, 0.96]","Computational Method","",""
593905,"593905.13","Salmonella enterica subsp. enterica serovar Corvallis strain 12-01738","tetracycline","Resistant","","","","","","","","","","","SIR XGBoost Model","202503101","F1 score: 0.97, CI[0.96, 0.98]","Computational Method","",""
593905,"593905.13","Salmonella enterica subsp. enterica serovar Corvallis strain 12-01738","ceftiofur","Resistant","","","","","","","","","","","SIR XGBoost Model","202503101","F1 score: 0.98, CI[0.97, 1.00]","Computational Method","",""
593905,"593905.13","Salmonella enterica subsp. enterica serovar Corvallis strain 12-01738","trimethoprim","Resistant","","","","","","","","","","","SIR XGBoost Model","202503101","F1 score: 0.86, CI[0.78, 0.93]","Computational Method","",""
593905,"593905.14","Salmonella enterica subsp. enterica serovar Corvallis strain SL_62_S353","amoxicillin/clavulanic acid","Susceptible","","","","","","","","","","","SIR XGBoost Model","202503101","F1 score: 0.96, CI[0.95, 0.97]","Computational Method","",""
593905,"593905.14","Salmonella enterica subsp. enterica serovar Corvallis strain SL_62_S353","ampicillin","Susceptible","","","","","","","","","","","SIR XGBoost Model","202503101","F1 score: 0.93, CI[0.92, 0.93]","Computational Method","",""
593905,"593905.14","Salmonella enterica subsp. enterica serovar Corvallis strain SL_62_S353","azithromycin","Susceptible","","","","","","","","","","","SIR XGBoost Model","202503101","F1 score: 0.92, CI[0.87, 0.98]","Computational Method","",""
593905,"593905.14","Salmonella enterica subsp. enterica serovar Corvallis strain SL_62_S353","chloramphenicol","Susceptible","","","","","","","","","","","SIR XGBoost Model","202503101","F1 score: 0.90, CI[0.88, 0.91]","Computational Method","",""
593905,"593905.14","Salmonella enterica subsp. enterica serovar Corvallis strain SL_62_S353","ciprofloxacin","Susceptible","","","","","","","","","","","SIR XGBoost Model","202503101","F1 score: 0.95, CI[0.93, 0.96]","Computational Method","",""
593905,"593905.14","Salmonella enterica subsp. enterica serovar Corvallis strain SL_62_S353","ceftriaxone","Susceptible","","","","","","","","","","","SIR XGBoost Model","202503101","F1 score: 0.98, CI[0.97, 1.00]","Computational Method","",""
593905,"593905.14","Salmonella enterica subsp. enterica serovar Corvallis strain SL_62_S353","cefotaxime","Susceptible","","","","","","","","","","","SIR XGBoost Model","202503101","F1 score: 0.95, CI[0.90, 0.99]","Computational Method","",""
593905,"593905.14","Salmonella enterica subsp. enterica serovar Corvallis strain SL_62_S353","sulfisoxazole","Susceptible","","","","","","","","","","","SIR XGBoost Model","202503101","F1 score: 0.99, CI[0.98, 1.00]","Computational Method","",""
593905,"593905.14","Salmonella enterica subsp. enterica serovar Corvallis strain SL_62_S353","cefoxitin","Susceptible","","","","","","","","","","","SIR XGBoost Model","202503101","F1 score: 0.96, CI[0.93, 0.99]","Computational Method","",""
593905,"593905.14","Salmonella enterica subsp. enterica serovar Corvallis strain SL_62_S353","gentamicin","Susceptible","","","","","","","","","","","SIR XGBoost Model","202503101","F1 score: 0.92, CI[0.89, 0.95]","Computational Method","",""
593905,"593905.14","Salmonella enterica subsp. enterica serovar Corvallis strain SL_62_S353","kanamycin","Susceptible","","","","","","","","","","","SIR XGBoost Model","202503101","F1 score: 0.86, CI[0.77, 0.95]","Computational Method","",""
593905,"593905.14","Salmonella enterica subsp. enterica serovar Corvallis strain SL_62_S353","nalidixic acid","Susceptible","","","","","","","","","","","SIR XGBoost Model","202503101","F1 score: 0.95, CI[0.93, 0.96]","Computational Method","",""
593905,"593905.14","Salmonella enterica subsp. enterica serovar Corvallis strain SL_62_S353","pefloxacin","Susceptible","","","","","","","","","","","SIR XGBoost Model","202503101","F1 score: 0.98, CI[0.96, 1.00]","Computational Method","",""
593905,"593905.14","Salmonella enterica subsp. enterica serovar Corvallis strain SL_62_S353","sulfamethoxazole","Susceptible","","","","","","","","","","","SIR XGBoost Model","202503101","F1 score: 0.95, CI[0.93, 0.97]","Computational Method","",""
593905,"593905.14","Salmonella enterica subsp. enterica serovar Corvallis strain SL_62_S353","spectinomycin","Susceptible","","","","","","","","","","","SIR XGBoost Model","202503101","F1 score: 0.94, CI[0.90, 0.98]","Computational Method","",""
593905,"593905.14","Salmonella enterica subsp. enterica serovar Corvallis strain SL_62_S353","streptomycin","Susceptible","","","","","","","","","","","SIR XGBoost Model","202503101","F1 score: 0.94, CI[0.93, 0.96]","Computational Method","",""
593905,"593905.14","Salmonella enterica subsp. enterica serovar Corvallis strain SL_62_S353","tetracycline","Susceptible","","","","","","","","","","","SIR XGBoost Model","202503101","F1 score: 0.97, CI[0.96, 0.98]","Computational Method","",""
593905,"593905.14","Salmonella enterica subsp. enterica serovar Corvallis strain SL_62_S353","ceftiofur","Susceptible","","","","","","","","","","","SIR XGBoost Model","202503101","F1 score: 0.98, CI[0.97, 1.00]","Computational Method","",""
593905,"593905.14","Salmonella enterica subsp. enterica serovar Corvallis strain SL_62_S353","trimethoprim","Susceptible","","","","","","","","","","","SIR XGBoost Model","202503101","F1 score: 0.86, CI[0.78, 0.93]","Computational Method","",""
593905,"593905.15","Salmonella enterica subsp. enterica serovar Corvallis strain SL_39_S118","amoxicillin/clavulanic acid","Susceptible","","","","","","","","","","","SIR XGBoost Model","202503101","F1 score: 0.96, CI[0.95, 0.97]","Computational Method","",""
593905,"593905.15","Salmonella enterica subsp. enterica serovar Corvallis strain SL_39_S118","ampicillin","Susceptible","","","","","","","","","","","SIR XGBoost Model","202503101","F1 score: 0.93, CI[0.92, 0.93]","Computational Method","",""
593905,"593905.15","Salmonella enterica subsp. enterica serovar Corvallis strain SL_39_S118","azithromycin","Susceptible","","","","","","","","","","","SIR XGBoost Model","202503101","F1 score: 0.92, CI[0.87, 0.98]","Computational Method","",""
593905,"593905.15","Salmonella enterica subsp. enterica serovar Corvallis strain SL_39_S118","chloramphenicol","Susceptible","","","","","","","","","","","SIR XGBoost Model","202503101","F1 score: 0.90, CI[0.88, 0.91]","Computational Method","",""
593905,"593905.15","Salmonella enterica subsp. enterica serovar Corvallis strain SL_39_S118","ciprofloxacin","Susceptible","","","","","","","","","","","SIR XGBoost Model","202503101","F1 score: 0.95, CI[0.93, 0.96]","Computational Method","",""
593905,"593905.15","Salmonella enterica subsp. enterica serovar Corvallis strain SL_39_S118","ceftriaxone","Susceptible","","","","","","","","","","","SIR XGBoost Model","202503101","F1 score: 0.98, CI[0.97, 1.00]","Computational Method","",""
593905,"593905.15","Salmonella enterica subsp. enterica serovar Corvallis strain SL_39_S118","cefotaxime","Susceptible","","","","","","","","","","","SIR XGBoost Model","202503101","F1 score: 0.95, CI[0.90, 0.99]","Computational Method","",""
593905,"593905.15","Salmonella enterica subsp. enterica serovar Corvallis strain SL_39_S118","sulfisoxazole","Susceptible","","","","","","","","","","","SIR XGBoost Model","202503101","F1 score: 0.99, CI[0.98, 1.00]","Computational Method","",""
593905,"593905.15","Salmonella enterica subsp. enterica serovar Corvallis strain SL_39_S118","cefoxitin","Susceptible","","","","","","","","","","","SIR XGBoost Model","202503101","F1 score: 0.96, CI[0.93, 0.99]","Computational Method","",""
593905,"593905.15","Salmonella enterica subsp. enterica serovar Corvallis strain SL_39_S118","gentamicin","Susceptible","","","","","","","","","","","SIR XGBoost Model","202503101","F1 score: 0.92, CI[0.89, 0.95]","Computational Method","",""
593905,"593905.15","Salmonella enterica subsp. enterica serovar Corvallis strain SL_39_S118","kanamycin","Susceptible","","","","","","","","","","","SIR XGBoost Model","202503101","F1 score: 0.86, CI[0.77, 0.95]","Computational Method","",""
593905,"593905.15","Salmonella enterica subsp. enterica serovar Corvallis strain SL_39_S118","nalidixic acid","Susceptible","","","","","","","","","","","SIR XGBoost Model","202503101","F1 score: 0.95, CI[0.93, 0.96]","Computational Method","",""
593905,"593905.15","Salmonella enterica subsp. enterica serovar Corvallis strain SL_39_S118","pefloxacin","Susceptible","","","","","","","","","","","SIR XGBoost Model","202503101","F1 score: 0.98, CI[0.96, 1.00]","Computational Method","",""
593905,"593905.15","Salmonella enterica subsp. enterica serovar Corvallis strain SL_39_S118","sulfamethoxazole","Susceptible","","","","","","","","","","","SIR XGBoost Model","202503101","F1 score: 0.95, CI[0.93, 0.97]","Computational Method","",""
593905,"593905.15","Salmonella enterica subsp. enterica serovar Corvallis strain SL_39_S118","spectinomycin","Susceptible","","","","","","","","","","","SIR XGBoost Model","202503101","F1 score: 0.94, CI[0.90, 0.98]","Computational Method","",""
593905,"593905.15","Salmonella enterica subsp. enterica serovar Corvallis strain SL_39_S118","streptomycin","Susceptible","","","","","","","","","","","SIR XGBoost Model","202503101","F1 score: 0.94, CI[0.93, 0.96]","Computational Method","",""
593905,"593905.15","Salmonella enterica subsp. enterica serovar Corvallis strain SL_39_S118","tetracycline","Susceptible","","","","","","","","","","","SIR XGBoost Model","202503101","F1 score: 0.97, CI[0.96, 0.98]","Computational Method","",""
593905,"593905.15","Salmonella enterica subsp. enterica serovar Corvallis strain SL_39_S118","ceftiofur","Susceptible","","","","","","","","","","","SIR XGBoost Model","202503101","F1 score: 0.98, CI[0.97, 1.00]","Computational Method","",""
593905,"593905.15","Salmonella enterica subsp. enterica serovar Corvallis strain SL_39_S118","trimethoprim","Susceptible","","","","","","","","","","","SIR XGBoost Model","202503101","F1 score: 0.86, CI[0.78, 0.93]","Computational Method","",""
593905,"593905.16","Salmonella enterica subsp. enterica serovar Corvallis strain SL_35_S91","amoxicillin/clavulanic acid","Susceptible","","","","","","","","","","","SIR XGBoost Model","202503101","F1 score: 0.96, CI[0.95, 0.97]","Computational Method","",""
593905,"593905.16","Salmonella enterica subsp. enterica serovar Corvallis strain SL_35_S91","ampicillin","Susceptible","","","","","","","","","","","SIR XGBoost Model","202503101","F1 score: 0.93, CI[0.92, 0.93]","Computational Method","",""
593905,"593905.16","Salmonella enterica subsp. enterica serovar Corvallis strain SL_35_S91","azithromycin","Susceptible","","","","","","","","","","","SIR XGBoost Model","202503101","F1 score: 0.92, CI[0.87, 0.98]","Computational Method","",""
593905,"593905.16","Salmonella enterica subsp. enterica serovar Corvallis strain SL_35_S91","chloramphenicol","Susceptible","","","","","","","","","","","SIR XGBoost Model","202503101","F1 score: 0.90, CI[0.88, 0.91]","Computational Method","",""
593905,"593905.16","Salmonella enterica subsp. enterica serovar Corvallis strain SL_35_S91","ciprofloxacin","Susceptible","","","","","","","","","","","SIR XGBoost Model","202503101","F1 score: 0.95, CI[0.93, 0.96]","Computational Method","",""
593905,"593905.16","Salmonella enterica subsp. enterica serovar Corvallis strain SL_35_S91","ceftriaxone","Susceptible","","","","","","","","","","","SIR XGBoost Model","202503101","F1 score: 0.98, CI[0.97, 1.00]","Computational Method","",""
593905,"593905.16","Salmonella enterica subsp. enterica serovar Corvallis strain SL_35_S91","cefotaxime","Susceptible","","","","","","","","","","","SIR XGBoost Model","202503101","F1 score: 0.95, CI[0.90, 0.99]","Computational Method","",""
593905,"593905.16","Salmonella enterica subsp. enterica serovar Corvallis strain SL_35_S91","sulfisoxazole","Susceptible","","","","","","","","","","","SIR XGBoost Model","202503101","F1 score: 0.99, CI[0.98, 1.00]","Computational Method","",""
593905,"593905.16","Salmonella enterica subsp. enterica serovar Corvallis strain SL_35_S91","cefoxitin","Susceptible","","","","","","","","","","","SIR XGBoost Model","202503101","F1 score: 0.96, CI[0.93, 0.99]","Computational Method","",""
593905,"593905.16","Salmonella enterica subsp. enterica serovar Corvallis strain SL_35_S91","gentamicin","Susceptible","","","","","","","","","","","SIR XGBoost Model","202503101","F1 score: 0.92, CI[0.89, 0.95]","Computational Method","",""
593905,"593905.16","Salmonella enterica subsp. enterica serovar Corvallis strain SL_35_S91","kanamycin","Susceptible","","","","","","","","","","","SIR XGBoost Model","202503101","F1 score: 0.86, CI[0.77, 0.95]","Computational Method","",""
593905,"593905.16","Salmonella enterica subsp. enterica serovar Corvallis strain SL_35_S91","nalidixic acid","Susceptible","","","","","","","","","","","SIR XGBoost Model","202503101","F1 score: 0.95, CI[0.93, 0.96]","Computational Method","",""
593905,"593905.16","Salmonella enterica subsp. enterica serovar Corvallis strain SL_35_S91","pefloxacin","Susceptible","","","","","","","","","","","SIR XGBoost Model","202503101","F1 score: 0.98, CI[0.96, 1.00]","Computational Method","",""
593905,"593905.16","Salmonella enterica subsp. enterica serovar Corvallis strain SL_35_S91","sulfamethoxazole","Susceptible","","","","","","","","","","","SIR XGBoost Model","202503101","F1 score: 0.95, CI[0.93, 0.97]","Computational Method","",""
593905,"593905.16","Salmonella enterica subsp. enterica serovar Corvallis strain SL_35_S91","spectinomycin","Susceptible","","","","","","","","","","","SIR XGBoost Model","202503101","F1 score: 0.94, CI[0.90, 0.98]","Computational Method","",""
593905,"593905.16","Salmonella enterica subsp. enterica serovar Corvallis strain SL_35_S91","streptomycin","Susceptible","","","","","","","","","","","SIR XGBoost Model","202503101","F1 score: 0.94, CI[0.93, 0.96]","Computational Method","",""
593905,"593905.16","Salmonella enterica subsp. enterica serovar Corvallis strain SL_35_S91","tetracycline","Susceptible","","","","","","","","","","","SIR XGBoost Model","202503101","F1 score: 0.97, CI[0.96, 0.98]","Computational Method","",""
593905,"593905.16","Salmonella enterica subsp. enterica serovar Corvallis strain SL_35_S91","ceftiofur","Susceptible","","","","","","","","","","","SIR XGBoost Model","202503101","F1 score: 0.98, CI[0.97, 1.00]","Computational Method","",""
593905,"593905.16","Salmonella enterica subsp. enterica serovar Corvallis strain SL_35_S91","trimethoprim","Susceptible","","","","","","","","","","","SIR XGBoost Model","202503101","F1 score: 0.86, CI[0.78, 0.93]","Computational Method","",""
593905,"593905.17","Salmonella enterica subsp. enterica serovar Corvallis strain SL_29_118","amoxicillin/clavulanic acid","Susceptible","","","","","","","","","","","SIR XGBoost Model","202503101","F1 score: 0.96, CI[0.95, 0.97]","Computational Method","",""
593905,"593905.17","Salmonella enterica subsp. enterica serovar Corvallis strain SL_29_118","ampicillin","Susceptible","","","","","","","","","","","SIR XGBoost Model","202503101","F1 score: 0.93, CI[0.92, 0.93]","Computational Method","",""
593905,"593905.17","Salmonella enterica subsp. enterica serovar Corvallis strain SL_29_118","azithromycin","Susceptible","","","","","","","","","","","SIR XGBoost Model","202503101","F1 score: 0.92, CI[0.87, 0.98]","Computational Method","",""
593905,"593905.17","Salmonella enterica subsp. enterica serovar Corvallis strain SL_29_118","chloramphenicol","Susceptible","","","","","","","","","","","SIR XGBoost Model","202503101","F1 score: 0.90, CI[0.88, 0.91]","Computational Method","",""
593905,"593905.17","Salmonella enterica subsp. enterica serovar Corvallis strain SL_29_118","ciprofloxacin","Susceptible","","","","","","","","","","","SIR XGBoost Model","202503101","F1 score: 0.95, CI[0.93, 0.96]","Computational Method","",""
593905,"593905.17","Salmonella enterica subsp. enterica serovar Corvallis strain SL_29_118","ceftriaxone","Susceptible","","","","","","","","","","","SIR XGBoost Model","202503101","F1 score: 0.98, CI[0.97, 1.00]","Computational Method","",""
593905,"593905.17","Salmonella enterica subsp. enterica serovar Corvallis strain SL_29_118","cefotaxime","Susceptible","","","","","","","","","","","SIR XGBoost Model","202503101","F1 score: 0.95, CI[0.90, 0.99]","Computational Method","",""
593905,"593905.17","Salmonella enterica subsp. enterica serovar Corvallis strain SL_29_118","sulfisoxazole","Susceptible","","","","","","","","","","","SIR XGBoost Model","202503101","F1 score: 0.99, CI[0.98, 1.00]","Computational Method","",""
593905,"593905.17","Salmonella enterica subsp. enterica serovar Corvallis strain SL_29_118","cefoxitin","Susceptible","","","","","","","","","","","SIR XGBoost Model","202503101","F1 score: 0.96, CI[0.93, 0.99]","Computational Method","",""
593905,"593905.17","Salmonella enterica subsp. enterica serovar Corvallis strain SL_29_118","gentamicin","Susceptible","","","","","","","","","","","SIR XGBoost Model","202503101","F1 score: 0.92, CI[0.89, 0.95]","Computational Method","",""
593905,"593905.17","Salmonella enterica subsp. enterica serovar Corvallis strain SL_29_118","kanamycin","Susceptible","","","","","","","","","","","SIR XGBoost Model","202503101","F1 score: 0.86, CI[0.77, 0.95]","Computational Method","",""
593905,"593905.17","Salmonella enterica subsp. enterica serovar Corvallis strain SL_29_118","nalidixic acid","Susceptible","","","","","","","","","","","SIR XGBoost Model","202503101","F1 score: 0.95, CI[0.93, 0.96]","Computational Method","",""
593905,"593905.17","Salmonella enterica subsp. enterica serovar Corvallis strain SL_29_118","pefloxacin","Susceptible","","","","","","","","","","","SIR XGBoost Model","202503101","F1 score: 0.98, CI[0.96, 1.00]","Computational Method","",""
593905,"593905.17","Salmonella enterica subsp. enterica serovar Corvallis strain SL_29_118","sulfamethoxazole","Susceptible","","","","","","","","","","","SIR XGBoost Model","202503101","F1 score: 0.95, CI[0.93, 0.97]","Computational Method","",""
593905,"593905.17","Salmonella enterica subsp. enterica serovar Corvallis strain SL_29_118","spectinomycin","Susceptible","","","","","","","","","","","SIR XGBoost Model","202503101","F1 score: 0.94, CI[0.90, 0.98]","Computational Method","",""
593905,"593905.17","Salmonella enterica subsp. enterica serovar Corvallis strain SL_29_118","streptomycin","Susceptible","","","","","","","","","","","SIR XGBoost Model","202503101","F1 score: 0.94, CI[0.93, 0.96]","Computational Method","",""
593905,"593905.17","Salmonella enterica subsp. enterica serovar Corvallis strain SL_29_118","tetracycline","Susceptible","","","","","","","","","","","SIR XGBoost Model","202503101","F1 score: 0.97, CI[0.96, 0.98]","Computational Method","",""
593905,"593905.17","Salmonella enterica subsp. enterica serovar Corvallis strain SL_29_118","ceftiofur","Susceptible","","","","","","","","","","","SIR XGBoost Model","202503101","F1 score: 0.98, CI[0.97, 1.00]","Computational Method","",""
593905,"593905.17","Salmonella enterica subsp. enterica serovar Corvallis strain SL_29_118","trimethoprim","Susceptible","","","","","","","","","","","SIR XGBoost Model","202503101","F1 score: 0.86, CI[0.78, 0.93]","Computational Method","",""
593905,"593905.18","Salmonella enterica subsp. enterica serovar Corvallis strain SL_26_115","amoxicillin/clavulanic acid","Susceptible","","","","","","","","","","","SIR XGBoost Model","202503101","F1 score: 0.96, CI[0.95, 0.97]","Computational Method","",""
593905,"593905.18","Salmonella enterica subsp. enterica serovar Corvallis strain SL_26_115","ampicillin","Susceptible","","","","","","","","","","","SIR XGBoost Model","202503101","F1 score: 0.93, CI[0.92, 0.93]","Computational Method","",""
593905,"593905.18","Salmonella enterica subsp. enterica serovar Corvallis strain SL_26_115","azithromycin","Susceptible","","","","","","","","","","","SIR XGBoost Model","202503101","F1 score: 0.92, CI[0.87, 0.98]","Computational Method","",""
593905,"593905.18","Salmonella enterica subsp. enterica serovar Corvallis strain SL_26_115","chloramphenicol","Susceptible","","","","","","","","","","","SIR XGBoost Model","202503101","F1 score: 0.90, CI[0.88, 0.91]","Computational Method","",""
593905,"593905.18","Salmonella enterica subsp. enterica serovar Corvallis strain SL_26_115","ciprofloxacin","Susceptible","","","","","","","","","","","SIR XGBoost Model","202503101","F1 score: 0.95, CI[0.93, 0.96]","Computational Method","",""
593905,"593905.18","Salmonella enterica subsp. enterica serovar Corvallis strain SL_26_115","ceftriaxone","Susceptible","","","","","","","","","","","SIR XGBoost Model","202503101","F1 score: 0.98, CI[0.97, 1.00]","Computational Method","",""
593905,"593905.18","Salmonella enterica subsp. enterica serovar Corvallis strain SL_26_115","cefotaxime","Susceptible","","","","","","","","","","","SIR XGBoost Model","202503101","F1 score: 0.95, CI[0.90, 0.99]","Computational Method","",""
593905,"593905.18","Salmonella enterica subsp. enterica serovar Corvallis strain SL_26_115","sulfisoxazole","Susceptible","","","","","","","","","","","SIR XGBoost Model","202503101","F1 score: 0.99, CI[0.98, 1.00]","Computational Method","",""
593905,"593905.18","Salmonella enterica subsp. enterica serovar Corvallis strain SL_26_115","cefoxitin","Susceptible","","","","","","","","","","","SIR XGBoost Model","202503101","F1 score: 0.96, CI[0.93, 0.99]","Computational Method","",""
593905,"593905.18","Salmonella enterica subsp. enterica serovar Corvallis strain SL_26_115","gentamicin","Susceptible","","","","","","","","","","","SIR XGBoost Model","202503101","F1 score: 0.92, CI[0.89, 0.95]","Computational Method","",""
593905,"593905.18","Salmonella enterica subsp. enterica serovar Corvallis strain SL_26_115","kanamycin","Susceptible","","","","","","","","","","","SIR XGBoost Model","202503101","F1 score: 0.86, CI[0.77, 0.95]","Computational Method","",""
593905,"593905.18","Salmonella enterica subsp. enterica serovar Corvallis strain SL_26_115","nalidixic acid","Susceptible","","","","","","","","","","","SIR XGBoost Model","202503101","F1 score: 0.95, CI[0.93, 0.96]","Computational Method","",""
593905,"593905.18","Salmonella enterica subsp. enterica serovar Corvallis strain SL_26_115","pefloxacin","Susceptible","","","","","","","","","","","SIR XGBoost Model","202503101","F1 score: 0.98, CI[0.96, 1.00]","Computational Method","",""
593905,"593905.18","Salmonella enterica subsp. enterica serovar Corvallis strain SL_26_115","sulfamethoxazole","Susceptible","","","","","","","","","","","SIR XGBoost Model","202503101","F1 score: 0.95, CI[0.93, 0.97]","Computational Method","",""
593905,"593905.18","Salmonella enterica subsp. enterica serovar Corvallis strain SL_26_115","spectinomycin","Susceptible","","","","","","","","","","","SIR XGBoost Model","202503101","F1 score: 0.94, CI[0.90, 0.98]","Computational Method","",""
593905,"593905.18","Salmonella enterica subsp. enterica serovar Corvallis strain SL_26_115","streptomycin","Susceptible","","","","","","","","","","","SIR XGBoost Model","202503101","F1 score: 0.94, CI[0.93, 0.96]","Computational Method","",""
593905,"593905.18","Salmonella enterica subsp. enterica serovar Corvallis strain SL_26_115","tetracycline","Susceptible","","","","","","","","","","","SIR XGBoost Model","202503101","F1 score: 0.97, CI[0.96, 0.98]","Computational Method","",""
593905,"593905.18","Salmonella enterica subsp. enterica serovar Corvallis strain SL_26_115","ceftiofur","Susceptible","","","","","","","","","","","SIR XGBoost Model","202503101","F1 score: 0.98, CI[0.97, 1.00]","Computational Method","",""
593905,"593905.18","Salmonella enterica subsp. enterica serovar Corvallis strain SL_26_115","trimethoprim","Susceptible","","","","","","","","","","","SIR XGBoost Model","202503101","F1 score: 0.86, CI[0.78, 0.93]","Computational Method","",""
593905,"593905.19","Salmonella enterica subsp. enterica serovar Corvallis strain SL_20_107","amoxicillin/clavulanic acid","Susceptible","","","","","","","","","","","SIR XGBoost Model","202503101","F1 score: 0.96, CI[0.95, 0.97]","Computational Method","",""
593905,"593905.19","Salmonella enterica subsp. enterica serovar Corvallis strain SL_20_107","ampicillin","Susceptible","","","","","","","","","","","SIR XGBoost Model","202503101","F1 score: 0.93, CI[0.92, 0.93]","Computational Method","",""
593905,"593905.19","Salmonella enterica subsp. enterica serovar Corvallis strain SL_20_107","azithromycin","Susceptible","","","","","","","","","","","SIR XGBoost Model","202503101","F1 score: 0.92, CI[0.87, 0.98]","Computational Method","",""
593905,"593905.19","Salmonella enterica subsp. enterica serovar Corvallis strain SL_20_107","chloramphenicol","Susceptible","","","","","","","","","","","SIR XGBoost Model","202503101","F1 score: 0.90, CI[0.88, 0.91]","Computational Method","",""
593905,"593905.19","Salmonella enterica subsp. enterica serovar Corvallis strain SL_20_107","ciprofloxacin","Susceptible","","","","","","","","","","","SIR XGBoost Model","202503101","F1 score: 0.95, CI[0.93, 0.96]","Computational Method","",""
593905,"593905.19","Salmonella enterica subsp. enterica serovar Corvallis strain SL_20_107","ceftriaxone","Susceptible","","","","","","","","","","","SIR XGBoost Model","202503101","F1 score: 0.98, CI[0.97, 1.00]","Computational Method","",""
593905,"593905.19","Salmonella enterica subsp. enterica serovar Corvallis strain SL_20_107","cefotaxime","Susceptible","","","","","","","","","","","SIR XGBoost Model","202503101","F1 score: 0.95, CI[0.90, 0.99]","Computational Method","",""
593905,"593905.19","Salmonella enterica subsp. enterica serovar Corvallis strain SL_20_107","sulfisoxazole","Susceptible","","","","","","","","","","","SIR XGBoost Model","202503101","F1 score: 0.99, CI[0.98, 1.00]","Computational Method","",""
593905,"593905.19","Salmonella enterica subsp. enterica serovar Corvallis strain SL_20_107","cefoxitin","Susceptible","","","","","","","","","","","SIR XGBoost Model","202503101","F1 score: 0.96, CI[0.93, 0.99]","Computational Method","",""
593905,"593905.19","Salmonella enterica subsp. enterica serovar Corvallis strain SL_20_107","gentamicin","Susceptible","","","","","","","","","","","SIR XGBoost Model","202503101","F1 score: 0.92, CI[0.89, 0.95]","Computational Method","",""
593905,"593905.19","Salmonella enterica subsp. enterica serovar Corvallis strain SL_20_107","kanamycin","Susceptible","","","","","","","","","","","SIR XGBoost Model","202503101","F1 score: 0.86, CI[0.77, 0.95]","Computational Method","",""
593905,"593905.19","Salmonella enterica subsp. enterica serovar Corvallis strain SL_20_107","nalidixic acid","Susceptible","","","","","","","","","","","SIR XGBoost Model","202503101","F1 score: 0.95, CI[0.93, 0.96]","Computational Method","",""
593905,"593905.19","Salmonella enterica subsp. enterica serovar Corvallis strain SL_20_107","pefloxacin","Susceptible","","","","","","","","","","","SIR XGBoost Model","202503101","F1 score: 0.98, CI[0.96, 1.00]","Computational Method","",""
593905,"593905.19","Salmonella enterica subsp. enterica serovar Corvallis strain SL_20_107","sulfamethoxazole","Susceptible","","","","","","","","","","","SIR XGBoost Model","202503101","F1 score: 0.95, CI[0.93, 0.97]","Computational Method","",""
593905,"593905.19","Salmonella enterica subsp. enterica serovar Corvallis strain SL_20_107","spectinomycin","Susceptible","","","","","","","","","","","SIR XGBoost Model","202503101","F1 score: 0.94, CI[0.90, 0.98]","Computational Method","",""
593905,"593905.19","Salmonella enterica subsp. enterica serovar Corvallis strain SL_20_107","streptomycin","Susceptible","","","","","","","","","","","SIR XGBoost Model","202503101","F1 score: 0.94, CI[0.93, 0.96]","Computational Method","",""
593905,"593905.19","Salmonella enterica subsp. enterica serovar Corvallis strain SL_20_107","tetracycline","Susceptible","","","","","","","","","","","SIR XGBoost Model","202503101","F1 score: 0.97, CI[0.96, 0.98]","Computational Method","",""
593905,"593905.19","Salmonella enterica subsp. enterica serovar Corvallis strain SL_20_107","ceftiofur","Susceptible","","","","","","","","","","","SIR XGBoost Model","202503101","F1 score: 0.98, CI[0.97, 1.00]","Computational Method","",""
593905,"593905.19","Salmonella enterica subsp. enterica serovar Corvallis strain SL_20_107","trimethoprim","Susceptible","","","","","","","","","","","SIR XGBoost Model","202503101","F1 score: 0.86, CI[0.78, 0.93]","Computational Method","",""
593905,"593905.20","Salmonella enterica subsp. enterica serovar Corvallis strain SL_17_98","amoxicillin/clavulanic acid","Susceptible","","","","","","","","","","","SIR XGBoost Model","202503101","F1 score: 0.96, CI[0.95, 0.97]","Computational Method","",""
593905,"593905.20","Salmonella enterica subsp. enterica serovar Corvallis strain SL_17_98","ampicillin","Susceptible","","","","","","","","","","","SIR XGBoost Model","202503101","F1 score: 0.93, CI[0.92, 0.93]","Computational Method","",""
593905,"593905.20","Salmonella enterica subsp. enterica serovar Corvallis strain SL_17_98","azithromycin","Susceptible","","","","","","","","","","","SIR XGBoost Model","202503101","F1 score: 0.92, CI[0.87, 0.98]","Computational Method","",""
593905,"593905.20","Salmonella enterica subsp. enterica serovar Corvallis strain SL_17_98","chloramphenicol","Susceptible","","","","","","","","","","","SIR XGBoost Model","202503101","F1 score: 0.90, CI[0.88, 0.91]","Computational Method","",""
593905,"593905.20","Salmonella enterica subsp. enterica serovar Corvallis strain SL_17_98","ciprofloxacin","Susceptible","","","","","","","","","","","SIR XGBoost Model","202503101","F1 score: 0.95, CI[0.93, 0.96]","Computational Method","",""
593905,"593905.20","Salmonella enterica subsp. enterica serovar Corvallis strain SL_17_98","ceftriaxone","Susceptible","","","","","","","","","","","SIR XGBoost Model","202503101","F1 score: 0.98, CI[0.97, 1.00]","Computational Method","",""
593905,"593905.20","Salmonella enterica subsp. enterica serovar Corvallis strain SL_17_98","cefotaxime","Susceptible","","","","","","","","","","","SIR XGBoost Model","202503101","F1 score: 0.95, CI[0.90, 0.99]","Computational Method","",""
593905,"593905.20","Salmonella enterica subsp. enterica serovar Corvallis strain SL_17_98","sulfisoxazole","Susceptible","","","","","","","","","","","SIR XGBoost Model","202503101","F1 score: 0.99, CI[0.98, 1.00]","Computational Method","",""
593905,"593905.20","Salmonella enterica subsp. enterica serovar Corvallis strain SL_17_98","cefoxitin","Susceptible","","","","","","","","","","","SIR XGBoost Model","202503101","F1 score: 0.96, CI[0.93, 0.99]","Computational Method","",""
593905,"593905.20","Salmonella enterica subsp. enterica serovar Corvallis strain SL_17_98","gentamicin","Susceptible","","","","","","","","","","","SIR XGBoost Model","202503101","F1 score: 0.92, CI[0.89, 0.95]","Computational Method","",""
593905,"593905.20","Salmonella enterica subsp. enterica serovar Corvallis strain SL_17_98","kanamycin","Susceptible","","","","","","","","","","","SIR XGBoost Model","202503101","F1 score: 0.86, CI[0.77, 0.95]","Computational Method","",""
593905,"593905.20","Salmonella enterica subsp. enterica serovar Corvallis strain SL_17_98","nalidixic acid","Susceptible","","","","","","","","","","","SIR XGBoost Model","202503101","F1 score: 0.95, CI[0.93, 0.96]","Computational Method","",""
593905,"593905.20","Salmonella enterica subsp. enterica serovar Corvallis strain SL_17_98","pefloxacin","Susceptible","","","","","","","","","","","SIR XGBoost Model","202503101","F1 score: 0.98, CI[0.96, 1.00]","Computational Method","",""
593905,"593905.20","Salmonella enterica subsp. enterica serovar Corvallis strain SL_17_98","sulfamethoxazole","Susceptible","","","","","","","","","","","SIR XGBoost Model","202503101","F1 score: 0.95, CI[0.93, 0.97]","Computational Method","",""
593905,"593905.20","Salmonella enterica subsp. enterica serovar Corvallis strain SL_17_98","spectinomycin","Susceptible","","","","","","","","","","","SIR XGBoost Model","202503101","F1 score: 0.94, CI[0.90, 0.98]","Computational Method","",""
593905,"593905.20","Salmonella enterica subsp. enterica serovar Corvallis strain SL_17_98","streptomycin","Susceptible","","","","","","","","","","","SIR XGBoost Model","202503101","F1 score: 0.94, CI[0.93, 0.96]","Computational Method","",""
593905,"593905.20","Salmonella enterica subsp. enterica serovar Corvallis strain SL_17_98","tetracycline","Susceptible","","","","","","","","","","","SIR XGBoost Model","202503101","F1 score: 0.97, CI[0.96, 0.98]","Computational Method","",""
593905,"593905.20","Salmonella enterica subsp. enterica serovar Corvallis strain SL_17_98","ceftiofur","Susceptible","","","","","","","","","","","SIR XGBoost Model","202503101","F1 score: 0.98, CI[0.97, 1.00]","Computational Method","",""
593905,"593905.20","Salmonella enterica subsp. enterica serovar Corvallis strain SL_17_98","trimethoprim","Susceptible","","","","","","","","","","","SIR XGBoost Model","202503101","F1 score: 0.86, CI[0.78, 0.93]","Computational Method","",""
593905,"593905.21","Salmonella enterica subsp. enterica serovar Corvallis strain SL_16_97","amoxicillin/clavulanic acid","Susceptible","","","","","","","","","","","SIR XGBoost Model","202503101","F1 score: 0.96, CI[0.95, 0.97]","Computational Method","",""
593905,"593905.21","Salmonella enterica subsp. enterica serovar Corvallis strain SL_16_97","ampicillin","Susceptible","","","","","","","","","","","SIR XGBoost Model","202503101","F1 score: 0.93, CI[0.92, 0.93]","Computational Method","",""
593905,"593905.21","Salmonella enterica subsp. enterica serovar Corvallis strain SL_16_97","azithromycin","Susceptible","","","","","","","","","","","SIR XGBoost Model","202503101","F1 score: 0.92, CI[0.87, 0.98]","Computational Method","",""
593905,"593905.21","Salmonella enterica subsp. enterica serovar Corvallis strain SL_16_97","chloramphenicol","Susceptible","","","","","","","","","","","SIR XGBoost Model","202503101","F1 score: 0.90, CI[0.88, 0.91]","Computational Method","",""
593905,"593905.21","Salmonella enterica subsp. enterica serovar Corvallis strain SL_16_97","ciprofloxacin","Susceptible","","","","","","","","","","","SIR XGBoost Model","202503101","F1 score: 0.95, CI[0.93, 0.96]","Computational Method","",""
593905,"593905.21","Salmonella enterica subsp. enterica serovar Corvallis strain SL_16_97","ceftriaxone","Susceptible","","","","","","","","","","","SIR XGBoost Model","202503101","F1 score: 0.98, CI[0.97, 1.00]","Computational Method","",""
593905,"593905.21","Salmonella enterica subsp. enterica serovar Corvallis strain SL_16_97","cefotaxime","Susceptible","","","","","","","","","","","SIR XGBoost Model","202503101","F1 score: 0.95, CI[0.90, 0.99]","Computational Method","",""
593905,"593905.21","Salmonella enterica subsp. enterica serovar Corvallis strain SL_16_97","sulfisoxazole","Susceptible","","","","","","","","","","","SIR XGBoost Model","202503101","F1 score: 0.99, CI[0.98, 1.00]","Computational Method","",""
593905,"593905.21","Salmonella enterica subsp. enterica serovar Corvallis strain SL_16_97","cefoxitin","Susceptible","","","","","","","","","","","SIR XGBoost Model","202503101","F1 score: 0.96, CI[0.93, 0.99]","Computational Method","",""
593905,"593905.21","Salmonella enterica subsp. enterica serovar Corvallis strain SL_16_97","gentamicin","Susceptible","","","","","","","","","","","SIR XGBoost Model","202503101","F1 score: 0.92, CI[0.89, 0.95]","Computational Method","",""
593905,"593905.21","Salmonella enterica subsp. enterica serovar Corvallis strain SL_16_97","kanamycin","Susceptible","","","","","","","","","","","SIR XGBoost Model","202503101","F1 score: 0.86, CI[0.77, 0.95]","Computational Method","",""
593905,"593905.21","Salmonella enterica subsp. enterica serovar Corvallis strain SL_16_97","nalidixic acid","Susceptible","","","","","","","","","","","SIR XGBoost Model","202503101","F1 score: 0.95, CI[0.93, 0.96]","Computational Method","",""
593905,"593905.21","Salmonella enterica subsp. enterica serovar Corvallis strain SL_16_97","pefloxacin","Susceptible","","","","","","","","","","","SIR XGBoost Model","202503101","F1 score: 0.98, CI[0.96, 1.00]","Computational Method","",""
593905,"593905.21","Salmonella enterica subsp. enterica serovar Corvallis strain SL_16_97","sulfamethoxazole","Susceptible","","","","","","","","","","","SIR XGBoost Model","202503101","F1 score: 0.95, CI[0.93, 0.97]","Computational Method","",""
593905,"593905.21","Salmonella enterica subsp. enterica serovar Corvallis strain SL_16_97","spectinomycin","Susceptible","","","","","","","","","","","SIR XGBoost Model","202503101","F1 score: 0.94, CI[0.90, 0.98]","Computational Method","",""
593905,"593905.21","Salmonella enterica subsp. enterica serovar Corvallis strain SL_16_97","streptomycin","Susceptible","","","","","","","","","","","SIR XGBoost Model","202503101","F1 score: 0.94, CI[0.93, 0.96]","Computational Method","",""
593905,"593905.21","Salmonella enterica subsp. enterica serovar Corvallis strain SL_16_97","tetracycline","Susceptible","","","","","","","","","","","SIR XGBoost Model","202503101","F1 score: 0.97, CI[0.96, 0.98]","Computational Method","",""
593905,"593905.21","Salmonella enterica subsp. enterica serovar Corvallis strain SL_16_97","ceftiofur","Susceptible","","","","","","","","","","","SIR XGBoost Model","202503101","F1 score: 0.98, CI[0.97, 1.00]","Computational Method","",""
593905,"593905.21","Salmonella enterica subsp. enterica serovar Corvallis strain SL_16_97","trimethoprim","Susceptible","","","","","","","","","","","SIR XGBoost Model","202503101","F1 score: 0.86, CI[0.78, 0.93]","Computational Method","",""
593905,"593905.22","Salmonella enterica subsp. enterica serovar Corvallis strain SL_19_103","amoxicillin/clavulanic acid","Susceptible","","","","","","","","","","","SIR XGBoost Model","202503101","F1 score: 0.96, CI[0.95, 0.97]","Computational Method","",""
593905,"593905.22","Salmonella enterica subsp. enterica serovar Corvallis strain SL_19_103","ampicillin","Susceptible","","","","","","","","","","","SIR XGBoost Model","202503101","F1 score: 0.93, CI[0.92, 0.93]","Computational Method","",""
593905,"593905.22","Salmonella enterica subsp. enterica serovar Corvallis strain SL_19_103","azithromycin","Susceptible","","","","","","","","","","","SIR XGBoost Model","202503101","F1 score: 0.92, CI[0.87, 0.98]","Computational Method","",""
593905,"593905.22","Salmonella enterica subsp. enterica serovar Corvallis strain SL_19_103","chloramphenicol","Susceptible","","","","","","","","","","","SIR XGBoost Model","202503101","F1 score: 0.90, CI[0.88, 0.91]","Computational Method","",""
593905,"593905.22","Salmonella enterica subsp. enterica serovar Corvallis strain SL_19_103","ciprofloxacin","Susceptible","","","","","","","","","","","SIR XGBoost Model","202503101","F1 score: 0.95, CI[0.93, 0.96]","Computational Method","",""
593905,"593905.22","Salmonella enterica subsp. enterica serovar Corvallis strain SL_19_103","ceftriaxone","Susceptible","","","","","","","","","","","SIR XGBoost Model","202503101","F1 score: 0.98, CI[0.97, 1.00]","Computational Method","",""
593905,"593905.22","Salmonella enterica subsp. enterica serovar Corvallis strain SL_19_103","cefotaxime","Susceptible","","","","","","","","","","","SIR XGBoost Model","202503101","F1 score: 0.95, CI[0.90, 0.99]","Computational Method","",""
593905,"593905.22","Salmonella enterica subsp. enterica serovar Corvallis strain SL_19_103","sulfisoxazole","Resistant","","","","","","","","","","","SIR XGBoost Model","202503101","F1 score: 0.99, CI[0.98, 1.00]","Computational Method","",""
593905,"593905.22","Salmonella enterica subsp. enterica serovar Corvallis strain SL_19_103","cefoxitin","Susceptible","","","","","","","","","","","SIR XGBoost Model","202503101","F1 score: 0.96, CI[0.93, 0.99]","Computational Method","",""
593905,"593905.22","Salmonella enterica subsp. enterica serovar Corvallis strain SL_19_103","gentamicin","Susceptible","","","","","","","","","","","SIR XGBoost Model","202503101","F1 score: 0.92, CI[0.89, 0.95]","Computational Method","",""
593905,"593905.22","Salmonella enterica subsp. enterica serovar Corvallis strain SL_19_103","kanamycin","Susceptible","","","","","","","","","","","SIR XGBoost Model","202503101","F1 score: 0.86, CI[0.77, 0.95]","Computational Method","",""
593905,"593905.22","Salmonella enterica subsp. enterica serovar Corvallis strain SL_19_103","nalidixic acid","Susceptible","","","","","","","","","","","SIR XGBoost Model","202503101","F1 score: 0.95, CI[0.93, 0.96]","Computational Method","",""
593905,"593905.22","Salmonella enterica subsp. enterica serovar Corvallis strain SL_19_103","pefloxacin","Susceptible","","","","","","","","","","","SIR XGBoost Model","202503101","F1 score: 0.98, CI[0.96, 1.00]","Computational Method","",""
593905,"593905.22","Salmonella enterica subsp. enterica serovar Corvallis strain SL_19_103","sulfamethoxazole","Susceptible","","","","","","","","","","","SIR XGBoost Model","202503101","F1 score: 0.95, CI[0.93, 0.97]","Computational Method","",""
593905,"593905.22","Salmonella enterica subsp. enterica serovar Corvallis strain SL_19_103","spectinomycin","Susceptible","","","","","","","","","","","SIR XGBoost Model","202503101","F1 score: 0.94, CI[0.90, 0.98]","Computational Method","",""
593905,"593905.22","Salmonella enterica subsp. enterica serovar Corvallis strain SL_19_103","streptomycin","Resistant","","","","","","","","","","","SIR XGBoost Model","202503101","F1 score: 0.94, CI[0.93, 0.96]","Computational Method","",""
593905,"593905.22","Salmonella enterica subsp. enterica serovar Corvallis strain SL_19_103","tetracycline","Resistant","","","","","","","","","","","SIR XGBoost Model","202503101","F1 score: 0.97, CI[0.96, 0.98]","Computational Method","",""
593905,"593905.22","Salmonella enterica subsp. enterica serovar Corvallis strain SL_19_103","ceftiofur","Susceptible","","","","","","","","","","","SIR XGBoost Model","202503101","F1 score: 0.98, CI[0.97, 1.00]","Computational Method","",""
593905,"593905.22","Salmonella enterica subsp. enterica serovar Corvallis strain SL_19_103","trimethoprim","Susceptible","","","","","","","","","","","SIR XGBoost Model","202503101","F1 score: 0.86, CI[0.78, 0.93]","Computational Method","",""
593905,"593905.23","Salmonella enterica subsp. enterica serovar Corvallis strain SL_13_91","amoxicillin/clavulanic acid","Susceptible","","","","","","","","","","","SIR XGBoost Model","202503101","F1 score: 0.96, CI[0.95, 0.97]","Computational Method","",""
593905,"593905.23","Salmonella enterica subsp. enterica serovar Corvallis strain SL_13_91","ampicillin","Susceptible","","","","","","","","","","","SIR XGBoost Model","202503101","F1 score: 0.93, CI[0.92, 0.93]","Computational Method","",""
593905,"593905.23","Salmonella enterica subsp. enterica serovar Corvallis strain SL_13_91","azithromycin","Susceptible","","","","","","","","","","","SIR XGBoost Model","202503101","F1 score: 0.92, CI[0.87, 0.98]","Computational Method","",""
593905,"593905.23","Salmonella enterica subsp. enterica serovar Corvallis strain SL_13_91","chloramphenicol","Susceptible","","","","","","","","","","","SIR XGBoost Model","202503101","F1 score: 0.90, CI[0.88, 0.91]","Computational Method","",""
593905,"593905.23","Salmonella enterica subsp. enterica serovar Corvallis strain SL_13_91","ciprofloxacin","Susceptible","","","","","","","","","","","SIR XGBoost Model","202503101","F1 score: 0.95, CI[0.93, 0.96]","Computational Method","",""
593905,"593905.23","Salmonella enterica subsp. enterica serovar Corvallis strain SL_13_91","ceftriaxone","Susceptible","","","","","","","","","","","SIR XGBoost Model","202503101","F1 score: 0.98, CI[0.97, 1.00]","Computational Method","",""
593905,"593905.23","Salmonella enterica subsp. enterica serovar Corvallis strain SL_13_91","cefotaxime","Susceptible","","","","","","","","","","","SIR XGBoost Model","202503101","F1 score: 0.95, CI[0.90, 0.99]","Computational Method","",""
593905,"593905.23","Salmonella enterica subsp. enterica serovar Corvallis strain SL_13_91","sulfisoxazole","Susceptible","","","","","","","","","","","SIR XGBoost Model","202503101","F1 score: 0.99, CI[0.98, 1.00]","Computational Method","",""
593905,"593905.23","Salmonella enterica subsp. enterica serovar Corvallis strain SL_13_91","cefoxitin","Susceptible","","","","","","","","","","","SIR XGBoost Model","202503101","F1 score: 0.96, CI[0.93, 0.99]","Computational Method","",""
593905,"593905.23","Salmonella enterica subsp. enterica serovar Corvallis strain SL_13_91","gentamicin","Susceptible","","","","","","","","","","","SIR XGBoost Model","202503101","F1 score: 0.92, CI[0.89, 0.95]","Computational Method","",""
593905,"593905.23","Salmonella enterica subsp. enterica serovar Corvallis strain SL_13_91","kanamycin","Susceptible","","","","","","","","","","","SIR XGBoost Model","202503101","F1 score: 0.86, CI[0.77, 0.95]","Computational Method","",""
593905,"593905.23","Salmonella enterica subsp. enterica serovar Corvallis strain SL_13_91","nalidixic acid","Susceptible","","","","","","","","","","","SIR XGBoost Model","202503101","F1 score: 0.95, CI[0.93, 0.96]","Computational Method","",""
593905,"593905.23","Salmonella enterica subsp. enterica serovar Corvallis strain SL_13_91","pefloxacin","Susceptible","","","","","","","","","","","SIR XGBoost Model","202503101","F1 score: 0.98, CI[0.96, 1.00]","Computational Method","",""
593905,"593905.23","Salmonella enterica subsp. enterica serovar Corvallis strain SL_13_91","sulfamethoxazole","Susceptible","","","","","","","","","","","SIR XGBoost Model","202503101","F1 score: 0.95, CI[0.93, 0.97]","Computational Method","",""
593905,"593905.23","Salmonella enterica subsp. enterica serovar Corvallis strain SL_13_91","spectinomycin","Susceptible","","","","","","","","","","","SIR XGBoost Model","202503101","F1 score: 0.94, CI[0.90, 0.98]","Computational Method","",""
593905,"593905.23","Salmonella enterica subsp. enterica serovar Corvallis strain SL_13_91","streptomycin","Susceptible","","","","","","","","","","","SIR XGBoost Model","202503101","F1 score: 0.94, CI[0.93, 0.96]","Computational Method","",""
593905,"593905.23","Salmonella enterica subsp. enterica serovar Corvallis strain SL_13_91","tetracycline","Susceptible","","","","","","","","","","","SIR XGBoost Model","202503101","F1 score: 0.97, CI[0.96, 0.98]","Computational Method","",""
593905,"593905.23","Salmonella enterica subsp. enterica serovar Corvallis strain SL_13_91","ceftiofur","Susceptible","","","","","","","","","","","SIR XGBoost Model","202503101","F1 score: 0.98, CI[0.97, 1.00]","Computational Method","",""
593905,"593905.23","Salmonella enterica subsp. enterica serovar Corvallis strain SL_13_91","trimethoprim","Susceptible","","","","","","","","","","","SIR XGBoost Model","202503101","F1 score: 0.86, CI[0.78, 0.93]","Computational Method","",""
593905,"593905.24","Salmonella enterica subsp. enterica serovar Corvallis strain SL_12_81","amoxicillin/clavulanic acid","Susceptible","","","","","","","","","","","SIR XGBoost Model","202503101","F1 score: 0.96, CI[0.95, 0.97]","Computational Method","",""
593905,"593905.24","Salmonella enterica subsp. enterica serovar Corvallis strain SL_12_81","ampicillin","Susceptible","","","","","","","","","","","SIR XGBoost Model","202503101","F1 score: 0.93, CI[0.92, 0.93]","Computational Method","",""
593905,"593905.24","Salmonella enterica subsp. enterica serovar Corvallis strain SL_12_81","azithromycin","Susceptible","","","","","","","","","","","SIR XGBoost Model","202503101","F1 score: 0.92, CI[0.87, 0.98]","Computational Method","",""
593905,"593905.24","Salmonella enterica subsp. enterica serovar Corvallis strain SL_12_81","chloramphenicol","Susceptible","","","","","","","","","","","SIR XGBoost Model","202503101","F1 score: 0.90, CI[0.88, 0.91]","Computational Method","",""
593905,"593905.24","Salmonella enterica subsp. enterica serovar Corvallis strain SL_12_81","ciprofloxacin","Susceptible","","","","","","","","","","","SIR XGBoost Model","202503101","F1 score: 0.95, CI[0.93, 0.96]","Computational Method","",""
593905,"593905.24","Salmonella enterica subsp. enterica serovar Corvallis strain SL_12_81","ceftriaxone","Susceptible","","","","","","","","","","","SIR XGBoost Model","202503101","F1 score: 0.98, CI[0.97, 1.00]","Computational Method","",""
593905,"593905.24","Salmonella enterica subsp. enterica serovar Corvallis strain SL_12_81","cefotaxime","Susceptible","","","","","","","","","","","SIR XGBoost Model","202503101","F1 score: 0.95, CI[0.90, 0.99]","Computational Method","",""
593905,"593905.24","Salmonella enterica subsp. enterica serovar Corvallis strain SL_12_81","sulfisoxazole","Susceptible","","","","","","","","","","","SIR XGBoost Model","202503101","F1 score: 0.99, CI[0.98, 1.00]","Computational Method","",""
593905,"593905.24","Salmonella enterica subsp. enterica serovar Corvallis strain SL_12_81","cefoxitin","Susceptible","","","","","","","","","","","SIR XGBoost Model","202503101","F1 score: 0.96, CI[0.93, 0.99]","Computational Method","",""
593905,"593905.24","Salmonella enterica subsp. enterica serovar Corvallis strain SL_12_81","gentamicin","Susceptible","","","","","","","","","","","SIR XGBoost Model","202503101","F1 score: 0.92, CI[0.89, 0.95]","Computational Method","",""
593905,"593905.24","Salmonella enterica subsp. enterica serovar Corvallis strain SL_12_81","kanamycin","Susceptible","","","","","","","","","","","SIR XGBoost Model","202503101","F1 score: 0.86, CI[0.77, 0.95]","Computational Method","",""
593905,"593905.24","Salmonella enterica subsp. enterica serovar Corvallis strain SL_12_81","nalidixic acid","Susceptible","","","","","","","","","","","SIR XGBoost Model","202503101","F1 score: 0.95, CI[0.93, 0.96]","Computational Method","",""
593905,"593905.24","Salmonella enterica subsp. enterica serovar Corvallis strain SL_12_81","pefloxacin","Susceptible","","","","","","","","","","","SIR XGBoost Model","202503101","F1 score: 0.98, CI[0.96, 1.00]","Computational Method","",""
593905,"593905.24","Salmonella enterica subsp. enterica serovar Corvallis strain SL_12_81","sulfamethoxazole","Susceptible","","","","","","","","","","","SIR XGBoost Model","202503101","F1 score: 0.95, CI[0.93, 0.97]","Computational Method","",""
593905,"593905.24","Salmonella enterica subsp. enterica serovar Corvallis strain SL_12_81","spectinomycin","Susceptible","","","","","","","","","","","SIR XGBoost Model","202503101","F1 score: 0.94, CI[0.90, 0.98]","Computational Method","",""
593905,"593905.24","Salmonella enterica subsp. enterica serovar Corvallis strain SL_12_81","streptomycin","Susceptible","","","","","","","","","","","SIR XGBoost Model","202503101","F1 score: 0.94, CI[0.93, 0.96]","Computational Method","",""
593905,"593905.24","Salmonella enterica subsp. enterica serovar Corvallis strain SL_12_81","tetracycline","Susceptible","","","","","","","","","","","SIR XGBoost Model","202503101","F1 score: 0.97, CI[0.96, 0.98]","Computational Method","",""
593905,"593905.24","Salmonella enterica subsp. enterica serovar Corvallis strain SL_12_81","ceftiofur","Susceptible","","","","","","","","","","","SIR XGBoost Model","202503101","F1 score: 0.98, CI[0.97, 1.00]","Computational Method","",""
593905,"593905.24","Salmonella enterica subsp. enterica serovar Corvallis strain SL_12_81","trimethoprim","Susceptible","","","","","","","","","","","SIR XGBoost Model","202503101","F1 score: 0.86, CI[0.78, 0.93]","Computational Method","",""
593905,"593905.25","Salmonella enterica subsp. enterica serovar Corvallis strain SL_14_93","amoxicillin/clavulanic acid","Susceptible","","","","","","","","","","","SIR XGBoost Model","202503101","F1 score: 0.96, CI[0.95, 0.97]","Computational Method","",""
593905,"593905.25","Salmonella enterica subsp. enterica serovar Corvallis strain SL_14_93","ampicillin","Susceptible","","","","","","","","","","","SIR XGBoost Model","202503101","F1 score: 0.93, CI[0.92, 0.93]","Computational Method","",""
593905,"593905.25","Salmonella enterica subsp. enterica serovar Corvallis strain SL_14_93","azithromycin","Susceptible","","","","","","","","","","","SIR XGBoost Model","202503101","F1 score: 0.92, CI[0.87, 0.98]","Computational Method","",""
593905,"593905.25","Salmonella enterica subsp. enterica serovar Corvallis strain SL_14_93","chloramphenicol","Susceptible","","","","","","","","","","","SIR XGBoost Model","202503101","F1 score: 0.90, CI[0.88, 0.91]","Computational Method","",""
593905,"593905.25","Salmonella enterica subsp. enterica serovar Corvallis strain SL_14_93","ciprofloxacin","Susceptible","","","","","","","","","","","SIR XGBoost Model","202503101","F1 score: 0.95, CI[0.93, 0.96]","Computational Method","",""
593905,"593905.25","Salmonella enterica subsp. enterica serovar Corvallis strain SL_14_93","ceftriaxone","Susceptible","","","","","","","","","","","SIR XGBoost Model","202503101","F1 score: 0.98, CI[0.97, 1.00]","Computational Method","",""
593905,"593905.25","Salmonella enterica subsp. enterica serovar Corvallis strain SL_14_93","cefotaxime","Susceptible","","","","","","","","","","","SIR XGBoost Model","202503101","F1 score: 0.95, CI[0.90, 0.99]","Computational Method","",""
593905,"593905.25","Salmonella enterica subsp. enterica serovar Corvallis strain SL_14_93","sulfisoxazole","Susceptible","","","","","","","","","","","SIR XGBoost Model","202503101","F1 score: 0.99, CI[0.98, 1.00]","Computational Method","",""
593905,"593905.25","Salmonella enterica subsp. enterica serovar Corvallis strain SL_14_93","cefoxitin","Susceptible","","","","","","","","","","","SIR XGBoost Model","202503101","F1 score: 0.96, CI[0.93, 0.99]","Computational Method","",""
593905,"593905.25","Salmonella enterica subsp. enterica serovar Corvallis strain SL_14_93","gentamicin","Susceptible","","","","","","","","","","","SIR XGBoost Model","202503101","F1 score: 0.92, CI[0.89, 0.95]","Computational Method","",""
593905,"593905.25","Salmonella enterica subsp. enterica serovar Corvallis strain SL_14_93","kanamycin","Susceptible","","","","","","","","","","","SIR XGBoost Model","202503101","F1 score: 0.86, CI[0.77, 0.95]","Computational Method","",""
593905,"593905.25","Salmonella enterica subsp. enterica serovar Corvallis strain SL_14_93","nalidixic acid","Susceptible","","","","","","","","","","","SIR XGBoost Model","202503101","F1 score: 0.95, CI[0.93, 0.96]","Computational Method","",""
593905,"593905.25","Salmonella enterica subsp. enterica serovar Corvallis strain SL_14_93","pefloxacin","Susceptible","","","","","","","","","","","SIR XGBoost Model","202503101","F1 score: 0.98, CI[0.96, 1.00]","Computational Method","",""
593905,"593905.25","Salmonella enterica subsp. enterica serovar Corvallis strain SL_14_93","sulfamethoxazole","Susceptible","","","","","","","","","","","SIR XGBoost Model","202503101","F1 score: 0.95, CI[0.93, 0.97]","Computational Method","",""
593905,"593905.25","Salmonella enterica subsp. enterica serovar Corvallis strain SL_14_93","spectinomycin","Susceptible","","","","","","","","","","","SIR XGBoost Model","202503101","F1 score: 0.94, CI[0.90, 0.98]","Computational Method","",""
593905,"593905.25","Salmonella enterica subsp. enterica serovar Corvallis strain SL_14_93","streptomycin","Susceptible","","","","","","","","","","","SIR XGBoost Model","202503101","F1 score: 0.94, CI[0.93, 0.96]","Computational Method","",""
593905,"593905.25","Salmonella enterica subsp. enterica serovar Corvallis strain SL_14_93","tetracycline","Susceptible","","","","","","","","","","","SIR XGBoost Model","202503101","F1 score: 0.97, CI[0.96, 0.98]","Computational Method","",""
593905,"593905.25","Salmonella enterica subsp. enterica serovar Corvallis strain SL_14_93","ceftiofur","Susceptible","","","","","","","","","","","SIR XGBoost Model","202503101","F1 score: 0.98, CI[0.97, 1.00]","Computational Method","",""
593905,"593905.25","Salmonella enterica subsp. enterica serovar Corvallis strain SL_14_93","trimethoprim","Susceptible","","","","","","","","","","","SIR XGBoost Model","202503101","F1 score: 0.86, CI[0.78, 0.93]","Computational Method","",""
593905,"593905.26","Salmonella enterica subsp. enterica serovar Corvallis strain HIY0169","amoxicillin/clavulanic acid","Susceptible","","","","","","","","","","","SIR XGBoost Model","202503101","F1 score: 0.96, CI[0.95, 0.97]","Computational Method","",""
593905,"593905.26","Salmonella enterica subsp. enterica serovar Corvallis strain HIY0169","ampicillin","Susceptible","","","","","","","","","","","SIR XGBoost Model","202503101","F1 score: 0.93, CI[0.92, 0.93]","Computational Method","",""
593905,"593905.26","Salmonella enterica subsp. enterica serovar Corvallis strain HIY0169","azithromycin","Susceptible","","","","","","","","","","","SIR XGBoost Model","202503101","F1 score: 0.92, CI[0.87, 0.98]","Computational Method","",""
593905,"593905.26","Salmonella enterica subsp. enterica serovar Corvallis strain HIY0169","chloramphenicol","Susceptible","","","","","","","","","","","SIR XGBoost Model","202503101","F1 score: 0.90, CI[0.88, 0.91]","Computational Method","",""
593905,"593905.26","Salmonella enterica subsp. enterica serovar Corvallis strain HIY0169","ciprofloxacin","Susceptible","","","","","","","","","","","SIR XGBoost Model","202503101","F1 score: 0.95, CI[0.93, 0.96]","Computational Method","",""
593905,"593905.26","Salmonella enterica subsp. enterica serovar Corvallis strain HIY0169","ceftriaxone","Susceptible","","","","","","","","","","","SIR XGBoost Model","202503101","F1 score: 0.98, CI[0.97, 1.00]","Computational Method","",""
593905,"593905.26","Salmonella enterica subsp. enterica serovar Corvallis strain HIY0169","cefotaxime","Susceptible","","","","","","","","","","","SIR XGBoost Model","202503101","F1 score: 0.95, CI[0.90, 0.99]","Computational Method","",""
593905,"593905.26","Salmonella enterica subsp. enterica serovar Corvallis strain HIY0169","sulfisoxazole","Susceptible","","","","","","","","","","","SIR XGBoost Model","202503101","F1 score: 0.99, CI[0.98, 1.00]","Computational Method","",""
593905,"593905.26","Salmonella enterica subsp. enterica serovar Corvallis strain HIY0169","cefoxitin","Susceptible","","","","","","","","","","","SIR XGBoost Model","202503101","F1 score: 0.96, CI[0.93, 0.99]","Computational Method","",""
593905,"593905.26","Salmonella enterica subsp. enterica serovar Corvallis strain HIY0169","gentamicin","Susceptible","","","","","","","","","","","SIR XGBoost Model","202503101","F1 score: 0.92, CI[0.89, 0.95]","Computational Method","",""
593905,"593905.26","Salmonella enterica subsp. enterica serovar Corvallis strain HIY0169","kanamycin","Susceptible","","","","","","","","","","","SIR XGBoost Model","202503101","F1 score: 0.86, CI[0.77, 0.95]","Computational Method","",""
593905,"593905.26","Salmonella enterica subsp. enterica serovar Corvallis strain HIY0169","nalidixic acid","Susceptible","","","","","","","","","","","SIR XGBoost Model","202503101","F1 score: 0.95, CI[0.93, 0.96]","Computational Method","",""
593905,"593905.26","Salmonella enterica subsp. enterica serovar Corvallis strain HIY0169","pefloxacin","Susceptible","","","","","","","","","","","SIR XGBoost Model","202503101","F1 score: 0.98, CI[0.96, 1.00]","Computational Method","",""
593905,"593905.26","Salmonella enterica subsp. enterica serovar Corvallis strain HIY0169","sulfamethoxazole","Susceptible","","","","","","","","","","","SIR XGBoost Model","202503101","F1 score: 0.95, CI[0.93, 0.97]","Computational Method","",""
593905,"593905.26","Salmonella enterica subsp. enterica serovar Corvallis strain HIY0169","spectinomycin","Susceptible","","","","","","","","","","","SIR XGBoost Model","202503101","F1 score: 0.94, CI[0.90, 0.98]","Computational Method","",""
593905,"593905.26","Salmonella enterica subsp. enterica serovar Corvallis strain HIY0169","streptomycin","Susceptible","","","","","","","","","","","SIR XGBoost Model","202503101","F1 score: 0.94, CI[0.93, 0.96]","Computational Method","",""
593905,"593905.26","Salmonella enterica subsp. enterica serovar Corvallis strain HIY0169","tetracycline","Susceptible","","","","","","","","","","","SIR XGBoost Model","202503101","F1 score: 0.97, CI[0.96, 0.98]","Computational Method","",""
593905,"593905.26","Salmonella enterica subsp. enterica serovar Corvallis strain HIY0169","ceftiofur","Susceptible","","","","","","","","","","","SIR XGBoost Model","202503101","F1 score: 0.98, CI[0.97, 1.00]","Computational Method","",""
593905,"593905.26","Salmonella enterica subsp. enterica serovar Corvallis strain HIY0169","trimethoprim","Susceptible","","","","","","","","","","","SIR XGBoost Model","202503101","F1 score: 0.86, CI[0.78, 0.93]","Computational Method","",""
593905,"593905.27","Salmonella enterica subsp. enterica serovar Corvallis strain NPHL 15376","amoxicillin/clavulanic acid","Resistant","","","","","","","","","","","SIR XGBoost Model","202503101","F1 score: 0.96, CI[0.95, 0.97]","Computational Method","",""
593905,"593905.27","Salmonella enterica subsp. enterica serovar Corvallis strain NPHL 15376","ampicillin","Resistant","","","","","","","","","","","SIR XGBoost Model","202503101","F1 score: 0.93, CI[0.92, 0.93]","Computational Method","",""
593905,"593905.27","Salmonella enterica subsp. enterica serovar Corvallis strain NPHL 15376","azithromycin","Resistant","","","","","","","","","","","SIR XGBoost Model","202503101","F1 score: 0.92, CI[0.87, 0.98]","Computational Method","",""
593905,"593905.27","Salmonella enterica subsp. enterica serovar Corvallis strain NPHL 15376","chloramphenicol","Resistant","","","","","","","","","","","SIR XGBoost Model","202503101","F1 score: 0.90, CI[0.88, 0.91]","Computational Method","",""
593905,"593905.27","Salmonella enterica subsp. enterica serovar Corvallis strain NPHL 15376","ciprofloxacin","Susceptible","","","","","","","","","","","SIR XGBoost Model","202503101","F1 score: 0.95, CI[0.93, 0.96]","Computational Method","",""
593905,"593905.27","Salmonella enterica subsp. enterica serovar Corvallis strain NPHL 15376","ceftriaxone","Resistant","","","","","","","","","","","SIR XGBoost Model","202503101","F1 score: 0.98, CI[0.97, 1.00]","Computational Method","",""
593905,"593905.27","Salmonella enterica subsp. enterica serovar Corvallis strain NPHL 15376","cefotaxime","Susceptible","","","","","","","","","","","SIR XGBoost Model","202503101","F1 score: 0.95, CI[0.90, 0.99]","Computational Method","",""
593905,"593905.27","Salmonella enterica subsp. enterica serovar Corvallis strain NPHL 15376","sulfisoxazole","Resistant","","","","","","","","","","","SIR XGBoost Model","202503101","F1 score: 0.99, CI[0.98, 1.00]","Computational Method","",""
593905,"593905.27","Salmonella enterica subsp. enterica serovar Corvallis strain NPHL 15376","cefoxitin","Resistant","","","","","","","","","","","SIR XGBoost Model","202503101","F1 score: 0.96, CI[0.93, 0.99]","Computational Method","",""
593905,"593905.27","Salmonella enterica subsp. enterica serovar Corvallis strain NPHL 15376","gentamicin","Resistant","","","","","","","","","","","SIR XGBoost Model","202503101","F1 score: 0.92, CI[0.89, 0.95]","Computational Method","",""
593905,"593905.27","Salmonella enterica subsp. enterica serovar Corvallis strain NPHL 15376","kanamycin","Resistant","","","","","","","","","","","SIR XGBoost Model","202503101","F1 score: 0.86, CI[0.77, 0.95]","Computational Method","",""
593905,"593905.27","Salmonella enterica subsp. enterica serovar Corvallis strain NPHL 15376","nalidixic acid","Susceptible","","","","","","","","","","","SIR XGBoost Model","202503101","F1 score: 0.95, CI[0.93, 0.96]","Computational Method","",""
593905,"593905.27","Salmonella enterica subsp. enterica serovar Corvallis strain NPHL 15376","pefloxacin","Susceptible","","","","","","","","","","","SIR XGBoost Model","202503101","F1 score: 0.98, CI[0.96, 1.00]","Computational Method","",""
593905,"593905.27","Salmonella enterica subsp. enterica serovar Corvallis strain NPHL 15376","sulfamethoxazole","Resistant","","","","","","","","","","","SIR XGBoost Model","202503101","F1 score: 0.95, CI[0.93, 0.97]","Computational Method","",""
593905,"593905.27","Salmonella enterica subsp. enterica serovar Corvallis strain NPHL 15376","spectinomycin","Resistant","","","","","","","","","","","SIR XGBoost Model","202503101","F1 score: 0.94, CI[0.90, 0.98]","Computational Method","",""
593905,"593905.27","Salmonella enterica subsp. enterica serovar Corvallis strain NPHL 15376","streptomycin","Resistant","","","","","","","","","","","SIR XGBoost Model","202503101","F1 score: 0.94, CI[0.93, 0.96]","Computational Method","",""
593905,"593905.27","Salmonella enterica subsp. enterica serovar Corvallis strain NPHL 15376","tetracycline","Resistant","","","","","","","","","","","SIR XGBoost Model","202503101","F1 score: 0.97, CI[0.96, 0.98]","Computational Method","",""
593905,"593905.27","Salmonella enterica subsp. enterica serovar Corvallis strain NPHL 15376","ceftiofur","Resistant","","","","","","","","","","","SIR XGBoost Model","202503101","F1 score: 0.98, CI[0.97, 1.00]","Computational Method","",""
593905,"593905.27","Salmonella enterica subsp. enterica serovar Corvallis strain NPHL 15376","trimethoprim","Resistant","","","","","","","","","","","SIR XGBoost Model","202503101","F1 score: 0.86, CI[0.78, 0.93]","Computational Method","",""
593905,"593905.28","Salmonella enterica subsp. enterica serovar Corvallis strain AR-0406","amoxicillin/clavulanic acid","Susceptible","","","","","","","","","","","SIR XGBoost Model","202503101","F1 score: 0.96, CI[0.95, 0.97]","Computational Method","",""
593905,"593905.28","Salmonella enterica subsp. enterica serovar Corvallis strain AR-0406","ampicillin","Susceptible","","","","","","","","","","","SIR XGBoost Model","202503101","F1 score: 0.93, CI[0.92, 0.93]","Computational Method","",""
593905,"593905.28","Salmonella enterica subsp. enterica serovar Corvallis strain AR-0406","azithromycin","Susceptible","","","","","","","","","","","SIR XGBoost Model","202503101","F1 score: 0.92, CI[0.87, 0.98]","Computational Method","",""
593905,"593905.28","Salmonella enterica subsp. enterica serovar Corvallis strain AR-0406","chloramphenicol","Susceptible","","","","","","","","","","","SIR XGBoost Model","202503101","F1 score: 0.90, CI[0.88, 0.91]","Computational Method","",""
593905,"593905.28","Salmonella enterica subsp. enterica serovar Corvallis strain AR-0406","ciprofloxacin","Susceptible","","","","","","","","","","","SIR XGBoost Model","202503101","F1 score: 0.95, CI[0.93, 0.96]","Computational Method","",""
593905,"593905.28","Salmonella enterica subsp. enterica serovar Corvallis strain AR-0406","ceftriaxone","Susceptible","","","","","","","","","","","SIR XGBoost Model","202503101","F1 score: 0.98, CI[0.97, 1.00]","Computational Method","",""
593905,"593905.28","Salmonella enterica subsp. enterica serovar Corvallis strain AR-0406","cefotaxime","Susceptible","","","","","","","","","","","SIR XGBoost Model","202503101","F1 score: 0.95, CI[0.90, 0.99]","Computational Method","",""
593905,"593905.28","Salmonella enterica subsp. enterica serovar Corvallis strain AR-0406","sulfisoxazole","Resistant","","","","","","","","","","","SIR XGBoost Model","202503101","F1 score: 0.99, CI[0.98, 1.00]","Computational Method","",""
593905,"593905.28","Salmonella enterica subsp. enterica serovar Corvallis strain AR-0406","cefoxitin","Susceptible","","","","","","","","","","","SIR XGBoost Model","202503101","F1 score: 0.96, CI[0.93, 0.99]","Computational Method","",""
593905,"593905.28","Salmonella enterica subsp. enterica serovar Corvallis strain AR-0406","gentamicin","Susceptible","","","","","","","","","","","SIR XGBoost Model","202503101","F1 score: 0.92, CI[0.89, 0.95]","Computational Method","",""
593905,"593905.28","Salmonella enterica subsp. enterica serovar Corvallis strain AR-0406","kanamycin","Susceptible","","","","","","","","","","","SIR XGBoost Model","202503101","F1 score: 0.86, CI[0.77, 0.95]","Computational Method","",""
593905,"593905.28","Salmonella enterica subsp. enterica serovar Corvallis strain AR-0406","nalidixic acid","Susceptible","","","","","","","","","","","SIR XGBoost Model","202503101","F1 score: 0.95, CI[0.93, 0.96]","Computational Method","",""
593905,"593905.28","Salmonella enterica subsp. enterica serovar Corvallis strain AR-0406","pefloxacin","Susceptible","","","","","","","","","","","SIR XGBoost Model","202503101","F1 score: 0.98, CI[0.96, 1.00]","Computational Method","",""
593905,"593905.28","Salmonella enterica subsp. enterica serovar Corvallis strain AR-0406","sulfamethoxazole","Susceptible","","","","","","","","","","","SIR XGBoost Model","202503101","F1 score: 0.95, CI[0.93, 0.97]","Computational Method","",""
593905,"593905.28","Salmonella enterica subsp. enterica serovar Corvallis strain AR-0406","spectinomycin","Susceptible","","","","","","","","","","","SIR XGBoost Model","202503101","F1 score: 0.94, CI[0.90, 0.98]","Computational Method","",""
593905,"593905.28","Salmonella enterica subsp. enterica serovar Corvallis strain AR-0406","streptomycin","Resistant","","","","","","","","","","","SIR XGBoost Model","202503101","F1 score: 0.94, CI[0.93, 0.96]","Computational Method","",""
593905,"593905.28","Salmonella enterica subsp. enterica serovar Corvallis strain AR-0406","tetracycline","Resistant","","","","","","","","","","","SIR XGBoost Model","202503101","F1 score: 0.97, CI[0.96, 0.98]","Computational Method","",""
593905,"593905.28","Salmonella enterica subsp. enterica serovar Corvallis strain AR-0406","ceftiofur","Susceptible","","","","","","","","","","","SIR XGBoost Model","202503101","F1 score: 0.98, CI[0.97, 1.00]","Computational Method","",""
593905,"593905.28","Salmonella enterica subsp. enterica serovar Corvallis strain AR-0406","trimethoprim","Resistant","","","","","","","","","","","SIR XGBoost Model","202503101","F1 score: 0.86, CI[0.78, 0.93]","Computational Method","",""
593905,"593905.40","Salmonella enterica subsp. enterica serovar Corvallis CFSAN059903","amoxicillin/clavulanic acid","Susceptible","","","","","","","","","","","SIR XGBoost Model","202503101","F1 score: 0.96, CI[0.95, 0.97]","Computational Method","",""
593905,"593905.40","Salmonella enterica subsp. enterica serovar Corvallis CFSAN059903","ampicillin","Susceptible","","","","","","","","","","","SIR XGBoost Model","202503101","F1 score: 0.93, CI[0.92, 0.93]","Computational Method","",""
593905,"593905.40","Salmonella enterica subsp. enterica serovar Corvallis CFSAN059903","azithromycin","Susceptible","","","","","","","","","","","SIR XGBoost Model","202503101","F1 score: 0.92, CI[0.87, 0.98]","Computational Method","",""
593905,"593905.40","Salmonella enterica subsp. enterica serovar Corvallis CFSAN059903","chloramphenicol","Susceptible","","","","","","","","","","","SIR XGBoost Model","202503101","F1 score: 0.90, CI[0.88, 0.91]","Computational Method","",""
593905,"593905.40","Salmonella enterica subsp. enterica serovar Corvallis CFSAN059903","ciprofloxacin","Susceptible","","","","","","","","","","","SIR XGBoost Model","202503101","F1 score: 0.95, CI[0.93, 0.96]","Computational Method","",""
593905,"593905.40","Salmonella enterica subsp. enterica serovar Corvallis CFSAN059903","ceftriaxone","Susceptible","","","","","","","","","","","SIR XGBoost Model","202503101","F1 score: 0.98, CI[0.97, 1.00]","Computational Method","",""
593905,"593905.40","Salmonella enterica subsp. enterica serovar Corvallis CFSAN059903","cefotaxime","Susceptible","","","","","","","","","","","SIR XGBoost Model","202503101","F1 score: 0.95, CI[0.90, 0.99]","Computational Method","",""
593905,"593905.40","Salmonella enterica subsp. enterica serovar Corvallis CFSAN059903","sulfisoxazole","Susceptible","","","","","","","","","","","SIR XGBoost Model","202503101","F1 score: 0.99, CI[0.98, 1.00]","Computational Method","",""
593905,"593905.40","Salmonella enterica subsp. enterica serovar Corvallis CFSAN059903","cefoxitin","Susceptible","","","","","","","","","","","SIR XGBoost Model","202503101","F1 score: 0.96, CI[0.93, 0.99]","Computational Method","",""
593905,"593905.40","Salmonella enterica subsp. enterica serovar Corvallis CFSAN059903","gentamicin","Susceptible","","","","","","","","","","","SIR XGBoost Model","202503101","F1 score: 0.92, CI[0.89, 0.95]","Computational Method","",""
593905,"593905.40","Salmonella enterica subsp. enterica serovar Corvallis CFSAN059903","kanamycin","Susceptible","","","","","","","","","","","SIR XGBoost Model","202503101","F1 score: 0.86, CI[0.77, 0.95]","Computational Method","",""
593905,"593905.40","Salmonella enterica subsp. enterica serovar Corvallis CFSAN059903","nalidixic acid","Susceptible","","","","","","","","","","","SIR XGBoost Model","202503101","F1 score: 0.95, CI[0.93, 0.96]","Computational Method","",""
593905,"593905.40","Salmonella enterica subsp. enterica serovar Corvallis CFSAN059903","pefloxacin","Susceptible","","","","","","","","","","","SIR XGBoost Model","202503101","F1 score: 0.98, CI[0.96, 1.00]","Computational Method","",""
593905,"593905.40","Salmonella enterica subsp. enterica serovar Corvallis CFSAN059903","sulfamethoxazole","Susceptible","","","","","","","","","","","SIR XGBoost Model","202503101","F1 score: 0.95, CI[0.93, 0.97]","Computational Method","",""
593905,"593905.40","Salmonella enterica subsp. enterica serovar Corvallis CFSAN059903","spectinomycin","Susceptible","","","","","","","","","","","SIR XGBoost Model","202503101","F1 score: 0.94, CI[0.90, 0.98]","Computational Method","",""
593905,"593905.40","Salmonella enterica subsp. enterica serovar Corvallis CFSAN059903","streptomycin","Susceptible","","","","","","","","","","","SIR XGBoost Model","202503101","F1 score: 0.94, CI[0.93, 0.96]","Computational Method","",""
593905,"593905.40","Salmonella enterica subsp. enterica serovar Corvallis CFSAN059903","tetracycline","Susceptible","","","","","","","","","","","SIR XGBoost Model","202503101","F1 score: 0.97, CI[0.96, 0.98]","Computational Method","",""
593905,"593905.40","Salmonella enterica subsp. enterica serovar Corvallis CFSAN059903","ceftiofur","Susceptible","","","","","","","","","","","SIR XGBoost Model","202503101","F1 score: 0.98, CI[0.97, 1.00]","Computational Method","",""
593905,"593905.40","Salmonella enterica subsp. enterica serovar Corvallis CFSAN059903","trimethoprim","Susceptible","","","","","","","","","","","SIR XGBoost Model","202503101","F1 score: 0.86, CI[0.78, 0.93]","Computational Method","",""
593905,"593905.5","Salmonella enterica subsp. enterica serovar Corvallis strain 95-0387","amoxicillin/clavulanic acid","Susceptible","","","","","","","","","","","SIR XGBoost Model","202503101","F1 score: 0.96, CI[0.95, 0.97]","Computational Method","",""
593905,"593905.5","Salmonella enterica subsp. enterica serovar Corvallis strain 95-0387","ampicillin","Susceptible","","","","","","","","","","","SIR XGBoost Model","202503101","F1 score: 0.93, CI[0.92, 0.93]","Computational Method","",""
593905,"593905.5","Salmonella enterica subsp. enterica serovar Corvallis strain 95-0387","azithromycin","Susceptible","","","","","","","","","","","SIR XGBoost Model","202503101","F1 score: 0.92, CI[0.87, 0.98]","Computational Method","",""
593905,"593905.5","Salmonella enterica subsp. enterica serovar Corvallis strain 95-0387","chloramphenicol","Susceptible","","","","","","","","","","","SIR XGBoost Model","202503101","F1 score: 0.90, CI[0.88, 0.91]","Computational Method","",""
593905,"593905.5","Salmonella enterica subsp. enterica serovar Corvallis strain 95-0387","ciprofloxacin","Susceptible","","","","","","","","","","","SIR XGBoost Model","202503101","F1 score: 0.95, CI[0.93, 0.96]","Computational Method","",""
593905,"593905.5","Salmonella enterica subsp. enterica serovar Corvallis strain 95-0387","ceftriaxone","Susceptible","","","","","","","","","","","SIR XGBoost Model","202503101","F1 score: 0.98, CI[0.97, 1.00]","Computational Method","",""
593905,"593905.5","Salmonella enterica subsp. enterica serovar Corvallis strain 95-0387","cefotaxime","Susceptible","","","","","","","","","","","SIR XGBoost Model","202503101","F1 score: 0.95, CI[0.90, 0.99]","Computational Method","",""
593905,"593905.5","Salmonella enterica subsp. enterica serovar Corvallis strain 95-0387","sulfisoxazole","Susceptible","","","","","","","","","","","SIR XGBoost Model","202503101","F1 score: 0.99, CI[0.98, 1.00]","Computational Method","",""
593905,"593905.5","Salmonella enterica subsp. enterica serovar Corvallis strain 95-0387","cefoxitin","Susceptible","","","","","","","","","","","SIR XGBoost Model","202503101","F1 score: 0.96, CI[0.93, 0.99]","Computational Method","",""
593905,"593905.5","Salmonella enterica subsp. enterica serovar Corvallis strain 95-0387","gentamicin","Susceptible","","","","","","","","","","","SIR XGBoost Model","202503101","F1 score: 0.92, CI[0.89, 0.95]","Computational Method","",""
593905,"593905.5","Salmonella enterica subsp. enterica serovar Corvallis strain 95-0387","kanamycin","Susceptible","","","","","","","","","","","SIR XGBoost Model","202503101","F1 score: 0.86, CI[0.77, 0.95]","Computational Method","",""
593905,"593905.5","Salmonella enterica subsp. enterica serovar Corvallis strain 95-0387","nalidixic acid","Susceptible","","","","","","","","","","","SIR XGBoost Model","202503101","F1 score: 0.95, CI[0.93, 0.96]","Computational Method","",""
593905,"593905.5","Salmonella enterica subsp. enterica serovar Corvallis strain 95-0387","pefloxacin","Susceptible","","","","","","","","","","","SIR XGBoost Model","202503101","F1 score: 0.98, CI[0.96, 1.00]","Computational Method","",""
593905,"593905.5","Salmonella enterica subsp. enterica serovar Corvallis strain 95-0387","sulfamethoxazole","Susceptible","","","","","","","","","","","SIR XGBoost Model","202503101","F1 score: 0.95, CI[0.93, 0.97]","Computational Method","",""
593905,"593905.5","Salmonella enterica subsp. enterica serovar Corvallis strain 95-0387","spectinomycin","Susceptible","","","","","","","","","","","SIR XGBoost Model","202503101","F1 score: 0.94, CI[0.90, 0.98]","Computational Method","",""
593905,"593905.5","Salmonella enterica subsp. enterica serovar Corvallis strain 95-0387","streptomycin","Susceptible","","","","","","","","","","","SIR XGBoost Model","202503101","F1 score: 0.94, CI[0.93, 0.96]","Computational Method","",""
593905,"593905.5","Salmonella enterica subsp. enterica serovar Corvallis strain 95-0387","tetracycline","Susceptible","","","","","","","","","","","SIR XGBoost Model","202503101","F1 score: 0.97, CI[0.96, 0.98]","Computational Method","",""
593905,"593905.5","Salmonella enterica subsp. enterica serovar Corvallis strain 95-0387","ceftiofur","Susceptible","","","","","","","","","","","SIR XGBoost Model","202503101","F1 score: 0.98, CI[0.97, 1.00]","Computational Method","",""
593905,"593905.5","Salmonella enterica subsp. enterica serovar Corvallis strain 95-0387","trimethoprim","Susceptible","","","","","","","","","","","SIR XGBoost Model","202503101","F1 score: 0.86, CI[0.78, 0.93]","Computational Method","",""
593905,"593905.6","Salmonella enterica subsp. enterica serovar Corvallis strain 2011K-1068","amoxicillin/clavulanic acid","Susceptible","","","","","","","","","","","SIR XGBoost Model","202503101","F1 score: 0.96, CI[0.95, 0.97]","Computational Method","",""
593905,"593905.6","Salmonella enterica subsp. enterica serovar Corvallis strain 2011K-1068","ampicillin","Susceptible","","","","","","","","","","","SIR XGBoost Model","202503101","F1 score: 0.93, CI[0.92, 0.93]","Computational Method","",""
593905,"593905.6","Salmonella enterica subsp. enterica serovar Corvallis strain 2011K-1068","azithromycin","Susceptible","","","","","","","","","","","SIR XGBoost Model","202503101","F1 score: 0.92, CI[0.87, 0.98]","Computational Method","",""
593905,"593905.6","Salmonella enterica subsp. enterica serovar Corvallis strain 2011K-1068","chloramphenicol","Susceptible","","","","","","","","","","","SIR XGBoost Model","202503101","F1 score: 0.90, CI[0.88, 0.91]","Computational Method","",""
593905,"593905.6","Salmonella enterica subsp. enterica serovar Corvallis strain 2011K-1068","ciprofloxacin","Susceptible","","","","","","","","","","","SIR XGBoost Model","202503101","F1 score: 0.95, CI[0.93, 0.96]","Computational Method","",""
593905,"593905.6","Salmonella enterica subsp. enterica serovar Corvallis strain 2011K-1068","ceftriaxone","Susceptible","","","","","","","","","","","SIR XGBoost Model","202503101","F1 score: 0.98, CI[0.97, 1.00]","Computational Method","",""
593905,"593905.6","Salmonella enterica subsp. enterica serovar Corvallis strain 2011K-1068","cefotaxime","Susceptible","","","","","","","","","","","SIR XGBoost Model","202503101","F1 score: 0.95, CI[0.90, 0.99]","Computational Method","",""
593905,"593905.6","Salmonella enterica subsp. enterica serovar Corvallis strain 2011K-1068","sulfisoxazole","Susceptible","","","","","","","","","","","SIR XGBoost Model","202503101","F1 score: 0.99, CI[0.98, 1.00]","Computational Method","",""
593905,"593905.6","Salmonella enterica subsp. enterica serovar Corvallis strain 2011K-1068","cefoxitin","Susceptible","","","","","","","","","","","SIR XGBoost Model","202503101","F1 score: 0.96, CI[0.93, 0.99]","Computational Method","",""
593905,"593905.6","Salmonella enterica subsp. enterica serovar Corvallis strain 2011K-1068","gentamicin","Susceptible","","","","","","","","","","","SIR XGBoost Model","202503101","F1 score: 0.92, CI[0.89, 0.95]","Computational Method","",""
593905,"593905.6","Salmonella enterica subsp. enterica serovar Corvallis strain 2011K-1068","kanamycin","Susceptible","","","","","","","","","","","SIR XGBoost Model","202503101","F1 score: 0.86, CI[0.77, 0.95]","Computational Method","",""
593905,"593905.6","Salmonella enterica subsp. enterica serovar Corvallis strain 2011K-1068","nalidixic acid","Susceptible","","","","","","","","","","","SIR XGBoost Model","202503101","F1 score: 0.95, CI[0.93, 0.96]","Computational Method","",""
593905,"593905.6","Salmonella enterica subsp. enterica serovar Corvallis strain 2011K-1068","pefloxacin","Susceptible","","","","","","","","","","","SIR XGBoost Model","202503101","F1 score: 0.98, CI[0.96, 1.00]","Computational Method","",""
593905,"593905.6","Salmonella enterica subsp. enterica serovar Corvallis strain 2011K-1068","sulfamethoxazole","Susceptible","","","","","","","","","","","SIR XGBoost Model","202503101","F1 score: 0.95, CI[0.93, 0.97]","Computational Method","",""
593905,"593905.6","Salmonella enterica subsp. enterica serovar Corvallis strain 2011K-1068","spectinomycin","Susceptible","","","","","","","","","","","SIR XGBoost Model","202503101","F1 score: 0.94, CI[0.90, 0.98]","Computational Method","",""
593905,"593905.6","Salmonella enterica subsp. enterica serovar Corvallis strain 2011K-1068","streptomycin","Susceptible","","","","","","","","","","","SIR XGBoost Model","202503101","F1 score: 0.94, CI[0.93, 0.96]","Computational Method","",""
593905,"593905.6","Salmonella enterica subsp. enterica serovar Corvallis strain 2011K-1068","tetracycline","Susceptible","","","","","","","","","","","SIR XGBoost Model","202503101","F1 score: 0.97, CI[0.96, 0.98]","Computational Method","",""
593905,"593905.6","Salmonella enterica subsp. enterica serovar Corvallis strain 2011K-1068","ceftiofur","Susceptible","","","","","","","","","","","SIR XGBoost Model","202503101","F1 score: 0.98, CI[0.97, 1.00]","Computational Method","",""
593905,"593905.6","Salmonella enterica subsp. enterica serovar Corvallis strain 2011K-1068","trimethoprim","Susceptible","","","","","","","","","","","SIR XGBoost Model","202503101","F1 score: 0.86, CI[0.78, 0.93]","Computational Method","",""
593905,"593905.7","Salmonella enterica subsp. enterica serovar Corvallis strain BCW_2855","amoxicillin/clavulanic acid","Susceptible","","","","","","","","","","","SIR XGBoost Model","202503101","F1 score: 0.96, CI[0.95, 0.97]","Computational Method","",""
593905,"593905.7","Salmonella enterica subsp. enterica serovar Corvallis strain BCW_2855","ampicillin","Susceptible","","","","","","","","","","","SIR XGBoost Model","202503101","F1 score: 0.93, CI[0.92, 0.93]","Computational Method","",""
593905,"593905.7","Salmonella enterica subsp. enterica serovar Corvallis strain BCW_2855","azithromycin","Susceptible","","","","","","","","","","","SIR XGBoost Model","202503101","F1 score: 0.92, CI[0.87, 0.98]","Computational Method","",""
593905,"593905.7","Salmonella enterica subsp. enterica serovar Corvallis strain BCW_2855","chloramphenicol","Susceptible","","","","","","","","","","","SIR XGBoost Model","202503101","F1 score: 0.90, CI[0.88, 0.91]","Computational Method","",""
593905,"593905.7","Salmonella enterica subsp. enterica serovar Corvallis strain BCW_2855","ciprofloxacin","Susceptible","","","","","","","","","","","SIR XGBoost Model","202503101","F1 score: 0.95, CI[0.93, 0.96]","Computational Method","",""
593905,"593905.7","Salmonella enterica subsp. enterica serovar Corvallis strain BCW_2855","ceftriaxone","Susceptible","","","","","","","","","","","SIR XGBoost Model","202503101","F1 score: 0.98, CI[0.97, 1.00]","Computational Method","",""
593905,"593905.7","Salmonella enterica subsp. enterica serovar Corvallis strain BCW_2855","cefotaxime","Susceptible","","","","","","","","","","","SIR XGBoost Model","202503101","F1 score: 0.95, CI[0.90, 0.99]","Computational Method","",""
593905,"593905.7","Salmonella enterica subsp. enterica serovar Corvallis strain BCW_2855","sulfisoxazole","Susceptible","","","","","","","","","","","SIR XGBoost Model","202503101","F1 score: 0.99, CI[0.98, 1.00]","Computational Method","",""
593905,"593905.7","Salmonella enterica subsp. enterica serovar Corvallis strain BCW_2855","cefoxitin","Susceptible","","","","","","","","","","","SIR XGBoost Model","202503101","F1 score: 0.96, CI[0.93, 0.99]","Computational Method","",""
593905,"593905.7","Salmonella enterica subsp. enterica serovar Corvallis strain BCW_2855","gentamicin","Susceptible","","","","","","","","","","","SIR XGBoost Model","202503101","F1 score: 0.92, CI[0.89, 0.95]","Computational Method","",""
593905,"593905.7","Salmonella enterica subsp. enterica serovar Corvallis strain BCW_2855","kanamycin","Susceptible","","","","","","","","","","","SIR XGBoost Model","202503101","F1 score: 0.86, CI[0.77, 0.95]","Computational Method","",""
593905,"593905.7","Salmonella enterica subsp. enterica serovar Corvallis strain BCW_2855","nalidixic acid","Susceptible","","","","","","","","","","","SIR XGBoost Model","202503101","F1 score: 0.95, CI[0.93, 0.96]","Computational Method","",""
593905,"593905.7","Salmonella enterica subsp. enterica serovar Corvallis strain BCW_2855","pefloxacin","Susceptible","","","","","","","","","","","SIR XGBoost Model","202503101","F1 score: 0.98, CI[0.96, 1.00]","Computational Method","",""
593905,"593905.7","Salmonella enterica subsp. enterica serovar Corvallis strain BCW_2855","sulfamethoxazole","Susceptible","","","","","","","","","","","SIR XGBoost Model","202503101","F1 score: 0.95, CI[0.93, 0.97]","Computational Method","",""
593905,"593905.7","Salmonella enterica subsp. enterica serovar Corvallis strain BCW_2855","spectinomycin","Susceptible","","","","","","","","","","","SIR XGBoost Model","202503101","F1 score: 0.94, CI[0.90, 0.98]","Computational Method","",""
593905,"593905.7","Salmonella enterica subsp. enterica serovar Corvallis strain BCW_2855","streptomycin","Susceptible","","","","","","","","","","","SIR XGBoost Model","202503101","F1 score: 0.94, CI[0.93, 0.96]","Computational Method","",""
593905,"593905.7","Salmonella enterica subsp. enterica serovar Corvallis strain BCW_2855","tetracycline","Susceptible","","","","","","","","","","","SIR XGBoost Model","202503101","F1 score: 0.97, CI[0.96, 0.98]","Computational Method","",""
593905,"593905.7","Salmonella enterica subsp. enterica serovar Corvallis strain BCW_2855","ceftiofur","Susceptible","","","","","","","","","","","SIR XGBoost Model","202503101","F1 score: 0.98, CI[0.97, 1.00]","Computational Method","",""
593905,"593905.7","Salmonella enterica subsp. enterica serovar Corvallis strain BCW_2855","trimethoprim","Susceptible","","","","","","","","","","","SIR XGBoost Model","202503101","F1 score: 0.86, CI[0.78, 0.93]","Computational Method","",""
593905,"593905.8","Salmonella enterica subsp. enterica serovar Corvallis strain BCW_2858","amoxicillin/clavulanic acid","Susceptible","","","","","","","","","","","SIR XGBoost Model","202503101","F1 score: 0.96, CI[0.95, 0.97]","Computational Method","",""
593905,"593905.8","Salmonella enterica subsp. enterica serovar Corvallis strain BCW_2858","ampicillin","Resistant","","","","","","","","","","","SIR XGBoost Model","202503101","F1 score: 0.93, CI[0.92, 0.93]","Computational Method","",""
593905,"593905.8","Salmonella enterica subsp. enterica serovar Corvallis strain BCW_2858","azithromycin","Susceptible","","","","","","","","","","","SIR XGBoost Model","202503101","F1 score: 0.92, CI[0.87, 0.98]","Computational Method","",""
593905,"593905.8","Salmonella enterica subsp. enterica serovar Corvallis strain BCW_2858","chloramphenicol","Susceptible","","","","","","","","","","","SIR XGBoost Model","202503101","F1 score: 0.90, CI[0.88, 0.91]","Computational Method","",""
593905,"593905.8","Salmonella enterica subsp. enterica serovar Corvallis strain BCW_2858","ciprofloxacin","Susceptible","","","","","","","","","","","SIR XGBoost Model","202503101","F1 score: 0.95, CI[0.93, 0.96]","Computational Method","",""
593905,"593905.8","Salmonella enterica subsp. enterica serovar Corvallis strain BCW_2858","ceftriaxone","Susceptible","","","","","","","","","","","SIR XGBoost Model","202503101","F1 score: 0.98, CI[0.97, 1.00]","Computational Method","",""
593905,"593905.8","Salmonella enterica subsp. enterica serovar Corvallis strain BCW_2858","cefotaxime","Susceptible","","","","","","","","","","","SIR XGBoost Model","202503101","F1 score: 0.95, CI[0.90, 0.99]","Computational Method","",""
593905,"593905.8","Salmonella enterica subsp. enterica serovar Corvallis strain BCW_2858","sulfisoxazole","Resistant","","","","","","","","","","","SIR XGBoost Model","202503101","F1 score: 0.99, CI[0.98, 1.00]","Computational Method","",""
593905,"593905.8","Salmonella enterica subsp. enterica serovar Corvallis strain BCW_2858","cefoxitin","Susceptible","","","","","","","","","","","SIR XGBoost Model","202503101","F1 score: 0.96, CI[0.93, 0.99]","Computational Method","",""
593905,"593905.8","Salmonella enterica subsp. enterica serovar Corvallis strain BCW_2858","gentamicin","Susceptible","","","","","","","","","","","SIR XGBoost Model","202503101","F1 score: 0.92, CI[0.89, 0.95]","Computational Method","",""
593905,"593905.8","Salmonella enterica subsp. enterica serovar Corvallis strain BCW_2858","kanamycin","Susceptible","","","","","","","","","","","SIR XGBoost Model","202503101","F1 score: 0.86, CI[0.77, 0.95]","Computational Method","",""
593905,"593905.8","Salmonella enterica subsp. enterica serovar Corvallis strain BCW_2858","nalidixic acid","Resistant","","","","","","","","","","","SIR XGBoost Model","202503101","F1 score: 0.95, CI[0.93, 0.96]","Computational Method","",""
593905,"593905.8","Salmonella enterica subsp. enterica serovar Corvallis strain BCW_2858","pefloxacin","Resistant","","","","","","","","","","","SIR XGBoost Model","202503101","F1 score: 0.98, CI[0.96, 1.00]","Computational Method","",""
593905,"593905.8","Salmonella enterica subsp. enterica serovar Corvallis strain BCW_2858","sulfamethoxazole","Susceptible","","","","","","","","","","","SIR XGBoost Model","202503101","F1 score: 0.95, CI[0.93, 0.97]","Computational Method","",""
593905,"593905.8","Salmonella enterica subsp. enterica serovar Corvallis strain BCW_2858","spectinomycin","Susceptible","","","","","","","","","","","SIR XGBoost Model","202503101","F1 score: 0.94, CI[0.90, 0.98]","Computational Method","",""
593905,"593905.8","Salmonella enterica subsp. enterica serovar Corvallis strain BCW_2858","streptomycin","Resistant","","","","","","","","","","","SIR XGBoost Model","202503101","F1 score: 0.94, CI[0.93, 0.96]","Computational Method","",""
593905,"593905.8","Salmonella enterica subsp. enterica serovar Corvallis strain BCW_2858","tetracycline","Resistant","","","","","","","","","","","SIR XGBoost Model","202503101","F1 score: 0.97, CI[0.96, 0.98]","Computational Method","",""
593905,"593905.8","Salmonella enterica subsp. enterica serovar Corvallis strain BCW_2858","ceftiofur","Susceptible","","","","","","","","","","","SIR XGBoost Model","202503101","F1 score: 0.98, CI[0.97, 1.00]","Computational Method","",""
593905,"593905.8","Salmonella enterica subsp. enterica serovar Corvallis strain BCW_2858","trimethoprim","Susceptible","","","","","","","","","","","SIR XGBoost Model","202503101","F1 score: 0.86, CI[0.78, 0.93]","Computational Method","",""
593905,"593905.9","Salmonella enterica subsp. enterica serovar Corvallis strain BCW_2669","amoxicillin/clavulanic acid","Susceptible","","","","","","","","","","","SIR XGBoost Model","202503101","F1 score: 0.96, CI[0.95, 0.97]","Computational Method","",""
593905,"593905.9","Salmonella enterica subsp. enterica serovar Corvallis strain BCW_2669","ampicillin","Susceptible","","","","","","","","","","","SIR XGBoost Model","202503101","F1 score: 0.93, CI[0.92, 0.93]","Computational Method","",""
593905,"593905.9","Salmonella enterica subsp. enterica serovar Corvallis strain BCW_2669","azithromycin","Susceptible","","","","","","","","","","","SIR XGBoost Model","202503101","F1 score: 0.92, CI[0.87, 0.98]","Computational Method","",""
593905,"593905.9","Salmonella enterica subsp. enterica serovar Corvallis strain BCW_2669","chloramphenicol","Susceptible","","","","","","","","","","","SIR XGBoost Model","202503101","F1 score: 0.90, CI[0.88, 0.91]","Computational Method","",""
593905,"593905.9","Salmonella enterica subsp. enterica serovar Corvallis strain BCW_2669","ciprofloxacin","Susceptible","","","","","","","","","","","SIR XGBoost Model","202503101","F1 score: 0.95, CI[0.93, 0.96]","Computational Method","",""
593905,"593905.9","Salmonella enterica subsp. enterica serovar Corvallis strain BCW_2669","ceftriaxone","Susceptible","","","","","","","","","","","SIR XGBoost Model","202503101","F1 score: 0.98, CI[0.97, 1.00]","Computational Method","",""
593905,"593905.9","Salmonella enterica subsp. enterica serovar Corvallis strain BCW_2669","cefotaxime","Susceptible","","","","","","","","","","","SIR XGBoost Model","202503101","F1 score: 0.95, CI[0.90, 0.99]","Computational Method","",""
593905,"593905.9","Salmonella enterica subsp. enterica serovar Corvallis strain BCW_2669","sulfisoxazole","Resistant","","","","","","","","","","","SIR XGBoost Model","202503101","F1 score: 0.99, CI[0.98, 1.00]","Computational Method","",""
593905,"593905.9","Salmonella enterica subsp. enterica serovar Corvallis strain BCW_2669","cefoxitin","Susceptible","","","","","","","","","","","SIR XGBoost Model","202503101","F1 score: 0.96, CI[0.93, 0.99]","Computational Method","",""
593905,"593905.9","Salmonella enterica subsp. enterica serovar Corvallis strain BCW_2669","gentamicin","Susceptible","","","","","","","","","","","SIR XGBoost Model","202503101","F1 score: 0.92, CI[0.89, 0.95]","Computational Method","",""
593905,"593905.9","Salmonella enterica subsp. enterica serovar Corvallis strain BCW_2669","kanamycin","Susceptible","","","","","","","","","","","SIR XGBoost Model","202503101","F1 score: 0.86, CI[0.77, 0.95]","Computational Method","",""
593905,"593905.9","Salmonella enterica subsp. enterica serovar Corvallis strain BCW_2669","nalidixic acid","Susceptible","","","","","","","","","","","SIR XGBoost Model","202503101","F1 score: 0.95, CI[0.93, 0.96]","Computational Method","",""
593905,"593905.9","Salmonella enterica subsp. enterica serovar Corvallis strain BCW_2669","pefloxacin","Susceptible","","","","","","","","","","","SIR XGBoost Model","202503101","F1 score: 0.98, CI[0.96, 1.00]","Computational Method","",""
593905,"593905.9","Salmonella enterica subsp. enterica serovar Corvallis strain BCW_2669","sulfamethoxazole","Susceptible","","","","","","","","","","","SIR XGBoost Model","202503101","F1 score: 0.95, CI[0.93, 0.97]","Computational Method","",""
593905,"593905.9","Salmonella enterica subsp. enterica serovar Corvallis strain BCW_2669","spectinomycin","Susceptible","","","","","","","","","","","SIR XGBoost Model","202503101","F1 score: 0.94, CI[0.90, 0.98]","Computational Method","",""
593905,"593905.9","Salmonella enterica subsp. enterica serovar Corvallis strain BCW_2669","streptomycin","Resistant","","","","","","","","","","","SIR XGBoost Model","202503101","F1 score: 0.94, CI[0.93, 0.96]","Computational Method","",""
593905,"593905.9","Salmonella enterica subsp. enterica serovar Corvallis strain BCW_2669","tetracycline","Resistant","","","","","","","","","","","SIR XGBoost Model","202503101","F1 score: 0.97, CI[0.96, 0.98]","Computational Method","",""
593905,"593905.9","Salmonella enterica subsp. enterica serovar Corvallis strain BCW_2669","ceftiofur","Susceptible","","","","","","","","","","","SIR XGBoost Model","202503101","F1 score: 0.98, CI[0.97, 1.00]","Computational Method","",""
593905,"593905.9","Salmonella enterica subsp. enterica serovar Corvallis strain BCW_2669","trimethoprim","Resistant","","","","","","","","","","","SIR XGBoost Model","202503101","F1 score: 0.86, CI[0.78, 0.93]","Computational Method","",""
593905,"593905.12","Salmonella enterica subsp. enterica serovar Corvallis strain CFSAN059903","trimethoprim/sulfamethoxazole","Susceptible","","","","","","","","","","","SIR XGBoost Model","202503101","F1 score: 0.85, CI[0.82, 0.88]","Computational Method","",""
593905,"593905.13","Salmonella enterica subsp. enterica serovar Corvallis strain 12-01738","trimethoprim/sulfamethoxazole","Resistant","","","","","","","","","","","SIR XGBoost Model","202503101","F1 score: 0.85, CI[0.82, 0.88]","Computational Method","",""
593905,"593905.14","Salmonella enterica subsp. enterica serovar Corvallis strain SL_62_S353","trimethoprim/sulfamethoxazole","Susceptible","","","","","","","","","","","SIR XGBoost Model","202503101","F1 score: 0.85, CI[0.82, 0.88]","Computational Method","",""
593905,"593905.15","Salmonella enterica subsp. enterica serovar Corvallis strain SL_39_S118","trimethoprim/sulfamethoxazole","Susceptible","","","","","","","","","","","SIR XGBoost Model","202503101","F1 score: 0.85, CI[0.82, 0.88]","Computational Method","",""
593905,"593905.16","Salmonella enterica subsp. enterica serovar Corvallis strain SL_35_S91","trimethoprim/sulfamethoxazole","Susceptible","","","","","","","","","","","SIR XGBoost Model","202503101","F1 score: 0.85, CI[0.82, 0.88]","Computational Method","",""
593905,"593905.17","Salmonella enterica subsp. enterica serovar Corvallis strain SL_29_118","trimethoprim/sulfamethoxazole","Susceptible","","","","","","","","","","","SIR XGBoost Model","202503101","F1 score: 0.85, CI[0.82, 0.88]","Computational Method","",""
593905,"593905.18","Salmonella enterica subsp. enterica serovar Corvallis strain SL_26_115","trimethoprim/sulfamethoxazole","Susceptible","","","","","","","","","","","SIR XGBoost Model","202503101","F1 score: 0.85, CI[0.82, 0.88]","Computational Method","",""
593905,"593905.19","Salmonella enterica subsp. enterica serovar Corvallis strain SL_20_107","trimethoprim/sulfamethoxazole","Susceptible","","","","","","","","","","","SIR XGBoost Model","202503101","F1 score: 0.85, CI[0.82, 0.88]","Computational Method","",""
593905,"593905.20","Salmonella enterica subsp. enterica serovar Corvallis strain SL_17_98","trimethoprim/sulfamethoxazole","Susceptible","","","","","","","","","","","SIR XGBoost Model","202503101","F1 score: 0.85, CI[0.82, 0.88]","Computational Method","",""
593905,"593905.21","Salmonella enterica subsp. enterica serovar Corvallis strain SL_16_97","trimethoprim/sulfamethoxazole","Susceptible","","","","","","","","","","","SIR XGBoost Model","202503101","F1 score: 0.85, CI[0.82, 0.88]","Computational Method","",""
593905,"593905.22","Salmonella enterica subsp. enterica serovar Corvallis strain SL_19_103","trimethoprim/sulfamethoxazole","Susceptible","","","","","","","","","","","SIR XGBoost Model","202503101","F1 score: 0.85, CI[0.82, 0.88]","Computational Method","",""
593905,"593905.23","Salmonella enterica subsp. enterica serovar Corvallis strain SL_13_91","trimethoprim/sulfamethoxazole","Susceptible","","","","","","","","","","","SIR XGBoost Model","202503101","F1 score: 0.85, CI[0.82, 0.88]","Computational Method","",""
593905,"593905.24","Salmonella enterica subsp. enterica serovar Corvallis strain SL_12_81","trimethoprim/sulfamethoxazole","Susceptible","","","","","","","","","","","SIR XGBoost Model","202503101","F1 score: 0.85, CI[0.82, 0.88]","Computational Method","",""
593905,"593905.25","Salmonella enterica subsp. enterica serovar Corvallis strain SL_14_93","trimethoprim/sulfamethoxazole","Susceptible","","","","","","","","","","","SIR XGBoost Model","202503101","F1 score: 0.85, CI[0.82, 0.88]","Computational Method","",""
593905,"593905.26","Salmonella enterica subsp. enterica serovar Corvallis strain HIY0169","trimethoprim/sulfamethoxazole","Susceptible","","","","","","","","","","","SIR XGBoost Model","202503101","F1 score: 0.85, CI[0.82, 0.88]","Computational Method","",""
593905,"593905.27","Salmonella enterica subsp. enterica serovar Corvallis strain NPHL 15376","trimethoprim/sulfamethoxazole","Resistant","","","","","","","","","","","SIR XGBoost Model","202503101","F1 score: 0.85, CI[0.82, 0.88]","Computational Method","",""
593905,"593905.28","Salmonella enterica subsp. enterica serovar Corvallis strain AR-0406","trimethoprim/sulfamethoxazole","Susceptible","","","","","","","","","","","SIR XGBoost Model","202503101","F1 score: 0.85, CI[0.82, 0.88]","Computational Method","",""
593905,"593905.40","Salmonella enterica subsp. enterica serovar Corvallis CFSAN059903","trimethoprim/sulfamethoxazole","Susceptible","","","","","","","","","","","SIR XGBoost Model","202503101","F1 score: 0.85, CI[0.82, 0.88]","Computational Method","",""
593905,"593905.5","Salmonella enterica subsp. enterica serovar Corvallis strain 95-0387","trimethoprim/sulfamethoxazole","Susceptible","","","","","","","","","","","SIR XGBoost Model","202503101","F1 score: 0.85, CI[0.82, 0.88]","Computational Method","",""
593905,"593905.6","Salmonella enterica subsp. enterica serovar Corvallis strain 2011K-1068","trimethoprim/sulfamethoxazole","Susceptible","","","","","","","","","","","SIR XGBoost Model","202503101","F1 score: 0.85, CI[0.82, 0.88]","Computational Method","",""
593905,"593905.7","Salmonella enterica subsp. enterica serovar Corvallis strain BCW_2855","trimethoprim/sulfamethoxazole","Susceptible","","","","","","","","","","","SIR XGBoost Model","202503101","F1 score: 0.85, CI[0.82, 0.88]","Computational Method","",""
593905,"593905.8","Salmonella enterica subsp. enterica serovar Corvallis strain BCW_2858","trimethoprim/sulfamethoxazole","Susceptible","","","","","","","","","","","SIR XGBoost Model","202503101","F1 score: 0.85, CI[0.82, 0.88]","Computational Method","",""
593905,"593905.9","Salmonella enterica subsp. enterica serovar Corvallis strain BCW_2669","trimethoprim/sulfamethoxazole","Susceptible","","","","","","","","","","","SIR XGBoost Model","202503101","F1 score: 0.85, CI[0.82, 0.88]","Computational Method","",""
