"Taxon ID","Genome ID","Genome Name","Antibiotic","Resistant Phenotype","Measurement","Measurement Sign","Measurement Value","Measurement Unit","Laboratory Typing Method","Laboratory Typing Method Version","Laboratory Typing Platform","Vendor","Testing Standard","Testing Standard Year","Computational Method","Computational Method Version","Computational Method Performance","Evidence","Source","PubMed"
180434,"180434.97","Morganella morganii subsp. morganii JBAGAAD-19-0041","cefmetazole","","4","","4","mg/L","MIC","","","Beckman Coulter Inc","CLSI",2021,"","","","Laboratory Method","","[38052776]"
180434,"180434.103","Morganella morganii subsp. morganii JBCDAFI-19-0007","chloramphenicol","","<=8","<=","8","mg/L","MIC","","","Beckman Coulter Inc","CLSI",2021,"","","","Laboratory Method","","[38052776]"
180434,"180434.131","Morganella morganii subsp. morganii JBEAAAD-19-0164","cefozopran","","4","","4","mg/L","MIC","","","Beckman Coulter Inc","CLSI",2021,"","","","Laboratory Method","","[38052776]"
180434,"180434.109","Morganella morganii subsp. morganii JBCHAAB-19-0057","cefotetan","","4","","4","mg/L","MIC","","","Beckman Coulter Inc","CLSI",2021,"","","","Laboratory Method","","[38052776]"
180434,"180434.102","Morganella morganii subsp. morganii JBCDAFI-19-0010","cefoperazone/sulbactam","","<=8/4","<=","8/4","mg/L","MIC","","","Beckman Coulter Inc","CLSI",2021,"","","","Laboratory Method","","[38052776]"
180434,"180434.106","Morganella morganii subsp. morganii JBCDAFI-19-0033","cefpodoxime","","16","","16","mg/L","MIC","","","Beckman Coulter Inc","CLSI",2021,"","","","Laboratory Method","","[38052776]"
180434,"180434.130","Morganella morganii subsp. morganii JBDGAAB-19-0120","tobramycin","","<=1","<=","1","mg/L","MIC","","","Beckman Coulter Inc","CLSI",2021,"","","","Laboratory Method","","[38052776]"
180434,"180434.128","Morganella morganii subsp. morganii JBDGAAB-19-0043","imipenem","","2","","2","mg/L","MIC","","","Beckman Coulter Inc","CLSI",2021,"","","","Laboratory Method","","[38052776]"
180434,"180434.96","Morganella morganii subsp. morganii JBAFAAB-19-0038","trimethoprim/sulfamethoxazole","","<=1/19","<=","1/19","mg/L","MIC","","","Beckman Coulter Inc","CLSI",2021,"","","","Laboratory Method","","[38052776]"
180434,"180434.106","Morganella morganii subsp. morganii JBCDAFI-19-0033","levofloxacin","","1","","1","mg/L","MIC","","","Beckman Coulter Inc","CLSI",2021,"","","","Laboratory Method","","[38052776]"
180434,"180434.93","Morganella morganii subsp. morganii JBABAIF-19-0031","aztreonam","","<=1","<=","1","mg/L","MIC","","","Beckman Coulter Inc","CLSI",2021,"","","","Laboratory Method","","[38052776]"
180434,"180434.108","Morganella morganii subsp. morganii JBCDAFI-19-0021","ciprofloxacin","","<=0.25","<=","0.25","mg/L","MIC","","","Beckman Coulter Inc","CLSI",2021,"","","","Laboratory Method","","[38052776]"
180434,"180434.129","Morganella morganii subsp. morganii JBDGAAB-19-0119","imipenem","","4","","4","mg/L","MIC","","","Beckman Coulter Inc","CLSI",2021,"","","","Laboratory Method","","[38052776]"
180434,"180434.128","Morganella morganii subsp. morganii JBDGAAB-19-0043","ceftriaxone","","2","","2","mg/L","MIC","","","Beckman Coulter Inc","CLSI",2021,"","","","Laboratory Method","","[38052776]"
180434,"180434.126","Morganella morganii subsp. morganii JBDGAAB-19-0096","doripenem","","<=0.5","<=","0.5","mg/L","MIC","","","Beckman Coulter Inc","CLSI",2021,"","","","Laboratory Method","","[38052776]"
180434,"180434.114","Morganella morganii subsp. morganii JBCHACG-19-0262","aztreonam","","<=1","<=","1","mg/L","MIC","","","Beckman Coulter Inc","CLSI",2021,"","","","Laboratory Method","","[38052776]"
180434,"180434.117","Morganella morganii subsp. morganii JBCHACG-19-0294","cefozopran","","<=1","<=","1","mg/L","MIC","","","Beckman Coulter Inc","CLSI",2021,"","","","Laboratory Method","","[38052776]"
180434,"180434.102","Morganella morganii subsp. morganii JBCDAFI-19-0010","cefepime","","<=1","<=","1","mg/L","MIC","","","Beckman Coulter Inc","CLSI",2021,"","","","Laboratory Method","","[38052776]"
180434,"180434.116","Morganella morganii subsp. morganii JBCHACG-19-0278","cefotaxime","","4","","4","mg/L","MIC","","","Beckman Coulter Inc","CLSI",2021,"","","","Laboratory Method","","[38052776]"
180434,"180434.121","Morganella morganii subsp. morganii JBDEABG-19-0366","meropenem","","<=0.5","<=","0.5","mg/L","MIC","","","Beckman Coulter Inc","CLSI",2021,"","","","Laboratory Method","","[38052776]"
180434,"180434.105","Morganella morganii subsp. morganii JBCDAFI-19-0031","levofloxacin","","1","","1","mg/L","MIC","","","Beckman Coulter Inc","CLSI",2021,"","","","Laboratory Method","","[38052776]"
180434,"180434.93","Morganella morganii subsp. morganii JBABAIF-19-0031","amikacin","","<=4","<=","4","mg/L","MIC","","","Beckman Coulter Inc","CLSI",2021,"","","","Laboratory Method","","[38052776]"
180434,"180434.101","Morganella morganii subsp. morganii JBCBAAC-19-0077","piperacillin","","<=4","<=","4","mg/L","MIC","","","Beckman Coulter Inc","CLSI",2021,"","","","Laboratory Method","","[38052776]"
180434,"180434.115","Morganella morganii subsp. morganii JBCHACG-19-0281","gentamicin","","<=1","<=","1","mg/L","MIC","","","Beckman Coulter Inc","CLSI",2021,"","","","Laboratory Method","","[38052776]"
180434,"180434.103","Morganella morganii subsp. morganii JBCDAFI-19-0007","cefpodoxime","","<=0.5","<=","0.5","mg/L","MIC","","","Beckman Coulter Inc","CLSI",2021,"","","","Laboratory Method","","[38052776]"
180434,"180434.105","Morganella morganii subsp. morganii JBCDAFI-19-0031","amikacin","","<=4","<=","4","mg/L","MIC","","","Beckman Coulter Inc","CLSI",2021,"","","","Laboratory Method","","[38052776]"
180434,"180434.130","Morganella morganii subsp. morganii JBDGAAB-19-0120","cefepime","","<=1","<=","1","mg/L","MIC","","","Beckman Coulter Inc","CLSI",2021,"","","","Laboratory Method","","[38052776]"
180434,"180434.98","Morganella morganii subsp. morganii JBAGAAD-19-0139","trimethoprim/sulfamethoxazole","","<=1/19","<=","1/19","mg/L","MIC","","","Beckman Coulter Inc","CLSI",2021,"","","","Laboratory Method","","[38052776]"
180434,"180434.123","Morganella morganii subsp. morganii JBDEABG-19-0370","piperacillin/tazobactam","","8","","8","mg/L","MIC","","","Beckman Coulter Inc","CLSI",2021,"","","","Laboratory Method","","[38052776]"
180434,"180434.112","Morganella morganii subsp. morganii JBCHACG-19-0213","doripenem","","<=0.5","<=","0.5","mg/L","MIC","","","Beckman Coulter Inc","CLSI",2021,"","","","Laboratory Method","","[38052776]"
180434,"180434.128","Morganella morganii subsp. morganii JBDGAAB-19-0043","tigecycline","","1","","1","mg/L","MIC","","","Beckman Coulter Inc","CLSI",2021,"","","","Laboratory Method","","[38052776]"
180434,"180434.102","Morganella morganii subsp. morganii JBCDAFI-19-0010","ampicillin/sulbactam","",">32/16",">","32/16","mg/L","MIC","","","Beckman Coulter Inc","CLSI",2021,"","","","Laboratory Method","","[38052776]"
180434,"180434.93","Morganella morganii subsp. morganii JBABAIF-19-0031","doripenem","","<=0.5","<=","0.5","mg/L","MIC","","","Beckman Coulter Inc","CLSI",2021,"","","","Laboratory Method","","[38052776]"
180434,"180434.111","Morganella morganii subsp. morganii JBCHACG-19-0210","cefmetazole","","4","","4","mg/L","MIC","","","Beckman Coulter Inc","CLSI",2021,"","","","Laboratory Method","","[38052776]"
180434,"180434.122","Morganella morganii subsp. morganii JBDEABG-19-0368","colistin","",">8",">","8","mg/L","MIC","","","Beckman Coulter Inc","CLSI",2021,"","","","Laboratory Method","","[38052776]"
180434,"180434.120","Morganella morganii subsp. morganii JBDEABG-19-0196","cefozopran","","<=1","<=","1","mg/L","MIC","","","Beckman Coulter Inc","CLSI",2021,"","","","Laboratory Method","","[38052776]"
180434,"180434.90","Morganella morganii subsp. morganii JBABAHA-19-0024","doripenem","","<=0.5","<=","0.5","mg/L","MIC","","","Beckman Coulter Inc","CLSI",2021,"","","","Laboratory Method","","[38052776]"
180434,"180434.105","Morganella morganii subsp. morganii JBCDAFI-19-0031","imipenem","","4","","4","mg/L","MIC","","","Beckman Coulter Inc","CLSI",2021,"","","","Laboratory Method","","[38052776]"
180434,"180434.99","Morganella morganii subsp. morganii JBCBAAC-19-0019","piperacillin/tazobactam","","<=4","<=","4","mg/L","MIC","","","Beckman Coulter Inc","CLSI",2021,"","","","Laboratory Method","","[38052776]"
180434,"180434.123","Morganella morganii subsp. morganii JBDEABG-19-0370","ampicillin/sulbactam","",">32/16",">","32/16","mg/L","MIC","","","Beckman Coulter Inc","CLSI",2021,"","","","Laboratory Method","","[38052776]"
180434,"180434.90","Morganella morganii subsp. morganii JBABAHA-19-0024","piperacillin/tazobactam","","<=4","<=","4","mg/L","MIC","","","Beckman Coulter Inc","CLSI",2021,"","","","Laboratory Method","","[38052776]"
180434,"180434.118","Morganella morganii subsp. morganii JBCHACG-19-0407","trimethoprim/sulfamethoxazole","","<=1/19","<=","1/19","mg/L","MIC","","","Beckman Coulter Inc","CLSI",2021,"","","","Laboratory Method","","[38052776]"
180434,"180434.106","Morganella morganii subsp. morganii JBCDAFI-19-0033","cefoperazone/sulbactam","","<=8/4","<=","8/4","mg/L","MIC","","","Beckman Coulter Inc","CLSI",2021,"","","","Laboratory Method","","[38052776]"
180434,"180434.130","Morganella morganii subsp. morganii JBDGAAB-19-0120","ciprofloxacin","","<=0.25","<=","0.25","mg/L","MIC","","","Beckman Coulter Inc","CLSI",2021,"","","","Laboratory Method","","[38052776]"
180434,"180434.112","Morganella morganii subsp. morganii JBCHACG-19-0213","fosfomycin","",">16",">","16","mg/L","MIC","","","Beckman Coulter Inc","CLSI",2021,"","","","Laboratory Method","","[38052776]"
180434,"180434.103","Morganella morganii subsp. morganii JBCDAFI-19-0007","levofloxacin","","<=0.5","<=","0.5","mg/L","MIC","","","Beckman Coulter Inc","CLSI",2021,"","","","Laboratory Method","","[38052776]"
180434,"180434.116","Morganella morganii subsp. morganii JBCHACG-19-0278","cefozopran","",">16",">","16","mg/L","MIC","","","Beckman Coulter Inc","CLSI",2021,"","","","Laboratory Method","","[38052776]"
180434,"180434.123","Morganella morganii subsp. morganii JBDEABG-19-0370","tobramycin","","2","","2","mg/L","MIC","","","Beckman Coulter Inc","CLSI",2021,"","","","Laboratory Method","","[38052776]"
180434,"180434.112","Morganella morganii subsp. morganii JBCHACG-19-0213","cefotetan","","2","","2","mg/L","MIC","","","Beckman Coulter Inc","CLSI",2021,"","","","Laboratory Method","","[38052776]"
180434,"180434.113","Morganella morganii subsp. morganii JBCHACG-19-0244","ceftriaxone","","<=0.5","<=","0.5","mg/L","MIC","","","Beckman Coulter Inc","CLSI",2021,"","","","Laboratory Method","","[38052776]"
180434,"180434.125","Morganella morganii subsp. morganii JBDGAAB-19-0069","doripenem","","<=0.5","<=","0.5","mg/L","MIC","","","Beckman Coulter Inc","CLSI",2021,"","","","Laboratory Method","","[38052776]"
180434,"180434.116","Morganella morganii subsp. morganii JBCHACG-19-0278","colistin","",">8",">","8","mg/L","MIC","","","Beckman Coulter Inc","CLSI",2021,"","","","Laboratory Method","","[38052776]"
180434,"180434.91","Morganella morganii subsp. morganii JBABAIF-19-0002","cefozopran","","<=1","<=","1","mg/L","MIC","","","Beckman Coulter Inc","CLSI",2021,"","","","Laboratory Method","","[38052776]"
180434,"180434.112","Morganella morganii subsp. morganii JBCHACG-19-0213","aztreonam","","<=1","<=","1","mg/L","MIC","","","Beckman Coulter Inc","CLSI",2021,"","","","Laboratory Method","","[38052776]"
180434,"180434.106","Morganella morganii subsp. morganii JBCDAFI-19-0033","ceftriaxone","","<=0.5","<=","0.5","mg/L","MIC","","","Beckman Coulter Inc","CLSI",2021,"","","","Laboratory Method","","[38052776]"
180434,"180434.115","Morganella morganii subsp. morganii JBCHACG-19-0281","cefpodoxime","","64","","64","mg/L","MIC","","","Beckman Coulter Inc","CLSI",2021,"","","","Laboratory Method","","[38052776]"
180434,"180434.95","Morganella morganii subsp. morganii JBAFAAB-19-0019","cefpodoxime","",">64",">","64","mg/L","MIC","","","Beckman Coulter Inc","CLSI",2021,"","","","Laboratory Method","","[38052776]"
180434,"180434.112","Morganella morganii subsp. morganii JBCHACG-19-0213","levofloxacin","","<=0.5","<=","0.5","mg/L","MIC","","","Beckman Coulter Inc","CLSI",2021,"","","","Laboratory Method","","[38052776]"
180434,"180434.113","Morganella morganii subsp. morganii JBCHACG-19-0244","gentamicin","","<=1","<=","1","mg/L","MIC","","","Beckman Coulter Inc","CLSI",2021,"","","","Laboratory Method","","[38052776]"
180434,"180434.123","Morganella morganii subsp. morganii JBDEABG-19-0370","cefoperazone/sulbactam","","16/8","","16/8","mg/L","MIC","","","Beckman Coulter Inc","CLSI",2021,"","","","Laboratory Method","","[38052776]"
180434,"180434.106","Morganella morganii subsp. morganii JBCDAFI-19-0033","minocycline","","2","","2","mg/L","MIC","","","Beckman Coulter Inc","CLSI",2021,"","","","Laboratory Method","","[38052776]"
180434,"180434.109","Morganella morganii subsp. morganii JBCHAAB-19-0057","trimethoprim/sulfamethoxazole","","<=1/19","<=","1/19","mg/L","MIC","","","Beckman Coulter Inc","CLSI",2021,"","","","Laboratory Method","","[38052776]"
180434,"180434.123","Morganella morganii subsp. morganii JBDEABG-19-0370","imipenem","","8","","8","mg/L","MIC","","","Beckman Coulter Inc","CLSI",2021,"","","","Laboratory Method","","[38052776]"
180434,"180434.95","Morganella morganii subsp. morganii JBAFAAB-19-0019","cefozopran","",">16",">","16","mg/L","MIC","","","Beckman Coulter Inc","CLSI",2021,"","","","Laboratory Method","","[38052776]"
180434,"180434.110","Morganella morganii subsp. morganii JBCHACG-19-0354","cefepime","","<=1","<=","1","mg/L","MIC","","","Beckman Coulter Inc","CLSI",2021,"","","","Laboratory Method","","[38052776]"
180434,"180434.129","Morganella morganii subsp. morganii JBDGAAB-19-0119","ceftriaxone","","<=0.5","<=","0.5","mg/L","MIC","","","Beckman Coulter Inc","CLSI",2021,"","","","Laboratory Method","","[38052776]"
180434,"180434.99","Morganella morganii subsp. morganii JBCBAAC-19-0019","cefotaxime","","<=0.5","<=","0.5","mg/L","MIC","","","Beckman Coulter Inc","CLSI",2021,"","","","Laboratory Method","","[38052776]"
180434,"180434.92","Morganella morganii subsp. morganii JBABAIF-19-0010","cefepime","","<=1","<=","1","mg/L","MIC","","","Beckman Coulter Inc","CLSI",2021,"","","","Laboratory Method","","[38052776]"
180434,"180434.114","Morganella morganii subsp. morganii JBCHACG-19-0262","cefpodoxime","","16","","16","mg/L","MIC","","","Beckman Coulter Inc","CLSI",2021,"","","","Laboratory Method","","[38052776]"
180434,"180434.120","Morganella morganii subsp. morganii JBDEABG-19-0196","chloramphenicol","","<=8","<=","8","mg/L","MIC","","","Beckman Coulter Inc","CLSI",2021,"","","","Laboratory Method","","[38052776]"
180434,"180434.116","Morganella morganii subsp. morganii JBCHACG-19-0278","cefuroxime","","8","","8","mg/L","MIC","","","Beckman Coulter Inc","CLSI",2021,"","","","Laboratory Method","","[38052776]"
180434,"180434.109","Morganella morganii subsp. morganii JBCHAAB-19-0057","minocycline","","2","","2","mg/L","MIC","","","Beckman Coulter Inc","CLSI",2021,"","","","Laboratory Method","","[38052776]"
180434,"180434.96","Morganella morganii subsp. morganii JBAFAAB-19-0038","imipenem","","4","","4","mg/L","MIC","","","Beckman Coulter Inc","CLSI",2021,"","","","Laboratory Method","","[38052776]"
180434,"180434.119","Morganella morganii subsp. morganii JBCHACG-19-0477","piperacillin","","<=4","<=","4","mg/L","MIC","","","Beckman Coulter Inc","CLSI",2021,"","","","Laboratory Method","","[38052776]"
180434,"180434.129","Morganella morganii subsp. morganii JBDGAAB-19-0119","chloramphenicol","","<=8","<=","8","mg/L","MIC","","","Beckman Coulter Inc","CLSI",2021,"","","","Laboratory Method","","[38052776]"
180434,"180434.92","Morganella morganii subsp. morganii JBABAIF-19-0010","cefuroxime","","<=2","<=","2","mg/L","MIC","","","Beckman Coulter Inc","CLSI",2021,"","","","Laboratory Method","","[38052776]"
180434,"180434.113","Morganella morganii subsp. morganii JBCHACG-19-0244","chloramphenicol","","16","","16","mg/L","MIC","","","Beckman Coulter Inc","CLSI",2021,"","","","Laboratory Method","","[38052776]"
180434,"180434.122","Morganella morganii subsp. morganii JBDEABG-19-0368","cefotaxime","","4","","4","mg/L","MIC","","","Beckman Coulter Inc","CLSI",2021,"","","","Laboratory Method","","[38052776]"
180434,"180434.122","Morganella morganii subsp. morganii JBDEABG-19-0368","cefepime","","<=1","<=","1","mg/L","MIC","","","Beckman Coulter Inc","CLSI",2021,"","","","Laboratory Method","","[38052776]"
180434,"180434.120","Morganella morganii subsp. morganii JBDEABG-19-0196","ciprofloxacin","",">4",">","4","mg/L","MIC","","","Beckman Coulter Inc","CLSI",2021,"","","","Laboratory Method","","[38052776]"
180434,"180434.100","Morganella morganii subsp. morganii JBCBAAC-19-0070","minocycline","",">8",">","8","mg/L","MIC","","","Beckman Coulter Inc","CLSI",2021,"","","","Laboratory Method","","[38052776]"
180434,"180434.119","Morganella morganii subsp. morganii JBCHACG-19-0477","cefuroxime","","8","","8","mg/L","MIC","","","Beckman Coulter Inc","CLSI",2021,"","","","Laboratory Method","","[38052776]"
180434,"180434.92","Morganella morganii subsp. morganii JBABAIF-19-0010","ceftazidime","","<=1","<=","1","mg/L","MIC","","","Beckman Coulter Inc","CLSI",2021,"","","","Laboratory Method","","[38052776]"
180434,"180434.92","Morganella morganii subsp. morganii JBABAIF-19-0010","cefotetan","","2","","2","mg/L","MIC","","","Beckman Coulter Inc","CLSI",2021,"","","","Laboratory Method","","[38052776]"
180434,"180434.121","Morganella morganii subsp. morganii JBDEABG-19-0366","piperacillin","","64","","64","mg/L","MIC","","","Beckman Coulter Inc","CLSI",2021,"","","","Laboratory Method","","[38052776]"
180434,"180434.93","Morganella morganii subsp. morganii JBABAIF-19-0031","tigecycline","","2","","2","mg/L","MIC","","","Beckman Coulter Inc","CLSI",2021,"","","","Laboratory Method","","[38052776]"
180434,"180434.107","Morganella morganii subsp. morganii JBCDAFI-19-0024","piperacillin","","<=4","<=","4","mg/L","MIC","","","Beckman Coulter Inc","CLSI",2021,"","","","Laboratory Method","","[38052776]"
180434,"180434.90","Morganella morganii subsp. morganii JBABAHA-19-0024","amikacin","","<=4","<=","4","mg/L","MIC","","","Beckman Coulter Inc","CLSI",2021,"","","","Laboratory Method","","[38052776]"
180434,"180434.121","Morganella morganii subsp. morganii JBDEABG-19-0366","levofloxacin","","<=0.5","<=","0.5","mg/L","MIC","","","Beckman Coulter Inc","CLSI",2021,"","","","Laboratory Method","","[38052776]"
180434,"180434.125","Morganella morganii subsp. morganii JBDGAAB-19-0069","ceftazidime/clavulanic acid","","4","","4","mg/L","MIC","","","Beckman Coulter Inc","CLSI",2021,"","","","Laboratory Method","","[38052776]"
180434,"180434.113","Morganella morganii subsp. morganii JBCHACG-19-0244","imipenem","","2","","2","mg/L","MIC","","","Beckman Coulter Inc","CLSI",2021,"","","","Laboratory Method","","[38052776]"
180434,"180434.107","Morganella morganii subsp. morganii JBCDAFI-19-0024","trimethoprim/sulfamethoxazole","","<=1/19","<=","1/19","mg/L","MIC","","","Beckman Coulter Inc","CLSI",2021,"","","","Laboratory Method","","[38052776]"
180434,"180434.108","Morganella morganii subsp. morganii JBCDAFI-19-0021","doripenem","","<=0.5","<=","0.5","mg/L","MIC","","","Beckman Coulter Inc","CLSI",2021,"","","","Laboratory Method","","[38052776]"
180434,"180434.105","Morganella morganii subsp. morganii JBCDAFI-19-0031","cefmetazole","","4","","4","mg/L","MIC","","","Beckman Coulter Inc","CLSI",2021,"","","","Laboratory Method","","[38052776]"
180434,"180434.120","Morganella morganii subsp. morganii JBDEABG-19-0196","ampicillin/sulbactam","","32/16","","32/16","mg/L","MIC","","","Beckman Coulter Inc","CLSI",2021,"","","","Laboratory Method","","[38052776]"
180434,"180434.102","Morganella morganii subsp. morganii JBCDAFI-19-0010","imipenem","","4","","4","mg/L","MIC","","","Beckman Coulter Inc","CLSI",2021,"","","","Laboratory Method","","[38052776]"
180434,"180434.107","Morganella morganii subsp. morganii JBCDAFI-19-0024","cefozopran","","<=1","<=","1","mg/L","MIC","","","Beckman Coulter Inc","CLSI",2021,"","","","Laboratory Method","","[38052776]"
180434,"180434.127","Morganella morganii subsp. morganii JBCBAAC-19-0071","imipenem","","4","","4","mg/L","MIC","","","Beckman Coulter Inc","CLSI",2021,"","","","Laboratory Method","","[38052776]"
180434,"180434.99","Morganella morganii subsp. morganii JBCBAAC-19-0019","amikacin","","<=4","<=","4","mg/L","MIC","","","Beckman Coulter Inc","CLSI",2021,"","","","Laboratory Method","","[38052776]"
180434,"180434.123","Morganella morganii subsp. morganii JBDEABG-19-0370","piperacillin","",">64",">","64","mg/L","MIC","","","Beckman Coulter Inc","CLSI",2021,"","","","Laboratory Method","","[38052776]"
180434,"180434.94","Morganella morganii subsp. morganii JBABAIF-19-0033","aztreonam","","<=1","<=","1","mg/L","MIC","","","Beckman Coulter Inc","CLSI",2021,"","","","Laboratory Method","","[38052776]"
180434,"180434.124","Morganella morganii subsp. morganii JBDGAAB-19-0042","levofloxacin","","4","","4","mg/L","MIC","","","Beckman Coulter Inc","CLSI",2021,"","","","Laboratory Method","","[38052776]"
180434,"180434.97","Morganella morganii subsp. morganii JBAGAAD-19-0041","cefpodoxime","",">64",">","64","mg/L","MIC","","","Beckman Coulter Inc","CLSI",2021,"","","","Laboratory Method","","[38052776]"
180434,"180434.111","Morganella morganii subsp. morganii JBCHACG-19-0210","imipenem","","4","","4","mg/L","MIC","","","Beckman Coulter Inc","CLSI",2021,"","","","Laboratory Method","","[38052776]"
180434,"180434.109","Morganella morganii subsp. morganii JBCHAAB-19-0057","cefepime","","<=1","<=","1","mg/L","MIC","","","Beckman Coulter Inc","CLSI",2021,"","","","Laboratory Method","","[38052776]"
180434,"180434.106","Morganella morganii subsp. morganii JBCDAFI-19-0033","ceftazidime","","<=1","<=","1","mg/L","MIC","","","Beckman Coulter Inc","CLSI",2021,"","","","Laboratory Method","","[38052776]"
180434,"180434.118","Morganella morganii subsp. morganii JBCHACG-19-0407","amikacin","","8","","8","mg/L","MIC","","","Beckman Coulter Inc","CLSI",2021,"","","","Laboratory Method","","[38052776]"
180434,"180434.125","Morganella morganii subsp. morganii JBDGAAB-19-0069","imipenem","","4","","4","mg/L","MIC","","","Beckman Coulter Inc","CLSI",2021,"","","","Laboratory Method","","[38052776]"
180434,"180434.131","Morganella morganii subsp. morganii JBEAAAD-19-0164","cefotaxime","","32","","32","mg/L","MIC","","","Beckman Coulter Inc","CLSI",2021,"","","","Laboratory Method","","[38052776]"
180434,"180434.108","Morganella morganii subsp. morganii JBCDAFI-19-0021","aztreonam","","<=1","<=","1","mg/L","MIC","","","Beckman Coulter Inc","CLSI",2021,"","","","Laboratory Method","","[38052776]"
180434,"180434.117","Morganella morganii subsp. morganii JBCHACG-19-0294","piperacillin/tazobactam","","<=4","<=","4","mg/L","MIC","","","Beckman Coulter Inc","CLSI",2021,"","","","Laboratory Method","","[38052776]"
180434,"180434.125","Morganella morganii subsp. morganii JBDGAAB-19-0069","levofloxacin","","<=0.5","<=","0.5","mg/L","MIC","","","Beckman Coulter Inc","CLSI",2021,"","","","Laboratory Method","","[38052776]"
180434,"180434.104","Morganella morganii subsp. morganii JBCDAFI-19-0045","aztreonam","","<=1","<=","1","mg/L","MIC","","","Beckman Coulter Inc","CLSI",2021,"","","","Laboratory Method","","[38052776]"
180434,"180434.97","Morganella morganii subsp. morganii JBAGAAD-19-0041","levofloxacin","","<=0.5","<=","0.5","mg/L","MIC","","","Beckman Coulter Inc","CLSI",2021,"","","","Laboratory Method","","[38052776]"
180434,"180434.104","Morganella morganii subsp. morganii JBCDAFI-19-0045","cefpodoxime","","64","","64","mg/L","MIC","","","Beckman Coulter Inc","CLSI",2021,"","","","Laboratory Method","","[38052776]"
180434,"180434.126","Morganella morganii subsp. morganii JBDGAAB-19-0096","cefmetazole","","4","","4","mg/L","MIC","","","Beckman Coulter Inc","CLSI",2021,"","","","Laboratory Method","","[38052776]"
180434,"180434.117","Morganella morganii subsp. morganii JBCHACG-19-0294","fosfomycin","",">16",">","16","mg/L","MIC","","","Beckman Coulter Inc","CLSI",2021,"","","","Laboratory Method","","[38052776]"
180434,"180434.118","Morganella morganii subsp. morganii JBCHACG-19-0407","tobramycin","","4","","4","mg/L","MIC","","","Beckman Coulter Inc","CLSI",2021,"","","","Laboratory Method","","[38052776]"
180434,"180434.115","Morganella morganii subsp. morganii JBCHACG-19-0281","cefotaxime/clavulanic acid","",">32",">","32","mg/L","MIC","","","Beckman Coulter Inc","CLSI",2021,"","","","Laboratory Method","","[38052776]"
180434,"180434.119","Morganella morganii subsp. morganii JBCHACG-19-0477","trimethoprim/sulfamethoxazole","","<=1/19","<=","1/19","mg/L","MIC","","","Beckman Coulter Inc","CLSI",2021,"","","","Laboratory Method","","[38052776]"
180434,"180434.116","Morganella morganii subsp. morganii JBCHACG-19-0278","amikacin","","<=4","<=","4","mg/L","MIC","","","Beckman Coulter Inc","CLSI",2021,"","","","Laboratory Method","","[38052776]"
180434,"180434.121","Morganella morganii subsp. morganii JBDEABG-19-0366","tobramycin","","8","","8","mg/L","MIC","","","Beckman Coulter Inc","CLSI",2021,"","","","Laboratory Method","","[38052776]"
180434,"180434.128","Morganella morganii subsp. morganii JBDGAAB-19-0043","fosfomycin","",">16",">","16","mg/L","MIC","","","Beckman Coulter Inc","CLSI",2021,"","","","Laboratory Method","","[38052776]"
180434,"180434.97","Morganella morganii subsp. morganii JBAGAAD-19-0041","ciprofloxacin","","<=0.25","<=","0.25","mg/L","MIC","","","Beckman Coulter Inc","CLSI",2021,"","","","Laboratory Method","","[38052776]"
180434,"180434.92","Morganella morganii subsp. morganii JBABAIF-19-0010","piperacillin/tazobactam","","<=4","<=","4","mg/L","MIC","","","Beckman Coulter Inc","CLSI",2021,"","","","Laboratory Method","","[38052776]"
180434,"180434.103","Morganella morganii subsp. morganii JBCDAFI-19-0007","ampicillin/sulbactam","","8/4","","8/4","mg/L","MIC","","","Beckman Coulter Inc","CLSI",2021,"","","","Laboratory Method","","[38052776]"
180434,"180434.90","Morganella morganii subsp. morganii JBABAHA-19-0024","tobramycin","","<=1","<=","1","mg/L","MIC","","","Beckman Coulter Inc","CLSI",2021,"","","","Laboratory Method","","[38052776]"
180434,"180434.131","Morganella morganii subsp. morganii JBEAAAD-19-0164","tobramycin","","<=1","<=","1","mg/L","MIC","","","Beckman Coulter Inc","CLSI",2021,"","","","Laboratory Method","","[38052776]"
180434,"180434.108","Morganella morganii subsp. morganii JBCDAFI-19-0021","tobramycin","","<=1","<=","1","mg/L","MIC","","","Beckman Coulter Inc","CLSI",2021,"","","","Laboratory Method","","[38052776]"
180434,"180434.118","Morganella morganii subsp. morganii JBCHACG-19-0407","gentamicin","","8","","8","mg/L","MIC","","","Beckman Coulter Inc","CLSI",2021,"","","","Laboratory Method","","[38052776]"
180434,"180434.90","Morganella morganii subsp. morganii JBABAHA-19-0024","ciprofloxacin","","<=0.25","<=","0.25","mg/L","MIC","","","Beckman Coulter Inc","CLSI",2021,"","","","Laboratory Method","","[38052776]"
180434,"180434.124","Morganella morganii subsp. morganii JBDGAAB-19-0042","fosfomycin","",">16",">","16","mg/L","MIC","","","Beckman Coulter Inc","CLSI",2021,"","","","Laboratory Method","","[38052776]"
180434,"180434.93","Morganella morganii subsp. morganii JBABAIF-19-0031","ampicillin/sulbactam","","32/16","","32/16","mg/L","MIC","","","Beckman Coulter Inc","CLSI",2021,"","","","Laboratory Method","","[38052776]"
180434,"180434.122","Morganella morganii subsp. morganii JBDEABG-19-0368","aztreonam","","<=1","<=","1","mg/L","MIC","","","Beckman Coulter Inc","CLSI",2021,"","","","Laboratory Method","","[38052776]"
180434,"180434.114","Morganella morganii subsp. morganii JBCHACG-19-0262","ciprofloxacin","","<=0.25","<=","0.25","mg/L","MIC","","","Beckman Coulter Inc","CLSI",2021,"","","","Laboratory Method","","[38052776]"
180434,"180434.95","Morganella morganii subsp. morganii JBAFAAB-19-0019","cefoperazone/sulbactam","","<=8/4","<=","8/4","mg/L","MIC","","","Beckman Coulter Inc","CLSI",2021,"","","","Laboratory Method","","[38052776]"
180434,"180434.107","Morganella morganii subsp. morganii JBCDAFI-19-0024","tobramycin","","<=1","<=","1","mg/L","MIC","","","Beckman Coulter Inc","CLSI",2021,"","","","Laboratory Method","","[38052776]"
180434,"180434.126","Morganella morganii subsp. morganii JBDGAAB-19-0096","cefozopran","","<=1","<=","1","mg/L","MIC","","","Beckman Coulter Inc","CLSI",2021,"","","","Laboratory Method","","[38052776]"
180434,"180434.124","Morganella morganii subsp. morganii JBDGAAB-19-0042","ceftriaxone","","2","","2","mg/L","MIC","","","Beckman Coulter Inc","CLSI",2021,"","","","Laboratory Method","","[38052776]"
180434,"180434.122","Morganella morganii subsp. morganii JBDEABG-19-0368","minocycline","","2","","2","mg/L","MIC","","","Beckman Coulter Inc","CLSI",2021,"","","","Laboratory Method","","[38052776]"
180434,"180434.98","Morganella morganii subsp. morganii JBAGAAD-19-0139","cefotaxime","","4","","4","mg/L","MIC","","","Beckman Coulter Inc","CLSI",2021,"","","","Laboratory Method","","[38052776]"
180434,"180434.118","Morganella morganii subsp. morganii JBCHACG-19-0407","cefotaxime","","4","","4","mg/L","MIC","","","Beckman Coulter Inc","CLSI",2021,"","","","Laboratory Method","","[38052776]"
180434,"180434.118","Morganella morganii subsp. morganii JBCHACG-19-0407","doripenem","","<=0.5","<=","0.5","mg/L","MIC","","","Beckman Coulter Inc","CLSI",2021,"","","","Laboratory Method","","[38052776]"
180434,"180434.101","Morganella morganii subsp. morganii JBCBAAC-19-0077","fosfomycin","",">16",">","16","mg/L","MIC","","","Beckman Coulter Inc","CLSI",2021,"","","","Laboratory Method","","[38052776]"
180434,"180434.110","Morganella morganii subsp. morganii JBCHACG-19-0354","trimethoprim/sulfamethoxazole","",">2/38",">","2/38","mg/L","MIC","","","Beckman Coulter Inc","CLSI",2021,"","","","Laboratory Method","","[38052776]"
180434,"180434.120","Morganella morganii subsp. morganii JBDEABG-19-0196","cefotetan","","8","","8","mg/L","MIC","","","Beckman Coulter Inc","CLSI",2021,"","","","Laboratory Method","","[38052776]"
180434,"180434.118","Morganella morganii subsp. morganii JBCHACG-19-0407","ciprofloxacin","","<=0.25","<=","0.25","mg/L","MIC","","","Beckman Coulter Inc","CLSI",2021,"","","","Laboratory Method","","[38052776]"
180434,"180434.128","Morganella morganii subsp. morganii JBDGAAB-19-0043","cefoperazone/sulbactam","","<=8/4","<=","8/4","mg/L","MIC","","","Beckman Coulter Inc","CLSI",2021,"","","","Laboratory Method","","[38052776]"
180434,"180434.120","Morganella morganii subsp. morganii JBDEABG-19-0196","levofloxacin","",">8",">","8","mg/L","MIC","","","Beckman Coulter Inc","CLSI",2021,"","","","Laboratory Method","","[38052776]"
180434,"180434.110","Morganella morganii subsp. morganii JBCHACG-19-0354","ceftazidime","","<=1","<=","1","mg/L","MIC","","","Beckman Coulter Inc","CLSI",2021,"","","","Laboratory Method","","[38052776]"
180434,"180434.109","Morganella morganii subsp. morganii JBCHAAB-19-0057","ciprofloxacin","","<=0.25","<=","0.25","mg/L","MIC","","","Beckman Coulter Inc","CLSI",2021,"","","","Laboratory Method","","[38052776]"
180434,"180434.117","Morganella morganii subsp. morganii JBCHACG-19-0294","piperacillin","",">64",">","64","mg/L","MIC","","","Beckman Coulter Inc","CLSI",2021,"","","","Laboratory Method","","[38052776]"
180434,"180434.102","Morganella morganii subsp. morganii JBCDAFI-19-0010","colistin","",">8",">","8","mg/L","MIC","","","Beckman Coulter Inc","CLSI",2021,"","","","Laboratory Method","","[38052776]"
180434,"180434.119","Morganella morganii subsp. morganii JBCHACG-19-0477","tigecycline","","2","","2","mg/L","MIC","","","Beckman Coulter Inc","CLSI",2021,"","","","Laboratory Method","","[38052776]"
180434,"180434.119","Morganella morganii subsp. morganii JBCHACG-19-0477","ceftriaxone","","1","","1","mg/L","MIC","","","Beckman Coulter Inc","CLSI",2021,"","","","Laboratory Method","","[38052776]"
180434,"180434.104","Morganella morganii subsp. morganii JBCDAFI-19-0045","piperacillin","","16","","16","mg/L","MIC","","","Beckman Coulter Inc","CLSI",2021,"","","","Laboratory Method","","[38052776]"
180434,"180434.96","Morganella morganii subsp. morganii JBAFAAB-19-0038","ciprofloxacin","","<=0.25","<=","0.25","mg/L","MIC","","","Beckman Coulter Inc","CLSI",2021,"","","","Laboratory Method","","[38052776]"
180434,"180434.111","Morganella morganii subsp. morganii JBCHACG-19-0210","piperacillin/tazobactam","","<=4","<=","4","mg/L","MIC","","","Beckman Coulter Inc","CLSI",2021,"","","","Laboratory Method","","[38052776]"
180434,"180434.109","Morganella morganii subsp. morganii JBCHAAB-19-0057","cefotaxime","","16","","16","mg/L","MIC","","","Beckman Coulter Inc","CLSI",2021,"","","","Laboratory Method","","[38052776]"
180434,"180434.93","Morganella morganii subsp. morganii JBABAIF-19-0031","trimethoprim/sulfamethoxazole","","<=1/19","<=","1/19","mg/L","MIC","","","Beckman Coulter Inc","CLSI",2021,"","","","Laboratory Method","","[38052776]"
180434,"180434.131","Morganella morganii subsp. morganii JBEAAAD-19-0164","cefpodoxime","",">64",">","64","mg/L","MIC","","","Beckman Coulter Inc","CLSI",2021,"","","","Laboratory Method","","[38052776]"
180434,"180434.116","Morganella morganii subsp. morganii JBCHACG-19-0278","imipenem","","4","","4","mg/L","MIC","","","Beckman Coulter Inc","CLSI",2021,"","","","Laboratory Method","","[38052776]"
180434,"180434.97","Morganella morganii subsp. morganii JBAGAAD-19-0041","fosfomycin","",">16",">","16","mg/L","MIC","","","Beckman Coulter Inc","CLSI",2021,"","","","Laboratory Method","","[38052776]"
180434,"180434.102","Morganella morganii subsp. morganii JBCDAFI-19-0010","ciprofloxacin","","1","","1","mg/L","MIC","","","Beckman Coulter Inc","CLSI",2021,"","","","Laboratory Method","","[38052776]"
180434,"180434.111","Morganella morganii subsp. morganii JBCHACG-19-0210","fosfomycin","",">16",">","16","mg/L","MIC","","","Beckman Coulter Inc","CLSI",2021,"","","","Laboratory Method","","[38052776]"
180434,"180434.96","Morganella morganii subsp. morganii JBAFAAB-19-0038","cefozopran","",">16",">","16","mg/L","MIC","","","Beckman Coulter Inc","CLSI",2021,"","","","Laboratory Method","","[38052776]"
180434,"180434.101","Morganella morganii subsp. morganii JBCBAAC-19-0077","tigecycline","","4","","4","mg/L","MIC","","","Beckman Coulter Inc","CLSI",2021,"","","","Laboratory Method","","[38052776]"
180434,"180434.107","Morganella morganii subsp. morganii JBCDAFI-19-0024","levofloxacin","","<=0.5","<=","0.5","mg/L","MIC","","","Beckman Coulter Inc","CLSI",2021,"","","","Laboratory Method","","[38052776]"
180434,"180434.93","Morganella morganii subsp. morganii JBABAIF-19-0031","levofloxacin","","<=0.5","<=","0.5","mg/L","MIC","","","Beckman Coulter Inc","CLSI",2021,"","","","Laboratory Method","","[38052776]"
180434,"180434.130","Morganella morganii subsp. morganii JBDGAAB-19-0120","cefpodoxime","","8","","8","mg/L","MIC","","","Beckman Coulter Inc","CLSI",2021,"","","","Laboratory Method","","[38052776]"
180434,"180434.112","Morganella morganii subsp. morganii JBCHACG-19-0213","tobramycin","","<=1","<=","1","mg/L","MIC","","","Beckman Coulter Inc","CLSI",2021,"","","","Laboratory Method","","[38052776]"
180434,"180434.101","Morganella morganii subsp. morganii JBCBAAC-19-0077","trimethoprim/sulfamethoxazole","",">2/38",">","2/38","mg/L","MIC","","","Beckman Coulter Inc","CLSI",2021,"","","","Laboratory Method","","[38052776]"
180434,"180434.117","Morganella morganii subsp. morganii JBCHACG-19-0294","tobramycin","","<=1","<=","1","mg/L","MIC","","","Beckman Coulter Inc","CLSI",2021,"","","","Laboratory Method","","[38052776]"
180434,"180434.91","Morganella morganii subsp. morganii JBABAIF-19-0002","aztreonam","","<=1","<=","1","mg/L","MIC","","","Beckman Coulter Inc","CLSI",2021,"","","","Laboratory Method","","[38052776]"
180434,"180434.106","Morganella morganii subsp. morganii JBCDAFI-19-0033","cefozopran","","<=1","<=","1","mg/L","MIC","","","Beckman Coulter Inc","CLSI",2021,"","","","Laboratory Method","","[38052776]"
180434,"180434.123","Morganella morganii subsp. morganii JBDEABG-19-0370","ceftazidime/clavulanic acid","",">32",">","32","mg/L","MIC","","","Beckman Coulter Inc","CLSI",2021,"","","","Laboratory Method","","[38052776]"
180434,"180434.120","Morganella morganii subsp. morganii JBDEABG-19-0196","cefoperazone/sulbactam","","<=8/4","<=","8/4","mg/L","MIC","","","Beckman Coulter Inc","CLSI",2021,"","","","Laboratory Method","","[38052776]"
180434,"180434.97","Morganella morganii subsp. morganii JBAGAAD-19-0041","minocycline","","2","","2","mg/L","MIC","","","Beckman Coulter Inc","CLSI",2021,"","","","Laboratory Method","","[38052776]"
180434,"180434.108","Morganella morganii subsp. morganii JBCDAFI-19-0021","colistin","",">8",">","8","mg/L","MIC","","","Beckman Coulter Inc","CLSI",2021,"","","","Laboratory Method","","[38052776]"
180434,"180434.124","Morganella morganii subsp. morganii JBDGAAB-19-0042","imipenem","","2","","2","mg/L","MIC","","","Beckman Coulter Inc","CLSI",2021,"","","","Laboratory Method","","[38052776]"
180434,"180434.108","Morganella morganii subsp. morganii JBCDAFI-19-0021","cefotaxime/clavulanic acid","","2","","2","mg/L","MIC","","","Beckman Coulter Inc","CLSI",2021,"","","","Laboratory Method","","[38052776]"
180434,"180434.113","Morganella morganii subsp. morganii JBCHACG-19-0244","ciprofloxacin","","<=0.25","<=","0.25","mg/L","MIC","","","Beckman Coulter Inc","CLSI",2021,"","","","Laboratory Method","","[38052776]"
180434,"180434.128","Morganella morganii subsp. morganii JBDGAAB-19-0043","piperacillin/tazobactam","","<=4","<=","4","mg/L","MIC","","","Beckman Coulter Inc","CLSI",2021,"","","","Laboratory Method","","[38052776]"
180434,"180434.115","Morganella morganii subsp. morganii JBCHACG-19-0281","ampicillin/sulbactam","","32/16","","32/16","mg/L","MIC","","","Beckman Coulter Inc","CLSI",2021,"","","","Laboratory Method","","[38052776]"
180434,"180434.111","Morganella morganii subsp. morganii JBCHACG-19-0210","tobramycin","","<=1","<=","1","mg/L","MIC","","","Beckman Coulter Inc","CLSI",2021,"","","","Laboratory Method","","[38052776]"
180434,"180434.94","Morganella morganii subsp. morganii JBABAIF-19-0033","doripenem","","<=0.5","<=","0.5","mg/L","MIC","","","Beckman Coulter Inc","CLSI",2021,"","","","Laboratory Method","","[38052776]"
180434,"180434.107","Morganella morganii subsp. morganii JBCDAFI-19-0024","ceftriaxone","","<=0.5","<=","0.5","mg/L","MIC","","","Beckman Coulter Inc","CLSI",2021,"","","","Laboratory Method","","[38052776]"
180434,"180434.124","Morganella morganii subsp. morganii JBDGAAB-19-0042","cefotaxime","","4","","4","mg/L","MIC","","","Beckman Coulter Inc","CLSI",2021,"","","","Laboratory Method","","[38052776]"
180434,"180434.125","Morganella morganii subsp. morganii JBDGAAB-19-0069","ceftriaxone","","<=0.5","<=","0.5","mg/L","MIC","","","Beckman Coulter Inc","CLSI",2021,"","","","Laboratory Method","","[38052776]"
180434,"180434.118","Morganella morganii subsp. morganii JBCHACG-19-0407","colistin","",">8",">","8","mg/L","MIC","","","Beckman Coulter Inc","CLSI",2021,"","","","Laboratory Method","","[38052776]"
180434,"180434.108","Morganella morganii subsp. morganii JBCDAFI-19-0021","levofloxacin","","<=0.5","<=","0.5","mg/L","MIC","","","Beckman Coulter Inc","CLSI",2021,"","","","Laboratory Method","","[38052776]"
180434,"180434.122","Morganella morganii subsp. morganii JBDEABG-19-0368","amikacin","","<=4","<=","4","mg/L","MIC","","","Beckman Coulter Inc","CLSI",2021,"","","","Laboratory Method","","[38052776]"
180434,"180434.129","Morganella morganii subsp. morganii JBDGAAB-19-0119","piperacillin","","<=4","<=","4","mg/L","MIC","","","Beckman Coulter Inc","CLSI",2021,"","","","Laboratory Method","","[38052776]"
180434,"180434.129","Morganella morganii subsp. morganii JBDGAAB-19-0119","tobramycin","","2","","2","mg/L","MIC","","","Beckman Coulter Inc","CLSI",2021,"","","","Laboratory Method","","[38052776]"
180434,"180434.131","Morganella morganii subsp. morganii JBEAAAD-19-0164","ceftriaxone","","8","","8","mg/L","MIC","","","Beckman Coulter Inc","CLSI",2021,"","","","Laboratory Method","","[38052776]"
180434,"180434.105","Morganella morganii subsp. morganii JBCDAFI-19-0031","cefozopran","","<=1","<=","1","mg/L","MIC","","","Beckman Coulter Inc","CLSI",2021,"","","","Laboratory Method","","[38052776]"
180434,"180434.100","Morganella morganii subsp. morganii JBCBAAC-19-0070","trimethoprim/sulfamethoxazole","",">2/38",">","2/38","mg/L","MIC","","","Beckman Coulter Inc","CLSI",2021,"","","","Laboratory Method","","[38052776]"
180434,"180434.118","Morganella morganii subsp. morganii JBCHACG-19-0407","cefuroxime","","8","","8","mg/L","MIC","","","Beckman Coulter Inc","CLSI",2021,"","","","Laboratory Method","","[38052776]"
180434,"180434.110","Morganella morganii subsp. morganii JBCHACG-19-0354","ciprofloxacin","","<=0.25","<=","0.25","mg/L","MIC","","","Beckman Coulter Inc","CLSI",2021,"","","","Laboratory Method","","[38052776]"
180434,"180434.124","Morganella morganii subsp. morganii JBDGAAB-19-0042","trimethoprim/sulfamethoxazole","",">2/38",">","2/38","mg/L","MIC","","","Beckman Coulter Inc","CLSI",2021,"","","","Laboratory Method","","[38052776]"
180434,"180434.129","Morganella morganii subsp. morganii JBDGAAB-19-0119","cefoperazone/sulbactam","","<=8/4","<=","8/4","mg/L","MIC","","","Beckman Coulter Inc","CLSI",2021,"","","","Laboratory Method","","[38052776]"
180434,"180434.97","Morganella morganii subsp. morganii JBAGAAD-19-0041","ceftazidime/clavulanic acid","","16","","16","mg/L","MIC","","","Beckman Coulter Inc","CLSI",2021,"","","","Laboratory Method","","[38052776]"
180434,"180434.122","Morganella morganii subsp. morganii JBDEABG-19-0368","meropenem","","<=0.5","<=","0.5","mg/L","MIC","","","Beckman Coulter Inc","CLSI",2021,"","","","Laboratory Method","","[38052776]"
180434,"180434.119","Morganella morganii subsp. morganii JBCHACG-19-0477","ciprofloxacin","","<=0.25","<=","0.25","mg/L","MIC","","","Beckman Coulter Inc","CLSI",2021,"","","","Laboratory Method","","[38052776]"
180434,"180434.112","Morganella morganii subsp. morganii JBCHACG-19-0213","trimethoprim/sulfamethoxazole","","<=1/19","<=","1/19","mg/L","MIC","","","Beckman Coulter Inc","CLSI",2021,"","","","Laboratory Method","","[38052776]"
180434,"180434.105","Morganella morganii subsp. morganii JBCDAFI-19-0031","meropenem","","<=0.5","<=","0.5","mg/L","MIC","","","Beckman Coulter Inc","CLSI",2021,"","","","Laboratory Method","","[38052776]"
180434,"180434.112","Morganella morganii subsp. morganii JBCHACG-19-0213","cefuroxime","","8","","8","mg/L","MIC","","","Beckman Coulter Inc","CLSI",2021,"","","","Laboratory Method","","[38052776]"
180434,"180434.119","Morganella morganii subsp. morganii JBCHACG-19-0477","cefotaxime","","4","","4","mg/L","MIC","","","Beckman Coulter Inc","CLSI",2021,"","","","Laboratory Method","","[38052776]"
180434,"180434.97","Morganella morganii subsp. morganii JBAGAAD-19-0041","aztreonam","","2","","2","mg/L","MIC","","","Beckman Coulter Inc","CLSI",2021,"","","","Laboratory Method","","[38052776]"
180434,"180434.105","Morganella morganii subsp. morganii JBCDAFI-19-0031","chloramphenicol","",">16",">","16","mg/L","MIC","","","Beckman Coulter Inc","CLSI",2021,"","","","Laboratory Method","","[38052776]"
180434,"180434.131","Morganella morganii subsp. morganii JBEAAAD-19-0164","amikacin","","<=4","<=","4","mg/L","MIC","","","Beckman Coulter Inc","CLSI",2021,"","","","Laboratory Method","","[38052776]"
180434,"180434.118","Morganella morganii subsp. morganii JBCHACG-19-0407","ampicillin/sulbactam","","32/16","","32/16","mg/L","MIC","","","Beckman Coulter Inc","CLSI",2021,"","","","Laboratory Method","","[38052776]"
180434,"180434.127","Morganella morganii subsp. morganii JBCBAAC-19-0071","cefotaxime","","4","","4","mg/L","MIC","","","Beckman Coulter Inc","CLSI",2021,"","","","Laboratory Method","","[38052776]"
180434,"180434.118","Morganella morganii subsp. morganii JBCHACG-19-0407","levofloxacin","","<=0.5","<=","0.5","mg/L","MIC","","","Beckman Coulter Inc","CLSI",2021,"","","","Laboratory Method","","[38052776]"
180434,"180434.131","Morganella morganii subsp. morganii JBEAAAD-19-0164","doripenem","","<=0.5","<=","0.5","mg/L","MIC","","","Beckman Coulter Inc","CLSI",2021,"","","","Laboratory Method","","[38052776]"
180434,"180434.127","Morganella morganii subsp. morganii JBCBAAC-19-0071","cefotaxime/clavulanic acid","","16","","16","mg/L","MIC","","","Beckman Coulter Inc","CLSI",2021,"","","","Laboratory Method","","[38052776]"
180434,"180434.119","Morganella morganii subsp. morganii JBCHACG-19-0477","fosfomycin","",">16",">","16","mg/L","MIC","","","Beckman Coulter Inc","CLSI",2021,"","","","Laboratory Method","","[38052776]"
180434,"180434.126","Morganella morganii subsp. morganii JBDGAAB-19-0096","cefotaxime","","2","","2","mg/L","MIC","","","Beckman Coulter Inc","CLSI",2021,"","","","Laboratory Method","","[38052776]"
180434,"180434.116","Morganella morganii subsp. morganii JBCHACG-19-0278","cefotaxime/clavulanic acid","","4","","4","mg/L","MIC","","","Beckman Coulter Inc","CLSI",2021,"","","","Laboratory Method","","[38052776]"
180434,"180434.120","Morganella morganii subsp. morganii JBDEABG-19-0196","cefuroxime","","16","","16","mg/L","MIC","","","Beckman Coulter Inc","CLSI",2021,"","","","Laboratory Method","","[38052776]"
180434,"180434.119","Morganella morganii subsp. morganii JBCHACG-19-0477","cefotetan","","2","","2","mg/L","MIC","","","Beckman Coulter Inc","CLSI",2021,"","","","Laboratory Method","","[38052776]"
180434,"180434.92","Morganella morganii subsp. morganii JBABAIF-19-0010","doripenem","","<=0.5","<=","0.5","mg/L","MIC","","","Beckman Coulter Inc","CLSI",2021,"","","","Laboratory Method","","[38052776]"
180434,"180434.93","Morganella morganii subsp. morganii JBABAIF-19-0031","gentamicin","","<=1","<=","1","mg/L","MIC","","","Beckman Coulter Inc","CLSI",2021,"","","","Laboratory Method","","[38052776]"
180434,"180434.93","Morganella morganii subsp. morganii JBABAIF-19-0031","ciprofloxacin","","<=0.25","<=","0.25","mg/L","MIC","","","Beckman Coulter Inc","CLSI",2021,"","","","Laboratory Method","","[38052776]"
180434,"180434.123","Morganella morganii subsp. morganii JBDEABG-19-0370","tigecycline","",">4",">","4","mg/L","MIC","","","Beckman Coulter Inc","CLSI",2021,"","","","Laboratory Method","","[38052776]"
180434,"180434.107","Morganella morganii subsp. morganii JBCDAFI-19-0024","meropenem","","<=0.5","<=","0.5","mg/L","MIC","","","Beckman Coulter Inc","CLSI",2021,"","","","Laboratory Method","","[38052776]"
180434,"180434.101","Morganella morganii subsp. morganii JBCBAAC-19-0077","ceftazidime","","<=1","<=","1","mg/L","MIC","","","Beckman Coulter Inc","CLSI",2021,"","","","Laboratory Method","","[38052776]"
180434,"180434.109","Morganella morganii subsp. morganii JBCHAAB-19-0057","cefotaxime/clavulanic acid","","16","","16","mg/L","MIC","","","Beckman Coulter Inc","CLSI",2021,"","","","Laboratory Method","","[38052776]"
180434,"180434.95","Morganella morganii subsp. morganii JBAFAAB-19-0019","levofloxacin","","<=0.5","<=","0.5","mg/L","MIC","","","Beckman Coulter Inc","CLSI",2021,"","","","Laboratory Method","","[38052776]"
180434,"180434.105","Morganella morganii subsp. morganii JBCDAFI-19-0031","cefoperazone/sulbactam","","<=8/4","<=","8/4","mg/L","MIC","","","Beckman Coulter Inc","CLSI",2021,"","","","Laboratory Method","","[38052776]"
180434,"180434.126","Morganella morganii subsp. morganii JBDGAAB-19-0096","cefoperazone/sulbactam","","<=8/4","<=","8/4","mg/L","MIC","","","Beckman Coulter Inc","CLSI",2021,"","","","Laboratory Method","","[38052776]"
180434,"180434.92","Morganella morganii subsp. morganii JBABAIF-19-0010","cefoperazone/sulbactam","","<=8/4","<=","8/4","mg/L","MIC","","","Beckman Coulter Inc","CLSI",2021,"","","","Laboratory Method","","[38052776]"
180434,"180434.121","Morganella morganii subsp. morganii JBDEABG-19-0366","chloramphenicol","","<=8","<=","8","mg/L","MIC","","","Beckman Coulter Inc","CLSI",2021,"","","","Laboratory Method","","[38052776]"
180434,"180434.106","Morganella morganii subsp. morganii JBCDAFI-19-0033","amikacin","","<=4","<=","4","mg/L","MIC","","","Beckman Coulter Inc","CLSI",2021,"","","","Laboratory Method","","[38052776]"
180434,"180434.129","Morganella morganii subsp. morganii JBDGAAB-19-0119","ceftazidime/clavulanic acid","","4","","4","mg/L","MIC","","","Beckman Coulter Inc","CLSI",2021,"","","","Laboratory Method","","[38052776]"
180434,"180434.114","Morganella morganii subsp. morganii JBCHACG-19-0262","cefozopran","","<=1","<=","1","mg/L","MIC","","","Beckman Coulter Inc","CLSI",2021,"","","","Laboratory Method","","[38052776]"
180434,"180434.90","Morganella morganii subsp. morganii JBABAHA-19-0024","chloramphenicol","","<=8","<=","8","mg/L","MIC","","","Beckman Coulter Inc","CLSI",2021,"","","","Laboratory Method","","[38052776]"
180434,"180434.106","Morganella morganii subsp. morganii JBCDAFI-19-0033","cefmetazole","","4","","4","mg/L","MIC","","","Beckman Coulter Inc","CLSI",2021,"","","","Laboratory Method","","[38052776]"
180434,"180434.129","Morganella morganii subsp. morganii JBDGAAB-19-0119","cefozopran","","<=1","<=","1","mg/L","MIC","","","Beckman Coulter Inc","CLSI",2021,"","","","Laboratory Method","","[38052776]"
180434,"180434.110","Morganella morganii subsp. morganii JBCHACG-19-0354","cefotaxime","","1","","1","mg/L","MIC","","","Beckman Coulter Inc","CLSI",2021,"","","","Laboratory Method","","[38052776]"
180434,"180434.91","Morganella morganii subsp. morganii JBABAIF-19-0002","ciprofloxacin","","<=0.25","<=","0.25","mg/L","MIC","","","Beckman Coulter Inc","CLSI",2021,"","","","Laboratory Method","","[38052776]"
180434,"180434.107","Morganella morganii subsp. morganii JBCDAFI-19-0024","cefmetazole","","4","","4","mg/L","MIC","","","Beckman Coulter Inc","CLSI",2021,"","","","Laboratory Method","","[38052776]"
180434,"180434.95","Morganella morganii subsp. morganii JBAFAAB-19-0019","ciprofloxacin","","<=0.25","<=","0.25","mg/L","MIC","","","Beckman Coulter Inc","CLSI",2021,"","","","Laboratory Method","","[38052776]"
180434,"180434.99","Morganella morganii subsp. morganii JBCBAAC-19-0019","cefozopran","","<=1","<=","1","mg/L","MIC","","","Beckman Coulter Inc","CLSI",2021,"","","","Laboratory Method","","[38052776]"
180434,"180434.108","Morganella morganii subsp. morganii JBCDAFI-19-0021","ceftazidime/clavulanic acid","","2","","2","mg/L","MIC","","","Beckman Coulter Inc","CLSI",2021,"","","","Laboratory Method","","[38052776]"
180434,"180434.131","Morganella morganii subsp. morganii JBEAAAD-19-0164","meropenem","","<=0.5","<=","0.5","mg/L","MIC","","","Beckman Coulter Inc","CLSI",2021,"","","","Laboratory Method","","[38052776]"
180434,"180434.122","Morganella morganii subsp. morganii JBDEABG-19-0368","cefoperazone/sulbactam","","<=8/4","<=","8/4","mg/L","MIC","","","Beckman Coulter Inc","CLSI",2021,"","","","Laboratory Method","","[38052776]"
180434,"180434.103","Morganella morganii subsp. morganii JBCDAFI-19-0007","colistin","",">8",">","8","mg/L","MIC","","","Beckman Coulter Inc","CLSI",2021,"","","","Laboratory Method","","[38052776]"
180434,"180434.95","Morganella morganii subsp. morganii JBAFAAB-19-0019","ampicillin/sulbactam","",">32/16",">","32/16","mg/L","MIC","","","Beckman Coulter Inc","CLSI",2021,"","","","Laboratory Method","","[38052776]"
180434,"180434.127","Morganella morganii subsp. morganii JBCBAAC-19-0071","piperacillin","","<=4","<=","4","mg/L","MIC","","","Beckman Coulter Inc","CLSI",2021,"","","","Laboratory Method","","[38052776]"
180434,"180434.100","Morganella morganii subsp. morganii JBCBAAC-19-0070","levofloxacin","","<=0.5","<=","0.5","mg/L","MIC","","","Beckman Coulter Inc","CLSI",2021,"","","","Laboratory Method","","[38052776]"
180434,"180434.110","Morganella morganii subsp. morganii JBCHACG-19-0354","colistin","",">8",">","8","mg/L","MIC","","","Beckman Coulter Inc","CLSI",2021,"","","","Laboratory Method","","[38052776]"
180434,"180434.94","Morganella morganii subsp. morganii JBABAIF-19-0033","ceftazidime","","<=1","<=","1","mg/L","MIC","","","Beckman Coulter Inc","CLSI",2021,"","","","Laboratory Method","","[38052776]"
180434,"180434.97","Morganella morganii subsp. morganii JBAGAAD-19-0041","cefotaxime/clavulanic acid","",">32",">","32","mg/L","MIC","","","Beckman Coulter Inc","CLSI",2021,"","","","Laboratory Method","","[38052776]"
180434,"180434.104","Morganella morganii subsp. morganii JBCDAFI-19-0045","cefotaxime","","4","","4","mg/L","MIC","","","Beckman Coulter Inc","CLSI",2021,"","","","Laboratory Method","","[38052776]"
180434,"180434.127","Morganella morganii subsp. morganii JBCBAAC-19-0071","chloramphenicol","","<=8","<=","8","mg/L","MIC","","","Beckman Coulter Inc","CLSI",2021,"","","","Laboratory Method","","[38052776]"
180434,"180434.99","Morganella morganii subsp. morganii JBCBAAC-19-0019","fosfomycin","","16","","16","mg/L","MIC","","","Beckman Coulter Inc","CLSI",2021,"","","","Laboratory Method","","[38052776]"
180434,"180434.109","Morganella morganii subsp. morganii JBCHAAB-19-0057","ceftazidime","","4","","4","mg/L","MIC","","","Beckman Coulter Inc","CLSI",2021,"","","","Laboratory Method","","[38052776]"
180434,"180434.104","Morganella morganii subsp. morganii JBCDAFI-19-0045","cefepime","","<=1","<=","1","mg/L","MIC","","","Beckman Coulter Inc","CLSI",2021,"","","","Laboratory Method","","[38052776]"
180434,"180434.116","Morganella morganii subsp. morganii JBCHACG-19-0278","cefepime","","<=1","<=","1","mg/L","MIC","","","Beckman Coulter Inc","CLSI",2021,"","","","Laboratory Method","","[38052776]"
180434,"180434.130","Morganella morganii subsp. morganii JBDGAAB-19-0120","tigecycline","","1","","1","mg/L","MIC","","","Beckman Coulter Inc","CLSI",2021,"","","","Laboratory Method","","[38052776]"
180434,"180434.130","Morganella morganii subsp. morganii JBDGAAB-19-0120","cefotetan","","<=1","<=","1","mg/L","MIC","","","Beckman Coulter Inc","CLSI",2021,"","","","Laboratory Method","","[38052776]"
180434,"180434.107","Morganella morganii subsp. morganii JBCDAFI-19-0024","ampicillin/sulbactam","","16/8","","16/8","mg/L","MIC","","","Beckman Coulter Inc","CLSI",2021,"","","","Laboratory Method","","[38052776]"
180434,"180434.116","Morganella morganii subsp. morganii JBCHACG-19-0278","tobramycin","","<=1","<=","1","mg/L","MIC","","","Beckman Coulter Inc","CLSI",2021,"","","","Laboratory Method","","[38052776]"
180434,"180434.106","Morganella morganii subsp. morganii JBCDAFI-19-0033","imipenem","","2","","2","mg/L","MIC","","","Beckman Coulter Inc","CLSI",2021,"","","","Laboratory Method","","[38052776]"
180434,"180434.109","Morganella morganii subsp. morganii JBCHAAB-19-0057","chloramphenicol","","<=8","<=","8","mg/L","MIC","","","Beckman Coulter Inc","CLSI",2021,"","","","Laboratory Method","","[38052776]"
180434,"180434.92","Morganella morganii subsp. morganii JBABAIF-19-0010","amikacin","","<=4","<=","4","mg/L","MIC","","","Beckman Coulter Inc","CLSI",2021,"","","","Laboratory Method","","[38052776]"
180434,"180434.110","Morganella morganii subsp. morganii JBCHACG-19-0354","fosfomycin","",">16",">","16","mg/L","MIC","","","Beckman Coulter Inc","CLSI",2021,"","","","Laboratory Method","","[38052776]"
180434,"180434.110","Morganella morganii subsp. morganii JBCHACG-19-0354","cefotetan","","2","","2","mg/L","MIC","","","Beckman Coulter Inc","CLSI",2021,"","","","Laboratory Method","","[38052776]"
180434,"180434.96","Morganella morganii subsp. morganii JBAFAAB-19-0038","chloramphenicol","","<=8","<=","8","mg/L","MIC","","","Beckman Coulter Inc","CLSI",2021,"","","","Laboratory Method","","[38052776]"
180434,"180434.107","Morganella morganii subsp. morganii JBCDAFI-19-0024","tigecycline","","2","","2","mg/L","MIC","","","Beckman Coulter Inc","CLSI",2021,"","","","Laboratory Method","","[38052776]"
180434,"180434.130","Morganella morganii subsp. morganii JBDGAAB-19-0120","cefotaxime/clavulanic acid","","2","","2","mg/L","MIC","","","Beckman Coulter Inc","CLSI",2021,"","","","Laboratory Method","","[38052776]"
180434,"180434.128","Morganella morganii subsp. morganii JBDGAAB-19-0043","ceftazidime/clavulanic acid","",">32",">","32","mg/L","MIC","","","Beckman Coulter Inc","CLSI",2021,"","","","Laboratory Method","","[38052776]"
180434,"180434.126","Morganella morganii subsp. morganii JBDGAAB-19-0096","meropenem","","<=0.5","<=","0.5","mg/L","MIC","","","Beckman Coulter Inc","CLSI",2021,"","","","Laboratory Method","","[38052776]"
180434,"180434.124","Morganella morganii subsp. morganii JBDGAAB-19-0042","ampicillin/sulbactam","",">32/16",">","32/16","mg/L","MIC","","","Beckman Coulter Inc","CLSI",2021,"","","","Laboratory Method","","[38052776]"
180434,"180434.120","Morganella morganii subsp. morganii JBDEABG-19-0196","trimethoprim/sulfamethoxazole","","<=1/19","<=","1/19","mg/L","MIC","","","Beckman Coulter Inc","CLSI",2021,"","","","Laboratory Method","","[38052776]"
180434,"180434.93","Morganella morganii subsp. morganii JBABAIF-19-0031","cefotetan","","4","","4","mg/L","MIC","","","Beckman Coulter Inc","CLSI",2021,"","","","Laboratory Method","","[38052776]"
180434,"180434.121","Morganella morganii subsp. morganii JBDEABG-19-0366","cefotaxime","","16","","16","mg/L","MIC","","","Beckman Coulter Inc","CLSI",2021,"","","","Laboratory Method","","[38052776]"
180434,"180434.102","Morganella morganii subsp. morganii JBCDAFI-19-0010","doripenem","","<=0.5","<=","0.5","mg/L","MIC","","","Beckman Coulter Inc","CLSI",2021,"","","","Laboratory Method","","[38052776]"
180434,"180434.115","Morganella morganii subsp. morganii JBCHACG-19-0281","piperacillin","",">64",">","64","mg/L","MIC","","","Beckman Coulter Inc","CLSI",2021,"","","","Laboratory Method","","[38052776]"
180434,"180434.91","Morganella morganii subsp. morganii JBABAIF-19-0002","chloramphenicol","","<=8","<=","8","mg/L","MIC","","","Beckman Coulter Inc","CLSI",2021,"","","","Laboratory Method","","[38052776]"
180434,"180434.96","Morganella morganii subsp. morganii JBAFAAB-19-0038","fosfomycin","",">16",">","16","mg/L","MIC","","","Beckman Coulter Inc","CLSI",2021,"","","","Laboratory Method","","[38052776]"
180434,"180434.124","Morganella morganii subsp. morganii JBDGAAB-19-0042","minocycline","",">8",">","8","mg/L","MIC","","","Beckman Coulter Inc","CLSI",2021,"","","","Laboratory Method","","[38052776]"
180434,"180434.90","Morganella morganii subsp. morganii JBABAHA-19-0024","trimethoprim/sulfamethoxazole","","<=1/19","<=","1/19","mg/L","MIC","","","Beckman Coulter Inc","CLSI",2021,"","","","Laboratory Method","","[38052776]"
180434,"180434.117","Morganella morganii subsp. morganii JBCHACG-19-0294","gentamicin","","<=1","<=","1","mg/L","MIC","","","Beckman Coulter Inc","CLSI",2021,"","","","Laboratory Method","","[38052776]"
180434,"180434.123","Morganella morganii subsp. morganii JBDEABG-19-0370","cefpodoxime","",">64",">","64","mg/L","MIC","","","Beckman Coulter Inc","CLSI",2021,"","","","Laboratory Method","","[38052776]"
180434,"180434.116","Morganella morganii subsp. morganii JBCHACG-19-0278","cefotetan","","2","","2","mg/L","MIC","","","Beckman Coulter Inc","CLSI",2021,"","","","Laboratory Method","","[38052776]"
180434,"180434.102","Morganella morganii subsp. morganii JBCDAFI-19-0010","cefotetan","",">32",">","32","mg/L","MIC","","","Beckman Coulter Inc","CLSI",2021,"","","","Laboratory Method","","[38052776]"
180434,"180434.100","Morganella morganii subsp. morganii JBCBAAC-19-0070","cefotetan","","<=1","<=","1","mg/L","MIC","","","Beckman Coulter Inc","CLSI",2021,"","","","Laboratory Method","","[38052776]"
180434,"180434.128","Morganella morganii subsp. morganii JBDGAAB-19-0043","cefotetan","","32","","32","mg/L","MIC","","","Beckman Coulter Inc","CLSI",2021,"","","","Laboratory Method","","[38052776]"
180434,"180434.131","Morganella morganii subsp. morganii JBEAAAD-19-0164","cefotaxime/clavulanic acid","","8","","8","mg/L","MIC","","","Beckman Coulter Inc","CLSI",2021,"","","","Laboratory Method","","[38052776]"
180434,"180434.123","Morganella morganii subsp. morganii JBDEABG-19-0370","aztreonam","","2","","2","mg/L","MIC","","","Beckman Coulter Inc","CLSI",2021,"","","","Laboratory Method","","[38052776]"
180434,"180434.97","Morganella morganii subsp. morganii JBAGAAD-19-0041","piperacillin/tazobactam","","<=4","<=","4","mg/L","MIC","","","Beckman Coulter Inc","CLSI",2021,"","","","Laboratory Method","","[38052776]"
180434,"180434.90","Morganella morganii subsp. morganii JBABAHA-19-0024","meropenem","","<=0.5","<=","0.5","mg/L","MIC","","","Beckman Coulter Inc","CLSI",2021,"","","","Laboratory Method","","[38052776]"
180434,"180434.117","Morganella morganii subsp. morganii JBCHACG-19-0294","cefotaxime/clavulanic acid","","2","","2","mg/L","MIC","","","Beckman Coulter Inc","CLSI",2021,"","","","Laboratory Method","","[38052776]"
180434,"180434.123","Morganella morganii subsp. morganii JBDEABG-19-0370","gentamicin","","2","","2","mg/L","MIC","","","Beckman Coulter Inc","CLSI",2021,"","","","Laboratory Method","","[38052776]"
180434,"180434.131","Morganella morganii subsp. morganii JBEAAAD-19-0164","cefuroxime","","8","","8","mg/L","MIC","","","Beckman Coulter Inc","CLSI",2021,"","","","Laboratory Method","","[38052776]"
180434,"180434.99","Morganella morganii subsp. morganii JBCBAAC-19-0019","ampicillin/sulbactam","","8/4","","8/4","mg/L","MIC","","","Beckman Coulter Inc","CLSI",2021,"","","","Laboratory Method","","[38052776]"
180434,"180434.107","Morganella morganii subsp. morganii JBCDAFI-19-0024","chloramphenicol","","<=8","<=","8","mg/L","MIC","","","Beckman Coulter Inc","CLSI",2021,"","","","Laboratory Method","","[38052776]"
180434,"180434.126","Morganella morganii subsp. morganii JBDGAAB-19-0096","ampicillin/sulbactam","","32/16","","32/16","mg/L","MIC","","","Beckman Coulter Inc","CLSI",2021,"","","","Laboratory Method","","[38052776]"
180434,"180434.129","Morganella morganii subsp. morganii JBDGAAB-19-0119","cefmetazole","","4","","4","mg/L","MIC","","","Beckman Coulter Inc","CLSI",2021,"","","","Laboratory Method","","[38052776]"
180434,"180434.121","Morganella morganii subsp. morganii JBDEABG-19-0366","ceftriaxone","","4","","4","mg/L","MIC","","","Beckman Coulter Inc","CLSI",2021,"","","","Laboratory Method","","[38052776]"
180434,"180434.130","Morganella morganii subsp. morganii JBDGAAB-19-0120","gentamicin","","2","","2","mg/L","MIC","","","Beckman Coulter Inc","CLSI",2021,"","","","Laboratory Method","","[38052776]"
180434,"180434.110","Morganella morganii subsp. morganii JBCHACG-19-0354","minocycline","",">8",">","8","mg/L","MIC","","","Beckman Coulter Inc","CLSI",2021,"","","","Laboratory Method","","[38052776]"
180434,"180434.96","Morganella morganii subsp. morganii JBAFAAB-19-0038","cefmetazole","","8","","8","mg/L","MIC","","","Beckman Coulter Inc","CLSI",2021,"","","","Laboratory Method","","[38052776]"
180434,"180434.94","Morganella morganii subsp. morganii JBABAIF-19-0033","colistin","",">8",">","8","mg/L","MIC","","","Beckman Coulter Inc","CLSI",2021,"","","","Laboratory Method","","[38052776]"
180434,"180434.129","Morganella morganii subsp. morganii JBDGAAB-19-0119","ciprofloxacin","","<=0.25","<=","0.25","mg/L","MIC","","","Beckman Coulter Inc","CLSI",2021,"","","","Laboratory Method","","[38052776]"
180434,"180434.107","Morganella morganii subsp. morganii JBCDAFI-19-0024","piperacillin/tazobactam","","<=4","<=","4","mg/L","MIC","","","Beckman Coulter Inc","CLSI",2021,"","","","Laboratory Method","","[38052776]"
180434,"180434.103","Morganella morganii subsp. morganii JBCDAFI-19-0007","cefepime","","<=1","<=","1","mg/L","MIC","","","Beckman Coulter Inc","CLSI",2021,"","","","Laboratory Method","","[38052776]"
180434,"180434.116","Morganella morganii subsp. morganii JBCHACG-19-0278","cefoperazone/sulbactam","","<=8/4","<=","8/4","mg/L","MIC","","","Beckman Coulter Inc","CLSI",2021,"","","","Laboratory Method","","[38052776]"
180434,"180434.109","Morganella morganii subsp. morganii JBCHAAB-19-0057","cefuroxime","","16","","16","mg/L","MIC","","","Beckman Coulter Inc","CLSI",2021,"","","","Laboratory Method","","[38052776]"
180434,"180434.105","Morganella morganii subsp. morganii JBCDAFI-19-0031","ceftriaxone","","<=0.5","<=","0.5","mg/L","MIC","","","Beckman Coulter Inc","CLSI",2021,"","","","Laboratory Method","","[38052776]"
180434,"180434.122","Morganella morganii subsp. morganii JBDEABG-19-0368","trimethoprim/sulfamethoxazole","","<=1/19","<=","1/19","mg/L","MIC","","","Beckman Coulter Inc","CLSI",2021,"","","","Laboratory Method","","[38052776]"
180434,"180434.92","Morganella morganii subsp. morganii JBABAIF-19-0010","fosfomycin","",">16",">","16","mg/L","MIC","","","Beckman Coulter Inc","CLSI",2021,"","","","Laboratory Method","","[38052776]"
180434,"180434.109","Morganella morganii subsp. morganii JBCHAAB-19-0057","cefozopran","",">16",">","16","mg/L","MIC","","","Beckman Coulter Inc","CLSI",2021,"","","","Laboratory Method","","[38052776]"
180434,"180434.130","Morganella morganii subsp. morganii JBDGAAB-19-0120","fosfomycin","",">16",">","16","mg/L","MIC","","","Beckman Coulter Inc","CLSI",2021,"","","","Laboratory Method","","[38052776]"
180434,"180434.127","Morganella morganii subsp. morganii JBCBAAC-19-0071","aztreonam","","<=1","<=","1","mg/L","MIC","","","Beckman Coulter Inc","CLSI",2021,"","","","Laboratory Method","","[38052776]"
180434,"180434.121","Morganella morganii subsp. morganii JBDEABG-19-0366","minocycline","","4","","4","mg/L","MIC","","","Beckman Coulter Inc","CLSI",2021,"","","","Laboratory Method","","[38052776]"
180434,"180434.98","Morganella morganii subsp. morganii JBAGAAD-19-0139","cefpodoxime","","64","","64","mg/L","MIC","","","Beckman Coulter Inc","CLSI",2021,"","","","Laboratory Method","","[38052776]"
180434,"180434.130","Morganella morganii subsp. morganii JBDGAAB-19-0120","chloramphenicol","","16","","16","mg/L","MIC","","","Beckman Coulter Inc","CLSI",2021,"","","","Laboratory Method","","[38052776]"
180434,"180434.119","Morganella morganii subsp. morganii JBCHACG-19-0477","gentamicin","","<=1","<=","1","mg/L","MIC","","","Beckman Coulter Inc","CLSI",2021,"","","","Laboratory Method","","[38052776]"
180434,"180434.107","Morganella morganii subsp. morganii JBCDAFI-19-0024","imipenem","","4","","4","mg/L","MIC","","","Beckman Coulter Inc","CLSI",2021,"","","","Laboratory Method","","[38052776]"
180434,"180434.118","Morganella morganii subsp. morganii JBCHACG-19-0407","cefozopran","",">16",">","16","mg/L","MIC","","","Beckman Coulter Inc","CLSI",2021,"","","","Laboratory Method","","[38052776]"
180434,"180434.111","Morganella morganii subsp. morganii JBCHACG-19-0210","colistin","",">8",">","8","mg/L","MIC","","","Beckman Coulter Inc","CLSI",2021,"","","","Laboratory Method","","[38052776]"
180434,"180434.97","Morganella morganii subsp. morganii JBAGAAD-19-0041","gentamicin","","<=1","<=","1","mg/L","MIC","","","Beckman Coulter Inc","CLSI",2021,"","","","Laboratory Method","","[38052776]"
180434,"180434.120","Morganella morganii subsp. morganii JBDEABG-19-0196","imipenem","","4","","4","mg/L","MIC","","","Beckman Coulter Inc","CLSI",2021,"","","","Laboratory Method","","[38052776]"
180434,"180434.98","Morganella morganii subsp. morganii JBAGAAD-19-0139","cefotaxime/clavulanic acid","","16","","16","mg/L","MIC","","","Beckman Coulter Inc","CLSI",2021,"","","","Laboratory Method","","[38052776]"
180434,"180434.123","Morganella morganii subsp. morganii JBDEABG-19-0370","amikacin","","<=4","<=","4","mg/L","MIC","","","Beckman Coulter Inc","CLSI",2021,"","","","Laboratory Method","","[38052776]"
180434,"180434.112","Morganella morganii subsp. morganii JBCHACG-19-0213","imipenem","","4","","4","mg/L","MIC","","","Beckman Coulter Inc","CLSI",2021,"","","","Laboratory Method","","[38052776]"
180434,"180434.102","Morganella morganii subsp. morganii JBCDAFI-19-0010","ceftazidime","","16","","16","mg/L","MIC","","","Beckman Coulter Inc","CLSI",2021,"","","","Laboratory Method","","[38052776]"
180434,"180434.131","Morganella morganii subsp. morganii JBEAAAD-19-0164","ceftazidime","",">16",">","16","mg/L","MIC","","","Beckman Coulter Inc","CLSI",2021,"","","","Laboratory Method","","[38052776]"
180434,"180434.100","Morganella morganii subsp. morganii JBCBAAC-19-0070","cefepime","","<=1","<=","1","mg/L","MIC","","","Beckman Coulter Inc","CLSI",2021,"","","","Laboratory Method","","[38052776]"
180434,"180434.123","Morganella morganii subsp. morganii JBDEABG-19-0370","levofloxacin","","2","","2","mg/L","MIC","","","Beckman Coulter Inc","CLSI",2021,"","","","Laboratory Method","","[38052776]"
180434,"180434.112","Morganella morganii subsp. morganii JBCHACG-19-0213","cefotaxime","","4","","4","mg/L","MIC","","","Beckman Coulter Inc","CLSI",2021,"","","","Laboratory Method","","[38052776]"
180434,"180434.106","Morganella morganii subsp. morganii JBCDAFI-19-0033","ampicillin/sulbactam","","8/4","","8/4","mg/L","MIC","","","Beckman Coulter Inc","CLSI",2021,"","","","Laboratory Method","","[38052776]"
180434,"180434.106","Morganella morganii subsp. morganii JBCDAFI-19-0033","gentamicin","","<=1","<=","1","mg/L","MIC","","","Beckman Coulter Inc","CLSI",2021,"","","","Laboratory Method","","[38052776]"
180434,"180434.124","Morganella morganii subsp. morganii JBDGAAB-19-0042","cefotetan","","32","","32","mg/L","MIC","","","Beckman Coulter Inc","CLSI",2021,"","","","Laboratory Method","","[38052776]"
180434,"180434.120","Morganella morganii subsp. morganii JBDEABG-19-0196","cefmetazole","","8","","8","mg/L","MIC","","","Beckman Coulter Inc","CLSI",2021,"","","","Laboratory Method","","[38052776]"
180434,"180434.118","Morganella morganii subsp. morganii JBCHACG-19-0407","meropenem","","<=0.5","<=","0.5","mg/L","MIC","","","Beckman Coulter Inc","CLSI",2021,"","","","Laboratory Method","","[38052776]"
180434,"180434.91","Morganella morganii subsp. morganii JBABAIF-19-0002","piperacillin","",">64",">","64","mg/L","MIC","","","Beckman Coulter Inc","CLSI",2021,"","","","Laboratory Method","","[38052776]"
180434,"180434.120","Morganella morganii subsp. morganii JBDEABG-19-0196","ceftriaxone","","2","","2","mg/L","MIC","","","Beckman Coulter Inc","CLSI",2021,"","","","Laboratory Method","","[38052776]"
180434,"180434.99","Morganella morganii subsp. morganii JBCBAAC-19-0019","tigecycline","","1","","1","mg/L","MIC","","","Beckman Coulter Inc","CLSI",2021,"","","","Laboratory Method","","[38052776]"
180434,"180434.105","Morganella morganii subsp. morganii JBCDAFI-19-0031","cefuroxime","","8","","8","mg/L","MIC","","","Beckman Coulter Inc","CLSI",2021,"","","","Laboratory Method","","[38052776]"
180434,"180434.118","Morganella morganii subsp. morganii JBCHACG-19-0407","imipenem","","4","","4","mg/L","MIC","","","Beckman Coulter Inc","CLSI",2021,"","","","Laboratory Method","","[38052776]"
180434,"180434.115","Morganella morganii subsp. morganii JBCHACG-19-0281","cefuroxime","","8","","8","mg/L","MIC","","","Beckman Coulter Inc","CLSI",2021,"","","","Laboratory Method","","[38052776]"
180434,"180434.112","Morganella morganii subsp. morganii JBCHACG-19-0213","cefoperazone/sulbactam","","<=8/4","<=","8/4","mg/L","MIC","","","Beckman Coulter Inc","CLSI",2021,"","","","Laboratory Method","","[38052776]"
180434,"180434.106","Morganella morganii subsp. morganii JBCDAFI-19-0033","fosfomycin","",">16",">","16","mg/L","MIC","","","Beckman Coulter Inc","CLSI",2021,"","","","Laboratory Method","","[38052776]"
180434,"180434.97","Morganella morganii subsp. morganii JBAGAAD-19-0041","amikacin","","<=4","<=","4","mg/L","MIC","","","Beckman Coulter Inc","CLSI",2021,"","","","Laboratory Method","","[38052776]"
180434,"180434.101","Morganella morganii subsp. morganii JBCBAAC-19-0077","meropenem","","<=0.5","<=","0.5","mg/L","MIC","","","Beckman Coulter Inc","CLSI",2021,"","","","Laboratory Method","","[38052776]"
180434,"180434.127","Morganella morganii subsp. morganii JBCBAAC-19-0071","ceftriaxone","","1","","1","mg/L","MIC","","","Beckman Coulter Inc","CLSI",2021,"","","","Laboratory Method","","[38052776]"
180434,"180434.128","Morganella morganii subsp. morganii JBDGAAB-19-0043","cefpodoxime","","64","","64","mg/L","MIC","","","Beckman Coulter Inc","CLSI",2021,"","","","Laboratory Method","","[38052776]"
180434,"180434.94","Morganella morganii subsp. morganii JBABAIF-19-0033","ciprofloxacin","","<=0.25","<=","0.25","mg/L","MIC","","","Beckman Coulter Inc","CLSI",2021,"","","","Laboratory Method","","[38052776]"
180434,"180434.108","Morganella morganii subsp. morganii JBCDAFI-19-0021","meropenem","","<=0.5","<=","0.5","mg/L","MIC","","","Beckman Coulter Inc","CLSI",2021,"","","","Laboratory Method","","[38052776]"
180434,"180434.94","Morganella morganii subsp. morganii JBABAIF-19-0033","levofloxacin","","<=0.5","<=","0.5","mg/L","MIC","","","Beckman Coulter Inc","CLSI",2021,"","","","Laboratory Method","","[38052776]"
180434,"180434.95","Morganella morganii subsp. morganii JBAFAAB-19-0019","piperacillin/tazobactam","","<=4","<=","4","mg/L","MIC","","","Beckman Coulter Inc","CLSI",2021,"","","","Laboratory Method","","[38052776]"
180434,"180434.118","Morganella morganii subsp. morganii JBCHACG-19-0407","cefepime","","<=1","<=","1","mg/L","MIC","","","Beckman Coulter Inc","CLSI",2021,"","","","Laboratory Method","","[38052776]"
180434,"180434.105","Morganella morganii subsp. morganii JBCDAFI-19-0031","colistin","",">8",">","8","mg/L","MIC","","","Beckman Coulter Inc","CLSI",2021,"","","","Laboratory Method","","[38052776]"
180434,"180434.120","Morganella morganii subsp. morganii JBDEABG-19-0196","doripenem","","<=0.5","<=","0.5","mg/L","MIC","","","Beckman Coulter Inc","CLSI",2021,"","","","Laboratory Method","","[38052776]"
180434,"180434.131","Morganella morganii subsp. morganii JBEAAAD-19-0164","tigecycline","","2","","2","mg/L","MIC","","","Beckman Coulter Inc","CLSI",2021,"","","","Laboratory Method","","[38052776]"
180434,"180434.98","Morganella morganii subsp. morganii JBAGAAD-19-0139","aztreonam","","<=1","<=","1","mg/L","MIC","","","Beckman Coulter Inc","CLSI",2021,"","","","Laboratory Method","","[38052776]"
180434,"180434.117","Morganella morganii subsp. morganii JBCHACG-19-0294","cefpodoxime","","32","","32","mg/L","MIC","","","Beckman Coulter Inc","CLSI",2021,"","","","Laboratory Method","","[38052776]"
180434,"180434.93","Morganella morganii subsp. morganii JBABAIF-19-0031","ceftriaxone","","2","","2","mg/L","MIC","","","Beckman Coulter Inc","CLSI",2021,"","","","Laboratory Method","","[38052776]"
180434,"180434.99","Morganella morganii subsp. morganii JBCBAAC-19-0019","tobramycin","","<=1","<=","1","mg/L","MIC","","","Beckman Coulter Inc","CLSI",2021,"","","","Laboratory Method","","[38052776]"
180434,"180434.111","Morganella morganii subsp. morganii JBCHACG-19-0210","ciprofloxacin","","<=0.25","<=","0.25","mg/L","MIC","","","Beckman Coulter Inc","CLSI",2021,"","","","Laboratory Method","","[38052776]"
180434,"180434.103","Morganella morganii subsp. morganii JBCDAFI-19-0007","fosfomycin","",">16",">","16","mg/L","MIC","","","Beckman Coulter Inc","CLSI",2021,"","","","Laboratory Method","","[38052776]"
180434,"180434.110","Morganella morganii subsp. morganii JBCHACG-19-0354","meropenem","","<=0.5","<=","0.5","mg/L","MIC","","","Beckman Coulter Inc","CLSI",2021,"","","","Laboratory Method","","[38052776]"
180434,"180434.99","Morganella morganii subsp. morganii JBCBAAC-19-0019","piperacillin","",">64",">","64","mg/L","MIC","","","Beckman Coulter Inc","CLSI",2021,"","","","Laboratory Method","","[38052776]"
180434,"180434.110","Morganella morganii subsp. morganii JBCHACG-19-0354","ceftriaxone","","1","","1","mg/L","MIC","","","Beckman Coulter Inc","CLSI",2021,"","","","Laboratory Method","","[38052776]"
180434,"180434.106","Morganella morganii subsp. morganii JBCDAFI-19-0033","aztreonam","","<=1","<=","1","mg/L","MIC","","","Beckman Coulter Inc","CLSI",2021,"","","","Laboratory Method","","[38052776]"
180434,"180434.93","Morganella morganii subsp. morganii JBABAIF-19-0031","cefpodoxime","",">64",">","64","mg/L","MIC","","","Beckman Coulter Inc","CLSI",2021,"","","","Laboratory Method","","[38052776]"
180434,"180434.118","Morganella morganii subsp. morganii JBCHACG-19-0407","cefotaxime/clavulanic acid","","8","","8","mg/L","MIC","","","Beckman Coulter Inc","CLSI",2021,"","","","Laboratory Method","","[38052776]"
180434,"180434.116","Morganella morganii subsp. morganii JBCHACG-19-0278","gentamicin","","<=1","<=","1","mg/L","MIC","","","Beckman Coulter Inc","CLSI",2021,"","","","Laboratory Method","","[38052776]"
180434,"180434.98","Morganella morganii subsp. morganii JBAGAAD-19-0139","tobramycin","","<=1","<=","1","mg/L","MIC","","","Beckman Coulter Inc","CLSI",2021,"","","","Laboratory Method","","[38052776]"
180434,"180434.92","Morganella morganii subsp. morganii JBABAIF-19-0010","colistin","",">8",">","8","mg/L","MIC","","","Beckman Coulter Inc","CLSI",2021,"","","","Laboratory Method","","[38052776]"
180434,"180434.105","Morganella morganii subsp. morganii JBCDAFI-19-0031","tigecycline","","1","","1","mg/L","MIC","","","Beckman Coulter Inc","CLSI",2021,"","","","Laboratory Method","","[38052776]"
180434,"180434.129","Morganella morganii subsp. morganii JBDGAAB-19-0119","cefotaxime","","1","","1","mg/L","MIC","","","Beckman Coulter Inc","CLSI",2021,"","","","Laboratory Method","","[38052776]"
180434,"180434.113","Morganella morganii subsp. morganii JBCHACG-19-0244","ampicillin/sulbactam","","8/4","","8/4","mg/L","MIC","","","Beckman Coulter Inc","CLSI",2021,"","","","Laboratory Method","","[38052776]"
180434,"180434.103","Morganella morganii subsp. morganii JBCDAFI-19-0007","amikacin","","8","","8","mg/L","MIC","","","Beckman Coulter Inc","CLSI",2021,"","","","Laboratory Method","","[38052776]"
180434,"180434.110","Morganella morganii subsp. morganii JBCHACG-19-0354","cefuroxime","","8","","8","mg/L","MIC","","","Beckman Coulter Inc","CLSI",2021,"","","","Laboratory Method","","[38052776]"
180434,"180434.130","Morganella morganii subsp. morganii JBDGAAB-19-0120","colistin","",">8",">","8","mg/L","MIC","","","Beckman Coulter Inc","CLSI",2021,"","","","Laboratory Method","","[38052776]"
180434,"180434.98","Morganella morganii subsp. morganii JBAGAAD-19-0139","piperacillin/tazobactam","","<=4","<=","4","mg/L","MIC","","","Beckman Coulter Inc","CLSI",2021,"","","","Laboratory Method","","[38052776]"
180434,"180434.100","Morganella morganii subsp. morganii JBCBAAC-19-0070","ceftazidime","","<=1","<=","1","mg/L","MIC","","","Beckman Coulter Inc","CLSI",2021,"","","","Laboratory Method","","[38052776]"
180434,"180434.101","Morganella morganii subsp. morganii JBCBAAC-19-0077","cefotaxime","","16","","16","mg/L","MIC","","","Beckman Coulter Inc","CLSI",2021,"","","","Laboratory Method","","[38052776]"
180434,"180434.130","Morganella morganii subsp. morganii JBDGAAB-19-0120","ceftriaxone","","<=0.5","<=","0.5","mg/L","MIC","","","Beckman Coulter Inc","CLSI",2021,"","","","Laboratory Method","","[38052776]"
180434,"180434.103","Morganella morganii subsp. morganii JBCDAFI-19-0007","cefmetazole","","2","","2","mg/L","MIC","","","Beckman Coulter Inc","CLSI",2021,"","","","Laboratory Method","","[38052776]"
180434,"180434.122","Morganella morganii subsp. morganii JBDEABG-19-0368","cefuroxime","","16","","16","mg/L","MIC","","","Beckman Coulter Inc","CLSI",2021,"","","","Laboratory Method","","[38052776]"
180434,"180434.105","Morganella morganii subsp. morganii JBCDAFI-19-0031","piperacillin/tazobactam","","<=4","<=","4","mg/L","MIC","","","Beckman Coulter Inc","CLSI",2021,"","","","Laboratory Method","","[38052776]"
180434,"180434.117","Morganella morganii subsp. morganii JBCHACG-19-0294","ceftazidime","","2","","2","mg/L","MIC","","","Beckman Coulter Inc","CLSI",2021,"","","","Laboratory Method","","[38052776]"
180434,"180434.106","Morganella morganii subsp. morganii JBCDAFI-19-0033","cefotaxime/clavulanic acid","","1","","1","mg/L","MIC","","","Beckman Coulter Inc","CLSI",2021,"","","","Laboratory Method","","[38052776]"
180434,"180434.118","Morganella morganii subsp. morganii JBCHACG-19-0407","piperacillin/tazobactam","","<=4","<=","4","mg/L","MIC","","","Beckman Coulter Inc","CLSI",2021,"","","","Laboratory Method","","[38052776]"
180434,"180434.107","Morganella morganii subsp. morganii JBCDAFI-19-0024","aztreonam","","<=1","<=","1","mg/L","MIC","","","Beckman Coulter Inc","CLSI",2021,"","","","Laboratory Method","","[38052776]"
180434,"180434.98","Morganella morganii subsp. morganii JBAGAAD-19-0139","cefotetan","","4","","4","mg/L","MIC","","","Beckman Coulter Inc","CLSI",2021,"","","","Laboratory Method","","[38052776]"
180434,"180434.121","Morganella morganii subsp. morganii JBDEABG-19-0366","ciprofloxacin","","<=0.25","<=","0.25","mg/L","MIC","","","Beckman Coulter Inc","CLSI",2021,"","","","Laboratory Method","","[38052776]"
180434,"180434.92","Morganella morganii subsp. morganii JBABAIF-19-0010","piperacillin","",">64",">","64","mg/L","MIC","","","Beckman Coulter Inc","CLSI",2021,"","","","Laboratory Method","","[38052776]"
180434,"180434.126","Morganella morganii subsp. morganii JBDGAAB-19-0096","ceftazidime","","<=1","<=","1","mg/L","MIC","","","Beckman Coulter Inc","CLSI",2021,"","","","Laboratory Method","","[38052776]"
180434,"180434.95","Morganella morganii subsp. morganii JBAFAAB-19-0019","cefepime","","<=1","<=","1","mg/L","MIC","","","Beckman Coulter Inc","CLSI",2021,"","","","Laboratory Method","","[38052776]"
180434,"180434.117","Morganella morganii subsp. morganii JBCHACG-19-0294","cefmetazole","","4","","4","mg/L","MIC","","","Beckman Coulter Inc","CLSI",2021,"","","","Laboratory Method","","[38052776]"
180434,"180434.90","Morganella morganii subsp. morganii JBABAHA-19-0024","cefuroxime","","4","","4","mg/L","MIC","","","Beckman Coulter Inc","CLSI",2021,"","","","Laboratory Method","","[38052776]"
180434,"180434.116","Morganella morganii subsp. morganii JBCHACG-19-0278","trimethoprim/sulfamethoxazole","","<=1/19","<=","1/19","mg/L","MIC","","","Beckman Coulter Inc","CLSI",2021,"","","","Laboratory Method","","[38052776]"
180434,"180434.100","Morganella morganii subsp. morganii JBCBAAC-19-0070","cefotaxime/clavulanic acid","","2","","2","mg/L","MIC","","","Beckman Coulter Inc","CLSI",2021,"","","","Laboratory Method","","[38052776]"
180434,"180434.119","Morganella morganii subsp. morganii JBCHACG-19-0477","amikacin","","<=4","<=","4","mg/L","MIC","","","Beckman Coulter Inc","CLSI",2021,"","","","Laboratory Method","","[38052776]"
180434,"180434.102","Morganella morganii subsp. morganii JBCDAFI-19-0010","ceftazidime/clavulanic acid","","8","","8","mg/L","MIC","","","Beckman Coulter Inc","CLSI",2021,"","","","Laboratory Method","","[38052776]"
180434,"180434.116","Morganella morganii subsp. morganii JBCHACG-19-0278","minocycline","","2","","2","mg/L","MIC","","","Beckman Coulter Inc","CLSI",2021,"","","","Laboratory Method","","[38052776]"
180434,"180434.125","Morganella morganii subsp. morganii JBDGAAB-19-0069","aztreonam","","<=1","<=","1","mg/L","MIC","","","Beckman Coulter Inc","CLSI",2021,"","","","Laboratory Method","","[38052776]"
180434,"180434.112","Morganella morganii subsp. morganii JBCHACG-19-0213","chloramphenicol","","<=8","<=","8","mg/L","MIC","","","Beckman Coulter Inc","CLSI",2021,"","","","Laboratory Method","","[38052776]"
180434,"180434.120","Morganella morganii subsp. morganii JBDEABG-19-0196","gentamicin","","<=1","<=","1","mg/L","MIC","","","Beckman Coulter Inc","CLSI",2021,"","","","Laboratory Method","","[38052776]"
180434,"180434.128","Morganella morganii subsp. morganii JBDGAAB-19-0043","cefozopran","","2","","2","mg/L","MIC","","","Beckman Coulter Inc","CLSI",2021,"","","","Laboratory Method","","[38052776]"
180434,"180434.92","Morganella morganii subsp. morganii JBABAIF-19-0010","ciprofloxacin","","<=0.25","<=","0.25","mg/L","MIC","","","Beckman Coulter Inc","CLSI",2021,"","","","Laboratory Method","","[38052776]"
180434,"180434.121","Morganella morganii subsp. morganii JBDEABG-19-0366","colistin","",">8",">","8","mg/L","MIC","","","Beckman Coulter Inc","CLSI",2021,"","","","Laboratory Method","","[38052776]"
180434,"180434.125","Morganella morganii subsp. morganii JBDGAAB-19-0069","minocycline","","4","","4","mg/L","MIC","","","Beckman Coulter Inc","CLSI",2021,"","","","Laboratory Method","","[38052776]"
180434,"180434.95","Morganella morganii subsp. morganii JBAFAAB-19-0019","minocycline","",">8",">","8","mg/L","MIC","","","Beckman Coulter Inc","CLSI",2021,"","","","Laboratory Method","","[38052776]"
180434,"180434.110","Morganella morganii subsp. morganii JBCHACG-19-0354","ceftazidime/clavulanic acid","","4","","4","mg/L","MIC","","","Beckman Coulter Inc","CLSI",2021,"","","","Laboratory Method","","[38052776]"
180434,"180434.104","Morganella morganii subsp. morganii JBCDAFI-19-0045","ceftriaxone","","1","","1","mg/L","MIC","","","Beckman Coulter Inc","CLSI",2021,"","","","Laboratory Method","","[38052776]"
180434,"180434.129","Morganella morganii subsp. morganii JBDGAAB-19-0119","aztreonam","","<=1","<=","1","mg/L","MIC","","","Beckman Coulter Inc","CLSI",2021,"","","","Laboratory Method","","[38052776]"
180434,"180434.94","Morganella morganii subsp. morganii JBABAIF-19-0033","gentamicin","","<=1","<=","1","mg/L","MIC","","","Beckman Coulter Inc","CLSI",2021,"","","","Laboratory Method","","[38052776]"
180434,"180434.103","Morganella morganii subsp. morganii JBCDAFI-19-0007","piperacillin/tazobactam","","<=4","<=","4","mg/L","MIC","","","Beckman Coulter Inc","CLSI",2021,"","","","Laboratory Method","","[38052776]"
180434,"180434.104","Morganella morganii subsp. morganii JBCDAFI-19-0045","cefoperazone/sulbactam","","<=8/4","<=","8/4","mg/L","MIC","","","Beckman Coulter Inc","CLSI",2021,"","","","Laboratory Method","","[38052776]"
180434,"180434.103","Morganella morganii subsp. morganii JBCDAFI-19-0007","cefotetan","","<=1","<=","1","mg/L","MIC","","","Beckman Coulter Inc","CLSI",2021,"","","","Laboratory Method","","[38052776]"
180434,"180434.102","Morganella morganii subsp. morganii JBCDAFI-19-0010","cefuroxime","",">32",">","32","mg/L","MIC","","","Beckman Coulter Inc","CLSI",2021,"","","","Laboratory Method","","[38052776]"
180434,"180434.114","Morganella morganii subsp. morganii JBCHACG-19-0262","piperacillin/tazobactam","","<=4","<=","4","mg/L","MIC","","","Beckman Coulter Inc","CLSI",2021,"","","","Laboratory Method","","[38052776]"
180434,"180434.116","Morganella morganii subsp. morganii JBCHACG-19-0278","piperacillin/tazobactam","","<=4","<=","4","mg/L","MIC","","","Beckman Coulter Inc","CLSI",2021,"","","","Laboratory Method","","[38052776]"
180434,"180434.104","Morganella morganii subsp. morganii JBCDAFI-19-0045","trimethoprim/sulfamethoxazole","","<=1/19","<=","1/19","mg/L","MIC","","","Beckman Coulter Inc","CLSI",2021,"","","","Laboratory Method","","[38052776]"
180434,"180434.128","Morganella morganii subsp. morganii JBDGAAB-19-0043","ceftazidime","","2","","2","mg/L","MIC","","","Beckman Coulter Inc","CLSI",2021,"","","","Laboratory Method","","[38052776]"
180434,"180434.105","Morganella morganii subsp. morganii JBCDAFI-19-0031","ampicillin/sulbactam","","32/16","","32/16","mg/L","MIC","","","Beckman Coulter Inc","CLSI",2021,"","","","Laboratory Method","","[38052776]"
180434,"180434.98","Morganella morganii subsp. morganii JBAGAAD-19-0139","fosfomycin","",">16",">","16","mg/L","MIC","","","Beckman Coulter Inc","CLSI",2021,"","","","Laboratory Method","","[38052776]"
180434,"180434.117","Morganella morganii subsp. morganii JBCHACG-19-0294","meropenem","","<=0.5","<=","0.5","mg/L","MIC","","","Beckman Coulter Inc","CLSI",2021,"","","","Laboratory Method","","[38052776]"
180434,"180434.97","Morganella morganii subsp. morganii JBAGAAD-19-0041","meropenem","","<=0.5","<=","0.5","mg/L","MIC","","","Beckman Coulter Inc","CLSI",2021,"","","","Laboratory Method","","[38052776]"
180434,"180434.103","Morganella morganii subsp. morganii JBCDAFI-19-0007","cefotaxime","","<=0.5","<=","0.5","mg/L","MIC","","","Beckman Coulter Inc","CLSI",2021,"","","","Laboratory Method","","[38052776]"
180434,"180434.128","Morganella morganii subsp. morganii JBDGAAB-19-0043","meropenem","","<=0.5","<=","0.5","mg/L","MIC","","","Beckman Coulter Inc","CLSI",2021,"","","","Laboratory Method","","[38052776]"
180434,"180434.101","Morganella morganii subsp. morganii JBCBAAC-19-0077","aztreonam","","2","","2","mg/L","MIC","","","Beckman Coulter Inc","CLSI",2021,"","","","Laboratory Method","","[38052776]"
180434,"180434.130","Morganella morganii subsp. morganii JBDGAAB-19-0120","cefotaxime","","<=0.5","<=","0.5","mg/L","MIC","","","Beckman Coulter Inc","CLSI",2021,"","","","Laboratory Method","","[38052776]"
180434,"180434.93","Morganella morganii subsp. morganii JBABAIF-19-0031","piperacillin","","<=4","<=","4","mg/L","MIC","","","Beckman Coulter Inc","CLSI",2021,"","","","Laboratory Method","","[38052776]"
180434,"180434.105","Morganella morganii subsp. morganii JBCDAFI-19-0031","aztreonam","","<=1","<=","1","mg/L","MIC","","","Beckman Coulter Inc","CLSI",2021,"","","","Laboratory Method","","[38052776]"
180434,"180434.93","Morganella morganii subsp. morganii JBABAIF-19-0031","cefoperazone/sulbactam","","<=8/4","<=","8/4","mg/L","MIC","","","Beckman Coulter Inc","CLSI",2021,"","","","Laboratory Method","","[38052776]"
180434,"180434.109","Morganella morganii subsp. morganii JBCHAAB-19-0057","tobramycin","","<=1","<=","1","mg/L","MIC","","","Beckman Coulter Inc","CLSI",2021,"","","","Laboratory Method","","[38052776]"
180434,"180434.105","Morganella morganii subsp. morganii JBCDAFI-19-0031","cefepime","","<=1","<=","1","mg/L","MIC","","","Beckman Coulter Inc","CLSI",2021,"","","","Laboratory Method","","[38052776]"
180434,"180434.126","Morganella morganii subsp. morganii JBDGAAB-19-0096","gentamicin","","<=1","<=","1","mg/L","MIC","","","Beckman Coulter Inc","CLSI",2021,"","","","Laboratory Method","","[38052776]"
180434,"180434.93","Morganella morganii subsp. morganii JBABAIF-19-0031","cefepime","","<=1","<=","1","mg/L","MIC","","","Beckman Coulter Inc","CLSI",2021,"","","","Laboratory Method","","[38052776]"
180434,"180434.113","Morganella morganii subsp. morganii JBCHACG-19-0244","cefuroxime","","8","","8","mg/L","MIC","","","Beckman Coulter Inc","CLSI",2021,"","","","Laboratory Method","","[38052776]"
180434,"180434.99","Morganella morganii subsp. morganii JBCBAAC-19-0019","gentamicin","","<=1","<=","1","mg/L","MIC","","","Beckman Coulter Inc","CLSI",2021,"","","","Laboratory Method","","[38052776]"
180434,"180434.101","Morganella morganii subsp. morganii JBCBAAC-19-0077","gentamicin","","2","","2","mg/L","MIC","","","Beckman Coulter Inc","CLSI",2021,"","","","Laboratory Method","","[38052776]"
180434,"180434.109","Morganella morganii subsp. morganii JBCHAAB-19-0057","piperacillin","","16","","16","mg/L","MIC","","","Beckman Coulter Inc","CLSI",2021,"","","","Laboratory Method","","[38052776]"
180434,"180434.111","Morganella morganii subsp. morganii JBCHACG-19-0210","cefozopran","","<=1","<=","1","mg/L","MIC","","","Beckman Coulter Inc","CLSI",2021,"","","","Laboratory Method","","[38052776]"
180434,"180434.119","Morganella morganii subsp. morganii JBCHACG-19-0477","imipenem","","4","","4","mg/L","MIC","","","Beckman Coulter Inc","CLSI",2021,"","","","Laboratory Method","","[38052776]"
180434,"180434.121","Morganella morganii subsp. morganii JBDEABG-19-0366","ampicillin/sulbactam","","32/16","","32/16","mg/L","MIC","","","Beckman Coulter Inc","CLSI",2021,"","","","Laboratory Method","","[38052776]"
180434,"180434.97","Morganella morganii subsp. morganii JBAGAAD-19-0041","cefotaxime","","128","","128","mg/L","MIC","","","Beckman Coulter Inc","CLSI",2021,"","","","Laboratory Method","","[38052776]"
180434,"180434.121","Morganella morganii subsp. morganii JBDEABG-19-0366","ceftazidime","",">16",">","16","mg/L","MIC","","","Beckman Coulter Inc","CLSI",2021,"","","","Laboratory Method","","[38052776]"
180434,"180434.127","Morganella morganii subsp. morganii JBCBAAC-19-0071","tigecycline","","1","","1","mg/L","MIC","","","Beckman Coulter Inc","CLSI",2021,"","","","Laboratory Method","","[38052776]"
180434,"180434.130","Morganella morganii subsp. morganii JBDGAAB-19-0120","cefoperazone/sulbactam","","<=8/4","<=","8/4","mg/L","MIC","","","Beckman Coulter Inc","CLSI",2021,"","","","Laboratory Method","","[38052776]"
180434,"180434.99","Morganella morganii subsp. morganii JBCBAAC-19-0019","chloramphenicol","","<=8","<=","8","mg/L","MIC","","","Beckman Coulter Inc","CLSI",2021,"","","","Laboratory Method","","[38052776]"
180434,"180434.95","Morganella morganii subsp. morganii JBAFAAB-19-0019","piperacillin","","8","","8","mg/L","MIC","","","Beckman Coulter Inc","CLSI",2021,"","","","Laboratory Method","","[38052776]"
180434,"180434.117","Morganella morganii subsp. morganii JBCHACG-19-0294","cefoperazone/sulbactam","","<=8/4","<=","8/4","mg/L","MIC","","","Beckman Coulter Inc","CLSI",2021,"","","","Laboratory Method","","[38052776]"
180434,"180434.101","Morganella morganii subsp. morganii JBCBAAC-19-0077","cefozopran","",">16",">","16","mg/L","MIC","","","Beckman Coulter Inc","CLSI",2021,"","","","Laboratory Method","","[38052776]"
180434,"180434.120","Morganella morganii subsp. morganii JBDEABG-19-0196","cefepime","","<=1","<=","1","mg/L","MIC","","","Beckman Coulter Inc","CLSI",2021,"","","","Laboratory Method","","[38052776]"
180434,"180434.114","Morganella morganii subsp. morganii JBCHACG-19-0262","chloramphenicol","","<=8","<=","8","mg/L","MIC","","","Beckman Coulter Inc","CLSI",2021,"","","","Laboratory Method","","[38052776]"
180434,"180434.108","Morganella morganii subsp. morganii JBCDAFI-19-0021","cefepime","","<=1","<=","1","mg/L","MIC","","","Beckman Coulter Inc","CLSI",2021,"","","","Laboratory Method","","[38052776]"
180434,"180434.95","Morganella morganii subsp. morganii JBAFAAB-19-0019","ceftriaxone","","8","","8","mg/L","MIC","","","Beckman Coulter Inc","CLSI",2021,"","","","Laboratory Method","","[38052776]"
180434,"180434.103","Morganella morganii subsp. morganii JBCDAFI-19-0007","cefozopran","","<=1","<=","1","mg/L","MIC","","","Beckman Coulter Inc","CLSI",2021,"","","","Laboratory Method","","[38052776]"
180434,"180434.96","Morganella morganii subsp. morganii JBAFAAB-19-0038","cefotetan","","2","","2","mg/L","MIC","","","Beckman Coulter Inc","CLSI",2021,"","","","Laboratory Method","","[38052776]"
180434,"180434.97","Morganella morganii subsp. morganii JBAGAAD-19-0041","cefuroxime","","4","","4","mg/L","MIC","","","Beckman Coulter Inc","CLSI",2021,"","","","Laboratory Method","","[38052776]"
180434,"180434.131","Morganella morganii subsp. morganii JBEAAAD-19-0164","imipenem","","2","","2","mg/L","MIC","","","Beckman Coulter Inc","CLSI",2021,"","","","Laboratory Method","","[38052776]"
180434,"180434.96","Morganella morganii subsp. morganii JBAFAAB-19-0038","minocycline","","2","","2","mg/L","MIC","","","Beckman Coulter Inc","CLSI",2021,"","","","Laboratory Method","","[38052776]"
180434,"180434.100","Morganella morganii subsp. morganii JBCBAAC-19-0070","ceftazidime/clavulanic acid","","2","","2","mg/L","MIC","","","Beckman Coulter Inc","CLSI",2021,"","","","Laboratory Method","","[38052776]"
180434,"180434.97","Morganella morganii subsp. morganii JBAGAAD-19-0041","doripenem","","<=0.5","<=","0.5","mg/L","MIC","","","Beckman Coulter Inc","CLSI",2021,"","","","Laboratory Method","","[38052776]"
180434,"180434.120","Morganella morganii subsp. morganii JBDEABG-19-0196","colistin","",">8",">","8","mg/L","MIC","","","Beckman Coulter Inc","CLSI",2021,"","","","Laboratory Method","","[38052776]"
180434,"180434.121","Morganella morganii subsp. morganii JBDEABG-19-0366","cefotaxime/clavulanic acid","","16","","16","mg/L","MIC","","","Beckman Coulter Inc","CLSI",2021,"","","","Laboratory Method","","[38052776]"
180434,"180434.126","Morganella morganii subsp. morganii JBDGAAB-19-0096","imipenem","","4","","4","mg/L","MIC","","","Beckman Coulter Inc","CLSI",2021,"","","","Laboratory Method","","[38052776]"
180434,"180434.98","Morganella morganii subsp. morganii JBAGAAD-19-0139","meropenem","","<=0.5","<=","0.5","mg/L","MIC","","","Beckman Coulter Inc","CLSI",2021,"","","","Laboratory Method","","[38052776]"
180434,"180434.118","Morganella morganii subsp. morganii JBCHACG-19-0407","ceftriaxone","","1","","1","mg/L","MIC","","","Beckman Coulter Inc","CLSI",2021,"","","","Laboratory Method","","[38052776]"
180434,"180434.92","Morganella morganii subsp. morganii JBABAIF-19-0010","tigecycline","","1","","1","mg/L","MIC","","","Beckman Coulter Inc","CLSI",2021,"","","","Laboratory Method","","[38052776]"
180434,"180434.130","Morganella morganii subsp. morganii JBDGAAB-19-0120","aztreonam","","<=1","<=","1","mg/L","MIC","","","Beckman Coulter Inc","CLSI",2021,"","","","Laboratory Method","","[38052776]"
180434,"180434.105","Morganella morganii subsp. morganii JBCDAFI-19-0031","ceftazidime/clavulanic acid","","8","","8","mg/L","MIC","","","Beckman Coulter Inc","CLSI",2021,"","","","Laboratory Method","","[38052776]"
180434,"180434.97","Morganella morganii subsp. morganii JBAGAAD-19-0041","cefozopran","","<=1","<=","1","mg/L","MIC","","","Beckman Coulter Inc","CLSI",2021,"","","","Laboratory Method","","[38052776]"
180434,"180434.101","Morganella morganii subsp. morganii JBCBAAC-19-0077","colistin","",">8",">","8","mg/L","MIC","","","Beckman Coulter Inc","CLSI",2021,"","","","Laboratory Method","","[38052776]"
180434,"180434.93","Morganella morganii subsp. morganii JBABAIF-19-0031","imipenem","","2","","2","mg/L","MIC","","","Beckman Coulter Inc","CLSI",2021,"","","","Laboratory Method","","[38052776]"
180434,"180434.120","Morganella morganii subsp. morganii JBDEABG-19-0196","ceftazidime","","4","","4","mg/L","MIC","","","Beckman Coulter Inc","CLSI",2021,"","","","Laboratory Method","","[38052776]"
180434,"180434.116","Morganella morganii subsp. morganii JBCHACG-19-0278","cefpodoxime","","32","","32","mg/L","MIC","","","Beckman Coulter Inc","CLSI",2021,"","","","Laboratory Method","","[38052776]"
180434,"180434.128","Morganella morganii subsp. morganii JBDGAAB-19-0043","cefuroxime","",">32",">","32","mg/L","MIC","","","Beckman Coulter Inc","CLSI",2021,"","","","Laboratory Method","","[38052776]"
180434,"180434.122","Morganella morganii subsp. morganii JBDEABG-19-0368","doripenem","","<=0.5","<=","0.5","mg/L","MIC","","","Beckman Coulter Inc","CLSI",2021,"","","","Laboratory Method","","[38052776]"
180434,"180434.115","Morganella morganii subsp. morganii JBCHACG-19-0281","tobramycin","","<=1","<=","1","mg/L","MIC","","","Beckman Coulter Inc","CLSI",2021,"","","","Laboratory Method","","[38052776]"
180434,"180434.93","Morganella morganii subsp. morganii JBABAIF-19-0031","ceftazidime/clavulanic acid","","16","","16","mg/L","MIC","","","Beckman Coulter Inc","CLSI",2021,"","","","Laboratory Method","","[38052776]"
180434,"180434.108","Morganella morganii subsp. morganii JBCDAFI-19-0021","cefoperazone/sulbactam","","<=8/4","<=","8/4","mg/L","MIC","","","Beckman Coulter Inc","CLSI",2021,"","","","Laboratory Method","","[38052776]"
180434,"180434.131","Morganella morganii subsp. morganii JBEAAAD-19-0164","trimethoprim/sulfamethoxazole","","<=1/19","<=","1/19","mg/L","MIC","","","Beckman Coulter Inc","CLSI",2021,"","","","Laboratory Method","","[38052776]"
180434,"180434.93","Morganella morganii subsp. morganii JBABAIF-19-0031","fosfomycin","",">16",">","16","mg/L","MIC","","","Beckman Coulter Inc","CLSI",2021,"","","","Laboratory Method","","[38052776]"
180434,"180434.105","Morganella morganii subsp. morganii JBCDAFI-19-0031","cefotetan","","<=1","<=","1","mg/L","MIC","","","Beckman Coulter Inc","CLSI",2021,"","","","Laboratory Method","","[38052776]"
180434,"180434.90","Morganella morganii subsp. morganii JBABAHA-19-0024","cefmetazole","","4","","4","mg/L","MIC","","","Beckman Coulter Inc","CLSI",2021,"","","","Laboratory Method","","[38052776]"
180434,"180434.113","Morganella morganii subsp. morganii JBCHACG-19-0244","cefpodoxime","","4","","4","mg/L","MIC","","","Beckman Coulter Inc","CLSI",2021,"","","","Laboratory Method","","[38052776]"
180434,"180434.94","Morganella morganii subsp. morganii JBABAIF-19-0033","fosfomycin","",">16",">","16","mg/L","MIC","","","Beckman Coulter Inc","CLSI",2021,"","","","Laboratory Method","","[38052776]"
180434,"180434.90","Morganella morganii subsp. morganii JBABAHA-19-0024","ampicillin/sulbactam","","16/8","","16/8","mg/L","MIC","","","Beckman Coulter Inc","CLSI",2021,"","","","Laboratory Method","","[38052776]"
180434,"180434.101","Morganella morganii subsp. morganii JBCBAAC-19-0077","cefuroxime","","16","","16","mg/L","MIC","","","Beckman Coulter Inc","CLSI",2021,"","","","Laboratory Method","","[38052776]"
180434,"180434.101","Morganella morganii subsp. morganii JBCBAAC-19-0077","chloramphenicol","","16","","16","mg/L","MIC","","","Beckman Coulter Inc","CLSI",2021,"","","","Laboratory Method","","[38052776]"
180434,"180434.111","Morganella morganii subsp. morganii JBCHACG-19-0210","cefotaxime/clavulanic acid","","2","","2","mg/L","MIC","","","Beckman Coulter Inc","CLSI",2021,"","","","Laboratory Method","","[38052776]"
180434,"180434.91","Morganella morganii subsp. morganii JBABAIF-19-0002","tobramycin","","<=1","<=","1","mg/L","MIC","","","Beckman Coulter Inc","CLSI",2021,"","","","Laboratory Method","","[38052776]"
180434,"180434.108","Morganella morganii subsp. morganii JBCDAFI-19-0021","piperacillin","","<=4","<=","4","mg/L","MIC","","","Beckman Coulter Inc","CLSI",2021,"","","","Laboratory Method","","[38052776]"
180434,"180434.98","Morganella morganii subsp. morganii JBAGAAD-19-0139","imipenem","","4","","4","mg/L","MIC","","","Beckman Coulter Inc","CLSI",2021,"","","","Laboratory Method","","[38052776]"
180434,"180434.104","Morganella morganii subsp. morganii JBCDAFI-19-0045","cefotetan","","4","","4","mg/L","MIC","","","Beckman Coulter Inc","CLSI",2021,"","","","Laboratory Method","","[38052776]"
180434,"180434.103","Morganella morganii subsp. morganii JBCDAFI-19-0007","cefoperazone/sulbactam","","<=8/4","<=","8/4","mg/L","MIC","","","Beckman Coulter Inc","CLSI",2021,"","","","Laboratory Method","","[38052776]"
180434,"180434.131","Morganella morganii subsp. morganii JBEAAAD-19-0164","cefoperazone/sulbactam","","<=8/4","<=","8/4","mg/L","MIC","","","Beckman Coulter Inc","CLSI",2021,"","","","Laboratory Method","","[38052776]"
180434,"180434.99","Morganella morganii subsp. morganii JBCBAAC-19-0019","cefpodoxime","","8","","8","mg/L","MIC","","","Beckman Coulter Inc","CLSI",2021,"","","","Laboratory Method","","[38052776]"
180434,"180434.100","Morganella morganii subsp. morganii JBCBAAC-19-0070","tobramycin","","2","","2","mg/L","MIC","","","Beckman Coulter Inc","CLSI",2021,"","","","Laboratory Method","","[38052776]"
180434,"180434.98","Morganella morganii subsp. morganii JBAGAAD-19-0139","amikacin","","<=4","<=","4","mg/L","MIC","","","Beckman Coulter Inc","CLSI",2021,"","","","Laboratory Method","","[38052776]"
180434,"180434.110","Morganella morganii subsp. morganii JBCHACG-19-0354","cefmetazole","","8","","8","mg/L","MIC","","","Beckman Coulter Inc","CLSI",2021,"","","","Laboratory Method","","[38052776]"
180434,"180434.111","Morganella morganii subsp. morganii JBCHACG-19-0210","trimethoprim/sulfamethoxazole","","<=1/19","<=","1/19","mg/L","MIC","","","Beckman Coulter Inc","CLSI",2021,"","","","Laboratory Method","","[38052776]"
180434,"180434.115","Morganella morganii subsp. morganii JBCHACG-19-0281","meropenem","","<=0.5","<=","0.5","mg/L","MIC","","","Beckman Coulter Inc","CLSI",2021,"","","","Laboratory Method","","[38052776]"
180434,"180434.117","Morganella morganii subsp. morganii JBCHACG-19-0294","cefotaxime","","2","","2","mg/L","MIC","","","Beckman Coulter Inc","CLSI",2021,"","","","Laboratory Method","","[38052776]"
180434,"180434.107","Morganella morganii subsp. morganii JBCDAFI-19-0024","colistin","",">8",">","8","mg/L","MIC","","","Beckman Coulter Inc","CLSI",2021,"","","","Laboratory Method","","[38052776]"
180434,"180434.100","Morganella morganii subsp. morganii JBCBAAC-19-0070","fosfomycin","",">16",">","16","mg/L","MIC","","","Beckman Coulter Inc","CLSI",2021,"","","","Laboratory Method","","[38052776]"
180434,"180434.111","Morganella morganii subsp. morganii JBCHACG-19-0210","cefpodoxime","","32","","32","mg/L","MIC","","","Beckman Coulter Inc","CLSI",2021,"","","","Laboratory Method","","[38052776]"
180434,"180434.95","Morganella morganii subsp. morganii JBAFAAB-19-0019","colistin","",">8",">","8","mg/L","MIC","","","Beckman Coulter Inc","CLSI",2021,"","","","Laboratory Method","","[38052776]"
180434,"180434.124","Morganella morganii subsp. morganii JBDGAAB-19-0042","piperacillin","","16","","16","mg/L","MIC","","","Beckman Coulter Inc","CLSI",2021,"","","","Laboratory Method","","[38052776]"
180434,"180434.96","Morganella morganii subsp. morganii JBAFAAB-19-0038","ceftazidime","","2","","2","mg/L","MIC","","","Beckman Coulter Inc","CLSI",2021,"","","","Laboratory Method","","[38052776]"
180434,"180434.101","Morganella morganii subsp. morganii JBCBAAC-19-0077","cefoperazone/sulbactam","","<=8/4","<=","8/4","mg/L","MIC","","","Beckman Coulter Inc","CLSI",2021,"","","","Laboratory Method","","[38052776]"
180434,"180434.120","Morganella morganii subsp. morganii JBDEABG-19-0196","cefotaxime/clavulanic acid","","8","","8","mg/L","MIC","","","Beckman Coulter Inc","CLSI",2021,"","","","Laboratory Method","","[38052776]"
180434,"180434.103","Morganella morganii subsp. morganii JBCDAFI-19-0007","gentamicin","",">8",">","8","mg/L","MIC","","","Beckman Coulter Inc","CLSI",2021,"","","","Laboratory Method","","[38052776]"
180434,"180434.96","Morganella morganii subsp. morganii JBAFAAB-19-0038","cefuroxime","","8","","8","mg/L","MIC","","","Beckman Coulter Inc","CLSI",2021,"","","","Laboratory Method","","[38052776]"
180434,"180434.107","Morganella morganii subsp. morganii JBCDAFI-19-0024","ceftazidime/clavulanic acid","","4","","4","mg/L","MIC","","","Beckman Coulter Inc","CLSI",2021,"","","","Laboratory Method","","[38052776]"
180434,"180434.101","Morganella morganii subsp. morganii JBCBAAC-19-0077","amikacin","","<=4","<=","4","mg/L","MIC","","","Beckman Coulter Inc","CLSI",2021,"","","","Laboratory Method","","[38052776]"
180434,"180434.125","Morganella morganii subsp. morganii JBDGAAB-19-0069","colistin","",">8",">","8","mg/L","MIC","","","Beckman Coulter Inc","CLSI",2021,"","","","Laboratory Method","","[38052776]"
180434,"180434.102","Morganella morganii subsp. morganii JBCDAFI-19-0010","ceftriaxone","","16","","16","mg/L","MIC","","","Beckman Coulter Inc","CLSI",2021,"","","","Laboratory Method","","[38052776]"
180434,"180434.104","Morganella morganii subsp. morganii JBCDAFI-19-0045","ciprofloxacin","","<=0.25","<=","0.25","mg/L","MIC","","","Beckman Coulter Inc","CLSI",2021,"","","","Laboratory Method","","[38052776]"
180434,"180434.91","Morganella morganii subsp. morganii JBABAIF-19-0002","ampicillin/sulbactam","","8/4","","8/4","mg/L","MIC","","","Beckman Coulter Inc","CLSI",2021,"","","","Laboratory Method","","[38052776]"
180434,"180434.127","Morganella morganii subsp. morganii JBCBAAC-19-0071","ciprofloxacin","","<=0.25","<=","0.25","mg/L","MIC","","","Beckman Coulter Inc","CLSI",2021,"","","","Laboratory Method","","[38052776]"
180434,"180434.90","Morganella morganii subsp. morganii JBABAHA-19-0024","ceftazidime","","<=1","<=","1","mg/L","MIC","","","Beckman Coulter Inc","CLSI",2021,"","","","Laboratory Method","","[38052776]"
180434,"180434.111","Morganella morganii subsp. morganii JBCHACG-19-0210","gentamicin","","<=1","<=","1","mg/L","MIC","","","Beckman Coulter Inc","CLSI",2021,"","","","Laboratory Method","","[38052776]"
180434,"180434.93","Morganella morganii subsp. morganii JBABAIF-19-0031","meropenem","","<=0.5","<=","0.5","mg/L","MIC","","","Beckman Coulter Inc","CLSI",2021,"","","","Laboratory Method","","[38052776]"
180434,"180434.99","Morganella morganii subsp. morganii JBCBAAC-19-0019","trimethoprim/sulfamethoxazole","","<=1/19","<=","1/19","mg/L","MIC","","","Beckman Coulter Inc","CLSI",2021,"","","","Laboratory Method","","[38052776]"
180434,"180434.92","Morganella morganii subsp. morganii JBABAIF-19-0010","cefotaxime","","<=0.5","<=","0.5","mg/L","MIC","","","Beckman Coulter Inc","CLSI",2021,"","","","Laboratory Method","","[38052776]"
180434,"180434.114","Morganella morganii subsp. morganii JBCHACG-19-0262","trimethoprim/sulfamethoxazole","","<=1/19","<=","1/19","mg/L","MIC","","","Beckman Coulter Inc","CLSI",2021,"","","","Laboratory Method","","[38052776]"
180434,"180434.120","Morganella morganii subsp. morganii JBDEABG-19-0196","meropenem","","<=0.5","<=","0.5","mg/L","MIC","","","Beckman Coulter Inc","CLSI",2021,"","","","Laboratory Method","","[38052776]"
180434,"180434.104","Morganella morganii subsp. morganii JBCDAFI-19-0045","ampicillin/sulbactam","","32/16","","32/16","mg/L","MIC","","","Beckman Coulter Inc","CLSI",2021,"","","","Laboratory Method","","[38052776]"
180434,"180434.103","Morganella morganii subsp. morganii JBCDAFI-19-0007","trimethoprim/sulfamethoxazole","",">2/38",">","2/38","mg/L","MIC","","","Beckman Coulter Inc","CLSI",2021,"","","","Laboratory Method","","[38052776]"
180434,"180434.115","Morganella morganii subsp. morganii JBCHACG-19-0281","doripenem","","<=0.5","<=","0.5","mg/L","MIC","","","Beckman Coulter Inc","CLSI",2021,"","","","Laboratory Method","","[38052776]"
180434,"180434.102","Morganella morganii subsp. morganii JBCDAFI-19-0010","piperacillin/tazobactam","","8","","8","mg/L","MIC","","","Beckman Coulter Inc","CLSI",2021,"","","","Laboratory Method","","[38052776]"
180434,"180434.91","Morganella morganii subsp. morganii JBABAIF-19-0002","cefuroxime","","<=2","<=","2","mg/L","MIC","","","Beckman Coulter Inc","CLSI",2021,"","","","Laboratory Method","","[38052776]"
180434,"180434.122","Morganella morganii subsp. morganii JBDEABG-19-0368","cefotetan","","2","","2","mg/L","MIC","","","Beckman Coulter Inc","CLSI",2021,"","","","Laboratory Method","","[38052776]"
180434,"180434.91","Morganella morganii subsp. morganii JBABAIF-19-0002","doripenem","","<=0.5","<=","0.5","mg/L","MIC","","","Beckman Coulter Inc","CLSI",2021,"","","","Laboratory Method","","[38052776]"
180434,"180434.127","Morganella morganii subsp. morganii JBCBAAC-19-0071","cefmetazole","","4","","4","mg/L","MIC","","","Beckman Coulter Inc","CLSI",2021,"","","","Laboratory Method","","[38052776]"
180434,"180434.124","Morganella morganii subsp. morganii JBDGAAB-19-0042","gentamicin","","<=1","<=","1","mg/L","MIC","","","Beckman Coulter Inc","CLSI",2021,"","","","Laboratory Method","","[38052776]"
180434,"180434.127","Morganella morganii subsp. morganii JBCBAAC-19-0071","cefotetan","","4","","4","mg/L","MIC","","","Beckman Coulter Inc","CLSI",2021,"","","","Laboratory Method","","[38052776]"
180434,"180434.111","Morganella morganii subsp. morganii JBCHACG-19-0210","cefotetan","","<=1","<=","1","mg/L","MIC","","","Beckman Coulter Inc","CLSI",2021,"","","","Laboratory Method","","[38052776]"
180434,"180434.129","Morganella morganii subsp. morganii JBDGAAB-19-0119","doripenem","","<=0.5","<=","0.5","mg/L","MIC","","","Beckman Coulter Inc","CLSI",2021,"","","","Laboratory Method","","[38052776]"
180434,"180434.103","Morganella morganii subsp. morganii JBCDAFI-19-0007","ceftazidime","","<=1","<=","1","mg/L","MIC","","","Beckman Coulter Inc","CLSI",2021,"","","","Laboratory Method","","[38052776]"
180434,"180434.113","Morganella morganii subsp. morganii JBCHACG-19-0244","cefotaxime","","<=0.5","<=","0.5","mg/L","MIC","","","Beckman Coulter Inc","CLSI",2021,"","","","Laboratory Method","","[38052776]"
180434,"180434.117","Morganella morganii subsp. morganii JBCHACG-19-0294","ceftriaxone","","<=0.5","<=","0.5","mg/L","MIC","","","Beckman Coulter Inc","CLSI",2021,"","","","Laboratory Method","","[38052776]"
180434,"180434.112","Morganella morganii subsp. morganii JBCHACG-19-0213","meropenem","","<=0.5","<=","0.5","mg/L","MIC","","","Beckman Coulter Inc","CLSI",2021,"","","","Laboratory Method","","[38052776]"
180434,"180434.91","Morganella morganii subsp. morganii JBABAIF-19-0002","cefepime","","<=1","<=","1","mg/L","MIC","","","Beckman Coulter Inc","CLSI",2021,"","","","Laboratory Method","","[38052776]"
180434,"180434.108","Morganella morganii subsp. morganii JBCDAFI-19-0021","cefotaxime","","<=0.5","<=","0.5","mg/L","MIC","","","Beckman Coulter Inc","CLSI",2021,"","","","Laboratory Method","","[38052776]"
180434,"180434.113","Morganella morganii subsp. morganii JBCHACG-19-0244","piperacillin","",">64",">","64","mg/L","MIC","","","Beckman Coulter Inc","CLSI",2021,"","","","Laboratory Method","","[38052776]"
180434,"180434.123","Morganella morganii subsp. morganii JBDEABG-19-0370","colistin","",">8",">","8","mg/L","MIC","","","Beckman Coulter Inc","CLSI",2021,"","","","Laboratory Method","","[38052776]"
180434,"180434.129","Morganella morganii subsp. morganii JBDGAAB-19-0119","gentamicin","","<=1","<=","1","mg/L","MIC","","","Beckman Coulter Inc","CLSI",2021,"","","","Laboratory Method","","[38052776]"
180434,"180434.107","Morganella morganii subsp. morganii JBCDAFI-19-0024","amikacin","","<=4","<=","4","mg/L","MIC","","","Beckman Coulter Inc","CLSI",2021,"","","","Laboratory Method","","[38052776]"
180434,"180434.97","Morganella morganii subsp. morganii JBAGAAD-19-0041","imipenem","","2","","2","mg/L","MIC","","","Beckman Coulter Inc","CLSI",2021,"","","","Laboratory Method","","[38052776]"
180434,"180434.108","Morganella morganii subsp. morganii JBCDAFI-19-0021","cefmetazole","","4","","4","mg/L","MIC","","","Beckman Coulter Inc","CLSI",2021,"","","","Laboratory Method","","[38052776]"
180434,"180434.100","Morganella morganii subsp. morganii JBCBAAC-19-0070","ciprofloxacin","","<=0.25","<=","0.25","mg/L","MIC","","","Beckman Coulter Inc","CLSI",2021,"","","","Laboratory Method","","[38052776]"
180434,"180434.98","Morganella morganii subsp. morganii JBAGAAD-19-0139","cefmetazole","","4","","4","mg/L","MIC","","","Beckman Coulter Inc","CLSI",2021,"","","","Laboratory Method","","[38052776]"
180434,"180434.98","Morganella morganii subsp. morganii JBAGAAD-19-0139","doripenem","","1","","1","mg/L","MIC","","","Beckman Coulter Inc","CLSI",2021,"","","","Laboratory Method","","[38052776]"
180434,"180434.106","Morganella morganii subsp. morganii JBCDAFI-19-0033","doripenem","","<=0.5","<=","0.5","mg/L","MIC","","","Beckman Coulter Inc","CLSI",2021,"","","","Laboratory Method","","[38052776]"
180434,"180434.113","Morganella morganii subsp. morganii JBCHACG-19-0244","cefotetan","","<=1","<=","1","mg/L","MIC","","","Beckman Coulter Inc","CLSI",2021,"","","","Laboratory Method","","[38052776]"
180434,"180434.117","Morganella morganii subsp. morganii JBCHACG-19-0294","cefuroxime","","8","","8","mg/L","MIC","","","Beckman Coulter Inc","CLSI",2021,"","","","Laboratory Method","","[38052776]"
180434,"180434.97","Morganella morganii subsp. morganii JBAGAAD-19-0041","cefoperazone/sulbactam","","<=8/4","<=","8/4","mg/L","MIC","","","Beckman Coulter Inc","CLSI",2021,"","","","Laboratory Method","","[38052776]"
180434,"180434.96","Morganella morganii subsp. morganii JBAFAAB-19-0038","cefepime","","<=1","<=","1","mg/L","MIC","","","Beckman Coulter Inc","CLSI",2021,"","","","Laboratory Method","","[38052776]"
180434,"180434.128","Morganella morganii subsp. morganii JBDGAAB-19-0043","cefotaxime","","8","","8","mg/L","MIC","","","Beckman Coulter Inc","CLSI",2021,"","","","Laboratory Method","","[38052776]"
180434,"180434.128","Morganella morganii subsp. morganii JBDGAAB-19-0043","trimethoprim/sulfamethoxazole","",">2/38",">","2/38","mg/L","MIC","","","Beckman Coulter Inc","CLSI",2021,"","","","Laboratory Method","","[38052776]"
180434,"180434.115","Morganella morganii subsp. morganii JBCHACG-19-0281","cefotaxime","","8","","8","mg/L","MIC","","","Beckman Coulter Inc","CLSI",2021,"","","","Laboratory Method","","[38052776]"
180434,"180434.97","Morganella morganii subsp. morganii JBAGAAD-19-0041","ampicillin/sulbactam","","16/8","","16/8","mg/L","MIC","","","Beckman Coulter Inc","CLSI",2021,"","","","Laboratory Method","","[38052776]"
180434,"180434.125","Morganella morganii subsp. morganii JBDGAAB-19-0069","gentamicin","","<=1","<=","1","mg/L","MIC","","","Beckman Coulter Inc","CLSI",2021,"","","","Laboratory Method","","[38052776]"
180434,"180434.127","Morganella morganii subsp. morganii JBCBAAC-19-0071","levofloxacin","","<=0.5","<=","0.5","mg/L","MIC","","","Beckman Coulter Inc","CLSI",2021,"","","","Laboratory Method","","[38052776]"
180434,"180434.101","Morganella morganii subsp. morganii JBCBAAC-19-0077","ciprofloxacin","","<=0.25","<=","0.25","mg/L","MIC","","","Beckman Coulter Inc","CLSI",2021,"","","","Laboratory Method","","[38052776]"
180434,"180434.126","Morganella morganii subsp. morganii JBDGAAB-19-0096","minocycline","","4","","4","mg/L","MIC","","","Beckman Coulter Inc","CLSI",2021,"","","","Laboratory Method","","[38052776]"
180434,"180434.117","Morganella morganii subsp. morganii JBCHACG-19-0294","doripenem","","<=0.5","<=","0.5","mg/L","MIC","","","Beckman Coulter Inc","CLSI",2021,"","","","Laboratory Method","","[38052776]"
180434,"180434.91","Morganella morganii subsp. morganii JBABAIF-19-0002","cefmetazole","","2","","2","mg/L","MIC","","","Beckman Coulter Inc","CLSI",2021,"","","","Laboratory Method","","[38052776]"
180434,"180434.125","Morganella morganii subsp. morganii JBDGAAB-19-0069","fosfomycin","",">16",">","16","mg/L","MIC","","","Beckman Coulter Inc","CLSI",2021,"","","","Laboratory Method","","[38052776]"
180434,"180434.90","Morganella morganii subsp. morganii JBABAHA-19-0024","levofloxacin","","<=0.5","<=","0.5","mg/L","MIC","","","Beckman Coulter Inc","CLSI",2021,"","","","Laboratory Method","","[38052776]"
180434,"180434.124","Morganella morganii subsp. morganii JBDGAAB-19-0042","ciprofloxacin","","4","","4","mg/L","MIC","","","Beckman Coulter Inc","CLSI",2021,"","","","Laboratory Method","","[38052776]"
180434,"180434.124","Morganella morganii subsp. morganii JBDGAAB-19-0042","cefpodoxime","","32","","32","mg/L","MIC","","","Beckman Coulter Inc","CLSI",2021,"","","","Laboratory Method","","[38052776]"
180434,"180434.92","Morganella morganii subsp. morganii JBABAIF-19-0010","chloramphenicol","","<=8","<=","8","mg/L","MIC","","","Beckman Coulter Inc","CLSI",2021,"","","","Laboratory Method","","[38052776]"
180434,"180434.106","Morganella morganii subsp. morganii JBCDAFI-19-0033","cefepime","","<=1","<=","1","mg/L","MIC","","","Beckman Coulter Inc","CLSI",2021,"","","","Laboratory Method","","[38052776]"
180434,"180434.125","Morganella morganii subsp. morganii JBDGAAB-19-0069","piperacillin/tazobactam","","<=4","<=","4","mg/L","MIC","","","Beckman Coulter Inc","CLSI",2021,"","","","Laboratory Method","","[38052776]"
180434,"180434.94","Morganella morganii subsp. morganii JBABAIF-19-0033","tobramycin","","<=1","<=","1","mg/L","MIC","","","Beckman Coulter Inc","CLSI",2021,"","","","Laboratory Method","","[38052776]"
180434,"180434.123","Morganella morganii subsp. morganii JBDEABG-19-0370","meropenem","","<=0.5","<=","0.5","mg/L","MIC","","","Beckman Coulter Inc","CLSI",2021,"","","","Laboratory Method","","[38052776]"
180434,"180434.100","Morganella morganii subsp. morganii JBCBAAC-19-0070","ampicillin/sulbactam","","16/8","","16/8","mg/L","MIC","","","Beckman Coulter Inc","CLSI",2021,"","","","Laboratory Method","","[38052776]"
180434,"180434.128","Morganella morganii subsp. morganii JBDGAAB-19-0043","cefotaxime/clavulanic acid","",">32",">","32","mg/L","MIC","","","Beckman Coulter Inc","CLSI",2021,"","","","Laboratory Method","","[38052776]"
180434,"180434.115","Morganella morganii subsp. morganii JBCHACG-19-0281","amikacin","","<=4","<=","4","mg/L","MIC","","","Beckman Coulter Inc","CLSI",2021,"","","","Laboratory Method","","[38052776]"
180434,"180434.115","Morganella morganii subsp. morganii JBCHACG-19-0281","ceftazidime","",">16",">","16","mg/L","MIC","","","Beckman Coulter Inc","CLSI",2021,"","","","Laboratory Method","","[38052776]"
180434,"180434.91","Morganella morganii subsp. morganii JBABAIF-19-0002","ceftazidime","","<=1","<=","1","mg/L","MIC","","","Beckman Coulter Inc","CLSI",2021,"","","","Laboratory Method","","[38052776]"
180434,"180434.127","Morganella morganii subsp. morganii JBCBAAC-19-0071","fosfomycin","",">16",">","16","mg/L","MIC","","","Beckman Coulter Inc","CLSI",2021,"","","","Laboratory Method","","[38052776]"
180434,"180434.90","Morganella morganii subsp. morganii JBABAHA-19-0024","cefotetan","","<=1","<=","1","mg/L","MIC","","","Beckman Coulter Inc","CLSI",2021,"","","","Laboratory Method","","[38052776]"
180434,"180434.104","Morganella morganii subsp. morganii JBCDAFI-19-0045","cefotaxime/clavulanic acid","","8","","8","mg/L","MIC","","","Beckman Coulter Inc","CLSI",2021,"","","","Laboratory Method","","[38052776]"
180434,"180434.131","Morganella morganii subsp. morganii JBEAAAD-19-0164","ceftazidime/clavulanic acid","","32","","32","mg/L","MIC","","","Beckman Coulter Inc","CLSI",2021,"","","","Laboratory Method","","[38052776]"
180434,"180434.106","Morganella morganii subsp. morganii JBCDAFI-19-0033","cefotaxime","","<=0.5","<=","0.5","mg/L","MIC","","","Beckman Coulter Inc","CLSI",2021,"","","","Laboratory Method","","[38052776]"
180434,"180434.107","Morganella morganii subsp. morganii JBCDAFI-19-0024","gentamicin","","<=1","<=","1","mg/L","MIC","","","Beckman Coulter Inc","CLSI",2021,"","","","Laboratory Method","","[38052776]"
180434,"180434.98","Morganella morganii subsp. morganii JBAGAAD-19-0139","tigecycline","","2","","2","mg/L","MIC","","","Beckman Coulter Inc","CLSI",2021,"","","","Laboratory Method","","[38052776]"
180434,"180434.108","Morganella morganii subsp. morganii JBCDAFI-19-0021","cefozopran","","<=1","<=","1","mg/L","MIC","","","Beckman Coulter Inc","CLSI",2021,"","","","Laboratory Method","","[38052776]"
180434,"180434.130","Morganella morganii subsp. morganii JBDGAAB-19-0120","cefozopran","","<=1","<=","1","mg/L","MIC","","","Beckman Coulter Inc","CLSI",2021,"","","","Laboratory Method","","[38052776]"
180434,"180434.119","Morganella morganii subsp. morganii JBCHACG-19-0477","tobramycin","","<=1","<=","1","mg/L","MIC","","","Beckman Coulter Inc","CLSI",2021,"","","","Laboratory Method","","[38052776]"
180434,"180434.95","Morganella morganii subsp. morganii JBAFAAB-19-0019","imipenem","","4","","4","mg/L","MIC","","","Beckman Coulter Inc","CLSI",2021,"","","","Laboratory Method","","[38052776]"
180434,"180434.99","Morganella morganii subsp. morganii JBCBAAC-19-0019","levofloxacin","","<=0.5","<=","0.5","mg/L","MIC","","","Beckman Coulter Inc","CLSI",2021,"","","","Laboratory Method","","[38052776]"
180434,"180434.94","Morganella morganii subsp. morganii JBABAIF-19-0033","trimethoprim/sulfamethoxazole","","<=1/19","<=","1/19","mg/L","MIC","","","Beckman Coulter Inc","CLSI",2021,"","","","Laboratory Method","","[38052776]"
180434,"180434.116","Morganella morganii subsp. morganii JBCHACG-19-0278","fosfomycin","",">16",">","16","mg/L","MIC","","","Beckman Coulter Inc","CLSI",2021,"","","","Laboratory Method","","[38052776]"
180434,"180434.96","Morganella morganii subsp. morganii JBAFAAB-19-0038","ceftazidime/clavulanic acid","","16","","16","mg/L","MIC","","","Beckman Coulter Inc","CLSI",2021,"","","","Laboratory Method","","[38052776]"
180434,"180434.117","Morganella morganii subsp. morganii JBCHACG-19-0294","levofloxacin","","<=0.5","<=","0.5","mg/L","MIC","","","Beckman Coulter Inc","CLSI",2021,"","","","Laboratory Method","","[38052776]"
180434,"180434.106","Morganella morganii subsp. morganii JBCDAFI-19-0033","tobramycin","","<=1","<=","1","mg/L","MIC","","","Beckman Coulter Inc","CLSI",2021,"","","","Laboratory Method","","[38052776]"
180434,"180434.97","Morganella morganii subsp. morganii JBAGAAD-19-0041","tigecycline","","1","","1","mg/L","MIC","","","Beckman Coulter Inc","CLSI",2021,"","","","Laboratory Method","","[38052776]"
180434,"180434.124","Morganella morganii subsp. morganii JBDGAAB-19-0042","colistin","",">8",">","8","mg/L","MIC","","","Beckman Coulter Inc","CLSI",2021,"","","","Laboratory Method","","[38052776]"
180434,"180434.105","Morganella morganii subsp. morganii JBCDAFI-19-0031","tobramycin","","8","","8","mg/L","MIC","","","Beckman Coulter Inc","CLSI",2021,"","","","Laboratory Method","","[38052776]"
180434,"180434.107","Morganella morganii subsp. morganii JBCDAFI-19-0024","minocycline","","4","","4","mg/L","MIC","","","Beckman Coulter Inc","CLSI",2021,"","","","Laboratory Method","","[38052776]"
180434,"180434.115","Morganella morganii subsp. morganii JBCHACG-19-0281","cefmetazole","","4","","4","mg/L","MIC","","","Beckman Coulter Inc","CLSI",2021,"","","","Laboratory Method","","[38052776]"
180434,"180434.115","Morganella morganii subsp. morganii JBCHACG-19-0281","ceftazidime/clavulanic acid","",">32",">","32","mg/L","MIC","","","Beckman Coulter Inc","CLSI",2021,"","","","Laboratory Method","","[38052776]"
180434,"180434.109","Morganella morganii subsp. morganii JBCHAAB-19-0057","fosfomycin","","16","","16","mg/L","MIC","","","Beckman Coulter Inc","CLSI",2021,"","","","Laboratory Method","","[38052776]"
180434,"180434.105","Morganella morganii subsp. morganii JBCDAFI-19-0031","fosfomycin","","16","","16","mg/L","MIC","","","Beckman Coulter Inc","CLSI",2021,"","","","Laboratory Method","","[38052776]"
180434,"180434.96","Morganella morganii subsp. morganii JBAFAAB-19-0038","gentamicin","","<=1","<=","1","mg/L","MIC","","","Beckman Coulter Inc","CLSI",2021,"","","","Laboratory Method","","[38052776]"
180434,"180434.108","Morganella morganii subsp. morganii JBCDAFI-19-0021","cefpodoxime","","16","","16","mg/L","MIC","","","Beckman Coulter Inc","CLSI",2021,"","","","Laboratory Method","","[38052776]"
180434,"180434.91","Morganella morganii subsp. morganii JBABAIF-19-0002","gentamicin","","<=1","<=","1","mg/L","MIC","","","Beckman Coulter Inc","CLSI",2021,"","","","Laboratory Method","","[38052776]"
180434,"180434.115","Morganella morganii subsp. morganii JBCHACG-19-0281","ciprofloxacin","","<=0.25","<=","0.25","mg/L","MIC","","","Beckman Coulter Inc","CLSI",2021,"","","","Laboratory Method","","[38052776]"
180434,"180434.119","Morganella morganii subsp. morganii JBCHACG-19-0477","colistin","",">8",">","8","mg/L","MIC","","","Beckman Coulter Inc","CLSI",2021,"","","","Laboratory Method","","[38052776]"
180434,"180434.112","Morganella morganii subsp. morganii JBCHACG-19-0213","minocycline","","4","","4","mg/L","MIC","","","Beckman Coulter Inc","CLSI",2021,"","","","Laboratory Method","","[38052776]"
180434,"180434.113","Morganella morganii subsp. morganii JBCHACG-19-0244","cefotaxime/clavulanic acid","","1","","1","mg/L","MIC","","","Beckman Coulter Inc","CLSI",2021,"","","","Laboratory Method","","[38052776]"
180434,"180434.115","Morganella morganii subsp. morganii JBCHACG-19-0281","trimethoprim/sulfamethoxazole","","<=1/19","<=","1/19","mg/L","MIC","","","Beckman Coulter Inc","CLSI",2021,"","","","Laboratory Method","","[38052776]"
180434,"180434.125","Morganella morganii subsp. morganii JBDGAAB-19-0069","cefpodoxime","","16","","16","mg/L","MIC","","","Beckman Coulter Inc","CLSI",2021,"","","","Laboratory Method","","[38052776]"
180434,"180434.121","Morganella morganii subsp. morganii JBDEABG-19-0366","cefpodoxime","",">64",">","64","mg/L","MIC","","","Beckman Coulter Inc","CLSI",2021,"","","","Laboratory Method","","[38052776]"
180434,"180434.99","Morganella morganii subsp. morganii JBCBAAC-19-0019","ceftazidime","","<=1","<=","1","mg/L","MIC","","","Beckman Coulter Inc","CLSI",2021,"","","","Laboratory Method","","[38052776]"
180434,"180434.93","Morganella morganii subsp. morganii JBABAIF-19-0031","cefmetazole","","4","","4","mg/L","MIC","","","Beckman Coulter Inc","CLSI",2021,"","","","Laboratory Method","","[38052776]"
180434,"180434.131","Morganella morganii subsp. morganii JBEAAAD-19-0164","levofloxacin","","<=0.5","<=","0.5","mg/L","MIC","","","Beckman Coulter Inc","CLSI",2021,"","","","Laboratory Method","","[38052776]"
180434,"180434.130","Morganella morganii subsp. morganii JBDGAAB-19-0120","minocycline","","8","","8","mg/L","MIC","","","Beckman Coulter Inc","CLSI",2021,"","","","Laboratory Method","","[38052776]"
180434,"180434.127","Morganella morganii subsp. morganii JBCBAAC-19-0071","piperacillin/tazobactam","","<=4","<=","4","mg/L","MIC","","","Beckman Coulter Inc","CLSI",2021,"","","","Laboratory Method","","[38052776]"
180434,"180434.107","Morganella morganii subsp. morganii JBCDAFI-19-0024","doripenem","","<=0.5","<=","0.5","mg/L","MIC","","","Beckman Coulter Inc","CLSI",2021,"","","","Laboratory Method","","[38052776]"
180434,"180434.90","Morganella morganii subsp. morganii JBABAHA-19-0024","fosfomycin","",">16",">","16","mg/L","MIC","","","Beckman Coulter Inc","CLSI",2021,"","","","Laboratory Method","","[38052776]"
180434,"180434.98","Morganella morganii subsp. morganii JBAGAAD-19-0139","piperacillin","","64","","64","mg/L","MIC","","","Beckman Coulter Inc","CLSI",2021,"","","","Laboratory Method","","[38052776]"
180434,"180434.116","Morganella morganii subsp. morganii JBCHACG-19-0278","piperacillin","",">64",">","64","mg/L","MIC","","","Beckman Coulter Inc","CLSI",2021,"","","","Laboratory Method","","[38052776]"
180434,"180434.112","Morganella morganii subsp. morganii JBCHACG-19-0213","cefotaxime/clavulanic acid","","4","","4","mg/L","MIC","","","Beckman Coulter Inc","CLSI",2021,"","","","Laboratory Method","","[38052776]"
180434,"180434.103","Morganella morganii subsp. morganii JBCDAFI-19-0007","minocycline","",">8",">","8","mg/L","MIC","","","Beckman Coulter Inc","CLSI",2021,"","","","Laboratory Method","","[38052776]"
180434,"180434.129","Morganella morganii subsp. morganii JBDGAAB-19-0119","trimethoprim/sulfamethoxazole","","<=1/19","<=","1/19","mg/L","MIC","","","Beckman Coulter Inc","CLSI",2021,"","","","Laboratory Method","","[38052776]"
180434,"180434.96","Morganella morganii subsp. morganii JBAFAAB-19-0038","colistin","",">8",">","8","mg/L","MIC","","","Beckman Coulter Inc","CLSI",2021,"","","","Laboratory Method","","[38052776]"
180434,"180434.122","Morganella morganii subsp. morganii JBDEABG-19-0368","chloramphenicol","","<=8","<=","8","mg/L","MIC","","","Beckman Coulter Inc","CLSI",2021,"","","","Laboratory Method","","[38052776]"
180434,"180434.110","Morganella morganii subsp. morganii JBCHACG-19-0354","levofloxacin","","<=0.5","<=","0.5","mg/L","MIC","","","Beckman Coulter Inc","CLSI",2021,"","","","Laboratory Method","","[38052776]"
180434,"180434.109","Morganella morganii subsp. morganii JBCHAAB-19-0057","tigecycline","","1","","1","mg/L","MIC","","","Beckman Coulter Inc","CLSI",2021,"","","","Laboratory Method","","[38052776]"
180434,"180434.95","Morganella morganii subsp. morganii JBAFAAB-19-0019","gentamicin","","<=1","<=","1","mg/L","MIC","","","Beckman Coulter Inc","CLSI",2021,"","","","Laboratory Method","","[38052776]"
180434,"180434.110","Morganella morganii subsp. morganii JBCHACG-19-0354","imipenem","","4","","4","mg/L","MIC","","","Beckman Coulter Inc","CLSI",2021,"","","","Laboratory Method","","[38052776]"
180434,"180434.107","Morganella morganii subsp. morganii JBCDAFI-19-0024","cefuroxime","","8","","8","mg/L","MIC","","","Beckman Coulter Inc","CLSI",2021,"","","","Laboratory Method","","[38052776]"
180434,"180434.91","Morganella morganii subsp. morganii JBABAIF-19-0002","fosfomycin","",">16",">","16","mg/L","MIC","","","Beckman Coulter Inc","CLSI",2021,"","","","Laboratory Method","","[38052776]"
180434,"180434.116","Morganella morganii subsp. morganii JBCHACG-19-0278","levofloxacin","","<=0.5","<=","0.5","mg/L","MIC","","","Beckman Coulter Inc","CLSI",2021,"","","","Laboratory Method","","[38052776]"
180434,"180434.112","Morganella morganii subsp. morganii JBCHACG-19-0213","piperacillin/tazobactam","","<=4","<=","4","mg/L","MIC","","","Beckman Coulter Inc","CLSI",2021,"","","","Laboratory Method","","[38052776]"
180434,"180434.101","Morganella morganii subsp. morganii JBCBAAC-19-0077","cefpodoxime","",">64",">","64","mg/L","MIC","","","Beckman Coulter Inc","CLSI",2021,"","","","Laboratory Method","","[38052776]"
180434,"180434.115","Morganella morganii subsp. morganii JBCHACG-19-0281","colistin","",">8",">","8","mg/L","MIC","","","Beckman Coulter Inc","CLSI",2021,"","","","Laboratory Method","","[38052776]"
180434,"180434.113","Morganella morganii subsp. morganii JBCHACG-19-0244","cefoperazone/sulbactam","","<=8/4","<=","8/4","mg/L","MIC","","","Beckman Coulter Inc","CLSI",2021,"","","","Laboratory Method","","[38052776]"
180434,"180434.130","Morganella morganii subsp. morganii JBDGAAB-19-0120","amikacin","","<=4","<=","4","mg/L","MIC","","","Beckman Coulter Inc","CLSI",2021,"","","","Laboratory Method","","[38052776]"
180434,"180434.126","Morganella morganii subsp. morganii JBDGAAB-19-0096","levofloxacin","","<=0.5","<=","0.5","mg/L","MIC","","","Beckman Coulter Inc","CLSI",2021,"","","","Laboratory Method","","[38052776]"
180434,"180434.100","Morganella morganii subsp. morganii JBCBAAC-19-0070","tigecycline","","1","","1","mg/L","MIC","","","Beckman Coulter Inc","CLSI",2021,"","","","Laboratory Method","","[38052776]"
180434,"180434.123","Morganella morganii subsp. morganii JBDEABG-19-0370","cefotaxime/clavulanic acid","","32","","32","mg/L","MIC","","","Beckman Coulter Inc","CLSI",2021,"","","","Laboratory Method","","[38052776]"
180434,"180434.93","Morganella morganii subsp. morganii JBABAIF-19-0031","cefotaxime","","8","","8","mg/L","MIC","","","Beckman Coulter Inc","CLSI",2021,"","","","Laboratory Method","","[38052776]"
180434,"180434.103","Morganella morganii subsp. morganii JBCDAFI-19-0007","cefuroxime","","4","","4","mg/L","MIC","","","Beckman Coulter Inc","CLSI",2021,"","","","Laboratory Method","","[38052776]"
180434,"180434.126","Morganella morganii subsp. morganii JBDGAAB-19-0096","ceftazidime/clavulanic acid","","8","","8","mg/L","MIC","","","Beckman Coulter Inc","CLSI",2021,"","","","Laboratory Method","","[38052776]"
180434,"180434.116","Morganella morganii subsp. morganii JBCHACG-19-0278","ciprofloxacin","","<=0.25","<=","0.25","mg/L","MIC","","","Beckman Coulter Inc","CLSI",2021,"","","","Laboratory Method","","[38052776]"
180434,"180434.109","Morganella morganii subsp. morganii JBCHAAB-19-0057","ampicillin/sulbactam","",">32/16",">","32/16","mg/L","MIC","","","Beckman Coulter Inc","CLSI",2021,"","","","Laboratory Method","","[38052776]"
180434,"180434.131","Morganella morganii subsp. morganii JBEAAAD-19-0164","ampicillin/sulbactam","","32/16","","32/16","mg/L","MIC","","","Beckman Coulter Inc","CLSI",2021,"","","","Laboratory Method","","[38052776]"
180434,"180434.126","Morganella morganii subsp. morganii JBDGAAB-19-0096","ceftriaxone","","1","","1","mg/L","MIC","","","Beckman Coulter Inc","CLSI",2021,"","","","Laboratory Method","","[38052776]"
180434,"180434.106","Morganella morganii subsp. morganii JBCDAFI-19-0033","piperacillin/tazobactam","","<=4","<=","4","mg/L","MIC","","","Beckman Coulter Inc","CLSI",2021,"","","","Laboratory Method","","[38052776]"
180434,"180434.102","Morganella morganii subsp. morganii JBCDAFI-19-0010","trimethoprim/sulfamethoxazole","",">2/38",">","2/38","mg/L","MIC","","","Beckman Coulter Inc","CLSI",2021,"","","","Laboratory Method","","[38052776]"
180434,"180434.108","Morganella morganii subsp. morganii JBCDAFI-19-0021","cefotetan","","<=1","<=","1","mg/L","MIC","","","Beckman Coulter Inc","CLSI",2021,"","","","Laboratory Method","","[38052776]"
180434,"180434.124","Morganella morganii subsp. morganii JBDGAAB-19-0042","cefozopran","","4","","4","mg/L","MIC","","","Beckman Coulter Inc","CLSI",2021,"","","","Laboratory Method","","[38052776]"
180434,"180434.110","Morganella morganii subsp. morganii JBCHACG-19-0354","aztreonam","","<=1","<=","1","mg/L","MIC","","","Beckman Coulter Inc","CLSI",2021,"","","","Laboratory Method","","[38052776]"
180434,"180434.92","Morganella morganii subsp. morganii JBABAIF-19-0010","meropenem","","<=0.5","<=","0.5","mg/L","MIC","","","Beckman Coulter Inc","CLSI",2021,"","","","Laboratory Method","","[38052776]"
180434,"180434.115","Morganella morganii subsp. morganii JBCHACG-19-0281","levofloxacin","","<=0.5","<=","0.5","mg/L","MIC","","","Beckman Coulter Inc","CLSI",2021,"","","","Laboratory Method","","[38052776]"
180434,"180434.94","Morganella morganii subsp. morganii JBABAIF-19-0033","ampicillin/sulbactam","","8/4","","8/4","mg/L","MIC","","","Beckman Coulter Inc","CLSI",2021,"","","","Laboratory Method","","[38052776]"
180434,"180434.120","Morganella morganii subsp. morganii JBDEABG-19-0196","amikacin","","<=4","<=","4","mg/L","MIC","","","Beckman Coulter Inc","CLSI",2021,"","","","Laboratory Method","","[38052776]"
180434,"180434.101","Morganella morganii subsp. morganii JBCBAAC-19-0077","ampicillin/sulbactam","","32/16","","32/16","mg/L","MIC","","","Beckman Coulter Inc","CLSI",2021,"","","","Laboratory Method","","[38052776]"
180434,"180434.96","Morganella morganii subsp. morganii JBAFAAB-19-0038","cefotaxime","","4","","4","mg/L","MIC","","","Beckman Coulter Inc","CLSI",2021,"","","","Laboratory Method","","[38052776]"
180434,"180434.108","Morganella morganii subsp. morganii JBCDAFI-19-0021","cefuroxime","","8","","8","mg/L","MIC","","","Beckman Coulter Inc","CLSI",2021,"","","","Laboratory Method","","[38052776]"
180434,"180434.130","Morganella morganii subsp. morganii JBDGAAB-19-0120","meropenem","","<=0.5","<=","0.5","mg/L","MIC","","","Beckman Coulter Inc","CLSI",2021,"","","","Laboratory Method","","[38052776]"
180434,"180434.94","Morganella morganii subsp. morganii JBABAIF-19-0033","amikacin","","<=4","<=","4","mg/L","MIC","","","Beckman Coulter Inc","CLSI",2021,"","","","Laboratory Method","","[38052776]"
180434,"180434.128","Morganella morganii subsp. morganii JBDGAAB-19-0043","colistin","",">8",">","8","mg/L","MIC","","","Beckman Coulter Inc","CLSI",2021,"","","","Laboratory Method","","[38052776]"
180434,"180434.107","Morganella morganii subsp. morganii JBCDAFI-19-0024","ciprofloxacin","","<=0.25","<=","0.25","mg/L","MIC","","","Beckman Coulter Inc","CLSI",2021,"","","","Laboratory Method","","[38052776]"
180434,"180434.110","Morganella morganii subsp. morganii JBCHACG-19-0354","cefoperazone/sulbactam","","<=8/4","<=","8/4","mg/L","MIC","","","Beckman Coulter Inc","CLSI",2021,"","","","Laboratory Method","","[38052776]"
180434,"180434.112","Morganella morganii subsp. morganii JBCHACG-19-0213","cefpodoxime","","32","","32","mg/L","MIC","","","Beckman Coulter Inc","CLSI",2021,"","","","Laboratory Method","","[38052776]"
180434,"180434.125","Morganella morganii subsp. morganii JBDGAAB-19-0069","cefotaxime/clavulanic acid","","8","","8","mg/L","MIC","","","Beckman Coulter Inc","CLSI",2021,"","","","Laboratory Method","","[38052776]"
180434,"180434.120","Morganella morganii subsp. morganii JBDEABG-19-0196","cefpodoxime","",">64",">","64","mg/L","MIC","","","Beckman Coulter Inc","CLSI",2021,"","","","Laboratory Method","","[38052776]"
180434,"180434.105","Morganella morganii subsp. morganii JBCDAFI-19-0031","doripenem","","<=0.5","<=","0.5","mg/L","MIC","","","Beckman Coulter Inc","CLSI",2021,"","","","Laboratory Method","","[38052776]"
180434,"180434.129","Morganella morganii subsp. morganii JBDGAAB-19-0119","amikacin","","8","","8","mg/L","MIC","","","Beckman Coulter Inc","CLSI",2021,"","","","Laboratory Method","","[38052776]"
180434,"180434.105","Morganella morganii subsp. morganii JBCDAFI-19-0031","minocycline","",">8",">","8","mg/L","MIC","","","Beckman Coulter Inc","CLSI",2021,"","","","Laboratory Method","","[38052776]"
180434,"180434.113","Morganella morganii subsp. morganii JBCHACG-19-0244","ceftazidime","","<=1","<=","1","mg/L","MIC","","","Beckman Coulter Inc","CLSI",2021,"","","","Laboratory Method","","[38052776]"
180434,"180434.102","Morganella morganii subsp. morganii JBCDAFI-19-0010","cefotaxime/clavulanic acid","","16","","16","mg/L","MIC","","","Beckman Coulter Inc","CLSI",2021,"","","","Laboratory Method","","[38052776]"
180434,"180434.124","Morganella morganii subsp. morganii JBDGAAB-19-0042","meropenem","","<=0.5","<=","0.5","mg/L","MIC","","","Beckman Coulter Inc","CLSI",2021,"","","","Laboratory Method","","[38052776]"
180434,"180434.94","Morganella morganii subsp. morganii JBABAIF-19-0033","cefotaxime/clavulanic acid","","<=0.12","<=","0.12","mg/L","MIC","","","Beckman Coulter Inc","CLSI",2021,"","","","Laboratory Method","","[38052776]"
180434,"180434.114","Morganella morganii subsp. morganii JBCHACG-19-0262","tigecycline","","1","","1","mg/L","MIC","","","Beckman Coulter Inc","CLSI",2021,"","","","Laboratory Method","","[38052776]"
180434,"180434.109","Morganella morganii subsp. morganii JBCHAAB-19-0057","cefpodoxime","",">64",">","64","mg/L","MIC","","","Beckman Coulter Inc","CLSI",2021,"","","","Laboratory Method","","[38052776]"
180434,"180434.112","Morganella morganii subsp. morganii JBCHACG-19-0213","cefepime","","<=1","<=","1","mg/L","MIC","","","Beckman Coulter Inc","CLSI",2021,"","","","Laboratory Method","","[38052776]"
180434,"180434.114","Morganella morganii subsp. morganii JBCHACG-19-0262","cefotaxime/clavulanic acid","","4","","4","mg/L","MIC","","","Beckman Coulter Inc","CLSI",2021,"","","","Laboratory Method","","[38052776]"
180434,"180434.92","Morganella morganii subsp. morganii JBABAIF-19-0010","trimethoprim/sulfamethoxazole","","<=1/19","<=","1/19","mg/L","MIC","","","Beckman Coulter Inc","CLSI",2021,"","","","Laboratory Method","","[38052776]"
180434,"180434.95","Morganella morganii subsp. morganii JBAFAAB-19-0019","aztreonam","","16","","16","mg/L","MIC","","","Beckman Coulter Inc","CLSI",2021,"","","","Laboratory Method","","[38052776]"
180434,"180434.116","Morganella morganii subsp. morganii JBCHACG-19-0278","ampicillin/sulbactam","","32/16","","32/16","mg/L","MIC","","","Beckman Coulter Inc","CLSI",2021,"","","","Laboratory Method","","[38052776]"
180434,"180434.103","Morganella morganii subsp. morganii JBCDAFI-19-0007","tobramycin","","8","","8","mg/L","MIC","","","Beckman Coulter Inc","CLSI",2021,"","","","Laboratory Method","","[38052776]"
180434,"180434.125","Morganella morganii subsp. morganii JBDGAAB-19-0069","tobramycin","","<=1","<=","1","mg/L","MIC","","","Beckman Coulter Inc","CLSI",2021,"","","","Laboratory Method","","[38052776]"
180434,"180434.99","Morganella morganii subsp. morganii JBCBAAC-19-0019","cefotaxime/clavulanic acid","","<=0.12","<=","0.12","mg/L","MIC","","","Beckman Coulter Inc","CLSI",2021,"","","","Laboratory Method","","[38052776]"
180434,"180434.121","Morganella morganii subsp. morganii JBDEABG-19-0366","amikacin","","16","","16","mg/L","MIC","","","Beckman Coulter Inc","CLSI",2021,"","","","Laboratory Method","","[38052776]"
180434,"180434.110","Morganella morganii subsp. morganii JBCHACG-19-0354","piperacillin/tazobactam","","<=4","<=","4","mg/L","MIC","","","Beckman Coulter Inc","CLSI",2021,"","","","Laboratory Method","","[38052776]"
180434,"180434.128","Morganella morganii subsp. morganii JBDGAAB-19-0043","minocycline","",">8",">","8","mg/L","MIC","","","Beckman Coulter Inc","CLSI",2021,"","","","Laboratory Method","","[38052776]"
180434,"180434.93","Morganella morganii subsp. morganii JBABAIF-19-0031","chloramphenicol","","<=8","<=","8","mg/L","MIC","","","Beckman Coulter Inc","CLSI",2021,"","","","Laboratory Method","","[38052776]"
180434,"180434.100","Morganella morganii subsp. morganii JBCBAAC-19-0070","piperacillin","","<=4","<=","4","mg/L","MIC","","","Beckman Coulter Inc","CLSI",2021,"","","","Laboratory Method","","[38052776]"
180434,"180434.114","Morganella morganii subsp. morganii JBCHACG-19-0262","ampicillin/sulbactam","","16/8","","16/8","mg/L","MIC","","","Beckman Coulter Inc","CLSI",2021,"","","","Laboratory Method","","[38052776]"
180434,"180434.98","Morganella morganii subsp. morganii JBAGAAD-19-0139","cefozopran","","8","","8","mg/L","MIC","","","Beckman Coulter Inc","CLSI",2021,"","","","Laboratory Method","","[38052776]"
180434,"180434.121","Morganella morganii subsp. morganii JBDEABG-19-0366","gentamicin","","4","","4","mg/L","MIC","","","Beckman Coulter Inc","CLSI",2021,"","","","Laboratory Method","","[38052776]"
180434,"180434.120","Morganella morganii subsp. morganii JBDEABG-19-0196","fosfomycin","",">16",">","16","mg/L","MIC","","","Beckman Coulter Inc","CLSI",2021,"","","","Laboratory Method","","[38052776]"
180434,"180434.100","Morganella morganii subsp. morganii JBCBAAC-19-0070","ceftriaxone","","<=0.5","<=","0.5","mg/L","MIC","","","Beckman Coulter Inc","CLSI",2021,"","","","Laboratory Method","","[38052776]"
180434,"180434.113","Morganella morganii subsp. morganii JBCHACG-19-0244","colistin","",">8",">","8","mg/L","MIC","","","Beckman Coulter Inc","CLSI",2021,"","","","Laboratory Method","","[38052776]"
180434,"180434.95","Morganella morganii subsp. morganii JBAFAAB-19-0019","cefotaxime/clavulanic acid","","16","","16","mg/L","MIC","","","Beckman Coulter Inc","CLSI",2021,"","","","Laboratory Method","","[38052776]"
180434,"180434.117","Morganella morganii subsp. morganii JBCHACG-19-0294","aztreonam","","<=1","<=","1","mg/L","MIC","","","Beckman Coulter Inc","CLSI",2021,"","","","Laboratory Method","","[38052776]"
180434,"180434.120","Morganella morganii subsp. morganii JBDEABG-19-0196","minocycline","",">8",">","8","mg/L","MIC","","","Beckman Coulter Inc","CLSI",2021,"","","","Laboratory Method","","[38052776]"
180434,"180434.111","Morganella morganii subsp. morganii JBCHACG-19-0210","doripenem","","<=0.5","<=","0.5","mg/L","MIC","","","Beckman Coulter Inc","CLSI",2021,"","","","Laboratory Method","","[38052776]"
180434,"180434.99","Morganella morganii subsp. morganii JBCBAAC-19-0019","meropenem","","<=0.5","<=","0.5","mg/L","MIC","","","Beckman Coulter Inc","CLSI",2021,"","","","Laboratory Method","","[38052776]"
180434,"180434.91","Morganella morganii subsp. morganii JBABAIF-19-0002","colistin","",">8",">","8","mg/L","MIC","","","Beckman Coulter Inc","CLSI",2021,"","","","Laboratory Method","","[38052776]"
180434,"180434.99","Morganella morganii subsp. morganii JBCBAAC-19-0019","minocycline","","2","","2","mg/L","MIC","","","Beckman Coulter Inc","CLSI",2021,"","","","Laboratory Method","","[38052776]"
180434,"180434.111","Morganella morganii subsp. morganii JBCHACG-19-0210","levofloxacin","","<=0.5","<=","0.5","mg/L","MIC","","","Beckman Coulter Inc","CLSI",2021,"","","","Laboratory Method","","[38052776]"
180434,"180434.97","Morganella morganii subsp. morganii JBAGAAD-19-0041","cefotetan","","<=1","<=","1","mg/L","MIC","","","Beckman Coulter Inc","CLSI",2021,"","","","Laboratory Method","","[38052776]"
180434,"180434.117","Morganella morganii subsp. morganii JBCHACG-19-0294","amikacin","","<=4","<=","4","mg/L","MIC","","","Beckman Coulter Inc","CLSI",2021,"","","","Laboratory Method","","[38052776]"
180434,"180434.99","Morganella morganii subsp. morganii JBCBAAC-19-0019","imipenem","","2","","2","mg/L","MIC","","","Beckman Coulter Inc","CLSI",2021,"","","","Laboratory Method","","[38052776]"
180434,"180434.129","Morganella morganii subsp. morganii JBDGAAB-19-0119","colistin","",">8",">","8","mg/L","MIC","","","Beckman Coulter Inc","CLSI",2021,"","","","Laboratory Method","","[38052776]"
180434,"180434.90","Morganella morganii subsp. morganii JBABAHA-19-0024","cefepime","","<=1","<=","1","mg/L","MIC","","","Beckman Coulter Inc","CLSI",2021,"","","","Laboratory Method","","[38052776]"
180434,"180434.123","Morganella morganii subsp. morganii JBDEABG-19-0370","cefuroxime","","32","","32","mg/L","MIC","","","Beckman Coulter Inc","CLSI",2021,"","","","Laboratory Method","","[38052776]"
180434,"180434.98","Morganella morganii subsp. morganii JBAGAAD-19-0139","cefoperazone/sulbactam","","<=8/4","<=","8/4","mg/L","MIC","","","Beckman Coulter Inc","CLSI",2021,"","","","Laboratory Method","","[38052776]"
180434,"180434.111","Morganella morganii subsp. morganii JBCHACG-19-0210","cefepime","","<=1","<=","1","mg/L","MIC","","","Beckman Coulter Inc","CLSI",2021,"","","","Laboratory Method","","[38052776]"
180434,"180434.129","Morganella morganii subsp. morganii JBDGAAB-19-0119","ceftazidime","","<=1","<=","1","mg/L","MIC","","","Beckman Coulter Inc","CLSI",2021,"","","","Laboratory Method","","[38052776]"
180434,"180434.103","Morganella morganii subsp. morganii JBCDAFI-19-0007","ciprofloxacin","","<=0.25","<=","0.25","mg/L","MIC","","","Beckman Coulter Inc","CLSI",2021,"","","","Laboratory Method","","[38052776]"
180434,"180434.116","Morganella morganii subsp. morganii JBCHACG-19-0278","ceftazidime","","<=1","<=","1","mg/L","MIC","","","Beckman Coulter Inc","CLSI",2021,"","","","Laboratory Method","","[38052776]"
180434,"180434.95","Morganella morganii subsp. morganii JBAFAAB-19-0019","meropenem","","<=0.5","<=","0.5","mg/L","MIC","","","Beckman Coulter Inc","CLSI",2021,"","","","Laboratory Method","","[38052776]"
180434,"180434.94","Morganella morganii subsp. morganii JBABAIF-19-0033","piperacillin/tazobactam","","<=4","<=","4","mg/L","MIC","","","Beckman Coulter Inc","CLSI",2021,"","","","Laboratory Method","","[38052776]"
180434,"180434.114","Morganella morganii subsp. morganii JBCHACG-19-0262","tobramycin","","<=1","<=","1","mg/L","MIC","","","Beckman Coulter Inc","CLSI",2021,"","","","Laboratory Method","","[38052776]"
180434,"180434.102","Morganella morganii subsp. morganii JBCDAFI-19-0010","fosfomycin","",">16",">","16","mg/L","MIC","","","Beckman Coulter Inc","CLSI",2021,"","","","Laboratory Method","","[38052776]"
180434,"180434.91","Morganella morganii subsp. morganii JBABAIF-19-0002","trimethoprim/sulfamethoxazole","","<=1/19","<=","1/19","mg/L","MIC","","","Beckman Coulter Inc","CLSI",2021,"","","","Laboratory Method","","[38052776]"
180434,"180434.113","Morganella morganii subsp. morganii JBCHACG-19-0244","fosfomycin","","16","","16","mg/L","MIC","","","Beckman Coulter Inc","CLSI",2021,"","","","Laboratory Method","","[38052776]"
180434,"180434.91","Morganella morganii subsp. morganii JBABAIF-19-0002","cefpodoxime","","32","","32","mg/L","MIC","","","Beckman Coulter Inc","CLSI",2021,"","","","Laboratory Method","","[38052776]"
180434,"180434.115","Morganella morganii subsp. morganii JBCHACG-19-0281","cefoperazone/sulbactam","","16/8","","16/8","mg/L","MIC","","","Beckman Coulter Inc","CLSI",2021,"","","","Laboratory Method","","[38052776]"
180434,"180434.93","Morganella morganii subsp. morganii JBABAIF-19-0031","piperacillin/tazobactam","","<=4","<=","4","mg/L","MIC","","","Beckman Coulter Inc","CLSI",2021,"","","","Laboratory Method","","[38052776]"
180434,"180434.130","Morganella morganii subsp. morganii JBDGAAB-19-0120","levofloxacin","","<=0.5","<=","0.5","mg/L","MIC","","","Beckman Coulter Inc","CLSI",2021,"","","","Laboratory Method","","[38052776]"
180434,"180434.115","Morganella morganii subsp. morganii JBCHACG-19-0281","fosfomycin","",">16",">","16","mg/L","MIC","","","Beckman Coulter Inc","CLSI",2021,"","","","Laboratory Method","","[38052776]"
180434,"180434.100","Morganella morganii subsp. morganii JBCBAAC-19-0070","cefoperazone/sulbactam","","<=8/4","<=","8/4","mg/L","MIC","","","Beckman Coulter Inc","CLSI",2021,"","","","Laboratory Method","","[38052776]"
180434,"180434.121","Morganella morganii subsp. morganii JBDEABG-19-0366","cefoperazone/sulbactam","","<=8/4","<=","8/4","mg/L","MIC","","","Beckman Coulter Inc","CLSI",2021,"","","","Laboratory Method","","[38052776]"
180434,"180434.108","Morganella morganii subsp. morganii JBCDAFI-19-0021","ceftriaxone","","<=0.5","<=","0.5","mg/L","MIC","","","Beckman Coulter Inc","CLSI",2021,"","","","Laboratory Method","","[38052776]"
180434,"180434.114","Morganella morganii subsp. morganii JBCHACG-19-0262","ceftazidime","","<=1","<=","1","mg/L","MIC","","","Beckman Coulter Inc","CLSI",2021,"","","","Laboratory Method","","[38052776]"
180434,"180434.128","Morganella morganii subsp. morganii JBDGAAB-19-0043","aztreonam","","<=1","<=","1","mg/L","MIC","","","Beckman Coulter Inc","CLSI",2021,"","","","Laboratory Method","","[38052776]"
180434,"180434.126","Morganella morganii subsp. morganii JBDGAAB-19-0096","tigecycline","","2","","2","mg/L","MIC","","","Beckman Coulter Inc","CLSI",2021,"","","","Laboratory Method","","[38052776]"
180434,"180434.106","Morganella morganii subsp. morganii JBCDAFI-19-0033","trimethoprim/sulfamethoxazole","","<=1/19","<=","1/19","mg/L","MIC","","","Beckman Coulter Inc","CLSI",2021,"","","","Laboratory Method","","[38052776]"
180434,"180434.106","Morganella morganii subsp. morganii JBCDAFI-19-0033","chloramphenicol","","<=8","<=","8","mg/L","MIC","","","Beckman Coulter Inc","CLSI",2021,"","","","Laboratory Method","","[38052776]"
180434,"180434.130","Morganella morganii subsp. morganii JBDGAAB-19-0120","piperacillin","","<=4","<=","4","mg/L","MIC","","","Beckman Coulter Inc","CLSI",2021,"","","","Laboratory Method","","[38052776]"
180434,"180434.113","Morganella morganii subsp. morganii JBCHACG-19-0244","levofloxacin","","<=0.5","<=","0.5","mg/L","MIC","","","Beckman Coulter Inc","CLSI",2021,"","","","Laboratory Method","","[38052776]"
180434,"180434.130","Morganella morganii subsp. morganii JBDGAAB-19-0120","ceftazidime","","<=1","<=","1","mg/L","MIC","","","Beckman Coulter Inc","CLSI",2021,"","","","Laboratory Method","","[38052776]"
180434,"180434.97","Morganella morganii subsp. morganii JBAGAAD-19-0041","cefepime","","<=1","<=","1","mg/L","MIC","","","Beckman Coulter Inc","CLSI",2021,"","","","Laboratory Method","","[38052776]"
180434,"180434.104","Morganella morganii subsp. morganii JBCDAFI-19-0045","amikacin","","<=4","<=","4","mg/L","MIC","","","Beckman Coulter Inc","CLSI",2021,"","","","Laboratory Method","","[38052776]"
180434,"180434.100","Morganella morganii subsp. morganii JBCBAAC-19-0070","colistin","",">8",">","8","mg/L","MIC","","","Beckman Coulter Inc","CLSI",2021,"","","","Laboratory Method","","[38052776]"
180434,"180434.119","Morganella morganii subsp. morganii JBCHACG-19-0477","doripenem","","<=0.5","<=","0.5","mg/L","MIC","","","Beckman Coulter Inc","CLSI",2021,"","","","Laboratory Method","","[38052776]"
180434,"180434.122","Morganella morganii subsp. morganii JBDEABG-19-0368","cefmetazole","","16","","16","mg/L","MIC","","","Beckman Coulter Inc","CLSI",2021,"","","","Laboratory Method","","[38052776]"
180434,"180434.117","Morganella morganii subsp. morganii JBCHACG-19-0294","cefotetan","","2","","2","mg/L","MIC","","","Beckman Coulter Inc","CLSI",2021,"","","","Laboratory Method","","[38052776]"
180434,"180434.107","Morganella morganii subsp. morganii JBCDAFI-19-0024","cefotaxime/clavulanic acid","","2","","2","mg/L","MIC","","","Beckman Coulter Inc","CLSI",2021,"","","","Laboratory Method","","[38052776]"
180434,"180434.94","Morganella morganii subsp. morganii JBABAIF-19-0033","ceftriaxone","","<=0.5","<=","0.5","mg/L","MIC","","","Beckman Coulter Inc","CLSI",2021,"","","","Laboratory Method","","[38052776]"
180434,"180434.114","Morganella morganii subsp. morganii JBCHACG-19-0262","doripenem","","<=0.5","<=","0.5","mg/L","MIC","","","Beckman Coulter Inc","CLSI",2021,"","","","Laboratory Method","","[38052776]"
180434,"180434.103","Morganella morganii subsp. morganii JBCDAFI-19-0007","aztreonam","","<=1","<=","1","mg/L","MIC","","","Beckman Coulter Inc","CLSI",2021,"","","","Laboratory Method","","[38052776]"
180434,"180434.98","Morganella morganii subsp. morganii JBAGAAD-19-0139","minocycline","","4","","4","mg/L","MIC","","","Beckman Coulter Inc","CLSI",2021,"","","","Laboratory Method","","[38052776]"
180434,"180434.117","Morganella morganii subsp. morganii JBCHACG-19-0294","ciprofloxacin","","<=0.25","<=","0.25","mg/L","MIC","","","Beckman Coulter Inc","CLSI",2021,"","","","Laboratory Method","","[38052776]"
180434,"180434.113","Morganella morganii subsp. morganii JBCHACG-19-0244","tobramycin","","<=1","<=","1","mg/L","MIC","","","Beckman Coulter Inc","CLSI",2021,"","","","Laboratory Method","","[38052776]"
180434,"180434.104","Morganella morganii subsp. morganii JBCDAFI-19-0045","cefozopran","","<=1","<=","1","mg/L","MIC","","","Beckman Coulter Inc","CLSI",2021,"","","","Laboratory Method","","[38052776]"
180434,"180434.108","Morganella morganii subsp. morganii JBCDAFI-19-0021","ampicillin/sulbactam","","16/8","","16/8","mg/L","MIC","","","Beckman Coulter Inc","CLSI",2021,"","","","Laboratory Method","","[38052776]"
180434,"180434.109","Morganella morganii subsp. morganii JBCHAAB-19-0057","cefmetazole","","8","","8","mg/L","MIC","","","Beckman Coulter Inc","CLSI",2021,"","","","Laboratory Method","","[38052776]"
180434,"180434.113","Morganella morganii subsp. morganii JBCHACG-19-0244","cefozopran","","<=1","<=","1","mg/L","MIC","","","Beckman Coulter Inc","CLSI",2021,"","","","Laboratory Method","","[38052776]"
180434,"180434.96","Morganella morganii subsp. morganii JBAFAAB-19-0038","aztreonam","","16","","16","mg/L","MIC","","","Beckman Coulter Inc","CLSI",2021,"","","","Laboratory Method","","[38052776]"
180434,"180434.122","Morganella morganii subsp. morganii JBDEABG-19-0368","fosfomycin","",">16",">","16","mg/L","MIC","","","Beckman Coulter Inc","CLSI",2021,"","","","Laboratory Method","","[38052776]"
180434,"180434.121","Morganella morganii subsp. morganii JBDEABG-19-0366","fosfomycin","",">16",">","16","mg/L","MIC","","","Beckman Coulter Inc","CLSI",2021,"","","","Laboratory Method","","[38052776]"
180434,"180434.119","Morganella morganii subsp. morganii JBCHACG-19-0477","cefepime","","<=1","<=","1","mg/L","MIC","","","Beckman Coulter Inc","CLSI",2021,"","","","Laboratory Method","","[38052776]"
180434,"180434.110","Morganella morganii subsp. morganii JBCHACG-19-0354","doripenem","","<=0.5","<=","0.5","mg/L","MIC","","","Beckman Coulter Inc","CLSI",2021,"","","","Laboratory Method","","[38052776]"
180434,"180434.117","Morganella morganii subsp. morganii JBCHACG-19-0294","ceftazidime/clavulanic acid","","4","","4","mg/L","MIC","","","Beckman Coulter Inc","CLSI",2021,"","","","Laboratory Method","","[38052776]"
180434,"180434.100","Morganella morganii subsp. morganii JBCBAAC-19-0070","aztreonam","","<=1","<=","1","mg/L","MIC","","","Beckman Coulter Inc","CLSI",2021,"","","","Laboratory Method","","[38052776]"
180434,"180434.113","Morganella morganii subsp. morganii JBCHACG-19-0244","cefepime","","<=1","<=","1","mg/L","MIC","","","Beckman Coulter Inc","CLSI",2021,"","","","Laboratory Method","","[38052776]"
180434,"180434.111","Morganella morganii subsp. morganii JBCHACG-19-0210","cefuroxime","","8","","8","mg/L","MIC","","","Beckman Coulter Inc","CLSI",2021,"","","","Laboratory Method","","[38052776]"
180434,"180434.104","Morganella morganii subsp. morganii JBCDAFI-19-0045","doripenem","","<=0.5","<=","0.5","mg/L","MIC","","","Beckman Coulter Inc","CLSI",2021,"","","","Laboratory Method","","[38052776]"
180434,"180434.92","Morganella morganii subsp. morganii JBABAIF-19-0010","imipenem","","1","","1","mg/L","MIC","","","Beckman Coulter Inc","CLSI",2021,"","","","Laboratory Method","","[38052776]"
180434,"180434.128","Morganella morganii subsp. morganii JBDGAAB-19-0043","piperacillin","","16","","16","mg/L","MIC","","","Beckman Coulter Inc","CLSI",2021,"","","","Laboratory Method","","[38052776]"
180434,"180434.115","Morganella morganii subsp. morganii JBCHACG-19-0281","ceftriaxone","","8","","8","mg/L","MIC","","","Beckman Coulter Inc","CLSI",2021,"","","","Laboratory Method","","[38052776]"
180434,"180434.110","Morganella morganii subsp. morganii JBCHACG-19-0354","cefozopran","","<=1","<=","1","mg/L","MIC","","","Beckman Coulter Inc","CLSI",2021,"","","","Laboratory Method","","[38052776]"
180434,"180434.108","Morganella morganii subsp. morganii JBCDAFI-19-0021","fosfomycin","",">16",">","16","mg/L","MIC","","","Beckman Coulter Inc","CLSI",2021,"","","","Laboratory Method","","[38052776]"
180434,"180434.96","Morganella morganii subsp. morganii JBAFAAB-19-0038","tobramycin","","<=1","<=","1","mg/L","MIC","","","Beckman Coulter Inc","CLSI",2021,"","","","Laboratory Method","","[38052776]"
180434,"180434.94","Morganella morganii subsp. morganii JBABAIF-19-0033","imipenem","","1","","1","mg/L","MIC","","","Beckman Coulter Inc","CLSI",2021,"","","","Laboratory Method","","[38052776]"
180434,"180434.109","Morganella morganii subsp. morganii JBCHAAB-19-0057","aztreonam","","<=1","<=","1","mg/L","MIC","","","Beckman Coulter Inc","CLSI",2021,"","","","Laboratory Method","","[38052776]"
180434,"180434.118","Morganella morganii subsp. morganii JBCHACG-19-0407","cefotetan","","4","","4","mg/L","MIC","","","Beckman Coulter Inc","CLSI",2021,"","","","Laboratory Method","","[38052776]"
180434,"180434.94","Morganella morganii subsp. morganii JBABAIF-19-0033","cefoperazone/sulbactam","","<=8/4","<=","8/4","mg/L","MIC","","","Beckman Coulter Inc","CLSI",2021,"","","","Laboratory Method","","[38052776]"
180434,"180434.122","Morganella morganii subsp. morganii JBDEABG-19-0368","ampicillin/sulbactam","",">32/16",">","32/16","mg/L","MIC","","","Beckman Coulter Inc","CLSI",2021,"","","","Laboratory Method","","[38052776]"
180434,"180434.129","Morganella morganii subsp. morganii JBDGAAB-19-0119","cefuroxime","","8","","8","mg/L","MIC","","","Beckman Coulter Inc","CLSI",2021,"","","","Laboratory Method","","[38052776]"
180434,"180434.121","Morganella morganii subsp. morganii JBDEABG-19-0366","tigecycline","","1","","1","mg/L","MIC","","","Beckman Coulter Inc","CLSI",2021,"","","","Laboratory Method","","[38052776]"
180434,"180434.105","Morganella morganii subsp. morganii JBCDAFI-19-0031","trimethoprim/sulfamethoxazole","",">2/38",">","2/38","mg/L","MIC","","","Beckman Coulter Inc","CLSI",2021,"","","","Laboratory Method","","[38052776]"
180434,"180434.104","Morganella morganii subsp. morganii JBCDAFI-19-0045","gentamicin","","<=1","<=","1","mg/L","MIC","","","Beckman Coulter Inc","CLSI",2021,"","","","Laboratory Method","","[38052776]"
180434,"180434.106","Morganella morganii subsp. morganii JBCDAFI-19-0033","colistin","",">8",">","8","mg/L","MIC","","","Beckman Coulter Inc","CLSI",2021,"","","","Laboratory Method","","[38052776]"
180434,"180434.119","Morganella morganii subsp. morganii JBCHACG-19-0477","cefoperazone/sulbactam","","<=8/4","<=","8/4","mg/L","MIC","","","Beckman Coulter Inc","CLSI",2021,"","","","Laboratory Method","","[38052776]"
180434,"180434.127","Morganella morganii subsp. morganii JBCBAAC-19-0071","trimethoprim/sulfamethoxazole","","<=1/19","<=","1/19","mg/L","MIC","","","Beckman Coulter Inc","CLSI",2021,"","","","Laboratory Method","","[38052776]"
180434,"180434.124","Morganella morganii subsp. morganii JBDGAAB-19-0042","ceftazidime/clavulanic acid","",">32",">","32","mg/L","MIC","","","Beckman Coulter Inc","CLSI",2021,"","","","Laboratory Method","","[38052776]"
180434,"180434.125","Morganella morganii subsp. morganii JBDGAAB-19-0069","cefmetazole","","4","","4","mg/L","MIC","","","Beckman Coulter Inc","CLSI",2021,"","","","Laboratory Method","","[38052776]"
180434,"180434.122","Morganella morganii subsp. morganii JBDEABG-19-0368","tobramycin","","<=1","<=","1","mg/L","MIC","","","Beckman Coulter Inc","CLSI",2021,"","","","Laboratory Method","","[38052776]"
180434,"180434.92","Morganella morganii subsp. morganii JBABAIF-19-0010","cefmetazole","","4","","4","mg/L","MIC","","","Beckman Coulter Inc","CLSI",2021,"","","","Laboratory Method","","[38052776]"
180434,"180434.124","Morganella morganii subsp. morganii JBDGAAB-19-0042","aztreonam","","<=1","<=","1","mg/L","MIC","","","Beckman Coulter Inc","CLSI",2021,"","","","Laboratory Method","","[38052776]"
180434,"180434.90","Morganella morganii subsp. morganii JBABAHA-19-0024","tigecycline","","2","","2","mg/L","MIC","","","Beckman Coulter Inc","CLSI",2021,"","","","Laboratory Method","","[38052776]"
180434,"180434.91","Morganella morganii subsp. morganii JBABAIF-19-0002","meropenem","","<=0.5","<=","0.5","mg/L","MIC","","","Beckman Coulter Inc","CLSI",2021,"","","","Laboratory Method","","[38052776]"
180434,"180434.127","Morganella morganii subsp. morganii JBCBAAC-19-0071","doripenem","","<=0.5","<=","0.5","mg/L","MIC","","","Beckman Coulter Inc","CLSI",2021,"","","","Laboratory Method","","[38052776]"
180434,"180434.107","Morganella morganii subsp. morganii JBCDAFI-19-0024","cefotaxime","","2","","2","mg/L","MIC","","","Beckman Coulter Inc","CLSI",2021,"","","","Laboratory Method","","[38052776]"
180434,"180434.95","Morganella morganii subsp. morganii JBAFAAB-19-0019","amikacin","","<=4","<=","4","mg/L","MIC","","","Beckman Coulter Inc","CLSI",2021,"","","","Laboratory Method","","[38052776]"
180434,"180434.102","Morganella morganii subsp. morganii JBCDAFI-19-0010","aztreonam","","16","","16","mg/L","MIC","","","Beckman Coulter Inc","CLSI",2021,"","","","Laboratory Method","","[38052776]"
180434,"180434.126","Morganella morganii subsp. morganii JBDGAAB-19-0096","tobramycin","","<=1","<=","1","mg/L","MIC","","","Beckman Coulter Inc","CLSI",2021,"","","","Laboratory Method","","[38052776]"
180434,"180434.97","Morganella morganii subsp. morganii JBAGAAD-19-0041","colistin","",">8",">","8","mg/L","MIC","","","Beckman Coulter Inc","CLSI",2021,"","","","Laboratory Method","","[38052776]"
180434,"180434.123","Morganella morganii subsp. morganii JBDEABG-19-0370","cefepime","","<=1","<=","1","mg/L","MIC","","","Beckman Coulter Inc","CLSI",2021,"","","","Laboratory Method","","[38052776]"
180434,"180434.104","Morganella morganii subsp. morganii JBCDAFI-19-0045","ceftazidime/clavulanic acid","","32","","32","mg/L","MIC","","","Beckman Coulter Inc","CLSI",2021,"","","","Laboratory Method","","[38052776]"
180434,"180434.92","Morganella morganii subsp. morganii JBABAIF-19-0010","ampicillin/sulbactam","","16/8","","16/8","mg/L","MIC","","","Beckman Coulter Inc","CLSI",2021,"","","","Laboratory Method","","[38052776]"
180434,"180434.125","Morganella morganii subsp. morganii JBDGAAB-19-0069","piperacillin","","<=4","<=","4","mg/L","MIC","","","Beckman Coulter Inc","CLSI",2021,"","","","Laboratory Method","","[38052776]"
180434,"180434.118","Morganella morganii subsp. morganii JBCHACG-19-0407","ceftazidime","","4","","4","mg/L","MIC","","","Beckman Coulter Inc","CLSI",2021,"","","","Laboratory Method","","[38052776]"
180434,"180434.116","Morganella morganii subsp. morganii JBCHACG-19-0278","cefmetazole","","4","","4","mg/L","MIC","","","Beckman Coulter Inc","CLSI",2021,"","","","Laboratory Method","","[38052776]"
180434,"180434.104","Morganella morganii subsp. morganii JBCDAFI-19-0045","imipenem","","2","","2","mg/L","MIC","","","Beckman Coulter Inc","CLSI",2021,"","","","Laboratory Method","","[38052776]"
180434,"180434.120","Morganella morganii subsp. morganii JBDEABG-19-0196","piperacillin/tazobactam","","<=4","<=","4","mg/L","MIC","","","Beckman Coulter Inc","CLSI",2021,"","","","Laboratory Method","","[38052776]"
180434,"180434.122","Morganella morganii subsp. morganii JBDEABG-19-0368","ceftazidime/clavulanic acid","","16","","16","mg/L","MIC","","","Beckman Coulter Inc","CLSI",2021,"","","","Laboratory Method","","[38052776]"
180434,"180434.91","Morganella morganii subsp. morganii JBABAIF-19-0002","cefotaxime/clavulanic acid","","4","","4","mg/L","MIC","","","Beckman Coulter Inc","CLSI",2021,"","","","Laboratory Method","","[38052776]"
180434,"180434.103","Morganella morganii subsp. morganii JBCDAFI-19-0007","ceftriaxone","","<=0.5","<=","0.5","mg/L","MIC","","","Beckman Coulter Inc","CLSI",2021,"","","","Laboratory Method","","[38052776]"
180434,"180434.102","Morganella morganii subsp. morganii JBCDAFI-19-0010","tigecycline","","1","","1","mg/L","MIC","","","Beckman Coulter Inc","CLSI",2021,"","","","Laboratory Method","","[38052776]"
180434,"180434.109","Morganella morganii subsp. morganii JBCHAAB-19-0057","levofloxacin","","<=0.5","<=","0.5","mg/L","MIC","","","Beckman Coulter Inc","CLSI",2021,"","","","Laboratory Method","","[38052776]"
180434,"180434.99","Morganella morganii subsp. morganii JBCBAAC-19-0019","ceftazidime/clavulanic acid","","1","","1","mg/L","MIC","","","Beckman Coulter Inc","CLSI",2021,"","","","Laboratory Method","","[38052776]"
180434,"180434.131","Morganella morganii subsp. morganii JBEAAAD-19-0164","ciprofloxacin","","<=0.25","<=","0.25","mg/L","MIC","","","Beckman Coulter Inc","CLSI",2021,"","","","Laboratory Method","","[38052776]"
180434,"180434.115","Morganella morganii subsp. morganii JBCHACG-19-0281","minocycline","","4","","4","mg/L","MIC","","","Beckman Coulter Inc","CLSI",2021,"","","","Laboratory Method","","[38052776]"
180434,"180434.119","Morganella morganii subsp. morganii JBCHACG-19-0477","meropenem","","<=0.5","<=","0.5","mg/L","MIC","","","Beckman Coulter Inc","CLSI",2021,"","","","Laboratory Method","","[38052776]"
180434,"180434.114","Morganella morganii subsp. morganii JBCHACG-19-0262","cefuroxime","","8","","8","mg/L","MIC","","","Beckman Coulter Inc","CLSI",2021,"","","","Laboratory Method","","[38052776]"
180434,"180434.94","Morganella morganii subsp. morganii JBABAIF-19-0033","cefpodoxime","","<=0.5","<=","0.5","mg/L","MIC","","","Beckman Coulter Inc","CLSI",2021,"","","","Laboratory Method","","[38052776]"
180434,"180434.112","Morganella morganii subsp. morganii JBCHACG-19-0213","gentamicin","","<=1","<=","1","mg/L","MIC","","","Beckman Coulter Inc","CLSI",2021,"","","","Laboratory Method","","[38052776]"
180434,"180434.116","Morganella morganii subsp. morganii JBCHACG-19-0278","chloramphenicol","","<=8","<=","8","mg/L","MIC","","","Beckman Coulter Inc","CLSI",2021,"","","","Laboratory Method","","[38052776]"
180434,"180434.116","Morganella morganii subsp. morganii JBCHACG-19-0278","meropenem","","<=0.5","<=","0.5","mg/L","MIC","","","Beckman Coulter Inc","CLSI",2021,"","","","Laboratory Method","","[38052776]"
180434,"180434.111","Morganella morganii subsp. morganii JBCHACG-19-0210","chloramphenicol","","<=8","<=","8","mg/L","MIC","","","Beckman Coulter Inc","CLSI",2021,"","","","Laboratory Method","","[38052776]"
180434,"180434.112","Morganella morganii subsp. morganii JBCHACG-19-0213","ampicillin/sulbactam","","32/16","","32/16","mg/L","MIC","","","Beckman Coulter Inc","CLSI",2021,"","","","Laboratory Method","","[38052776]"
180434,"180434.104","Morganella morganii subsp. morganii JBCDAFI-19-0045","piperacillin/tazobactam","","<=4","<=","4","mg/L","MIC","","","Beckman Coulter Inc","CLSI",2021,"","","","Laboratory Method","","[38052776]"
180434,"180434.126","Morganella morganii subsp. morganii JBDGAAB-19-0096","piperacillin","","<=4","<=","4","mg/L","MIC","","","Beckman Coulter Inc","CLSI",2021,"","","","Laboratory Method","","[38052776]"
180434,"180434.101","Morganella morganii subsp. morganii JBCBAAC-19-0077","cefotetan","","4","","4","mg/L","MIC","","","Beckman Coulter Inc","CLSI",2021,"","","","Laboratory Method","","[38052776]"
180434,"180434.117","Morganella morganii subsp. morganii JBCHACG-19-0294","trimethoprim/sulfamethoxazole","","<=1/19","<=","1/19","mg/L","MIC","","","Beckman Coulter Inc","CLSI",2021,"","","","Laboratory Method","","[38052776]"
180434,"180434.105","Morganella morganii subsp. morganii JBCDAFI-19-0031","piperacillin","",">64",">","64","mg/L","MIC","","","Beckman Coulter Inc","CLSI",2021,"","","","Laboratory Method","","[38052776]"
180434,"180434.128","Morganella morganii subsp. morganii JBDGAAB-19-0043","gentamicin","","<=1","<=","1","mg/L","MIC","","","Beckman Coulter Inc","CLSI",2021,"","","","Laboratory Method","","[38052776]"
180434,"180434.107","Morganella morganii subsp. morganii JBCDAFI-19-0024","cefoperazone/sulbactam","","<=8/4","<=","8/4","mg/L","MIC","","","Beckman Coulter Inc","CLSI",2021,"","","","Laboratory Method","","[38052776]"
180434,"180434.127","Morganella morganii subsp. morganii JBCBAAC-19-0071","ceftazidime/clavulanic acid","","16","","16","mg/L","MIC","","","Beckman Coulter Inc","CLSI",2021,"","","","Laboratory Method","","[38052776]"
180434,"180434.125","Morganella morganii subsp. morganii JBDGAAB-19-0069","cefoperazone/sulbactam","","<=8/4","<=","8/4","mg/L","MIC","","","Beckman Coulter Inc","CLSI",2021,"","","","Laboratory Method","","[38052776]"
180434,"180434.119","Morganella morganii subsp. morganii JBCHACG-19-0477","minocycline","","4","","4","mg/L","MIC","","","Beckman Coulter Inc","CLSI",2021,"","","","Laboratory Method","","[38052776]"
180434,"180434.121","Morganella morganii subsp. morganii JBDEABG-19-0366","cefmetazole","","4","","4","mg/L","MIC","","","Beckman Coulter Inc","CLSI",2021,"","","","Laboratory Method","","[38052776]"
180434,"180434.123","Morganella morganii subsp. morganii JBDEABG-19-0370","cefozopran","",">16",">","16","mg/L","MIC","","","Beckman Coulter Inc","CLSI",2021,"","","","Laboratory Method","","[38052776]"
180434,"180434.127","Morganella morganii subsp. morganii JBCBAAC-19-0071","colistin","",">8",">","8","mg/L","MIC","","","Beckman Coulter Inc","CLSI",2021,"","","","Laboratory Method","","[38052776]"
180434,"180434.93","Morganella morganii subsp. morganii JBABAIF-19-0031","cefuroxime","","8","","8","mg/L","MIC","","","Beckman Coulter Inc","CLSI",2021,"","","","Laboratory Method","","[38052776]"
180434,"180434.92","Morganella morganii subsp. morganii JBABAIF-19-0010","ceftazidime/clavulanic acid","","32","","32","mg/L","MIC","","","Beckman Coulter Inc","CLSI",2021,"","","","Laboratory Method","","[38052776]"
180434,"180434.92","Morganella morganii subsp. morganii JBABAIF-19-0010","minocycline","","4","","4","mg/L","MIC","","","Beckman Coulter Inc","CLSI",2021,"","","","Laboratory Method","","[38052776]"
180434,"180434.117","Morganella morganii subsp. morganii JBCHACG-19-0294","imipenem","","4","","4","mg/L","MIC","","","Beckman Coulter Inc","CLSI",2021,"","","","Laboratory Method","","[38052776]"
180434,"180434.114","Morganella morganii subsp. morganii JBCHACG-19-0262","amikacin","","<=4","<=","4","mg/L","MIC","","","Beckman Coulter Inc","CLSI",2021,"","","","Laboratory Method","","[38052776]"
180434,"180434.115","Morganella morganii subsp. morganii JBCHACG-19-0281","aztreonam","","2","","2","mg/L","MIC","","","Beckman Coulter Inc","CLSI",2021,"","","","Laboratory Method","","[38052776]"
180434,"180434.129","Morganella morganii subsp. morganii JBDGAAB-19-0119","meropenem","","<=0.5","<=","0.5","mg/L","MIC","","","Beckman Coulter Inc","CLSI",2021,"","","","Laboratory Method","","[38052776]"
180434,"180434.107","Morganella morganii subsp. morganii JBCDAFI-19-0024","cefepime","","<=1","<=","1","mg/L","MIC","","","Beckman Coulter Inc","CLSI",2021,"","","","Laboratory Method","","[38052776]"
180434,"180434.131","Morganella morganii subsp. morganii JBEAAAD-19-0164","aztreonam","","<=1","<=","1","mg/L","MIC","","","Beckman Coulter Inc","CLSI",2021,"","","","Laboratory Method","","[38052776]"
180434,"180434.98","Morganella morganii subsp. morganii JBAGAAD-19-0139","ceftazidime","","16","","16","mg/L","MIC","","","Beckman Coulter Inc","CLSI",2021,"","","","Laboratory Method","","[38052776]"
180434,"180434.121","Morganella morganii subsp. morganii JBDEABG-19-0366","cefuroxime","","8","","8","mg/L","MIC","","","Beckman Coulter Inc","CLSI",2021,"","","","Laboratory Method","","[38052776]"
180434,"180434.117","Morganella morganii subsp. morganii JBCHACG-19-0294","chloramphenicol","","<=8","<=","8","mg/L","MIC","","","Beckman Coulter Inc","CLSI",2021,"","","","Laboratory Method","","[38052776]"
180434,"180434.130","Morganella morganii subsp. morganii JBDGAAB-19-0120","ceftazidime/clavulanic acid","","2","","2","mg/L","MIC","","","Beckman Coulter Inc","CLSI",2021,"","","","Laboratory Method","","[38052776]"
180434,"180434.114","Morganella morganii subsp. morganii JBCHACG-19-0262","minocycline","","<=1","<=","1","mg/L","MIC","","","Beckman Coulter Inc","CLSI",2021,"","","","Laboratory Method","","[38052776]"
180434,"180434.105","Morganella morganii subsp. morganii JBCDAFI-19-0031","cefotaxime","","4","","4","mg/L","MIC","","","Beckman Coulter Inc","CLSI",2021,"","","","Laboratory Method","","[38052776]"
180434,"180434.100","Morganella morganii subsp. morganii JBCBAAC-19-0070","piperacillin/tazobactam","","<=4","<=","4","mg/L","MIC","","","Beckman Coulter Inc","CLSI",2021,"","","","Laboratory Method","","[38052776]"
180434,"180434.109","Morganella morganii subsp. morganii JBCHAAB-19-0057","amikacin","","<=4","<=","4","mg/L","MIC","","","Beckman Coulter Inc","CLSI",2021,"","","","Laboratory Method","","[38052776]"
180434,"180434.102","Morganella morganii subsp. morganii JBCDAFI-19-0010","cefozopran","","2","","2","mg/L","MIC","","","Beckman Coulter Inc","CLSI",2021,"","","","Laboratory Method","","[38052776]"
180434,"180434.99","Morganella morganii subsp. morganii JBCBAAC-19-0019","cefepime","","<=1","<=","1","mg/L","MIC","","","Beckman Coulter Inc","CLSI",2021,"","","","Laboratory Method","","[38052776]"
180434,"180434.97","Morganella morganii subsp. morganii JBAGAAD-19-0041","piperacillin","",">64",">","64","mg/L","MIC","","","Beckman Coulter Inc","CLSI",2021,"","","","Laboratory Method","","[38052776]"
180434,"180434.123","Morganella morganii subsp. morganii JBDEABG-19-0370","doripenem","","1","","1","mg/L","MIC","","","Beckman Coulter Inc","CLSI",2021,"","","","Laboratory Method","","[38052776]"
180434,"180434.98","Morganella morganii subsp. morganii JBAGAAD-19-0139","colistin","",">8",">","8","mg/L","MIC","","","Beckman Coulter Inc","CLSI",2021,"","","","Laboratory Method","","[38052776]"
180434,"180434.104","Morganella morganii subsp. morganii JBCDAFI-19-0045","meropenem","","<=0.5","<=","0.5","mg/L","MIC","","","Beckman Coulter Inc","CLSI",2021,"","","","Laboratory Method","","[38052776]"
180434,"180434.112","Morganella morganii subsp. morganii JBCHACG-19-0213","ceftazidime","","<=1","<=","1","mg/L","MIC","","","Beckman Coulter Inc","CLSI",2021,"","","","Laboratory Method","","[38052776]"
180434,"180434.91","Morganella morganii subsp. morganii JBABAIF-19-0002","tigecycline","","1","","1","mg/L","MIC","","","Beckman Coulter Inc","CLSI",2021,"","","","Laboratory Method","","[38052776]"
180434,"180434.112","Morganella morganii subsp. morganii JBCHACG-19-0213","colistin","",">8",">","8","mg/L","MIC","","","Beckman Coulter Inc","CLSI",2021,"","","","Laboratory Method","","[38052776]"
180434,"180434.108","Morganella morganii subsp. morganii JBCDAFI-19-0021","chloramphenicol","","<=8","<=","8","mg/L","MIC","","","Beckman Coulter Inc","CLSI",2021,"","","","Laboratory Method","","[38052776]"
180434,"180434.99","Morganella morganii subsp. morganii JBCBAAC-19-0019","ciprofloxacin","","<=0.25","<=","0.25","mg/L","MIC","","","Beckman Coulter Inc","CLSI",2021,"","","","Laboratory Method","","[38052776]"
180434,"180434.110","Morganella morganii subsp. morganii JBCHACG-19-0354","chloramphenicol","",">16",">","16","mg/L","MIC","","","Beckman Coulter Inc","CLSI",2021,"","","","Laboratory Method","","[38052776]"
180434,"180434.109","Morganella morganii subsp. morganii JBCHAAB-19-0057","imipenem","","4","","4","mg/L","MIC","","","Beckman Coulter Inc","CLSI",2021,"","","","Laboratory Method","","[38052776]"
180434,"180434.97","Morganella morganii subsp. morganii JBAGAAD-19-0041","chloramphenicol","","<=8","<=","8","mg/L","MIC","","","Beckman Coulter Inc","CLSI",2021,"","","","Laboratory Method","","[38052776]"
180434,"180434.116","Morganella morganii subsp. morganii JBCHACG-19-0278","ceftazidime/clavulanic acid","","8","","8","mg/L","MIC","","","Beckman Coulter Inc","CLSI",2021,"","","","Laboratory Method","","[38052776]"
180434,"180434.96","Morganella morganii subsp. morganii JBAFAAB-19-0038","cefpodoxime","","32","","32","mg/L","MIC","","","Beckman Coulter Inc","CLSI",2021,"","","","Laboratory Method","","[38052776]"
180434,"180434.98","Morganella morganii subsp. morganii JBAGAAD-19-0139","cefepime","","<=1","<=","1","mg/L","MIC","","","Beckman Coulter Inc","CLSI",2021,"","","","Laboratory Method","","[38052776]"
180434,"180434.100","Morganella morganii subsp. morganii JBCBAAC-19-0070","amikacin","","<=4","<=","4","mg/L","MIC","","","Beckman Coulter Inc","CLSI",2021,"","","","Laboratory Method","","[38052776]"
180434,"180434.122","Morganella morganii subsp. morganii JBDEABG-19-0368","ciprofloxacin","","<=0.25","<=","0.25","mg/L","MIC","","","Beckman Coulter Inc","CLSI",2021,"","","","Laboratory Method","","[38052776]"
180434,"180434.113","Morganella morganii subsp. morganii JBCHACG-19-0244","trimethoprim/sulfamethoxazole","","<=1/19","<=","1/19","mg/L","MIC","","","Beckman Coulter Inc","CLSI",2021,"","","","Laboratory Method","","[38052776]"
180434,"180434.131","Morganella morganii subsp. morganii JBEAAAD-19-0164","gentamicin","","<=1","<=","1","mg/L","MIC","","","Beckman Coulter Inc","CLSI",2021,"","","","Laboratory Method","","[38052776]"
180434,"180434.129","Morganella morganii subsp. morganii JBDGAAB-19-0119","levofloxacin","","<=0.5","<=","0.5","mg/L","MIC","","","Beckman Coulter Inc","CLSI",2021,"","","","Laboratory Method","","[38052776]"
180434,"180434.127","Morganella morganii subsp. morganii JBCBAAC-19-0071","meropenem","","<=0.5","<=","0.5","mg/L","MIC","","","Beckman Coulter Inc","CLSI",2021,"","","","Laboratory Method","","[38052776]"
180434,"180434.106","Morganella morganii subsp. morganii JBCDAFI-19-0033","ceftazidime/clavulanic acid","","2","","2","mg/L","MIC","","","Beckman Coulter Inc","CLSI",2021,"","","","Laboratory Method","","[38052776]"
180434,"180434.130","Morganella morganii subsp. morganii JBDGAAB-19-0120","trimethoprim/sulfamethoxazole","","<=1/19","<=","1/19","mg/L","MIC","","","Beckman Coulter Inc","CLSI",2021,"","","","Laboratory Method","","[38052776]"
180434,"180434.120","Morganella morganii subsp. morganii JBDEABG-19-0196","cefotaxime","","8","","8","mg/L","MIC","","","Beckman Coulter Inc","CLSI",2021,"","","","Laboratory Method","","[38052776]"
180434,"180434.102","Morganella morganii subsp. morganii JBCDAFI-19-0010","amikacin","","<=4","<=","4","mg/L","MIC","","","Beckman Coulter Inc","CLSI",2021,"","","","Laboratory Method","","[38052776]"
180434,"180434.100","Morganella morganii subsp. morganii JBCBAAC-19-0070","cefpodoxime","","16","","16","mg/L","MIC","","","Beckman Coulter Inc","CLSI",2021,"","","","Laboratory Method","","[38052776]"
180434,"180434.109","Morganella morganii subsp. morganii JBCHAAB-19-0057","colistin","",">8",">","8","mg/L","MIC","","","Beckman Coulter Inc","CLSI",2021,"","","","Laboratory Method","","[38052776]"
180434,"180434.90","Morganella morganii subsp. morganii JBABAHA-19-0024","colistin","",">8",">","8","mg/L","MIC","","","Beckman Coulter Inc","CLSI",2021,"","","","Laboratory Method","","[38052776]"
180434,"180434.99","Morganella morganii subsp. morganii JBCBAAC-19-0019","cefotetan","","<=1","<=","1","mg/L","MIC","","","Beckman Coulter Inc","CLSI",2021,"","","","Laboratory Method","","[38052776]"
180434,"180434.111","Morganella morganii subsp. morganii JBCHACG-19-0210","ceftazidime/clavulanic acid","","2","","2","mg/L","MIC","","","Beckman Coulter Inc","CLSI",2021,"","","","Laboratory Method","","[38052776]"
180434,"180434.119","Morganella morganii subsp. morganii JBCHACG-19-0477","cefotaxime/clavulanic acid","","4","","4","mg/L","MIC","","","Beckman Coulter Inc","CLSI",2021,"","","","Laboratory Method","","[38052776]"
180434,"180434.95","Morganella morganii subsp. morganii JBAFAAB-19-0019","tobramycin","","<=1","<=","1","mg/L","MIC","","","Beckman Coulter Inc","CLSI",2021,"","","","Laboratory Method","","[38052776]"
180434,"180434.124","Morganella morganii subsp. morganii JBDGAAB-19-0042","chloramphenicol","","<=8","<=","8","mg/L","MIC","","","Beckman Coulter Inc","CLSI",2021,"","","","Laboratory Method","","[38052776]"
180434,"180434.119","Morganella morganii subsp. morganii JBCHACG-19-0477","ceftazidime","","<=1","<=","1","mg/L","MIC","","","Beckman Coulter Inc","CLSI",2021,"","","","Laboratory Method","","[38052776]"
180434,"180434.121","Morganella morganii subsp. morganii JBDEABG-19-0366","trimethoprim/sulfamethoxazole","","<=1/19","<=","1/19","mg/L","MIC","","","Beckman Coulter Inc","CLSI",2021,"","","","Laboratory Method","","[38052776]"
180434,"180434.90","Morganella morganii subsp. morganii JBABAHA-19-0024","cefozopran","","<=1","<=","1","mg/L","MIC","","","Beckman Coulter Inc","CLSI",2021,"","","","Laboratory Method","","[38052776]"
180434,"180434.99","Morganella morganii subsp. morganii JBCBAAC-19-0019","aztreonam","","<=1","<=","1","mg/L","MIC","","","Beckman Coulter Inc","CLSI",2021,"","","","Laboratory Method","","[38052776]"
180434,"180434.123","Morganella morganii subsp. morganii JBDEABG-19-0370","minocycline","","8","","8","mg/L","MIC","","","Beckman Coulter Inc","CLSI",2021,"","","","Laboratory Method","","[38052776]"
180434,"180434.97","Morganella morganii subsp. morganii JBAGAAD-19-0041","ceftazidime","","2","","2","mg/L","MIC","","","Beckman Coulter Inc","CLSI",2021,"","","","Laboratory Method","","[38052776]"
180434,"180434.114","Morganella morganii subsp. morganii JBCHACG-19-0262","cefotetan","","<=1","<=","1","mg/L","MIC","","","Beckman Coulter Inc","CLSI",2021,"","","","Laboratory Method","","[38052776]"
180434,"180434.118","Morganella morganii subsp. morganii JBCHACG-19-0407","cefpodoxime","","64","","64","mg/L","MIC","","","Beckman Coulter Inc","CLSI",2021,"","","","Laboratory Method","","[38052776]"
180434,"180434.104","Morganella morganii subsp. morganii JBCDAFI-19-0045","chloramphenicol","","<=8","<=","8","mg/L","MIC","","","Beckman Coulter Inc","CLSI",2021,"","","","Laboratory Method","","[38052776]"
180434,"180434.125","Morganella morganii subsp. morganii JBDGAAB-19-0069","cefepime","","<=1","<=","1","mg/L","MIC","","","Beckman Coulter Inc","CLSI",2021,"","","","Laboratory Method","","[38052776]"
180434,"180434.92","Morganella morganii subsp. morganii JBABAIF-19-0010","levofloxacin","","<=0.5","<=","0.5","mg/L","MIC","","","Beckman Coulter Inc","CLSI",2021,"","","","Laboratory Method","","[38052776]"
180434,"180434.124","Morganella morganii subsp. morganii JBDGAAB-19-0042","amikacin","","<=4","<=","4","mg/L","MIC","","","Beckman Coulter Inc","CLSI",2021,"","","","Laboratory Method","","[38052776]"
180434,"180434.106","Morganella morganii subsp. morganii JBCDAFI-19-0033","piperacillin","",">64",">","64","mg/L","MIC","","","Beckman Coulter Inc","CLSI",2021,"","","","Laboratory Method","","[38052776]"
180434,"180434.119","Morganella morganii subsp. morganii JBCHACG-19-0477","levofloxacin","","<=0.5","<=","0.5","mg/L","MIC","","","Beckman Coulter Inc","CLSI",2021,"","","","Laboratory Method","","[38052776]"
180434,"180434.107","Morganella morganii subsp. morganii JBCDAFI-19-0024","fosfomycin","",">16",">","16","mg/L","MIC","","","Beckman Coulter Inc","CLSI",2021,"","","","Laboratory Method","","[38052776]"
180434,"180434.94","Morganella morganii subsp. morganii JBABAIF-19-0033","cefotaxime","","<=0.5","<=","0.5","mg/L","MIC","","","Beckman Coulter Inc","CLSI",2021,"","","","Laboratory Method","","[38052776]"
180434,"180434.122","Morganella morganii subsp. morganii JBDEABG-19-0368","cefozopran","",">16",">","16","mg/L","MIC","","","Beckman Coulter Inc","CLSI",2021,"","","","Laboratory Method","","[38052776]"
180434,"180434.122","Morganella morganii subsp. morganii JBDEABG-19-0368","levofloxacin","","<=0.5","<=","0.5","mg/L","MIC","","","Beckman Coulter Inc","CLSI",2021,"","","","Laboratory Method","","[38052776]"
180434,"180434.111","Morganella morganii subsp. morganii JBCHACG-19-0210","amikacin","","<=4","<=","4","mg/L","MIC","","","Beckman Coulter Inc","CLSI",2021,"","","","Laboratory Method","","[38052776]"
180434,"180434.100","Morganella morganii subsp. morganii JBCBAAC-19-0070","chloramphenicol","","16","","16","mg/L","MIC","","","Beckman Coulter Inc","CLSI",2021,"","","","Laboratory Method","","[38052776]"
180434,"180434.92","Morganella morganii subsp. morganii JBABAIF-19-0010","ceftriaxone","","<=0.5","<=","0.5","mg/L","MIC","","","Beckman Coulter Inc","CLSI",2021,"","","","Laboratory Method","","[38052776]"
180434,"180434.112","Morganella morganii subsp. morganii JBCHACG-19-0213","ceftriaxone","","1","","1","mg/L","MIC","","","Beckman Coulter Inc","CLSI",2021,"","","","Laboratory Method","","[38052776]"
180434,"180434.127","Morganella morganii subsp. morganii JBCBAAC-19-0071","minocycline","","2","","2","mg/L","MIC","","","Beckman Coulter Inc","CLSI",2021,"","","","Laboratory Method","","[38052776]"
180434,"180434.131","Morganella morganii subsp. morganii JBEAAAD-19-0164","minocycline","","4","","4","mg/L","MIC","","","Beckman Coulter Inc","CLSI",2021,"","","","Laboratory Method","","[38052776]"
180434,"180434.126","Morganella morganii subsp. morganii JBDGAAB-19-0096","trimethoprim/sulfamethoxazole","","<=1/19","<=","1/19","mg/L","MIC","","","Beckman Coulter Inc","CLSI",2021,"","","","Laboratory Method","","[38052776]"
180434,"180434.127","Morganella morganii subsp. morganii JBCBAAC-19-0071","ampicillin/sulbactam","","32/16","","32/16","mg/L","MIC","","","Beckman Coulter Inc","CLSI",2021,"","","","Laboratory Method","","[38052776]"
180434,"180434.126","Morganella morganii subsp. morganii JBDGAAB-19-0096","cefotaxime/clavulanic acid","","2","","2","mg/L","MIC","","","Beckman Coulter Inc","CLSI",2021,"","","","Laboratory Method","","[38052776]"
180434,"180434.92","Morganella morganii subsp. morganii JBABAIF-19-0010","gentamicin","","<=1","<=","1","mg/L","MIC","","","Beckman Coulter Inc","CLSI",2021,"","","","Laboratory Method","","[38052776]"
180434,"180434.122","Morganella morganii subsp. morganii JBDEABG-19-0368","piperacillin/tazobactam","","<=4","<=","4","mg/L","MIC","","","Beckman Coulter Inc","CLSI",2021,"","","","Laboratory Method","","[38052776]"
180434,"180434.90","Morganella morganii subsp. morganii JBABAHA-19-0024","ceftriaxone","","<=0.5","<=","0.5","mg/L","MIC","","","Beckman Coulter Inc","CLSI",2021,"","","","Laboratory Method","","[38052776]"
180434,"180434.95","Morganella morganii subsp. morganii JBAFAAB-19-0019","cefotaxime","","32","","32","mg/L","MIC","","","Beckman Coulter Inc","CLSI",2021,"","","","Laboratory Method","","[38052776]"
180434,"180434.93","Morganella morganii subsp. morganii JBABAIF-19-0031","tobramycin","","2","","2","mg/L","MIC","","","Beckman Coulter Inc","CLSI",2021,"","","","Laboratory Method","","[38052776]"
180434,"180434.121","Morganella morganii subsp. morganii JBDEABG-19-0366","doripenem","","<=0.5","<=","0.5","mg/L","MIC","","","Beckman Coulter Inc","CLSI",2021,"","","","Laboratory Method","","[38052776]"
180434,"180434.90","Morganella morganii subsp. morganii JBABAHA-19-0024","minocycline","","4","","4","mg/L","MIC","","","Beckman Coulter Inc","CLSI",2021,"","","","Laboratory Method","","[38052776]"
180434,"180434.97","Morganella morganii subsp. morganii JBAGAAD-19-0041","ceftriaxone","","64","","64","mg/L","MIC","","","Beckman Coulter Inc","CLSI",2021,"","","","Laboratory Method","","[38052776]"
180434,"180434.126","Morganella morganii subsp. morganii JBDGAAB-19-0096","cefotetan","","2","","2","mg/L","MIC","","","Beckman Coulter Inc","CLSI",2021,"","","","Laboratory Method","","[38052776]"
180434,"180434.114","Morganella morganii subsp. morganii JBCHACG-19-0262","cefotaxime","","1","","1","mg/L","MIC","","","Beckman Coulter Inc","CLSI",2021,"","","","Laboratory Method","","[38052776]"
180434,"180434.120","Morganella morganii subsp. morganii JBDEABG-19-0196","ceftazidime/clavulanic acid","","16","","16","mg/L","MIC","","","Beckman Coulter Inc","CLSI",2021,"","","","Laboratory Method","","[38052776]"
180434,"180434.111","Morganella morganii subsp. morganii JBCHACG-19-0210","tigecycline","","1","","1","mg/L","MIC","","","Beckman Coulter Inc","CLSI",2021,"","","","Laboratory Method","","[38052776]"
180434,"180434.102","Morganella morganii subsp. morganii JBCDAFI-19-0010","gentamicin","",">8",">","8","mg/L","MIC","","","Beckman Coulter Inc","CLSI",2021,"","","","Laboratory Method","","[38052776]"
180434,"180434.129","Morganella morganii subsp. morganii JBDGAAB-19-0119","cefpodoxime","","16","","16","mg/L","MIC","","","Beckman Coulter Inc","CLSI",2021,"","","","Laboratory Method","","[38052776]"
180434,"180434.106","Morganella morganii subsp. morganii JBCDAFI-19-0033","cefuroxime","","4","","4","mg/L","MIC","","","Beckman Coulter Inc","CLSI",2021,"","","","Laboratory Method","","[38052776]"
180434,"180434.102","Morganella morganii subsp. morganii JBCDAFI-19-0010","chloramphenicol","",">16",">","16","mg/L","MIC","","","Beckman Coulter Inc","CLSI",2021,"","","","Laboratory Method","","[38052776]"
180434,"180434.108","Morganella morganii subsp. morganii JBCDAFI-19-0021","imipenem","","2","","2","mg/L","MIC","","","Beckman Coulter Inc","CLSI",2021,"","","","Laboratory Method","","[38052776]"
180434,"180434.118","Morganella morganii subsp. morganii JBCHACG-19-0407","tigecycline","","1","","1","mg/L","MIC","","","Beckman Coulter Inc","CLSI",2021,"","","","Laboratory Method","","[38052776]"
180434,"180434.95","Morganella morganii subsp. morganii JBAFAAB-19-0019","cefuroxime","","8","","8","mg/L","MIC","","","Beckman Coulter Inc","CLSI",2021,"","","","Laboratory Method","","[38052776]"
180434,"180434.118","Morganella morganii subsp. morganii JBCHACG-19-0407","cefoperazone/sulbactam","","<=8/4","<=","8/4","mg/L","MIC","","","Beckman Coulter Inc","CLSI",2021,"","","","Laboratory Method","","[38052776]"
180434,"180434.102","Morganella morganii subsp. morganii JBCDAFI-19-0010","minocycline","",">8",">","8","mg/L","MIC","","","Beckman Coulter Inc","CLSI",2021,"","","","Laboratory Method","","[38052776]"
180434,"180434.115","Morganella morganii subsp. morganii JBCHACG-19-0281","imipenem","","4","","4","mg/L","MIC","","","Beckman Coulter Inc","CLSI",2021,"","","","Laboratory Method","","[38052776]"
180434,"180434.94","Morganella morganii subsp. morganii JBABAIF-19-0033","meropenem","","<=0.5","<=","0.5","mg/L","MIC","","","Beckman Coulter Inc","CLSI",2021,"","","","Laboratory Method","","[38052776]"
180434,"180434.114","Morganella morganii subsp. morganii JBCHACG-19-0262","piperacillin","","64","","64","mg/L","MIC","","","Beckman Coulter Inc","CLSI",2021,"","","","Laboratory Method","","[38052776]"
180434,"180434.94","Morganella morganii subsp. morganii JBABAIF-19-0033","piperacillin","",">64",">","64","mg/L","MIC","","","Beckman Coulter Inc","CLSI",2021,"","","","Laboratory Method","","[38052776]"
180434,"180434.122","Morganella morganii subsp. morganii JBDEABG-19-0368","gentamicin","","<=1","<=","1","mg/L","MIC","","","Beckman Coulter Inc","CLSI",2021,"","","","Laboratory Method","","[38052776]"
180434,"180434.114","Morganella morganii subsp. morganii JBCHACG-19-0262","colistin","",">8",">","8","mg/L","MIC","","","Beckman Coulter Inc","CLSI",2021,"","","","Laboratory Method","","[38052776]"
180434,"180434.90","Morganella morganii subsp. morganii JBABAHA-19-0024","cefoperazone/sulbactam","","<=8/4","<=","8/4","mg/L","MIC","","","Beckman Coulter Inc","CLSI",2021,"","","","Laboratory Method","","[38052776]"
180434,"180434.90","Morganella morganii subsp. morganii JBABAHA-19-0024","aztreonam","","<=1","<=","1","mg/L","MIC","","","Beckman Coulter Inc","CLSI",2021,"","","","Laboratory Method","","[38052776]"
180434,"180434.96","Morganella morganii subsp. morganii JBAFAAB-19-0038","amikacin","","<=4","<=","4","mg/L","MIC","","","Beckman Coulter Inc","CLSI",2021,"","","","Laboratory Method","","[38052776]"
180434,"180434.94","Morganella morganii subsp. morganii JBABAIF-19-0033","ceftazidime/clavulanic acid","","1","","1","mg/L","MIC","","","Beckman Coulter Inc","CLSI",2021,"","","","Laboratory Method","","[38052776]"
180434,"180434.109","Morganella morganii subsp. morganii JBCHAAB-19-0057","meropenem","","<=0.5","<=","0.5","mg/L","MIC","","","Beckman Coulter Inc","CLSI",2021,"","","","Laboratory Method","","[38052776]"
180434,"180434.94","Morganella morganii subsp. morganii JBABAIF-19-0033","chloramphenicol","","<=8","<=","8","mg/L","MIC","","","Beckman Coulter Inc","CLSI",2021,"","","","Laboratory Method","","[38052776]"
180434,"180434.131","Morganella morganii subsp. morganii JBEAAAD-19-0164","chloramphenicol","","<=8","<=","8","mg/L","MIC","","","Beckman Coulter Inc","CLSI",2021,"","","","Laboratory Method","","[38052776]"
180434,"180434.104","Morganella morganii subsp. morganii JBCDAFI-19-0045","cefmetazole","","4","","4","mg/L","MIC","","","Beckman Coulter Inc","CLSI",2021,"","","","Laboratory Method","","[38052776]"
180434,"180434.127","Morganella morganii subsp. morganii JBCBAAC-19-0071","ceftazidime","","2","","2","mg/L","MIC","","","Beckman Coulter Inc","CLSI",2021,"","","","Laboratory Method","","[38052776]"
180434,"180434.123","Morganella morganii subsp. morganii JBDEABG-19-0370","cefotetan","","32","","32","mg/L","MIC","","","Beckman Coulter Inc","CLSI",2021,"","","","Laboratory Method","","[38052776]"
180434,"180434.110","Morganella morganii subsp. morganii JBCHACG-19-0354","tigecycline","","2","","2","mg/L","MIC","","","Beckman Coulter Inc","CLSI",2021,"","","","Laboratory Method","","[38052776]"
180434,"180434.91","Morganella morganii subsp. morganii JBABAIF-19-0002","levofloxacin","","<=0.5","<=","0.5","mg/L","MIC","","","Beckman Coulter Inc","CLSI",2021,"","","","Laboratory Method","","[38052776]"
180434,"180434.98","Morganella morganii subsp. morganii JBAGAAD-19-0139","gentamicin","","<=1","<=","1","mg/L","MIC","","","Beckman Coulter Inc","CLSI",2021,"","","","Laboratory Method","","[38052776]"
180434,"180434.93","Morganella morganii subsp. morganii JBABAIF-19-0031","minocycline","","4","","4","mg/L","MIC","","","Beckman Coulter Inc","CLSI",2021,"","","","Laboratory Method","","[38052776]"
180434,"180434.114","Morganella morganii subsp. morganii JBCHACG-19-0262","cefepime","","<=1","<=","1","mg/L","MIC","","","Beckman Coulter Inc","CLSI",2021,"","","","Laboratory Method","","[38052776]"
180434,"180434.105","Morganella morganii subsp. morganii JBCDAFI-19-0031","gentamicin","",">8",">","8","mg/L","MIC","","","Beckman Coulter Inc","CLSI",2021,"","","","Laboratory Method","","[38052776]"
180434,"180434.130","Morganella morganii subsp. morganii JBDGAAB-19-0120","cefmetazole","","4","","4","mg/L","MIC","","","Beckman Coulter Inc","CLSI",2021,"","","","Laboratory Method","","[38052776]"
180434,"180434.129","Morganella morganii subsp. morganii JBDGAAB-19-0119","piperacillin/tazobactam","","<=4","<=","4","mg/L","MIC","","","Beckman Coulter Inc","CLSI",2021,"","","","Laboratory Method","","[38052776]"
180434,"180434.115","Morganella morganii subsp. morganii JBCHACG-19-0281","cefozopran","","16","","16","mg/L","MIC","","","Beckman Coulter Inc","CLSI",2021,"","","","Laboratory Method","","[38052776]"
180434,"180434.111","Morganella morganii subsp. morganii JBCHACG-19-0210","cefoperazone/sulbactam","","<=8/4","<=","8/4","mg/L","MIC","","","Beckman Coulter Inc","CLSI",2021,"","","","Laboratory Method","","[38052776]"
180434,"180434.122","Morganella morganii subsp. morganii JBDEABG-19-0368","imipenem","","8","","8","mg/L","MIC","","","Beckman Coulter Inc","CLSI",2021,"","","","Laboratory Method","","[38052776]"
180434,"180434.130","Morganella morganii subsp. morganii JBDGAAB-19-0120","ampicillin/sulbactam","","16/8","","16/8","mg/L","MIC","","","Beckman Coulter Inc","CLSI",2021,"","","","Laboratory Method","","[38052776]"
180434,"180434.91","Morganella morganii subsp. morganii JBABAIF-19-0002","piperacillin/tazobactam","","<=4","<=","4","mg/L","MIC","","","Beckman Coulter Inc","CLSI",2021,"","","","Laboratory Method","","[38052776]"
180434,"180434.111","Morganella morganii subsp. morganii JBCHACG-19-0210","meropenem","","<=0.5","<=","0.5","mg/L","MIC","","","Beckman Coulter Inc","CLSI",2021,"","","","Laboratory Method","","[38052776]"
180434,"180434.126","Morganella morganii subsp. morganii JBDGAAB-19-0096","amikacin","","<=4","<=","4","mg/L","MIC","","","Beckman Coulter Inc","CLSI",2021,"","","","Laboratory Method","","[38052776]"
180434,"180434.116","Morganella morganii subsp. morganii JBCHACG-19-0278","ceftriaxone","","<=0.5","<=","0.5","mg/L","MIC","","","Beckman Coulter Inc","CLSI",2021,"","","","Laboratory Method","","[38052776]"
180434,"180434.93","Morganella morganii subsp. morganii JBABAIF-19-0031","cefozopran","","4","","4","mg/L","MIC","","","Beckman Coulter Inc","CLSI",2021,"","","","Laboratory Method","","[38052776]"
180434,"180434.127","Morganella morganii subsp. morganii JBCBAAC-19-0071","tobramycin","","<=1","<=","1","mg/L","MIC","","","Beckman Coulter Inc","CLSI",2021,"","","","Laboratory Method","","[38052776]"
180434,"180434.113","Morganella morganii subsp. morganii JBCHACG-19-0244","ceftazidime/clavulanic acid","","1","","1","mg/L","MIC","","","Beckman Coulter Inc","CLSI",2021,"","","","Laboratory Method","","[38052776]"
180434,"180434.103","Morganella morganii subsp. morganii JBCDAFI-19-0007","piperacillin","",">64",">","64","mg/L","MIC","","","Beckman Coulter Inc","CLSI",2021,"","","","Laboratory Method","","[38052776]"
180434,"180434.103","Morganella morganii subsp. morganii JBCDAFI-19-0007","imipenem","","1","","1","mg/L","MIC","","","Beckman Coulter Inc","CLSI",2021,"","","","Laboratory Method","","[38052776]"
180434,"180434.104","Morganella morganii subsp. morganii JBCDAFI-19-0045","fosfomycin","","16","","16","mg/L","MIC","","","Beckman Coulter Inc","CLSI",2021,"","","","Laboratory Method","","[38052776]"
180434,"180434.118","Morganella morganii subsp. morganii JBCHACG-19-0407","minocycline","",">8",">","8","mg/L","MIC","","","Beckman Coulter Inc","CLSI",2021,"","","","Laboratory Method","","[38052776]"
180434,"180434.110","Morganella morganii subsp. morganii JBCHACG-19-0354","tobramycin","","2","","2","mg/L","MIC","","","Beckman Coulter Inc","CLSI",2021,"","","","Laboratory Method","","[38052776]"
180434,"180434.93","Morganella morganii subsp. morganii JBABAIF-19-0031","ceftazidime","",">16",">","16","mg/L","MIC","","","Beckman Coulter Inc","CLSI",2021,"","","","Laboratory Method","","[38052776]"
180434,"180434.90","Morganella morganii subsp. morganii JBABAHA-19-0024","cefotaxime","","<=0.5","<=","0.5","mg/L","MIC","","","Beckman Coulter Inc","CLSI",2021,"","","","Laboratory Method","","[38052776]"
180434,"180434.113","Morganella morganii subsp. morganii JBCHACG-19-0244","meropenem","","<=0.5","<=","0.5","mg/L","MIC","","","Beckman Coulter Inc","CLSI",2021,"","","","Laboratory Method","","[38052776]"
180434,"180434.115","Morganella morganii subsp. morganii JBCHACG-19-0281","tigecycline","","2","","2","mg/L","MIC","","","Beckman Coulter Inc","CLSI",2021,"","","","Laboratory Method","","[38052776]"
180434,"180434.108","Morganella morganii subsp. morganii JBCDAFI-19-0021","piperacillin/tazobactam","","<=4","<=","4","mg/L","MIC","","","Beckman Coulter Inc","CLSI",2021,"","","","Laboratory Method","","[38052776]"
180434,"180434.129","Morganella morganii subsp. morganii JBDGAAB-19-0119","minocycline","","2","","2","mg/L","MIC","","","Beckman Coulter Inc","CLSI",2021,"","","","Laboratory Method","","[38052776]"
180434,"180434.111","Morganella morganii subsp. morganii JBCHACG-19-0210","ampicillin/sulbactam","","32/16","","32/16","mg/L","MIC","","","Beckman Coulter Inc","CLSI",2021,"","","","Laboratory Method","","[38052776]"
180434,"180434.98","Morganella morganii subsp. morganii JBAGAAD-19-0139","levofloxacin","","<=0.5","<=","0.5","mg/L","MIC","","","Beckman Coulter Inc","CLSI",2021,"","","","Laboratory Method","","[38052776]"
180434,"180434.99","Morganella morganii subsp. morganii JBCBAAC-19-0019","cefoperazone/sulbactam","","<=8/4","<=","8/4","mg/L","MIC","","","Beckman Coulter Inc","CLSI",2021,"","","","Laboratory Method","","[38052776]"
180434,"180434.102","Morganella morganii subsp. morganii JBCDAFI-19-0010","cefpodoxime","",">64",">","64","mg/L","MIC","","","Beckman Coulter Inc","CLSI",2021,"","","","Laboratory Method","","[38052776]"
180434,"180434.119","Morganella morganii subsp. morganii JBCHACG-19-0477","ceftazidime/clavulanic acid","","8","","8","mg/L","MIC","","","Beckman Coulter Inc","CLSI",2021,"","","","Laboratory Method","","[38052776]"
180434,"180434.95","Morganella morganii subsp. morganii JBAFAAB-19-0019","trimethoprim/sulfamethoxazole","","<=1/19","<=","1/19","mg/L","MIC","","","Beckman Coulter Inc","CLSI",2021,"","","","Laboratory Method","","[38052776]"
180434,"180434.98","Morganella morganii subsp. morganii JBAGAAD-19-0139","cefuroxime","","8","","8","mg/L","MIC","","","Beckman Coulter Inc","CLSI",2021,"","","","Laboratory Method","","[38052776]"
180434,"180434.131","Morganella morganii subsp. morganii JBEAAAD-19-0164","colistin","",">8",">","8","mg/L","MIC","","","Beckman Coulter Inc","CLSI",2021,"","","","Laboratory Method","","[38052776]"
180434,"180434.107","Morganella morganii subsp. morganii JBCDAFI-19-0024","ceftazidime","","<=1","<=","1","mg/L","MIC","","","Beckman Coulter Inc","CLSI",2021,"","","","Laboratory Method","","[38052776]"
180434,"180434.120","Morganella morganii subsp. morganii JBDEABG-19-0196","tobramycin","","<=1","<=","1","mg/L","MIC","","","Beckman Coulter Inc","CLSI",2021,"","","","Laboratory Method","","[38052776]"
180434,"180434.100","Morganella morganii subsp. morganii JBCBAAC-19-0070","cefuroxime","","4","","4","mg/L","MIC","","","Beckman Coulter Inc","CLSI",2021,"","","","Laboratory Method","","[38052776]"
180434,"180434.110","Morganella morganii subsp. morganii JBCHACG-19-0354","ampicillin/sulbactam","","32/16","","32/16","mg/L","MIC","","","Beckman Coulter Inc","CLSI",2021,"","","","Laboratory Method","","[38052776]"
180434,"180434.94","Morganella morganii subsp. morganii JBABAIF-19-0033","tigecycline","","1","","1","mg/L","MIC","","","Beckman Coulter Inc","CLSI",2021,"","","","Laboratory Method","","[38052776]"
180434,"180434.122","Morganella morganii subsp. morganii JBDEABG-19-0368","tigecycline","","1","","1","mg/L","MIC","","","Beckman Coulter Inc","CLSI",2021,"","","","Laboratory Method","","[38052776]"
180434,"180434.113","Morganella morganii subsp. morganii JBCHACG-19-0244","amikacin","","<=4","<=","4","mg/L","MIC","","","Beckman Coulter Inc","CLSI",2021,"","","","Laboratory Method","","[38052776]"
180434,"180434.113","Morganella morganii subsp. morganii JBCHACG-19-0244","tigecycline","","2","","2","mg/L","MIC","","","Beckman Coulter Inc","CLSI",2021,"","","","Laboratory Method","","[38052776]"
180434,"180434.93","Morganella morganii subsp. morganii JBABAIF-19-0031","cefotaxime/clavulanic acid","","8","","8","mg/L","MIC","","","Beckman Coulter Inc","CLSI",2021,"","","","Laboratory Method","","[38052776]"
180434,"180434.103","Morganella morganii subsp. morganii JBCDAFI-19-0007","tigecycline","","1","","1","mg/L","MIC","","","Beckman Coulter Inc","CLSI",2021,"","","","Laboratory Method","","[38052776]"
180434,"180434.117","Morganella morganii subsp. morganii JBCHACG-19-0294","colistin","",">8",">","8","mg/L","MIC","","","Beckman Coulter Inc","CLSI",2021,"","","","Laboratory Method","","[38052776]"
180434,"180434.124","Morganella morganii subsp. morganii JBDGAAB-19-0042","ceftazidime","","<=1","<=","1","mg/L","MIC","","","Beckman Coulter Inc","CLSI",2021,"","","","Laboratory Method","","[38052776]"
180434,"180434.124","Morganella morganii subsp. morganii JBDGAAB-19-0042","cefmetazole","",">32",">","32","mg/L","MIC","","","Beckman Coulter Inc","CLSI",2021,"","","","Laboratory Method","","[38052776]"
180434,"180434.109","Morganella morganii subsp. morganii JBCHAAB-19-0057","piperacillin/tazobactam","","<=4","<=","4","mg/L","MIC","","","Beckman Coulter Inc","CLSI",2021,"","","","Laboratory Method","","[38052776]"
180434,"180434.111","Morganella morganii subsp. morganii JBCHACG-19-0210","ceftriaxone","","<=0.5","<=","0.5","mg/L","MIC","","","Beckman Coulter Inc","CLSI",2021,"","","","Laboratory Method","","[38052776]"
180434,"180434.114","Morganella morganii subsp. morganii JBCHACG-19-0262","levofloxacin","","<=0.5","<=","0.5","mg/L","MIC","","","Beckman Coulter Inc","CLSI",2021,"","","","Laboratory Method","","[38052776]"
180434,"180434.123","Morganella morganii subsp. morganii JBDEABG-19-0370","ciprofloxacin","","4","","4","mg/L","MIC","","","Beckman Coulter Inc","CLSI",2021,"","","","Laboratory Method","","[38052776]"
180434,"180434.92","Morganella morganii subsp. morganii JBABAIF-19-0010","tobramycin","","<=1","<=","1","mg/L","MIC","","","Beckman Coulter Inc","CLSI",2021,"","","","Laboratory Method","","[38052776]"
180434,"180434.94","Morganella morganii subsp. morganii JBABAIF-19-0033","cefozopran","","<=1","<=","1","mg/L","MIC","","","Beckman Coulter Inc","CLSI",2021,"","","","Laboratory Method","","[38052776]"
180434,"180434.128","Morganella morganii subsp. morganii JBDGAAB-19-0043","cefmetazole","",">32",">","32","mg/L","MIC","","","Beckman Coulter Inc","CLSI",2021,"","","","Laboratory Method","","[38052776]"
180434,"180434.119","Morganella morganii subsp. morganii JBCHACG-19-0477","ampicillin/sulbactam","","32/16","","32/16","mg/L","MIC","","","Beckman Coulter Inc","CLSI",2021,"","","","Laboratory Method","","[38052776]"
180434,"180434.125","Morganella morganii subsp. morganii JBDGAAB-19-0069","trimethoprim/sulfamethoxazole","","<=1/19","<=","1/19","mg/L","MIC","","","Beckman Coulter Inc","CLSI",2021,"","","","Laboratory Method","","[38052776]"
180434,"180434.126","Morganella morganii subsp. morganii JBDGAAB-19-0096","ciprofloxacin","","<=0.25","<=","0.25","mg/L","MIC","","","Beckman Coulter Inc","CLSI",2021,"","","","Laboratory Method","","[38052776]"
180434,"180434.131","Morganella morganii subsp. morganii JBEAAAD-19-0164","piperacillin","",">64",">","64","mg/L","MIC","","","Beckman Coulter Inc","CLSI",2021,"","","","Laboratory Method","","[38052776]"
180434,"180434.109","Morganella morganii subsp. morganii JBCHAAB-19-0057","ceftazidime/clavulanic acid","","32","","32","mg/L","MIC","","","Beckman Coulter Inc","CLSI",2021,"","","","Laboratory Method","","[38052776]"
180434,"180434.125","Morganella morganii subsp. morganii JBDGAAB-19-0069","ampicillin/sulbactam","","32/16","","32/16","mg/L","MIC","","","Beckman Coulter Inc","CLSI",2021,"","","","Laboratory Method","","[38052776]"
180434,"180434.111","Morganella morganii subsp. morganii JBCHACG-19-0210","minocycline","","2","","2","mg/L","MIC","","","Beckman Coulter Inc","CLSI",2021,"","","","Laboratory Method","","[38052776]"
180434,"180434.105","Morganella morganii subsp. morganii JBCDAFI-19-0031","cefotaxime/clavulanic acid","","4","","4","mg/L","MIC","","","Beckman Coulter Inc","CLSI",2021,"","","","Laboratory Method","","[38052776]"
180434,"180434.130","Morganella morganii subsp. morganii JBDGAAB-19-0120","piperacillin/tazobactam","","<=4","<=","4","mg/L","MIC","","","Beckman Coulter Inc","CLSI",2021,"","","","Laboratory Method","","[38052776]"
180434,"180434.96","Morganella morganii subsp. morganii JBAFAAB-19-0038","piperacillin/tazobactam","","<=4","<=","4","mg/L","MIC","","","Beckman Coulter Inc","CLSI",2021,"","","","Laboratory Method","","[38052776]"
180434,"180434.104","Morganella morganii subsp. morganii JBCDAFI-19-0045","levofloxacin","","<=0.5","<=","0.5","mg/L","MIC","","","Beckman Coulter Inc","CLSI",2021,"","","","Laboratory Method","","[38052776]"
180434,"180434.123","Morganella morganii subsp. morganii JBDEABG-19-0370","chloramphenicol","",">16",">","16","mg/L","MIC","","","Beckman Coulter Inc","CLSI",2021,"","","","Laboratory Method","","[38052776]"
180434,"180434.110","Morganella morganii subsp. morganii JBCHACG-19-0354","piperacillin","",">64",">","64","mg/L","MIC","","","Beckman Coulter Inc","CLSI",2021,"","","","Laboratory Method","","[38052776]"
180434,"180434.121","Morganella morganii subsp. morganii JBDEABG-19-0366","aztreonam","","<=1","<=","1","mg/L","MIC","","","Beckman Coulter Inc","CLSI",2021,"","","","Laboratory Method","","[38052776]"
180434,"180434.126","Morganella morganii subsp. morganii JBDGAAB-19-0096","cefpodoxime","","16","","16","mg/L","MIC","","","Beckman Coulter Inc","CLSI",2021,"","","","Laboratory Method","","[38052776]"
180434,"180434.112","Morganella morganii subsp. morganii JBCHACG-19-0213","cefmetazole","","4","","4","mg/L","MIC","","","Beckman Coulter Inc","CLSI",2021,"","","","Laboratory Method","","[38052776]"
180434,"180434.126","Morganella morganii subsp. morganii JBDGAAB-19-0096","piperacillin/tazobactam","","<=4","<=","4","mg/L","MIC","","","Beckman Coulter Inc","CLSI",2021,"","","","Laboratory Method","","[38052776]"
180434,"180434.101","Morganella morganii subsp. morganii JBCBAAC-19-0077","cefmetazole","","8","","8","mg/L","MIC","","","Beckman Coulter Inc","CLSI",2021,"","","","Laboratory Method","","[38052776]"
180434,"180434.97","Morganella morganii subsp. morganii JBAGAAD-19-0041","tobramycin","","<=1","<=","1","mg/L","MIC","","","Beckman Coulter Inc","CLSI",2021,"","","","Laboratory Method","","[38052776]"
180434,"180434.125","Morganella morganii subsp. morganii JBDGAAB-19-0069","cefuroxime","","8","","8","mg/L","MIC","","","Beckman Coulter Inc","CLSI",2021,"","","","Laboratory Method","","[38052776]"
180434,"180434.118","Morganella morganii subsp. morganii JBCHACG-19-0407","aztreonam","","<=1","<=","1","mg/L","MIC","","","Beckman Coulter Inc","CLSI",2021,"","","","Laboratory Method","","[38052776]"
180434,"180434.115","Morganella morganii subsp. morganii JBCHACG-19-0281","cefotetan","","4","","4","mg/L","MIC","","","Beckman Coulter Inc","CLSI",2021,"","","","Laboratory Method","","[38052776]"
180434,"180434.122","Morganella morganii subsp. morganii JBDEABG-19-0368","ceftazidime","","<=1","<=","1","mg/L","MIC","","","Beckman Coulter Inc","CLSI",2021,"","","","Laboratory Method","","[38052776]"
180434,"180434.91","Morganella morganii subsp. morganii JBABAIF-19-0002","imipenem","","2","","2","mg/L","MIC","","","Beckman Coulter Inc","CLSI",2021,"","","","Laboratory Method","","[38052776]"
180434,"180434.125","Morganella morganii subsp. morganii JBDGAAB-19-0069","cefotetan","","2","","2","mg/L","MIC","","","Beckman Coulter Inc","CLSI",2021,"","","","Laboratory Method","","[38052776]"
180434,"180434.95","Morganella morganii subsp. morganii JBAFAAB-19-0019","cefmetazole","","4","","4","mg/L","MIC","","","Beckman Coulter Inc","CLSI",2021,"","","","Laboratory Method","","[38052776]"
180434,"180434.103","Morganella morganii subsp. morganii JBCDAFI-19-0007","ceftazidime/clavulanic acid","","<=0.12","<=","0.12","mg/L","MIC","","","Beckman Coulter Inc","CLSI",2021,"","","","Laboratory Method","","[38052776]"
180434,"180434.94","Morganella morganii subsp. morganii JBABAIF-19-0033","cefotetan","","<=1","<=","1","mg/L","MIC","","","Beckman Coulter Inc","CLSI",2021,"","","","Laboratory Method","","[38052776]"
180434,"180434.90","Morganella morganii subsp. morganii JBABAHA-19-0024","piperacillin","","16","","16","mg/L","MIC","","","Beckman Coulter Inc","CLSI",2021,"","","","Laboratory Method","","[38052776]"
180434,"180434.96","Morganella morganii subsp. morganii JBAFAAB-19-0038","ceftriaxone","","1","","1","mg/L","MIC","","","Beckman Coulter Inc","CLSI",2021,"","","","Laboratory Method","","[38052776]"
180434,"180434.116","Morganella morganii subsp. morganii JBCHACG-19-0278","aztreonam","","2","","2","mg/L","MIC","","","Beckman Coulter Inc","CLSI",2021,"","","","Laboratory Method","","[38052776]"
180434,"180434.109","Morganella morganii subsp. morganii JBCHAAB-19-0057","doripenem","","<=0.5","<=","0.5","mg/L","MIC","","","Beckman Coulter Inc","CLSI",2021,"","","","Laboratory Method","","[38052776]"
180434,"180434.119","Morganella morganii subsp. morganii JBCHACG-19-0477","chloramphenicol","","<=8","<=","8","mg/L","MIC","","","Beckman Coulter Inc","CLSI",2021,"","","","Laboratory Method","","[38052776]"
180434,"180434.118","Morganella morganii subsp. morganii JBCHACG-19-0407","piperacillin","","16","","16","mg/L","MIC","","","Beckman Coulter Inc","CLSI",2021,"","","","Laboratory Method","","[38052776]"
180434,"180434.123","Morganella morganii subsp. morganii JBDEABG-19-0370","fosfomycin","",">16",">","16","mg/L","MIC","","","Beckman Coulter Inc","CLSI",2021,"","","","Laboratory Method","","[38052776]"
180434,"180434.117","Morganella morganii subsp. morganii JBCHACG-19-0294","minocycline","","4","","4","mg/L","MIC","","","Beckman Coulter Inc","CLSI",2021,"","","","Laboratory Method","","[38052776]"
180434,"180434.127","Morganella morganii subsp. morganii JBCBAAC-19-0071","amikacin","","<=4","<=","4","mg/L","MIC","","","Beckman Coulter Inc","CLSI",2021,"","","","Laboratory Method","","[38052776]"
180434,"180434.110","Morganella morganii subsp. morganii JBCHACG-19-0354","cefpodoxime","","32","","32","mg/L","MIC","","","Beckman Coulter Inc","CLSI",2021,"","","","Laboratory Method","","[38052776]"
180434,"180434.96","Morganella morganii subsp. morganii JBAFAAB-19-0038","piperacillin","","<=4","<=","4","mg/L","MIC","","","Beckman Coulter Inc","CLSI",2021,"","","","Laboratory Method","","[38052776]"
180434,"180434.104","Morganella morganii subsp. morganii JBCDAFI-19-0045","cefuroxime","","8","","8","mg/L","MIC","","","Beckman Coulter Inc","CLSI",2021,"","","","Laboratory Method","","[38052776]"
180434,"180434.129","Morganella morganii subsp. morganii JBDGAAB-19-0119","cefotaxime/clavulanic acid","","2","","2","mg/L","MIC","","","Beckman Coulter Inc","CLSI",2021,"","","","Laboratory Method","","[38052776]"
180434,"180434.101","Morganella morganii subsp. morganii JBCBAAC-19-0077","ceftazidime/clavulanic acid","","32","","32","mg/L","MIC","","","Beckman Coulter Inc","CLSI",2021,"","","","Laboratory Method","","[38052776]"
180434,"180434.127","Morganella morganii subsp. morganii JBCBAAC-19-0071","cefuroxime","","8","","8","mg/L","MIC","","","Beckman Coulter Inc","CLSI",2021,"","","","Laboratory Method","","[38052776]"
180434,"180434.125","Morganella morganii subsp. morganii JBDGAAB-19-0069","ciprofloxacin","","<=0.25","<=","0.25","mg/L","MIC","","","Beckman Coulter Inc","CLSI",2021,"","","","Laboratory Method","","[38052776]"
180434,"180434.113","Morganella morganii subsp. morganii JBCHACG-19-0244","piperacillin/tazobactam","","<=4","<=","4","mg/L","MIC","","","Beckman Coulter Inc","CLSI",2021,"","","","Laboratory Method","","[38052776]"
180434,"180434.106","Morganella morganii subsp. morganii JBCDAFI-19-0033","meropenem","","<=0.5","<=","0.5","mg/L","MIC","","","Beckman Coulter Inc","CLSI",2021,"","","","Laboratory Method","","[38052776]"
180434,"180434.102","Morganella morganii subsp. morganii JBCDAFI-19-0010","piperacillin","",">64",">","64","mg/L","MIC","","","Beckman Coulter Inc","CLSI",2021,"","","","Laboratory Method","","[38052776]"
180434,"180434.123","Morganella morganii subsp. morganii JBDEABG-19-0370","trimethoprim/sulfamethoxazole","","<=1/19","<=","1/19","mg/L","MIC","","","Beckman Coulter Inc","CLSI",2021,"","","","Laboratory Method","","[38052776]"
180434,"180434.122","Morganella morganii subsp. morganii JBDEABG-19-0368","cefpodoxime","","32","","32","mg/L","MIC","","","Beckman Coulter Inc","CLSI",2021,"","","","Laboratory Method","","[38052776]"
180434,"180434.113","Morganella morganii subsp. morganii JBCHACG-19-0244","cefmetazole","","4","","4","mg/L","MIC","","","Beckman Coulter Inc","CLSI",2021,"","","","Laboratory Method","","[38052776]"
180434,"180434.100","Morganella morganii subsp. morganii JBCBAAC-19-0070","doripenem","","<=0.5","<=","0.5","mg/L","MIC","","","Beckman Coulter Inc","CLSI",2021,"","","","Laboratory Method","","[38052776]"
180434,"180434.112","Morganella morganii subsp. morganii JBCHACG-19-0213","ceftazidime/clavulanic acid","","8","","8","mg/L","MIC","","","Beckman Coulter Inc","CLSI",2021,"","","","Laboratory Method","","[38052776]"
180434,"180434.120","Morganella morganii subsp. morganii JBDEABG-19-0196","aztreonam","","<=1","<=","1","mg/L","MIC","","","Beckman Coulter Inc","CLSI",2021,"","","","Laboratory Method","","[38052776]"
180434,"180434.129","Morganella morganii subsp. morganii JBDGAAB-19-0119","ampicillin/sulbactam","","16/8","","16/8","mg/L","MIC","","","Beckman Coulter Inc","CLSI",2021,"","","","Laboratory Method","","[38052776]"
180434,"180434.118","Morganella morganii subsp. morganii JBCHACG-19-0407","chloramphenicol","",">16",">","16","mg/L","MIC","","","Beckman Coulter Inc","CLSI",2021,"","","","Laboratory Method","","[38052776]"
180434,"180434.108","Morganella morganii subsp. morganii JBCDAFI-19-0021","gentamicin","","<=1","<=","1","mg/L","MIC","","","Beckman Coulter Inc","CLSI",2021,"","","","Laboratory Method","","[38052776]"
180434,"180434.124","Morganella morganii subsp. morganii JBDGAAB-19-0042","piperacillin/tazobactam","","<=4","<=","4","mg/L","MIC","","","Beckman Coulter Inc","CLSI",2021,"","","","Laboratory Method","","[38052776]"
180434,"180434.90","Morganella morganii subsp. morganii JBABAHA-19-0024","gentamicin","","<=1","<=","1","mg/L","MIC","","","Beckman Coulter Inc","CLSI",2021,"","","","Laboratory Method","","[38052776]"
180434,"180434.90","Morganella morganii subsp. morganii JBABAHA-19-0024","cefotaxime/clavulanic acid","","1","","1","mg/L","MIC","","","Beckman Coulter Inc","CLSI",2021,"","","","Laboratory Method","","[38052776]"
180434,"180434.123","Morganella morganii subsp. morganii JBDEABG-19-0370","ceftriaxone","","16","","16","mg/L","MIC","","","Beckman Coulter Inc","CLSI",2021,"","","","Laboratory Method","","[38052776]"
180434,"180434.130","Morganella morganii subsp. morganii JBDGAAB-19-0120","imipenem","","2","","2","mg/L","MIC","","","Beckman Coulter Inc","CLSI",2021,"","","","Laboratory Method","","[38052776]"
180434,"180434.114","Morganella morganii subsp. morganii JBCHACG-19-0262","meropenem","","<=0.5","<=","0.5","mg/L","MIC","","","Beckman Coulter Inc","CLSI",2021,"","","","Laboratory Method","","[38052776]"
180434,"180434.96","Morganella morganii subsp. morganii JBAFAAB-19-0038","cefoperazone/sulbactam","","<=8/4","<=","8/4","mg/L","MIC","","","Beckman Coulter Inc","CLSI",2021,"","","","Laboratory Method","","[38052776]"
180434,"180434.98","Morganella morganii subsp. morganii JBAGAAD-19-0139","ampicillin/sulbactam","",">32/16",">","32/16","mg/L","MIC","","","Beckman Coulter Inc","CLSI",2021,"","","","Laboratory Method","","[38052776]"
180434,"180434.100","Morganella morganii subsp. morganii JBCBAAC-19-0070","cefotaxime","","1","","1","mg/L","MIC","","","Beckman Coulter Inc","CLSI",2021,"","","","Laboratory Method","","[38052776]"
180434,"180434.128","Morganella morganii subsp. morganii JBDGAAB-19-0043","chloramphenicol","","<=8","<=","8","mg/L","MIC","","","Beckman Coulter Inc","CLSI",2021,"","","","Laboratory Method","","[38052776]"
180434,"180434.128","Morganella morganii subsp. morganii JBDGAAB-19-0043","doripenem","","<=0.5","<=","0.5","mg/L","MIC","","","Beckman Coulter Inc","CLSI",2021,"","","","Laboratory Method","","[38052776]"
180434,"180434.105","Morganella morganii subsp. morganii JBCDAFI-19-0031","ceftazidime","","<=1","<=","1","mg/L","MIC","","","Beckman Coulter Inc","CLSI",2021,"","","","Laboratory Method","","[38052776]"
180434,"180434.96","Morganella morganii subsp. morganii JBAFAAB-19-0038","tigecycline","","2","","2","mg/L","MIC","","","Beckman Coulter Inc","CLSI",2021,"","","","Laboratory Method","","[38052776]"
180434,"180434.121","Morganella morganii subsp. morganii JBDEABG-19-0366","cefozopran","","8","","8","mg/L","MIC","","","Beckman Coulter Inc","CLSI",2021,"","","","Laboratory Method","","[38052776]"
180434,"180434.93","Morganella morganii subsp. morganii JBABAIF-19-0031","colistin","",">8",">","8","mg/L","MIC","","","Beckman Coulter Inc","CLSI",2021,"","","","Laboratory Method","","[38052776]"
180434,"180434.111","Morganella morganii subsp. morganii JBCHACG-19-0210","ceftazidime","","<=1","<=","1","mg/L","MIC","","","Beckman Coulter Inc","CLSI",2021,"","","","Laboratory Method","","[38052776]"
180434,"180434.125","Morganella morganii subsp. morganii JBDGAAB-19-0069","amikacin","","<=4","<=","4","mg/L","MIC","","","Beckman Coulter Inc","CLSI",2021,"","","","Laboratory Method","","[38052776]"
180434,"180434.112","Morganella morganii subsp. morganii JBCHACG-19-0213","ciprofloxacin","","<=0.25","<=","0.25","mg/L","MIC","","","Beckman Coulter Inc","CLSI",2021,"","","","Laboratory Method","","[38052776]"
180434,"180434.91","Morganella morganii subsp. morganii JBABAIF-19-0002","amikacin","","<=4","<=","4","mg/L","MIC","","","Beckman Coulter Inc","CLSI",2021,"","","","Laboratory Method","","[38052776]"
180434,"180434.120","Morganella morganii subsp. morganii JBDEABG-19-0196","piperacillin","","8","","8","mg/L","MIC","","","Beckman Coulter Inc","CLSI",2021,"","","","Laboratory Method","","[38052776]"
180434,"180434.102","Morganella morganii subsp. morganii JBCDAFI-19-0010","levofloxacin","","1","","1","mg/L","MIC","","","Beckman Coulter Inc","CLSI",2021,"","","","Laboratory Method","","[38052776]"
180434,"180434.106","Morganella morganii subsp. morganii JBCDAFI-19-0033","cefotetan","","<=1","<=","1","mg/L","MIC","","","Beckman Coulter Inc","CLSI",2021,"","","","Laboratory Method","","[38052776]"
180434,"180434.114","Morganella morganii subsp. morganii JBCHACG-19-0262","gentamicin","","<=1","<=","1","mg/L","MIC","","","Beckman Coulter Inc","CLSI",2021,"","","","Laboratory Method","","[38052776]"
180434,"180434.128","Morganella morganii subsp. morganii JBDGAAB-19-0043","cefepime","","<=1","<=","1","mg/L","MIC","","","Beckman Coulter Inc","CLSI",2021,"","","","Laboratory Method","","[38052776]"
180434,"180434.101","Morganella morganii subsp. morganii JBCBAAC-19-0077","doripenem","","<=0.5","<=","0.5","mg/L","MIC","","","Beckman Coulter Inc","CLSI",2021,"","","","Laboratory Method","","[38052776]"
180434,"180434.126","Morganella morganii subsp. morganii JBDGAAB-19-0096","cefepime","","<=1","<=","1","mg/L","MIC","","","Beckman Coulter Inc","CLSI",2021,"","","","Laboratory Method","","[38052776]"
180434,"180434.125","Morganella morganii subsp. morganii JBDGAAB-19-0069","cefotaxime","","2","","2","mg/L","MIC","","","Beckman Coulter Inc","CLSI",2021,"","","","Laboratory Method","","[38052776]"
180434,"180434.95","Morganella morganii subsp. morganii JBAFAAB-19-0019","chloramphenicol","","<=8","<=","8","mg/L","MIC","","","Beckman Coulter Inc","CLSI",2021,"","","","Laboratory Method","","[38052776]"
180434,"180434.99","Morganella morganii subsp. morganii JBCBAAC-19-0019","ceftriaxone","","<=0.5","<=","0.5","mg/L","MIC","","","Beckman Coulter Inc","CLSI",2021,"","","","Laboratory Method","","[38052776]"
180434,"180434.108","Morganella morganii subsp. morganii JBCDAFI-19-0021","ceftazidime","","<=1","<=","1","mg/L","MIC","","","Beckman Coulter Inc","CLSI",2021,"","","","Laboratory Method","","[38052776]"
180434,"180434.100","Morganella morganii subsp. morganii JBCBAAC-19-0070","cefozopran","","<=1","<=","1","mg/L","MIC","","","Beckman Coulter Inc","CLSI",2021,"","","","Laboratory Method","","[38052776]"
180434,"180434.105","Morganella morganii subsp. morganii JBCDAFI-19-0031","ciprofloxacin","","1","","1","mg/L","MIC","","","Beckman Coulter Inc","CLSI",2021,"","","","Laboratory Method","","[38052776]"
180434,"180434.125","Morganella morganii subsp. morganii JBDGAAB-19-0069","meropenem","","<=0.5","<=","0.5","mg/L","MIC","","","Beckman Coulter Inc","CLSI",2021,"","","","Laboratory Method","","[38052776]"
180434,"180434.109","Morganella morganii subsp. morganii JBCHAAB-19-0057","cefoperazone/sulbactam","","<=8/4","<=","8/4","mg/L","MIC","","","Beckman Coulter Inc","CLSI",2021,"","","","Laboratory Method","","[38052776]"
180434,"180434.100","Morganella morganii subsp. morganii JBCBAAC-19-0070","meropenem","","<=0.5","<=","0.5","mg/L","MIC","","","Beckman Coulter Inc","CLSI",2021,"","","","Laboratory Method","","[38052776]"
180434,"180434.107","Morganella morganii subsp. morganii JBCDAFI-19-0024","cefpodoxime","","32","","32","mg/L","MIC","","","Beckman Coulter Inc","CLSI",2021,"","","","Laboratory Method","","[38052776]"
180434,"180434.102","Morganella morganii subsp. morganii JBCDAFI-19-0010","tobramycin","","4","","4","mg/L","MIC","","","Beckman Coulter Inc","CLSI",2021,"","","","Laboratory Method","","[38052776]"
180434,"180434.131","Morganella morganii subsp. morganii JBEAAAD-19-0164","fosfomycin","",">16",">","16","mg/L","MIC","","","Beckman Coulter Inc","CLSI",2021,"","","","Laboratory Method","","[38052776]"
180434,"180434.114","Morganella morganii subsp. morganii JBCHACG-19-0262","cefoperazone/sulbactam","","<=8/4","<=","8/4","mg/L","MIC","","","Beckman Coulter Inc","CLSI",2021,"","","","Laboratory Method","","[38052776]"
180434,"180434.99","Morganella morganii subsp. morganii JBCBAAC-19-0019","cefuroxime","","4","","4","mg/L","MIC","","","Beckman Coulter Inc","CLSI",2021,"","","","Laboratory Method","","[38052776]"
180434,"180434.115","Morganella morganii subsp. morganii JBCHACG-19-0281","piperacillin/tazobactam","","<=4","<=","4","mg/L","MIC","","","Beckman Coulter Inc","CLSI",2021,"","","","Laboratory Method","","[38052776]"
180434,"180434.117","Morganella morganii subsp. morganii JBCHACG-19-0294","cefepime","","<=1","<=","1","mg/L","MIC","","","Beckman Coulter Inc","CLSI",2021,"","","","Laboratory Method","","[38052776]"
180434,"180434.108","Morganella morganii subsp. morganii JBCDAFI-19-0021","amikacin","","<=4","<=","4","mg/L","MIC","","","Beckman Coulter Inc","CLSI",2021,"","","","Laboratory Method","","[38052776]"
180434,"180434.101","Morganella morganii subsp. morganii JBCBAAC-19-0077","ceftriaxone","","2","","2","mg/L","MIC","","","Beckman Coulter Inc","CLSI",2021,"","","","Laboratory Method","","[38052776]"
180434,"180434.91","Morganella morganii subsp. morganii JBABAIF-19-0002","minocycline","","4","","4","mg/L","MIC","","","Beckman Coulter Inc","CLSI",2021,"","","","Laboratory Method","","[38052776]"
180434,"180434.101","Morganella morganii subsp. morganii JBCBAAC-19-0077","tobramycin","","<=1","<=","1","mg/L","MIC","","","Beckman Coulter Inc","CLSI",2021,"","","","Laboratory Method","","[38052776]"
180434,"180434.99","Morganella morganii subsp. morganii JBCBAAC-19-0019","doripenem","","<=0.5","<=","0.5","mg/L","MIC","","","Beckman Coulter Inc","CLSI",2021,"","","","Laboratory Method","","[38052776]"
180434,"180434.109","Morganella morganii subsp. morganii JBCHAAB-19-0057","gentamicin","","<=1","<=","1","mg/L","MIC","","","Beckman Coulter Inc","CLSI",2021,"","","","Laboratory Method","","[38052776]"
180434,"180434.124","Morganella morganii subsp. morganii JBDGAAB-19-0042","tobramycin","","<=1","<=","1","mg/L","MIC","","","Beckman Coulter Inc","CLSI",2021,"","","","Laboratory Method","","[38052776]"
180434,"180434.119","Morganella morganii subsp. morganii JBCHACG-19-0477","aztreonam","","<=1","<=","1","mg/L","MIC","","","Beckman Coulter Inc","CLSI",2021,"","","","Laboratory Method","","[38052776]"
180434,"180434.100","Morganella morganii subsp. morganii JBCBAAC-19-0070","imipenem","","2","","2","mg/L","MIC","","","Beckman Coulter Inc","CLSI",2021,"","","","Laboratory Method","","[38052776]"
180434,"180434.121","Morganella morganii subsp. morganii JBDEABG-19-0366","cefepime","","<=1","<=","1","mg/L","MIC","","","Beckman Coulter Inc","CLSI",2021,"","","","Laboratory Method","","[38052776]"
180434,"180434.91","Morganella morganii subsp. morganii JBABAIF-19-0002","cefotaxime","","4","","4","mg/L","MIC","","","Beckman Coulter Inc","CLSI",2021,"","","","Laboratory Method","","[38052776]"
180434,"180434.113","Morganella morganii subsp. morganii JBCHACG-19-0244","doripenem","","<=0.5","<=","0.5","mg/L","MIC","","","Beckman Coulter Inc","CLSI",2021,"","","","Laboratory Method","","[38052776]"
180434,"180434.119","Morganella morganii subsp. morganii JBCHACG-19-0477","piperacillin/tazobactam","","<=4","<=","4","mg/L","MIC","","","Beckman Coulter Inc","CLSI",2021,"","","","Laboratory Method","","[38052776]"
180434,"180434.128","Morganella morganii subsp. morganii JBDGAAB-19-0043","ampicillin/sulbactam","","32/16","","32/16","mg/L","MIC","","","Beckman Coulter Inc","CLSI",2021,"","","","Laboratory Method","","[38052776]"
180434,"180434.96","Morganella morganii subsp. morganii JBAFAAB-19-0038","doripenem","","<=0.5","<=","0.5","mg/L","MIC","","","Beckman Coulter Inc","CLSI",2021,"","","","Laboratory Method","","[38052776]"
180434,"180434.122","Morganella morganii subsp. morganii JBDEABG-19-0368","piperacillin","","<=4","<=","4","mg/L","MIC","","","Beckman Coulter Inc","CLSI",2021,"","","","Laboratory Method","","[38052776]"
180434,"180434.100","Morganella morganii subsp. morganii JBCBAAC-19-0070","cefmetazole","","4","","4","mg/L","MIC","","","Beckman Coulter Inc","CLSI",2021,"","","","Laboratory Method","","[38052776]"
180434,"180434.126","Morganella morganii subsp. morganii JBDGAAB-19-0096","cefuroxime","","8","","8","mg/L","MIC","","","Beckman Coulter Inc","CLSI",2021,"","","","Laboratory Method","","[38052776]"
180434,"180434.119","Morganella morganii subsp. morganii JBCHACG-19-0477","cefpodoxime","","32","","32","mg/L","MIC","","","Beckman Coulter Inc","CLSI",2021,"","","","Laboratory Method","","[38052776]"
180434,"180434.124","Morganella morganii subsp. morganii JBDGAAB-19-0042","cefoperazone/sulbactam","","<=8/4","<=","8/4","mg/L","MIC","","","Beckman Coulter Inc","CLSI",2021,"","","","Laboratory Method","","[38052776]"
180434,"180434.128","Morganella morganii subsp. morganii JBDGAAB-19-0043","levofloxacin","","4","","4","mg/L","MIC","","","Beckman Coulter Inc","CLSI",2021,"","","","Laboratory Method","","[38052776]"
180434,"180434.114","Morganella morganii subsp. morganii JBCHACG-19-0262","cefmetazole","","4","","4","mg/L","MIC","","","Beckman Coulter Inc","CLSI",2021,"","","","Laboratory Method","","[38052776]"
180434,"180434.128","Morganella morganii subsp. morganii JBDGAAB-19-0043","amikacin","","<=4","<=","4","mg/L","MIC","","","Beckman Coulter Inc","CLSI",2021,"","","","Laboratory Method","","[38052776]"
180434,"180434.96","Morganella morganii subsp. morganii JBAFAAB-19-0038","meropenem","","<=0.5","<=","0.5","mg/L","MIC","","","Beckman Coulter Inc","CLSI",2021,"","","","Laboratory Method","","[38052776]"
180434,"180434.112","Morganella morganii subsp. morganii JBCHACG-19-0213","tigecycline","","2","","2","mg/L","MIC","","","Beckman Coulter Inc","CLSI",2021,"","","","Laboratory Method","","[38052776]"
180434,"180434.99","Morganella morganii subsp. morganii JBCBAAC-19-0019","cefmetazole","","4","","4","mg/L","MIC","","","Beckman Coulter Inc","CLSI",2021,"","","","Laboratory Method","","[38052776]"
180434,"180434.94","Morganella morganii subsp. morganii JBABAIF-19-0033","cefuroxime","","8","","8","mg/L","MIC","","","Beckman Coulter Inc","CLSI",2021,"","","","Laboratory Method","","[38052776]"
180434,"180434.101","Morganella morganii subsp. morganii JBCBAAC-19-0077","minocycline","",">8",">","8","mg/L","MIC","","","Beckman Coulter Inc","CLSI",2021,"","","","Laboratory Method","","[38052776]"
180434,"180434.111","Morganella morganii subsp. morganii JBCHACG-19-0210","cefotaxime","","2","","2","mg/L","MIC","","","Beckman Coulter Inc","CLSI",2021,"","","","Laboratory Method","","[38052776]"
180434,"180434.110","Morganella morganii subsp. morganii JBCHACG-19-0354","amikacin","","<=4","<=","4","mg/L","MIC","","","Beckman Coulter Inc","CLSI",2021,"","","","Laboratory Method","","[38052776]"
180434,"180434.129","Morganella morganii subsp. morganii JBDGAAB-19-0119","tigecycline","","1","","1","mg/L","MIC","","","Beckman Coulter Inc","CLSI",2021,"","","","Laboratory Method","","[38052776]"
180434,"180434.95","Morganella morganii subsp. morganii JBAFAAB-19-0019","ceftazidime","","<=1","<=","1","mg/L","MIC","","","Beckman Coulter Inc","CLSI",2021,"","","","Laboratory Method","","[38052776]"
180434,"180434.91","Morganella morganii subsp. morganii JBABAIF-19-0002","ceftazidime/clavulanic acid","","4","","4","mg/L","MIC","","","Beckman Coulter Inc","CLSI",2021,"","","","Laboratory Method","","[38052776]"
180434,"180434.115","Morganella morganii subsp. morganii JBCHACG-19-0281","chloramphenicol","","<=8","<=","8","mg/L","MIC","","","Beckman Coulter Inc","CLSI",2021,"","","","Laboratory Method","","[38052776]"
180434,"180434.125","Morganella morganii subsp. morganii JBDGAAB-19-0069","cefozopran","","<=1","<=","1","mg/L","MIC","","","Beckman Coulter Inc","CLSI",2021,"","","","Laboratory Method","","[38052776]"
180434,"180434.101","Morganella morganii subsp. morganii JBCBAAC-19-0077","piperacillin/tazobactam","","<=4","<=","4","mg/L","MIC","","","Beckman Coulter Inc","CLSI",2021,"","","","Laboratory Method","","[38052776]"
180434,"180434.123","Morganella morganii subsp. morganii JBDEABG-19-0370","ceftazidime","",">16",">","16","mg/L","MIC","","","Beckman Coulter Inc","CLSI",2021,"","","","Laboratory Method","","[38052776]"
180434,"180434.124","Morganella morganii subsp. morganii JBDGAAB-19-0042","doripenem","","<=0.5","<=","0.5","mg/L","MIC","","","Beckman Coulter Inc","CLSI",2021,"","","","Laboratory Method","","[38052776]"
180434,"180434.110","Morganella morganii subsp. morganii JBCHACG-19-0354","gentamicin","",">8",">","8","mg/L","MIC","","","Beckman Coulter Inc","CLSI",2021,"","","","Laboratory Method","","[38052776]"
180434,"180434.95","Morganella morganii subsp. morganii JBAFAAB-19-0019","cefotetan","","2","","2","mg/L","MIC","","","Beckman Coulter Inc","CLSI",2021,"","","","Laboratory Method","","[38052776]"
180434,"180434.90","Morganella morganii subsp. morganii JBABAHA-19-0024","ceftazidime/clavulanic acid","","4","","4","mg/L","MIC","","","Beckman Coulter Inc","CLSI",2021,"","","","Laboratory Method","","[38052776]"
180434,"180434.102","Morganella morganii subsp. morganii JBCDAFI-19-0010","cefotaxime","","32","","32","mg/L","MIC","","","Beckman Coulter Inc","CLSI",2021,"","","","Laboratory Method","","[38052776]"
180434,"180434.92","Morganella morganii subsp. morganii JBABAIF-19-0010","cefpodoxime","","16","","16","mg/L","MIC","","","Beckman Coulter Inc","CLSI",2021,"","","","Laboratory Method","","[38052776]"
180434,"180434.97","Morganella morganii subsp. morganii JBAGAAD-19-0041","trimethoprim/sulfamethoxazole","","<=1/19","<=","1/19","mg/L","MIC","","","Beckman Coulter Inc","CLSI",2021,"","","","Laboratory Method","","[38052776]"
180434,"180434.125","Morganella morganii subsp. morganii JBDGAAB-19-0069","tigecycline","","2","","2","mg/L","MIC","","","Beckman Coulter Inc","CLSI",2021,"","","","Laboratory Method","","[38052776]"
180434,"180434.98","Morganella morganii subsp. morganii JBAGAAD-19-0139","ciprofloxacin","","<=0.25","<=","0.25","mg/L","MIC","","","Beckman Coulter Inc","CLSI",2021,"","","","Laboratory Method","","[38052776]"
180434,"180434.121","Morganella morganii subsp. morganii JBDEABG-19-0366","piperacillin/tazobactam","","<=4","<=","4","mg/L","MIC","","","Beckman Coulter Inc","CLSI",2021,"","","","Laboratory Method","","[38052776]"
180434,"180434.119","Morganella morganii subsp. morganii JBCHACG-19-0477","cefozopran","","<=1","<=","1","mg/L","MIC","","","Beckman Coulter Inc","CLSI",2021,"","","","Laboratory Method","","[38052776]"
180434,"180434.113","Morganella morganii subsp. morganii JBCHACG-19-0244","minocycline","",">8",">","8","mg/L","MIC","","","Beckman Coulter Inc","CLSI",2021,"","","","Laboratory Method","","[38052776]"
180434,"180434.123","Morganella morganii subsp. morganii JBDEABG-19-0370","cefmetazole","","16","","16","mg/L","MIC","","","Beckman Coulter Inc","CLSI",2021,"","","","Laboratory Method","","[38052776]"
180434,"180434.109","Morganella morganii subsp. morganii JBCHAAB-19-0057","ceftriaxone","","8","","8","mg/L","MIC","","","Beckman Coulter Inc","CLSI",2021,"","","","Laboratory Method","","[38052776]"
180434,"180434.127","Morganella morganii subsp. morganii JBCBAAC-19-0071","cefoperazone/sulbactam","","<=8/4","<=","8/4","mg/L","MIC","","","Beckman Coulter Inc","CLSI",2021,"","","","Laboratory Method","","[38052776]"
180434,"180434.104","Morganella morganii subsp. morganii JBCDAFI-19-0045","tobramycin","","<=1","<=","1","mg/L","MIC","","","Beckman Coulter Inc","CLSI",2021,"","","","Laboratory Method","","[38052776]"
180434,"180434.119","Morganella morganii subsp. morganii JBCHACG-19-0477","cefmetazole","","4","","4","mg/L","MIC","","","Beckman Coulter Inc","CLSI",2021,"","","","Laboratory Method","","[38052776]"
180434,"180434.114","Morganella morganii subsp. morganii JBCHACG-19-0262","ceftriaxone","","<=0.5","<=","0.5","mg/L","MIC","","","Beckman Coulter Inc","CLSI",2021,"","","","Laboratory Method","","[38052776]"
180434,"180434.94","Morganella morganii subsp. morganii JBABAIF-19-0033","minocycline","","2","","2","mg/L","MIC","","","Beckman Coulter Inc","CLSI",2021,"","","","Laboratory Method","","[38052776]"
180434,"180434.101","Morganella morganii subsp. morganii JBCBAAC-19-0077","cefotaxime/clavulanic acid","","16","","16","mg/L","MIC","","","Beckman Coulter Inc","CLSI",2021,"","","","Laboratory Method","","[38052776]"
180434,"180434.112","Morganella morganii subsp. morganii JBCHACG-19-0213","amikacin","","<=4","<=","4","mg/L","MIC","","","Beckman Coulter Inc","CLSI",2021,"","","","Laboratory Method","","[38052776]"
180434,"180434.96","Morganella morganii subsp. morganii JBAFAAB-19-0038","cefotaxime/clavulanic acid","","4","","4","mg/L","MIC","","","Beckman Coulter Inc","CLSI",2021,"","","","Laboratory Method","","[38052776]"
180434,"180434.124","Morganella morganii subsp. morganii JBDGAAB-19-0042","cefotaxime/clavulanic acid","","32","","32","mg/L","MIC","","","Beckman Coulter Inc","CLSI",2021,"","","","Laboratory Method","","[38052776]"
180434,"180434.121","Morganella morganii subsp. morganii JBDEABG-19-0366","ceftazidime/clavulanic acid","",">32",">","32","mg/L","MIC","","","Beckman Coulter Inc","CLSI",2021,"","","","Laboratory Method","","[38052776]"
180434,"180434.101","Morganella morganii subsp. morganii JBCBAAC-19-0077","imipenem","","4","","4","mg/L","MIC","","","Beckman Coulter Inc","CLSI",2021,"","","","Laboratory Method","","[38052776]"
180434,"180434.126","Morganella morganii subsp. morganii JBDGAAB-19-0096","colistin","",">8",">","8","mg/L","MIC","","","Beckman Coulter Inc","CLSI",2021,"","","","Laboratory Method","","[38052776]"
180434,"180434.104","Morganella morganii subsp. morganii JBCDAFI-19-0045","tigecycline","","1","","1","mg/L","MIC","","","Beckman Coulter Inc","CLSI",2021,"","","","Laboratory Method","","[38052776]"
180434,"180434.129","Morganella morganii subsp. morganii JBDGAAB-19-0119","fosfomycin","",">16",">","16","mg/L","MIC","","","Beckman Coulter Inc","CLSI",2021,"","","","Laboratory Method","","[38052776]"
180434,"180434.95","Morganella morganii subsp. morganii JBAFAAB-19-0019","ceftazidime/clavulanic acid","","32","","32","mg/L","MIC","","","Beckman Coulter Inc","CLSI",2021,"","","","Laboratory Method","","[38052776]"
180434,"180434.112","Morganella morganii subsp. morganii JBCHACG-19-0213","cefozopran","","<=1","<=","1","mg/L","MIC","","","Beckman Coulter Inc","CLSI",2021,"","","","Laboratory Method","","[38052776]"
180434,"180434.103","Morganella morganii subsp. morganii JBCDAFI-19-0007","cefotaxime/clavulanic acid","","<=0.12","<=","0.12","mg/L","MIC","","","Beckman Coulter Inc","CLSI",2021,"","","","Laboratory Method","","[38052776]"
180434,"180434.98","Morganella morganii subsp. morganii JBAGAAD-19-0139","ceftazidime/clavulanic acid","","32","","32","mg/L","MIC","","","Beckman Coulter Inc","CLSI",2021,"","","","Laboratory Method","","[38052776]"
180434,"180434.130","Morganella morganii subsp. morganii JBDGAAB-19-0120","doripenem","","<=0.5","<=","0.5","mg/L","MIC","","","Beckman Coulter Inc","CLSI",2021,"","","","Laboratory Method","","[38052776]"
180434,"180434.104","Morganella morganii subsp. morganii JBCDAFI-19-0045","minocycline","","2","","2","mg/L","MIC","","","Beckman Coulter Inc","CLSI",2021,"","","","Laboratory Method","","[38052776]"
180434,"180434.102","Morganella morganii subsp. morganii JBCDAFI-19-0010","cefmetazole","",">32",">","32","mg/L","MIC","","","Beckman Coulter Inc","CLSI",2021,"","","","Laboratory Method","","[38052776]"
180434,"180434.100","Morganella morganii subsp. morganii JBCBAAC-19-0070","gentamicin","","4","","4","mg/L","MIC","","","Beckman Coulter Inc","CLSI",2021,"","","","Laboratory Method","","[38052776]"
180434,"180434.98","Morganella morganii subsp. morganii JBAGAAD-19-0139","ceftriaxone","","1","","1","mg/L","MIC","","","Beckman Coulter Inc","CLSI",2021,"","","","Laboratory Method","","[38052776]"
180434,"180434.99","Morganella morganii subsp. morganii JBCBAAC-19-0019","colistin","",">8",">","8","mg/L","MIC","","","Beckman Coulter Inc","CLSI",2021,"","","","Laboratory Method","","[38052776]"
180434,"180434.108","Morganella morganii subsp. morganii JBCDAFI-19-0021","trimethoprim/sulfamethoxazole","","<=1/19","<=","1/19","mg/L","MIC","","","Beckman Coulter Inc","CLSI",2021,"","","","Laboratory Method","","[38052776]"
180434,"180434.123","Morganella morganii subsp. morganii JBDEABG-19-0370","cefotaxime","","64","","64","mg/L","MIC","","","Beckman Coulter Inc","CLSI",2021,"","","","Laboratory Method","","[38052776]"
180434,"180434.128","Morganella morganii subsp. morganii JBDGAAB-19-0043","ciprofloxacin","","4","","4","mg/L","MIC","","","Beckman Coulter Inc","CLSI",2021,"","","","Laboratory Method","","[38052776]"
180434,"180434.112","Morganella morganii subsp. morganii JBCHACG-19-0213","piperacillin","",">64",">","64","mg/L","MIC","","","Beckman Coulter Inc","CLSI",2021,"","","","Laboratory Method","","[38052776]"
180434,"180434.127","Morganella morganii subsp. morganii JBCBAAC-19-0071","cefepime","","<=1","<=","1","mg/L","MIC","","","Beckman Coulter Inc","CLSI",2021,"","","","Laboratory Method","","[38052776]"
180434,"180434.92","Morganella morganii subsp. morganii JBABAIF-19-0010","cefozopran","","<=1","<=","1","mg/L","MIC","","","Beckman Coulter Inc","CLSI",2021,"","","","Laboratory Method","","[38052776]"
180434,"180434.110","Morganella morganii subsp. morganii JBCHACG-19-0354","cefotaxime/clavulanic acid","","2","","2","mg/L","MIC","","","Beckman Coulter Inc","CLSI",2021,"","","","Laboratory Method","","[38052776]"
180434,"180434.104","Morganella morganii subsp. morganii JBCDAFI-19-0045","colistin","",">8",">","8","mg/L","MIC","","","Beckman Coulter Inc","CLSI",2021,"","","","Laboratory Method","","[38052776]"
180434,"180434.113","Morganella morganii subsp. morganii JBCHACG-19-0244","aztreonam","","<=1","<=","1","mg/L","MIC","","","Beckman Coulter Inc","CLSI",2021,"","","","Laboratory Method","","[38052776]"
180434,"180434.125","Morganella morganii subsp. morganii JBDGAAB-19-0069","ceftazidime","","<=1","<=","1","mg/L","MIC","","","Beckman Coulter Inc","CLSI",2021,"","","","Laboratory Method","","[38052776]"
180434,"180434.127","Morganella morganii subsp. morganii JBCBAAC-19-0071","gentamicin","","<=1","<=","1","mg/L","MIC","","","Beckman Coulter Inc","CLSI",2021,"","","","Laboratory Method","","[38052776]"
180434,"180434.118","Morganella morganii subsp. morganii JBCHACG-19-0407","cefmetazole","","4","","4","mg/L","MIC","","","Beckman Coulter Inc","CLSI",2021,"","","","Laboratory Method","","[38052776]"
180434,"180434.107","Morganella morganii subsp. morganii JBCDAFI-19-0024","cefotetan","","<=1","<=","1","mg/L","MIC","","","Beckman Coulter Inc","CLSI",2021,"","","","Laboratory Method","","[38052776]"
180434,"180434.95","Morganella morganii subsp. morganii JBAFAAB-19-0019","fosfomycin","",">16",">","16","mg/L","MIC","","","Beckman Coulter Inc","CLSI",2021,"","","","Laboratory Method","","[38052776]"
180434,"180434.105","Morganella morganii subsp. morganii JBCDAFI-19-0031","cefpodoxime","","64","","64","mg/L","MIC","","","Beckman Coulter Inc","CLSI",2021,"","","","Laboratory Method","","[38052776]"
180434,"180434.114","Morganella morganii subsp. morganii JBCHACG-19-0262","imipenem","","4","","4","mg/L","MIC","","","Beckman Coulter Inc","CLSI",2021,"","","","Laboratory Method","","[38052776]"
180434,"180434.101","Morganella morganii subsp. morganii JBCBAAC-19-0077","cefepime","","<=1","<=","1","mg/L","MIC","","","Beckman Coulter Inc","CLSI",2021,"","","","Laboratory Method","","[38052776]"
180434,"180434.125","Morganella morganii subsp. morganii JBDGAAB-19-0069","chloramphenicol","","<=8","<=","8","mg/L","MIC","","","Beckman Coulter Inc","CLSI",2021,"","","","Laboratory Method","","[38052776]"
180434,"180434.96","Morganella morganii subsp. morganii JBAFAAB-19-0038","levofloxacin","","<=0.5","<=","0.5","mg/L","MIC","","","Beckman Coulter Inc","CLSI",2021,"","","","Laboratory Method","","[38052776]"
180434,"180434.94","Morganella morganii subsp. morganii JBABAIF-19-0033","cefepime","","<=1","<=","1","mg/L","MIC","","","Beckman Coulter Inc","CLSI",2021,"","","","Laboratory Method","","[38052776]"
180434,"180434.116","Morganella morganii subsp. morganii JBCHACG-19-0278","doripenem","","<=0.5","<=","0.5","mg/L","MIC","","","Beckman Coulter Inc","CLSI",2021,"","","","Laboratory Method","","[38052776]"
180434,"180434.130","Morganella morganii subsp. morganii JBDGAAB-19-0120","cefuroxime","","8","","8","mg/L","MIC","","","Beckman Coulter Inc","CLSI",2021,"","","","Laboratory Method","","[38052776]"
180434,"180434.96","Morganella morganii subsp. morganii JBAFAAB-19-0038","ampicillin/sulbactam","","32/16","","32/16","mg/L","MIC","","","Beckman Coulter Inc","CLSI",2021,"","","","Laboratory Method","","[38052776]"
180434,"180434.90","Morganella morganii subsp. morganii JBABAHA-19-0024","cefpodoxime","","16","","16","mg/L","MIC","","","Beckman Coulter Inc","CLSI",2021,"","","","Laboratory Method","","[38052776]"
180434,"180434.103","Morganella morganii subsp. morganii JBCDAFI-19-0007","meropenem","","<=0.5","<=","0.5","mg/L","MIC","","","Beckman Coulter Inc","CLSI",2021,"","","","Laboratory Method","","[38052776]"
180434,"180434.126","Morganella morganii subsp. morganii JBDGAAB-19-0096","fosfomycin","",">16",">","16","mg/L","MIC","","","Beckman Coulter Inc","CLSI",2021,"","","","Laboratory Method","","[38052776]"
180434,"180434.120","Morganella morganii subsp. morganii JBDEABG-19-0196","tigecycline","","1","","1","mg/L","MIC","","","Beckman Coulter Inc","CLSI",2021,"","","","Laboratory Method","","[38052776]"
180434,"180434.115","Morganella morganii subsp. morganii JBCHACG-19-0281","cefepime","","<=1","<=","1","mg/L","MIC","","","Beckman Coulter Inc","CLSI",2021,"","","","Laboratory Method","","[38052776]"
180434,"180434.98","Morganella morganii subsp. morganii JBAGAAD-19-0139","chloramphenicol","",">16",">","16","mg/L","MIC","","","Beckman Coulter Inc","CLSI",2021,"","","","Laboratory Method","","[38052776]"
180434,"180434.114","Morganella morganii subsp. morganii JBCHACG-19-0262","fosfomycin","","16","","16","mg/L","MIC","","","Beckman Coulter Inc","CLSI",2021,"","","","Laboratory Method","","[38052776]"
180434,"180434.106","Morganella morganii subsp. morganii JBCDAFI-19-0033","tigecycline","","1","","1","mg/L","MIC","","","Beckman Coulter Inc","CLSI",2021,"","","","Laboratory Method","","[38052776]"
180434,"180434.103","Morganella morganii subsp. morganii JBCDAFI-19-0007","doripenem","","<=0.5","<=","0.5","mg/L","MIC","","","Beckman Coulter Inc","CLSI",2021,"","","","Laboratory Method","","[38052776]"
180434,"180434.121","Morganella morganii subsp. morganii JBDEABG-19-0366","cefotetan","","4","","4","mg/L","MIC","","","Beckman Coulter Inc","CLSI",2021,"","","","Laboratory Method","","[38052776]"
180434,"180434.114","Morganella morganii subsp. morganii JBCHACG-19-0262","ceftazidime/clavulanic acid","","4","","4","mg/L","MIC","","","Beckman Coulter Inc","CLSI",2021,"","","","Laboratory Method","","[38052776]"
180434,"180434.127","Morganella morganii subsp. morganii JBCBAAC-19-0071","cefpodoxime","","64","","64","mg/L","MIC","","","Beckman Coulter Inc","CLSI",2021,"","","","Laboratory Method","","[38052776]"
180434,"180434.126","Morganella morganii subsp. morganii JBDGAAB-19-0096","chloramphenicol","","<=8","<=","8","mg/L","MIC","","","Beckman Coulter Inc","CLSI",2021,"","","","Laboratory Method","","[38052776]"
180434,"180434.117","Morganella morganii subsp. morganii JBCHACG-19-0294","ampicillin/sulbactam","","32/16","","32/16","mg/L","MIC","","","Beckman Coulter Inc","CLSI",2021,"","","","Laboratory Method","","[38052776]"
180434,"180434.121","Morganella morganii subsp. morganii JBDEABG-19-0366","imipenem","","4","","4","mg/L","MIC","","","Beckman Coulter Inc","CLSI",2021,"","","","Laboratory Method","","[38052776]"
180434,"180434.117","Morganella morganii subsp. morganii JBCHACG-19-0294","tigecycline","","2","","2","mg/L","MIC","","","Beckman Coulter Inc","CLSI",2021,"","","","Laboratory Method","","[38052776]"
180434,"180434.131","Morganella morganii subsp. morganii JBEAAAD-19-0164","piperacillin/tazobactam","","<=4","<=","4","mg/L","MIC","","","Beckman Coulter Inc","CLSI",2021,"","","","Laboratory Method","","[38052776]"
180434,"180434.129","Morganella morganii subsp. morganii JBDGAAB-19-0119","cefotetan","","<=1","<=","1","mg/L","MIC","","","Beckman Coulter Inc","CLSI",2021,"","","","Laboratory Method","","[38052776]"
180434,"180434.111","Morganella morganii subsp. morganii JBCHACG-19-0210","aztreonam","","<=1","<=","1","mg/L","MIC","","","Beckman Coulter Inc","CLSI",2021,"","","","Laboratory Method","","[38052776]"
180434,"180434.90","Morganella morganii subsp. morganii JBABAHA-19-0024","imipenem","","4","","4","mg/L","MIC","","","Beckman Coulter Inc","CLSI",2021,"","","","Laboratory Method","","[38052776]"
180434,"180434.124","Morganella morganii subsp. morganii JBDGAAB-19-0042","cefuroxime","",">32",">","32","mg/L","MIC","","","Beckman Coulter Inc","CLSI",2021,"","","","Laboratory Method","","[38052776]"
180434,"180434.104","Morganella morganii subsp. morganii JBCDAFI-19-0045","ceftazidime","","2","","2","mg/L","MIC","","","Beckman Coulter Inc","CLSI",2021,"","","","Laboratory Method","","[38052776]"
180434,"180434.118","Morganella morganii subsp. morganii JBCHACG-19-0407","fosfomycin","",">16",">","16","mg/L","MIC","","","Beckman Coulter Inc","CLSI",2021,"","","","Laboratory Method","","[38052776]"
180434,"180434.131","Morganella morganii subsp. morganii JBEAAAD-19-0164","cefotetan","","2","","2","mg/L","MIC","","","Beckman Coulter Inc","CLSI",2021,"","","","Laboratory Method","","[38052776]"
180434,"180434.95","Morganella morganii subsp. morganii JBAFAAB-19-0019","doripenem","","<=0.5","<=","0.5","mg/L","MIC","","","Beckman Coulter Inc","CLSI",2021,"","","","Laboratory Method","","[38052776]"
180434,"180434.106","Morganella morganii subsp. morganii JBCDAFI-19-0033","ciprofloxacin","","<=0.25","<=","0.25","mg/L","MIC","","","Beckman Coulter Inc","CLSI",2021,"","","","Laboratory Method","","[38052776]"
180434,"180434.122","Morganella morganii subsp. morganii JBDEABG-19-0368","cefotaxime/clavulanic acid","","4","","4","mg/L","MIC","","","Beckman Coulter Inc","CLSI",2021,"","","","Laboratory Method","","[38052776]"
180434,"180434.108","Morganella morganii subsp. morganii JBCDAFI-19-0021","minocycline","","2","","2","mg/L","MIC","","","Beckman Coulter Inc","CLSI",2021,"","","","Laboratory Method","","[38052776]"
180434,"180434.91","Morganella morganii subsp. morganii JBABAIF-19-0002","cefoperazone/sulbactam","","<=8/4","<=","8/4","mg/L","MIC","","","Beckman Coulter Inc","CLSI",2021,"","","","Laboratory Method","","[38052776]"
180434,"180434.124","Morganella morganii subsp. morganii JBDGAAB-19-0042","tigecycline","","1","","1","mg/L","MIC","","","Beckman Coulter Inc","CLSI",2021,"","","","Laboratory Method","","[38052776]"
180434,"180434.124","Morganella morganii subsp. morganii JBDGAAB-19-0042","cefepime","","<=1","<=","1","mg/L","MIC","","","Beckman Coulter Inc","CLSI",2021,"","","","Laboratory Method","","[38052776]"
180434,"180434.128","Morganella morganii subsp. morganii JBDGAAB-19-0043","tobramycin","","<=1","<=","1","mg/L","MIC","","","Beckman Coulter Inc","CLSI",2021,"","","","Laboratory Method","","[38052776]"
180434,"180434.111","Morganella morganii subsp. morganii JBCHACG-19-0210","piperacillin","",">64",">","64","mg/L","MIC","","","Beckman Coulter Inc","CLSI",2021,"","","","Laboratory Method","","[38052776]"
180434,"180434.122","Morganella morganii subsp. morganii JBDEABG-19-0368","ceftriaxone","","<=0.5","<=","0.5","mg/L","MIC","","","Beckman Coulter Inc","CLSI",2021,"","","","Laboratory Method","","[38052776]"
180434,"180434.118","Morganella morganii subsp. morganii JBCHACG-19-0407","ceftazidime/clavulanic acid","","32","","32","mg/L","MIC","","","Beckman Coulter Inc","CLSI",2021,"","","","Laboratory Method","","[38052776]"
180434,"180434.129","Morganella morganii subsp. morganii JBDGAAB-19-0119","cefepime","","<=1","<=","1","mg/L","MIC","","","Beckman Coulter Inc","CLSI",2021,"","","","Laboratory Method","","[38052776]"
180434,"180434.127","Morganella morganii subsp. morganii JBCBAAC-19-0071","cefozopran","","<=1","<=","1","mg/L","MIC","","","Beckman Coulter Inc","CLSI",2021,"","","","Laboratory Method","","[38052776]"
180434,"180434.91","Morganella morganii subsp. morganii JBABAIF-19-0002","ceftriaxone","","1","","1","mg/L","MIC","","","Beckman Coulter Inc","CLSI",2021,"","","","Laboratory Method","","[38052776]"
180434,"180434.126","Morganella morganii subsp. morganii JBDGAAB-19-0096","aztreonam","","<=1","<=","1","mg/L","MIC","","","Beckman Coulter Inc","CLSI",2021,"","","","Laboratory Method","","[38052776]"
180434,"180434.131","Morganella morganii subsp. morganii JBEAAAD-19-0164","cefepime","","<=1","<=","1","mg/L","MIC","","","Beckman Coulter Inc","CLSI",2021,"","","","Laboratory Method","","[38052776]"
180434,"180434.131","Morganella morganii subsp. morganii JBEAAAD-19-0164","cefmetazole","","4","","4","mg/L","MIC","","","Beckman Coulter Inc","CLSI",2021,"","","","Laboratory Method","","[38052776]"
180434,"180434.94","Morganella morganii subsp. morganii JBABAIF-19-0033","cefmetazole","","4","","4","mg/L","MIC","","","Beckman Coulter Inc","CLSI",2021,"","","","Laboratory Method","","[38052776]"
180434,"180434.92","Morganella morganii subsp. morganii JBABAIF-19-0010","cefotaxime/clavulanic acid","","4","","4","mg/L","MIC","","","Beckman Coulter Inc","CLSI",2021,"","","","Laboratory Method","","[38052776]"
180434,"180434.91","Morganella morganii subsp. morganii JBABAIF-19-0002","cefotetan","","<=1","<=","1","mg/L","MIC","","","Beckman Coulter Inc","CLSI",2021,"","","","Laboratory Method","","[38052776]"
180434,"180434.102","Morganella morganii subsp. morganii JBCDAFI-19-0010","meropenem","","1","","1","mg/L","MIC","","","Beckman Coulter Inc","CLSI",2021,"","","","Laboratory Method","","[38052776]"
180434,"180434.101","Morganella morganii subsp. morganii JBCBAAC-19-0077","levofloxacin","","<=0.5","<=","0.5","mg/L","MIC","","","Beckman Coulter Inc","CLSI",2021,"","","","Laboratory Method","","[38052776]"
180434,"180434.108","Morganella morganii subsp. morganii JBCDAFI-19-0021","tigecycline","","2","","2","mg/L","MIC","","","Beckman Coulter Inc","CLSI",2021,"","","","Laboratory Method","","[38052776]"
180434,"180434.92","Morganella morganii subsp. morganii JBABAIF-19-0010","aztreonam","","<=1","<=","1","mg/L","MIC","","","Beckman Coulter Inc","CLSI",2021,"","","","Laboratory Method","","[38052776]"
180434,"180434.95","Morganella morganii subsp. morganii JBAFAAB-19-0019","tigecycline","","2","","2","mg/L","MIC","","","Beckman Coulter Inc","CLSI",2021,"","","","Laboratory Method","","[38052776]"
180434,"180434.116","Morganella morganii subsp. morganii JBCHACG-19-0278","tigecycline","","2","","2","mg/L","MIC","","","Beckman Coulter Inc","CLSI",2021,"","","","Laboratory Method","","[38052776]"
